award_node_idx,true_id,pred_id,true_label,pred_label,eval_split,prob_0,prob_1
11984,1,1,1,1,train,0.48853600025177,0.5114639401435852
12047,1,1,1,1,train,0.3471890389919281,0.6528109908103943
12115,1,1,1,1,train,0.4197309911251068,0.5802690386772156
12136,1,1,1,1,train,0.3208693265914917,0.6791306138038635
12140,1,0,1,0,train,0.5535886883735657,0.44641128182411194
12160,1,1,1,1,train,0.4142647385597229,0.5857353210449219
12166,1,1,1,1,train,0.27476704120635986,0.7252329587936401
12167,1,1,1,1,train,0.22469381988048553,0.7753061652183533
12183,1,1,1,1,train,0.28690454363822937,0.7130954265594482
12184,1,1,1,1,train,0.28813686966896057,0.7118631601333618
12186,1,1,1,1,train,0.33432382345199585,0.6656762361526489
12324,1,1,1,1,train,0.3239288628101349,0.6760711073875427
12362,0,0,0,0,train,0.5531864166259766,0.4468136429786682
12394,1,1,1,1,train,0.33303824067115784,0.666961669921875
12402,0,0,0,0,train,0.5659820437431335,0.43401798605918884
12404,1,1,1,1,train,0.44550150632858276,0.5544984340667725
12409,1,1,1,1,train,0.33244916796684265,0.6675508618354797
12440,1,1,1,1,train,0.35182374715805054,0.6481762528419495
12442,1,1,1,1,train,0.4089241623878479,0.5910757780075073
12444,0,1,0,1,train,0.4114891290664673,0.5885108709335327
12445,1,1,1,1,train,0.41117584705352783,0.5888241529464722
12448,0,1,0,1,train,0.3547874391078949,0.6452125906944275
12453,0,1,0,1,train,0.44121411442756653,0.5587859153747559
12488,1,1,1,1,train,0.4024915099143982,0.5975084900856018
12528,0,1,0,1,train,0.36756208539009094,0.6324378848075867
12529,0,1,0,1,train,0.23841750621795654,0.7615824937820435
12608,1,1,1,1,train,0.28561824560165405,0.7143816947937012
12610,0,0,0,0,train,0.526170551776886,0.4738294184207916
12626,1,1,1,1,train,0.45270687341690063,0.5472931861877441
12629,1,1,1,1,train,0.45739054679870605,0.542609453201294
12641,0,1,0,1,train,0.4118887484073639,0.5881112217903137
12693,0,1,0,1,train,0.37199679017066956,0.6280031800270081
12747,1,1,1,1,train,0.45311209559440613,0.5468879342079163
12771,1,1,1,1,train,0.34145671129226685,0.6585433483123779
12812,1,1,1,1,train,0.2845582664012909,0.7154417634010315
12830,1,1,1,1,train,0.25497502088546753,0.7450249791145325
12832,1,1,1,1,train,0.3536251187324524,0.6463748812675476
12856,1,1,1,1,train,0.2993323504924774,0.700667679309845
12857,1,1,1,1,train,0.3354577422142029,0.6645423173904419
12897,0,1,0,1,train,0.25002938508987427,0.7499706149101257
12914,0,1,0,1,train,0.29718878865242004,0.7028112411499023
12921,0,0,0,0,train,0.5322961211204529,0.4677039384841919
12922,0,0,0,0,train,0.5557659864425659,0.4442339837551117
12941,1,1,1,1,train,0.49735909700393677,0.5026409029960632
12946,1,1,1,1,train,0.4644071161746979,0.5355929136276245
12965,1,1,1,1,train,0.449339896440506,0.5506600737571716
12979,1,1,1,1,train,0.30192017555236816,0.6980798244476318
12995,1,1,1,1,train,0.38008934259414673,0.619910717010498
13089,0,1,0,1,train,0.3979094922542572,0.6020905375480652
13108,0,1,0,1,train,0.2751272916793823,0.7248727083206177
13133,1,1,1,1,train,0.22351166605949402,0.7764883041381836
13146,0,1,0,1,train,0.48816007375717163,0.5118399858474731
13168,1,1,1,1,train,0.4951072931289673,0.5048927068710327
13176,1,1,1,1,train,0.4465104043483734,0.553489625453949
13177,1,1,1,1,train,0.4037501811981201,0.5962498188018799
13223,0,1,0,1,train,0.2918066084384918,0.7081933617591858
13229,0,1,0,1,train,0.2260807752609253,0.7739192247390747
13236,1,1,1,1,train,0.43866294622421265,0.5613370537757874
13237,1,1,1,1,train,0.40224769711494446,0.5977523326873779
13249,1,1,1,1,train,0.366285502910614,0.633714497089386
13254,1,1,1,1,train,0.24946250021457672,0.7505374550819397
13356,1,1,1,1,train,0.3394774794578552,0.6605225205421448
13367,1,1,1,1,train,0.22971896827220917,0.7702810764312744
13385,1,1,1,1,train,0.2708466947078705,0.7291532754898071
13386,1,1,1,1,train,0.4219660758972168,0.5780339241027832
13387,1,1,1,1,train,0.4329363703727722,0.5670636296272278
13390,1,1,1,1,train,0.31826886534690857,0.681731104850769
13391,1,1,1,1,train,0.4355505406856537,0.5644494295120239
13393,1,1,1,1,train,0.2980617582798004,0.7019382119178772
13402,1,1,1,1,train,0.3131380081176758,0.6868619918823242
13403,1,1,1,1,train,0.3544538617134094,0.6455460786819458
13449,1,1,1,1,train,0.2646538019180298,0.7353461980819702
13450,1,1,1,1,train,0.40279391407966614,0.5972060561180115
13453,1,1,1,1,train,0.40017378330230713,0.5998262166976929
13454,1,1,1,1,train,0.4035842716693878,0.5964157581329346
13473,1,1,1,1,train,0.4231695830821991,0.5768305063247681
13498,1,1,1,1,train,0.3992297053337097,0.6007702946662903
13499,0,1,0,1,train,0.4479924738407135,0.5520075559616089
13504,0,1,0,1,train,0.4543944299221039,0.5456055402755737
13506,1,1,1,1,train,0.29239603877067566,0.707603931427002
13518,1,1,1,1,train,0.3703797161579132,0.6296203136444092
13524,1,1,1,1,train,0.367584764957428,0.6324151754379272
13531,1,1,1,1,train,0.20355717837810516,0.7964428067207336
13532,1,1,1,1,train,0.19284678995609283,0.8071532249450684
13543,1,1,1,1,train,0.19770678877830505,0.8022932410240173
13544,1,1,1,1,train,0.3767019212245941,0.6232981085777283
13579,1,1,1,1,train,0.4416544735431671,0.5583454966545105
13630,1,1,1,1,train,0.3386688530445099,0.6613311767578125
13666,1,1,1,1,train,0.4818469285964966,0.5181530117988586
13669,0,1,0,1,train,0.2815190553665161,0.7184809446334839
13708,1,1,1,1,train,0.1867159754037857,0.8132839798927307
13714,1,1,1,1,train,0.43018385767936707,0.5698161125183105
13747,1,1,1,1,train,0.23042288422584534,0.769577145576477
13757,1,1,1,1,train,0.3283051550388336,0.671694815158844
13799,1,1,1,1,train,0.48703664541244507,0.5129633545875549
13820,1,1,1,1,train,0.2581143081188202,0.7418856620788574
13847,1,1,1,1,train,0.47452545166015625,0.5254745483398438
13890,1,1,1,1,train,0.4968274235725403,0.5031726360321045
13914,1,1,1,1,train,0.24879953265190125,0.7512004375457764
13922,1,1,1,1,train,0.23898115754127502,0.7610188722610474
13944,0,1,0,1,train,0.41620877385139465,0.583791196346283
13965,1,1,1,1,train,0.45018070936203003,0.54981929063797
13967,1,1,1,1,train,0.4501315951347351,0.5498684048652649
13982,1,1,1,1,train,0.4932367503643036,0.5067632794380188
13983,1,1,1,1,train,0.4531499147415161,0.5468500852584839
13984,1,1,1,1,train,0.4531761407852173,0.5468239188194275
14013,1,1,1,1,train,0.4918505549430847,0.5081495046615601
14019,1,1,1,1,train,0.4699815809726715,0.5300184488296509
14033,1,1,1,1,train,0.4917902946472168,0.5082097053527832
14034,0,1,0,1,train,0.49523037672042847,0.5047696232795715
14059,1,1,1,1,train,0.27662426233291626,0.7233757376670837
14067,1,1,1,1,train,0.31284114718437195,0.6871588230133057
14105,0,1,0,1,train,0.2543739378452301,0.7456260919570923
14122,0,0,0,0,train,0.5041713118553162,0.4958287477493286
14128,0,1,0,1,train,0.3205089569091797,0.6794909834861755
14158,0,0,0,0,train,0.5310293436050415,0.4689706861972809
14163,1,1,1,1,train,0.43037617206573486,0.5696238279342651
14221,1,1,1,1,train,0.34296301007270813,0.6570369601249695
14222,0,0,0,0,train,0.5835559368133545,0.4164441227912903
14223,1,1,1,1,train,0.34653905034065247,0.6534609794616699
14234,1,1,1,1,train,0.3592558205127716,0.640744149684906
14249,1,1,1,1,train,0.40119823813438416,0.5988017916679382
14259,0,0,0,0,train,0.5203324556350708,0.4796675145626068
14268,1,1,1,1,train,0.4560363292694092,0.5439637303352356
14280,1,1,1,1,train,0.24374525249004364,0.7562547922134399
14282,1,1,1,1,train,0.3357710540294647,0.6642289757728577
14288,0,1,0,1,train,0.23140187561511993,0.7685981392860413
14311,1,1,1,1,train,0.29596513509750366,0.7040348649024963
14314,0,1,0,1,train,0.32570719718933105,0.6742927432060242
14352,1,1,1,1,train,0.29572805762290955,0.7042719125747681
14366,0,1,0,1,train,0.31234949827194214,0.6876505017280579
14373,1,0,1,0,train,0.5424973368644714,0.4575026035308838
14384,1,1,1,1,train,0.4164136052131653,0.5835863947868347
14404,1,1,1,1,train,0.3416781723499298,0.6583218574523926
14431,1,0,1,0,train,0.5266909003257751,0.47330912947654724
14480,0,0,0,0,train,0.5436804294586182,0.45631957054138184
14576,1,1,1,1,train,0.3181592524051666,0.681840717792511
14590,1,1,1,1,train,0.3340716063976288,0.6659283638000488
14598,0,0,0,0,train,0.5721093416213989,0.4278905987739563
14599,1,1,1,1,train,0.39855697751045227,0.6014429926872253
14651,1,1,1,1,train,0.3689812123775482,0.6310188174247742
14655,1,1,1,1,train,0.3391059637069702,0.660893976688385
14669,1,1,1,1,train,0.37327685952186584,0.6267231702804565
14674,1,1,1,1,train,0.28466346859931946,0.7153365015983582
14676,1,1,1,1,train,0.3834483325481415,0.6165516972541809
14677,1,1,1,1,train,0.2891128659248352,0.7108871340751648
14694,1,1,1,1,train,0.21574069559574127,0.7842592597007751
14707,1,1,1,1,train,0.35307997465133667,0.6469200253486633
14710,1,1,1,1,train,0.4659423828125,0.5340576767921448
14712,1,1,1,1,train,0.4627501368522644,0.5372498631477356
14715,1,1,1,1,train,0.4761756360530853,0.5238243341445923
14739,1,1,1,1,train,0.346782386302948,0.6532176733016968
14752,1,1,1,1,train,0.22410859167575836,0.7758914232254028
14753,1,1,1,1,train,0.20220379531383514,0.7977962493896484
14754,1,1,1,1,train,0.22931386530399323,0.770686149597168
14827,1,0,1,0,train,0.5217524766921997,0.4782474935054779
14835,1,1,1,1,train,0.17231351137161255,0.8276865482330322
14841,0,0,0,0,train,0.5775922536849976,0.42240774631500244
14848,0,0,0,0,train,0.5917370915412903,0.4082629084587097
14862,0,1,0,1,train,0.3927680552005768,0.6072319149971008
14871,1,0,1,0,train,0.5257688164710999,0.47423115372657776
14873,0,0,0,0,train,0.5012820363044739,0.4987179636955261
14875,0,0,0,0,train,0.5675706267356873,0.43242931365966797
14888,0,1,0,1,train,0.24371379613876343,0.7562862038612366
14894,0,1,0,1,train,0.35514912009239197,0.6448509097099304
14904,1,1,1,1,train,0.23914937674999237,0.7608506083488464
14910,1,1,1,1,train,0.23138144612312317,0.7686185836791992
14913,1,1,1,1,train,0.43849825859069824,0.5615018010139465
14917,0,1,0,1,train,0.24282477796077728,0.7571752071380615
14930,0,1,0,1,train,0.39071688055992126,0.6092830896377563
14939,0,1,0,1,train,0.4277310371398926,0.5722689628601074
14941,0,1,0,1,train,0.32200559973716736,0.677994430065155
14949,0,1,0,1,train,0.2597922086715698,0.740207850933075
14953,1,1,1,1,train,0.4462507367134094,0.5537492632865906
14956,0,0,0,0,train,0.5150384902954102,0.48496153950691223
14962,1,1,1,1,train,0.46430322527885437,0.535696804523468
14963,1,1,1,1,train,0.2969529330730438,0.7030470371246338
15013,1,1,1,1,train,0.21860334277153015,0.7813966274261475
15022,0,1,0,1,train,0.2283502072095871,0.7716497778892517
15026,0,1,0,1,train,0.25199270248413086,0.7480072379112244
15027,0,0,0,0,train,0.5268625617027283,0.47313737869262695
15030,1,1,1,1,train,0.23853334784507751,0.7614666819572449
15074,1,1,1,1,train,0.46960335969924927,0.5303966403007507
15097,1,0,1,0,train,0.5006626844406128,0.4993372857570648
15116,0,1,0,1,train,0.28601154685020447,0.7139884233474731
15122,0,1,0,1,train,0.4939002990722656,0.5060996413230896
15141,1,1,1,1,train,0.4127303659915924,0.58726966381073
15148,1,1,1,1,train,0.27700933814048767,0.7229906916618347
15163,1,1,1,1,train,0.4338185787200928,0.566181480884552
15177,1,1,1,1,train,0.41963472962379456,0.5803653001785278
15183,1,1,1,1,train,0.2198847383260727,0.7801152467727661
15192,1,1,1,1,train,0.25307273864746094,0.7469272017478943
15193,1,1,1,1,train,0.25575196743011475,0.7442480325698853
15202,1,1,1,1,train,0.3328793942928314,0.667120635509491
15210,1,1,1,1,train,0.3123307526111603,0.6876692771911621
15231,1,1,1,1,train,0.2266443967819214,0.7733555436134338
15238,0,1,0,1,train,0.31167566776275635,0.6883243322372437
15243,1,1,1,1,train,0.21693502366542816,0.7830650210380554
15269,1,1,1,1,train,0.49721506237983704,0.5027849078178406
15279,1,1,1,1,train,0.32235872745513916,0.6776412725448608
15307,1,1,1,1,train,0.2521592676639557,0.7478407025337219
15320,1,1,1,1,train,0.32413482666015625,0.6758651733398438
15343,1,1,1,1,train,0.24391339719295502,0.7560865879058838
15353,1,1,1,1,train,0.34814000129699707,0.6518599987030029
15354,0,0,0,0,train,0.5874614119529724,0.41253864765167236
15384,1,1,1,1,train,0.4791053533554077,0.5208947062492371
15402,1,1,1,1,train,0.2854197025299072,0.7145802974700928
15426,1,0,1,0,train,0.5035475492477417,0.4964524805545807
15427,1,1,1,1,train,0.4210302531719208,0.5789697170257568
15431,1,1,1,1,train,0.420833021402359,0.5791669487953186
15438,1,1,1,1,train,0.26514387130737305,0.7348561882972717
15439,1,1,1,1,train,0.1842150241136551,0.8157849907875061
15445,1,1,1,1,train,0.4925752580165863,0.5074247717857361
15456,1,1,1,1,train,0.22369720041751862,0.7763027548789978
15463,1,1,1,1,train,0.29291048645973206,0.7070894241333008
15469,0,1,0,1,train,0.4864194989204407,0.5135805010795593
15476,1,1,1,1,train,0.36435553431510925,0.6356444954872131
15480,1,1,1,1,train,0.4729095995426178,0.5270904302597046
15482,1,1,1,1,train,0.44261860847473145,0.5573813915252686
15514,0,0,0,0,train,0.5367915630340576,0.46320849657058716
15522,0,0,0,0,train,0.5323401689529419,0.4676598906517029
15541,0,1,0,1,train,0.28364065289497375,0.7163593173027039
15544,1,1,1,1,train,0.4643045663833618,0.535695493221283
15596,1,1,1,1,train,0.23929932713508606,0.7607006430625916
15635,1,1,1,1,train,0.35466670989990234,0.6453332901000977
15677,1,0,1,0,train,0.501580536365509,0.49841952323913574
15702,1,0,1,0,train,0.5151801109313965,0.48481982946395874
15703,1,0,1,0,train,0.5416378974914551,0.4583621621131897
15704,1,0,1,0,train,0.5168207287788391,0.4831792414188385
15705,1,0,1,0,train,0.5076137185096741,0.49238622188568115
15706,0,0,0,0,train,0.529067873954773,0.4709321856498718
15707,0,0,0,0,train,0.5255261659622192,0.47447386384010315
15708,1,1,1,1,train,0.456346720457077,0.5436532497406006
15709,1,0,1,0,train,0.5319212079048157,0.46807876229286194
15710,1,1,1,1,train,0.4915190637111664,0.5084809064865112
15711,0,0,0,0,train,0.5247094035148621,0.4752906262874603
15712,1,0,1,0,train,0.506460428237915,0.49353963136672974
15713,1,0,1,0,train,0.5086209774017334,0.491379052400589
15714,1,1,1,1,train,0.4676545560359955,0.5323453545570374
15715,1,1,1,1,train,0.49599573016166687,0.5040042400360107
15720,1,1,1,1,train,0.35555434226989746,0.6444456577301025
15726,0,1,0,1,train,0.4002590477466583,0.5997409820556641
15731,1,1,1,1,train,0.3205418884754181,0.6794580817222595
15837,1,1,1,1,train,0.48398277163505554,0.5160171985626221
15838,1,1,1,1,train,0.49145084619522095,0.508549153804779
15840,1,1,1,1,train,0.48861223459243774,0.5113877654075623
15841,1,1,1,1,train,0.48442554473876953,0.5155743956565857
15868,1,1,1,1,train,0.3399147093296051,0.6600852608680725
15870,1,1,1,1,train,0.19909684360027313,0.8009031414985657
15892,1,1,1,1,train,0.42171770334243774,0.5782822966575623
15928,1,1,1,1,train,0.20450396835803986,0.7954961061477661
15948,1,1,1,1,train,0.2933206558227539,0.7066793441772461
15950,1,1,1,1,train,0.2211388796567917,0.7788611650466919
15955,1,1,1,1,train,0.417692631483078,0.5823073387145996
15957,1,1,1,1,train,0.3924657106399536,0.6075343489646912
15988,1,1,1,1,train,0.27724072337150574,0.7227593660354614
16004,1,1,1,1,train,0.20128582417964935,0.7987142205238342
16026,1,1,1,1,train,0.2902255356311798,0.7097744941711426
16034,1,1,1,1,train,0.39716532826423645,0.6028346419334412
16038,1,1,1,1,train,0.40519627928733826,0.5948037505149841
16040,0,1,0,1,train,0.28216981887817383,0.7178301811218262
16042,1,1,1,1,train,0.2258255034685135,0.7741745114326477
16047,1,1,1,1,train,0.40257975459098816,0.5974202156066895
16049,1,1,1,1,train,0.397859126329422,0.6021408438682556
16055,1,1,1,1,train,0.361652672290802,0.638347327709198
16062,1,1,1,1,train,0.2756292521953583,0.7243706583976746
16065,1,1,1,1,train,0.2349727749824524,0.7650272250175476
16072,1,1,1,1,train,0.2469787448644638,0.753021240234375
16080,1,1,1,1,train,0.45985278487205505,0.5401472449302673
16088,1,1,1,1,train,0.26463839411735535,0.7353615760803223
16107,1,1,1,1,train,0.2157355546951294,0.7842644453048706
16130,1,1,1,1,train,0.279101699590683,0.7208983302116394
16147,1,1,1,1,train,0.16816361248493195,0.831836462020874
16162,1,1,1,1,train,0.2255001813173294,0.7744998335838318
16177,1,1,1,1,train,0.4653419554233551,0.5346580147743225
16203,1,1,1,1,train,0.33178624510765076,0.6682137250900269
16204,1,1,1,1,train,0.28707531094551086,0.7129246592521667
16210,1,1,1,1,train,0.3782408833503723,0.6217591762542725
16211,0,1,0,1,train,0.18442444503307343,0.8155755400657654
16213,1,1,1,1,train,0.40155836939811707,0.5984416007995605
16221,1,1,1,1,train,0.3171335756778717,0.6828663945198059
16231,1,1,1,1,train,0.3756234347820282,0.6243765950202942
16260,0,1,0,1,train,0.3179324269294739,0.6820675134658813
16270,1,1,1,1,train,0.2520196735858917,0.7479802966117859
16275,1,1,1,1,train,0.23469093441963196,0.7653090953826904
16310,1,1,1,1,train,0.2701592445373535,0.7298407554626465
16329,1,1,1,1,train,0.44158685207366943,0.5584130883216858
16368,1,1,1,1,train,0.22397509217262268,0.7760248780250549
16376,0,0,0,0,train,0.5893762707710266,0.41062378883361816
16420,1,1,1,1,train,0.19823706150054932,0.8017629384994507
16423,1,1,1,1,train,0.25942134857177734,0.7405786514282227
16456,1,1,1,1,train,0.26753899455070496,0.7324610352516174
16475,1,1,1,1,train,0.4135691225528717,0.5864309072494507
16480,1,1,1,1,train,0.3221120536327362,0.6778879761695862
16483,0,1,0,1,train,0.4762656092643738,0.5237343311309814
16488,1,1,1,1,train,0.2792564332485199,0.7207435965538025
16489,0,1,0,1,train,0.3438792824745178,0.6561207175254822
16505,0,1,0,1,train,0.4718860983848572,0.5281139016151428
16529,1,1,1,1,train,0.26266005635261536,0.7373399138450623
16573,1,1,1,1,train,0.2255646288394928,0.7744353413581848
16577,1,1,1,1,train,0.30863088369369507,0.6913691163063049
16587,1,1,1,1,train,0.2629859447479248,0.7370139956474304
16591,1,1,1,1,train,0.44584476947784424,0.554155170917511
16622,1,1,1,1,train,0.47040683031082153,0.5295931696891785
16626,0,0,0,0,train,0.5418775081634521,0.458122581243515
16632,1,1,1,1,train,0.44123226404190063,0.5587676763534546
16634,1,1,1,1,train,0.440911203622818,0.5590888261795044
16636,1,1,1,1,train,0.3773648738861084,0.6226351261138916
16637,1,1,1,1,train,0.49365702271461487,0.5063429474830627
16652,0,0,0,0,train,0.5197423100471497,0.48025771975517273
16699,1,0,1,0,train,0.5065605044364929,0.4934394955635071
16707,1,0,1,0,train,0.540866494178772,0.4591335356235504
16708,0,0,0,0,train,0.5613799691200256,0.438620001077652
16712,0,0,0,0,train,0.5888891220092773,0.4111108183860779
16713,1,0,1,0,train,0.5643129348754883,0.4356870651245117
16774,1,1,1,1,train,0.43748071789741516,0.562519371509552
16779,1,1,1,1,train,0.38796180486679077,0.6120381951332092
16789,1,1,1,1,train,0.4783113896846771,0.5216886401176453
16794,0,1,0,1,train,0.4387955069541931,0.5612044334411621
16804,1,1,1,1,train,0.44214585423469543,0.557854175567627
16833,1,1,1,1,train,0.2276592254638672,0.7723407745361328
16842,0,1,0,1,train,0.47378575801849365,0.5262141823768616
16850,1,1,1,1,train,0.41615742444992065,0.5838425755500793
16857,1,1,1,1,train,0.40338796377182007,0.5966119766235352
16859,1,1,1,1,train,0.2788957953453064,0.7211042046546936
16881,1,1,1,1,train,0.3552982211112976,0.6447017788887024
16897,1,1,1,1,train,0.2553342282772064,0.744665801525116
16911,1,1,1,1,train,0.2259363830089569,0.7740636467933655
16925,1,1,1,1,train,0.2506923973560333,0.7493075728416443
16932,1,1,1,1,train,0.242640420794487,0.757359504699707
17005,1,1,1,1,train,0.24604244530200958,0.7539575695991516
17018,1,1,1,1,train,0.26869821548461914,0.7313017845153809
17054,1,1,1,1,train,0.38622814416885376,0.6137718558311462
17056,1,1,1,1,train,0.3722536563873291,0.6277463436126709
17058,1,1,1,1,train,0.26116108894348145,0.7388389110565186
17063,1,1,1,1,train,0.3286932408809662,0.6713067889213562
17086,1,1,1,1,train,0.26628991961479187,0.7337101101875305
17115,1,1,1,1,train,0.1917542815208435,0.8082457184791565
17128,1,1,1,1,train,0.4118705093860626,0.588129460811615
17145,1,1,1,1,train,0.26431331038475037,0.735686719417572
17173,1,1,1,1,train,0.4178522229194641,0.5821478366851807
17175,1,1,1,1,train,0.3138064444065094,0.686193585395813
17177,1,1,1,1,train,0.20255814492702484,0.797441840171814
17180,1,1,1,1,train,0.17177662253379822,0.8282233476638794
17185,1,1,1,1,train,0.40780407190322876,0.5921959280967712
17194,0,1,0,1,train,0.3161010444164276,0.6838989853858948
17195,1,1,1,1,train,0.3287360370159149,0.6712639927864075
17197,1,1,1,1,train,0.2928328812122345,0.7071670293807983
17198,1,1,1,1,train,0.20289228856563568,0.7971076369285583
17210,1,1,1,1,train,0.41449400782585144,0.585506021976471
17264,1,1,1,1,train,0.20776095986366272,0.7922390103340149
17272,0,1,0,1,train,0.2325230985879898,0.7674768567085266
17278,1,1,1,1,train,0.3035588264465332,0.6964412331581116
17279,1,1,1,1,train,0.2887156009674072,0.7112843990325928
17284,1,1,1,1,train,0.24255003035068512,0.7574499249458313
17301,1,1,1,1,train,0.35967791080474854,0.6403221487998962
17315,1,1,1,1,train,0.25462669134140015,0.7453733086585999
17322,1,1,1,1,train,0.4336951971054077,0.5663047432899475
17331,1,1,1,1,train,0.22724378108978271,0.7727562189102173
17338,0,1,0,1,train,0.495414137840271,0.5045858025550842
17339,0,1,0,1,train,0.3686119019985199,0.6313880681991577
17365,1,1,1,1,train,0.42259854078292847,0.5774014592170715
17372,1,1,1,1,train,0.23537956178188324,0.7646204233169556
17389,1,1,1,1,train,0.20161041617393494,0.7983895540237427
17406,1,1,1,1,train,0.22846436500549316,0.7715355753898621
17413,1,1,1,1,train,0.2563954293727875,0.7436046004295349
17425,1,1,1,1,train,0.20882537961006165,0.7911746501922607
17463,1,1,1,1,train,0.23076516389846802,0.7692348957061768
17474,1,1,1,1,train,0.2887047827243805,0.7112951874732971
17493,1,1,1,1,train,0.3330194056034088,0.6669805645942688
17592,1,1,1,1,train,0.25858989357948303,0.7414100766181946
17598,1,1,1,1,train,0.3181653618812561,0.6818346977233887
17599,1,1,1,1,train,0.47476303577423096,0.525236964225769
17603,1,1,1,1,train,0.2738337814807892,0.7261661887168884
17630,1,0,1,0,train,0.5602928400039673,0.4397071897983551
17639,1,1,1,1,train,0.43157824873924255,0.5684217810630798
17658,1,1,1,1,train,0.2644057869911194,0.7355942726135254
17659,1,1,1,1,train,0.2750348150730133,0.7249651551246643
17698,1,1,1,1,train,0.18369275331497192,0.8163073062896729
17720,1,1,1,1,train,0.2222738415002823,0.7777261734008789
17729,1,1,1,1,train,0.3094639182090759,0.6905360817909241
17753,1,1,1,1,train,0.32835355401039124,0.6716464161872864
17759,0,1,0,1,train,0.3602094054222107,0.6397905945777893
17771,0,1,0,1,train,0.3500829339027405,0.6499171257019043
17791,1,1,1,1,train,0.3509407043457031,0.6490592360496521
17793,1,1,1,1,train,0.2407253533601761,0.7592746615409851
17796,1,1,1,1,train,0.35395628213882446,0.6460437178611755
17799,1,1,1,1,train,0.20811493694782257,0.7918850779533386
17801,1,1,1,1,train,0.3504706621170044,0.6495293378829956
17823,1,1,1,1,train,0.45028385519981384,0.5497161746025085
17828,1,1,1,1,train,0.2694489061832428,0.7305510640144348
17847,1,1,1,1,train,0.2677578926086426,0.7322421073913574
17857,1,1,1,1,train,0.2708115577697754,0.7291884422302246
17926,1,1,1,1,train,0.26960092782974243,0.7303990125656128
17939,1,1,1,1,train,0.2664484977722168,0.733551561832428
17946,1,1,1,1,train,0.2852255702018738,0.7147743701934814
17947,1,1,1,1,train,0.3774600327014923,0.6225399971008301
17948,1,1,1,1,train,0.2662821412086487,0.7337178587913513
17963,1,1,1,1,train,0.2800430357456207,0.7199569344520569
17964,1,1,1,1,train,0.24528208374977112,0.7547178864479065
17965,1,1,1,1,train,0.2623947560787201,0.7376052141189575
17967,1,1,1,1,train,0.2906067371368408,0.7093932628631592
17976,1,1,1,1,train,0.2783966660499573,0.721603274345398
17977,1,1,1,1,train,0.33421921730041504,0.6657808423042297
17995,1,1,1,1,train,0.4413045048713684,0.5586954951286316
18000,1,1,1,1,train,0.4354816675186157,0.5645183324813843
18003,1,1,1,1,train,0.2320132702589035,0.7679867744445801
18012,1,1,1,1,train,0.21529832482337952,0.7847016453742981
18053,1,1,1,1,train,0.22194311022758484,0.7780569195747375
18058,1,1,1,1,train,0.25129207968711853,0.7487078905105591
18062,1,1,1,1,train,0.2215496301651001,0.7784504294395447
18069,1,1,1,1,train,0.3023248016834259,0.6976752281188965
18073,1,1,1,1,train,0.3240288197994232,0.6759712100028992
18086,1,1,1,1,train,0.22275489568710327,0.7772451639175415
18087,1,1,1,1,train,0.4324197769165039,0.5675802230834961
18101,1,1,1,1,train,0.17209047079086304,0.827909529209137
18109,1,1,1,1,train,0.4398297667503357,0.5601702332496643
18116,1,1,1,1,train,0.4025002419948578,0.5974997878074646
18120,1,1,1,1,train,0.20307372510433197,0.7969263195991516
18131,1,1,1,1,train,0.21634705364704132,0.7836529016494751
18135,1,1,1,1,train,0.4073909819126129,0.5926089882850647
18153,1,1,1,1,train,0.24531416594982147,0.7546858787536621
18159,1,1,1,1,train,0.20836402475833893,0.7916359901428223
18187,1,1,1,1,train,0.22813795506954193,0.7718620300292969
18202,1,1,1,1,train,0.23146037757396698,0.7685396671295166
18216,1,1,1,1,train,0.20985612273216248,0.7901438474655151
18224,0,0,0,0,train,0.5116777420043945,0.48832228779792786
18268,1,1,1,1,train,0.27765244245529175,0.7223474979400635
18280,1,1,1,1,train,0.281343013048172,0.7186569571495056
18297,1,1,1,1,train,0.2290092557668686,0.770990788936615
18301,1,1,1,1,train,0.44754162430763245,0.5524583458900452
18313,1,1,1,1,train,0.44417810440063477,0.5558218955993652
18315,1,1,1,1,train,0.42024070024490356,0.5797592997550964
18318,1,1,1,1,train,0.30366161465644836,0.6963383555412292
18327,1,1,1,1,train,0.4439876675605774,0.5560123920440674
18328,0,1,0,1,train,0.1821865290403366,0.8178134560585022
18334,1,1,1,1,train,0.4509778618812561,0.5490221381187439
18340,1,1,1,1,train,0.2958088219165802,0.7041911482810974
18342,1,1,1,1,train,0.23682618141174316,0.7631738185882568
18349,1,1,1,1,train,0.25501731038093567,0.7449827194213867
18356,1,1,1,1,train,0.25846993923187256,0.7415300607681274
18357,1,1,1,1,train,0.24975086748600006,0.7502490878105164
18358,1,1,1,1,train,0.24985137581825256,0.750148594379425
18364,1,1,1,1,train,0.38012436032295227,0.6198756098747253
18365,1,1,1,1,train,0.2067214846611023,0.7932785153388977
18366,1,1,1,1,train,0.2811039388179779,0.7188960313796997
18367,1,1,1,1,train,0.3787601590156555,0.6212398409843445
18377,0,1,0,1,train,0.27705225348472595,0.7229477763175964
18391,1,1,1,1,train,0.25599080324172974,0.7440091371536255
18396,1,1,1,1,train,0.25576892495155334,0.7442310452461243
18397,1,1,1,1,train,0.305198073387146,0.694801926612854
18422,1,1,1,1,train,0.4166519343852997,0.5833480358123779
18424,1,1,1,1,train,0.3820508122444153,0.6179491877555847
18425,1,1,1,1,train,0.4127224087715149,0.5872775912284851
18426,1,1,1,1,train,0.37622249126434326,0.6237775683403015
18433,1,1,1,1,train,0.4235893785953522,0.5764106512069702
18448,1,1,1,1,train,0.37458905577659607,0.6254109144210815
18451,1,1,1,1,train,0.38769951462745667,0.612300455570221
18465,1,1,1,1,train,0.20248594880104065,0.797514021396637
18499,0,1,0,1,train,0.36855244636535645,0.6314475536346436
18517,1,1,1,1,train,0.22171767055988312,0.7782823443412781
18570,1,1,1,1,train,0.20644690096378326,0.7935530543327332
18574,1,1,1,1,train,0.2259400635957718,0.7740598917007446
18580,1,1,1,1,train,0.2778463065624237,0.7221536636352539
18587,1,1,1,1,train,0.38711610436439514,0.6128838658332825
18593,1,1,1,1,train,0.38865694403648376,0.6113430261611938
18603,1,1,1,1,train,0.2655012011528015,0.7344987988471985
18607,1,1,1,1,train,0.21975962817668915,0.7802404165267944
18651,1,1,1,1,train,0.2838456630706787,0.7161543369293213
18695,0,1,0,1,train,0.3168173134326935,0.6831826567649841
18748,1,1,1,1,train,0.374591201543808,0.6254087686538696
18769,1,1,1,1,train,0.3770659863948822,0.6229339838027954
18784,1,1,1,1,train,0.2850942015647888,0.714905858039856
18803,1,1,1,1,train,0.2622006833553314,0.7377992868423462
18804,1,1,1,1,train,0.24662652611732483,0.7533735036849976
18809,1,1,1,1,train,0.46547117829322815,0.5345287919044495
18811,1,1,1,1,train,0.2853630781173706,0.7146369218826294
18868,1,1,1,1,train,0.3764811158180237,0.6235189437866211
18872,1,1,1,1,train,0.37789294123649597,0.6221070289611816
18893,1,1,1,1,train,0.25081974267959595,0.749180257320404
18905,1,1,1,1,train,0.25655192136764526,0.74344801902771
18911,1,1,1,1,train,0.4126661717891693,0.5873339176177979
18913,1,1,1,1,train,0.4133637547492981,0.5866362452507019
18917,1,1,1,1,train,0.4126342535018921,0.5873657464981079
18919,1,1,1,1,train,0.20384369790554047,0.7961562275886536
18923,1,1,1,1,train,0.23819585144519806,0.7618041634559631
18924,1,1,1,1,train,0.24822811782360077,0.751771867275238
18930,1,1,1,1,train,0.24831947684288025,0.7516804933547974
18942,1,1,1,1,train,0.3725040853023529,0.6274959444999695
18953,1,1,1,1,train,0.3656412661075592,0.6343587636947632
18962,1,1,1,1,train,0.2345387190580368,0.7654613256454468
18967,0,1,0,1,train,0.3284686505794525,0.6715313196182251
18968,1,1,1,1,train,0.17051121592521667,0.8294887542724609
19013,1,1,1,1,train,0.22756989300251007,0.7724301218986511
19018,1,1,1,1,train,0.2522624433040619,0.7477375268936157
19042,1,1,1,1,train,0.45101282000541687,0.5489871501922607
19071,0,1,0,1,train,0.46692588925361633,0.533074140548706
19090,0,1,0,1,train,0.47926250100135803,0.5207375288009644
19137,0,1,0,1,train,0.4533504545688629,0.5466495156288147
19144,1,1,1,1,train,0.4334355592727661,0.5665644407272339
19157,1,1,1,1,train,0.23652327060699463,0.7634767293930054
19168,0,1,0,1,train,0.3254464268684387,0.6745535731315613
19170,1,1,1,1,train,0.2693518102169037,0.7306481599807739
19188,1,1,1,1,train,0.18472504615783691,0.8152748942375183
19197,1,1,1,1,train,0.37971144914627075,0.620288610458374
19200,1,1,1,1,train,0.3762049973011017,0.6237949728965759
19224,1,1,1,1,train,0.35508283972740173,0.6449171900749207
19241,1,1,1,1,train,0.23022986948490143,0.769770085811615
19244,1,1,1,1,train,0.22353149950504303,0.7764684557914734
19252,1,1,1,1,train,0.1918521672487259,0.8081477880477905
19266,1,1,1,1,train,0.19310620427131653,0.8068937659263611
19271,1,1,1,1,train,0.35079050064086914,0.6492095589637756
19277,1,1,1,1,train,0.30417388677597046,0.6958261728286743
19279,1,1,1,1,train,0.29359760880470276,0.7064023613929749
19281,0,1,0,1,train,0.2779192328453064,0.7220807671546936
19320,0,1,0,1,train,0.19687433540821075,0.8031257390975952
19347,1,1,1,1,train,0.19942060112953186,0.800579309463501
19352,1,1,1,1,train,0.2703513205051422,0.7296487092971802
19362,1,1,1,1,train,0.2853783965110779,0.7146215438842773
19372,1,1,1,1,train,0.25991496443748474,0.7400850653648376
19386,1,1,1,1,train,0.44408440589904785,0.5559155941009521
19393,1,1,1,1,train,0.2087700366973877,0.7912299633026123
19398,1,1,1,1,train,0.2786208391189575,0.7213791608810425
19399,1,1,1,1,train,0.23176605999469757,0.7682339549064636
19402,1,1,1,1,train,0.3612291216850281,0.6387709379196167
19405,1,1,1,1,train,0.253587543964386,0.7464123964309692
19422,1,1,1,1,train,0.23443754017353058,0.7655624747276306
19424,1,1,1,1,train,0.21029482781887054,0.7897051572799683
19443,1,1,1,1,train,0.22261476516723633,0.7773851752281189
19452,1,1,1,1,train,0.29948142170906067,0.7005185484886169
19459,1,1,1,1,train,0.18870380520820618,0.8112962245941162
19466,1,1,1,1,train,0.19714348018169403,0.8028565645217896
19473,1,1,1,1,train,0.22822147607803345,0.7717785835266113
19487,1,1,1,1,train,0.3859298527240753,0.6140701770782471
19488,0,1,0,1,train,0.4531109035015106,0.546889066696167
19522,1,1,1,1,train,0.32990074157714844,0.6700992584228516
19525,0,1,0,1,train,0.2217496633529663,0.7782503366470337
19536,1,1,1,1,train,0.36335283517837524,0.6366471648216248
19555,1,1,1,1,train,0.2993973195552826,0.7006025910377502
19556,1,1,1,1,train,0.3676135540008545,0.6323864459991455
19559,1,1,1,1,train,0.22578348219394684,0.7742165327072144
19561,1,1,1,1,train,0.2386450469493866,0.761354923248291
19564,1,1,1,1,train,0.2097424566745758,0.7902575731277466
19581,1,1,1,1,train,0.4137688875198364,0.5862311720848083
19582,1,1,1,1,train,0.41320642828941345,0.5867936015129089
19583,1,1,1,1,train,0.19730019569396973,0.8026998043060303
19586,1,1,1,1,train,0.4127330780029297,0.5872669219970703
19589,1,1,1,1,train,0.4127596318721771,0.5872403383255005
19597,1,1,1,1,train,0.30431151390075684,0.6956884860992432
19621,1,1,1,1,train,0.398772656917572,0.601227343082428
19622,1,1,1,1,train,0.3992566168308258,0.6007434129714966
19631,1,1,1,1,train,0.395859032869339,0.6041409969329834
19632,1,1,1,1,train,0.26127973198890686,0.7387202382087708
19636,1,1,1,1,train,0.3997327387332916,0.6002672910690308
19644,1,1,1,1,train,0.2024427354335785,0.7975572347640991
19653,1,1,1,1,train,0.22321799397468567,0.7767820358276367
19657,1,1,1,1,train,0.3314515948295593,0.6685484051704407
19706,1,1,1,1,train,0.2047303318977356,0.7952696681022644
19731,1,1,1,1,train,0.4281781315803528,0.5718218684196472
19733,1,1,1,1,train,0.20583166182041168,0.7941683530807495
19745,1,1,1,1,train,0.33545735478401184,0.6645426154136658
19754,1,1,1,1,train,0.2416330873966217,0.7583668828010559
19764,1,1,1,1,train,0.22105573117733002,0.7789442539215088
19766,1,1,1,1,train,0.22353777289390564,0.7764622569084167
19768,1,1,1,1,train,0.19809362292289734,0.801906406879425
19770,1,1,1,1,train,0.1808391511440277,0.8191608190536499
19774,1,1,1,1,train,0.1789008378982544,0.8210991024971008
19785,1,1,1,1,train,0.19133426249027252,0.8086658120155334
19796,1,1,1,1,train,0.41119590401649475,0.5888040661811829
19827,1,1,1,1,train,0.23913274705410004,0.760867178440094
19846,1,1,1,1,train,0.18383680284023285,0.8161631226539612
19870,1,1,1,1,train,0.27645760774612427,0.7235423922538757
19873,1,1,1,1,train,0.21708451211452484,0.7829155325889587
19892,1,1,1,1,train,0.2627117931842804,0.737288236618042
19927,1,1,1,1,train,0.4102267324924469,0.5897732377052307
19928,1,1,1,1,train,0.40590590238571167,0.5940940976142883
19929,1,1,1,1,train,0.29948925971984863,0.7005107402801514
19933,1,1,1,1,train,0.3975740969181061,0.6024259328842163
19936,1,1,1,1,train,0.40631839632987976,0.5936815738677979
19937,1,1,1,1,train,0.437183141708374,0.562816858291626
19978,1,1,1,1,train,0.27330532670021057,0.7266947031021118
19991,1,1,1,1,train,0.20287971198558807,0.797120213508606
19992,1,1,1,1,train,0.4459249675273895,0.5540750622749329
19993,1,1,1,1,train,0.2329024225473404,0.7670975923538208
20000,0,0,0,0,train,0.5118858814239502,0.4881141185760498
20048,1,1,1,1,train,0.43955567479133606,0.5604443550109863
20057,1,1,1,1,train,0.24784214794635773,0.7521578073501587
20094,1,1,1,1,train,0.438289076089859,0.5617108345031738
20108,1,1,1,1,train,0.36641204357147217,0.6335879564285278
20122,1,1,1,1,train,0.3537823259830475,0.6462177634239197
20124,1,1,1,1,train,0.3976778984069824,0.6023221015930176
20127,1,1,1,1,train,0.3685401976108551,0.6314597725868225
20131,0,1,0,1,train,0.3179440498352051,0.6820560097694397
20169,1,1,1,1,train,0.37696054577827454,0.6230394244194031
20175,1,1,1,1,train,0.33591264486312866,0.6640873551368713
20176,0,1,0,1,train,0.411472886800766,0.5885270237922668
20218,1,1,1,1,train,0.2036607712507248,0.796339213848114
20250,0,1,0,1,train,0.2631594240665436,0.7368404865264893
20258,0,1,0,1,train,0.27578866481781006,0.7242113351821899
20264,0,1,0,1,train,0.23522241413593292,0.7647775411605835
20300,1,1,1,1,train,0.3821110427379608,0.6178889274597168
20306,1,1,1,1,train,0.16547651588916779,0.8345235586166382
20308,1,1,1,1,train,0.3841031789779663,0.6158968210220337
20323,1,1,1,1,train,0.3800279498100281,0.6199720501899719
20356,1,1,1,1,train,0.24053624272346497,0.7594637274742126
20358,1,1,1,1,train,0.1548088639974594,0.8451911211013794
20359,1,1,1,1,train,0.21719960868358612,0.7828003764152527
20363,1,1,1,1,train,0.3799121081829071,0.6200878620147705
20364,1,1,1,1,train,0.4130982756614685,0.5869017243385315
20365,1,1,1,1,train,0.41231390833854675,0.5876861214637756
20366,1,1,1,1,train,0.4067750871181488,0.5932249426841736
20371,1,1,1,1,train,0.35803523659706116,0.6419647932052612
20387,1,1,1,1,train,0.4498465061187744,0.5501534938812256
20390,1,1,1,1,train,0.48408347368240356,0.5159165263175964
20466,0,1,0,1,train,0.23110105097293854,0.7688989043235779
20495,1,1,1,1,train,0.2236412614583969,0.7763587236404419
20498,1,1,1,1,train,0.40345820784568787,0.596541702747345
20501,1,1,1,1,train,0.3442009687423706,0.6557990312576294
20511,1,1,1,1,train,0.4557218551635742,0.5442781448364258
20514,1,1,1,1,train,0.20081906020641327,0.7991809844970703
20562,1,1,1,1,train,0.38033387064933777,0.6196660995483398
20579,1,1,1,1,train,0.21916061639785767,0.7808393836021423
20589,1,1,1,1,train,0.24944202601909637,0.7505579590797424
20600,1,1,1,1,train,0.26338595151901245,0.7366140484809875
20619,1,1,1,1,train,0.3375244438648224,0.6624755859375
20632,1,1,1,1,train,0.1858062893152237,0.8141937255859375
20637,0,1,0,1,train,0.22975002229213715,0.7702500224113464
20642,1,1,1,1,train,0.2691117227077484,0.730888307094574
20645,1,1,1,1,train,0.18174780905246735,0.8182522058486938
20647,1,1,1,1,train,0.20921829342842102,0.7907817363739014
20653,1,1,1,1,train,0.4128109812736511,0.5871890783309937
20656,1,1,1,1,train,0.23603582382202148,0.7639641761779785
20657,1,1,1,1,train,0.18921037018299103,0.8107896447181702
20664,1,1,1,1,train,0.28971123695373535,0.7102887630462646
20667,1,1,1,1,train,0.22561311721801758,0.7743868827819824
20672,1,1,1,1,train,0.2547353506088257,0.7452646493911743
20673,1,1,1,1,train,0.20052799582481384,0.7994720339775085
20674,1,1,1,1,train,0.16006599366664886,0.8399339914321899
20679,1,1,1,1,train,0.18242210149765015,0.8175778388977051
20683,1,1,1,1,train,0.2036837637424469,0.7963161468505859
20685,1,1,1,1,train,0.21318240463733673,0.7868176102638245
20694,1,1,1,1,train,0.20645982027053833,0.7935402393341064
20709,1,1,1,1,train,0.2601662278175354,0.7398337721824646
20733,1,1,1,1,train,0.39550548791885376,0.6044944524765015
20744,1,1,1,1,train,0.15213781595230103,0.8478622436523438
20754,1,1,1,1,train,0.39367812871932983,0.6063219308853149
20770,1,1,1,1,train,0.17616340517997742,0.8238366842269897
20772,1,1,1,1,train,0.20632097125053406,0.7936790585517883
20784,1,1,1,1,train,0.39114269614219666,0.608857274055481
20799,1,1,1,1,train,0.47888776659965515,0.5211122035980225
20800,1,1,1,1,train,0.47812721133232117,0.5218727588653564
20801,1,1,1,1,train,0.47936078906059265,0.520639181137085
20819,0,1,0,1,train,0.31321993470191956,0.6867800951004028
20822,1,1,1,1,train,0.20681750774383545,0.7931825518608093
20823,0,1,0,1,train,0.24490968883037567,0.7550902962684631
20835,1,1,1,1,train,0.4011591374874115,0.5988408923149109
20837,1,1,1,1,train,0.40138161182403564,0.5986183881759644
20838,1,1,1,1,train,0.3967002034187317,0.6032997965812683
20845,1,1,1,1,train,0.2492648959159851,0.7507351636886597
20850,1,1,1,1,train,0.40739765763282776,0.5926023125648499
20855,1,1,1,1,train,0.41804075241088867,0.5819592475891113
20916,1,1,1,1,train,0.3670963644981384,0.6329036355018616
20925,1,1,1,1,train,0.41051390767097473,0.5894860625267029
20948,1,1,1,1,train,0.38950875401496887,0.6104912161827087
20953,1,1,1,1,train,0.23407435417175293,0.7659257054328918
20957,1,1,1,1,train,0.4102981686592102,0.5897018313407898
20960,1,1,1,1,train,0.2883281111717224,0.7116719484329224
20999,1,1,1,1,train,0.4826011061668396,0.5173989534378052
21005,1,1,1,1,train,0.46364954113960266,0.5363505482673645
21023,1,1,1,1,train,0.18177972733974457,0.8182201981544495
21028,1,1,1,1,train,0.39985162019729614,0.6001483798027039
21065,1,1,1,1,train,0.33511215448379517,0.6648878455162048
21067,1,1,1,1,train,0.22689484059810638,0.7731051445007324
21071,1,1,1,1,train,0.16788111627101898,0.8321188688278198
21076,1,1,1,1,train,0.17034348845481873,0.8296564817428589
21097,1,1,1,1,train,0.24683929979801178,0.7531607747077942
21118,1,1,1,1,train,0.2172384113073349,0.7827615141868591
21122,1,1,1,1,train,0.1840091347694397,0.8159908652305603
21136,1,1,1,1,train,0.2608073949813843,0.7391926646232605
21155,1,1,1,1,train,0.3957175314426422,0.6042824387550354
21171,1,1,1,1,train,0.16742348670959473,0.8325765132904053
21183,1,1,1,1,train,0.19404540956020355,0.8059545755386353
21184,1,1,1,1,train,0.20810441672801971,0.7918956279754639
21188,1,1,1,1,train,0.24436523020267487,0.7556347250938416
21196,1,1,1,1,train,0.3094901740550995,0.6905098557472229
21199,1,1,1,1,train,0.1919797658920288,0.808020293712616
21204,1,1,1,1,train,0.3980765640735626,0.601923406124115
21218,1,1,1,1,train,0.2404720038175583,0.7595279812812805
21227,1,1,1,1,train,0.185795858502388,0.8142040967941284
21230,1,1,1,1,train,0.20565815269947052,0.7943418622016907
21244,0,1,0,1,train,0.22841715812683105,0.771582841873169
21256,0,1,0,1,train,0.1944843828678131,0.8055155873298645
21265,1,1,1,1,train,0.4708805978298187,0.5291193723678589
21285,1,1,1,1,train,0.36317867040634155,0.6368213295936584
21334,1,1,1,1,train,0.2397204041481018,0.7602795958518982
21336,1,1,1,1,train,0.46623098850250244,0.5337690114974976
21373,1,1,1,1,train,0.2209218591451645,0.7790780663490295
21390,1,1,1,1,train,0.4068424701690674,0.5931575298309326
21398,1,1,1,1,train,0.39597657322883606,0.6040234565734863
21413,1,1,1,1,train,0.43501242995262146,0.5649875402450562
21415,1,1,1,1,train,0.4297999143600464,0.5702000856399536
21424,1,1,1,1,train,0.3460848927497864,0.6539150476455688
21445,0,1,0,1,train,0.23751193284988403,0.7624880075454712
21499,1,1,1,1,train,0.2033950388431549,0.7966049909591675
21503,1,1,1,1,train,0.2781308591365814,0.7218691110610962
21528,0,1,0,1,train,0.21224234998226166,0.7877576947212219
21569,1,1,1,1,train,0.1720079630613327,0.8279920816421509
21585,1,1,1,1,train,0.3924733102321625,0.6075266599655151
21590,1,1,1,1,train,0.222450390458107,0.7775496244430542
21604,1,1,1,1,train,0.3019770085811615,0.6980230212211609
21606,1,1,1,1,train,0.44997623562812805,0.5500237941741943
21617,1,1,1,1,train,0.3635333478450775,0.6364666223526001
21620,1,1,1,1,train,0.21224309504032135,0.7877569794654846
21626,1,1,1,1,train,0.2463407814502716,0.753659188747406
21635,1,1,1,1,train,0.21344399452209473,0.7865560054779053
21637,1,1,1,1,train,0.22982603311538696,0.770173966884613
21651,1,1,1,1,train,0.15434329211711884,0.84565669298172
21654,1,1,1,1,train,0.43876394629478455,0.5612360835075378
21668,1,1,1,1,train,0.28119730949401855,0.7188026309013367
21669,1,1,1,1,train,0.4455868601799011,0.5544131398200989
21694,0,1,0,1,train,0.34226110577583313,0.657738983631134
21702,1,1,1,1,train,0.465203195810318,0.5347967743873596
21796,0,1,0,1,train,0.45942422747612,0.5405758023262024
21801,1,1,1,1,train,0.2126062959432602,0.7873937487602234
21808,1,1,1,1,train,0.16095158457756042,0.8390483856201172
21809,1,1,1,1,train,0.1678263396024704,0.8321736454963684
21819,1,1,1,1,train,0.3766598105430603,0.6233401894569397
21839,1,1,1,1,train,0.39518100023269653,0.6048190593719482
21847,1,1,1,1,train,0.1890898197889328,0.810910165309906
21850,1,1,1,1,train,0.3339969217777252,0.6660031080245972
21861,1,1,1,1,train,0.3701915442943573,0.6298084855079651
21872,1,1,1,1,train,0.43160971999168396,0.5683902502059937
21885,1,1,1,1,train,0.18436729907989502,0.815632700920105
21890,1,1,1,1,train,0.22557565569877625,0.7744243741035461
21912,1,1,1,1,train,0.23697303235530853,0.7630268931388855
21913,1,1,1,1,train,0.2240404486656189,0.7759594917297363
21926,1,1,1,1,train,0.3842677175998688,0.6157322525978088
21939,1,1,1,1,train,0.2546689808368683,0.7453309893608093
21941,1,1,1,1,train,0.2041797637939453,0.7958202362060547
21946,1,1,1,1,train,0.17571668326854706,0.8242833614349365
21999,1,1,1,1,train,0.22349540889263153,0.7765045166015625
22006,1,1,1,1,train,0.3294185698032379,0.6705814003944397
22008,1,1,1,1,train,0.33017948269844055,0.6698205471038818
22074,1,1,1,1,train,0.44006529450416565,0.559934675693512
22080,1,1,1,1,train,0.30230820178985596,0.697691798210144
22087,1,1,1,1,train,0.21169859170913696,0.7883013486862183
22091,1,1,1,1,train,0.4455972909927368,0.5544027090072632
22107,1,1,1,1,train,0.22198528051376343,0.7780146598815918
22108,1,1,1,1,train,0.21695363521575928,0.7830463647842407
22120,1,1,1,1,train,0.42652657628059387,0.5734733939170837
22142,1,1,1,1,train,0.3973534107208252,0.6026465892791748
22143,1,1,1,1,train,0.40434393286705017,0.5956559777259827
22151,1,1,1,1,train,0.2415313571691513,0.7584685683250427
22198,1,1,1,1,train,0.39415648579597473,0.6058434844017029
22207,1,1,1,1,train,0.13792890310287476,0.8620710968971252
22211,1,1,1,1,train,0.37250378727912903,0.6274962425231934
22212,1,1,1,1,train,0.467581570148468,0.5324184894561768
22227,1,1,1,1,train,0.22343651950359344,0.7765634655952454
22232,1,1,1,1,train,0.19928514957427979,0.800714910030365
22233,1,1,1,1,train,0.18100589513778687,0.8189941048622131
22234,1,1,1,1,train,0.19695958495140076,0.8030403852462769
22242,1,1,1,1,train,0.16396638751029968,0.8360335826873779
22252,1,1,1,1,train,0.17707164585590363,0.8229284286499023
22262,1,1,1,1,train,0.23882511258125305,0.7611749172210693
22277,1,1,1,1,train,0.20569553971290588,0.7943044304847717
22286,1,1,1,1,train,0.2557098865509033,0.7442901134490967
22292,1,1,1,1,train,0.154250368475914,0.8457496166229248
22326,1,1,1,1,train,0.41910311579704285,0.5808969140052795
22329,1,1,1,1,train,0.3235654830932617,0.6764345169067383
22347,1,1,1,1,train,0.2337293028831482,0.7662706971168518
22353,1,1,1,1,train,0.14827340841293335,0.8517265319824219
22356,1,1,1,1,train,0.42371153831481934,0.5762885212898254
22359,1,1,1,1,train,0.2527764141559601,0.7472235560417175
22362,1,1,1,1,train,0.18631556630134583,0.8136844038963318
22363,1,1,1,1,train,0.2103264480829239,0.7896736264228821
22368,1,1,1,1,train,0.25585633516311646,0.7441436648368835
22378,1,1,1,1,train,0.28787705302238464,0.7121229767799377
22388,1,1,1,1,train,0.182479590177536,0.8175204396247864
22391,1,1,1,1,train,0.22198300063610077,0.778016984462738
22396,1,1,1,1,train,0.28137993812561035,0.7186200618743896
22403,1,1,1,1,train,0.2098863422870636,0.790113627910614
22409,1,1,1,1,train,0.19673697650432587,0.8032630085945129
22435,1,1,1,1,train,0.2808475196361542,0.7191524505615234
22443,1,1,1,1,train,0.20488259196281433,0.7951174378395081
22450,1,1,1,1,train,0.21415165066719055,0.7858484387397766
22452,1,1,1,1,train,0.19890785217285156,0.8010920882225037
22458,1,1,1,1,train,0.16104353964328766,0.8389564156532288
22460,1,1,1,1,train,0.4265659749507904,0.5734339952468872
22465,1,1,1,1,train,0.15040770173072815,0.8495923280715942
22469,1,1,1,1,train,0.28132522106170654,0.7186747789382935
22472,0,1,0,1,train,0.47184017300605774,0.5281598567962646
22514,1,1,1,1,train,0.19831502437591553,0.8016849756240845
22517,1,1,1,1,train,0.27394136786460876,0.7260586023330688
22521,1,1,1,1,train,0.2564367949962616,0.7435632348060608
22544,1,1,1,1,train,0.173170804977417,0.826829195022583
22545,1,1,1,1,train,0.28880465030670166,0.7111954092979431
22548,1,1,1,1,train,0.19605274498462677,0.8039472103118896
22593,0,1,0,1,train,0.1850540190935135,0.8149459958076477
22612,1,1,1,1,train,0.2888320982456207,0.7111678719520569
22631,1,1,1,1,train,0.20897790789604187,0.7910221815109253
22645,1,1,1,1,train,0.19888702034950256,0.8011130094528198
22684,1,1,1,1,train,0.4524955451488495,0.5475045442581177
22685,1,1,1,1,train,0.38563787937164307,0.6143621206283569
22688,1,1,1,1,train,0.4361529052257538,0.5638470649719238
22690,1,1,1,1,train,0.24082113802433014,0.7591788172721863
22734,1,1,1,1,train,0.2655419707298279,0.7344580292701721
22746,1,1,1,1,train,0.19922974705696106,0.8007702231407166
22778,0,0,0,0,train,0.5035897493362427,0.4964102804660797
22787,1,1,1,1,train,0.3606952726840973,0.6393046379089355
22832,1,1,1,1,train,0.1756642758846283,0.8243357539176941
22834,1,1,1,1,train,0.2621929347515106,0.737807035446167
22843,1,1,1,1,train,0.1712261587381363,0.8287737965583801
22847,1,1,1,1,train,0.1907152235507965,0.8092847466468811
22851,1,1,1,1,train,0.17973122000694275,0.8202687501907349
22854,1,1,1,1,train,0.22494202852249146,0.7750580310821533
22873,1,1,1,1,train,0.2831971049308777,0.7168028950691223
22884,1,1,1,1,train,0.34355735778808594,0.6564426422119141
22895,1,1,1,1,train,0.2984231412410736,0.701576828956604
22908,1,1,1,1,train,0.3921067416667938,0.6078932285308838
22964,1,1,1,1,train,0.48262253403663635,0.5173774361610413
22989,1,1,1,1,train,0.45081472396850586,0.5491852760314941
22995,1,1,1,1,train,0.19951987266540527,0.8004801869392395
22997,1,1,1,1,train,0.21064375340938568,0.7893562316894531
22998,1,1,1,1,train,0.3757908046245575,0.6242092251777649
23003,1,1,1,1,train,0.19478082656860352,0.8052192330360413
23010,1,1,1,1,train,0.4182436168193817,0.5817563533782959
23011,1,1,1,1,train,0.4598529040813446,0.540147066116333
23119,1,1,1,1,train,0.41216811537742615,0.5878319144248962
23125,1,1,1,1,train,0.22300365567207336,0.776996374130249
23148,1,1,1,1,train,0.228505477309227,0.7714945077896118
23157,1,1,1,1,train,0.1787276566028595,0.8212723731994629
23159,1,1,1,1,train,0.19788114726543427,0.8021188378334045
23160,1,1,1,1,train,0.25210845470428467,0.7478915452957153
23162,1,1,1,1,train,0.14798539876937866,0.8520146012306213
23166,1,1,1,1,train,0.4042206406593323,0.5957793593406677
23167,1,1,1,1,train,0.40118393301963806,0.5988161563873291
23172,1,1,1,1,train,0.2093600034713745,0.7906399965286255
23176,1,1,1,1,train,0.1964658498764038,0.8035341501235962
23188,1,1,1,1,train,0.3424491882324219,0.6575507521629333
23190,1,1,1,1,train,0.16455478966236115,0.8354451656341553
23192,1,1,1,1,train,0.3479475677013397,0.6520524621009827
23194,1,1,1,1,train,0.18293112516403198,0.8170688152313232
23198,1,1,1,1,train,0.2053191363811493,0.7946808338165283
23205,1,1,1,1,train,0.33992910385131836,0.6600709557533264
23211,1,1,1,1,train,0.24668729305267334,0.7533127069473267
23232,1,1,1,1,train,0.2935743033885956,0.706425666809082
23233,1,1,1,1,train,0.2011065036058426,0.7988935112953186
23234,1,1,1,1,train,0.16229522228240967,0.8377047777175903
23253,1,1,1,1,train,0.22856716811656952,0.7714328169822693
23264,1,1,1,1,train,0.2074236422777176,0.7925763726234436
23272,1,1,1,1,train,0.22651126980781555,0.7734887599945068
23285,1,1,1,1,train,0.41240260004997253,0.5875973701477051
23290,1,1,1,1,train,0.3954123556613922,0.6045876145362854
23300,1,1,1,1,train,0.20827406644821167,0.7917259335517883
23304,1,1,1,1,train,0.4914129376411438,0.5085870623588562
23307,1,1,1,1,train,0.31211769580841064,0.6878822445869446
23311,1,1,1,1,train,0.38373640179634094,0.6162635684013367
23315,1,1,1,1,train,0.21293894946575165,0.7870610952377319
23320,1,1,1,1,train,0.4497793912887573,0.5502206087112427
23324,1,1,1,1,train,0.4726838767528534,0.5273160934448242
23341,1,1,1,1,train,0.37832528352737427,0.6216747760772705
23346,1,1,1,1,train,0.4418431222438812,0.5581569075584412
23354,1,1,1,1,train,0.4400654733181,0.5599345564842224
23407,1,1,1,1,train,0.19391025602817535,0.8060896992683411
23425,1,1,1,1,train,0.16709046065807343,0.8329095840454102
23451,1,1,1,1,train,0.20390938222408295,0.7960906028747559
23453,1,1,1,1,train,0.2081831991672516,0.7918168306350708
23456,1,1,1,1,train,0.22530217468738556,0.7746978402137756
23490,1,1,1,1,train,0.3955687880516052,0.6044312119483948
23494,1,1,1,1,train,0.16181106865406036,0.838188886642456
23502,1,1,1,1,train,0.17154009640216827,0.8284599184989929
23512,1,1,1,1,train,0.25928470492362976,0.7407152652740479
23523,1,1,1,1,train,0.39640623331069946,0.6035938262939453
23529,1,1,1,1,train,0.20990145206451416,0.7900985479354858
23533,1,1,1,1,train,0.2541074752807617,0.7458925247192383
23534,1,1,1,1,train,0.16273875534534454,0.8372611999511719
23541,1,1,1,1,train,0.3161756694316864,0.6838243007659912
23560,0,1,0,1,train,0.43204620480537415,0.5679538249969482
23575,1,1,1,1,train,0.17683954536914825,0.8231604695320129
23577,1,1,1,1,train,0.18953898549079895,0.8104610443115234
23602,0,1,0,1,train,0.4777320325374603,0.5222679972648621
23605,1,1,1,1,train,0.18137016892433167,0.8186298608779907
23625,1,1,1,1,train,0.2310875803232193,0.7689123749732971
23626,1,1,1,1,train,0.23253361880779266,0.7674663662910461
23629,1,1,1,1,train,0.1930280476808548,0.8069720268249512
23634,1,1,1,1,train,0.3296366035938263,0.6703634262084961
23667,1,1,1,1,train,0.4175502359867096,0.582449734210968
23679,1,1,1,1,train,0.1982794553041458,0.8017205595970154
23688,1,1,1,1,train,0.36540326476097107,0.6345967650413513
23700,1,1,1,1,train,0.1786094754934311,0.8213905096054077
23705,1,1,1,1,train,0.17550766468048096,0.8244923949241638
23707,1,1,1,1,train,0.14994396269321442,0.8500560522079468
23727,1,1,1,1,train,0.1626027375459671,0.8373972773551941
23732,1,1,1,1,train,0.2987422049045563,0.7012577652931213
23741,1,1,1,1,train,0.3126119375228882,0.6873880624771118
23742,1,1,1,1,train,0.29376786947250366,0.7062321305274963
23744,1,1,1,1,train,0.18190063536167145,0.818099319934845
23752,1,1,1,1,train,0.2469259798526764,0.7530739903450012
23754,1,1,1,1,train,0.16531766951084137,0.8346824049949646
23755,1,1,1,1,train,0.19033566117286682,0.8096643090248108
23763,1,1,1,1,train,0.18122614920139313,0.8187738060951233
23765,1,1,1,1,train,0.3131851255893707,0.6868148446083069
23808,1,1,1,1,train,0.41613686084747314,0.5838631391525269
23809,1,1,1,1,train,0.27290207147598267,0.7270979285240173
23819,1,1,1,1,train,0.17041373252868652,0.8295862674713135
23838,1,1,1,1,train,0.2647155821323395,0.7352843880653381
23840,1,1,1,1,train,0.20065081119537354,0.7993491888046265
23856,1,1,1,1,train,0.27255740761756897,0.7274426221847534
23883,1,1,1,1,train,0.17272384464740753,0.8272761106491089
23884,1,1,1,1,train,0.1714777946472168,0.8285221457481384
23911,1,1,1,1,train,0.17024224996566772,0.8297576904296875
23924,1,1,1,1,train,0.17961499094963074,0.8203849792480469
23944,0,1,0,1,train,0.18097278475761414,0.8190272450447083
23953,1,1,1,1,train,0.43237146735191345,0.5676285624504089
23956,1,1,1,1,train,0.4315318167209625,0.5684682130813599
23959,1,1,1,1,train,0.406234472990036,0.5937654376029968
23968,1,1,1,1,train,0.4325721263885498,0.567427933216095
23980,1,1,1,1,train,0.3803705871105194,0.6196293830871582
23981,1,1,1,1,train,0.3740476965904236,0.6259522438049316
23985,1,1,1,1,train,0.18045170605182648,0.8195483088493347
24018,1,1,1,1,train,0.18505947291851044,0.8149405121803284
24058,1,1,1,1,train,0.4102330207824707,0.5897669196128845
24059,1,1,1,1,train,0.35330840945243835,0.646691620349884
24063,1,1,1,1,train,0.3739631772041321,0.6260368227958679
24075,1,1,1,1,train,0.3470042943954468,0.6529957056045532
24077,1,1,1,1,train,0.4296877980232239,0.5703122615814209
24079,1,1,1,1,train,0.36304494738578796,0.6369550228118896
24083,1,1,1,1,train,0.3539380133152008,0.6460620164871216
24085,1,1,1,1,train,0.34940820932388306,0.6505917906761169
24091,1,1,1,1,train,0.22119362652301788,0.7788063883781433
24092,1,1,1,1,train,0.3590405583381653,0.6409594416618347
24111,0,1,0,1,train,0.22658976912498474,0.7734102010726929
24137,1,1,1,1,train,0.36922112107276917,0.6307789087295532
24143,1,1,1,1,train,0.14818531274795532,0.8518146872520447
24154,1,1,1,1,train,0.2629154622554779,0.7370845079421997
24166,1,1,1,1,train,0.20683249831199646,0.7931675314903259
24167,1,1,1,1,train,0.17282971739768982,0.8271702527999878
24169,1,1,1,1,train,0.29318609833717346,0.7068138718605042
24173,1,1,1,1,train,0.17256809771060944,0.8274319171905518
24188,1,1,1,1,train,0.1885267198085785,0.8114732503890991
24199,1,1,1,1,train,0.23166291415691376,0.768337070941925
24243,1,1,1,1,train,0.3278495967388153,0.6721504330635071
24250,1,1,1,1,train,0.19121620059013367,0.8087838292121887
24251,1,1,1,1,train,0.2988012135028839,0.7011988162994385
24265,0,1,0,1,train,0.4589637517929077,0.5410362482070923
24275,1,1,1,1,train,0.4100240468978882,0.5899759531021118
24284,1,1,1,1,train,0.45052894949913025,0.5494710803031921
24306,1,1,1,1,train,0.16686011850833893,0.8331398963928223
24313,1,1,1,1,train,0.2833881676197052,0.7166118621826172
24325,1,1,1,1,train,0.17862243950366974,0.8213775157928467
24336,1,1,1,1,train,0.4327448010444641,0.5672551989555359
24366,1,1,1,1,train,0.4215688407421112,0.5784311890602112
24385,0,1,0,1,train,0.46590498089790344,0.5340949892997742
24392,1,1,1,1,train,0.40271493792533875,0.5972850322723389
24404,1,1,1,1,train,0.21926385164260864,0.7807361483573914
24425,1,1,1,1,train,0.2543432116508484,0.7456568479537964
24481,1,1,1,1,train,0.17637383937835693,0.8236261606216431
24496,1,1,1,1,train,0.22382380068302155,0.7761762142181396
24522,1,1,1,1,train,0.16120545566082,0.8387945294380188
24526,1,1,1,1,train,0.23878611624240875,0.7612139582633972
24527,0,0,0,0,train,0.5687887668609619,0.43121129274368286
24542,1,1,1,1,train,0.17962931096553802,0.820370614528656
24559,1,1,1,1,train,0.24003641307353973,0.7599635720252991
24565,1,1,1,1,train,0.3721192479133606,0.6278807520866394
24568,1,1,1,1,train,0.18706946074962616,0.8129305243492126
24576,1,1,1,1,train,0.16089414060115814,0.8391059041023254
24589,1,1,1,1,train,0.3938272297382355,0.6061728000640869
24598,1,1,1,1,train,0.23898707330226898,0.7610129117965698
24609,1,1,1,1,train,0.1812560260295868,0.8187439441680908
24610,1,1,1,1,train,0.1759796291589737,0.8240203857421875
24614,1,1,1,1,train,0.2747156322002411,0.7252843379974365
24616,1,1,1,1,train,0.2353316843509674,0.764668345451355
24627,1,1,1,1,train,0.3582534193992615,0.6417465209960938
24628,1,1,1,1,train,0.1576535701751709,0.8423464298248291
24633,1,1,1,1,train,0.21894025802612305,0.781059741973877
24637,1,1,1,1,train,0.15799687802791595,0.8420031666755676
24644,1,1,1,1,train,0.193440243601799,0.806559681892395
24650,1,1,1,1,train,0.24178199470043182,0.7582179307937622
24661,1,1,1,1,train,0.4069453477859497,0.5930546522140503
24698,1,1,1,1,train,0.22192877531051636,0.7780712842941284
24787,1,1,1,1,train,0.1801266074180603,0.8198734521865845
24789,1,1,1,1,train,0.23330697417259216,0.7666930556297302
24792,1,1,1,1,train,0.2342870831489563,0.7657128572463989
24798,1,1,1,1,train,0.37666791677474976,0.623332142829895
24800,1,1,1,1,train,0.3778232932090759,0.6221767663955688
24802,1,1,1,1,train,0.23402568697929382,0.7659743428230286
24832,1,1,1,1,train,0.40634685754776,0.5936530828475952
24845,1,1,1,1,train,0.14930148422718048,0.8506985306739807
24860,1,1,1,1,train,0.24746213853359222,0.7525378465652466
24893,1,1,1,1,train,0.19658562541007996,0.8034144043922424
24920,1,1,1,1,train,0.1388767808675766,0.861123263835907
24933,1,1,1,1,train,0.41460275650024414,0.5853971838951111
24937,1,1,1,1,train,0.3794718384742737,0.6205281615257263
24948,1,1,1,1,train,0.26205605268478394,0.7379439473152161
24949,1,1,1,1,train,0.14530083537101746,0.8546991348266602
24953,1,1,1,1,train,0.25010788440704346,0.7498921155929565
24956,1,1,1,1,train,0.17278338968753815,0.8272165656089783
24957,1,1,1,1,train,0.3678135573863983,0.6321864128112793
24976,1,1,1,1,train,0.16400568187236786,0.8359943628311157
24999,1,1,1,1,train,0.17506296932697296,0.8249370455741882
25021,1,1,1,1,train,0.3796517252922058,0.6203482151031494
25034,1,1,1,1,train,0.3722093105316162,0.6277906894683838
25043,1,1,1,1,train,0.19032730162143707,0.8096726536750793
25044,1,1,1,1,train,0.3705325424671173,0.6294674277305603
25045,1,1,1,1,train,0.3034934103488922,0.6965065598487854
25046,1,1,1,1,train,0.42385128140449524,0.5761486291885376
25047,1,1,1,1,train,0.4244130551815033,0.5755869150161743
25048,1,1,1,1,train,0.1523693948984146,0.8476305603981018
25068,1,1,1,1,train,0.4056377112865448,0.5943622589111328
25072,1,1,1,1,train,0.18776825070381165,0.8122317790985107
25076,1,1,1,1,train,0.18701715767383575,0.8129827976226807
25090,1,1,1,1,train,0.19646920263767242,0.8035308122634888
25106,1,1,1,1,train,0.28288447856903076,0.7171155214309692
25107,1,1,1,1,train,0.4244123101234436,0.5755876898765564
25108,0,0,0,0,train,0.5155414342880249,0.4844585359096527
25111,1,1,1,1,train,0.21504350006580353,0.7849565148353577
25120,1,1,1,1,train,0.14749719202518463,0.8525028228759766
25130,1,1,1,1,train,0.39757731556892395,0.6024226546287537
25133,1,1,1,1,train,0.42347365617752075,0.5765263438224792
25134,1,1,1,1,train,0.4081941843032837,0.5918058156967163
25135,1,1,1,1,train,0.4163711667060852,0.5836288928985596
25137,1,1,1,1,train,0.40964430570602417,0.590355634689331
25152,1,1,1,1,train,0.1661386340856552,0.8338614106178284
25153,1,1,1,1,train,0.1742304116487503,0.8257695436477661
25163,1,1,1,1,train,0.15393996238708496,0.8460600972175598
25171,1,1,1,1,train,0.17290134727954865,0.8270986080169678
25184,1,1,1,1,train,0.21677544713020325,0.7832245230674744
25192,1,1,1,1,train,0.1840338557958603,0.8159661889076233
25195,1,1,1,1,train,0.14408200979232788,0.8559180498123169
25222,1,1,1,1,train,0.25210243463516235,0.7478975653648376
25272,1,1,1,1,train,0.19212964177131653,0.8078703284263611
25277,1,1,1,1,train,0.20797446370124817,0.7920255661010742
25279,1,1,1,1,train,0.31781068444252014,0.6821893453598022
25280,1,1,1,1,train,0.14681197702884674,0.8531880378723145
25285,1,1,1,1,train,0.1806269884109497,0.8193730115890503
25318,1,1,1,1,train,0.37375113368034363,0.626248836517334
25320,1,1,1,1,train,0.2933535873889923,0.7066463828086853
25360,1,1,1,1,train,0.20526671409606934,0.7947332262992859
25377,1,1,1,1,train,0.205923929810524,0.7940760254859924
25378,1,1,1,1,train,0.24089910089969635,0.7591008543968201
25429,1,1,1,1,train,0.17390716075897217,0.8260927796363831
25431,1,1,1,1,train,0.3605867624282837,0.6394132375717163
25490,1,1,1,1,train,0.17790473997592926,0.8220953345298767
25497,1,1,1,1,train,0.4764886498451233,0.5235112905502319
25505,1,1,1,1,train,0.1850142627954483,0.8149856925010681
25512,1,1,1,1,train,0.21593303978443146,0.7840669751167297
25514,1,1,1,1,train,0.2561597526073456,0.7438402771949768
25523,1,1,1,1,train,0.40787291526794434,0.5921271443367004
25526,1,1,1,1,train,0.4300266206264496,0.5699734091758728
25531,1,1,1,1,train,0.4140002727508545,0.5859997272491455
25533,1,1,1,1,train,0.36267009377479553,0.6373299360275269
25535,1,1,1,1,train,0.37355953454971313,0.6264404654502869
25553,1,1,1,1,train,0.38393375277519226,0.6160662174224854
25554,1,1,1,1,train,0.3846687376499176,0.61533123254776
25563,1,1,1,1,train,0.21497242152690887,0.7850275635719299
25571,1,1,1,1,train,0.2857664227485657,0.7142335176467896
25580,1,1,1,1,train,0.2399720698595047,0.7600279450416565
25617,1,1,1,1,train,0.19091638922691345,0.8090835809707642
25628,1,1,1,1,train,0.2531513273715973,0.7468486428260803
25641,1,1,1,1,train,0.19858117401599884,0.8014188408851624
25652,1,1,1,1,train,0.23234815895557404,0.7676518559455872
25656,0,1,0,1,train,0.2832137942314148,0.7167862057685852
25667,0,1,0,1,train,0.429164856672287,0.5708351135253906
25670,1,1,1,1,train,0.32242557406425476,0.6775743961334229
25680,0,1,0,1,train,0.4252474009990692,0.5747526288032532
25702,0,1,0,1,train,0.23358765244483948,0.7664123177528381
25724,1,1,1,1,train,0.20734089612960815,0.7926591038703918
25765,1,1,1,1,train,0.15915153920650482,0.8408485054969788
25770,1,1,1,1,train,0.3326234221458435,0.6673765778541565
25771,1,1,1,1,train,0.2595415711402893,0.7404584884643555
25788,1,1,1,1,train,0.41180360317230225,0.5881963968276978
25789,1,1,1,1,train,0.3727181553840637,0.6272818446159363
25794,1,1,1,1,train,0.3632761538028717,0.6367238759994507
25796,1,1,1,1,train,0.21197372674942017,0.7880262732505798
25801,1,1,1,1,train,0.31711846590042114,0.6828815340995789
25812,1,1,1,1,train,0.4890955984592438,0.5109043717384338
25813,0,0,0,0,train,0.5557066202163696,0.44429337978363037
25814,1,0,1,0,train,0.5112327337265015,0.4887672960758209
25815,1,1,1,1,train,0.4120492935180664,0.5879506468772888
25816,1,1,1,1,train,0.41059818863868713,0.5894017815589905
25817,1,0,1,0,train,0.5444701313972473,0.4555298984050751
25820,1,1,1,1,train,0.37744590640068054,0.6225540041923523
25831,1,1,1,1,train,0.3786642849445343,0.6213357448577881
25841,1,1,1,1,train,0.33574140071868896,0.664258599281311
25842,1,1,1,1,train,0.34287169575691223,0.6571282744407654
25843,1,1,1,1,train,0.3774627447128296,0.6225373148918152
25855,1,1,1,1,train,0.1498384028673172,0.8501615524291992
25858,1,1,1,1,train,0.2710706889629364,0.7289292812347412
25887,1,1,1,1,train,0.12822426855564117,0.87177574634552
25901,1,1,1,1,train,0.20096170902252197,0.7990383505821228
25904,1,1,1,1,train,0.3729369640350342,0.627062976360321
25928,1,1,1,1,train,0.44978347420692444,0.5502164959907532
25938,1,1,1,1,train,0.18434982001781464,0.8156501650810242
25940,1,1,1,1,train,0.145726278424263,0.8542736768722534
25973,1,1,1,1,train,0.25468143820762634,0.7453185319900513
25974,1,1,1,1,train,0.19045047461986542,0.8095495104789734
25980,0,0,0,0,train,0.5298415422439575,0.47015848755836487
25983,1,1,1,1,train,0.22225162386894226,0.7777483463287354
25984,1,1,1,1,train,0.34441813826560974,0.6555818915367126
25985,1,1,1,1,train,0.34252628684043884,0.6574737429618835
25986,1,1,1,1,train,0.22782647609710693,0.7721735835075378
25994,1,1,1,1,train,0.38201001286506653,0.6179899573326111
26017,1,1,1,1,train,0.2138536423444748,0.7861464023590088
26027,1,1,1,1,train,0.16178081929683685,0.8382192254066467
26051,1,1,1,1,train,0.20127013325691223,0.7987298965454102
26055,1,1,1,1,train,0.4351806938648224,0.5648192763328552
26059,1,1,1,1,train,0.1477479189634323,0.8522520661354065
26071,1,1,1,1,train,0.3634258210659027,0.6365742087364197
26078,1,1,1,1,train,0.22398734092712402,0.7760125994682312
26099,1,1,1,1,train,0.19207802414894104,0.8079220056533813
26102,1,1,1,1,train,0.19455555081367493,0.8054444193840027
26111,1,1,1,1,train,0.15344053506851196,0.8465594053268433
26118,1,1,1,1,train,0.2590740919113159,0.7409259676933289
26121,1,1,1,1,train,0.38867682218551636,0.6113231182098389
26122,1,1,1,1,train,0.23764117062091827,0.7623588442802429
26128,1,1,1,1,train,0.18008334934711456,0.8199166059494019
26131,1,1,1,1,train,0.2193816602230072,0.7806183099746704
26155,1,1,1,1,train,0.4065537750720978,0.5934461951255798
26173,1,1,1,1,train,0.4053839147090912,0.5946160554885864
26186,1,1,1,1,train,0.32029959559440613,0.6797003746032715
26187,1,1,1,1,train,0.31990504264831543,0.6800949573516846
26188,1,1,1,1,train,0.3202330768108368,0.6797669529914856
26222,1,1,1,1,train,0.30672189593315125,0.6932780742645264
26239,1,1,1,1,train,0.11727040261030197,0.8827296495437622
26241,1,1,1,1,train,0.28427478671073914,0.715725302696228
26254,1,1,1,1,train,0.23501671850681305,0.7649832963943481
26265,1,1,1,1,train,0.1585465669631958,0.841453492641449
26275,1,1,1,1,train,0.20988750457763672,0.7901124358177185
26283,1,1,1,1,train,0.1987939476966858,0.8012060523033142
26285,1,1,1,1,train,0.2599334716796875,0.7400665283203125
26291,1,1,1,1,train,0.35000479221343994,0.6499952077865601
26294,1,1,1,1,train,0.35328611731529236,0.64671391248703
26298,1,1,1,1,train,0.20611967146396637,0.7938803434371948
26309,0,0,0,0,train,0.5399133563041687,0.4600866436958313
26319,1,1,1,1,train,0.3409309387207031,0.6590690612792969
26327,1,1,1,1,train,0.179889515042305,0.8201104402542114
26347,1,1,1,1,train,0.18089652061462402,0.819103479385376
26350,1,1,1,1,train,0.2900301516056061,0.7099698781967163
26351,1,1,1,1,train,0.15278013050556183,0.8472198843955994
26357,1,1,1,1,train,0.17029300332069397,0.8297069668769836
26369,1,1,1,1,train,0.3998723328113556,0.6001276969909668
26398,1,1,1,1,train,0.4568547010421753,0.5431452989578247
26401,1,1,1,1,train,0.22940963506698608,0.7705903649330139
26402,1,1,1,1,train,0.24736320972442627,0.7526367902755737
26405,1,1,1,1,train,0.21181826293468475,0.788181722164154
26421,1,1,1,1,train,0.25358879566192627,0.7464112043380737
26436,1,1,1,1,train,0.17048534750938416,0.8295146822929382
26438,1,1,1,1,train,0.15823379158973694,0.8417662382125854
26439,1,1,1,1,train,0.1428752988576889,0.8571246862411499
26444,1,1,1,1,train,0.16328276693820953,0.8367171883583069
26447,1,1,1,1,train,0.20284582674503326,0.7971541881561279
26471,1,1,1,1,train,0.17520220577716827,0.8247978091239929
26486,1,1,1,1,train,0.14567239582538605,0.8543276190757751
26522,1,1,1,1,train,0.4057469666004181,0.5942529439926147
26523,1,1,1,1,train,0.4113083779811859,0.5886916518211365
26525,1,1,1,1,train,0.3572481870651245,0.6427518129348755
26526,1,1,1,1,train,0.37611281871795654,0.6238872408866882
26530,1,1,1,1,train,0.20893670618534088,0.7910633087158203
26534,1,1,1,1,train,0.3705470561981201,0.6294530034065247
26542,1,1,1,1,train,0.29285839200019836,0.7071415781974792
26544,1,1,1,1,train,0.2870440185070038,0.7129560112953186
26545,1,1,1,1,train,0.3987649083137512,0.6012351512908936
26548,1,1,1,1,train,0.1642322540283203,0.8357678055763245
26551,1,1,1,1,train,0.23864512145519257,0.7613548636436462
26552,1,1,1,1,train,0.3945995271205902,0.6054004430770874
26562,1,1,1,1,train,0.17479123175144196,0.8252087831497192
26570,1,1,1,1,train,0.17136332392692566,0.828636646270752
26571,1,1,1,1,train,0.2082083374261856,0.7917916178703308
26576,1,1,1,1,train,0.20199237763881683,0.798007607460022
26591,1,1,1,1,train,0.20187824964523315,0.7981216907501221
26595,1,1,1,1,train,0.30938276648521423,0.6906172633171082
26597,1,1,1,1,train,0.18400633335113525,0.8159937262535095
26600,1,1,1,1,train,0.2706502377986908,0.7293497920036316
26601,1,1,1,1,train,0.16392333805561066,0.8360766768455505
26608,1,1,1,1,train,0.22436127066612244,0.7756386995315552
26609,1,1,1,1,train,0.1846623420715332,0.8153376579284668
26611,1,1,1,1,train,0.1605784296989441,0.8394215106964111
26616,1,1,1,1,train,0.43504753708839417,0.5649524331092834
26630,1,1,1,1,train,0.1676657646894455,0.8323342204093933
26631,1,1,1,1,train,0.14041320979595184,0.8595868349075317
26641,1,1,1,1,train,0.15960484743118286,0.8403952121734619
26643,1,1,1,1,train,0.17527933418750763,0.8247206211090088
26645,1,1,1,1,train,0.17332521080970764,0.82667475938797
26652,1,1,1,1,train,0.24179086089134216,0.7582091093063354
26661,1,1,1,1,train,0.42341357469558716,0.5765864253044128
26670,1,1,1,1,train,0.4324353039264679,0.5675647258758545
26672,1,1,1,1,train,0.1861112266778946,0.8138887286186218
26680,1,1,1,1,train,0.21295802295207977,0.787041962146759
26681,1,1,1,1,train,0.3613405227661133,0.6386594772338867
26693,1,1,1,1,train,0.18538610637187958,0.8146138787269592
26752,1,1,1,1,train,0.3665693700313568,0.6334306597709656
26761,1,1,1,1,train,0.30064094066619873,0.6993590593338013
26795,1,1,1,1,train,0.3939128518104553,0.6060871481895447
26796,1,1,1,1,train,0.21045784652233124,0.7895421981811523
26816,1,1,1,1,train,0.19323252141475677,0.8067674040794373
26820,1,1,1,1,train,0.2172892689704895,0.7827106714248657
26821,1,1,1,1,train,0.3572591245174408,0.6427409052848816
26822,1,1,1,1,train,0.21340250968933105,0.7865974307060242
26823,1,1,1,1,train,0.213241308927536,0.7867586612701416
26824,1,1,1,1,train,0.3571445941925049,0.6428554058074951
26841,1,1,1,1,train,0.1736120879650116,0.826387882232666
26844,1,1,1,1,train,0.42472729086875916,0.5752726793289185
26846,1,1,1,1,train,0.4249846637248993,0.5750152468681335
26847,1,1,1,1,train,0.240432471036911,0.7595675587654114
26873,1,1,1,1,train,0.23911318182945251,0.7608867883682251
26875,1,1,1,1,train,0.36154866218566895,0.638451337814331
26892,1,1,1,1,train,0.39040398597717285,0.6095960140228271
26907,1,1,1,1,train,0.3484300971031189,0.6515699028968811
26911,1,1,1,1,train,0.38931480050086975,0.6106852293014526
26913,1,1,1,1,train,0.2151731699705124,0.7848268151283264
26914,1,1,1,1,train,0.3954034447669983,0.6045965552330017
26917,1,1,1,1,train,0.34920841455459595,0.6507915258407593
26923,1,1,1,1,train,0.3544153571128845,0.6455846428871155
26926,1,1,1,1,train,0.3506711423397064,0.6493288278579712
26936,1,1,1,1,train,0.24744537472724915,0.7525545954704285
26938,1,1,1,1,train,0.22048766911029816,0.779512345790863
26939,1,1,1,1,train,0.42443689703941345,0.5755630135536194
26943,1,1,1,1,train,0.4157644808292389,0.5842355489730835
26945,1,1,1,1,train,0.41284215450286865,0.5871578454971313
26954,1,1,1,1,train,0.4155997633934021,0.5844002366065979
26959,1,1,1,1,train,0.27312058210372925,0.726879358291626
26961,1,1,1,1,train,0.3692980408668518,0.6307019591331482
26965,1,1,1,1,train,0.39414286613464355,0.6058571338653564
26971,1,1,1,1,train,0.2567752003669739,0.7432248592376709
26976,0,1,0,1,train,0.2506615221500397,0.7493384480476379
26977,1,1,1,1,train,0.4147966802120209,0.5852033495903015
26984,1,1,1,1,train,0.39591625332832336,0.604083776473999
26986,1,1,1,1,train,0.3574031591415405,0.6425968408584595
26994,1,1,1,1,train,0.3798133134841919,0.6201866865158081
26995,1,1,1,1,train,0.33040404319763184,0.6695959568023682
26999,1,1,1,1,train,0.367683470249176,0.632316529750824
27015,1,1,1,1,train,0.2651273012161255,0.7348726391792297
27020,0,1,0,1,train,0.2542702853679657,0.7457297444343567
27040,1,1,1,1,train,0.16612625122070312,0.8338737487792969
27046,1,1,1,1,train,0.2158196121454239,0.7841804027557373
27047,1,1,1,1,train,0.14495420455932617,0.8550457954406738
27050,1,1,1,1,train,0.36870643496513367,0.6312935948371887
27052,1,1,1,1,train,0.16619518399238586,0.8338047862052917
27056,1,1,1,1,train,0.1470467895269394,0.8529531955718994
27059,1,1,1,1,train,0.19947251677513123,0.8005274534225464
27060,1,1,1,1,train,0.23931637406349182,0.7606836557388306
27061,1,1,1,1,train,0.3944091200828552,0.6055908799171448
27063,1,1,1,1,train,0.155903160572052,0.844096839427948
27071,1,1,1,1,train,0.2731858193874359,0.7268142104148865
27077,1,1,1,1,train,0.41041573882102966,0.589584231376648
27078,1,1,1,1,train,0.17177455127239227,0.8282254934310913
27096,1,1,1,1,train,0.14493022859096527,0.8550697565078735
27102,1,1,1,1,train,0.28653332591056824,0.7134667038917542
27111,1,1,1,1,train,0.4232834577560425,0.5767165422439575
27113,1,1,1,1,train,0.1995101124048233,0.8004899024963379
27114,1,1,1,1,train,0.3032180070877075,0.6967819333076477
27128,1,1,1,1,train,0.30551496148109436,0.6944850087165833
27171,1,1,1,1,train,0.24462933838367462,0.7553706765174866
27176,1,1,1,1,train,0.3919967710971832,0.6080032587051392
27188,1,1,1,1,train,0.3888799846172333,0.6111200451850891
27189,1,1,1,1,train,0.2003864198923111,0.7996135354042053
27190,1,1,1,1,train,0.389938086271286,0.6100619435310364
27191,1,1,1,1,train,0.3924311697483063,0.6075688004493713
27194,1,1,1,1,train,0.1532282531261444,0.846771776676178
27207,1,1,1,1,train,0.24097996950149536,0.7590200901031494
27212,1,1,1,1,train,0.3491206765174866,0.6508793234825134
27237,1,1,1,1,train,0.16530859470367432,0.8346913456916809
27238,1,1,1,1,train,0.389017790555954,0.6109821796417236
27239,1,1,1,1,train,0.17527249455451965,0.8247275352478027
27247,1,1,1,1,train,0.19506700336933136,0.8049329519271851
27255,0,1,0,1,train,0.45273876190185547,0.5472611784934998
27279,1,1,1,1,train,0.1640460044145584,0.8359540104866028
27287,1,1,1,1,train,0.3865565359592438,0.6134434342384338
27288,1,1,1,1,train,0.19343502819538116,0.80656498670578
27289,1,1,1,1,train,0.13929735124111176,0.8607026934623718
27293,1,1,1,1,train,0.1401146799325943,0.8598853349685669
27299,1,1,1,1,train,0.14627942442893982,0.8537205457687378
27312,1,1,1,1,train,0.16331253945827484,0.836687445640564
27364,1,1,1,1,train,0.2630811631679535,0.7369188666343689
27365,1,1,1,1,train,0.2141558676958084,0.7858441472053528
27372,1,1,1,1,train,0.1759052723646164,0.8240946531295776
27373,1,1,1,1,train,0.37847259640693665,0.621527373790741
27381,1,1,1,1,train,0.1522093117237091,0.8477906584739685
27382,1,1,1,1,train,0.15906400978565216,0.840936005115509
27385,1,1,1,1,train,0.16417169570922852,0.8358283042907715
27386,1,1,1,1,train,0.3251900374889374,0.6748100519180298
27387,1,1,1,1,train,0.21274693310260773,0.7872530817985535
27388,1,1,1,1,train,0.4101020395755768,0.5898979306221008
27389,1,1,1,1,train,0.40723592042922974,0.592764139175415
27390,1,1,1,1,train,0.40224236249923706,0.5977576375007629
27403,1,1,1,1,train,0.3674249053001404,0.6325751543045044
27404,1,1,1,1,train,0.3629702031612396,0.6370298266410828
27415,1,1,1,1,train,0.1801908016204834,0.8198092579841614
27416,1,1,1,1,train,0.3643122911453247,0.6356877088546753
27418,1,1,1,1,train,0.17088401317596436,0.8291160464286804
27506,1,1,1,1,train,0.3924359679222107,0.6075639724731445
27508,1,0,1,0,train,0.5928394794464111,0.40716052055358887
27520,1,1,1,1,train,0.1479429453611374,0.8520570397377014
27525,1,1,1,1,train,0.1708231419324875,0.8291768431663513
27558,0,0,0,0,train,0.596709668636322,0.4032903015613556
27559,1,1,1,1,train,0.18739940226078033,0.8126006126403809
27572,1,1,1,1,train,0.3144421875476837,0.6855577230453491
27575,0,0,0,0,train,0.5878206491470337,0.4121793508529663
27583,0,0,0,0,train,0.5459083318710327,0.4540916085243225
27584,0,0,0,0,train,0.5253899693489075,0.47461003065109253
27585,0,0,0,0,train,0.5692104697227478,0.43078961968421936
27594,0,0,0,0,train,0.5828738808631897,0.4171260595321655
27595,1,1,1,1,train,0.2170369178056717,0.7829630970954895
27606,1,1,1,1,train,0.22494149208068848,0.7750585079193115
27607,1,0,1,0,train,0.5918478965759277,0.40815216302871704
27609,1,1,1,1,train,0.440297931432724,0.5597020983695984
27611,1,0,1,0,train,0.5150752067565918,0.48492470383644104
27636,1,1,1,1,train,0.3818892538547516,0.618110716342926
27664,1,1,1,1,train,0.17922036349773407,0.8207796812057495
27670,1,1,1,1,train,0.18922771513462067,0.8107722401618958
27673,1,1,1,1,train,0.17029203474521637,0.8297079801559448
27679,1,1,1,1,train,0.16415052115917206,0.8358494639396667
27681,1,1,1,1,train,0.1667902171611786,0.8332098126411438
27686,1,1,1,1,train,0.41033563017845154,0.5896643996238708
27687,1,1,1,1,train,0.18368351459503174,0.8163164854049683
27706,1,1,1,1,train,0.14655737578868866,0.8534426093101501
27709,1,1,1,1,train,0.19499368965625763,0.8050063252449036
27710,1,1,1,1,train,0.260753870010376,0.739246129989624
27711,1,1,1,1,train,0.2540472447872162,0.7459527850151062
27712,1,1,1,1,train,0.2595055103302002,0.7404945492744446
27731,1,1,1,1,train,0.4204672873020172,0.5795327425003052
27736,1,1,1,1,train,0.4173952043056488,0.5826048254966736
27739,1,1,1,1,train,0.42269739508628845,0.5773025751113892
27750,1,1,1,1,train,0.17784185707569122,0.82215815782547
27777,1,1,1,1,train,0.1954192966222763,0.8045806884765625
27782,1,1,1,1,train,0.4380597770214081,0.5619402527809143
27785,1,1,1,1,train,0.23583753407001495,0.7641624808311462
27796,1,1,1,1,train,0.40107041597366333,0.5989295840263367
27798,1,1,1,1,train,0.3964126706123352,0.60358726978302
27802,1,1,1,1,train,0.2031896710395813,0.7968103289604187
27856,1,1,1,1,train,0.15258477628231049,0.8474152088165283
27859,1,1,1,1,train,0.19272370636463165,0.8072762489318848
27861,1,1,1,1,train,0.21882937848567963,0.7811705470085144
27863,1,1,1,1,train,0.17277394235134125,0.8272260427474976
27864,1,1,1,1,train,0.1466985046863556,0.853301465511322
27875,1,1,1,1,train,0.20844286680221558,0.7915571928024292
27877,1,1,1,1,train,0.20330578088760376,0.7966942191123962
27883,1,1,1,1,train,0.18301641941070557,0.8169836401939392
27884,1,1,1,1,train,0.4246028959751129,0.5753971338272095
27892,1,1,1,1,train,0.15282957255840302,0.8471704125404358
27896,1,1,1,1,train,0.17917171120643616,0.820828378200531
27898,1,1,1,1,train,0.22213812172412872,0.7778618931770325
27911,1,1,1,1,train,0.20137375593185425,0.7986262440681458
27915,1,1,1,1,train,0.19224677979946136,0.8077532649040222
27922,1,1,1,1,train,0.2534666359424591,0.7465333342552185
27924,1,1,1,1,train,0.1993715763092041,0.8006284832954407
27936,1,1,1,1,train,0.17926262319087982,0.820737361907959
27939,1,1,1,1,train,0.22550548613071442,0.774494469165802
27949,1,1,1,1,train,0.3896065950393677,0.6103934049606323
27951,1,1,1,1,train,0.3493500053882599,0.6506500244140625
27968,1,1,1,1,train,0.17559581995010376,0.824404239654541
27986,1,1,1,1,train,0.3512406647205353,0.6487593054771423
27997,1,1,1,1,train,0.16392087936401367,0.8360790610313416
28008,1,1,1,1,train,0.17271298170089722,0.827286958694458
28021,1,1,1,1,train,0.39604148268699646,0.6039584875106812
28023,1,1,1,1,train,0.3960382342338562,0.6039617657661438
28034,1,1,1,1,train,0.3268500566482544,0.6731499433517456
28038,1,1,1,1,train,0.3882734477519989,0.6117265820503235
28044,1,1,1,1,train,0.377534955739975,0.6224650740623474
28074,1,1,1,1,train,0.15424397587776184,0.8457559943199158
28075,1,1,1,1,train,0.15270286798477173,0.847297191619873
28132,1,1,1,1,train,0.16467158496379852,0.8353284597396851
28133,1,1,1,1,train,0.36277690529823303,0.6372230648994446
28134,1,1,1,1,train,0.3697936534881592,0.6302064061164856
28140,1,1,1,1,train,0.4121078848838806,0.5878921151161194
28143,1,1,1,1,train,0.3694303035736084,0.6305696368217468
28191,1,1,1,1,train,0.17419007420539856,0.8258099555969238
28192,1,1,1,1,train,0.3632654845714569,0.6367345452308655
28197,1,1,1,1,train,0.15236185491085052,0.8476380705833435
28204,1,1,1,1,train,0.36087265610694885,0.6391273736953735
28205,1,1,1,1,train,0.19996270537376404,0.8000372052192688
28216,1,1,1,1,train,0.368468314409256,0.6315316557884216
28219,1,1,1,1,train,0.25914281606674194,0.7408571839332581
28225,0,1,0,1,train,0.3968488574028015,0.6031511425971985
28244,1,1,1,1,train,0.1498512327671051,0.8501487374305725
28254,1,1,1,1,train,0.21519024670124054,0.7848097681999207
28255,1,1,1,1,train,0.4858815371990204,0.5141184329986572
28258,1,1,1,1,train,0.3692314028739929,0.6307685971260071
28271,1,1,1,1,train,0.16189050674438477,0.8381094932556152
28272,1,1,1,1,train,0.1880924105644226,0.8119075894355774
28296,1,1,1,1,train,0.2494974285364151,0.7505025863647461
28309,1,1,1,1,train,0.39307233691215515,0.6069276332855225
28315,1,1,1,1,train,0.3940141499042511,0.6059858798980713
28316,1,1,1,1,train,0.41341373324394226,0.5865863561630249
28321,1,1,1,1,train,0.33658838272094727,0.6634116172790527
28327,1,1,1,1,train,0.34417688846588135,0.6558230519294739
28362,1,1,1,1,train,0.3596121370792389,0.6403878331184387
28370,1,1,1,1,train,0.18906156718730927,0.8109384179115295
28384,1,1,1,1,train,0.15974442660808563,0.840255618095398
28399,1,1,1,1,train,0.2305668592453003,0.7694331407546997
28400,1,1,1,1,train,0.23092134296894073,0.7690786123275757
28401,1,1,1,1,train,0.26639991998672485,0.7336000204086304
28402,1,1,1,1,train,0.2666599154472351,0.7333400845527649
28403,1,1,1,1,train,0.268364280462265,0.7316356897354126
28405,1,1,1,1,train,0.2632288336753845,0.7367712259292603
28406,1,1,1,1,train,0.2655632197856903,0.7344368100166321
28407,1,1,1,1,train,0.2637796700000763,0.7362203598022461
28408,1,1,1,1,train,0.3541187644004822,0.6458812952041626
28420,1,1,1,1,train,0.17404071986675262,0.825959324836731
28442,1,1,1,1,train,0.16359475255012512,0.8364052772521973
28451,1,1,1,1,train,0.19902090728282928,0.8009791374206543
28453,1,1,1,1,train,0.19640286266803741,0.803597092628479
28461,1,1,1,1,train,0.25358062982559204,0.746419370174408
28465,1,1,1,1,train,0.16518615186214447,0.8348138928413391
28471,1,1,1,1,train,0.18701748549938202,0.8129824995994568
28473,1,1,1,1,train,0.1970217376947403,0.8029782772064209
28486,1,1,1,1,train,0.3257450759410858,0.6742549538612366
28515,1,1,1,1,train,0.34520676732063293,0.6547933220863342
28519,1,1,1,1,train,0.15649956464767456,0.8435003757476807
28532,1,1,1,1,train,0.28440168499946594,0.7155982851982117
28540,1,1,1,1,train,0.4054332673549652,0.5945667028427124
28560,1,1,1,1,train,0.2235611528158188,0.77643883228302
28561,1,1,1,1,train,0.2196897566318512,0.7803102135658264
28579,1,1,1,1,train,0.4132791757583618,0.586720883846283
28581,1,1,1,1,train,0.18017394840717316,0.819826066493988
28592,1,1,1,1,train,0.39793819189071655,0.6020617485046387
28597,0,0,0,0,train,0.5565156936645508,0.4434843361377716
28598,1,0,1,0,train,0.5467039942741394,0.4532960057258606
28599,1,0,1,0,train,0.5669134259223938,0.4330865442752838
28600,1,1,1,1,train,0.4035002887248993,0.5964996814727783
28601,0,0,0,0,train,0.5468491315841675,0.4531508684158325
28602,1,1,1,1,train,0.49039971828460693,0.5096002817153931
28612,1,1,1,1,train,0.15349090099334717,0.8465090990066528
28613,1,1,1,1,train,0.13946060836315155,0.8605393171310425
28616,1,1,1,1,train,0.22880233824253082,0.7711976170539856
28617,1,1,1,1,train,0.21476000547409058,0.7852399945259094
28624,1,1,1,1,train,0.15315213799476624,0.8468478322029114
28664,1,1,1,1,train,0.14627127349376678,0.8537287712097168
28665,1,1,1,1,train,0.224754199385643,0.7752458453178406
28675,1,1,1,1,train,0.12247530370950699,0.877524733543396
28677,1,1,1,1,train,0.2497204691171646,0.7502794861793518
28678,1,1,1,1,train,0.1393147110939026,0.8606852889060974
28679,1,1,1,1,train,0.17017728090286255,0.8298227190971375
28685,1,1,1,1,train,0.17514614760875702,0.824853777885437
28705,1,1,1,1,train,0.2422841638326645,0.7577158212661743
28714,1,1,1,1,train,0.18817999958992004,0.8118199706077576
28728,1,1,1,1,train,0.167466402053833,0.8325335383415222
28775,1,1,1,1,train,0.15299880504608154,0.8470011353492737
28807,0,0,0,0,train,0.559420645236969,0.4405793845653534
28829,1,1,1,1,train,0.21606667339801788,0.7839333415031433
28831,1,1,1,1,train,0.3520669937133789,0.6479329466819763
28832,1,1,1,1,train,0.3518998324871063,0.6481001377105713
28836,1,1,1,1,train,0.17579065263271332,0.8242093324661255
28851,1,1,1,1,train,0.2627268135547638,0.7372732758522034
28852,1,1,1,1,train,0.39332258701324463,0.6066774129867554
28854,1,1,1,1,train,0.21376852691173553,0.7862314581871033
28855,1,1,1,1,train,0.20147915184497833,0.7985208034515381
28863,1,0,1,0,train,0.5073437690734863,0.4926561415195465
28872,1,1,1,1,train,0.18611060082912445,0.8138893842697144
28874,1,0,1,0,train,0.5272508263587952,0.47274911403656006
28881,1,0,1,0,train,0.5109001398086548,0.4890998899936676
28887,1,0,1,0,train,0.5363673567771912,0.463632732629776
28891,1,1,1,1,train,0.18498803675174713,0.8150119781494141
28954,1,1,1,1,train,0.24620193243026733,0.7537980675697327
28959,1,0,1,0,train,0.5215833783149719,0.4784165918827057
28964,1,0,1,0,train,0.5140246152877808,0.48597535490989685
28966,1,1,1,1,train,0.3589017689228058,0.6410982012748718
28967,1,1,1,1,train,0.36008670926094055,0.6399133205413818
28968,0,1,0,1,train,0.3228796720504761,0.6771203279495239
28969,1,1,1,1,train,0.2277495563030243,0.7722504734992981
28970,1,1,1,1,train,0.3541065752506256,0.645893394947052
28977,1,1,1,1,train,0.18385225534439087,0.8161477446556091
28981,1,1,1,1,train,0.13779211044311523,0.86220782995224
28982,1,1,1,1,train,0.17060542106628418,0.8293945789337158
28986,1,1,1,1,train,0.16017092764377594,0.8398290276527405
28987,1,1,1,1,train,0.2530762851238251,0.7469237446784973
28991,1,1,1,1,train,0.18322420120239258,0.8167758584022522
28992,1,1,1,1,train,0.18669986724853516,0.8133000731468201
28993,1,1,1,1,train,0.15573109686374664,0.8442689180374146
28994,1,1,1,1,train,0.2385692000389099,0.7614307403564453
29003,1,1,1,1,train,0.1979835480451584,0.8020163774490356
29018,1,1,1,1,train,0.21964356303215027,0.7803564071655273
29031,1,1,1,1,train,0.24720022082328796,0.7527998089790344
29032,1,1,1,1,train,0.3669232130050659,0.6330767869949341
29039,1,1,1,1,train,0.22536715865135193,0.7746328115463257
29040,1,1,1,1,train,0.13568946719169617,0.8643105030059814
29050,1,1,1,1,train,0.1796199083328247,0.8203800916671753
29055,1,1,1,1,train,0.25194334983825684,0.7480566501617432
29075,1,1,1,1,train,0.16905580461025238,0.8309442400932312
29083,1,1,1,1,train,0.13136029243469238,0.8686397075653076
29084,1,1,1,1,train,0.38846954703330994,0.6115304827690125
29086,1,1,1,1,train,0.17594249546527863,0.8240575194358826
29102,1,1,1,1,train,0.2230699509382248,0.7769300937652588
29108,1,1,1,1,train,0.3623203635215759,0.6376796364784241
29109,0,1,0,1,train,0.4783923923969269,0.5216076374053955
29115,1,1,1,1,train,0.40134698152542114,0.5986530780792236
29118,1,1,1,1,train,0.244034081697464,0.7559659481048584
29119,1,1,1,1,train,0.39247262477874756,0.6075273752212524
29121,1,1,1,1,train,0.20364636182785034,0.7963536977767944
29125,1,1,1,1,train,0.22168418765068054,0.7783157825469971
29127,1,0,1,0,train,0.5766186118125916,0.42338141798973083
29130,1,1,1,1,train,0.22692255675792694,0.7730774879455566
29133,1,1,1,1,train,0.151316836476326,0.8486831188201904
29136,1,1,1,1,train,0.15176405012607574,0.8482359051704407
29139,1,1,1,1,train,0.40053585171699524,0.5994641184806824
29140,1,1,1,1,train,0.21647188067436218,0.7835281491279602
29154,1,1,1,1,train,0.2431773543357849,0.7568225860595703
29159,0,0,0,0,train,0.5050150156021118,0.49498501420021057
29160,1,1,1,1,train,0.4390839636325836,0.560916006565094
29169,0,0,0,0,train,0.5406228303909302,0.4593771994113922
29179,1,1,1,1,train,0.16252641379833221,0.8374736309051514
29188,1,1,1,1,train,0.3100099563598633,0.6899900436401367
29193,1,1,1,1,train,0.3296767771244049,0.6703232526779175
29194,1,1,1,1,train,0.37785694003105164,0.622143030166626
29195,1,1,1,1,train,0.36711248755455017,0.6328875422477722
29197,1,1,1,1,train,0.40297427773475647,0.5970257520675659
29204,1,1,1,1,train,0.18747159838676453,0.8125283718109131
29205,1,1,1,1,train,0.3869163691997528,0.6130836606025696
29225,1,1,1,1,train,0.4128586947917938,0.5871412754058838
29265,1,1,1,1,train,0.46964189410209656,0.5303581357002258
29306,1,1,1,1,train,0.18303894996643066,0.8169611096382141
29313,1,1,1,1,train,0.4152001440525055,0.5847997665405273
29324,1,1,1,1,train,0.35520777106285095,0.6447922587394714
29331,1,1,1,1,train,0.42985522747039795,0.5701448321342468
29336,1,1,1,1,train,0.3589377999305725,0.6410622000694275
29368,1,1,1,1,train,0.19242259860038757,0.8075774312019348
29391,1,1,1,1,train,0.37669360637664795,0.623306393623352
29421,1,1,1,1,train,0.48788613080978394,0.5121138691902161
29460,1,1,1,1,train,0.13708817958831787,0.8629118204116821
29464,1,1,1,1,train,0.39242812991142273,0.6075718402862549
29488,1,1,1,1,train,0.40446826815605164,0.5955317616462708
29502,1,1,1,1,train,0.1444840282201767,0.8555159568786621
29508,1,1,1,1,train,0.1380743831396103,0.8619256019592285
29530,1,1,1,1,train,0.38592880964279175,0.6140711903572083
29531,1,1,1,1,train,0.3872779905796051,0.6127220392227173
29545,0,1,0,1,train,0.214399516582489,0.785600483417511
29559,0,1,0,1,train,0.17372024059295654,0.8262797594070435
29583,1,1,1,1,train,0.4063841700553894,0.5936158895492554
29584,1,1,1,1,train,0.40546807646751404,0.5945318937301636
29585,1,1,1,1,train,0.40690240263938904,0.5930976271629333
29594,1,1,1,1,train,0.1576613038778305,0.8423386216163635
29597,1,1,1,1,train,0.22582215070724487,0.7741778492927551
29598,1,1,1,1,train,0.38321542739868164,0.6167845726013184
29599,1,1,1,1,train,0.37957075238227844,0.620429277420044
29600,1,1,1,1,train,0.3766144812107086,0.6233856081962585
29601,1,1,1,1,train,0.38935521245002747,0.6106447577476501
29602,1,1,1,1,train,0.3783366084098816,0.6216633915901184
29623,1,1,1,1,train,0.237688809633255,0.7623111605644226
29624,1,1,1,1,train,0.40603405237197876,0.5939659476280212
29625,1,1,1,1,train,0.4056398570537567,0.5943600535392761
29626,1,1,1,1,train,0.1911696046590805,0.8088303804397583
29627,1,1,1,1,train,0.2800704538822174,0.719929575920105
29636,1,1,1,1,train,0.21774448454380035,0.7822555303573608
29648,1,1,1,1,train,0.33048543334007263,0.6695145964622498
29649,1,1,1,1,train,0.3290504813194275,0.6709495186805725
29662,1,1,1,1,train,0.38408079743385315,0.6159191131591797
29667,1,1,1,1,train,0.35078564286231995,0.6492143869400024
29671,1,1,1,1,train,0.4170113801956177,0.5829886198043823
29690,1,1,1,1,train,0.1464146226644516,0.853585422039032
29693,1,1,1,1,train,0.20043814182281494,0.7995618581771851
29694,1,1,1,1,train,0.3576878011226654,0.6423121690750122
29695,1,1,1,1,train,0.23039673268795013,0.7696032524108887
29696,1,1,1,1,train,0.3553924560546875,0.6446075439453125
29704,1,1,1,1,train,0.43554022908210754,0.5644598007202148
29734,1,1,1,1,train,0.22157907485961914,0.7784209251403809
29735,1,1,1,1,train,0.3936866819858551,0.6063133478164673
29736,1,1,1,1,train,0.38575491309165955,0.6142450571060181
29737,1,1,1,1,train,0.39179280400276184,0.6082072257995605
29738,1,1,1,1,train,0.38558271527290344,0.6144172549247742
29739,1,1,1,1,train,0.3882133662700653,0.6117866635322571
29740,1,1,1,1,train,0.3834517002105713,0.6165483593940735
29743,1,1,1,1,train,0.17118550837039948,0.8288145065307617
29755,1,1,1,1,train,0.14013051986694336,0.8598694801330566
29756,1,1,1,1,train,0.23817124962806702,0.7618287801742554
29759,1,1,1,1,train,0.24228468537330627,0.7577152252197266
29775,1,1,1,1,train,0.20118771493434906,0.7988122701644897
29785,1,1,1,1,train,0.1723456084728241,0.8276543617248535
29791,1,1,1,1,train,0.2108852118253708,0.789114773273468
29794,1,1,1,1,train,0.21266911923885345,0.7873308658599854
29810,1,1,1,1,train,0.17891299724578857,0.8210870623588562
29814,1,1,1,1,train,0.24940192699432373,0.750598132610321
29834,1,1,1,1,train,0.18866482377052307,0.8113352060317993
29835,1,1,1,1,train,0.1682204306125641,0.8317795395851135
29839,0,1,0,1,train,0.4487159848213196,0.5512840151786804
29861,1,1,1,1,train,0.3731900751590729,0.6268098950386047
29863,1,1,1,1,train,0.32988694310188293,0.6701130867004395
29872,1,1,1,1,train,0.375911146402359,0.6240888833999634
29873,1,1,1,1,train,0.37177735567092896,0.628222644329071
29874,1,1,1,1,train,0.17792849242687225,0.8220714926719666
29875,1,1,1,1,train,0.22364456951618195,0.776355504989624
29876,1,1,1,1,train,0.3857314884662628,0.6142684817314148
29933,1,1,1,1,train,0.439042866230011,0.5609570741653442
29935,1,1,1,1,train,0.24005438387393951,0.7599456310272217
29961,1,1,1,1,train,0.15740320086479187,0.8425967693328857
29962,1,1,1,1,train,0.22709333896636963,0.7729066610336304
29969,1,0,1,0,train,0.5058786869049072,0.4941213130950928
29983,1,1,1,1,train,0.15056666731834412,0.8494333624839783
29987,1,1,1,1,train,0.4347698986530304,0.5652300715446472
30040,1,1,1,1,train,0.24821940064430237,0.7517805695533752
30041,1,1,1,1,train,0.35024136304855347,0.6497586965560913
30042,1,1,1,1,train,0.23165667057037354,0.7683433294296265
30043,1,1,1,1,train,0.3476976156234741,0.6523023843765259
30044,1,1,1,1,train,0.3463633954524994,0.6536365151405334
30048,1,1,1,1,train,0.3561234772205353,0.6438764929771423
30092,1,1,1,1,train,0.19657379388809204,0.8034261465072632
30093,1,1,1,1,train,0.3960702121257782,0.6039296984672546
30096,1,1,1,1,train,0.4396619200706482,0.5603380799293518
30097,1,1,1,1,train,0.21291354298591614,0.7870864272117615
30104,1,1,1,1,train,0.34916919469833374,0.6508308053016663
30112,1,1,1,1,train,0.40157008171081543,0.5984299778938293
30118,1,1,1,1,train,0.14180992543697357,0.8581900596618652
30126,1,1,1,1,train,0.15546771883964539,0.8445323705673218
30132,1,1,1,1,train,0.2432621568441391,0.7567378878593445
30133,1,1,1,1,train,0.3710326850414276,0.62896728515625
30134,1,1,1,1,train,0.18166327476501465,0.8183367252349854
30142,1,1,1,1,train,0.14241133630275726,0.8575886487960815
30150,1,1,1,1,train,0.3847099840641022,0.6152899861335754
30168,1,1,1,1,train,0.3615482449531555,0.6384518146514893
30170,1,1,1,1,train,0.20405322313308716,0.7959467768669128
30171,1,1,1,1,train,0.19380010664463043,0.806199848651886
30206,1,1,1,1,train,0.18028020858764648,0.8197197914123535
30214,1,1,1,1,train,0.39367565512657166,0.6063242554664612
30216,1,1,1,1,train,0.3857402205467224,0.6142597794532776
30217,1,1,1,1,train,0.39400655031204224,0.605993390083313
30219,1,1,1,1,train,0.21917738020420074,0.7808226346969604
30220,1,1,1,1,train,0.38610196113586426,0.6138980388641357
30224,1,1,1,1,train,0.21191993355751038,0.788080096244812
30237,1,0,1,0,train,0.5380660891532898,0.4619339108467102
30239,1,1,1,1,train,0.4128967523574829,0.5871032476425171
30260,1,1,1,1,train,0.43333524465560913,0.5666648149490356
30263,1,1,1,1,train,0.34420180320739746,0.6557981967926025
30266,1,1,1,1,train,0.1897127777338028,0.8102872371673584
30267,1,1,1,1,train,0.1714954823255539,0.8285045027732849
30269,1,1,1,1,train,0.13168758153915405,0.868312418460846
30270,1,1,1,1,train,0.28431665897369385,0.7156834006309509
30272,1,1,1,1,train,0.25812211632728577,0.7418779134750366
30273,1,1,1,1,train,0.23850049078464508,0.7614994645118713
30286,1,1,1,1,train,0.38588932156562805,0.6141106486320496
30300,1,1,1,1,train,0.3827120363712311,0.6172879934310913
30313,1,1,1,1,train,0.36832568049430847,0.6316744089126587
30314,1,1,1,1,train,0.14047905802726746,0.8595209121704102
30340,1,1,1,1,train,0.21269147098064423,0.7873084545135498
30345,1,1,1,1,train,0.2025945782661438,0.7974054217338562
30355,1,1,1,1,train,0.12866677343845367,0.8713331818580627
30357,1,1,1,1,train,0.2907857298851013,0.7092142105102539
30373,1,1,1,1,train,0.2549457550048828,0.745054304599762
30381,1,1,1,1,train,0.41093337535858154,0.5890666246414185
30382,1,1,1,1,train,0.4165118634700775,0.5834881067276001
30403,1,1,1,1,train,0.15079949796199799,0.8492004871368408
30405,1,1,1,1,train,0.19572004675865173,0.8042799830436707
30419,1,1,1,1,train,0.36779049038887024,0.6322095990180969
30426,1,1,1,1,train,0.18304404616355896,0.8169559240341187
30427,1,1,1,1,train,0.3989764451980591,0.6010235548019409
30434,1,1,1,1,train,0.24981354176998138,0.7501864433288574
30441,1,1,1,1,train,0.20625312626361847,0.7937469482421875
30443,1,1,1,1,train,0.1332053691148758,0.8667946457862854
30445,1,1,1,1,train,0.40049996972084045,0.5995000004768372
30454,1,1,1,1,train,0.42842531204223633,0.5715746879577637
30461,1,1,1,1,train,0.35317954421043396,0.6468204259872437
30478,1,1,1,1,train,0.3772556483745575,0.6227443218231201
30479,1,1,1,1,train,0.3837525546550751,0.6162474751472473
30480,1,1,1,1,train,0.23412984609603882,0.7658701539039612
30481,1,1,1,1,train,0.38890618085861206,0.6110938191413879
30482,1,1,1,1,train,0.38509172201156616,0.6149082779884338
30492,1,1,1,1,train,0.39521557092666626,0.6047844290733337
30493,1,1,1,1,train,0.395489901304245,0.6045100092887878
30496,1,1,1,1,train,0.19459062814712524,0.80540931224823
30506,0,1,0,1,train,0.4301230311393738,0.5698769688606262
30511,1,1,1,1,train,0.178818017244339,0.8211820125579834
30535,1,1,1,1,train,0.17142683267593384,0.8285731673240662
30547,1,1,1,1,train,0.37289848923683167,0.6271015405654907
30548,1,1,1,1,train,0.3709155321121216,0.6290844082832336
30549,1,1,1,1,train,0.370269775390625,0.629730224609375
30558,1,1,1,1,train,0.18494242429733276,0.8150575160980225
30562,1,1,1,1,train,0.33536261320114136,0.6646373867988586
30563,1,1,1,1,train,0.2647031843662262,0.7352967262268066
30564,1,1,1,1,train,0.2887192368507385,0.7112807631492615
30578,1,1,1,1,train,0.1956755518913269,0.8043244481086731
30590,1,1,1,1,train,0.2275370955467224,0.7724629044532776
30591,1,1,1,1,train,0.3993995487689972,0.6006004214286804
30593,1,1,1,1,train,0.23199929296970367,0.7680006623268127
30594,1,1,1,1,train,0.39726030826568604,0.602739691734314
30608,1,1,1,1,train,0.34052422642707825,0.6594757437705994
30609,1,1,1,1,train,0.3699699938297272,0.6300300359725952
30610,1,1,1,1,train,0.3787904977798462,0.6212095022201538
30613,1,1,1,1,train,0.24852067232131958,0.7514793276786804
30627,1,1,1,1,train,0.4074428677558899,0.5925571322441101
30633,1,1,1,1,train,0.37913134694099426,0.6208686232566833
30641,1,1,1,1,train,0.19292375445365906,0.8070762753486633
30645,1,1,1,1,train,0.164448082447052,0.835551917552948
30653,1,1,1,1,train,0.19421416521072388,0.8057858943939209
30657,1,1,1,1,train,0.171937495470047,0.8280625343322754
30672,1,1,1,1,train,0.44284725189208984,0.5571527481079102
30676,1,1,1,1,train,0.20958609879016876,0.7904139757156372
30692,1,1,1,1,train,0.1570138782262802,0.8429861068725586
30700,1,1,1,1,train,0.22304485738277435,0.7769551873207092
30701,1,1,1,1,train,0.16976073384284973,0.8302392363548279
30706,1,1,1,1,train,0.15823258459568024,0.841767430305481
30708,1,1,1,1,train,0.20988981425762177,0.7901102304458618
30747,1,1,1,1,train,0.3874117434024811,0.6125882267951965
30772,1,1,1,1,train,0.17343024909496307,0.8265697360038757
30773,1,1,1,1,train,0.3955545425415039,0.6044454574584961
30774,1,1,1,1,train,0.20411080121994019,0.795889139175415
30794,1,1,1,1,train,0.206776425242424,0.7932235598564148
30801,1,1,1,1,train,0.3687494993209839,0.6312505006790161
30806,1,1,1,1,train,0.15911614894866943,0.8408839106559753
30816,1,1,1,1,train,0.479936808347702,0.5200632214546204
30872,1,1,1,1,train,0.20295880734920502,0.7970411777496338
30904,1,1,1,1,train,0.15675000846385956,0.8432499766349792
30988,1,1,1,1,train,0.17290157079696655,0.8270983695983887
31103,1,1,1,1,train,0.35709261894226074,0.6429073810577393
31169,1,1,1,1,train,0.26262167096138,0.7373783588409424
31213,1,1,1,1,train,0.14737412333488464,0.852625846862793
31214,1,1,1,1,train,0.18473830819129944,0.8152616620063782
31215,1,1,1,1,train,0.21680615842342377,0.7831938862800598
31216,1,1,1,1,train,0.3853299915790558,0.6146699786186218
31220,1,1,1,1,train,0.18136240541934967,0.8186376094818115
31242,1,1,1,1,train,0.1665198653936386,0.833480179309845
31247,1,1,1,1,train,0.15573108196258545,0.8442689180374146
31258,1,1,1,1,train,0.405524879693985,0.5944750905036926
31265,1,1,1,1,train,0.35728853940963745,0.6427114605903625
31268,0,0,0,0,train,0.5886978507041931,0.4113021194934845
31308,1,1,1,1,train,0.15894779562950134,0.841052234172821
31312,1,1,1,1,train,0.16314534842967987,0.8368546962738037
31339,1,1,1,1,train,0.24914084374904633,0.7508591413497925
31340,1,1,1,1,train,0.21109870076179504,0.7889012694358826
31409,1,1,1,1,train,0.1909843236207962,0.8090157508850098
31419,1,1,1,1,train,0.2147200107574463,0.7852800488471985
31420,1,1,1,1,train,0.3822648227214813,0.6177352070808411
31433,1,1,1,1,train,0.18412497639656067,0.8158749938011169
31442,1,1,1,1,train,0.19877836108207703,0.8012216687202454
31445,1,1,1,1,train,0.2441977858543396,0.7558022141456604
31453,1,1,1,1,train,0.20596139132976532,0.7940385937690735
31457,1,1,1,1,train,0.3620153069496155,0.6379846930503845
31458,1,1,1,1,train,0.36439818143844604,0.635601818561554
31464,1,1,1,1,train,0.24041546881198883,0.7595844864845276
31465,1,1,1,1,train,0.2272462248802185,0.7727537155151367
31468,1,1,1,1,train,0.25211301445961,0.7478870153427124
31469,1,1,1,1,train,0.2515254020690918,0.7484745383262634
31479,1,1,1,1,train,0.18001727759838104,0.819982647895813
31491,1,1,1,1,train,0.40605297684669495,0.5939469933509827
31497,1,1,1,1,train,0.25608882308006287,0.7439111471176147
31517,1,1,1,1,train,0.3743997812271118,0.6256002187728882
31524,1,1,1,1,train,0.36281225085258484,0.6371877789497375
31527,1,1,1,1,train,0.3907248079776764,0.6092751622200012
31530,1,1,1,1,train,0.4111463129520416,0.588853657245636
31537,1,1,1,1,train,0.22206413745880127,0.7779359221458435
31538,1,1,1,1,train,0.4056830406188965,0.5943169593811035
31540,1,1,1,1,train,0.19996125996112823,0.800038754940033
31544,1,1,1,1,train,0.2548030912876129,0.7451969385147095
31548,1,1,1,1,train,0.23423272371292114,0.7657672166824341
31552,1,1,1,1,train,0.23126846551895142,0.7687314748764038
31557,0,1,0,1,train,0.28030064702033997,0.7196993231773376
31567,1,1,1,1,train,0.2096283882856369,0.7903716564178467
31572,1,1,1,1,train,0.14726166427135468,0.8527383208274841
31575,1,1,1,1,train,0.1763543039560318,0.8236456513404846
31588,1,1,1,1,train,0.38660597801208496,0.613394021987915
31592,1,1,1,1,train,0.19723480939865112,0.8027651906013489
31597,1,1,1,1,train,0.24313309788703918,0.7568669319152832
31615,1,1,1,1,train,0.3960780203342438,0.6039220094680786
31616,1,1,1,1,train,0.40067052841186523,0.59932941198349
31617,1,1,1,1,train,0.17891433835029602,0.8210856318473816
31621,1,1,1,1,train,0.23470115661621094,0.7652989029884338
31622,1,1,1,1,train,0.16068418323993683,0.8393157720565796
31623,1,1,1,1,train,0.24034282565116882,0.7596572041511536
31624,1,1,1,1,train,0.4201553761959076,0.5798446536064148
31629,1,1,1,1,train,0.13910405337810516,0.8608959317207336
31635,1,1,1,1,train,0.2824959456920624,0.7175040245056152
31636,1,1,1,1,train,0.260150671005249,0.7398492693901062
31646,1,1,1,1,train,0.4036047160625458,0.5963953137397766
31650,1,1,1,1,train,0.3890438377857208,0.6109561920166016
31670,1,1,1,1,train,0.19575746357440948,0.8042424917221069
31671,1,1,1,1,train,0.20189276337623596,0.7981072068214417
31679,1,1,1,1,train,0.41754892468452454,0.5824511051177979
31694,0,1,0,1,train,0.46801918745040894,0.5319807529449463
31711,1,1,1,1,train,0.4451751410961151,0.5548248887062073
31712,1,1,1,1,train,0.44154292345046997,0.55845707654953
31713,1,1,1,1,train,0.4228564500808716,0.5771435499191284
31732,1,1,1,1,train,0.21630586683750153,0.7836941480636597
31737,1,1,1,1,train,0.2512046992778778,0.7487953305244446
31756,1,1,1,1,train,0.2067132592201233,0.7932868003845215
31763,1,1,1,1,train,0.2006983757019043,0.7993016242980957
31764,1,1,1,1,train,0.36177459359169006,0.6382254362106323
31774,1,1,1,1,train,0.3753306567668915,0.6246693730354309
31775,1,1,1,1,train,0.24779075384140015,0.7522092461585999
31779,1,1,1,1,train,0.3700186312198639,0.6299813389778137
31786,1,1,1,1,train,0.19983208179473877,0.8001678586006165
31804,1,1,1,1,train,0.38769569993019104,0.6123042702674866
31807,1,1,1,1,train,0.3918429911136627,0.6081570386886597
31819,1,1,1,1,train,0.39948713779449463,0.6005129218101501
31821,0,0,0,0,train,0.5459607839584351,0.45403918623924255
31826,0,0,0,0,train,0.5915154218673706,0.4084846079349518
31827,0,0,0,0,train,0.5724003314971924,0.42759960889816284
31828,0,0,0,0,train,0.5342681407928467,0.46573182940483093
31829,0,0,0,0,train,0.5289947390556335,0.47100532054901123
31830,1,0,1,0,train,0.5328559875488281,0.4671440124511719
31831,0,0,0,0,train,0.5705997347831726,0.429400235414505
31832,0,0,0,0,train,0.5344937443733215,0.46550628542900085
31833,0,0,0,0,train,0.544465959072113,0.4555340111255646
31834,0,0,0,0,train,0.567914605140686,0.4320853054523468
31835,0,0,0,0,train,0.5115751624107361,0.48842480778694153
31838,1,0,1,0,train,0.5992208123207092,0.4007791578769684
31839,1,0,1,0,train,0.5833861827850342,0.4166138172149658
31840,0,0,0,0,train,0.5934942960739136,0.4065057039260864
31841,1,0,1,0,train,0.5246890783309937,0.47531092166900635
31842,0,1,0,1,train,0.4972321689128876,0.5027678608894348
31847,0,0,0,0,train,0.5963776111602783,0.4036223888397217
31849,1,0,1,0,train,0.5520421266555786,0.4479579031467438
31850,1,0,1,0,train,0.5238837003707886,0.47611624002456665
31851,1,0,1,0,train,0.5460509061813354,0.4539490342140198
31852,0,0,0,0,train,0.5483661890029907,0.4516337215900421
31853,0,0,0,0,train,0.5349118113517761,0.46508821845054626
31854,0,0,0,0,train,0.5537809133529663,0.4462190866470337
31855,0,0,0,0,train,0.568640410900116,0.43135958909988403
31856,0,1,0,1,train,0.494367390871048,0.5056325793266296
31857,1,1,1,1,train,0.47567033767700195,0.5243296027183533
31858,1,1,1,1,train,0.45469292998313904,0.5453071594238281
31859,1,1,1,1,train,0.49925607442855835,0.5007439851760864
31860,1,1,1,1,train,0.4898282587528229,0.5101717114448547
31861,1,1,1,1,train,0.49622422456741333,0.5037757754325867
31862,1,0,1,0,train,0.5004451870918274,0.499554842710495
31863,0,1,0,1,train,0.4895099401473999,0.5104900598526001
31864,1,0,1,0,train,0.50283282995224,0.4971672296524048
31865,1,1,1,1,train,0.44908031821250916,0.5509196519851685
31866,1,0,1,0,train,0.5123616456985474,0.48763832449913025
31867,1,1,1,1,train,0.425136536359787,0.5748634934425354
31868,1,0,1,0,train,0.5421164631843567,0.4578835070133209
31869,1,1,1,1,train,0.4366227388381958,0.5633772611618042
31870,1,1,1,1,train,0.4895703196525574,0.5104296803474426
31871,1,0,1,0,train,0.5134498476982117,0.48655012249946594
31872,1,0,1,0,train,0.5041676163673401,0.4958324134349823
31875,0,0,0,0,train,0.564736008644104,0.4352640211582184
31876,0,0,0,0,train,0.5432665348052979,0.45673346519470215
31882,1,1,1,1,train,0.46496346592903137,0.5350365042686462
31883,1,0,1,0,train,0.5536925792694092,0.4463074505329132
31884,1,1,1,1,train,0.4571378827095032,0.5428621768951416
31885,1,1,1,1,train,0.49319517612457275,0.5068047642707825
31886,1,0,1,0,train,0.5425961017608643,0.4574039578437805
31887,1,1,1,1,train,0.47726675868034363,0.522733211517334
31888,0,0,0,0,train,0.5282229781150818,0.4717770516872406
31889,1,1,1,1,train,0.48892590403556824,0.5110740661621094
31890,0,0,0,0,train,0.5443593263626099,0.45564067363739014
31891,0,0,0,0,train,0.5263349413871765,0.47366511821746826
31892,0,0,0,0,train,0.5406607389450073,0.4593391716480255
31893,1,1,1,1,train,0.47891783714294434,0.5210821628570557
31894,0,1,0,1,train,0.4712311327457428,0.5287688970565796
31895,1,1,1,1,train,0.49435892701148987,0.5056411027908325
31896,1,1,1,1,train,0.42710456252098083,0.5728954672813416
31897,1,1,1,1,train,0.48116713762283325,0.5188329219818115
31898,1,0,1,0,train,0.5613019466400146,0.43869802355766296
31899,1,0,1,0,train,0.5615727305412292,0.43842729926109314
31900,1,0,1,0,train,0.5586252808570862,0.4413747489452362
31901,1,0,1,0,train,0.5546440482139587,0.44535595178604126
31902,1,0,1,0,train,0.5616059303283691,0.43839412927627563
31903,0,0,0,0,train,0.555819571018219,0.444180428981781
31904,0,0,0,0,train,0.5592666268348694,0.4407333731651306
31905,0,0,0,0,train,0.5345340967178345,0.4654659032821655
31906,1,0,1,0,train,0.5128365159034729,0.4871635437011719
31907,1,0,1,0,train,0.5490521192550659,0.45094794034957886
31908,1,1,1,1,train,0.4328157305717468,0.5671842694282532
31909,1,1,1,1,train,0.4205833375453949,0.5794166922569275
31913,0,0,0,0,train,0.5141456127166748,0.48585429787635803
31914,1,1,1,1,train,0.42192262411117554,0.5780773758888245
31915,0,0,0,0,train,0.5482385754585266,0.4517614245414734
31916,0,1,0,1,train,0.46919193863868713,0.5308080911636353
31918,1,1,1,1,train,0.39017564058303833,0.6098243594169617
31919,1,1,1,1,train,0.45224449038505554,0.5477555394172668
31920,1,1,1,1,train,0.47181275486946106,0.5281872749328613
31921,1,0,1,0,train,0.5403563976287842,0.4596436023712158
31923,1,1,1,1,train,0.4069063067436218,0.5930936932563782
31924,1,1,1,1,train,0.4539972245693207,0.5460028052330017
31925,1,1,1,1,train,0.48625481128692627,0.5137451887130737
31926,1,1,1,1,train,0.4889582395553589,0.5110418200492859
31927,1,1,1,1,train,0.4522082507610321,0.5477917790412903
31928,0,1,0,1,train,0.47774431109428406,0.5222557187080383
31929,1,1,1,1,train,0.4395785629749298,0.5604214668273926
31930,1,1,1,1,train,0.4923163652420044,0.5076835751533508
31931,1,0,1,0,train,0.5146737098693848,0.48532623052597046
31932,0,0,0,0,train,0.5483877658843994,0.4516122043132782
31933,1,1,1,1,train,0.4761696457862854,0.5238302946090698
31934,1,1,1,1,train,0.4775494635105133,0.5224505662918091
31936,1,1,1,1,train,0.4818759262561798,0.5181241631507874
31937,0,0,0,0,train,0.5606366395950317,0.43936339020729065
31938,0,0,0,0,train,0.5586093664169312,0.44139063358306885
31939,1,0,1,0,train,0.5011777877807617,0.4988221526145935
31940,1,1,1,1,train,0.4462486505508423,0.5537513494491577
31941,1,1,1,1,train,0.45733779668807983,0.5426622033119202
31942,1,1,1,1,train,0.4927515685558319,0.5072484612464905
31943,1,1,1,1,train,0.4870343804359436,0.5129656195640564
31944,0,0,0,0,train,0.504019021987915,0.49598097801208496
31945,1,0,1,0,train,0.5023675560951233,0.4976324737071991
31946,1,1,1,1,train,0.4643160402774811,0.5356839895248413
31947,0,0,0,0,train,0.5353860259056091,0.46461397409439087
31948,1,0,1,0,train,0.5646160244941711,0.43538397550582886
31953,1,0,1,0,train,0.578609824180603,0.42139020562171936
31954,1,0,1,0,train,0.5792999267578125,0.4207000136375427
31961,1,0,1,0,train,0.5020799040794373,0.49792012572288513
31962,1,1,1,1,train,0.4825511574745178,0.5174488425254822
31963,0,0,0,0,train,0.5221206545829773,0.4778793752193451
31964,1,0,1,0,train,0.5206245183944702,0.4793754518032074
31965,1,1,1,1,train,0.44342705607414246,0.5565729141235352
31966,0,0,0,0,train,0.5133698582649231,0.4866301715373993
31967,1,0,1,0,train,0.5434535145759583,0.45654651522636414
31968,1,0,1,0,train,0.5691031813621521,0.4308968484401703
31969,1,0,1,0,train,0.5490079522132874,0.4509919583797455
31970,1,1,1,1,train,0.45929867029190063,0.5407013297080994
31971,1,0,1,0,train,0.5159945487976074,0.48400548100471497
31972,1,1,1,1,train,0.4973306357860565,0.5026693344116211
31974,1,1,1,1,train,0.49710944294929504,0.5028905272483826
31977,1,1,1,1,train,0.49525877833366394,0.5047411918640137
31978,1,0,1,0,train,0.5198754072189331,0.4801245927810669
31979,1,1,1,1,train,0.48805707693099976,0.5119429230690002
31982,0,1,0,1,train,0.4876846671104431,0.5123153924942017
31983,1,0,1,0,train,0.5369324088096619,0.46306756138801575
31984,0,0,0,0,train,0.5778898000717163,0.4221101999282837
31985,0,0,0,0,train,0.5839053392410278,0.41609469056129456
31986,1,1,1,1,train,0.4714590609073639,0.5285409092903137
31987,1,1,1,1,train,0.4233745038509369,0.5766254663467407
31988,1,1,1,1,train,0.4759024679660797,0.5240975022315979
31991,0,0,0,0,train,0.5680245161056519,0.43197551369667053
31994,0,0,0,0,train,0.5356552600860596,0.46434471011161804
31995,1,1,1,1,train,0.4272802472114563,0.5727197527885437
31996,1,1,1,1,train,0.48278194665908813,0.5172180533409119
31997,1,0,1,0,train,0.5256215333938599,0.47437846660614014
31998,1,0,1,0,train,0.5251722931861877,0.47482770681381226
31999,1,1,1,1,train,0.4404945969581604,0.5595054626464844
32001,1,1,1,1,train,0.43330827355384827,0.5666916966438293
32002,0,0,0,0,train,0.5072252154350281,0.4927748143672943
32003,1,0,1,0,train,0.5421891212463379,0.4578109085559845
32004,1,0,1,0,train,0.5064340233802795,0.49356594681739807
32005,0,0,0,0,train,0.539885401725769,0.46011459827423096
32006,0,1,0,1,train,0.45395466685295105,0.5460453629493713
32008,0,0,0,0,train,0.5371339321136475,0.4628659784793854
32009,1,1,1,1,train,0.41373950242996216,0.5862604975700378
32010,1,1,1,1,train,0.41966184973716736,0.5803381204605103
32011,1,1,1,1,train,0.4451790153980255,0.5548209547996521
32012,1,1,1,1,train,0.47510597109794617,0.5248940587043762
32013,0,0,0,0,train,0.5374293327331543,0.4625706076622009
32014,1,0,1,0,train,0.5055407881736755,0.49445924162864685
32016,1,0,1,0,train,0.5002321600914001,0.49976781010627747
32018,0,0,0,0,train,0.5419563055038452,0.45804363489151
32019,1,0,1,0,train,0.5000501871109009,0.4999498128890991
32021,1,0,1,0,train,0.5300553441047668,0.46994465589523315
32022,1,0,1,0,train,0.5262826085090637,0.4737173914909363
32023,0,1,0,1,train,0.4981578588485718,0.5018421411514282
32024,0,0,0,0,train,0.539549708366394,0.4604502320289612
32025,1,1,1,1,train,0.4363965690135956,0.563603401184082
32026,1,1,1,1,train,0.4375499486923218,0.562450110912323
32027,1,1,1,1,train,0.4641728401184082,0.5358271598815918
32028,1,1,1,1,train,0.47368669509887695,0.5263132452964783
32029,0,0,0,0,train,0.5349658727645874,0.465034157037735
32030,0,0,0,0,train,0.5348718762397766,0.4651281237602234
32031,0,0,0,0,train,0.5350359082221985,0.46496403217315674
32032,0,0,0,0,train,0.5303252935409546,0.4696747362613678
32033,0,0,0,0,train,0.5742858052253723,0.4257142245769501
32038,0,0,0,0,train,0.5427220463752747,0.45727795362472534
32042,1,0,1,0,train,0.5193526148796082,0.48064741492271423
32043,1,1,1,1,train,0.47228536009788513,0.5277146697044373
32044,1,0,1,0,train,0.5083466172218323,0.4916533827781677
32045,1,0,1,0,train,0.5308998823165894,0.46910005807876587
32046,1,0,1,0,train,0.5693761110305786,0.430623859167099
32047,1,0,1,0,train,0.5337315797805786,0.4662684202194214
32049,1,1,1,1,train,0.42272451519966125,0.5772754549980164
32050,1,1,1,1,train,0.41667604446411133,0.5833239555358887
32051,1,1,1,1,train,0.48179543018341064,0.5182045102119446
32052,0,0,0,0,train,0.5002723932266235,0.49972760677337646
32053,0,1,0,1,train,0.4886932075023651,0.5113067626953125
32054,1,0,1,0,train,0.5278887748718262,0.47211116552352905
32055,1,1,1,1,train,0.48459959030151367,0.5154003500938416
32056,1,1,1,1,train,0.42747214436531067,0.5725278854370117
32057,1,1,1,1,train,0.4499834477901459,0.5500165224075317
32059,1,1,1,1,train,0.4339466392993927,0.5660533308982849
32060,1,1,1,1,train,0.49696728587150574,0.5030326843261719
32061,1,1,1,1,train,0.4985258877277374,0.5014740824699402
32062,1,1,1,1,train,0.49794796109199524,0.5020520687103271
32063,0,0,0,0,train,0.5138720273971558,0.4861280024051666
32064,0,0,0,0,train,0.577254593372345,0.4227454364299774
32065,1,0,1,0,train,0.5305926203727722,0.46940740942955017
32066,0,0,0,0,train,0.6478469371795654,0.3521530330181122
32067,0,0,0,0,train,0.6857645511627197,0.3142354190349579
32068,1,1,1,1,train,0.46164223551750183,0.5383577942848206
32069,1,1,1,1,train,0.4163869619369507,0.5836130380630493
32070,1,1,1,1,train,0.43459442257881165,0.5654056668281555
32073,1,1,1,1,train,0.49513107538223267,0.5048689246177673
32076,1,1,1,1,train,0.4814050793647766,0.5185949206352234
32077,0,1,0,1,train,0.49501731991767883,0.5049826502799988
32078,0,0,0,0,train,0.5972161293029785,0.40278390049934387
32080,1,1,1,1,train,0.455253005027771,0.544746994972229
32082,1,0,1,0,train,0.5234104990959167,0.47658953070640564
32083,1,1,1,1,train,0.4487701952457428,0.5512298345565796
32084,1,1,1,1,train,0.43503817915916443,0.5649617910385132
32085,1,0,1,0,train,0.5009272694587708,0.49907273054122925
32086,1,1,1,1,train,0.39317214488983154,0.6068278551101685
32087,1,1,1,1,train,0.4900262951850891,0.5099737048149109
32088,1,1,1,1,train,0.4906453788280487,0.5093545913696289
32089,1,1,1,1,train,0.4597705900669098,0.5402294397354126
32090,1,1,1,1,train,0.4836617708206177,0.5163382887840271
32091,1,1,1,1,train,0.4269779622554779,0.5730220079421997
32092,0,0,0,0,train,0.5749303698539734,0.4250696301460266
32093,1,1,1,1,train,0.4760283827781677,0.523971676826477
32094,1,1,1,1,train,0.42093998193740845,0.5790600776672363
32095,1,1,1,1,train,0.40580424666404724,0.5941957831382751
32096,1,1,1,1,train,0.39996814727783203,0.6000317931175232
32097,1,0,1,0,train,0.5234972834587097,0.4765027165412903
32098,0,0,0,0,train,0.550891101360321,0.44910892844200134
32099,0,0,0,0,train,0.5818911194801331,0.41810891032218933
32100,0,0,0,0,train,0.5307264924049377,0.46927347779273987
32101,0,0,0,0,train,0.5751689076423645,0.4248310923576355
32102,1,0,1,0,train,0.5800774097442627,0.4199225902557373
32103,1,1,1,1,train,0.4694330096244812,0.5305669903755188
32104,0,0,0,0,train,0.5242581963539124,0.47574183344841003
32105,1,0,1,0,train,0.5622552633285522,0.43774473667144775
32106,1,1,1,1,train,0.42775869369506836,0.5722413063049316
32107,0,0,0,0,train,0.5455543994903564,0.4544455409049988
32108,0,0,0,0,train,0.5455225110054016,0.4544775187969208
32109,0,0,0,0,train,0.5404326915740967,0.4595673382282257
32110,0,0,0,0,train,0.5459133982658386,0.4540866017341614
32111,0,0,0,0,train,0.5457112789154053,0.45428869128227234
32112,0,0,0,0,train,0.5404590964317322,0.4595409333705902
32115,0,0,0,0,train,0.5401333570480347,0.45986664295196533
32116,0,0,0,0,train,0.5244718194007874,0.47552815079689026
32117,0,1,0,1,train,0.4776923656463623,0.5223076939582825
32118,0,0,0,0,train,0.5362198948860168,0.46378010511398315
32119,1,0,1,0,train,0.5568718314170837,0.44312816858291626
32121,1,0,1,0,train,0.5574712157249451,0.4425288438796997
32123,1,0,1,0,train,0.5070933103561401,0.4929066598415375
32124,1,0,1,0,train,0.504350483417511,0.4956496059894562
32125,0,0,0,0,train,0.5080331563949585,0.4919668138027191
32126,1,0,1,0,train,0.5346668362617493,0.46533316373825073
32127,1,0,1,0,train,0.5214260816574097,0.47857391834259033
32128,0,0,0,0,train,0.514272153377533,0.48572787642478943
32129,0,0,0,0,train,0.5087427496910095,0.49125730991363525
32130,1,1,1,1,train,0.4763684570789337,0.5236315131187439
32131,1,1,1,1,train,0.4495975375175476,0.5504024624824524
32132,1,1,1,1,train,0.47502654790878296,0.5249733924865723
32133,1,0,1,0,train,0.5263896584510803,0.4736103415489197
32134,1,0,1,0,train,0.5394660234451294,0.4605339467525482
32135,0,1,0,1,train,0.4976367652416229,0.5023632645606995
32136,1,1,1,1,train,0.4607599377632141,0.5392400622367859
32137,1,1,1,1,train,0.4338032305240631,0.5661967992782593
32138,1,1,1,1,train,0.48881444334983826,0.5111855268478394
32140,1,1,1,1,train,0.4873483180999756,0.5126516222953796
32141,0,0,0,0,train,0.5338017344474792,0.46619826555252075
32142,0,0,0,0,train,0.5053759813308716,0.49462398886680603
32143,0,1,0,1,train,0.4885953366756439,0.5114046931266785
32144,0,0,0,0,train,0.5063914656639099,0.4936085343360901
32145,1,1,1,1,train,0.3926883637905121,0.6073116064071655
32146,1,1,1,1,train,0.45651933550834656,0.543480634689331
32147,0,0,0,0,train,0.5771422386169434,0.42285779118537903
32148,1,1,1,1,train,0.44133952260017395,0.5586605072021484
32152,0,0,0,0,train,0.5016648769378662,0.4983351230621338
32155,0,0,0,0,train,0.5028960108757019,0.4971039593219757
32157,1,1,1,1,train,0.46184903383255005,0.53815096616745
32158,1,0,1,0,train,0.565300703048706,0.43469929695129395
32159,1,0,1,0,train,0.5530233383178711,0.4469766616821289
32160,1,0,1,0,train,0.5397298336029053,0.4602701663970947
32161,0,0,0,0,train,0.5671550035476685,0.4328450560569763
32162,0,0,0,0,train,0.5476957559585571,0.45230430364608765
32163,1,0,1,0,train,0.5622457265853882,0.437754362821579
32164,1,0,1,0,train,0.5143218636512756,0.485678106546402
32165,1,0,1,0,train,0.5549763441085815,0.44502371549606323
32166,1,1,1,1,train,0.45948463678359985,0.5405153632164001
32167,1,1,1,1,train,0.4920962452888489,0.5079037547111511
32168,1,0,1,0,train,0.5049154162406921,0.4950845539569855
32169,1,0,1,0,train,0.5371831059455872,0.46281692385673523
32170,0,0,0,0,train,0.5174664258956909,0.4825335443019867
32171,1,1,1,1,train,0.4055127799510956,0.594487190246582
32172,1,1,1,1,train,0.3997040390968323,0.6002959609031677
32173,1,1,1,1,train,0.403967022895813,0.596032977104187
32174,1,1,1,1,train,0.4426281452178955,0.5573719143867493
32175,1,1,1,1,train,0.4349052906036377,0.5650947093963623
32176,1,1,1,1,train,0.44585007429122925,0.5541499257087708
32177,1,1,1,1,train,0.4100048542022705,0.5899951457977295
32178,1,1,1,1,train,0.4082309305667877,0.5917690396308899
32179,1,1,1,1,train,0.4349466562271118,0.5650533437728882
32180,0,1,0,1,train,0.4652426242828369,0.5347573757171631
32181,1,1,1,1,train,0.4090701639652252,0.5909298658370972
32182,1,1,1,1,train,0.4091625511646271,0.5908374786376953
32183,1,1,1,1,train,0.4107682704925537,0.5892317295074463
32184,1,1,1,1,train,0.4843551218509674,0.515644907951355
32185,1,1,1,1,train,0.4460110366344452,0.5539889335632324
32186,1,1,1,1,train,0.42744967341423035,0.572550356388092
32188,0,0,0,0,train,0.5749061703681946,0.4250938594341278
32189,0,0,0,0,train,0.5271363258361816,0.47286367416381836
32190,0,1,0,1,train,0.49254798889160156,0.5074520707130432
32191,1,0,1,0,train,0.5344573259353638,0.46554261445999146
32193,0,0,0,0,train,0.5558071732521057,0.4441927671432495
32194,0,0,0,0,train,0.5686934590339661,0.4313066005706787
32195,1,0,1,0,train,0.5097674131393433,0.4902326464653015
32196,0,0,0,0,train,0.5552716851234436,0.4447282552719116
32197,0,0,0,0,train,0.5279321670532227,0.47206777334213257
32199,1,1,1,1,train,0.4036279618740082,0.5963720679283142
32200,1,1,1,1,train,0.4068146347999573,0.5931853652000427
32201,1,1,1,1,train,0.44283074140548706,0.5571692585945129
32202,1,1,1,1,train,0.4417986571788788,0.5582013130187988
32203,1,1,1,1,train,0.4691299796104431,0.5308700203895569
32204,1,1,1,1,train,0.44621407985687256,0.5537858605384827
32205,0,0,0,0,train,0.5018237233161926,0.498176246881485
32206,1,0,1,0,train,0.506476104259491,0.49352386593818665
32207,0,0,0,0,train,0.5626214146614075,0.43737855553627014
32208,1,1,1,1,train,0.48795053362846375,0.5120494961738586
32209,1,1,1,1,train,0.4882640242576599,0.5117359757423401
32210,1,1,1,1,train,0.49428892135620117,0.5057111382484436
32211,1,1,1,1,train,0.4899269938468933,0.5100729465484619
32212,1,1,1,1,train,0.4943851828575134,0.5056148767471313
32213,1,1,1,1,train,0.4569953978061676,0.5430046319961548
32214,1,0,1,0,train,0.515444815158844,0.484555184841156
32215,1,1,1,1,train,0.4007504880428314,0.5992494821548462
32216,1,1,1,1,train,0.43237316608428955,0.5676268339157104
32217,1,1,1,1,train,0.4329521656036377,0.5670478343963623
32218,1,1,1,1,train,0.4870522916316986,0.512947678565979
32219,1,0,1,0,train,0.5210533738136292,0.47894665598869324
32220,0,0,0,0,train,0.5385963320732117,0.46140363812446594
32221,1,1,1,1,train,0.4434254765510559,0.5565745234489441
32222,0,0,0,0,train,0.5096815824508667,0.49031832814216614
32226,1,1,1,1,train,0.4317171573638916,0.5682828426361084
32227,1,0,1,0,train,0.5187329053878784,0.4812670648097992
32228,0,0,0,0,train,0.5614499449729919,0.43855005502700806
32229,1,0,1,0,train,0.5428125858306885,0.4571874141693115
32230,1,0,1,0,train,0.5295432806015015,0.4704567790031433
32231,1,0,1,0,train,0.5791049003601074,0.42089515924453735
32232,1,0,1,0,train,0.5212517380714417,0.4787483513355255
32233,0,0,0,0,train,0.5119674801826477,0.4880325198173523
32234,0,0,0,0,train,0.5595055818557739,0.44049447774887085
32238,0,0,0,0,train,0.537240207195282,0.46275976300239563
32241,1,1,1,1,train,0.3995265066623688,0.6004734635353088
32242,1,1,1,1,train,0.44758108258247375,0.5524188876152039
32243,1,1,1,1,train,0.4623362720012665,0.5376637578010559
32244,0,1,0,1,train,0.4804117977619171,0.5195881724357605
32245,1,1,1,1,train,0.3981318175792694,0.6018681526184082
32246,0,0,0,0,train,0.5001029968261719,0.4998970329761505
32247,1,0,1,0,train,0.5454413890838623,0.4545586407184601
32248,0,0,0,0,train,0.5122646689414978,0.4877353310585022
32249,1,0,1,0,train,0.515536367893219,0.4844636619091034
32250,1,1,1,1,train,0.4963189959526062,0.503680944442749
32251,1,0,1,0,train,0.5323529243469238,0.46764710545539856
32254,0,0,0,0,train,0.5243107676506042,0.4756893217563629
32255,1,0,1,0,train,0.5250870585441589,0.4749128818511963
32256,1,1,1,1,train,0.4755086898803711,0.5244913101196289
32257,1,1,1,1,train,0.4921506643295288,0.5078492760658264
32258,1,0,1,0,train,0.5012637972831726,0.4987361431121826
32259,1,0,1,0,train,0.5344336032867432,0.46556633710861206
32262,1,1,1,1,train,0.48198840022087097,0.5180116295814514
32263,1,0,1,0,train,0.521070659160614,0.478929340839386
32264,1,1,1,1,train,0.4187990128993988,0.5812009572982788
32265,1,1,1,1,train,0.4138575792312622,0.5861424207687378
32266,0,0,0,0,train,0.5138779282569885,0.4861220419406891
32267,1,1,1,1,train,0.44561776518821716,0.5543822050094604
32268,1,1,1,1,train,0.4404146373271942,0.5595853328704834
32270,1,1,1,1,train,0.4654455780982971,0.5345544815063477
32271,0,0,0,0,train,0.5324164032936096,0.46758362650871277
32272,1,1,1,1,train,0.45061182975769043,0.5493881106376648
32273,1,1,1,1,train,0.46065250039100647,0.5393475294113159
32274,1,1,1,1,train,0.4733757972717285,0.5266242027282715
32275,1,1,1,1,train,0.47728222608566284,0.5227177739143372
32276,1,1,1,1,train,0.47425076365470886,0.5257492661476135
32277,1,1,1,1,train,0.4742642343044281,0.5257357954978943
32278,1,1,1,1,train,0.47666406631469727,0.5233359336853027
32279,0,0,0,0,train,0.5255678296089172,0.47443220019340515
32280,1,1,1,1,train,0.4745170474052429,0.5254829525947571
32281,1,1,1,1,train,0.4759858250617981,0.5240141749382019
32284,0,0,0,0,train,0.5391564965248108,0.46084341406822205
32286,1,1,1,1,train,0.4708852767944336,0.5291147232055664
32287,1,1,1,1,train,0.47518205642700195,0.524817943572998
32288,1,0,1,0,train,0.5267999768257141,0.4732000231742859
32289,1,0,1,0,train,0.5161427855491638,0.4838571846485138
32290,1,1,1,1,train,0.4973765015602112,0.5026234984397888
32291,1,0,1,0,train,0.5068297386169434,0.49317023158073425
32292,1,1,1,1,train,0.491676926612854,0.5083230137825012
32293,1,1,1,1,train,0.4921087324619293,0.5078912377357483
32294,1,1,1,1,train,0.4977882206439972,0.5022117495536804
32296,1,1,1,1,train,0.3668903708457947,0.6331096291542053
32297,1,1,1,1,train,0.4944082200527191,0.5055918097496033
32298,1,1,1,1,train,0.4485592544078827,0.5514408349990845
32299,0,0,0,0,train,0.5248739123344421,0.47512608766555786
32300,1,0,1,0,train,0.5221138596534729,0.4778860807418823
32301,0,0,0,0,train,0.5617867708206177,0.4382132589817047
32302,1,0,1,0,train,0.5114644169807434,0.488535612821579
32303,0,0,0,0,train,0.528548538684845,0.47145137190818787
32304,0,0,0,0,train,0.5330814123153687,0.46691858768463135
32305,1,0,1,0,train,0.5316356420516968,0.4683643579483032
32306,0,0,0,0,train,0.5414779186248779,0.45852217078208923
32307,1,0,1,0,train,0.5004405975341797,0.4995594620704651
32308,1,0,1,0,train,0.5113463401794434,0.48865360021591187
32309,1,1,1,1,train,0.45241978764533997,0.5475802421569824
32310,1,1,1,1,train,0.4516969621181488,0.5483030676841736
32311,1,1,1,1,train,0.44645848870277405,0.5535414814949036
32312,1,1,1,1,train,0.4067568778991699,0.5932430624961853
32316,0,0,0,0,train,0.539710283279419,0.46028977632522583
32321,1,1,1,1,train,0.42965787649154663,0.5703421235084534
32322,1,1,1,1,train,0.4687628448009491,0.5312371850013733
32323,0,1,0,1,train,0.46779119968414307,0.5322088003158569
32324,1,1,1,1,train,0.47262275218963623,0.5273772478103638
32325,1,1,1,1,train,0.3737841844558716,0.6262158155441284
32326,1,1,1,1,train,0.4996793270111084,0.5003206133842468
32327,0,1,0,1,train,0.48211872577667236,0.5178812742233276
32328,0,0,0,0,train,0.5141423940658569,0.48585766553878784
32329,1,0,1,0,train,0.5189138054847717,0.4810861647129059
32330,1,1,1,1,train,0.3941631615161896,0.6058369278907776
32331,1,0,1,0,train,0.5483282208442688,0.4516717791557312
32332,1,0,1,0,train,0.5190893411636353,0.48091068863868713
32333,0,0,0,0,train,0.5106690526008606,0.489330917596817
32334,1,0,1,0,train,0.5107309222221375,0.4892691373825073
32335,1,0,1,0,train,0.5203551054000854,0.4796449542045593
32336,1,0,1,0,train,0.548247754573822,0.45175230503082275
32337,0,1,0,1,train,0.49374920129776,0.50625079870224
32338,0,0,0,0,train,0.6060702204704285,0.3939298093318939
32339,1,1,1,1,train,0.45460301637649536,0.5453969836235046
32340,1,1,1,1,train,0.3805341422557831,0.6194658875465393
32341,1,1,1,1,train,0.3961544632911682,0.6038455367088318
32342,1,1,1,1,train,0.4395013153553009,0.5604987144470215
32343,1,0,1,0,train,0.5572890639305115,0.44271087646484375
32345,0,0,0,0,train,0.5175199508666992,0.48248010873794556
32346,1,0,1,0,train,0.5578155517578125,0.44218435883522034
32347,1,0,1,0,train,0.5401703119277954,0.4598296582698822
32348,1,0,1,0,train,0.5311056971549988,0.4688943326473236
32349,1,0,1,0,train,0.532781183719635,0.467218816280365
32351,1,1,1,1,train,0.4944601356983185,0.5055398941040039
32353,1,1,1,1,train,0.4459812343120575,0.5540187954902649
32360,1,1,1,1,train,0.46835631132125854,0.5316436886787415
32369,0,1,0,1,train,0.4425815939903259,0.5574184060096741
32389,1,1,1,1,train,0.42498525977134705,0.5750147700309753
32448,1,1,1,1,train,0.43825215101242065,0.5617477893829346
32485,1,1,1,1,train,0.44169771671295166,0.5583022236824036
32521,1,1,1,1,train,0.4547920823097229,0.5452079772949219
32527,0,1,0,1,train,0.32278570532798767,0.6772142648696899
32536,0,0,0,0,train,0.5169233083724976,0.48307663202285767
32545,0,1,0,1,train,0.3574790060520172,0.6425209641456604
32554,0,1,0,1,train,0.3330504596233368,0.6669496297836304
32610,1,1,1,1,train,0.36178916692733765,0.6382108926773071
32633,1,1,1,1,train,0.3737891912460327,0.6262108087539673
32644,1,0,1,0,train,0.5480568408966064,0.45194321870803833
32648,1,1,1,1,train,0.40816834568977356,0.5918315649032593
32706,1,1,1,1,train,0.31176289916038513,0.6882370710372925
32747,1,1,1,1,train,0.46228787302970886,0.5377120971679688
32756,0,0,0,0,train,0.5690546631813049,0.43094536662101746
32763,1,0,1,0,train,0.5371608734130859,0.46283912658691406
32784,0,1,0,1,train,0.3540472388267517,0.6459527611732483
12168,0,0,0,0,validation,0.5028091073036194,0.497190922498703
12957,1,1,1,1,validation,0.23356100916862488,0.7664389610290527
13180,1,1,1,1,validation,0.3940034508705139,0.6059964895248413
13626,0,0,0,0,validation,0.5574839115142822,0.4425159990787506
13713,1,1,1,1,validation,0.4845121502876282,0.5154878497123718
14899,1,0,1,0,validation,0.5038550496101379,0.49614500999450684
14907,1,1,1,1,validation,0.25553756952285767,0.7444623708724976
15996,1,1,1,1,validation,0.18500997126102448,0.8149900436401367
16709,0,0,0,0,validation,0.5288296341896057,0.4711703062057495
16710,0,0,0,0,validation,0.5138549208641052,0.4861450791358948
16711,1,0,1,0,validation,0.5080016255378723,0.49199843406677246
17921,1,1,1,1,validation,0.44729626178741455,0.5527037382125854
22259,1,1,1,1,validation,0.19549980759620667,0.8045002222061157
25395,1,1,1,1,validation,0.1664656102657318,0.8335343599319458
26143,1,1,1,1,validation,0.19900618493556976,0.800993800163269
26304,1,1,1,1,validation,0.1349206268787384,0.8650793433189392
27987,1,1,1,1,validation,0.3507383465766907,0.6492615938186646
28595,1,0,1,0,validation,0.5496679544448853,0.45033204555511475
28596,0,0,0,0,validation,0.5212857127189636,0.47871431708335876
28786,1,0,1,0,validation,0.5779601335525513,0.4220398962497711
29262,1,1,1,1,validation,0.4112063944339752,0.5887935757637024
30751,1,1,1,1,validation,0.2643868625164032,0.7356131076812744
30754,1,1,1,1,validation,0.18861046433448792,0.8113895058631897
30755,1,1,1,1,validation,0.17515353858470917,0.8248463869094849
30762,1,1,1,1,validation,0.15032242238521576,0.849677562713623
31755,1,1,1,1,validation,0.1734209954738617,0.8265789747238159
31836,1,0,1,0,validation,0.5374628305435181,0.4625371992588043
31837,1,0,1,0,validation,0.5240478515625,0.4759521186351776
31873,1,1,1,1,validation,0.4666431248188019,0.5333568453788757
31874,1,1,1,1,validation,0.4836887717247009,0.5163112282752991
31911,0,0,0,0,validation,0.5318636894226074,0.4681362807750702
31912,1,0,1,0,validation,0.5276836156845093,0.4723163843154907
31922,1,0,1,0,validation,0.5471078753471375,0.45289212465286255
31949,1,0,1,0,validation,0.5132087469100952,0.48679134249687195
31950,1,1,1,1,validation,0.40661168098449707,0.5933883786201477
31951,1,0,1,0,validation,0.508597195148468,0.4914027750492096
31952,1,1,1,1,validation,0.4433933198451996,0.5566067695617676
31973,1,1,1,1,validation,0.48038652539253235,0.5196134448051453
31980,0,0,0,0,validation,0.5261462330818176,0.47385379672050476
31981,1,1,1,1,validation,0.4911738932132721,0.5088261365890503
32000,0,1,0,1,validation,0.4850185215473175,0.5149814486503601
32034,0,0,0,0,validation,0.5101216435432434,0.4898783266544342
32035,1,1,1,1,validation,0.49326857924461365,0.5067314505577087
32058,1,1,1,1,validation,0.441953182220459,0.558046817779541
32072,1,1,1,1,validation,0.49369385838508606,0.5063061714172363
32150,1,1,1,1,validation,0.4875410497188568,0.5124589800834656
32235,0,0,0,0,validation,0.5463345646858215,0.45366546511650085
32236,0,0,0,0,validation,0.5434410572052002,0.4565589725971222
32237,1,1,1,1,validation,0.4635525643825531,0.5364474058151245
32252,0,0,0,0,validation,0.5720500946044922,0.4279498755931854
32253,1,1,1,1,validation,0.48310911655426025,0.516890823841095
32350,1,1,1,1,validation,0.4370735287666321,0.5629264116287231
32352,1,1,1,1,validation,0.46892425417900085,0.5310757160186768
32425,1,1,1,1,validation,0.4561777412891388,0.5438222885131836
11903,1,1,1,1,test,0.3820072114467621,0.6179927587509155
11907,0,1,0,1,test,0.2694089710712433,0.7305909991264343
11951,0,1,0,1,test,0.3089112639427185,0.6910887360572815
11960,0,1,0,1,test,0.32572466135025024,0.6742753982543945
11971,1,1,1,1,test,0.294827401638031,0.705172598361969
12060,1,1,1,1,test,0.28314438462257385,0.7168555855751038
12141,0,0,0,0,test,0.5340130925178528,0.4659869074821472
12147,0,0,0,0,test,0.5737692713737488,0.42623066902160645
12148,0,0,0,0,test,0.5191454291343689,0.4808546006679535
12150,1,0,1,0,test,0.5478615760803223,0.45213839411735535
12151,1,0,1,0,test,0.5595428943634033,0.4404570758342743
12580,0,1,0,1,test,0.3415446877479553,0.6584553122520447
12595,1,1,1,1,test,0.3833537995815277,0.6166461706161499
12598,1,1,1,1,test,0.2837793827056885,0.7162206172943115
12600,1,1,1,1,test,0.3163987696170807,0.6836012601852417
12746,0,1,0,1,test,0.49541711807250977,0.5045828819274902
12760,0,1,0,1,test,0.45765241980552673,0.5423475503921509
12907,1,1,1,1,test,0.44868525862693787,0.5513147711753845
13323,0,1,0,1,test,0.3144454061985016,0.6855546236038208
13329,1,1,1,1,test,0.27787765860557556,0.7221223711967468
13355,0,1,0,1,test,0.2934746742248535,0.7065253257751465
13719,0,1,0,1,test,0.4887538254261017,0.5112461447715759
13766,1,1,1,1,test,0.2582544684410095,0.7417455315589905
13779,1,1,1,1,test,0.25469860434532166,0.7453013062477112
14236,0,0,0,0,test,0.5466845631599426,0.453315407037735
14414,1,1,1,1,test,0.42938563227653503,0.5706143975257874
14511,1,1,1,1,test,0.34450122714042664,0.6554988026618958
14518,1,1,1,1,test,0.27210280299186707,0.7278971672058105
14528,0,1,0,1,test,0.36084190011024475,0.6391580700874329
14544,1,1,1,1,test,0.3499215245246887,0.650078535079956
14548,1,1,1,1,test,0.2926865816116333,0.7073133587837219
14601,1,1,1,1,test,0.2822047472000122,0.7177952527999878
14614,1,1,1,1,test,0.31243887543678284,0.6875610947608948
14882,1,1,1,1,test,0.36702272295951843,0.632977306842804
14897,1,0,1,0,test,0.5174691677093506,0.4825308322906494
15494,1,1,1,1,test,0.2608863115310669,0.7391136884689331
15521,1,1,1,1,test,0.3048907220363617,0.6951093077659607
15622,0,1,0,1,test,0.3577291667461395,0.6422708034515381
15623,0,1,0,1,test,0.4020579755306244,0.5979419946670532
15684,1,0,1,0,test,0.5079730749130249,0.4920269548892975
15693,1,1,1,1,test,0.3354526460170746,0.6645473837852478
15775,0,1,0,1,test,0.21978677809238434,0.7802131772041321
15786,1,1,1,1,test,0.20313064754009247,0.7968692779541016
15842,1,1,1,1,test,0.3756496012210846,0.624350368976593
16160,0,1,0,1,test,0.3896043598651886,0.610395610332489
16191,1,1,1,1,test,0.46674439311027527,0.5332555770874023
16379,1,1,1,1,test,0.2793806791305542,0.720619261264801
16380,1,1,1,1,test,0.40126457810401917,0.5987354516983032
16383,1,1,1,1,test,0.2763885259628296,0.7236114740371704
16462,0,1,0,1,test,0.4873628616333008,0.5126371383666992
16746,1,1,1,1,test,0.22887277603149414,0.7711272239685059
16819,0,1,0,1,test,0.3268284201622009,0.6731715202331543
16967,1,1,1,1,test,0.2702917456626892,0.7297082543373108
16989,1,1,1,1,test,0.19868677854537964,0.8013131618499756
17579,1,1,1,1,test,0.35941991209983826,0.6405801177024841
17870,0,1,0,1,test,0.30750685930252075,0.6924930810928345
17874,1,1,1,1,test,0.24528472125530243,0.7547153234481812
17911,1,1,1,1,test,0.23897165060043335,0.7610282897949219
17916,1,1,1,1,test,0.3693011403083801,0.6306988596916199
17917,1,1,1,1,test,0.3095022737979889,0.6904976963996887
18361,1,1,1,1,test,0.2151273488998413,0.7848726511001587
18438,1,1,1,1,test,0.3840996325016022,0.6159003376960754
18444,1,1,1,1,test,0.2588835656642914,0.741116464138031
18681,1,1,1,1,test,0.486799418926239,0.513200581073761
18688,1,1,1,1,test,0.3651464581489563,0.6348535418510437
19054,0,0,0,0,test,0.5419902205467224,0.4580097198486328
19068,1,1,1,1,test,0.24899838864803314,0.7510015964508057
19073,0,1,0,1,test,0.368021696805954,0.6319782733917236
19110,0,1,0,1,test,0.31207507848739624,0.6879249215126038
19132,0,1,0,1,test,0.32223886251449585,0.6777611970901489
19439,1,1,1,1,test,0.37905582785606384,0.6209441423416138
20392,0,1,0,1,test,0.24468041956424713,0.7553195953369141
20399,1,1,1,1,test,0.31075572967529297,0.6892442107200623
20400,1,1,1,1,test,0.2842373251914978,0.715762734413147
20407,0,1,0,1,test,0.256387323141098,0.7436127066612244
20414,1,1,1,1,test,0.22198931872844696,0.7780107259750366
20417,0,1,0,1,test,0.272024929523468,0.727975070476532
20426,1,1,1,1,test,0.19856420159339905,0.8014358282089233
20437,1,1,1,1,test,0.14977584779262543,0.8502241373062134
21062,0,1,0,1,test,0.3100188076496124,0.68998122215271
21267,1,1,1,1,test,0.38364410400390625,0.616355836391449
21397,1,1,1,1,test,0.25713086128234863,0.7428691983222961
21749,1,1,1,1,test,0.18122348189353943,0.818776547908783
21751,1,1,1,1,test,0.25062116980552673,0.7493788003921509
21766,1,1,1,1,test,0.24749456346035004,0.752505362033844
21774,1,1,1,1,test,0.2800746560096741,0.7199254035949707
22263,1,1,1,1,test,0.4773279130458832,0.5226721167564392
23054,1,1,1,1,test,0.2811218798160553,0.7188780903816223
23063,0,1,0,1,test,0.24527812004089355,0.7547218203544617
23069,1,1,1,1,test,0.1805230677127838,0.8194769024848938
23098,1,1,1,1,test,0.23850463330745697,0.7614954113960266
23106,1,1,1,1,test,0.2567674517631531,0.7432324886322021
23114,1,1,1,1,test,0.18910306692123413,0.8108969330787659
23807,0,1,0,1,test,0.2661924362182617,0.7338075637817383
24328,1,1,1,1,test,0.4247584640979767,0.5752415060997009
24367,1,1,1,1,test,0.22313278913497925,0.7768672704696655
24416,1,1,1,1,test,0.21922345459461212,0.7807765007019043
24434,1,1,1,1,test,0.2972046434879303,0.7027953863143921
24443,1,1,1,1,test,0.24792620539665222,0.7520738244056702
24447,1,1,1,1,test,0.40406471490859985,0.5959352850914001
24478,1,1,1,1,test,0.2073853611946106,0.7926145792007446
24479,1,1,1,1,test,0.16118723154067993,0.8388127088546753
24488,1,1,1,1,test,0.27554458379745483,0.7244554758071899
24489,0,1,0,1,test,0.22557710111141205,0.7744229435920715
24491,1,1,1,1,test,0.2673835754394531,0.7326164841651917
24500,1,1,1,1,test,0.22180432081222534,0.7781956791877747
24505,1,1,1,1,test,0.30548572540283203,0.694514274597168
24506,1,1,1,1,test,0.23319847881793976,0.7668015360832214
24570,1,1,1,1,test,0.15765239298343658,0.8423476219177246
24990,1,0,1,0,test,0.5047582983970642,0.4952417314052582
25324,1,1,1,1,test,0.44832828640937805,0.5516716837882996
25336,1,1,1,1,test,0.193551704287529,0.8064482808113098
25754,0,1,0,1,test,0.2759817838668823,0.7240182161331177
25757,1,1,1,1,test,0.31242793798446655,0.6875720620155334
25823,1,1,1,1,test,0.2515028119087219,0.7484971880912781
25827,1,1,1,1,test,0.19316302239894867,0.8068369626998901
25845,1,1,1,1,test,0.30763906240463257,0.6923609375953674
26159,1,1,1,1,test,0.4762249290943146,0.523775041103363
26452,1,1,1,1,test,0.22235402464866638,0.777646005153656
27430,1,1,1,1,test,0.18525037169456482,0.8147496581077576
27471,1,1,1,1,test,0.2543390989303589,0.7456609606742859
27473,1,1,1,1,test,0.2056262493133545,0.7943737506866455
27806,1,1,1,1,test,0.27388983964920044,0.7261101007461548
28048,1,0,1,0,test,0.523956835269928,0.47604307532310486
28551,0,1,0,1,test,0.4932194948196411,0.5067805647850037
28593,1,1,1,1,test,0.49242109060287476,0.5075789093971252
28594,1,1,1,1,test,0.4902989864349365,0.5097010731697083
28684,1,1,1,1,test,0.3206706643104553,0.6793293356895447
28956,0,0,0,0,test,0.5345349311828613,0.46546506881713867
29449,0,0,0,0,test,0.5288135409355164,0.47118642926216125
29895,1,1,1,1,test,0.22655144333839417,0.7734485268592834
29974,1,1,1,1,test,0.297663152217865,0.702336847782135
29997,1,1,1,1,test,0.28202107548713684,0.7179790139198303
30614,1,1,1,1,test,0.32983964681625366,0.6701604127883911
31355,1,1,1,1,test,0.209918811917305,0.7900812029838562
31356,1,1,1,1,test,0.2600262761116028,0.7399737238883972
31372,1,1,1,1,test,0.27906468510627747,0.7209353446960449
31373,1,1,1,1,test,0.3402281701564789,0.6597718000411987
31723,0,1,0,1,test,0.4197966158390045,0.5802034139633179
31822,0,0,0,0,test,0.5785784125328064,0.4214215576648712
31823,1,0,1,0,test,0.5079577565193176,0.49204230308532715
31824,0,0,0,0,test,0.55455482006073,0.44544515013694763
31825,1,0,1,0,test,0.5171939730644226,0.4828060567378998
31843,0,1,0,1,test,0.49740803241729736,0.5025919079780579
31844,0,0,0,0,test,0.5204136967658997,0.47958627343177795
31845,1,1,1,1,test,0.4690034091472626,0.530996561050415
31846,0,1,0,1,test,0.42773401737213135,0.5722659826278687
31848,1,1,1,1,test,0.4431557357311249,0.5568442344665527
31877,0,0,0,0,test,0.576733410358429,0.42326655983924866
31878,1,0,1,0,test,0.5398442149162292,0.46015575528144836
31879,0,0,0,0,test,0.5404237508773804,0.45957624912261963
31880,1,1,1,1,test,0.4697917401790619,0.5302082300186157
31881,0,0,0,0,test,0.5032077431678772,0.4967923164367676
31910,1,1,1,1,test,0.3652157783508301,0.6347842812538147
31917,1,1,1,1,test,0.4812140464782715,0.5187858939170837
31935,0,0,0,0,test,0.5545746088027954,0.4454253911972046
31955,1,0,1,0,test,0.525793194770813,0.4742067754268646
31956,1,0,1,0,test,0.5575640797615051,0.4424359202384949
31957,1,0,1,0,test,0.5443866848945618,0.4556133449077606
31958,1,0,1,0,test,0.5086825489997864,0.49131736159324646
31959,0,1,0,1,test,0.48892509937286377,0.5110749006271362
31960,0,0,0,0,test,0.567376434803009,0.43262362480163574
31975,1,1,1,1,test,0.4050692319869995,0.5949307680130005
31976,1,1,1,1,test,0.3814921975135803,0.6185077428817749
31989,0,0,0,0,test,0.5035066604614258,0.4964933395385742
31990,1,0,1,0,test,0.5498186945915222,0.4501812756061554
31992,1,1,1,1,test,0.4679427742958069,0.5320572257041931
31993,1,1,1,1,test,0.463878333568573,0.536121666431427
32007,1,1,1,1,test,0.4318811595439911,0.5681188106536865
32015,0,0,0,0,test,0.532589316368103,0.467410683631897
32017,1,1,1,1,test,0.4707128703594208,0.5292870998382568
32020,1,0,1,0,test,0.5357253551483154,0.46427464485168457
32036,1,1,1,1,test,0.3921014964580536,0.6078985333442688
32037,1,1,1,1,test,0.40310466289520264,0.5968953371047974
32039,1,1,1,1,test,0.4071357250213623,0.5928642749786377
32040,1,1,1,1,test,0.4210732877254486,0.5789267420768738
32041,1,1,1,1,test,0.4033753275871277,0.5966246128082275
32048,1,0,1,0,test,0.5416264533996582,0.4583735764026642
32071,1,1,1,1,test,0.3638506829738617,0.6361493468284607
32074,1,0,1,0,test,0.5266018509864807,0.47339823842048645
32075,0,0,0,0,test,0.5461477041244507,0.45385226607322693
32079,0,0,0,0,test,0.5286706686019897,0.47132936120033264
32081,0,1,0,1,test,0.4324433505535126,0.567556619644165
32113,0,0,0,0,test,0.5012124180793762,0.498787522315979
32114,0,0,0,0,test,0.5464150309562683,0.4535849988460541
32120,1,1,1,1,test,0.4322330057621002,0.5677669644355774
32122,1,1,1,1,test,0.4245617091655731,0.5754382610321045
32139,1,1,1,1,test,0.4383109211921692,0.5616891384124756
32149,0,1,0,1,test,0.4798612892627716,0.520138680934906
32151,0,1,0,1,test,0.49470195174217224,0.5052980780601501
32153,1,0,1,0,test,0.5036773681640625,0.4963226318359375
32154,0,0,0,0,test,0.535027801990509,0.4649721682071686
32156,1,1,1,1,test,0.43795663118362427,0.5620433688163757
32187,1,1,1,1,test,0.4015405476093292,0.5984594821929932
32192,1,0,1,0,test,0.5332468748092651,0.46675312519073486
32198,0,0,0,0,test,0.5327020883560181,0.4672979712486267
32223,1,1,1,1,test,0.45850881934165955,0.5414912700653076
32224,1,1,1,1,test,0.46129536628723145,0.5387046933174133
32225,1,1,1,1,test,0.49124154448509216,0.5087584853172302
32239,0,1,0,1,test,0.4836426377296448,0.516357421875
32240,1,0,1,0,test,0.5295544266700745,0.47044551372528076
32260,1,0,1,0,test,0.5247803330421448,0.4752196669578552
32261,0,0,0,0,test,0.5532953143119812,0.44670459628105164
32269,1,1,1,1,test,0.4485819339752197,0.5514180660247803
32282,1,1,1,1,test,0.431753933429718,0.5682461261749268
32283,1,1,1,1,test,0.4397374093532562,0.5602626204490662
32285,1,1,1,1,test,0.4411580562591553,0.5588419437408447
32295,0,1,0,1,test,0.46418866515159607,0.5358113646507263
32313,1,1,1,1,test,0.38655975461006165,0.613440215587616
32314,1,1,1,1,test,0.39937707781791687,0.6006228923797607
32315,1,0,1,0,test,0.5098216533660889,0.49017825722694397
32317,0,1,0,1,test,0.49224111437797546,0.5077589154243469
32318,0,1,0,1,test,0.4992946982383728,0.5007053017616272
32319,0,0,0,0,test,0.5105352401733398,0.489464670419693
32320,1,0,1,0,test,0.5212066769599915,0.47879335284233093
32344,1,1,1,1,test,0.49008357524871826,0.5099164247512817
32570,1,1,1,1,test,0.4264719784259796,0.5735280513763428
32573,1,1,1,1,test,0.26881760358810425,0.731182336807251
