award_node_idx,true_id,pred_id,true_label,pred_label,eval_split,prob_0,prob_1
11903,1,0,1,0,train,0.8974271416664124,0.10257282108068466
11907,0,0,0,0,train,0.9143298864364624,0.08567015081644058
11951,0,0,0,0,train,0.9831987023353577,0.01680128462612629
11960,0,0,0,0,train,0.9796390533447266,0.020360933616757393
11971,1,1,1,1,train,0.19114820659160614,0.8088517785072327
11984,1,1,1,1,train,0.16871599853038788,0.8312839865684509
12047,1,1,1,1,train,0.10651371628046036,0.8934863209724426
12060,1,0,1,0,train,0.8196682929992676,0.1803317368030548
12140,1,0,1,0,train,0.9706591367721558,0.029340844601392746
12141,0,0,0,0,train,0.8594129681587219,0.14058703184127808
12148,0,0,0,0,train,0.9819044470787048,0.0180955957621336
12150,1,0,1,0,train,0.9765619039535522,0.023438120260834694
12151,1,0,1,0,train,0.992997407913208,0.007002504542469978
12160,1,1,1,1,train,0.013370971195399761,0.9866290092468262
12166,1,0,1,0,train,0.841596245765686,0.15840379893779755
12168,0,1,0,1,train,0.4330599904060364,0.5669400095939636
12183,1,1,1,1,train,0.0004499075294006616,0.9995500445365906
12184,1,1,1,1,train,0.0008857524953782558,0.9991142153739929
12186,1,1,1,1,train,0.011051862500607967,0.9889481067657471
12324,1,1,1,1,train,0.08767899870872498,0.9123209714889526
12362,0,0,0,0,train,0.9932460188865662,0.006754062604159117
12394,1,1,1,1,train,0.019367119297385216,0.9806328415870667
12402,0,0,0,0,train,0.9957239627838135,0.0042760637588799
12404,1,1,1,1,train,0.018345527350902557,0.9816545248031616
12409,1,1,1,1,train,0.11357759684324265,0.8864223957061768
12440,1,1,1,1,train,0.49891871213912964,0.5010812282562256
12442,1,1,1,1,train,0.3924947679042816,0.6075052618980408
12445,1,1,1,1,train,0.1536952257156372,0.846304714679718
12528,0,0,0,0,train,0.9784199595451355,0.02157997526228428
12529,0,0,0,0,train,0.9162189960479736,0.08378098905086517
12598,1,1,1,1,train,0.000867531169205904,0.9991324543952942
12600,1,1,1,1,train,0.001259245560504496,0.9987407326698303
12610,0,0,0,0,train,0.9907780885696411,0.009221890941262245
12641,0,0,0,0,train,0.9629215002059937,0.03707846626639366
12693,0,0,0,0,train,0.9734979867935181,0.026502005755901337
12746,0,0,0,0,train,0.9918522238731384,0.00814773514866829
12747,1,1,1,1,train,0.2066059708595276,0.7933940887451172
12760,0,0,0,0,train,0.9401085376739502,0.059891462326049805
12771,1,1,1,1,train,0.0008466342114843428,0.9991533756256104
12812,1,1,1,1,train,0.20443153381347656,0.7955684065818787
12830,1,1,1,1,train,0.4299269914627075,0.5700730681419373
12856,1,1,1,1,train,0.07072959840297699,0.929270327091217
12897,0,0,0,0,train,0.9732990860939026,0.026700928807258606
12907,1,1,1,1,train,0.011543243192136288,0.9884567260742188
12914,0,0,0,0,train,0.9925038814544678,0.00749612832441926
12921,0,0,0,0,train,0.9789441823959351,0.02105575241148472
12922,0,0,0,0,train,0.8040727376937866,0.195927232503891
12941,1,0,1,0,train,0.6286149024963379,0.3713850677013397
12946,1,1,1,1,train,0.2703336775302887,0.7296662926673889
12957,1,1,1,1,train,0.0035050453152507544,0.9964949488639832
12965,1,1,1,1,train,0.0015549726085737348,0.9984450936317444
12979,1,1,1,1,train,0.04123818129301071,0.9587618112564087
12995,1,1,1,1,train,0.0005939755938015878,0.9994059801101685
13089,0,0,0,0,train,0.9007925391197205,0.09920745342969894
13108,0,0,0,0,train,0.6405047178268433,0.3594953715801239
13168,1,0,1,0,train,0.764151394367218,0.23584860563278198
13177,1,1,1,1,train,0.0017983252182602882,0.9982016086578369
13180,1,0,1,0,train,0.9695780277252197,0.030421976000070572
13223,0,0,0,0,train,0.9939445853233337,0.006055380683392286
13229,0,0,0,0,train,0.9612957239151001,0.03870423138141632
13236,1,1,1,1,train,0.0038803457282483578,0.9961196184158325
13249,1,1,1,1,train,0.06261667609214783,0.9373833537101746
13254,1,1,1,1,train,0.0018768247682601213,0.9981231093406677
13323,0,0,0,0,train,0.9781663417816162,0.02183358557522297
13329,1,1,1,1,train,0.07346205413341522,0.9265379905700684
13356,1,0,1,0,train,0.7663590908050537,0.23364092409610748
13385,1,1,1,1,train,0.0748906135559082,0.9251093864440918
13387,1,1,1,1,train,0.0012096668360754848,0.9987903237342834
13390,1,1,1,1,train,0.010006600059568882,0.9899933934211731
13393,1,1,1,1,train,0.000438784685684368,0.9995612502098083
13403,1,1,1,1,train,0.0009025068720802665,0.999097466468811
13449,1,1,1,1,train,0.22117546200752258,0.778824508190155
13450,1,1,1,1,train,0.0011324395891278982,0.9988676309585571
13453,1,1,1,1,train,0.020675132051110268,0.9793248772621155
13454,1,1,1,1,train,0.0029246939811855555,0.9970753192901611
13473,1,1,1,1,train,0.0009035208495333791,0.9990965127944946
13499,0,1,0,1,train,0.31894978880882263,0.681050181388855
13504,0,0,0,0,train,0.987291693687439,0.012708310969173908
13506,1,1,1,1,train,0.0006241287919692695,0.9993758797645569
13518,1,1,1,1,train,0.001478103338740766,0.9985218644142151
13524,1,1,1,1,train,0.0005897945957258344,0.9994102716445923
13531,1,1,1,1,train,0.004380666185170412,0.9956193566322327
13532,1,1,1,1,train,0.0004702066071331501,0.9995298385620117
13543,1,1,1,1,train,0.00044850987615063787,0.9995514750480652
13544,1,1,1,1,train,0.00042766466503962874,0.9995723366737366
13579,1,1,1,1,train,0.015038220211863518,0.984961748123169
13626,0,0,0,0,train,0.9953628778457642,0.0046371337957680225
13630,1,0,1,0,train,0.6413916945457458,0.35860830545425415
13666,1,0,1,0,train,0.571891188621521,0.428108811378479
13669,0,0,0,0,train,0.8344274759292603,0.16557247936725616
13708,1,1,1,1,train,0.010345801711082458,0.9896542429924011
13713,1,1,1,1,train,0.23646865785121918,0.7635313272476196
13719,0,0,0,0,train,0.9899656772613525,0.010034320876002312
13757,1,1,1,1,train,0.20084574818611145,0.7991542816162109
13766,1,1,1,1,train,0.0019137229537591338,0.9980863332748413
13779,1,1,1,1,train,0.006184848956763744,0.9938151836395264
13799,1,1,1,1,train,0.49639102816581726,0.5036089420318604
13820,1,1,1,1,train,0.006585380993783474,0.9934146404266357
13847,1,1,1,1,train,0.1659564971923828,0.8340435028076172
13890,1,1,1,1,train,0.3491082787513733,0.6508917212486267
13914,1,1,1,1,train,0.03508817031979561,0.9649118781089783
13922,1,1,1,1,train,0.0031960406340658665,0.9968039989471436
13944,0,0,0,0,train,0.8997818827629089,0.10021813213825226
13965,1,1,1,1,train,0.014348233118653297,0.9856517314910889
13967,1,1,1,1,train,0.01406486239284277,0.9859350919723511
13983,1,1,1,1,train,0.001802709884941578,0.9981972575187683
13984,1,1,1,1,train,0.0040008327923715115,0.9959992170333862
14105,0,0,0,0,train,0.9798693656921387,0.020130660384893417
14158,0,0,0,0,train,0.7237809300422668,0.27621909976005554
14163,1,1,1,1,train,0.003270988818258047,0.9967290163040161
14221,1,1,1,1,train,0.0007507723639719188,0.9992491602897644
14223,1,1,1,1,train,0.007153043057769537,0.9928470253944397
14234,1,1,1,1,train,0.03927984461188316,0.9607201814651489
14236,0,0,0,0,train,0.9904597997665405,0.009540258906781673
14249,1,1,1,1,train,0.002659284509718418,0.997340738773346
14259,0,0,0,0,train,0.979654848575592,0.020345132797956467
14268,1,1,1,1,train,0.002460623160004616,0.9975394010543823
14282,1,0,1,0,train,0.8533762097358704,0.14662373065948486
14311,1,0,1,0,train,0.8203811645507812,0.17961883544921875
14314,0,0,0,0,train,0.75636225938797,0.24363771080970764
14352,1,0,1,0,train,0.8100986480712891,0.18990136682987213
14373,1,1,1,1,train,0.3612736761569977,0.6387262940406799
14404,1,1,1,1,train,0.1496555656194687,0.8503444194793701
14414,1,1,1,1,train,0.0004840850306209177,0.9995158910751343
14511,1,1,1,1,train,0.0010639203246682882,0.998936116695404
14548,1,1,1,1,train,0.48775893449783325,0.5122410655021667
14576,1,1,1,1,train,0.314919114112854,0.6850808262825012
14590,1,1,1,1,train,0.10072179138660431,0.8992781639099121
14598,0,0,0,0,train,0.9927204847335815,0.0072795613668859005
14599,1,1,1,1,train,0.015706194564700127,0.9842938780784607
14614,1,1,1,1,train,0.17155086994171143,0.8284490704536438
14655,1,1,1,1,train,0.0006322598201222718,0.9993677735328674
14707,1,1,1,1,train,0.024536773562431335,0.9754632115364075
14710,1,1,1,1,train,0.031757984310388565,0.9682420492172241
14712,1,1,1,1,train,0.0523519366979599,0.9476480484008789
14739,1,1,1,1,train,0.16942396759986877,0.8305760622024536
14752,1,1,1,1,train,0.0009748673182912171,0.9990251064300537
14753,1,1,1,1,train,0.00048250879626721144,0.9995174407958984
14754,1,1,1,1,train,0.0005190661177039146,0.9994809031486511
14862,0,0,0,0,train,0.9764348864555359,0.023565052077174187
14871,1,0,1,0,train,0.9621384739875793,0.037861574441194534
14873,0,1,0,1,train,0.37543925642967224,0.6245607733726501
14875,0,0,0,0,train,0.9924036264419556,0.007596369832754135
14882,1,1,1,1,train,0.00039565403130836785,0.9996044039726257
14888,0,1,0,1,train,0.16510285437107086,0.8348971009254456
14897,1,0,1,0,train,0.9660745859146118,0.033925458788871765
14899,1,0,1,0,train,0.819443941116333,0.18055610358715057
14904,1,1,1,1,train,0.0038031681906431913,0.9961968660354614
14907,1,1,1,1,train,0.1807429939508438,0.8192569613456726
14910,1,1,1,1,train,0.02209937386214733,0.9779006838798523
14941,0,0,0,0,train,0.9405103325843811,0.059489741921424866
14949,0,0,0,0,train,0.9376659393310547,0.06233407184481621
14953,1,1,1,1,train,0.08382198959589005,0.9161779880523682
14956,0,0,0,0,train,0.9888440370559692,0.011155989952385426
15013,1,1,1,1,train,0.0058704763650894165,0.9941295385360718
15022,0,1,0,1,train,0.23263780772686005,0.767362117767334
15026,0,0,0,0,train,0.9814981818199158,0.018501820042729378
15030,1,0,1,0,train,0.9673498272895813,0.03265022858977318
15074,1,0,1,0,train,0.8911603093147278,0.10883966833353043
15097,1,1,1,1,train,0.2872541546821594,0.7127458453178406
15116,0,0,0,0,train,0.9280784726142883,0.07192151248455048
15122,0,0,0,0,train,0.9931463003158569,0.006853695958852768
15141,1,0,1,0,train,0.8489503860473633,0.1510496437549591
15148,1,0,1,0,train,0.9248650074005127,0.07513497024774551
15163,1,1,1,1,train,0.0008723579812794924,0.9991276860237122
15183,1,1,1,1,train,0.0031406900379806757,0.9968593120574951
15192,1,1,1,1,train,0.0010957405902445316,0.9989042282104492
15202,1,1,1,1,train,0.019167935475707054,0.980832040309906
15210,1,1,1,1,train,0.07304351031780243,0.9269565343856812
15231,1,1,1,1,train,0.017962701618671417,0.9820373058319092
15238,0,0,0,0,train,0.9428054690361023,0.05719449743628502
15269,1,0,1,0,train,0.9757916927337646,0.024208297953009605
15279,1,1,1,1,train,0.13236673176288605,0.8676332831382751
15307,1,0,1,0,train,0.79231858253479,0.20768146216869354
15320,1,1,1,1,train,0.24057665467262268,0.7594233751296997
15353,1,1,1,1,train,0.003979719243943691,0.9960202574729919
15354,0,0,0,0,train,0.99346524477005,0.006534765474498272
15384,1,1,1,1,train,0.058494508266448975,0.941505491733551
15402,1,1,1,1,train,0.0014072605408728123,0.9985926747322083
15438,1,1,1,1,train,0.009283086284995079,0.9907168745994568
15439,1,1,1,1,train,0.0005347045371308923,0.99946528673172
15456,1,1,1,1,train,0.0006261813687160611,0.9993738532066345
15469,0,0,0,0,train,0.8331222534179688,0.16687770187854767
15480,1,1,1,1,train,0.13121238350868225,0.8687875866889954
15482,1,1,1,1,train,0.22655396163463593,0.7734459638595581
15494,1,1,1,1,train,0.20090098679065704,0.7990990877151489
15514,0,0,0,0,train,0.9691532850265503,0.030846688896417618
15521,1,1,1,1,train,0.1951419860124588,0.8048580288887024
15522,0,0,0,0,train,0.9924935102462769,0.007506447844207287
15541,0,0,0,0,train,0.8203144073486328,0.17968560755252838
15544,1,0,1,0,train,0.782979428768158,0.21702058613300323
15635,1,1,1,1,train,0.08368590474128723,0.9163140654563904
15677,1,0,1,0,train,0.7136040329933167,0.28639596700668335
15684,1,0,1,0,train,0.8648102283477783,0.13518977165222168
15693,1,0,1,0,train,0.6145790219306946,0.3854210078716278
15702,1,1,1,1,train,0.1535104662179947,0.8464895486831665
15703,1,0,1,0,train,0.5660878419876099,0.43391212821006775
15708,1,1,1,1,train,0.05215274170041084,0.9478471875190735
15709,1,1,1,1,train,0.1643802672624588,0.8356197476387024
15710,1,1,1,1,train,0.017719533294439316,0.982280433177948
15711,0,0,0,0,train,0.846804141998291,0.1531958132982254
15712,1,1,1,1,train,0.0014537485549226403,0.9985462427139282
15713,1,1,1,1,train,0.17718704044818878,0.8228129744529724
15714,1,1,1,1,train,0.08973325788974762,0.9102667570114136
15720,1,1,1,1,train,0.39330577850341797,0.606694221496582
15726,0,0,0,0,train,0.9509257078170776,0.04907435178756714
15837,1,1,1,1,train,0.23229171335697174,0.7677083015441895
15838,1,1,1,1,train,0.33679264783859253,0.6632074117660522
15840,1,0,1,0,train,0.828262448310852,0.17173758149147034
15841,1,1,1,1,train,0.1662019044160843,0.8337980508804321
15868,1,1,1,1,train,0.20192264020442963,0.7980773448944092
15928,1,1,1,1,train,0.0016965402755886316,0.9983034133911133
15948,1,1,1,1,train,0.0005784045206382871,0.9994215965270996
15955,1,1,1,1,train,0.0006783304270356894,0.999321699142456
15988,1,0,1,0,train,0.8914849758148193,0.10851502418518066
15996,1,1,1,1,train,0.0012679354986175895,0.9987320303916931
16004,1,1,1,1,train,0.0004289597854949534,0.9995710253715515
16026,1,1,1,1,train,0.0004030996060464531,0.999596893787384
16040,0,0,0,0,train,0.9526250958442688,0.047374874353408813
16062,1,1,1,1,train,0.0004011404234915972,0.9995989203453064
16072,1,1,1,1,train,0.0005109830526635051,0.9994889497756958
16080,1,1,1,1,train,0.002841335255652666,0.9971586465835571
16088,1,1,1,1,train,0.003174444893375039,0.9968255758285522
16107,1,1,1,1,train,0.014079995453357697,0.9859200716018677
16130,1,1,1,1,train,0.0005277386517263949,0.9994723200798035
16147,1,1,1,1,train,0.001139434170909226,0.9988605976104736
16160,0,0,0,0,train,0.9698619842529297,0.030137985944747925
16177,1,1,1,1,train,0.024213939905166626,0.975786030292511
16191,1,1,1,1,train,0.055740464478731155,0.944259524345398
16203,1,1,1,1,train,0.019117284566164017,0.9808827042579651
16210,1,1,1,1,train,0.10652414709329605,0.8934758305549622
16211,0,1,0,1,train,0.16099518537521362,0.8390048742294312
16213,1,1,1,1,train,0.0049311020411551,0.9950689077377319
16231,1,1,1,1,train,0.00043153809383511543,0.9995684027671814
16270,1,1,1,1,train,0.048002056777477264,0.9519979357719421
16275,1,1,1,1,train,0.04259037226438522,0.957409679889679
16310,1,1,1,1,train,0.0012253981549292803,0.9987745881080627
16329,1,1,1,1,train,0.0035766945220530033,0.9964233040809631
16376,0,0,0,0,train,0.9959961175918579,0.004003902897238731
16379,1,1,1,1,train,0.0035710535012185574,0.996428906917572
16380,1,1,1,1,train,0.00043679733062162995,0.9995631575584412
16383,1,1,1,1,train,0.0007494392921216786,0.999250590801239
16420,1,1,1,1,train,0.17045854032039642,0.8295415043830872
16423,1,1,1,1,train,0.024416841566562653,0.9755831360816956
16456,1,1,1,1,train,0.0005108783952891827,0.9994890689849854
16462,0,0,0,0,train,0.9853633642196655,0.014636673033237457
16480,1,1,1,1,train,0.06258021295070648,0.9374198317527771
16483,0,0,0,0,train,0.8694347143173218,0.13056525588035583
16488,1,1,1,1,train,0.0008493685745634139,0.9991506338119507
16489,0,0,0,0,train,0.8822359442710876,0.11776412278413773
16505,0,0,0,0,train,0.9882186651229858,0.011781333945691586
16529,1,1,1,1,train,0.11599809676408768,0.8840019106864929
16573,1,1,1,1,train,0.020004188641905785,0.9799957871437073
16587,1,1,1,1,train,0.008033362217247486,0.9919666647911072
16591,1,1,1,1,train,0.12107935547828674,0.8789206147193909
16632,1,1,1,1,train,0.003150543663650751,0.9968494772911072
16634,1,1,1,1,train,0.003185811685398221,0.9968141913414001
16636,1,1,1,1,train,0.0005442252149805427,0.9994557499885559
16637,1,1,1,1,train,0.12582385540008545,0.8741761445999146
16699,1,1,1,1,train,0.1849236786365509,0.8150764107704163
16708,0,0,0,0,train,0.9684295058250427,0.03157046064734459
16709,0,0,0,0,train,0.9673508405685425,0.03264918923377991
16711,1,1,1,1,train,0.3680467903614044,0.6319531798362732
16712,0,0,0,0,train,0.9895505309104919,0.010449418798089027
16746,1,1,1,1,train,0.1801183670759201,0.8198816180229187
16774,1,1,1,1,train,0.010243539698421955,0.9897565245628357
16779,1,0,1,0,train,0.9567269682884216,0.04327304661273956
16789,1,1,1,1,train,0.043735213577747345,0.9562647938728333
16794,0,0,0,0,train,0.7608841061592102,0.2391158789396286
16819,0,0,0,0,train,0.976115882396698,0.023884128779172897
16833,1,1,1,1,train,0.20835570991039276,0.791644275188446
16850,1,1,1,1,train,0.0007009395048953593,0.9992990493774414
16857,1,1,1,1,train,0.001253334921784699,0.9987466335296631
16859,1,1,1,1,train,0.0005018035299144685,0.9994981288909912
16881,1,1,1,1,train,0.002409465378150344,0.9975905418395996
16897,1,1,1,1,train,0.001114609302021563,0.998885452747345
16911,1,1,1,1,train,0.005171573720872402,0.9948284029960632
16925,1,1,1,1,train,0.0004149946034885943,0.999584972858429
16932,1,1,1,1,train,0.08577974140644073,0.9142202734947205
16967,1,1,1,1,train,0.0004520673246588558,0.9995478987693787
17005,1,1,1,1,train,0.0034616352058947086,0.9965384006500244
17018,1,1,1,1,train,0.000835387094411999,0.9991645812988281
17054,1,1,1,1,train,0.0008268486708402634,0.999173104763031
17056,1,1,1,1,train,0.00040775598608888686,0.9995922446250916
17058,1,1,1,1,train,0.0007903637015260756,0.9992096424102783
17063,1,1,1,1,train,0.05411890521645546,0.9458810687065125
17115,1,1,1,1,train,0.011231918819248676,0.9887681603431702
17145,1,1,1,1,train,0.0017301428597420454,0.99826979637146
17180,1,1,1,1,train,0.0028440465684980154,0.9971559047698975
17185,1,1,1,1,train,0.00211160397157073,0.9978883862495422
17197,1,1,1,1,train,0.002717592054978013,0.9972823858261108
17264,1,1,1,1,train,0.1401406228542328,0.8598593473434448
17272,0,1,0,1,train,0.10395479947328568,0.8960451483726501
17278,1,1,1,1,train,0.11916924268007278,0.8808308243751526
17279,1,1,1,1,train,0.13016387820243835,0.8698360919952393
17315,1,1,1,1,train,0.3367536962032318,0.6632463335990906
17322,1,1,1,1,train,0.00207415409386158,0.997925877571106
17331,1,1,1,1,train,0.026956656947731972,0.9730433821678162
17338,0,0,0,0,train,0.9919746518135071,0.008025352843105793
17339,0,0,0,0,train,0.9816988706588745,0.018301131203770638
17365,1,1,1,1,train,0.08509405702352524,0.9149059653282166
17389,1,1,1,1,train,0.011540055274963379,0.9884599447250366
17406,1,1,1,1,train,0.2141907960176468,0.7858092188835144
17413,1,1,1,1,train,0.0021202971693128347,0.9978797435760498
17425,1,1,1,1,train,0.009764916263520718,0.9902350902557373
17474,1,1,1,1,train,0.07231542468070984,0.9276845455169678
17579,1,1,1,1,train,0.0004928443231619895,0.9995071887969971
17592,1,1,1,1,train,0.033068928867578506,0.9669311046600342
17598,1,1,1,1,train,0.03721391037106514,0.962786078453064
17599,1,1,1,1,train,0.18178291618824005,0.8182170987129211
17603,1,1,1,1,train,0.001360276248306036,0.9986397624015808
17639,1,0,1,0,train,0.521393895149231,0.47860610485076904
17659,1,1,1,1,train,0.06626598536968231,0.9337340593338013
17729,1,1,1,1,train,0.19905418157577515,0.8009457588195801
17753,1,0,1,0,train,0.7605193257331848,0.239480659365654
17759,0,0,0,0,train,0.8615366816520691,0.13846325874328613
17771,0,0,0,0,train,0.5786080956459045,0.42139187455177307
17791,1,1,1,1,train,0.002607994480058551,0.997391939163208
17793,1,1,1,1,train,0.0017413932364434004,0.998258650302887
17796,1,1,1,1,train,0.0030538379214704037,0.9969461560249329
17799,1,1,1,1,train,0.0011420327937230468,0.9988579750061035
17801,1,1,1,1,train,0.00045246939407661557,0.99954754114151
17847,1,0,1,0,train,0.9719916582107544,0.028008339926600456
17857,1,0,1,0,train,0.6730244755744934,0.326975554227829
17874,1,1,1,1,train,0.0006656001787632704,0.9993343949317932
17916,1,0,1,0,train,0.8678800463676453,0.13211995363235474
17917,1,0,1,0,train,0.7186027765274048,0.2813971936702728
17939,1,1,1,1,train,0.0006735646747983992,0.9993264675140381
17947,1,0,1,0,train,0.8573446273803711,0.1426554173231125
17948,1,1,1,1,train,0.0005420648376457393,0.9994578957557678
17963,1,1,1,1,train,0.0005999805871397257,0.9994000196456909
17964,1,1,1,1,train,0.0005933901993557811,0.9994065761566162
17965,1,1,1,1,train,0.0006928020738996565,0.9993071556091309
17976,1,1,1,1,train,0.0006783957360312343,0.9993215799331665
17977,1,1,1,1,train,0.0032086584251374006,0.9967913031578064
17995,1,1,1,1,train,0.06207726523280144,0.9379227161407471
18000,1,1,1,1,train,0.04547753185033798,0.9545224905014038
18012,1,1,1,1,train,0.0007006420055404305,0.9992992877960205
18058,1,1,1,1,train,0.1053265631198883,0.8946734070777893
18062,1,1,1,1,train,0.0006581385969184339,0.9993417859077454
18073,1,1,1,1,train,0.004694322124123573,0.995305597782135
18087,1,1,1,1,train,0.0008235807181335986,0.9991764426231384
18101,1,1,1,1,train,0.0012807254679501057,0.998719334602356
18116,1,1,1,1,train,0.0004089623689651489,0.999591052532196
18120,1,1,1,1,train,0.21436744928359985,0.7856325507164001
18131,1,1,1,1,train,0.0007237710524350405,0.9992762207984924
18135,1,1,1,1,train,0.0024800910614430904,0.9975199103355408
18153,1,1,1,1,train,0.002219422487542033,0.9977806210517883
18159,1,1,1,1,train,0.002206907607614994,0.9977930784225464
18187,1,1,1,1,train,0.003766234964132309,0.9962337613105774
18216,1,1,1,1,train,0.0024998935405164957,0.9975001215934753
18224,0,0,0,0,train,0.9882800579071045,0.01171993650496006
18301,1,1,1,1,train,0.2505488693714142,0.7494511008262634
18313,1,1,1,1,train,0.0601716972887516,0.9398283362388611
18315,1,1,1,1,train,0.006112364120781422,0.9938876032829285
18318,1,1,1,1,train,0.015443122945725918,0.9845569133758545
18327,1,1,1,1,train,0.03600293770432472,0.9639970660209656
18334,1,1,1,1,train,0.03259242698550224,0.9674075841903687
18342,1,1,1,1,train,0.0038095705676823854,0.9961904287338257
18349,1,1,1,1,train,0.015289129689335823,0.9847108721733093
18356,1,1,1,1,train,0.0004499276983551681,0.9995500445365906
18357,1,1,1,1,train,0.0005591958179138601,0.9994408488273621
18358,1,1,1,1,train,0.00047670898493379354,0.9995232820510864
18361,1,1,1,1,train,0.091353639960289,0.9086464047431946
18365,1,1,1,1,train,0.010372007265686989,0.9896279573440552
18366,1,1,1,1,train,0.0004344001936260611,0.9995655417442322
18377,0,0,0,0,train,0.6523975729942322,0.3476024568080902
18391,1,1,1,1,train,0.003423726884648204,0.9965762495994568
18396,1,0,1,0,train,0.9144055843353271,0.08559440821409225
18397,1,1,1,1,train,0.45800691843032837,0.5419930219650269
18422,1,1,1,1,train,0.0011413657339289784,0.9988586902618408
18424,1,1,1,1,train,0.000411906570661813,0.9995880722999573
18425,1,1,1,1,train,0.0021703545935451984,0.9978296160697937
18438,1,1,1,1,train,0.00037926394725218415,0.9996206760406494
18444,1,1,1,1,train,0.0004876051389146596,0.9995124340057373
18451,1,1,1,1,train,0.0004246163589414209,0.9995754361152649
18465,1,1,1,1,train,0.002509295241907239,0.9974907636642456
18499,0,0,0,0,train,0.6783164143562317,0.3216836154460907
18517,1,1,1,1,train,0.0034592077136039734,0.9965407252311707
18580,1,1,1,1,train,0.0007452905992977321,0.9992546439170837
18587,1,1,1,1,train,0.0003963516792282462,0.9996036887168884
18593,1,1,1,1,train,0.00041706798947416246,0.9995829463005066
18651,1,1,1,1,train,0.0005092773935757577,0.9994907379150391
18681,1,0,1,0,train,0.9193670153617859,0.08063304424285889
18688,1,1,1,1,train,0.18715345859527588,0.8128465414047241
18695,0,0,0,0,train,0.9591706395149231,0.040829334408044815
18748,1,1,1,1,train,0.0003993828722741455,0.9996005892753601
18784,1,1,1,1,train,0.10764458775520325,0.8923554420471191
18803,1,1,1,1,train,0.19559432566165924,0.804405689239502
18804,1,1,1,1,train,0.3149338364601135,0.6850661635398865
18809,1,1,1,1,train,0.0046510822139680386,0.9953489899635315
18811,1,1,1,1,train,0.02114497870206833,0.9788549542427063
18868,1,1,1,1,train,0.00041402806527912617,0.9995859265327454
18872,1,1,1,1,train,0.0005905209691263735,0.9994094371795654
18893,1,1,1,1,train,0.0005400926456786692,0.9994599223136902
18905,1,1,1,1,train,0.0003615602327045053,0.9996384382247925
18911,1,1,1,1,train,0.006149246357381344,0.9938507080078125
18913,1,1,1,1,train,0.009848940186202526,0.990151047706604
18917,1,1,1,1,train,0.005564963910728693,0.9944349527359009
18919,1,1,1,1,train,0.0005060748662799597,0.9994939565658569
18923,1,1,1,1,train,0.000523050082847476,0.999476969242096
18924,1,1,1,1,train,0.0006808796897530556,0.9993190765380859
18930,1,1,1,1,train,0.0029653047677129507,0.9970346689224243
18942,1,1,1,1,train,0.000428681552875787,0.9995712637901306
18953,1,1,1,1,train,0.0004194321227259934,0.9995805621147156
18962,1,1,1,1,train,0.07787907868623734,0.9221209287643433
18968,1,1,1,1,train,0.05382431298494339,0.9461756944656372
19018,1,1,1,1,train,0.005475269164890051,0.9945247173309326
19042,1,1,1,1,train,0.03024199791252613,0.9697579741477966
19054,0,0,0,0,train,0.9911715388298035,0.008828416466712952
19068,1,1,1,1,train,0.03343893960118294,0.9665611386299133
19071,0,1,0,1,train,0.25058823823928833,0.7494117617607117
19073,0,1,0,1,train,0.39593327045440674,0.6040667295455933
19090,0,0,0,0,train,0.9863318204879761,0.013668235391378403
19110,0,1,0,1,train,0.3639395236968994,0.6360604763031006
19132,0,0,0,0,train,0.8078711032867432,0.19212885200977325
19144,1,1,1,1,train,0.1267372965812683,0.8732627034187317
19170,1,1,1,1,train,0.006201436277478933,0.993798553943634
19188,1,1,1,1,train,0.0016228711465373635,0.9983770847320557
19197,1,1,1,1,train,0.002404365688562393,0.9975956082344055
19200,1,1,1,1,train,0.0010355997364968061,0.9989644289016724
19224,1,1,1,1,train,0.016702760010957718,0.9832972288131714
19252,1,1,1,1,train,0.001262335805222392,0.998737633228302
19266,1,1,1,1,train,0.07656306773424149,0.9234368801116943
19271,1,1,1,1,train,0.22870855033397675,0.7712914943695068
19277,1,1,1,1,train,0.0009255800978280604,0.9990743398666382
19347,1,1,1,1,train,0.0008163447491824627,0.9991835951805115
19352,1,1,1,1,train,0.004223981406539679,0.9957759976387024
19362,1,1,1,1,train,0.001798737095668912,0.9982012510299683
19372,1,1,1,1,train,0.020141204819083214,0.9798587560653687
19386,1,1,1,1,train,0.05923010781407356,0.9407699108123779
19393,1,1,1,1,train,0.0030297241173684597,0.9969702959060669
19402,1,1,1,1,train,0.0005284889484755695,0.9994714856147766
19405,1,1,1,1,train,0.0005508397589437664,0.9994491934776306
19422,1,1,1,1,train,0.003508384572342038,0.9964916110038757
19424,1,1,1,1,train,0.07584366202354431,0.9241563677787781
19439,1,1,1,1,train,0.0004933180753141642,0.9995067119598389
19452,1,1,1,1,train,0.17646446824073792,0.8235355615615845
19466,1,1,1,1,train,0.0006076584686525166,0.9993922710418701
19487,1,1,1,1,train,0.1709906905889511,0.8290093541145325
19488,0,0,0,0,train,0.5441200733184814,0.4558798670768738
19522,1,1,1,1,train,0.07948970794677734,0.9205103516578674
19556,1,0,1,0,train,0.8317068815231323,0.16829316318035126
19559,1,1,1,1,train,0.0028038399759680033,0.9971961975097656
19561,1,1,1,1,train,0.0005250821122899652,0.9994749426841736
19564,1,1,1,1,train,0.0004863427602685988,0.9995136260986328
19621,1,1,1,1,train,0.0004087499692104757,0.9995912909507751
19653,1,1,1,1,train,0.003379005705937743,0.9966210126876831
19706,1,1,1,1,train,0.07297069579362869,0.9270293712615967
19731,1,1,1,1,train,0.022751929238438606,0.9772481322288513
19733,1,1,1,1,train,0.0004294558602850884,0.9995705485343933
19754,1,1,1,1,train,0.11256616562604904,0.8874337673187256
19764,1,1,1,1,train,0.0011535589583218098,0.9988464117050171
19766,1,1,1,1,train,0.00075422169174999,0.9992457628250122
19770,1,1,1,1,train,0.0006551887490786612,0.9993447661399841
19774,1,1,1,1,train,0.0008874992490746081,0.9991125464439392
19827,1,1,1,1,train,0.0014343453804031014,0.9985657334327698
19846,1,1,1,1,train,0.02790629118680954,0.9720937013626099
19870,1,1,1,1,train,0.009826866909861565,0.9901731014251709
19937,1,1,1,1,train,0.0018611124251037836,0.9981389045715332
19978,1,1,1,1,train,0.001405825954861939,0.9985941052436829
19991,1,1,1,1,train,0.0017491423059254885,0.9982507824897766
19992,1,1,1,1,train,0.0013148022117093205,0.9986851811408997
19993,1,1,1,1,train,0.012285783886909485,0.9877141714096069
20048,1,1,1,1,train,0.027946263551712036,0.9720537662506104
20108,1,1,1,1,train,0.0006762793636880815,0.9993237257003784
20122,1,1,1,1,train,0.002345533575862646,0.9976544976234436
20124,1,1,1,1,train,0.00043265207204967737,0.9995673298835754
20127,1,1,1,1,train,0.0004584837588481605,0.9995415210723877
20131,0,1,0,1,train,0.4286639392375946,0.571336030960083
20175,1,0,1,0,train,0.5018352270126343,0.4981647729873657
20176,0,0,0,0,train,0.9823550581932068,0.017644960433244705
20218,1,1,1,1,train,0.000755639630369842,0.9992443323135376
20250,0,0,0,0,train,0.6907963752746582,0.3092036247253418
20258,0,0,0,0,train,0.6370388269424438,0.36296120285987854
20306,1,1,1,1,train,0.00046427702181972563,0.9995357990264893
20356,1,1,1,1,train,0.0004189681785646826,0.9995810389518738
20358,1,1,1,1,train,0.0020577211398631334,0.9979422688484192
20359,1,1,1,1,train,0.0005855125491507351,0.9994144439697266
20365,1,1,1,1,train,0.0004780545423272997,0.9995219707489014
20371,1,1,1,1,train,0.0020181473810225725,0.9979817867279053
20387,1,1,1,1,train,0.027760904282331467,0.972239077091217
20392,0,0,0,0,train,0.9759524464607239,0.024047497659921646
20400,1,1,1,1,train,0.4827241599559784,0.5172758102416992
20414,1,1,1,1,train,0.2488902509212494,0.751109778881073
20426,1,1,1,1,train,0.0022588602732867002,0.9977411031723022
20437,1,1,1,1,train,0.0006104803178459406,0.9993895292282104
20466,0,1,0,1,train,0.2183380275964737,0.7816619873046875
20495,1,1,1,1,train,0.0006202835938893259,0.9993796348571777
20498,1,1,1,1,train,0.008985794149339199,0.9910141825675964
20511,1,1,1,1,train,0.009729274548590183,0.990270733833313
20514,1,1,1,1,train,0.0004730582295451313,0.9995269775390625
20562,1,1,1,1,train,0.0006253595929592848,0.9993746876716614
20589,1,1,1,1,train,0.0027952950913459063,0.9972047209739685
20600,1,1,1,1,train,0.03367685526609421,0.96632319688797
20619,1,1,1,1,train,0.11886011064052582,0.8811399340629578
20632,1,1,1,1,train,0.3521164357662201,0.6478836536407471
20637,0,0,0,0,train,0.5475704073905945,0.45242956280708313
20642,1,1,1,1,train,0.03680378198623657,0.9631962180137634
20653,1,1,1,1,train,0.0023363602813333273,0.9976636171340942
20656,1,1,1,1,train,0.0009641635697335005,0.9990358352661133
20664,1,1,1,1,train,0.000584304565563798,0.9994157552719116
20667,1,1,1,1,train,0.0011369241401553154,0.9988631010055542
20672,1,1,1,1,train,0.00044989591697230935,0.9995500445365906
20679,1,1,1,1,train,0.039302315562963486,0.9606977105140686
20683,1,1,1,1,train,0.0004921054351143539,0.9995079040527344
20685,1,1,1,1,train,0.0004970066365785897,0.9995030164718628
20709,1,1,1,1,train,0.48112329840660095,0.5188766717910767
20733,1,1,1,1,train,0.0020804409869015217,0.9979196190834045
20754,1,1,1,1,train,0.0005432963953353465,0.9994567036628723
20770,1,1,1,1,train,0.0005397720378823578,0.9994602799415588
20772,1,1,1,1,train,0.0009280642843805254,0.9990719556808472
20784,1,1,1,1,train,0.15165172517299652,0.8483483195304871
20799,1,0,1,0,train,0.7796920537948608,0.22030791640281677
20800,1,0,1,0,train,0.7365685105323792,0.26343148946762085
20801,1,1,1,1,train,0.32615599036216736,0.6738440990447998
20819,0,0,0,0,train,0.9901071786880493,0.009892746806144714
20823,0,1,0,1,train,0.25193384289741516,0.7480661273002625
20835,1,1,1,1,train,0.063995860517025,0.9360041618347168
20837,1,1,1,1,train,0.005498312413692474,0.9945017099380493
20838,1,1,1,1,train,0.0005355742760002613,0.9994644522666931
20845,1,1,1,1,train,0.028293052688241005,0.9717069268226624
20850,1,1,1,1,train,0.04435345157980919,0.9556465148925781
20855,1,1,1,1,train,0.0010111122392117977,0.998988926410675
20925,1,1,1,1,train,0.002010958269238472,0.9979890584945679
20953,1,1,1,1,train,0.0028921416960656643,0.9971079230308533
20957,1,1,1,1,train,0.0020325621590018272,0.9979674220085144
21005,1,1,1,1,train,0.040796536952257156,0.9592034220695496
21062,0,1,0,1,train,0.16693346202373505,0.833066463470459
21067,1,1,1,1,train,0.0007387269870378077,0.9992613196372986
21071,1,1,1,1,train,0.0006643750821240246,0.9993355870246887
21076,1,1,1,1,train,0.003931878134608269,0.9960681200027466
21097,1,1,1,1,train,0.0005323516088537872,0.999467670917511
21118,1,1,1,1,train,0.0011054128408432007,0.9988946318626404
21122,1,1,1,1,train,0.014322920702397823,0.9856771230697632
21155,1,1,1,1,train,0.0008108377223834395,0.9991891980171204
21171,1,1,1,1,train,0.004532153718173504,0.9954677820205688
21184,1,1,1,1,train,0.0005297911702655256,0.9994701743125916
21196,1,1,1,1,train,0.0017895465716719627,0.9982104301452637
21199,1,1,1,1,train,0.046193916350603104,0.9538060426712036
21204,1,1,1,1,train,0.0008141419966705143,0.9991858601570129
21218,1,1,1,1,train,0.041451577097177505,0.9585484266281128
21227,1,1,1,1,train,0.003605180187150836,0.9963948130607605
21230,1,1,1,1,train,0.0006170956185087562,0.9993828535079956
21244,0,1,0,1,train,0.003998545464128256,0.9960014224052429
21265,1,0,1,0,train,0.9089440107345581,0.09105603396892548
21267,1,1,1,1,train,0.00037271564360708,0.9996272325515747
21334,1,1,1,1,train,0.0006826476310379803,0.9993174076080322
21336,1,1,1,1,train,0.4669611155986786,0.533038854598999
21373,1,0,1,0,train,0.7278834581375122,0.2721165716648102
21390,1,1,1,1,train,0.0508747436106205,0.9491252303123474
21445,0,0,0,0,train,0.9762033224105835,0.023796694353222847
21499,1,1,1,1,train,0.0373627133667469,0.9626373052597046
21585,1,1,1,1,train,0.0006840960122644901,0.9993158578872681
21590,1,1,1,1,train,0.0006766261649318039,0.9993233680725098
21604,1,1,1,1,train,0.0008602921734564006,0.999139666557312
21620,1,1,1,1,train,0.0004891916760243475,0.9995107650756836
21626,1,1,1,1,train,0.0006397994002327323,0.9993602633476257
21635,1,1,1,1,train,0.0019614570774137974,0.9980385899543762
21637,1,1,1,1,train,0.0004779566079378128,0.9995220899581909
21651,1,1,1,1,train,0.0006545680807903409,0.9993453621864319
21654,1,1,1,1,train,0.002714062575250864,0.9972859621047974
21668,1,1,1,1,train,0.0006336798542179167,0.9993663430213928
21694,0,0,0,0,train,0.8944006562232971,0.1055993065237999
21702,1,0,1,0,train,0.9869621992111206,0.013037794269621372
21751,1,1,1,1,train,0.10379253327846527,0.8962075114250183
21766,1,1,1,1,train,0.498353511095047,0.5016465187072754
21796,0,0,0,0,train,0.9952237010002136,0.004776294343173504
21801,1,1,1,1,train,0.00272636697627604,0.9972736239433289
21809,1,1,1,1,train,0.0034354599192738533,0.9965645670890808
21839,1,1,1,1,train,0.00215404131449759,0.9978460073471069
21847,1,1,1,1,train,0.0034394944086670876,0.9965605139732361
21850,1,1,1,1,train,0.00794092658907175,0.9920589923858643
21861,1,1,1,1,train,0.00043859396828338504,0.9995613694190979
21872,1,1,1,1,train,0.003433024510741234,0.996566891670227
21912,1,1,1,1,train,0.0008641408639959991,0.9991359114646912
21913,1,1,1,1,train,0.0016021003248170018,0.9983978867530823
21926,1,1,1,1,train,0.0012158118188381195,0.9987842440605164
21939,1,1,1,1,train,0.0010383668122813106,0.9989615678787231
21941,1,1,1,1,train,0.0025623145047575235,0.9974377155303955
21999,1,1,1,1,train,0.001229725545272231,0.9987702965736389
22006,1,1,1,1,train,0.4225771725177765,0.5774227976799011
22008,1,0,1,0,train,0.5011900663375854,0.4988098740577698
22074,1,1,1,1,train,0.0005298574105836451,0.9994701743125916
22080,1,1,1,1,train,0.0025947056710720062,0.9974052309989929
22087,1,1,1,1,train,0.0018405425362288952,0.9981594681739807
22091,1,1,1,1,train,0.0007803738699294627,0.9992196559906006
22107,1,1,1,1,train,0.0011834894539788365,0.9988164901733398
22108,1,1,1,1,train,0.0009038924472406507,0.999096155166626
22120,1,1,1,1,train,0.005521985236555338,0.9944779872894287
22198,1,0,1,0,train,0.9829918742179871,0.01700807735323906
22207,1,1,1,1,train,0.003317974740639329,0.9966819882392883
22211,1,1,1,1,train,0.0008109752670861781,0.9991890788078308
22212,1,1,1,1,train,0.4780009090900421,0.5219991207122803
22227,1,1,1,1,train,0.00044218916445970535,0.9995577931404114
22233,1,1,1,1,train,0.0006456405972130597,0.9993543028831482
22252,1,1,1,1,train,0.010412744246423244,0.9895871877670288
22259,1,1,1,1,train,0.039806757122278214,0.9601932168006897
22262,1,0,1,0,train,0.7704283595085144,0.2295716553926468
22277,1,1,1,1,train,0.0005531776114366949,0.9994468092918396
22286,1,1,1,1,train,0.0006704041152261198,0.9993295669555664
22292,1,1,1,1,train,0.007587381638586521,0.9924126267433167
22353,1,1,1,1,train,0.0008600024739280343,0.9991400241851807
22356,1,1,1,1,train,0.001970667392015457,0.9980292916297913
22362,1,1,1,1,train,0.0028406381607055664,0.9971593618392944
22363,1,1,1,1,train,0.0009217751212418079,0.9990781545639038
22368,1,1,1,1,train,0.0005148638738319278,0.9994851350784302
22378,1,1,1,1,train,0.016150759533047676,0.983849287033081
22435,1,1,1,1,train,0.19036732614040375,0.8096326589584351
22443,1,1,1,1,train,0.002626340137794614,0.9973737001419067
22450,1,1,1,1,train,0.0055343168787658215,0.9944656491279602
22452,1,1,1,1,train,0.0010437682503834367,0.9989562034606934
22458,1,1,1,1,train,0.0035482714883983135,0.996451735496521
22460,1,1,1,1,train,0.00041615994996391237,0.999583899974823
22469,1,1,1,1,train,0.0022736804094165564,0.9977263808250427
22472,0,0,0,0,train,0.9693748354911804,0.03062514029443264
22514,1,1,1,1,train,0.003666431875899434,0.9963335990905762
22517,1,1,1,1,train,0.0004095171170774847,0.9995904564857483
22544,1,1,1,1,train,0.0011566397733986378,0.9988433122634888
22545,1,1,1,1,train,0.04848141595721245,0.9515185952186584
22548,1,1,1,1,train,0.002143226796761155,0.9978567957878113
22593,0,1,0,1,train,0.11980253458023071,0.8801974058151245
22612,1,1,1,1,train,0.10328005999326706,0.8967199325561523
22631,1,1,1,1,train,0.12462490051984787,0.8753751516342163
22645,1,1,1,1,train,0.18820598721504211,0.8117939829826355
22684,1,0,1,0,train,0.6276937127113342,0.37230631709098816
22685,1,1,1,1,train,0.2849240005016327,0.7150759696960449
22688,1,1,1,1,train,0.39087796211242676,0.6091220378875732
22690,1,1,1,1,train,0.4118746221065521,0.5881254076957703
22734,1,1,1,1,train,0.0012838897528126836,0.9987161159515381
22746,1,1,1,1,train,0.04364632070064545,0.9563536047935486
22778,0,0,0,0,train,0.9954097867012024,0.004590160213410854
22787,1,1,1,1,train,0.0004601677064783871,0.999539852142334
22834,1,1,1,1,train,0.0005105804884806275,0.999489426612854
22847,1,1,1,1,train,0.000593735312577337,0.9994062185287476
22851,1,1,1,1,train,0.0008334931335411966,0.9991664886474609
22854,1,1,1,1,train,0.000978420372121036,0.9990215301513672
22873,1,1,1,1,train,0.019791176542639732,0.9802088737487793
22908,1,1,1,1,train,0.0006815565284341574,0.9993184804916382
22989,1,1,1,1,train,0.10942313820123672,0.8905768394470215
23010,1,1,1,1,train,0.002578266430646181,0.9974217414855957
23011,1,1,1,1,train,0.20186294615268707,0.7981370687484741
23106,1,1,1,1,train,0.11481771618127823,0.8851823210716248
23114,1,0,1,0,train,0.5510571599006653,0.44894281029701233
23119,1,1,1,1,train,0.00047295857802964747,0.999527096748352
23125,1,1,1,1,train,0.0010160650126636028,0.9989839196205139
23157,1,1,1,1,train,0.0003979451721534133,0.9996020197868347
23162,1,1,1,1,train,0.0005138933192938566,0.9994860887527466
23166,1,1,1,1,train,0.0017789620906114578,0.9982209801673889
23167,1,1,1,1,train,0.0005668608355335891,0.9994331002235413
23172,1,1,1,1,train,0.0020100560504943132,0.9979898929595947
23176,1,1,1,1,train,0.003360204631462693,0.9966398477554321
23194,1,1,1,1,train,0.03388263285160065,0.9661173820495605
23232,1,1,1,1,train,0.0023448518477380276,0.9976551532745361
23233,1,1,1,1,train,0.0005726524395868182,0.999427318572998
23234,1,1,1,1,train,0.0015695123001933098,0.9984304308891296
23253,1,1,1,1,train,0.0005385766853578389,0.9994614720344543
23264,1,1,1,1,train,0.0012048003263771534,0.9987951517105103
23272,1,1,1,1,train,0.045357782393693924,0.9546421766281128
23300,1,1,1,1,train,0.0004591144388541579,0.9995409250259399
23304,1,0,1,0,train,0.5360497832298279,0.4639502465724945
23307,1,1,1,1,train,0.09989937394857407,0.900100588798523
23311,1,1,1,1,train,0.002070060232654214,0.9979299306869507
23315,1,1,1,1,train,0.10037185251712799,0.8996281623840332
23324,1,1,1,1,train,0.14529307186603546,0.854706883430481
23341,1,1,1,1,train,0.0020240412559360266,0.9979760050773621
23407,1,1,1,1,train,0.002626819768920541,0.9973732233047485
23425,1,1,1,1,train,0.0017840194050222635,0.9982159733772278
23453,1,1,1,1,train,0.00039977673441171646,0.9996002316474915
23456,1,1,1,1,train,0.4860195517539978,0.5139804482460022
23490,1,1,1,1,train,0.0008089453913271427,0.9991911053657532
23494,1,1,1,1,train,0.0029645643662661314,0.9970353841781616
23502,1,1,1,1,train,0.0013519806088879704,0.9986479878425598
23512,1,1,1,1,train,0.002385464496910572,0.9976145029067993
23523,1,1,1,1,train,0.0007744277245365083,0.9992256164550781
23529,1,1,1,1,train,0.0004939584759995341,0.9995059967041016
23533,1,1,1,1,train,0.0006481221062131226,0.9993519186973572
23534,1,1,1,1,train,0.0005073311040177941,0.9994926452636719
23541,1,1,1,1,train,0.01030054409056902,0.9896994233131409
23602,0,0,0,0,train,0.9116240739822388,0.08837594836950302
23625,1,1,1,1,train,0.0024536955170333385,0.9975462555885315
23629,1,1,1,1,train,0.00044948424329049885,0.9995505213737488
23634,1,1,1,1,train,0.26738241314888,0.7326176166534424
23667,1,1,1,1,train,0.0036032162606716156,0.9963968396186829
23679,1,1,1,1,train,0.0005447903531603515,0.9994551539421082
23688,1,1,1,1,train,0.00041916652116924524,0.9995808005332947
23700,1,1,1,1,train,0.0028455592691898346,0.9971544742584229
23705,1,1,1,1,train,0.0019469991093501449,0.9980530738830566
23707,1,1,1,1,train,0.00277247978374362,0.9972274899482727
23727,1,1,1,1,train,0.0021598387975245714,0.997840166091919
23732,1,1,1,1,train,0.00367174856364727,0.9963282942771912
23741,1,1,1,1,train,0.0005420989473350346,0.9994578957557678
23742,1,1,1,1,train,0.0020837795455008745,0.9979161620140076
23744,1,1,1,1,train,0.006564964074641466,0.9934350252151489
23754,1,1,1,1,train,0.001698009204119444,0.9983019828796387
23755,1,1,1,1,train,0.0028109578415751457,0.9971891045570374
23763,1,1,1,1,train,0.008610799908638,0.9913892149925232
23765,1,1,1,1,train,0.0033720803912729025,0.9966278672218323
23807,0,0,0,0,train,0.8362681269645691,0.1637319028377533
23808,1,1,1,1,train,0.0028047452215105295,0.9971952438354492
23809,1,1,1,1,train,0.0038124904967844486,0.9961875081062317
23819,1,1,1,1,train,0.0005308024119585752,0.9994692206382751
23838,1,1,1,1,train,0.0007187348674051464,0.9992812275886536
23856,1,1,1,1,train,0.011108987964689732,0.9888910055160522
23883,1,1,1,1,train,0.0022299103438854218,0.9977700710296631
23884,1,1,1,1,train,0.06776627898216248,0.9322336912155151
23944,0,1,0,1,train,0.3308473825454712,0.6691526174545288
23953,1,1,1,1,train,0.0004640508850570768,0.9995359182357788
23956,1,1,1,1,train,0.001434277044609189,0.9985657334327698
23968,1,1,1,1,train,0.0011685993522405624,0.9988314509391785
23980,1,1,1,1,train,0.0020380401983857155,0.9979619979858398
23985,1,1,1,1,train,0.02574232779443264,0.9742576479911804
24018,1,1,1,1,train,0.006516578141599894,0.9934833645820618
24058,1,1,1,1,train,0.03344067186117172,0.9665593504905701
24059,1,1,1,1,train,0.0003823372535407543,0.9996175765991211
24063,1,1,1,1,train,0.0010827843798324466,0.9989172220230103
24075,1,1,1,1,train,0.0004283970920369029,0.9995716214179993
24083,1,1,1,1,train,0.00044963910477235913,0.9995502829551697
24085,1,1,1,1,train,0.0003740356769412756,0.9996259212493896
24137,1,1,1,1,train,0.0004404739593155682,0.9995594620704651
24154,1,1,1,1,train,0.001959189074113965,0.9980408549308777
24166,1,1,1,1,train,0.0006283862167038023,0.9993715882301331
24167,1,1,1,1,train,0.0005217663710936904,0.999478280544281
24169,1,1,1,1,train,0.16010943055152893,0.8398905992507935
24173,1,1,1,1,train,0.0028842275496572256,0.9971157312393188
24188,1,1,1,1,train,0.004041573032736778,0.9959583878517151
24199,1,1,1,1,train,0.001753463875502348,0.9982465505599976
24243,1,1,1,1,train,0.18414939939975739,0.815850555896759
24250,1,1,1,1,train,0.004420868121087551,0.9955790638923645
24251,1,1,1,1,train,0.0019504784140735865,0.9980494976043701
24265,0,0,0,0,train,0.8972383737564087,0.10276168584823608
24275,1,1,1,1,train,0.001990375341847539,0.9980096220970154
24284,1,1,1,1,train,0.0075290510430932045,0.9924709796905518
24306,1,1,1,1,train,0.0007813664269633591,0.9992185831069946
24313,1,1,1,1,train,0.003634789725765586,0.9963651895523071
24328,1,1,1,1,train,0.017388174310326576,0.9826117753982544
24336,1,1,1,1,train,0.011979950591921806,0.9880200028419495
24366,1,1,1,1,train,0.002840285887941718,0.9971597194671631
24385,0,1,0,1,train,0.3354107737541199,0.6645891666412354
24392,1,1,1,1,train,0.011551707983016968,0.9884483218193054
24404,1,1,1,1,train,0.0004626598092727363,0.9995373487472534
24425,1,1,1,1,train,0.00042035133810713887,0.9995796084403992
24434,1,1,1,1,train,0.046858299523591995,0.9531417489051819
24447,1,1,1,1,train,0.0019350768998265266,0.9980649352073669
24481,1,1,1,1,train,0.0005932518979534507,0.9994066953659058
24488,1,1,1,1,train,0.0007873481372371316,0.9992126226425171
24491,1,1,1,1,train,0.0009179338230751455,0.999082088470459
24496,1,1,1,1,train,0.0021091357339173555,0.9978908896446228
24500,1,1,1,1,train,0.4570830464363098,0.5429168939590454
24505,1,1,1,1,train,0.1948908120393753,0.8051092028617859
24506,1,1,1,1,train,0.0037578658666461706,0.9962421655654907
24522,1,1,1,1,train,0.0006339185056276619,0.9993661046028137
24526,1,1,1,1,train,0.26902276277542114,0.7309771776199341
24527,0,0,0,0,train,0.9932154417037964,0.00678460905328393
24542,1,1,1,1,train,0.00045679244794882834,0.9995431900024414
24559,1,1,1,1,train,0.001717802369967103,0.9982821941375732
24565,1,1,1,1,train,0.00040681406971998513,0.999593198299408
24568,1,1,1,1,train,0.000521369103807956,0.9994786381721497
24570,1,1,1,1,train,0.0011732783168554306,0.9988266825675964
24576,1,1,1,1,train,0.0021750389132648706,0.997825026512146
24609,1,1,1,1,train,0.00045399731607176363,0.9995459914207458
24610,1,1,1,1,train,0.001573918154463172,0.998426079750061
24614,1,1,1,1,train,0.1228470653295517,0.8771529197692871
24616,1,1,1,1,train,0.0005345746176317334,0.9994654059410095
24627,1,1,1,1,train,0.0007553271716460586,0.9992446899414062
24628,1,1,1,1,train,0.0008577245171181858,0.9991422891616821
24633,1,1,1,1,train,0.00198636157438159,0.9980136156082153
24637,1,1,1,1,train,0.002632517833262682,0.9973675608634949
24644,1,1,1,1,train,0.0004875642480328679,0.9995124340057373
24661,1,1,1,1,train,0.03472410887479782,0.9652759432792664
24787,1,1,1,1,train,0.013662771321833134,0.9863372445106506
24789,1,1,1,1,train,0.040782567113637924,0.9592174887657166
24792,1,1,1,1,train,0.0009464843897148967,0.9990535378456116
24798,1,1,1,1,train,0.0005104354349896312,0.9994895458221436
24800,1,1,1,1,train,0.00040256083593703806,0.9995974898338318
24802,1,1,1,1,train,0.0007136480417102575,0.9992863535881042
24832,1,1,1,1,train,0.0006580338231287897,0.9993419051170349
24845,1,1,1,1,train,0.0028884902130812407,0.997111439704895
24893,1,1,1,1,train,0.0029757795855402946,0.9970242381095886
24920,1,1,1,1,train,0.0006467661005444825,0.9993532299995422
24933,1,1,1,1,train,0.0005403846153058112,0.9994595646858215
24953,1,1,1,1,train,0.0033877608366310596,0.9966122508049011
24976,1,1,1,1,train,0.003651888109743595,0.9963480830192566
25043,1,1,1,1,train,0.002898180391639471,0.9971018433570862
25044,1,1,1,1,train,0.0023391072172671556,0.9976608753204346
25048,1,1,1,1,train,0.0024620057083666325,0.9975379705429077
25068,1,1,1,1,train,0.029863061383366585,0.9701369404792786
25072,1,1,1,1,train,0.00046065531205385923,0.9995393753051758
25090,1,1,1,1,train,0.03819672763347626,0.9618033170700073
25108,0,0,0,0,train,0.6371430158615112,0.36285707354545593
25111,1,1,1,1,train,0.003025924088433385,0.9969741106033325
25120,1,1,1,1,train,0.002847502240911126,0.9971524477005005
25133,1,1,1,1,train,0.006633397191762924,0.993366539478302
25134,1,1,1,1,train,0.0017887325957417488,0.9982112646102905
25135,1,1,1,1,train,0.0032430568244308233,0.9967569708824158
25137,1,1,1,1,train,0.002753667766228318,0.9972463846206665
25152,1,1,1,1,train,0.00231644487939775,0.9976835250854492
25153,1,1,1,1,train,0.0009676366462372243,0.9990323781967163
25163,1,1,1,1,train,0.0004986461135558784,0.9995013475418091
25184,1,1,1,1,train,0.0010586497373878956,0.9989413619041443
25192,1,1,1,1,train,0.0031661703251302242,0.996833860874176
25222,1,1,1,1,train,0.0013143501710146666,0.9986856579780579
25272,1,1,1,1,train,0.0028190503362566233,0.9971809387207031
25277,1,1,1,1,train,0.0005111609352752566,0.9994888305664062
25280,1,1,1,1,train,0.000860837462823838,0.9991391897201538
25318,1,1,1,1,train,0.0010778188006952405,0.9989222288131714
25320,1,1,1,1,train,0.004051839467138052,0.9959481358528137
25324,1,1,1,1,train,0.10508140921592712,0.8949185609817505
25336,1,1,1,1,train,0.0006412480142898858,0.9993587136268616
25360,1,1,1,1,train,0.0734066292643547,0.9265933632850647
25377,1,1,1,1,train,0.0006878295098431408,0.999312162399292
25378,1,1,1,1,train,0.0006880254950374365,0.9993119239807129
25395,1,1,1,1,train,0.003593573346734047,0.9964063763618469
25431,1,1,1,1,train,0.0005898451199755073,0.9994101524353027
25490,1,1,1,1,train,0.0005483540589921176,0.9994516968727112
25497,1,0,1,0,train,0.7476043105125427,0.2523956298828125
25505,1,1,1,1,train,0.0023727191146463156,0.997627317905426
25512,1,1,1,1,train,0.0003602491633500904,0.9996397495269775
25514,1,1,1,1,train,0.0011097319656983018,0.9988903403282166
25523,1,1,1,1,train,0.0004725115140900016,0.9995274543762207
25526,1,1,1,1,train,0.001302525051869452,0.9986974596977234
25531,1,1,1,1,train,0.0011026610154658556,0.9988973140716553
25533,1,1,1,1,train,0.0004728148051071912,0.9995272159576416
25535,1,1,1,1,train,0.00041153881466016173,0.9995884299278259
25553,1,1,1,1,train,0.001079241861589253,0.9989207983016968
25554,1,1,1,1,train,0.0012591964332386851,0.9987408518791199
25563,1,1,1,1,train,0.0017182922456413507,0.998281717300415
25571,1,1,1,1,train,0.1885620504617691,0.8114379048347473
25580,1,1,1,1,train,0.044021233916282654,0.9559786915779114
25617,1,1,1,1,train,0.009622853249311447,0.9903771281242371
25628,1,1,1,1,train,0.0007374253473244607,0.9992625117301941
25652,1,1,1,1,train,0.022535644471645355,0.9774643778800964
25656,0,1,0,1,train,0.3409900665283203,0.6590098738670349
25667,0,1,0,1,train,0.4076566696166992,0.5923433303833008
25680,0,1,0,1,train,0.4288780987262726,0.571121871471405
25724,1,1,1,1,train,0.0004623357963282615,0.9995377063751221
25757,1,1,1,1,train,0.11620143800973892,0.8837985992431641
25765,1,1,1,1,train,0.0005510657792910933,0.9994489550590515
25770,1,1,1,1,train,0.00038659380516037345,0.9996134638786316
25771,1,1,1,1,train,0.0005465410649776459,0.9994534850120544
25788,1,1,1,1,train,0.0005574712995439768,0.9994425177574158
25789,1,1,1,1,train,0.002118778182193637,0.9978812336921692
25794,1,1,1,1,train,0.0012070592492818832,0.9987928867340088
25796,1,1,1,1,train,0.002446862170472741,0.9975531697273254
25801,1,1,1,1,train,0.08658111095428467,0.9134188890457153
25813,0,0,0,0,train,0.984187126159668,0.015812808647751808
25814,1,0,1,0,train,0.6058124899864197,0.3941875100135803
25815,1,1,1,1,train,0.004486337304115295,0.9955136179924011
25816,1,1,1,1,train,0.002585902577266097,0.9974141120910645
25831,1,1,1,1,train,0.0004055011086165905,0.999594509601593
25845,1,1,1,1,train,0.12877097725868225,0.8712290525436401
25855,1,1,1,1,train,0.000729164807125926,0.9992708563804626
25858,1,1,1,1,train,0.0021531907841563225,0.9978468418121338
25887,1,1,1,1,train,0.0010667335009202361,0.9989332556724548
25901,1,1,1,1,train,0.06212637200951576,0.9378736019134521
25928,1,1,1,1,train,0.2609626352787018,0.7390373945236206
25938,1,1,1,1,train,0.0005285675870254636,0.9994714856147766
25940,1,1,1,1,train,0.0006630922434851527,0.9993368983268738
25973,1,1,1,1,train,0.0007881302735768259,0.9992117881774902
25974,1,1,1,1,train,0.0027315954212099314,0.9972684383392334
25983,1,1,1,1,train,0.0003560270124580711,0.9996439218521118
25984,1,1,1,1,train,0.001859614159911871,0.9981403350830078
25985,1,1,1,1,train,0.0006862182053737342,0.9993138313293457
25994,1,1,1,1,train,0.0004430359695106745,0.9995569586753845
26017,1,1,1,1,train,0.001798017299734056,0.9982019662857056
26027,1,1,1,1,train,0.0004705334431491792,0.9995294809341431
26051,1,1,1,1,train,0.00252286484465003,0.997477114200592
26055,1,1,1,1,train,0.02304103970527649,0.9769589304924011
26059,1,1,1,1,train,0.0055614192970097065,0.994438648223877
26071,1,1,1,1,train,0.0007405020878650248,0.9992595314979553
26078,1,1,1,1,train,0.0005363957607187331,0.9994636178016663
26099,1,1,1,1,train,0.0008254422573372722,0.9991745352745056
26102,1,1,1,1,train,0.0007966681150719523,0.9992033839225769
26111,1,1,1,1,train,0.002332706470042467,0.9976673126220703
26118,1,1,1,1,train,0.0004396812873892486,0.9995602965354919
26121,1,1,1,1,train,0.00038491611485369503,0.9996150732040405
26122,1,1,1,1,train,0.0020043516997247934,0.9979957342147827
26128,1,1,1,1,train,0.0006288765580393374,0.9993711113929749
26131,1,1,1,1,train,0.0005556453834287822,0.999444305896759
26159,1,1,1,1,train,0.42836901545524597,0.5716309547424316
26186,1,1,1,1,train,0.00037653499748557806,0.9996234178543091
26187,1,1,1,1,train,0.000440900563262403,0.9995591044425964
26188,1,1,1,1,train,0.0010859165340662003,0.9989141225814819
26222,1,1,1,1,train,0.07179693877696991,0.9282030463218689
26239,1,1,1,1,train,0.0006286503630690277,0.999371349811554
26241,1,1,1,1,train,0.0006116094882600009,0.9993883371353149
26254,1,1,1,1,train,0.0004476402245927602,0.999552309513092
26265,1,1,1,1,train,0.0014149595517665148,0.9985851049423218
26275,1,1,1,1,train,0.0020300487522035837,0.997969925403595
26283,1,1,1,1,train,0.0005060729454271495,0.9994939565658569
26285,1,1,1,1,train,0.0013300285208970308,0.9986699819564819
26298,1,1,1,1,train,0.0036761504597961903,0.996323823928833
26327,1,1,1,1,train,0.0021907882764935493,0.9978092312812805
26347,1,1,1,1,train,0.12402786314487457,0.8759721517562866
26351,1,1,1,1,train,0.0021608304232358932,0.9978391528129578
26398,1,1,1,1,train,0.004501085728406906,0.9954988360404968
26401,1,1,1,1,train,0.0017152006039395928,0.9982847571372986
26402,1,1,1,1,train,0.0016148246359080076,0.9983851909637451
26405,1,1,1,1,train,0.0014039588859304786,0.9985960125923157
26436,1,1,1,1,train,0.0004895308520644903,0.9995105266571045
26438,1,1,1,1,train,0.0008610774530097842,0.9991389513015747
26447,1,1,1,1,train,0.0009522851905785501,0.9990476965904236
26452,1,1,1,1,train,0.061555664986371994,0.9384442567825317
26471,1,1,1,1,train,0.03287651762366295,0.9671235084533691
26486,1,1,1,1,train,0.07634415477514267,0.9236558079719543
26522,1,1,1,1,train,0.0013012852286919951,0.9986987113952637
26523,1,1,1,1,train,0.0008779081399552524,0.9991220831871033
26525,1,1,1,1,train,0.0023931795731186867,0.9976067543029785
26526,1,1,1,1,train,0.001627045450732112,0.9983729124069214
26530,1,1,1,1,train,0.007293463684618473,0.9927064776420593
26542,1,1,1,1,train,0.0005851326859556139,0.9994149208068848
26562,1,1,1,1,train,0.0014935012441128492,0.998506486415863
26571,1,1,1,1,train,0.0016865282086655498,0.9983134269714355
26576,1,1,1,1,train,0.0015721868257969618,0.9984278678894043
26591,1,1,1,1,train,0.0023445303086191416,0.9976553916931152
26595,1,1,1,1,train,0.047105394303798676,0.9528946280479431
26597,1,1,1,1,train,0.00846895482391119,0.9915310144424438
26600,1,1,1,1,train,0.004018926993012428,0.9959810972213745
26601,1,1,1,1,train,0.0020270217210054398,0.9979730248451233
26608,1,1,1,1,train,0.010840167291462421,0.989159882068634
26609,1,1,1,1,train,0.002798083471134305,0.9972019195556641
26611,1,1,1,1,train,0.00165071792434901,0.9983493089675903
26616,1,1,1,1,train,0.0040437919087708,0.9959561228752136
26630,1,1,1,1,train,0.0014940802939236164,0.9985059499740601
26631,1,1,1,1,train,0.0007805092609487474,0.999219536781311
26643,1,1,1,1,train,0.0028887332882732153,0.9971112012863159
26652,1,1,1,1,train,0.0006613346049562097,0.999338686466217
26670,1,1,1,1,train,0.0011543493019416928,0.9988455772399902
26672,1,1,1,1,train,0.0008825352415442467,0.9991174340248108
26841,1,1,1,1,train,0.0006669037393294275,0.9993330836296082
26844,1,1,1,1,train,0.000931923626922071,0.9990680813789368
26846,1,1,1,1,train,0.0010064345551654696,0.9989935755729675
26847,1,1,1,1,train,0.00554377818480134,0.9944562315940857
26875,1,1,1,1,train,0.0018779077799990773,0.9981220364570618
26892,1,1,1,1,train,0.0014598373090848327,0.9985401630401611
26907,1,1,1,1,train,0.0006104803178459406,0.9993895292282104
26911,1,1,1,1,train,0.0014093031641095877,0.9985906481742859
26913,1,1,1,1,train,0.001233770977705717,0.998766303062439
26914,1,1,1,1,train,0.000400908145820722,0.9995991587638855
26917,1,1,1,1,train,0.001991602359339595,0.9980084300041199
26923,1,1,1,1,train,0.0004466479877009988,0.999553382396698
26926,1,1,1,1,train,0.0007213936187326908,0.9992786049842834
26936,1,1,1,1,train,0.0003977043379563838,0.9996022582054138
26938,1,1,1,1,train,0.0003835094685200602,0.9996165037155151
26959,1,1,1,1,train,0.07353736460208893,0.9264626502990723
26961,1,1,1,1,train,0.001581003307364881,0.9984190464019775
26971,1,1,1,1,train,0.00048722836072556674,0.999512791633606
26984,1,1,1,1,train,0.0010212394408881664,0.9989787340164185
26986,1,1,1,1,train,0.00037329187034629285,0.999626636505127
26994,1,1,1,1,train,0.0012499283766373992,0.9987500905990601
26999,1,1,1,1,train,0.0006242114468477666,0.9993757605552673
27015,1,0,1,0,train,0.7020861506462097,0.29791390895843506
27020,0,0,0,0,train,0.9914552569389343,0.008544771000742912
27040,1,1,1,1,train,0.0019380630692467093,0.9980619549751282
27059,1,1,1,1,train,0.0018535939743742347,0.9981464147567749
27060,1,1,1,1,train,0.0005011652247048914,0.9994988441467285
27061,1,1,1,1,train,0.0005346989491954446,0.99946528673172
27063,1,1,1,1,train,0.0010847739176824689,0.9989151954650879
27071,1,1,1,1,train,0.002057352801784873,0.9979426264762878
27077,1,1,1,1,train,0.0005949430051259696,0.999405026435852
27096,1,1,1,1,train,0.000679634278640151,0.999320387840271
27102,1,1,1,1,train,0.14076606929302216,0.8592339158058167
27113,1,1,1,1,train,0.001218755031004548,0.9987812638282776
27128,1,1,1,1,train,0.14029766619205475,0.8597022891044617
27176,1,1,1,1,train,0.0012437464902177453,0.9987562894821167
27188,1,1,1,1,train,0.0005037516821175814,0.9994962215423584
27189,1,1,1,1,train,0.0066548800095915794,0.9933451414108276
27190,1,1,1,1,train,0.0005759828491136432,0.9994240999221802
27191,1,1,1,1,train,0.0012518048752099276,0.9987481832504272
27194,1,1,1,1,train,0.001107142772525549,0.9988928437232971
27207,1,1,1,1,train,0.04574672877788544,0.9542533159255981
27212,1,1,1,1,train,0.0003738054074347019,0.9996261596679688
27237,1,1,1,1,train,0.2214573323726654,0.7785426378250122
27238,1,1,1,1,train,0.000385617051506415,0.9996143579483032
27239,1,1,1,1,train,0.0004064147942699492,0.9995935559272766
27247,1,1,1,1,train,0.055961932986974716,0.9440380334854126
27255,0,0,0,0,train,0.6704792380332947,0.32952073216438293
27279,1,1,1,1,train,0.0019433671841397882,0.9980565905570984
27287,1,1,1,1,train,0.004783787298947573,0.9952162504196167
27289,1,1,1,1,train,0.0006229868740774691,0.9993770718574524
27293,1,1,1,1,train,0.0006083324551582336,0.9993916749954224
27299,1,1,1,1,train,0.0013541649095714092,0.9986458420753479
27312,1,1,1,1,train,0.0005372689920477569,0.9994627833366394
27364,1,1,1,1,train,0.001187979127280414,0.9988120794296265
27365,1,1,1,1,train,0.0007304197642952204,0.9992695450782776
27385,1,1,1,1,train,0.0004175798094365746,0.9995824694633484
27386,1,1,1,1,train,0.0004679753619711846,0.9995321035385132
27387,1,1,1,1,train,0.0009039617143571377,0.9990960359573364
27388,1,1,1,1,train,0.0004983553080819547,0.9995015859603882
27389,1,1,1,1,train,0.00041568276355974376,0.9995843768119812
27390,1,1,1,1,train,0.0005842026439495385,0.9994157552719116
27403,1,1,1,1,train,0.0006884170579724014,0.9993115663528442
27404,1,1,1,1,train,0.0005926712183281779,0.9994072914123535
27415,1,1,1,1,train,0.00048400566447526217,0.9995160102844238
27416,1,1,1,1,train,0.0012708663707599044,0.9987291693687439
27418,1,1,1,1,train,0.0004557069332804531,0.9995443224906921
27430,1,0,1,0,train,0.7034828066825867,0.2965172231197357
27471,1,1,1,1,train,0.1942320615053177,0.8057678937911987
27473,1,1,1,1,train,0.0004499899223446846,0.9995500445365906
27506,1,1,1,1,train,0.0005436014616861939,0.9994563460350037
27508,1,0,1,0,train,0.9863694906234741,0.013630486093461514
27520,1,1,1,1,train,0.002504640258848667,0.9974954128265381
27525,1,1,1,1,train,0.0019432719564065337,0.9980567097663879
27559,1,1,1,1,train,0.001988970208913088,0.99801105260849
27575,0,0,0,0,train,0.9887583255767822,0.011241601780056953
27583,0,0,0,0,train,0.9907844066619873,0.009215558879077435
27584,0,0,0,0,train,0.9926010966300964,0.0073988414369523525
27594,0,0,0,0,train,0.9836753010749817,0.01632467657327652
27595,1,1,1,1,train,0.13696138560771942,0.8630386590957642
27606,1,1,1,1,train,0.0022954207379370928,0.9977045655250549
27609,1,1,1,1,train,0.00043102193740196526,0.9995689988136292
27611,1,0,1,0,train,0.6928771734237671,0.3071227967739105
27664,1,1,1,1,train,0.0010402757907286286,0.9989596605300903
27670,1,1,1,1,train,0.0012579496251419187,0.9987420439720154
27673,1,1,1,1,train,0.0017487893346697092,0.9982511401176453
27679,1,1,1,1,train,0.000615334662143141,0.9993846416473389
27681,1,1,1,1,train,0.0011869373265653849,0.9988130331039429
27686,1,1,1,1,train,0.0015187987592071295,0.9984812140464783
27709,1,1,1,1,train,0.0013259489787742496,0.9986740350723267
27710,1,1,1,1,train,0.0019868870731443167,0.9980131387710571
27711,1,1,1,1,train,0.0005697658634744585,0.999430239200592
27712,1,1,1,1,train,0.0017260811291635036,0.9982739686965942
27731,1,1,1,1,train,0.00048373494064435363,0.9995162487030029
27736,1,1,1,1,train,0.001956823281943798,0.9980431795120239
27739,1,1,1,1,train,0.0005634333356283605,0.9994365572929382
27750,1,1,1,1,train,0.0021862962748855352,0.9978137016296387
27777,1,1,1,1,train,0.005971085280179977,0.9940289258956909
27796,1,1,1,1,train,0.0009592038695700467,0.9990407824516296
27802,1,1,1,1,train,0.0012540867319330573,0.9987459182739258
27875,1,1,1,1,train,0.0011419251095503569,0.9988580942153931
27877,1,1,1,1,train,0.002045629546046257,0.9979543685913086
27883,1,1,1,1,train,0.0012988649541512132,0.9987010955810547
27884,1,1,1,1,train,0.0009820663835853338,0.9990179538726807
27892,1,1,1,1,train,0.002050300594419241,0.9979496598243713
27896,1,1,1,1,train,0.0023336156737059355,0.9976663589477539
27898,1,1,1,1,train,0.002198749454692006,0.9978012442588806
27915,1,1,1,1,train,0.0037593015003949404,0.9962407350540161
27922,1,1,1,1,train,0.005976121872663498,0.994023859500885
27924,1,1,1,1,train,0.0028417175635695457,0.9971582889556885
27936,1,1,1,1,train,0.0017827249830588698,0.9982172846794128
27939,1,1,1,1,train,0.0012241521617397666,0.9987757802009583
27949,1,1,1,1,train,0.0016197761287912726,0.998380184173584
27986,1,1,1,1,train,0.0015722931129857898,0.9984277486801147
27987,1,1,1,1,train,0.0016104119131341577,0.9983896017074585
27997,1,1,1,1,train,0.0028466256335377693,0.9971534013748169
28021,1,1,1,1,train,0.0007635742658749223,0.9992364645004272
28023,1,1,1,1,train,0.0016051632119342685,0.998394787311554
28044,1,1,1,1,train,0.0008532484644092619,0.9991466999053955
28132,1,1,1,1,train,0.0008940272382460535,0.9991059899330139
28133,1,1,1,1,train,0.0012315987842157483,0.9987683892250061
28134,1,1,1,1,train,0.00040643225656822324,0.9995935559272766
28140,1,1,1,1,train,0.0005746892420575023,0.9994252920150757
28191,1,1,1,1,train,0.0004488115955609828,0.9995511174201965
28197,1,1,1,1,train,0.002343306317925453,0.9976567029953003
28219,1,1,1,1,train,0.0019173467298969626,0.9980826377868652
28255,1,1,1,1,train,0.3963607847690582,0.6036392450332642
28272,1,1,1,1,train,0.0007049660198390484,0.9992949962615967
28296,1,1,1,1,train,0.001206316752359271,0.9987936019897461
28309,1,1,1,1,train,0.0009068534127436578,0.9990931749343872
28315,1,1,1,1,train,0.001113688456825912,0.9988862872123718
28316,1,1,1,1,train,0.004550236742943525,0.9954497218132019
28321,1,1,1,1,train,0.0008855347987264395,0.999114453792572
28327,1,1,1,1,train,0.0016153206815943122,0.9983847141265869
28370,1,1,1,1,train,0.04630260542035103,0.9536973834037781
28399,1,1,1,1,train,0.0030358703806996346,0.996964156627655
28400,1,1,1,1,train,0.013057228177785873,0.9869427680969238
28401,1,1,1,1,train,0.005203894805163145,0.994796097278595
28402,1,1,1,1,train,0.0027273588348180056,0.9972726702690125
28403,1,1,1,1,train,0.01967395469546318,0.9803260564804077
28420,1,1,1,1,train,0.000535963976290077,0.9994640946388245
28442,1,1,1,1,train,0.0017077006632462144,0.9982922673225403
28453,1,1,1,1,train,0.014091760851442814,0.9859082102775574
28486,1,0,1,0,train,0.9334589242935181,0.06654103100299835
28515,1,1,1,1,train,0.001928747515194118,0.9980712532997131
28540,1,1,1,1,train,0.0013064028462395072,0.9986936450004578
28551,0,0,0,0,train,0.9851625561714172,0.014837440103292465
28560,1,1,1,1,train,0.0018286897102370858,0.998171329498291
28561,1,1,1,1,train,0.0019322683801874518,0.9980677962303162
28579,1,1,1,1,train,0.0031926000956445932,0.9968074560165405
28581,1,1,1,1,train,0.00048128649359568954,0.9995187520980835
28593,1,1,1,1,train,0.07022891938686371,0.9297710061073303
28594,1,1,1,1,train,0.05212749168276787,0.9478724598884583
28595,1,0,1,0,train,0.9827387928962708,0.017261268571019173
28596,0,0,0,0,train,0.9334251880645752,0.0665748193860054
28597,0,0,0,0,train,0.9893327951431274,0.010667204856872559
28598,1,0,1,0,train,0.9269378781318665,0.07306213676929474
28599,1,0,1,0,train,0.9923302531242371,0.007669764570891857
28601,0,0,0,0,train,0.9849211573600769,0.015078801661729813
28602,1,1,1,1,train,0.2974418103694916,0.702558159828186
28612,1,1,1,1,train,0.0008153656963258982,0.9991846680641174
28613,1,1,1,1,train,0.001468437141738832,0.9985315799713135
28616,1,1,1,1,train,0.0003671256999950856,0.9996328353881836
28617,1,1,1,1,train,0.0004355147248134017,0.9995644688606262
28624,1,1,1,1,train,0.002145041711628437,0.9978548884391785
28664,1,1,1,1,train,0.0010210191830992699,0.9989789724349976
28665,1,1,1,1,train,0.0003697203646879643,0.9996302127838135
28675,1,1,1,1,train,0.0017531918128952384,0.9982467889785767
28677,1,1,1,1,train,0.0006640237988904119,0.9993359446525574
28678,1,1,1,1,train,0.0005910822073929012,0.9994089603424072
28684,1,1,1,1,train,0.4800637662410736,0.519936203956604
28685,1,1,1,1,train,0.0017664923798292875,0.998233437538147
28705,1,1,1,1,train,0.0005971933132968843,0.9994027614593506
28728,1,1,1,1,train,0.0019019318278878927,0.9980980753898621
28786,1,0,1,0,train,0.9729037880897522,0.027096252888441086
28807,0,0,0,0,train,0.9923427700996399,0.007657184265553951
28829,1,1,1,1,train,0.03327875956892967,0.9667212963104248
28831,1,1,1,1,train,0.0013821751344949007,0.9986177682876587
28832,1,1,1,1,train,0.0014185085892677307,0.9985815286636353
28855,1,1,1,1,train,0.0004116336058359593,0.9995884299278259
28872,1,1,1,1,train,0.023415880277752876,0.9765841960906982
28874,1,0,1,0,train,0.533087968826294,0.46691206097602844
28887,1,0,1,0,train,0.947767436504364,0.05223260819911957
28954,1,1,1,1,train,0.058148935437202454,0.9418510794639587
28956,0,0,0,0,train,0.9643629789352417,0.03563699126243591
28968,0,0,0,0,train,0.9822708964347839,0.017729097977280617
28969,1,1,1,1,train,0.000423321413109079,0.9995766282081604
28970,1,1,1,1,train,0.0005210536764934659,0.9994789958000183
28977,1,1,1,1,train,0.0007376102148555219,0.9992623925209045
28981,1,1,1,1,train,0.0010401896433904767,0.9989597797393799
28986,1,1,1,1,train,0.0004632343479897827,0.9995367527008057
28987,1,1,1,1,train,0.0004510938306339085,0.9995488524436951
28991,1,1,1,1,train,0.003239086829125881,0.996760904788971
28992,1,1,1,1,train,0.0007965322583913803,0.9992035031318665
28994,1,1,1,1,train,0.0017854227917268872,0.998214602470398
29018,1,1,1,1,train,0.0004406196821946651,0.9995593428611755
29039,1,1,1,1,train,0.0004103980027139187,0.9995896220207214
29055,1,1,1,1,train,0.0024825246073305607,0.997517466545105
29075,1,1,1,1,train,0.00044181582052260637,0.99955815076828
29083,1,1,1,1,train,0.0020869113504886627,0.9979130625724792
29102,1,1,1,1,train,0.0017523241695016623,0.9982477426528931
29109,0,0,0,0,train,0.9896875023841858,0.010312499478459358
29115,1,1,1,1,train,0.000910118455067277,0.9990898370742798
29118,1,1,1,1,train,0.0005085070733912289,0.9994914531707764
29119,1,1,1,1,train,0.000382874917704612,0.9996170997619629
29125,1,1,1,1,train,0.0017863817047327757,0.9982136487960815
29133,1,1,1,1,train,0.0023483547847718,0.9976516366004944
29136,1,1,1,1,train,0.001907935249619186,0.998091995716095
29139,1,1,1,1,train,0.0038897793274372816,0.9961102604866028
29140,1,1,1,1,train,0.00047996037756092846,0.9995200634002686
29154,1,1,1,1,train,0.0006325017893686891,0.9993675351142883
29159,0,0,0,0,train,0.9864071011543274,0.01359286718070507
29179,1,1,1,1,train,0.03867223113775253,0.9613277912139893
29188,1,1,1,1,train,0.0031413559336215258,0.9968585968017578
29194,1,1,1,1,train,0.0018671376165002584,0.9981328845024109
29195,1,1,1,1,train,0.001719350111670792,0.9982806444168091
29225,1,1,1,1,train,0.00043439396540634334,0.9995655417442322
29262,1,1,1,1,train,0.0022709073964506388,0.9977291226387024
29265,1,1,1,1,train,0.027941666543483734,0.9720583558082581
29313,1,1,1,1,train,0.0005204183398745954,0.9994795918464661
29324,1,1,1,1,train,0.0016782848397269845,0.9983217120170593
29331,1,1,1,1,train,0.002886107424274087,0.9971139430999756
29336,1,1,1,1,train,0.0011125665623694658,0.9988874793052673
29391,1,1,1,1,train,0.0004494587192311883,0.9995505213737488
29421,1,1,1,1,train,0.2691153287887573,0.7308846712112427
29449,0,0,0,0,train,0.990107536315918,0.00989246740937233
29460,1,1,1,1,train,0.0009337812662124634,0.9990662932395935
29464,1,1,1,1,train,0.0008960696868598461,0.999103844165802
29502,1,1,1,1,train,0.0007906879181973636,0.9992092847824097
29508,1,1,1,1,train,0.026079261675477028,0.9739207029342651
29530,1,1,1,1,train,0.00041307247010990977,0.9995868802070618
29531,1,1,1,1,train,0.00040935594006441534,0.9995906949043274
29545,0,1,0,1,train,0.2649913430213928,0.7350086569786072
29559,0,1,0,1,train,0.13839970529079437,0.8616003394126892
29583,1,1,1,1,train,0.0008034050697460771,0.9991965889930725
29584,1,1,1,1,train,0.0005621669115498662,0.9994378685951233
29585,1,1,1,1,train,0.0004721585428342223,0.9995278120040894
29594,1,1,1,1,train,0.002256206702440977,0.9977438449859619
29597,1,1,1,1,train,0.0006362206186167896,0.9993638396263123
29598,1,1,1,1,train,0.00043578463373705745,0.9995642304420471
29599,1,1,1,1,train,0.0006740408716723323,0.9993259906768799
29600,1,1,1,1,train,0.0014162145089358091,0.9985837936401367
29601,1,1,1,1,train,0.00043949129758402705,0.999560534954071
29602,1,1,1,1,train,0.0006500369636341929,0.9993500113487244
29648,1,1,1,1,train,0.0007549226866103709,0.9992450475692749
29671,1,1,1,1,train,0.0011056906078010798,0.9988943934440613
29693,1,1,1,1,train,0.000459364615380764,0.9995406866073608
29694,1,1,1,1,train,0.000630536291282624,0.9993694424629211
29695,1,1,1,1,train,0.00048005214193835855,0.999519944190979
29696,1,1,1,1,train,0.001528113498352468,0.9984719157218933
29756,1,1,1,1,train,0.012096896767616272,0.9879030585289001
29759,1,1,1,1,train,0.17618292570114136,0.8238170742988586
29794,1,1,1,1,train,0.0004910801071673632,0.9995088577270508
29810,1,1,1,1,train,0.0008888333104550838,0.9991111159324646
29814,1,1,1,1,train,0.005639892071485519,0.9943601489067078
29834,1,1,1,1,train,0.007397837471216917,0.9926021695137024
29835,1,1,1,1,train,0.0004649014153983444,0.999535083770752
29839,0,0,0,0,train,0.9886595010757446,0.0113404905423522
29872,1,1,1,1,train,0.00044079445069655776,0.999559223651886
29873,1,1,1,1,train,0.000420177704654634,0.9995798468589783
29895,1,1,1,1,train,0.10708245635032654,0.8929175734519958
29933,1,0,1,0,train,0.9087479710578918,0.09125199913978577
29935,1,1,1,1,train,0.020116114988923073,0.9798839092254639
29961,1,1,1,1,train,0.001400645705871284,0.9985993504524231
29962,1,1,1,1,train,0.001601934782229364,0.9983980059623718
29969,1,0,1,0,train,0.9137578010559082,0.08624222129583359
29974,1,1,1,1,train,0.08492586761713028,0.9150741100311279
29983,1,1,1,1,train,0.000539868779014796,0.9994601607322693
29997,1,1,1,1,train,0.014869613572955132,0.9851304292678833
30041,1,1,1,1,train,0.00039445189759135246,0.9996055960655212
30042,1,1,1,1,train,0.0014686314389109612,0.9985313415527344
30043,1,1,1,1,train,0.001384016708470881,0.9986159801483154
30044,1,1,1,1,train,0.0018479430582374334,0.9981520771980286
30048,1,1,1,1,train,0.0015926281921565533,0.9984074234962463
30092,1,1,1,1,train,0.0016615266213193536,0.9983384609222412
30093,1,1,1,1,train,0.00043977770837955177,0.9995601773262024
30096,1,1,1,1,train,0.0038196181412786245,0.9961804151535034
30097,1,1,1,1,train,0.0035777860321104527,0.996422290802002
30104,1,1,1,1,train,0.0018316374626010656,0.9981683492660522
30118,1,1,1,1,train,0.0005854166229255497,0.9994145631790161
30132,1,1,1,1,train,0.0008009825833141804,0.9991989731788635
30133,1,1,1,1,train,0.00040792764048092067,0.999592125415802
30134,1,1,1,1,train,0.0005721254274249077,0.999427855014801
30142,1,1,1,1,train,0.0007532017771154642,0.9992468357086182
30150,1,1,1,1,train,0.0008840750087983906,0.9991158843040466
30168,1,1,1,1,train,0.0010123217944055796,0.99898761510849
30170,1,1,1,1,train,0.0008140008430927992,0.9991859793663025
30171,1,1,1,1,train,0.0004487876722123474,0.9995512366294861
30216,1,1,1,1,train,0.0014815559843555093,0.9985184073448181
30217,1,1,1,1,train,0.0004510256985668093,0.9995489716529846
30224,1,1,1,1,train,0.0015543597983196378,0.9984456896781921
30237,1,0,1,0,train,0.9841393232345581,0.015860693529248238
30239,1,1,1,1,train,0.00108110171277076,0.998918890953064
30260,1,1,1,1,train,0.0012677478371188045,0.9987322688102722
30266,1,1,1,1,train,0.0015873952070251107,0.9984126091003418
30269,1,1,1,1,train,0.0017037270590662956,0.998296320438385
30270,1,0,1,0,train,0.9623299241065979,0.037670064717531204
30272,1,1,1,1,train,0.0012505886843428016,0.9987493753433228
30273,1,1,1,1,train,0.0006962150218896568,0.9993038177490234
30286,1,1,1,1,train,0.001199567224830389,0.9988003969192505
30300,1,1,1,1,train,0.0017877903301268816,0.9982122182846069
30313,1,1,1,1,train,0.0004570843302644789,0.9995429515838623
30314,1,1,1,1,train,0.0008081355481408536,0.9991918206214905
30340,1,1,1,1,train,0.0008371498552151024,0.9991629123687744
30355,1,1,1,1,train,0.0016161452513188124,0.9983838796615601
30357,1,1,1,1,train,0.0016520110657438636,0.9983479976654053
30373,1,1,1,1,train,0.0006700350204482675,0.9993300437927246
30381,1,1,1,1,train,0.02956985868513584,0.9704301953315735
30382,1,1,1,1,train,0.03980104625225067,0.9601989388465881
30403,1,1,1,1,train,0.0016245176084339619,0.998375415802002
30405,1,1,1,1,train,0.0011345867533236742,0.9988654851913452
30419,1,1,1,1,train,0.0010374300181865692,0.9989625215530396
30426,1,1,1,1,train,0.0005328155239112675,0.9994671940803528
30427,1,1,1,1,train,0.0006571624544449151,0.9993428587913513
30434,1,1,1,1,train,0.0008626907947473228,0.999137282371521
30441,1,1,1,1,train,0.00043759963591583073,0.9995624423027039
30445,1,1,1,1,train,0.0009679381037130952,0.9990320205688477
30461,1,1,1,1,train,0.00045846757711842656,0.9995415210723877
30481,1,1,1,1,train,0.0015571971889585257,0.9984428286552429
30482,1,1,1,1,train,0.0012302626855671406,0.9987697005271912
30492,1,1,1,1,train,0.0005678157904185355,0.9994321465492249
30493,1,1,1,1,train,0.0014515987131744623,0.9985483288764954
30496,1,1,1,1,train,0.0004710133944172412,0.9995290040969849
30506,0,1,0,1,train,0.06444712728261948,0.9355528950691223
30511,1,1,1,1,train,0.00044461150537244976,0.9995554089546204
30547,1,1,1,1,train,0.0017295434372499585,0.9982703924179077
30548,1,1,1,1,train,0.0015119704185053706,0.9984879493713379
30549,1,1,1,1,train,0.0015916184056550264,0.9984083771705627
30562,1,1,1,1,train,0.004728654399514198,0.9952713847160339
30563,1,1,1,1,train,0.021896125748753548,0.9781038761138916
30564,1,1,1,1,train,0.02140909992158413,0.9785908460617065
30590,1,1,1,1,train,0.0011425899574533105,0.9988573789596558
30591,1,1,1,1,train,0.0008737742900848389,0.9991262555122375
30593,1,1,1,1,train,0.0006208198028616607,0.9993791580200195
30594,1,1,1,1,train,0.001784486579708755,0.9982155561447144
30609,1,1,1,1,train,0.0010655319783836603,0.9989344477653503
30610,1,1,1,1,train,0.0004548911820165813,0.9995450377464294
30613,1,1,1,1,train,0.0007487810798920691,0.9992511868476868
30614,1,1,1,1,train,0.0014281111070886254,0.9985718727111816
30627,1,1,1,1,train,0.002058490877971053,0.9979415535926819
30641,1,1,1,1,train,0.0014789123088121414,0.9985211491584778
30645,1,1,1,1,train,0.0009917817078530788,0.9990082383155823
30672,1,1,1,1,train,0.043067701160907745,0.9569322466850281
30676,1,1,1,1,train,0.004525607917457819,0.9954743981361389
30700,1,1,1,1,train,0.0028264981228858232,0.9971734285354614
30701,1,1,1,1,train,0.0006681875674985349,0.9993317723274231
30706,1,1,1,1,train,0.0016484280349686742,0.9983515739440918
30747,1,1,1,1,train,0.000508213706780225,0.999491810798645
30751,1,1,1,1,train,0.0028279325924813747,0.9971720576286316
30754,1,1,1,1,train,0.001028402941301465,0.9989715814590454
30755,1,1,1,1,train,0.0017620004946365952,0.9982379674911499
30762,1,1,1,1,train,0.0021823416464030743,0.9978176355361938
30772,1,1,1,1,train,0.0022420668974518776,0.9977579712867737
30773,1,1,1,1,train,0.001696401392109692,0.9983035326004028
30774,1,1,1,1,train,0.0024592773988842964,0.9975407123565674
30801,1,1,1,1,train,0.0015682687517255545,0.9984317421913147
30806,1,1,1,1,train,0.002179631032049656,0.9978203773498535
30816,1,1,1,1,train,0.008635176345705986,0.9913648366928101
30872,1,1,1,1,train,0.016259940341114998,0.9837400317192078
30904,1,1,1,1,train,0.12077303230762482,0.8792269825935364
30988,1,1,1,1,train,0.0005069883773103356,0.9994930028915405
31103,1,1,1,1,train,0.0012409744085744023,0.9987590312957764
31169,1,1,1,1,train,0.0015904762549325824,0.9984095692634583
31213,1,1,1,1,train,0.0010017715394496918,0.99899822473526
31214,1,1,1,1,train,0.0014437998179346323,0.9985561966896057
31215,1,1,1,1,train,0.0005560655845329165,0.9994439482688904
31220,1,1,1,1,train,0.0013440882321447134,0.9986559152603149
31247,1,1,1,1,train,0.001262110541574657,0.9987378716468811
31265,1,1,1,1,train,0.0011599096469581127,0.9988401532173157
31268,0,0,0,0,train,0.9959736466407776,0.004026378970593214
31308,1,1,1,1,train,0.0009696873603388667,0.999030351638794
31312,1,1,1,1,train,0.003320604795590043,0.996679425239563
31339,1,1,1,1,train,0.00035153108183294535,0.9996484518051147
31340,1,1,1,1,train,0.002016899175941944,0.9979830980300903
31355,1,1,1,1,train,0.04680394008755684,0.953196108341217
31356,1,1,1,1,train,0.04870276153087616,0.9512971639633179
31372,1,1,1,1,train,0.004192163702100515,0.9958078861236572
31373,1,1,1,1,train,0.003680536523461342,0.9963194131851196
31409,1,1,1,1,train,0.0006583876092918217,0.9993415474891663
31419,1,1,1,1,train,0.002100810408592224,0.9978991746902466
31420,1,1,1,1,train,0.0012809858890250325,0.9987190961837769
31442,1,1,1,1,train,0.0005038496456108987,0.9994961023330688
31445,1,1,1,1,train,0.0013892640126869082,0.9986107349395752
31458,1,1,1,1,train,0.0008418983197771013,0.9991581439971924
31464,1,1,1,1,train,0.0004757461429107934,0.9995242357254028
31465,1,1,1,1,train,0.0006018467829562724,0.9993981122970581
31468,1,1,1,1,train,0.0008300446788780391,0.9991699457168579
31469,1,1,1,1,train,0.0008286798256449401,0.9991713762283325
31479,1,1,1,1,train,0.0006273791077546775,0.999372661113739
31491,1,1,1,1,train,0.00134146842174232,0.9986585378646851
31517,1,1,1,1,train,0.001298749353736639,0.9987012147903442
31524,1,1,1,1,train,0.001537767006084323,0.9984622001647949
31527,1,1,1,1,train,0.0015019715065136552,0.9984980821609497
31530,1,1,1,1,train,0.0005568584310822189,0.9994431138038635
31537,1,1,1,1,train,0.001631392166018486,0.9983686804771423
31538,1,1,1,1,train,0.0010005482472479343,0.9989994168281555
31544,1,1,1,1,train,0.004131726920604706,0.9958683252334595
31548,1,1,1,1,train,0.11307132244110107,0.8869286775588989
31552,1,1,1,1,train,0.0013692830689251423,0.998630702495575
31557,0,0,0,0,train,0.9515067338943481,0.04849327355623245
31575,1,1,1,1,train,0.0005779333878308535,0.9994220733642578
31592,1,1,1,1,train,0.0009934698464348912,0.9990065693855286
31597,1,1,1,1,train,0.022798608988523483,0.9772013425827026
31621,1,1,1,1,train,0.0007701823487877846,0.9992297887802124
31622,1,1,1,1,train,0.0014411816373467445,0.9985588192939758
31623,1,1,1,1,train,0.06488807499408722,0.935111939907074
31624,1,1,1,1,train,0.13986557722091675,0.8601344227790833
31629,1,1,1,1,train,0.0006623883382417262,0.9993376135826111
31635,1,1,1,1,train,0.008587604388594627,0.9914124011993408
31636,1,1,1,1,train,0.010448161512613297,0.989551842212677
31650,1,1,1,1,train,0.0007123624673113227,0.9992876648902893
31670,1,1,1,1,train,0.0019791394006460905,0.9980208873748779
31671,1,1,1,1,train,0.00205453229136765,0.9979454874992371
31679,1,1,1,1,train,0.0010219650575891137,0.9989780187606812
31694,0,0,0,0,train,0.8847737312316895,0.11522625386714935
31712,1,1,1,1,train,0.04457611218094826,0.9554238319396973
31713,1,1,1,1,train,0.0029612795915454626,0.997038722038269
31723,0,0,0,0,train,0.9812467694282532,0.01875324361026287
31732,1,1,1,1,train,0.005389000289142132,0.9946110248565674
31755,1,1,1,1,train,0.0032152829226106405,0.9967846870422363
31763,1,1,1,1,train,0.0005597344134002924,0.9994402527809143
31764,1,1,1,1,train,0.0011218928266316652,0.9988780617713928
31774,1,1,1,1,train,0.0006552421837113798,0.9993447661399841
31775,1,1,1,1,train,0.0009908713400363922,0.9990091323852539
31786,1,1,1,1,train,0.0013553525786846876,0.9986446499824524
31804,1,1,1,1,train,0.018549419939517975,0.9814505577087402
31807,1,1,1,1,train,0.0011253596749156713,0.9988746047019958
31819,1,1,1,1,train,0.0010077712358906865,0.9989922642707825
31821,0,0,0,0,train,0.9852885603904724,0.014711379073560238
31822,0,0,0,0,train,0.991953432559967,0.008046538569033146
31823,1,1,1,1,train,0.11175717413425446,0.8882428407669067
31824,0,0,0,0,train,0.9854267835617065,0.014573249034583569
31825,1,0,1,0,train,0.9647659659385681,0.03523402288556099
31826,0,0,0,0,train,0.9929531216621399,0.007046842016279697
31828,0,0,0,0,train,0.9566678404808044,0.043332140892744064
31829,0,0,0,0,train,0.8783882856369019,0.12161178141832352
31830,1,0,1,0,train,0.5316907167434692,0.4683092534542084
31836,1,0,1,0,train,0.9542744755744934,0.04572547599673271
31837,1,0,1,0,train,0.8872255682945251,0.11277443915605545
31838,1,0,1,0,train,0.9914342164993286,0.008565806783735752
31839,1,0,1,0,train,0.9830455780029297,0.016954397782683372
31841,1,0,1,0,train,0.9257840514183044,0.07421593368053436
31843,0,0,0,0,train,0.949733555316925,0.05026641860604286
31844,0,0,0,0,train,0.9538499116897583,0.046150092035532
31845,1,0,1,0,train,0.6264791488647461,0.3735208213329315
31846,0,1,0,1,train,0.2700369358062744,0.7299630641937256
31847,0,0,0,0,train,0.9927460551261902,0.007253916468471289
31849,1,0,1,0,train,0.851085364818573,0.148914635181427
31850,1,1,1,1,train,0.13406920433044434,0.8659308552742004
31851,1,0,1,0,train,0.7418792247772217,0.2581207752227783
31852,0,0,0,0,train,0.9728997349739075,0.027100276201963425
31853,0,0,0,0,train,0.9875934720039368,0.012406562454998493
31854,0,0,0,0,train,0.9901143312454224,0.009885646402835846
31855,0,0,0,0,train,0.986187219619751,0.013812780380249023
31856,0,0,0,0,train,0.9456722140312195,0.05432773754000664
31858,1,1,1,1,train,0.005954517051577568,0.9940454959869385
31860,1,1,1,1,train,0.1405651718378067,0.8594347834587097
31865,1,1,1,1,train,0.00197816570289433,0.9980218410491943
31866,1,0,1,0,train,0.9221616983413696,0.07783824950456619
31867,1,1,1,1,train,0.009689331986010075,0.9903106689453125
31868,1,1,1,1,train,0.44042372703552246,0.5595762729644775
31870,1,0,1,0,train,0.8520028591156006,0.14799709618091583
31871,1,1,1,1,train,0.4531928300857544,0.5468071699142456
31873,1,1,1,1,train,0.024381304159760475,0.9756187200546265
31875,0,0,0,0,train,0.9929290413856506,0.007070956286042929
31876,0,0,0,0,train,0.9841269850730896,0.01587303914129734
31877,0,0,0,0,train,0.991928219795227,0.008071736432611942
31878,1,0,1,0,train,0.9845263957977295,0.01547364704310894
31880,1,1,1,1,train,0.09660495072603226,0.9033949971199036
31881,0,0,0,0,train,0.7699500918388367,0.23004987835884094
31882,1,1,1,1,train,0.02706942707300186,0.9729305505752563
31883,1,0,1,0,train,0.9791754484176636,0.020824505016207695
31884,1,1,1,1,train,0.004860850516706705,0.9951391220092773
31885,1,1,1,1,train,0.07332724332809448,0.9266727566719055
31886,1,0,1,0,train,0.988171398639679,0.011828531511127949
31888,0,0,0,0,train,0.9909267425537109,0.009073239751160145
31890,0,0,0,0,train,0.652366042137146,0.3476339876651764
31891,0,0,0,0,train,0.988785982131958,0.011214044876396656
31892,0,0,0,0,train,0.9924644231796265,0.0075355456210672855
31894,0,1,0,1,train,0.09934564679861069,0.9006543159484863
31896,1,1,1,1,train,0.001375843188725412,0.9986242055892944
31897,1,1,1,1,train,0.11079100519418716,0.889208972454071
31905,0,0,0,0,train,0.9483104348182678,0.05168962478637695
31906,1,1,1,1,train,0.22376710176467896,0.7762329578399658
31907,1,0,1,0,train,0.8439707159996033,0.15602926909923553
31908,1,1,1,1,train,0.0012071776436641812,0.9987927675247192
31909,1,1,1,1,train,0.000795045169070363,0.9992049336433411
31910,1,1,1,1,train,0.001762157422490418,0.9982378482818604
31912,1,0,1,0,train,0.9517235159873962,0.048276498913764954
31913,0,0,0,0,train,0.9806273579597473,0.01937263086438179
31914,1,1,1,1,train,0.0059323483146727085,0.9940676689147949
31915,0,0,0,0,train,0.9928402900695801,0.00715969642624259
31917,1,1,1,1,train,0.09445612877607346,0.905543863773346
31918,1,1,1,1,train,0.0006963371415622532,0.9993036985397339
31919,1,1,1,1,train,0.003397359512746334,0.9966026544570923
31921,1,0,1,0,train,0.9880989193916321,0.011901040561497211
31922,1,0,1,0,train,0.9916302561759949,0.008369681425392628
31923,1,1,1,1,train,0.0012533953413367271,0.9987466335296631
31925,1,1,1,1,train,0.053517699241638184,0.946482241153717
31926,1,1,1,1,train,0.02757607400417328,0.9724239110946655
31927,1,1,1,1,train,0.06356588751077652,0.9364341497421265
31928,0,0,0,0,train,0.9845784306526184,0.015421569347381592
31929,1,1,1,1,train,0.016673145815730095,0.9833268523216248
31930,1,1,1,1,train,0.3080573081970215,0.6919426918029785
31932,0,0,0,0,train,0.9663032293319702,0.033696744590997696
31935,0,0,0,0,train,0.9873932600021362,0.01260673813521862
31937,0,0,0,0,train,0.9936501383781433,0.006349845789372921
31938,0,0,0,0,train,0.9930872321128845,0.006912798620760441
31940,1,1,1,1,train,0.0023950734175741673,0.9976048469543457
31941,1,1,1,1,train,0.0007982183014973998,0.9992018342018127
31942,1,1,1,1,train,0.36046168208122253,0.6395383477210999
31943,1,1,1,1,train,0.024743767455220222,0.9752562642097473
31946,1,1,1,1,train,0.0004589236923493445,0.999541163444519
31947,0,0,0,0,train,0.9879900813102722,0.01200988981872797
31949,1,0,1,0,train,0.8363984227180481,0.1636015921831131
31950,1,1,1,1,train,0.0004539797664619982,0.9995459914207458
31951,1,1,1,1,train,0.425453245639801,0.574546754360199
31953,1,0,1,0,train,0.9934968948364258,0.00650313263759017
31954,1,0,1,0,train,0.9935053586959839,0.006494585890322924
31955,1,1,1,1,train,0.354386568069458,0.645613431930542
31956,1,0,1,0,train,0.9821849465370178,0.017815006896853447
31957,1,0,1,0,train,0.9062833786010742,0.0937165915966034
31959,0,0,0,0,train,0.7600147128105164,0.23998527228832245
31960,0,0,0,0,train,0.9909341335296631,0.009065864607691765
31962,1,1,1,1,train,0.12964054942131042,0.870359480381012
31963,0,0,0,0,train,0.9687845706939697,0.031215360388159752
31965,1,1,1,1,train,0.0061436244286596775,0.9938563704490662
31966,0,1,0,1,train,0.4024297893047333,0.5975701808929443
31967,1,1,1,1,train,0.39284148812294006,0.6071585416793823
31969,1,0,1,0,train,0.5998513698577881,0.4001486301422119
31971,1,1,1,1,train,0.2901361882686615,0.7098637819290161
31972,1,1,1,1,train,0.0022916430607438087,0.9977083206176758
31976,1,1,1,1,train,0.0020573262590914965,0.9979426264762878
31977,1,1,1,1,train,0.477528840303421,0.5224711298942566
31978,1,0,1,0,train,0.9843184351921082,0.015681486576795578
31979,1,1,1,1,train,0.15766598284244537,0.842333972454071
31980,0,0,0,0,train,0.8991603851318359,0.10083957016468048
31981,1,0,1,0,train,0.927122175693512,0.07287781685590744
31982,0,1,0,1,train,0.33720526099205017,0.6627947688102722
31983,1,0,1,0,train,0.9874852299690247,0.012514766305685043
31987,1,1,1,1,train,0.004253742750734091,0.9957463145256042
31989,0,0,0,0,train,0.9822432994842529,0.01775670424103737
31990,1,0,1,0,train,0.9630221724510193,0.03697781637310982
31991,0,0,0,0,train,0.9926385879516602,0.007361437659710646
31992,1,1,1,1,train,0.015065113082528114,0.98493492603302
31993,1,1,1,1,train,0.022812731564044952,0.9771872162818909
31994,0,0,0,0,train,0.9643000364303589,0.0357000008225441
31995,1,1,1,1,train,0.002127791987732053,0.9978722333908081
31996,1,1,1,1,train,0.016627278178930283,0.9833727478981018
31997,1,1,1,1,train,0.13550938665866852,0.8644906282424927
31998,1,1,1,1,train,0.3859468996524811,0.6140531301498413
31999,1,1,1,1,train,0.004835493862628937,0.9951645135879517
32000,0,1,0,1,train,0.46056777238845825,0.5394322276115417
32001,1,1,1,1,train,0.04755564033985138,0.9524443745613098
32002,0,0,0,0,train,0.9952684044837952,0.0047315387055277824
32006,0,0,0,0,train,0.7564993500709534,0.24350066483020782
32008,0,0,0,0,train,0.9873046278953552,0.012695437297224998
32009,1,1,1,1,train,0.0007257236284203827,0.9992743134498596
32011,1,1,1,1,train,0.0015299975639209151,0.9984700083732605
32013,0,0,0,0,train,0.9917639493942261,0.008236122317612171
32014,1,0,1,0,train,0.958416223526001,0.041583769023418427
32015,0,0,0,0,train,0.978101372718811,0.02189866453409195
32017,1,1,1,1,train,0.13194721937179565,0.8680527806282043
32018,0,0,0,0,train,0.9933555126190186,0.0066445390693843365
32021,1,0,1,0,train,0.9181404709815979,0.0818595364689827
32023,0,0,0,0,train,0.7337514758110046,0.26624852418899536
32024,0,0,0,0,train,0.9700036644935608,0.02999635599553585
32025,1,1,1,1,train,0.0010939216008409858,0.9989060163497925
32026,1,1,1,1,train,0.0014433346223086119,0.9985566735267639
32027,1,1,1,1,train,0.007828804664313793,0.9921711683273315
32028,1,1,1,1,train,0.047879524528980255,0.9521204829216003
32029,0,0,0,0,train,0.9887765049934387,0.011223523877561092
32030,0,0,0,0,train,0.9890056848526001,0.010994271375238895
32031,0,0,0,0,train,0.9888964891433716,0.011103520169854164
32032,0,0,0,0,train,0.959900975227356,0.040099069476127625
32034,0,1,0,1,train,0.41634711623191833,0.5836528539657593
32036,1,1,1,1,train,0.0014399976935237646,0.9985600113868713
32037,1,1,1,1,train,0.0006061227759346366,0.9993938207626343
32038,0,0,0,0,train,0.9849240779876709,0.015075970441102982
32039,1,1,1,1,train,0.0007934709428809583,0.9992066025733948
32040,1,1,1,1,train,0.0037181866355240345,0.9962818026542664
32041,1,1,1,1,train,0.0010719391284510493,0.9989280104637146
32043,1,1,1,1,train,0.01148161105811596,0.9885184168815613
32044,1,0,1,0,train,0.8625487089157104,0.13745129108428955
32045,1,0,1,0,train,0.7304908037185669,0.2695091962814331
32046,1,0,1,0,train,0.9901503324508667,0.009849665686488152
32047,1,1,1,1,train,0.4650740623474121,0.5349258780479431
32049,1,1,1,1,train,0.004313791170716286,0.9956862926483154
32050,1,1,1,1,train,0.0005315099260769784,0.9994685053825378
32051,1,1,1,1,train,0.0864119753241539,0.9135879874229431
32052,0,1,0,1,train,0.47547659277915955,0.5245234370231628
32053,0,0,0,0,train,0.5617217421531677,0.4382782280445099
32055,1,1,1,1,train,0.0358707532286644,0.9641292691230774
32057,1,1,1,1,train,0.05643998831510544,0.943560004234314
32058,1,1,1,1,train,0.0037695802748203278,0.99623042345047
32059,1,1,1,1,train,0.01356750912964344,0.9864324927330017
32060,1,0,1,0,train,0.9537717700004578,0.046228185296058655
32061,1,0,1,0,train,0.9450724720954895,0.05492745712399483
32062,1,0,1,0,train,0.8743311762809753,0.12566880881786346
32063,0,0,0,0,train,0.9947296380996704,0.0052702827379107475
32067,0,0,0,0,train,0.9942891597747803,0.005710775498300791
32068,1,1,1,1,train,0.12765425443649292,0.8723456859588623
32069,1,1,1,1,train,0.0011653612600639462,0.9988346695899963
32070,1,1,1,1,train,0.0031855544075369835,0.9968144297599792
32071,1,1,1,1,train,0.0014015883207321167,0.9985983967781067
32072,1,1,1,1,train,0.30445340275764465,0.6955466270446777
32074,1,0,1,0,train,0.9872263073921204,0.01277372520416975
32076,1,1,1,1,train,0.09296240657567978,0.9070375561714172
32077,0,1,0,1,train,0.45950716733932495,0.540492832660675
32078,0,0,0,0,train,0.9941002726554871,0.005899658426642418
32079,0,0,0,0,train,0.9754064679145813,0.024593543261289597
32080,1,1,1,1,train,0.0007504376117140055,0.9992495179176331
32082,1,0,1,0,train,0.709316611289978,0.290683388710022
32083,1,1,1,1,train,0.0004367686342447996,0.9995632767677307
32084,1,1,1,1,train,0.011511046439409256,0.9884889721870422
32085,1,1,1,1,train,0.10711188614368439,0.8928881287574768
32086,1,1,1,1,train,0.000452235690318048,0.9995477795600891
32088,1,1,1,1,train,0.1524433195590973,0.8475566506385803
32089,1,1,1,1,train,0.2644765377044678,0.7355234622955322
32090,1,1,1,1,train,0.20887908339500427,0.7911209464073181
32091,1,1,1,1,train,0.009489677846431732,0.9905102849006653
32092,0,0,0,0,train,0.9933866858482361,0.006613330915570259
32094,1,1,1,1,train,0.019665278494358063,0.9803347587585449
32096,1,1,1,1,train,0.0013429844984784722,0.9986569881439209
32097,1,0,1,0,train,0.8012112975120544,0.19878870248794556
32098,0,0,0,0,train,0.9909075498580933,0.009092475287616253
32099,0,0,0,0,train,0.9916107058525085,0.008389286696910858
32100,0,0,0,0,train,0.9641757011413574,0.03582434356212616
32101,0,0,0,0,train,0.9925103187561035,0.007489670533686876
32102,1,0,1,0,train,0.9921402335166931,0.007859830744564533
32103,1,1,1,1,train,0.010433544404804707,0.989566445350647
32107,0,0,0,0,train,0.9929514527320862,0.007048493251204491
32108,0,0,0,0,train,0.9930725693702698,0.006927443202584982
32109,0,0,0,0,train,0.9924376606941223,0.007562295533716679
32110,0,0,0,0,train,0.9929068088531494,0.007093125954270363
32111,0,0,0,0,train,0.9929888844490051,0.007011115085333586
32112,0,0,0,0,train,0.9924174547195435,0.007582528050988913
32115,0,0,0,0,train,0.9918950200080872,0.00810498557984829
32116,0,0,0,0,train,0.6510564088821411,0.3489436209201813
32117,0,1,0,1,train,0.49414369463920593,0.5058562159538269
32118,0,0,0,0,train,0.9912304878234863,0.0087695037946105
32120,1,1,1,1,train,0.002977220108732581,0.997022807598114
32122,1,1,1,1,train,0.0009998645400628448,0.9990001320838928
32123,1,0,1,0,train,0.9467360973358154,0.053263962268829346
32124,1,0,1,0,train,0.9776321649551392,0.022367874160408974
32126,1,1,1,1,train,0.28731638193130493,0.7126836180686951
32127,1,1,1,1,train,0.171370729804039,0.828629195690155
32129,0,0,0,0,train,0.8420513272285461,0.15794867277145386
32130,1,1,1,1,train,0.004651166032999754,0.9953488707542419
32131,1,1,1,1,train,0.0005747774848714471,0.9994252920150757
32132,1,1,1,1,train,0.007429751101881266,0.9925702214241028
32134,1,0,1,0,train,0.9872844219207764,0.01271561998873949
32135,0,0,0,0,train,0.6180660724639893,0.38193395733833313
32137,1,1,1,1,train,0.01642468012869358,0.9835753440856934
32138,1,1,1,1,train,0.11303163319826126,0.8869683742523193
32139,1,1,1,1,train,0.004686355125159025,0.9953136444091797
32141,0,0,0,0,train,0.9946532249450684,0.005346797406673431
32142,0,0,0,0,train,0.9942933917045593,0.005706594325602055
32143,0,0,0,0,train,0.9944460391998291,0.005553979426622391
32144,0,0,0,0,train,0.9895351529121399,0.010464883409440517
32146,1,1,1,1,train,0.002534921048209071,0.9974651336669922
32148,1,1,1,1,train,0.004958931356668472,0.9950410723686218
32149,0,0,0,0,train,0.9833374619483948,0.016662554815411568
32150,1,0,1,0,train,0.995332658290863,0.004667335189878941
32152,0,0,0,0,train,0.9852655529975891,0.014734490774571896
32156,1,1,1,1,train,0.004649936221539974,0.9953500032424927
32157,1,1,1,1,train,0.15269704163074493,0.8473029732704163
32159,1,0,1,0,train,0.8435435891151428,0.15645647048950195
32160,1,0,1,0,train,0.9502367377281189,0.04976325482130051
32161,0,0,0,0,train,0.9841872453689575,0.015812726691365242
32162,0,0,0,0,train,0.9907149076461792,0.009285126812756062
32163,1,0,1,0,train,0.9826658964157104,0.017334045842289925
32164,1,1,1,1,train,0.4966455399990082,0.5033544301986694
32165,1,1,1,1,train,0.0854031890630722,0.9145967960357666
32166,1,1,1,1,train,0.0008184886537492275,0.9991814494132996
32167,1,1,1,1,train,0.3664140999317169,0.6335859298706055
32169,1,0,1,0,train,0.9806873202323914,0.019312746822834015
32170,0,0,0,0,train,0.9899590611457825,0.01004092488437891
32171,1,1,1,1,train,0.0010087499395012856,0.9989911913871765
32172,1,1,1,1,train,0.024724088609218597,0.975275993347168
32173,1,1,1,1,train,0.0014406506670638919,0.9985594153404236
32174,1,1,1,1,train,0.0007599638192914426,0.9992400407791138
32175,1,1,1,1,train,0.00041747494833543897,0.9995825886726379
32176,1,1,1,1,train,0.0033755262847989798,0.9966244697570801
32177,1,1,1,1,train,0.004622812382876873,0.9953771829605103
32178,1,1,1,1,train,0.004220627248287201,0.9957793951034546
32179,1,1,1,1,train,0.028830133378505707,0.9711698889732361
32180,0,0,0,0,train,0.7834078073501587,0.2165921926498413
32181,1,1,1,1,train,0.007513577584177256,0.9924863576889038
32182,1,1,1,1,train,0.020721372216939926,0.979278564453125
32183,1,1,1,1,train,0.00046029669465497136,0.9995397329330444
32185,1,1,1,1,train,0.003179745050147176,0.9968202114105225
32187,1,1,1,1,train,0.0007885190425440669,0.9992114305496216
32188,0,0,0,0,train,0.9914566874504089,0.008543361909687519
32191,1,0,1,0,train,0.805604100227356,0.19439588487148285
32192,1,0,1,0,train,0.983614981174469,0.016384992748498917
32194,0,0,0,0,train,0.9912604689598083,0.008739491924643517
32195,1,1,1,1,train,0.37722209095954895,0.6227779388427734
32196,0,0,0,0,train,0.9841557741165161,0.01584421470761299
32198,0,0,0,0,train,0.896528959274292,0.10347104072570801
32199,1,1,1,1,train,0.00041560764657333493,0.9995843768119812
32200,1,1,1,1,train,0.0005082180723547935,0.999491810798645
32201,1,1,1,1,train,0.0007253595977090299,0.9992746710777283
32203,1,1,1,1,train,0.23094582557678223,0.7690542340278625
32204,1,1,1,1,train,0.011798628605902195,0.9882013201713562
32205,0,0,0,0,train,0.7375848293304443,0.26241517066955566
32206,1,0,1,0,train,0.7714211344718933,0.2285788208246231
32207,0,0,0,0,train,0.9928066730499268,0.007193304132670164
32208,1,1,1,1,train,0.0009381159907206893,0.9990618824958801
32209,1,1,1,1,train,0.2535744309425354,0.7464255690574646
32211,1,1,1,1,train,0.0009931500535458326,0.9990069270133972
32212,1,1,1,1,train,0.004993582144379616,0.9950064420700073
32213,1,1,1,1,train,0.015096928924322128,0.98490309715271
32214,1,1,1,1,train,0.023463567718863487,0.9765363931655884
32215,1,1,1,1,train,0.0006805138546042144,0.9993195533752441
32216,1,1,1,1,train,0.2699016034603119,0.7300984263420105
32217,1,1,1,1,train,0.25284790992736816,0.7471520900726318
32219,1,0,1,0,train,0.9888913631439209,0.011108684353530407
32220,0,0,0,0,train,0.9610037803649902,0.03899618610739708
32221,1,1,1,1,train,0.017259826883673668,0.9827401638031006
32222,0,0,0,0,train,0.9664773941040039,0.03352266550064087
32223,1,1,1,1,train,0.022757427766919136,0.9772425293922424
32224,1,1,1,1,train,0.19762861728668213,0.8023713827133179
32225,1,1,1,1,train,0.43235263228416443,0.5676473379135132
32229,1,1,1,1,train,0.15097051858901978,0.8490294814109802
32232,1,0,1,0,train,0.799832820892334,0.20016717910766602
32233,0,0,0,0,train,0.9866930842399597,0.013306980021297932
32234,0,0,0,0,train,0.9936428070068359,0.006357208825647831
32235,0,0,0,0,train,0.9898232817649841,0.01017666794359684
32237,1,1,1,1,train,0.0008862189133651555,0.9991137385368347
32238,0,0,0,0,train,0.9949740171432495,0.005025976337492466
32240,1,0,1,0,train,0.8674571514129639,0.13254284858703613
32242,1,1,1,1,train,0.0006720613455399871,0.9993280172348022
32243,1,1,1,1,train,0.005117957014590502,0.9948821067810059
32246,0,0,0,0,train,0.7865842580795288,0.2134157419204712
32247,1,0,1,0,train,0.7171881794929504,0.2828117907047272
32248,0,0,0,0,train,0.8328553438186646,0.16714465618133545
32249,1,1,1,1,train,0.06130736693739891,0.9386926293373108
32251,1,1,1,1,train,0.11305398494005203,0.8869460225105286
32252,0,0,0,0,train,0.9934410452842712,0.0065589589066803455
32253,1,1,1,1,train,0.17098043859004974,0.8290196061134338
32254,0,0,0,0,train,0.935932457447052,0.06406760960817337
32255,1,0,1,0,train,0.6815705299377441,0.3184294104576111
32256,1,1,1,1,train,0.008455232717096806,0.9915448427200317
32257,1,1,1,1,train,0.017979592084884644,0.9820204377174377
32258,1,1,1,1,train,0.021837199106812477,0.9781628251075745
32259,1,1,1,1,train,0.2081131786108017,0.7918868660926819
32260,1,1,1,1,train,0.17064188420772552,0.8293581008911133
32263,1,0,1,0,train,0.9920016527175903,0.007998396642506123
32264,1,1,1,1,train,0.0007582678226754069,0.9992417097091675
32265,1,1,1,1,train,0.0005530215566977859,0.9994469285011292
32266,0,0,0,0,train,0.9879398345947266,0.012060186825692654
32267,1,1,1,1,train,0.02123047225177288,0.9787695407867432
32269,1,1,1,1,train,0.002715891692787409,0.9972840547561646
32271,0,0,0,0,train,0.9924924969673157,0.007507471367716789
32272,1,1,1,1,train,0.0006168460240587592,0.9993830919265747
32273,1,1,1,1,train,0.09123723208904266,0.9087627530097961
32274,1,1,1,1,train,0.06312684714794159,0.936873197555542
32275,1,1,1,1,train,0.2806940972805023,0.7193058133125305
32278,1,1,1,1,train,0.1300974190235138,0.8699025511741638
32282,1,1,1,1,train,0.0029031620360910892,0.9970968961715698
32284,0,0,0,0,train,0.9874736070632935,0.01252638641744852
32285,1,1,1,1,train,0.0057993256486952305,0.9942007064819336
32286,1,1,1,1,train,0.007584515959024429,0.9924154281616211
32287,1,1,1,1,train,0.10872416198253632,0.8912758231163025
32288,1,0,1,0,train,0.951389729976654,0.04861024022102356
32289,1,0,1,0,train,0.683829665184021,0.3161703944206238
32296,1,1,1,1,train,0.0021570338867604733,0.9978429079055786
32298,1,1,1,1,train,0.0005594781250692904,0.9994404911994934
32301,0,0,0,0,train,0.9909284710884094,0.009071486070752144
32303,0,0,0,0,train,0.9810073971748352,0.01899263821542263
32305,1,0,1,0,train,0.9419883489608765,0.05801163986325264
32307,1,1,1,1,train,0.2178492546081543,0.7821508049964905
32308,1,1,1,1,train,0.4143361747264862,0.5856637954711914
32310,1,0,1,0,train,0.6570290327072144,0.34297096729278564
32311,1,1,1,1,train,0.0031087659299373627,0.99689120054245
32312,1,1,1,1,train,0.0005042314296588302,0.9994957447052002
32314,1,1,1,1,train,0.0005414825864136219,0.9994584918022156
32315,1,0,1,0,train,0.9858076572418213,0.014192339964210987
32316,0,0,0,0,train,0.9888346791267395,0.011165368370711803
32317,0,0,0,0,train,0.9793524146080017,0.02064761519432068
32318,0,0,0,0,train,0.9851787686347961,0.014821278862655163
32322,1,1,1,1,train,0.026043042540550232,0.9739568829536438
32325,1,1,1,1,train,0.0004264152958057821,0.9995735287666321
32326,1,1,1,1,train,0.3484950363636017,0.6515049338340759
32328,0,0,0,0,train,0.7166347503662109,0.28336527943611145
32329,1,0,1,0,train,0.9164696335792542,0.08353040367364883
32330,1,1,1,1,train,0.0010681633139029145,0.9989318251609802
32332,1,0,1,0,train,0.916701078414917,0.08329886943101883
32333,0,0,0,0,train,0.9849085807800293,0.015091398730874062
32335,1,1,1,1,train,0.10218849778175354,0.8978114724159241
32336,1,0,1,0,train,0.9548428058624268,0.04515720531344414
32338,0,0,0,0,train,0.9925569295883179,0.00744303734973073
32339,1,1,1,1,train,0.22364814579486847,0.7763518691062927
32340,1,1,1,1,train,0.001197794103063643,0.9988021850585938
32342,1,1,1,1,train,0.0024193194694817066,0.9975806474685669
32343,1,1,1,1,train,0.2136504352092743,0.7863495349884033
32344,1,1,1,1,train,0.20704801380634308,0.7929520010948181
32345,0,0,0,0,train,0.9955756664276123,0.004424387589097023
32346,1,0,1,0,train,0.9906644821166992,0.00933557003736496
32347,1,1,1,1,train,0.39202940464019775,0.6079705953598022
32348,1,0,1,0,train,0.9467397928237915,0.05326014384627342
32349,1,0,1,0,train,0.9485772252082825,0.05142271891236305
32350,1,1,1,1,train,0.0025480289477854967,0.9974519610404968
32351,1,0,1,0,train,0.5229486227035522,0.47705143690109253
32352,1,1,1,1,train,0.17341665923595428,0.8265833854675293
32353,1,1,1,1,train,0.001813325798138976,0.9981866478919983
32360,1,1,1,1,train,0.36767837405204773,0.6323216557502747
32425,1,0,1,0,train,0.8677513003349304,0.13224869966506958
32448,1,0,1,0,train,0.7396050095558167,0.26039502024650574
32485,1,1,1,1,train,0.0044206357561051846,0.9955793023109436
32521,1,1,1,1,train,0.2868300974369049,0.7131698727607727
32536,0,0,0,0,train,0.6887128353118896,0.31128716468811035
32545,0,0,0,0,train,0.9392663836479187,0.0607336200773716
32554,0,1,0,1,train,0.3996143043041229,0.6003856658935547
32573,1,1,1,1,train,0.04661889746785164,0.9533811211585999
32610,1,1,1,1,train,0.1771949678659439,0.8228050470352173
32644,1,0,1,0,train,0.5486067533493042,0.451393187046051
32706,1,0,1,0,train,0.6574910879135132,0.3425089418888092
32756,0,0,0,0,train,0.9904696941375732,0.009530233219265938
32784,0,0,0,0,train,0.964677631855011,0.035322364419698715
12115,1,1,1,1,validation,0.0005358449416235089,0.999464213848114
12136,1,1,1,1,validation,0.24932871758937836,0.7506713271141052
12167,1,1,1,1,validation,0.0004376628203317523,0.9995623230934143
12444,0,0,0,0,validation,0.9654809236526489,0.03451909124851227
12448,0,0,0,0,validation,0.9514306783676147,0.04856937378644943
12453,0,0,0,0,validation,0.9772449135780334,0.022755073383450508
12608,1,1,1,1,validation,0.008098811842501163,0.9919012188911438
12626,1,1,1,1,validation,0.2290426343679428,0.770957350730896
12629,1,1,1,1,validation,0.2794274687767029,0.7205724716186523
13133,1,1,1,1,validation,0.03655943274497986,0.9634405970573425
13146,0,0,0,0,validation,0.987092137336731,0.012907927855849266
13176,1,1,1,1,validation,0.06973123550415039,0.9302687048912048
13237,1,1,1,1,validation,0.006313481833785772,0.9936864972114563
13355,0,0,0,0,validation,0.9154718518257141,0.08452817052602768
13386,1,1,1,1,validation,0.002792354905977845,0.9972075819969177
13402,1,1,1,1,validation,0.0007640236872248352,0.999235987663269
13498,1,1,1,1,validation,0.0006644029635936022,0.9993355870246887
13714,1,1,1,1,validation,0.0005801713559776545,0.9994198083877563
13982,1,0,1,0,validation,0.8968400955200195,0.10315996408462524
14013,1,0,1,0,validation,0.9129769206047058,0.08702311664819717
14033,1,0,1,0,validation,0.8538225293159485,0.1461774706840515
14034,0,0,0,0,validation,0.6500006318092346,0.349999338388443
14059,1,1,1,1,validation,0.0014342482900246978,0.9985657334327698
14122,0,0,0,0,validation,0.9226537942886353,0.07734619826078415
14128,0,0,0,0,validation,0.6847817897796631,0.3152181804180145
14384,1,0,1,0,validation,0.975665271282196,0.024334775283932686
14480,0,0,0,0,validation,0.9897897839546204,0.010210157372057438
14528,0,0,0,0,validation,0.977367103099823,0.022632930427789688
14601,1,1,1,1,validation,0.1746743619441986,0.825325608253479
14651,1,1,1,1,validation,0.003113633021712303,0.9968863129615784
14669,1,1,1,1,validation,0.0003872381348628551,0.9996127486228943
14674,1,1,1,1,validation,0.0006266888813115656,0.9993733763694763
14676,1,1,1,1,validation,0.0009216786129400134,0.9990782737731934
14677,1,1,1,1,validation,0.2145518809556961,0.7854481339454651
14694,1,1,1,1,validation,0.0004520270449575037,0.9995478987693787
14827,1,1,1,1,validation,0.1682964712381363,0.8317036032676697
14835,1,1,1,1,validation,0.0018640405032783747,0.9981359243392944
14841,0,0,0,0,validation,0.987939715385437,0.012060265056788921
14848,0,0,0,0,validation,0.9898442029953003,0.0101558156311512
14894,0,0,0,0,validation,0.8990489840507507,0.10095097869634628
14913,1,1,1,1,validation,0.11361663043498993,0.8863833546638489
14939,0,0,0,0,validation,0.980678379535675,0.019321635365486145
14963,1,0,1,0,validation,0.8153476119041443,0.18465235829353333
15027,0,0,0,0,validation,0.9900184869766235,0.009981472045183182
15177,1,1,1,1,validation,0.000602683168835938,0.9993972778320312
15343,1,1,1,1,validation,0.00830488558858633,0.9916951060295105
15427,1,1,1,1,validation,0.0029992512427270412,0.9970007538795471
15431,1,1,1,1,validation,0.002963065402582288,0.9970369338989258
15445,1,0,1,0,validation,0.9122422933578491,0.0877576544880867
15476,1,1,1,1,validation,0.0005221815081313252,0.9994778037071228
15622,0,0,0,0,validation,0.9791776537895203,0.0208223108202219
15623,0,0,0,0,validation,0.9623169302940369,0.037683092057704926
15704,1,1,1,1,validation,0.0646618977189064,0.9353381395339966
15705,1,1,1,1,validation,0.244705468416214,0.7552945613861084
15706,0,0,0,0,validation,0.9359661936759949,0.06403383612632751
15715,1,1,1,1,validation,0.14231109619140625,0.8576889634132385
16034,1,1,1,1,validation,0.0004510862927418202,0.9995488524436951
16038,1,1,1,1,validation,0.0005923199933022261,0.9994076490402222
16042,1,1,1,1,validation,0.0004285038448870182,0.9995715022087097
16047,1,1,1,1,validation,0.0005174943944439292,0.9994825124740601
16049,1,1,1,1,validation,0.00045447793672792614,0.9995455145835876
16065,1,1,1,1,validation,0.00047815413563512266,0.9995218515396118
16162,1,1,1,1,validation,0.004395016934722662,0.9956049919128418
16204,1,0,1,0,validation,0.9155524373054504,0.08444764465093613
16221,1,1,1,1,validation,0.01662369817495346,0.9833763241767883
16368,1,1,1,1,validation,0.0024418181274086237,0.9975581169128418
16475,1,1,1,1,validation,0.000886294525116682,0.9991137385368347
16626,0,1,0,1,validation,0.08671533316373825,0.9132846593856812
16713,1,0,1,0,validation,0.9911020994186401,0.008897831663489342
16842,0,1,0,1,validation,0.38931480050086975,0.6106851696968079
16989,1,1,1,1,validation,0.0005234889104031026,0.9994764924049377
17175,1,1,1,1,validation,0.0034805452451109886,0.9965194463729858
17177,1,1,1,1,validation,0.0012263632379472256,0.9987736344337463
17194,0,1,0,1,validation,0.07414045929908752,0.9258595705032349
17195,1,1,1,1,validation,0.04417238011956215,0.9558276534080505
17198,1,1,1,1,validation,0.02032657340168953,0.9796733856201172
17463,1,1,1,1,validation,0.0019472121493890882,0.9980528354644775
17720,1,1,1,1,validation,0.05483400821685791,0.9451659917831421
17823,1,0,1,0,validation,0.9453496336936951,0.054650358855724335
17828,1,0,1,0,validation,0.78596431016922,0.21403566002845764
17911,1,1,1,1,validation,0.09109688550233841,0.9089031219482422
18003,1,1,1,1,validation,0.08697950094938278,0.9130205512046814
18053,1,1,1,1,validation,0.0008949996554292738,0.999104917049408
18109,1,1,1,1,validation,0.006764318328350782,0.9932356476783752
18268,1,1,1,1,validation,0.0041709356009960175,0.9958290457725525
18280,1,1,1,1,validation,0.0007863037171773612,0.999213695526123
18328,0,1,0,1,validation,0.06954820454120636,0.9304517507553101
18340,1,1,1,1,validation,0.0010603807168081403,0.998939573764801
18364,1,1,1,1,validation,0.0006044846377335489,0.999395489692688
18367,1,1,1,1,validation,0.00045072418288327754,0.9995492100715637
18426,1,1,1,1,validation,0.0004516073677223176,0.9995483756065369
18433,1,1,1,1,validation,0.0007622801349498332,0.9992377758026123
18448,1,1,1,1,validation,0.0005916841328144073,0.9994083642959595
18574,1,1,1,1,validation,0.0030126699712127447,0.9969874024391174
18607,1,1,1,1,validation,0.0006479466683231294,0.9993520379066467
19013,1,1,1,1,validation,0.015503175556659698,0.9844968318939209
19443,1,0,1,0,validation,0.7859572172164917,0.21404273808002472
19536,1,1,1,1,validation,0.0005188325885683298,0.9994811415672302
19555,1,1,1,1,validation,0.10063967853784561,0.8993602991104126
19581,1,1,1,1,validation,0.02871464379131794,0.971285343170166
19582,1,1,1,1,validation,0.019487464800477028,0.9805124998092651
19583,1,1,1,1,validation,0.040351081639528275,0.9596489071846008
19586,1,1,1,1,validation,0.014378218911588192,0.9856217503547668
19589,1,1,1,1,validation,0.017435604706406593,0.982564389705658
19597,1,1,1,1,validation,0.049386028200387955,0.9506139159202576
19622,1,1,1,1,validation,0.0004339155275374651,0.9995660185813904
19631,1,1,1,1,validation,0.00229056179523468,0.9977093935012817
19636,1,1,1,1,validation,0.0005207855137996376,0.9994792342185974
19644,1,1,1,1,validation,0.042320139706134796,0.9576798677444458
19785,1,1,1,1,validation,0.0037945746444165707,0.9962054491043091
19873,1,1,1,1,validation,0.0033310886938124895,0.9966688752174377
19892,1,1,1,1,validation,0.12970009446144104,0.8702998757362366
19927,1,1,1,1,validation,0.47748783230781555,0.5225121974945068
19928,1,1,1,1,validation,0.01495290081948042,0.9850471019744873
19929,1,1,1,1,validation,0.12806303799152374,0.8719369173049927
19933,1,1,1,1,validation,0.00045714661246165633,0.9995428323745728
19936,1,1,1,1,validation,0.017352113500237465,0.9826479554176331
20000,0,0,0,0,validation,0.9818434119224548,0.018156562000513077
20057,1,1,1,1,validation,0.11271023750305176,0.8872897624969482
20094,1,0,1,0,validation,0.9876526594161987,0.012347383424639702
20300,1,1,1,1,validation,0.000523366208653897,0.9994766116142273
20308,1,1,1,1,validation,0.0005075332592241466,0.9994924068450928
20323,1,1,1,1,validation,0.0018852396169677377,0.998114824295044
20407,0,0,0,0,validation,0.9464532136917114,0.05354674905538559
20417,0,0,0,0,validation,0.9831187129020691,0.016881294548511505
20501,1,1,1,1,validation,0.0014278045855462551,0.9985722303390503
20657,1,1,1,1,validation,0.0029636770486831665,0.997036337852478
20673,1,1,1,1,validation,0.0022835591807961464,0.9977164268493652
20694,1,1,1,1,validation,0.01617489382624626,0.9838250875473022
20744,1,1,1,1,validation,0.0010308468481525779,0.9989691972732544
20822,1,1,1,1,validation,0.1277875304222107,0.8722124695777893
20916,1,1,1,1,validation,0.0005137028056196868,0.9994863271713257
21023,1,1,1,1,validation,0.00046564076910726726,0.9995343685150146
21028,1,1,1,1,validation,0.0004352134419605136,0.9995648264884949
21183,1,1,1,1,validation,0.001270803390070796,0.9987291693687439
21188,1,1,1,1,validation,0.002369020599871874,0.9976309537887573
21398,1,1,1,1,validation,0.0022798292338848114,0.9977201819419861
21424,1,1,1,1,validation,0.0004307159106247127,0.9995692372322083
21669,1,1,1,1,validation,0.003436604281887412,0.9965633749961853
21749,1,1,1,1,validation,0.001051568309776485,0.9989485144615173
21885,1,1,1,1,validation,0.0010763986501842737,0.9989235997200012
21946,1,1,1,1,validation,0.003918311558663845,0.9960817694664001
22151,1,1,1,1,validation,0.3331637382507324,0.6668362617492676
22242,1,1,1,1,validation,0.00467084301635623,0.9953291416168213
22329,1,1,1,1,validation,0.08884322643280029,0.9111568331718445
22359,1,1,1,1,validation,0.00043763549183495343,0.9995623230934143
22391,1,1,1,1,validation,0.005326151382178068,0.9946738481521606
22396,1,1,1,1,validation,0.004813533741980791,0.9951865077018738
22521,1,1,1,1,validation,0.0005744759109802544,0.9994255304336548
22832,1,1,1,1,validation,0.0008354014134965837,0.9991645812988281
22843,1,1,1,1,validation,0.001242146361619234,0.9987578392028809
22884,1,1,1,1,validation,0.4872756004333496,0.5127243399620056
22997,1,1,1,1,validation,0.0012711866293102503,0.9987288117408752
22998,1,1,1,1,validation,0.00043894548434764147,0.9995610117912292
23069,1,1,1,1,validation,0.31950458884239197,0.6804953813552856
23148,1,1,1,1,validation,0.03183186799287796,0.9681681990623474
23159,1,1,1,1,validation,0.0004963864339515567,0.9995036125183105
23160,1,1,1,1,validation,0.0019969502463936806,0.9980030655860901
23188,1,1,1,1,validation,0.00039119619759730995,0.9996088147163391
23190,1,1,1,1,validation,0.000836213759612292,0.9991637468338013
23192,1,1,1,1,validation,0.0006190667627379298,0.9993809461593628
23198,1,1,1,1,validation,0.0011705422075465322,0.9988294243812561
23205,1,1,1,1,validation,0.0005525470478460193,0.9994474053382874
23285,1,1,1,1,validation,0.0008610142394900322,0.9991389513015747
23290,1,1,1,1,validation,0.0004485167155507952,0.9995514750480652
23346,1,1,1,1,validation,0.1420227289199829,0.8579772114753723
23354,1,1,1,1,validation,0.16899430751800537,0.8310056328773499
23560,0,1,0,1,validation,0.0051206909120082855,0.9948792457580566
23575,1,1,1,1,validation,0.23204568028450012,0.7679543495178223
23577,1,0,1,0,validation,0.5501126050949097,0.44988736510276794
23626,1,1,1,1,validation,0.0012384180445224047,0.9987616539001465
23840,1,1,1,1,validation,0.0007035102462396026,0.9992964267730713
23911,1,1,1,1,validation,0.03386283665895462,0.9661372303962708
23924,1,1,1,1,validation,0.0037170457653701305,0.9962829947471619
23981,1,1,1,1,validation,0.0023546291049569845,0.9976453185081482
24111,0,0,0,0,validation,0.5183640718460083,0.4816358983516693
24143,1,1,1,1,validation,0.0005176467821002007,0.999482274055481
24325,1,1,1,1,validation,0.0008813499589450657,0.9991186261177063
24443,1,1,1,1,validation,0.06299477815628052,0.9370052814483643
24478,1,0,1,0,validation,0.5700695514678955,0.4299304187297821
24479,1,1,1,1,validation,0.0004741023585665971,0.9995259046554565
24589,1,1,1,1,validation,0.0022631792817264795,0.9977368116378784
24698,1,1,1,1,validation,0.056266140192747116,0.9437338709831238
24956,1,1,1,1,validation,0.14052532613277435,0.8594747185707092
24990,1,1,1,1,validation,0.28286033868789673,0.7171396613121033
24999,1,1,1,1,validation,0.000375572795746848,0.9996243715286255
25021,1,1,1,1,validation,0.0009679897921159863,0.9990320205688477
25076,1,1,1,1,validation,0.00045113751548342407,0.9995488524436951
25171,1,1,1,1,validation,0.0017117292154580355,0.9982882142066956
25429,1,1,1,1,validation,0.002856999868527055,0.9971429705619812
25670,1,1,1,1,validation,0.40201932191848755,0.5979806780815125
25754,0,1,0,1,validation,0.20363306999206543,0.7963669896125793
25827,1,1,1,1,validation,0.0063079893589019775,0.9936920404434204
25841,1,1,1,1,validation,0.00039483659202232957,0.9996052384376526
25842,1,1,1,1,validation,0.00044504780089482665,0.9995549321174622
25980,0,0,0,0,validation,0.9867668747901917,0.013233154080808163
26143,1,1,1,1,validation,0.0024811106268316507,0.9975188970565796
26309,0,0,0,0,validation,0.8537532687187195,0.1462467908859253
26319,1,1,1,1,validation,0.002094849944114685,0.9979051351547241
26357,1,1,1,1,validation,0.007784409448504448,0.9922155737876892
26421,1,1,1,1,validation,0.0015558410668745637,0.998444139957428
26439,1,1,1,1,validation,0.0022585962433367968,0.9977414608001709
26570,1,1,1,1,validation,0.0017120047705247998,0.9982879757881165
26641,1,1,1,1,validation,0.002616695361211896,0.9973832964897156
26693,1,1,1,1,validation,0.07801372557878494,0.9219862222671509
26761,1,1,1,1,validation,0.005757644772529602,0.9942423701286316
26795,1,1,1,1,validation,0.0005942193674854934,0.9994057416915894
26796,1,1,1,1,validation,0.0018932148814201355,0.9981067180633545
26816,1,1,1,1,validation,0.001668084878474474,0.9983319640159607
26820,1,1,1,1,validation,0.0004099575453437865,0.9995900988578796
26821,1,1,1,1,validation,0.001430247793905437,0.9985697269439697
26822,1,1,1,1,validation,0.0005312442663125694,0.9994687438011169
26823,1,1,1,1,validation,0.0018195508746430278,0.9981805086135864
26824,1,1,1,1,validation,0.0014397084014490247,0.9985602498054504
26873,1,1,1,1,validation,0.0013601777609437704,0.9986397624015808
27046,1,1,1,1,validation,0.0005077573005110025,0.9994921684265137
27047,1,1,1,1,validation,0.0007579979719594121,0.9992420673370361
27114,1,0,1,0,validation,0.9519234299659729,0.04807663708925247
27171,1,1,1,1,validation,0.02484785206615925,0.9751521348953247
27288,1,1,1,1,validation,0.0004112946626264602,0.999588668346405
27372,1,1,1,1,validation,0.000538042513653636,0.9994619488716125
27373,1,1,1,1,validation,0.001224251464009285,0.9987757802009583
27558,0,0,0,0,validation,0.9937384128570557,0.0062615894712507725
27687,1,1,1,1,validation,0.002722320845350623,0.9972776770591736
27782,1,1,1,1,validation,0.08854884654283524,0.9114511609077454
27785,1,1,1,1,validation,0.06455262750387192,0.9354474544525146
27863,1,1,1,1,validation,0.00713025126606226,0.9928697943687439
27864,1,1,1,1,validation,0.001657958491705358,0.9983420372009277
27911,1,1,1,1,validation,0.00408868957310915,0.9959113597869873
27951,1,1,1,1,validation,0.001963338116183877,0.9980366826057434
27968,1,1,1,1,validation,0.0018019344424828887,0.9981980919837952
28008,1,1,1,1,validation,0.011191858910024166,0.9888080954551697
28034,1,1,1,1,validation,0.0007391307735815644,0.9992608428001404
28038,1,1,1,1,validation,0.0016287341713905334,0.9983713030815125
28048,1,1,1,1,validation,0.2372598499059677,0.7627400755882263
28074,1,1,1,1,validation,0.0008439014782197773,0.99915611743927
28075,1,1,1,1,validation,0.015361367724835873,0.9846386313438416
28143,1,1,1,1,validation,0.0012838237453252077,0.9987162351608276
28205,1,1,1,1,validation,0.013733644038438797,0.9862663745880127
28244,1,1,1,1,validation,0.002276785671710968,0.9977231621742249
28254,1,1,1,1,validation,0.0007985103875398636,0.9992014765739441
28258,1,1,1,1,validation,0.0013086580438539386,0.9986913800239563
28384,1,1,1,1,validation,0.0010833179112523794,0.998916745185852
28408,1,1,1,1,validation,0.00039527364424429834,0.9996047616004944
28465,1,1,1,1,validation,0.0010567976860329509,0.9989432692527771
28471,1,1,1,1,validation,0.046447109431028366,0.9535529017448425
28473,1,1,1,1,validation,0.06923379004001617,0.930766224861145
28519,1,1,1,1,validation,0.003475669538602233,0.9965242743492126
28679,1,1,1,1,validation,0.0029800094198435545,0.9970199465751648
28775,1,1,1,1,validation,0.005924741271883249,0.9940751791000366
28863,1,1,1,1,validation,0.2559357285499573,0.7440643310546875
28881,1,0,1,0,validation,0.5744050145149231,0.4255949854850769
28959,1,0,1,0,validation,0.9454334378242493,0.054566577076911926
28966,1,1,1,1,validation,0.0005423519178293645,0.9994576573371887
28967,1,1,1,1,validation,0.0014389120042324066,0.9985610842704773
28993,1,1,1,1,validation,0.0012019622372463346,0.9987980127334595
29003,1,1,1,1,validation,0.00046446314081549644,0.9995355606079102
29040,1,1,1,1,validation,0.00047760226880200207,0.9995224475860596
29050,1,1,1,1,validation,0.00044089488801546395,0.9995591044425964
29084,1,1,1,1,validation,0.00048626420903019607,0.9995137453079224
29086,1,1,1,1,validation,0.14528192579746246,0.854718029499054
29121,1,1,1,1,validation,0.001315239118412137,0.9986847043037415
29160,1,1,1,1,validation,0.1750367432832718,0.8249633312225342
29197,1,1,1,1,validation,0.0016383436741307378,0.9983616471290588
29204,1,1,1,1,validation,0.0008881039684638381,0.9991118311882019
29205,1,1,1,1,validation,0.001029761740937829,0.9989702701568604
29306,1,1,1,1,validation,0.0019237952074036002,0.9980762004852295
29488,1,1,1,1,validation,0.003855149494484067,0.9961448907852173
29636,1,1,1,1,validation,0.0007767969509586692,0.9992232322692871
29649,1,1,1,1,validation,0.0015794850187376142,0.9984204769134521
29662,1,1,1,1,validation,0.0005098908441141248,0.9994901418685913
29704,1,1,1,1,validation,0.04714254289865494,0.9528574347496033
29743,1,1,1,1,validation,0.004259421955794096,0.9957406520843506
29775,1,1,1,1,validation,0.0012160867918282747,0.9987838864326477
29785,1,1,1,1,validation,0.016343655064702034,0.9836564064025879
29861,1,1,1,1,validation,0.0007874194416217506,0.9992125034332275
29874,1,1,1,1,validation,0.025765670463442802,0.9742343425750732
29875,1,1,1,1,validation,0.022957339882850647,0.9770426750183105
29876,1,1,1,1,validation,0.02165166661143303,0.9783483147621155
29987,1,1,1,1,validation,0.010000635869801044,0.9899993538856506
30126,1,1,1,1,validation,0.005909337196499109,0.9940906167030334
30206,1,1,1,1,validation,0.006874668877571821,0.993125319480896
30263,1,1,1,1,validation,0.0004314048564992845,0.9995686411857605
30454,1,1,1,1,validation,0.001345040393061936,0.9986549615859985
30478,1,1,1,1,validation,0.0009044614271260798,0.9990955591201782
30479,1,1,1,1,validation,0.0004046307294629514,0.9995953440666199
30480,1,1,1,1,validation,0.0005485822330228984,0.9994514584541321
30535,1,1,1,1,validation,0.0023482353426516056,0.9976517558097839
30558,1,1,1,1,validation,0.002270488068461418,0.997729480266571
30578,1,1,1,1,validation,0.0026714683044701815,0.997328519821167
30608,1,1,1,1,validation,0.0020821711514145136,0.9979178309440613
30633,1,1,1,1,validation,0.0006589865661226213,0.9993409514427185
30653,1,1,1,1,validation,0.001536307274363935,0.9984637498855591
30692,1,1,1,1,validation,0.0014288075035437942,0.9985711574554443
30708,1,1,1,1,validation,0.0008266198565252125,0.9991733431816101
30794,1,1,1,1,validation,0.0015874056844040751,0.9984126091003418
31216,1,1,1,1,validation,0.018733207136392593,0.9812667369842529
31258,1,1,1,1,validation,0.0017583216540515423,0.998241662979126
31433,1,1,1,1,validation,0.0029292735271155834,0.9970706701278687
31453,1,1,1,1,validation,0.001017582369968295,0.9989823698997498
31540,1,1,1,1,validation,0.0020631339866667986,0.9979368448257446
31567,1,1,1,1,validation,0.009512911550700665,0.9904871582984924
31572,1,1,1,1,validation,0.002086605643853545,0.9979134202003479
31646,1,1,1,1,validation,0.0013721836730837822,0.998627781867981
31711,1,1,1,1,validation,0.10377629101276398,0.8962236642837524
31756,1,1,1,1,validation,0.0006526043871417642,0.9993473887443542
31832,0,0,0,0,validation,0.8636133670806885,0.13638661801815033
31834,0,0,0,0,validation,0.9760788679122925,0.02392120473086834
31840,0,0,0,0,validation,0.9924066662788391,0.007593329530209303
31842,0,1,0,1,validation,0.4876576364040375,0.5123423933982849
31848,1,1,1,1,validation,0.2560454308986664,0.743954598903656
31857,1,0,1,0,validation,0.6667774319648743,0.33322253823280334
31869,1,1,1,1,validation,0.0015290676383301616,0.9984709620475769
31887,1,1,1,1,validation,0.03919034078717232,0.9608096480369568
31889,1,1,1,1,validation,0.17365236580371857,0.8263475894927979
31893,1,1,1,1,validation,0.3601483404636383,0.6398516893386841
31895,1,1,1,1,validation,0.10917365550994873,0.8908263444900513
31898,1,0,1,0,validation,0.9918957352638245,0.008104275912046432
31899,1,0,1,0,validation,0.9918637275695801,0.008136346004903316
31900,1,0,1,0,validation,0.9899531006813049,0.01004689373075962
31901,1,0,1,0,validation,0.9917346239089966,0.008265416137874126
31902,1,0,1,0,validation,0.9917928576469421,0.008207142353057861
31903,0,0,0,0,validation,0.9921898245811462,0.007810107432305813
31904,0,0,0,0,validation,0.973879873752594,0.02612011507153511
31920,1,1,1,1,validation,0.055338792502880096,0.9446612596511841
31924,1,0,1,0,validation,0.9867996573448181,0.013200374320149422
31931,1,0,1,0,validation,0.9826375842094421,0.01736241579055786
31939,1,1,1,1,validation,0.3668483793735504,0.6331515908241272
31958,1,1,1,1,validation,0.33480051159858704,0.6651994585990906
31961,1,0,1,0,validation,0.5607720613479614,0.4392279386520386
31968,1,0,1,0,validation,0.8642017841339111,0.13579818606376648
31970,1,1,1,1,validation,0.009488320909440517,0.9905117154121399
31975,1,1,1,1,validation,0.0006736937211826444,0.9993263483047485
31985,0,0,0,0,validation,0.9922550916671753,0.007744913920760155
31988,1,1,1,1,validation,0.03298802673816681,0.9670119285583496
32004,1,0,1,0,validation,0.8492743372917175,0.15072564780712128
32005,0,0,0,0,validation,0.9888859987258911,0.011114055290818214
32010,1,1,1,1,validation,0.000720266776625067,0.999279797077179
32016,1,0,1,0,validation,0.9724041819572449,0.027595849707722664
32022,1,1,1,1,validation,0.48844167590141296,0.5115582942962646
32033,0,0,0,0,validation,0.9912900924682617,0.008709964342415333
32035,1,1,1,1,validation,0.17390018701553345,0.8260998725891113
32048,1,0,1,0,validation,0.9573071599006653,0.0426928773522377
32066,0,0,0,0,validation,0.9759289622306824,0.02407100982964039
32073,1,0,1,0,validation,0.9950032830238342,0.004996738862246275
32081,0,1,0,1,validation,0.0019613471813499928,0.9980387091636658
32104,0,0,0,0,validation,0.9220038056373596,0.07799624651670456
32106,1,1,1,1,validation,0.0010254423832520843,0.9989745616912842
32114,0,0,0,0,validation,0.9892719984054565,0.010727963410317898
32125,0,0,0,0,validation,0.971388041973114,0.028612008318305016
32128,0,1,0,1,validation,0.20085373520851135,0.799146294593811
32145,1,1,1,1,validation,0.0005645221681334078,0.9994354844093323
32147,0,0,0,0,validation,0.9903720617294312,0.009627912193536758
32151,0,0,0,0,validation,0.9375554919242859,0.062444474548101425
32154,0,0,0,0,validation,0.9909186363220215,0.009081306867301464
32155,0,0,0,0,validation,0.9823414087295532,0.017658602446317673
32218,1,1,1,1,validation,0.18386951088905334,0.816130518913269
32227,1,0,1,0,validation,0.979472815990448,0.020527169108390808
32231,1,0,1,0,validation,0.9905016422271729,0.009498368948698044
32236,0,0,0,0,validation,0.975774347782135,0.024225639179348946
32239,0,0,0,0,validation,0.7407707571983337,0.25922921299934387
32241,1,1,1,1,validation,0.0036812745966017246,0.9963186979293823
32268,1,1,1,1,validation,0.0005150751676410437,0.9994848966598511
32279,0,1,0,1,validation,0.2573992609977722,0.7426007390022278
32283,1,1,1,1,validation,0.0006508236401714385,0.9993491768836975
32299,0,0,0,0,validation,0.9044773578643799,0.09552259743213654
32300,1,1,1,1,validation,0.07799729704856873,0.9220026731491089
32302,1,0,1,0,validation,0.5162403583526611,0.48375970125198364
32321,1,1,1,1,validation,0.003365500830113888,0.9966345429420471
32323,0,1,0,1,validation,0.07660345733165741,0.9233965277671814
32324,1,1,1,1,validation,0.162806898355484,0.8371931314468384
32331,1,0,1,0,validation,0.5223710536956787,0.47762903571128845
32341,1,1,1,1,validation,0.003422185080125928,0.996577799320221
32527,0,1,0,1,validation,0.12353234738111496,0.8764676451683044
32633,1,1,1,1,validation,0.0008821804658509791,0.9991177916526794
32747,1,0,1,0,validation,0.7284159064292908,0.2715841233730316
12147,0,0,0,0,test,0.989391028881073,0.01060902513563633
12488,1,0,1,0,test,0.5158657431602478,0.4841342866420746
12580,0,0,0,0,test,0.932271420955658,0.06772858649492264
12595,1,1,1,1,test,0.0013649240136146545,0.9986351132392883
12832,1,1,1,1,test,0.08223852515220642,0.917761504650116
12857,1,1,1,1,test,0.004210286773741245,0.9957897067070007
13367,1,1,1,1,test,0.27860286831855774,0.7213971614837646
13391,1,1,1,1,test,0.008344706147909164,0.9916552305221558
13747,1,1,1,1,test,0.0013868381502106786,0.9986131191253662
14019,1,1,1,1,test,0.06368143111467361,0.9363185167312622
14067,1,1,1,1,test,0.0007739083375781775,0.9992260932922363
14222,0,0,0,0,test,0.9924155473709106,0.00758441211655736
14280,1,0,1,0,test,0.6961258053779602,0.30387428402900696
14288,0,0,0,0,test,0.6894984841346741,0.31050148606300354
14366,0,0,0,0,test,0.9821581840515137,0.017841869965195656
14431,1,0,1,0,test,0.9928175210952759,0.007182462606579065
14518,1,1,1,1,test,0.0010992566822096705,0.9989007711410522
14544,1,0,1,0,test,0.6645317673683167,0.3354681730270386
14715,1,1,1,1,test,0.02508498542010784,0.974915087223053
14917,0,1,0,1,test,0.0483834482729435,0.9516165256500244
14930,0,0,0,0,test,0.9483096599578857,0.051690369844436646
14962,1,0,1,0,test,0.9304672479629517,0.06953276693820953
15193,1,1,1,1,test,0.001888268394395709,0.9981117248535156
15243,1,1,1,1,test,0.0034151035360991955,0.9965848922729492
15426,1,1,1,1,test,0.1957298368215561,0.8042700886726379
15463,1,1,1,1,test,0.06444413959980011,0.9355558156967163
15596,1,1,1,1,test,0.01448691263794899,0.9855131506919861
15707,0,1,0,1,test,0.011820141226053238,0.9881798028945923
15731,1,1,1,1,test,0.35887277126312256,0.6411272287368774
15775,0,0,0,0,test,0.9869821667671204,0.01301784347742796
15786,1,1,1,1,test,0.13886117935180664,0.8611388206481934
15842,1,1,1,1,test,0.0004837093292735517,0.9995162487030029
15870,1,1,1,1,test,0.005882367491722107,0.9941176176071167
15892,1,1,1,1,test,0.003280130447819829,0.9967198967933655
15950,1,1,1,1,test,0.003537702839821577,0.9964622855186462
15957,1,1,1,1,test,0.002778422785922885,0.9972215890884399
16055,1,1,1,1,test,0.0004988170694559813,0.9995012283325195
16260,0,1,0,1,test,0.16092854738235474,0.83907151222229
16577,1,1,1,1,test,0.0931643694639206,0.906835675239563
16622,1,0,1,0,test,0.5978978276252747,0.40210220217704773
16652,0,0,0,0,test,0.9777529239654541,0.022247010841965675
16707,1,0,1,0,test,0.6622991561889648,0.33770084381103516
16710,0,0,0,0,test,0.8135172128677368,0.18648278713226318
16804,1,0,1,0,test,0.8615240454673767,0.13847598433494568
17086,1,1,1,1,test,0.002825186587870121,0.9971747398376465
17128,1,1,1,1,test,0.0008497495437040925,0.999150276184082
17173,1,1,1,1,test,0.03824830427765846,0.9617516994476318
17210,1,1,1,1,test,0.002521270653232932,0.9974787831306458
17284,1,0,1,0,test,0.8096055388450623,0.19039441645145416
17301,1,0,1,0,test,0.8023458123207092,0.19765417277812958
17372,1,1,1,1,test,0.041691843420267105,0.9583081603050232
17493,1,1,1,1,test,0.04355274513363838,0.9564473032951355
17630,1,0,1,0,test,0.9939131140708923,0.006086899433284998
17658,1,1,1,1,test,0.006080201826989651,0.993919849395752
17698,1,1,1,1,test,0.02341744676232338,0.9765825867652893
17870,0,0,0,0,test,0.9825015664100647,0.01749841310083866
17921,1,1,1,1,test,0.16689857840538025,0.8331013917922974
17926,1,1,1,1,test,0.0036621978506445885,0.9963377714157104
17946,1,1,1,1,test,0.0004495441971812397,0.9995504021644592
17967,1,1,1,1,test,0.0003795120574068278,0.9996204376220703
18069,1,1,1,1,test,0.006115577649325132,0.9938843846321106
18086,1,1,1,1,test,0.0009468820644542575,0.9990530610084534
18202,1,1,1,1,test,0.0006710274028591812,0.9993289709091187
18297,1,1,1,1,test,0.06877844780683517,0.931221604347229
18570,1,1,1,1,test,0.0008960893610492349,0.999103844165802
18603,1,1,1,1,test,0.00045654276618734,0.9995433688163757
18769,1,1,1,1,test,0.0008027447038330138,0.9991973042488098
18967,0,1,0,1,test,0.06845925748348236,0.9315407276153564
19137,0,0,0,0,test,0.7320903539657593,0.2679096758365631
19157,1,1,1,1,test,0.12613257765769958,0.873867392539978
19168,0,1,0,1,test,0.1663663536310196,0.8336336612701416
19241,1,1,1,1,test,0.0031130914576351643,0.9968869090080261
19244,1,1,1,1,test,0.005315073300153017,0.9946849346160889
19279,1,1,1,1,test,0.0005322079523466527,0.9994677901268005
19281,0,0,0,0,test,0.9634828567504883,0.03651706874370575
19320,0,1,0,1,test,0.0880470722913742,0.9119529128074646
19398,1,1,1,1,test,0.0004950378206558526,0.9995049238204956
19399,1,1,1,1,test,0.0007599732489325106,0.9992400407791138
19459,1,1,1,1,test,0.01671510748565197,0.9832848906517029
19473,1,1,1,1,test,0.010466878302395344,0.9895331263542175
19525,0,0,0,0,test,0.6861525774002075,0.3138474225997925
19632,1,1,1,1,test,0.029581021517515182,0.9704189300537109
19657,1,1,1,1,test,0.05534885823726654,0.9446511268615723
19745,1,1,1,1,test,0.12571623921394348,0.8742837905883789
19768,1,1,1,1,test,0.0015311429742723703,0.998468816280365
19796,1,1,1,1,test,0.0008392556337639689,0.9991607666015625
20169,1,1,1,1,test,0.0008008155273273587,0.9991992115974426
20264,0,1,0,1,test,0.07039054483175278,0.929609477519989
20363,1,1,1,1,test,0.0018172069685533643,0.9981827735900879
20364,1,1,1,1,test,0.0006225235993042588,0.9993775486946106
20366,1,1,1,1,test,0.0007108139107003808,0.9992891550064087
20390,1,0,1,0,test,0.9826276898384094,0.017372269183397293
20399,1,1,1,1,test,0.04679013043642044,0.9532098770141602
20579,1,1,1,1,test,0.0004424723156262189,0.9995575547218323
20645,1,1,1,1,test,0.00043129565892741084,0.9995686411857605
20647,1,1,1,1,test,0.0004788029473274946,0.9995212554931641
20674,1,1,1,1,test,0.0009842975996434689,0.9990156888961792
20948,1,1,1,1,test,0.0007849882822483778,0.9992150068283081
20960,1,1,1,1,test,0.00043020161683671176,0.999569833278656
20999,1,0,1,0,test,0.9918968081474304,0.008103221654891968
21065,1,0,1,0,test,0.8335890769958496,0.1664108783006668
21136,1,1,1,1,test,0.01489757839590311,0.9851024150848389
21256,0,1,0,1,test,0.0190139077603817,0.9809860587120056
21285,1,1,1,1,test,0.0026939220260828733,0.9973061084747314
21397,1,1,1,1,test,0.06720006465911865,0.9327999353408813
21413,1,1,1,1,test,0.0019419110612943769,0.998058021068573
21415,1,1,1,1,test,0.0008496058289892972,0.9991503953933716
21503,1,1,1,1,test,0.0004056600446347147,0.9995943903923035
21528,0,1,0,1,test,0.009598186239600182,0.9904018044471741
21569,1,1,1,1,test,0.003727544331923127,0.9962724447250366
21606,1,1,1,1,test,0.039538800716400146,0.9604612588882446
21617,1,1,1,1,test,0.0017843141686171293,0.9982156753540039
21774,1,1,1,1,test,0.001080043031834066,0.9989199638366699
21808,1,1,1,1,test,0.0005657780566252768,0.9994341731071472
21819,1,1,1,1,test,0.0004108810389880091,0.9995891451835632
21890,1,1,1,1,test,0.003404612885788083,0.9965953230857849
22142,1,1,1,1,test,0.0006978418678045273,0.9993021488189697
22143,1,1,1,1,test,0.0014562549768015742,0.9985437393188477
22232,1,1,1,1,test,0.0016088109696283937,0.9983912110328674
22234,1,1,1,1,test,0.012418883852660656,0.9875811338424683
22263,1,0,1,0,test,0.7352147698402405,0.26478517055511475
22326,1,1,1,1,test,0.0004379643069114536,0.9995619654655457
22347,1,1,1,1,test,0.0031912648119032383,0.9968087077140808
22388,1,1,1,1,test,0.0008978773257695138,0.9991021156311035
22403,1,1,1,1,test,0.004608798306435347,0.9953912496566772
22409,1,1,1,1,test,0.0007091816514730453,0.9992908239364624
22465,1,1,1,1,test,0.0018460765713825822,0.9981538653373718
22895,1,1,1,1,test,0.01035119779407978,0.9896488189697266
22964,1,0,1,0,test,0.9919902682304382,0.00800967775285244
22995,1,1,1,1,test,0.0005483945133164525,0.9994515776634216
23003,1,1,1,1,test,0.0028301735874265432,0.9971697926521301
23054,1,0,1,0,test,0.5182353258132935,0.48176461458206177
23063,0,0,0,0,test,0.586309015750885,0.413690984249115
23098,1,1,1,1,test,0.028813673183321953,0.9711862802505493
23211,1,1,1,1,test,0.0004875240265391767,0.9995124340057373
23320,1,1,1,1,test,0.04109231010079384,0.9589077234268188
23451,1,1,1,1,test,0.0019256117520853877,0.9980744123458862
23605,1,1,1,1,test,0.03978641703724861,0.9602135419845581
23752,1,1,1,1,test,0.0008970393100753427,0.9991029500961304
23959,1,1,1,1,test,0.0016821265453472733,0.9983179569244385
24077,1,1,1,1,test,0.0008569271885789931,0.9991430044174194
24079,1,1,1,1,test,0.0004962148959748447,0.9995037317276001
24091,1,1,1,1,test,0.0007433606078848243,0.9992566704750061
24092,1,1,1,1,test,0.00040700702811591327,0.9995929598808289
24367,1,1,1,1,test,0.0038884568493813276,0.9961115717887878
24416,1,1,1,1,test,0.18402965366840363,0.8159703612327576
24489,0,1,0,1,test,0.3456568121910095,0.6543431878089905
24598,1,1,1,1,test,0.0005263889906927943,0.9994736313819885
24650,1,1,1,1,test,0.0006308411248028278,0.999369204044342
24860,1,1,1,1,test,0.0007739661959931254,0.9992259740829468
24937,1,1,1,1,test,0.0018105520866811275,0.998189389705658
24948,1,1,1,1,test,0.05836578086018562,0.9416342377662659
24949,1,1,1,1,test,0.0005834444891661406,0.9994165897369385
24957,1,1,1,1,test,0.0011711199767887592,0.9988288283348083
25034,1,1,1,1,test,0.001607189537025988,0.9983927607536316
25045,1,1,1,1,test,0.007762527093291283,0.9922375082969666
25046,1,1,1,1,test,0.006073882803320885,0.9939261078834534
25047,1,1,1,1,test,0.0037703895941376686,0.9962295889854431
25106,1,1,1,1,test,0.04205937683582306,0.9579406976699829
25107,1,1,1,1,test,0.0074695926159620285,0.9925304055213928
25130,1,1,1,1,test,0.0006249460275284946,0.99937504529953
25195,1,1,1,1,test,0.0027428611647337675,0.9972571730613708
25279,1,1,1,1,test,0.26805606484413147,0.7319439053535461
25285,1,1,1,1,test,0.0005552324582822621,0.9994447827339172
25641,1,1,1,1,test,0.0018480652943253517,0.998151957988739
25702,0,1,0,1,test,0.274020791053772,0.725979208946228
25812,1,1,1,1,test,0.3386811912059784,0.6613187789916992
25817,1,0,1,0,test,0.974557638168335,0.025442365556955338
25820,1,1,1,1,test,0.0025260986294597387,0.9974738955497742
25823,1,1,1,1,test,0.0006340303225442767,0.9993659853935242
25843,1,1,1,1,test,0.0025262453127652407,0.9974737763404846
25904,1,1,1,1,test,0.0020489213056862354,0.997951090335846
25986,1,1,1,1,test,0.0003870480868499726,0.9996129870414734
26155,1,1,1,1,test,0.0016838216688483953,0.9983161687850952
26173,1,1,1,1,test,0.0007041804492473602,0.9992958307266235
26291,1,1,1,1,test,0.001918187364935875,0.9980818033218384
26294,1,1,1,1,test,0.0005531900096684694,0.9994468092918396
26304,1,1,1,1,test,0.0024722751695662737,0.9975277781486511
26350,1,1,1,1,test,0.010557211935520172,0.9894428253173828
26369,1,1,1,1,test,0.0027552288956940174,0.9972448348999023
26444,1,1,1,1,test,0.001939089735969901,0.9980608820915222
26534,1,1,1,1,test,0.00044842352508567274,0.9995515942573547
26544,1,1,1,1,test,0.0005380610236898065,0.9994619488716125
26545,1,1,1,1,test,0.0003934731939807534,0.9996065497398376
26548,1,1,1,1,test,0.002733970992267132,0.9972660541534424
26551,1,1,1,1,test,0.0004543258692137897,0.9995456337928772
26552,1,1,1,1,test,0.00043709060992114246,0.9995629191398621
26645,1,1,1,1,test,0.0017750231781974435,0.9982250332832336
26661,1,1,1,1,test,0.005594045389443636,0.99440598487854
26680,1,1,1,1,test,0.0020067300647497177,0.9979932308197021
26681,1,1,1,1,test,0.0017775233136489987,0.9982225298881531
26752,1,1,1,1,test,0.002270593075081706,0.997729480266571
26939,1,1,1,1,test,0.05859749764204025,0.9414024949073792
26943,1,1,1,1,test,0.004315962083637714,0.995684027671814
26945,1,1,1,1,test,0.004791229963302612,0.9952087998390198
26954,1,1,1,1,test,0.02574373409152031,0.9742563366889954
26965,1,1,1,1,test,0.0014652209356427193,0.9985347986221313
26976,0,0,0,0,test,0.5044430494308472,0.4955570101737976
26977,1,1,1,1,test,0.0054870182648301125,0.9945130348205566
26995,1,1,1,1,test,0.00047862838255241513,0.9995213747024536
27050,1,1,1,1,test,0.000399529846617952,0.9996004700660706
27052,1,1,1,1,test,0.019467409700155258,0.9805325269699097
27056,1,1,1,1,test,0.002087473403662443,0.9979124665260315
27078,1,1,1,1,test,0.006967918481677771,0.9930320978164673
27111,1,1,1,1,test,0.0035021386574953794,0.9964978694915771
27381,1,1,1,1,test,0.0005065685254521668,0.9994933605194092
27382,1,1,1,1,test,0.0005081758718006313,0.999491810798645
27572,1,1,1,1,test,0.00808390136808157,0.9919161200523376
27585,0,0,0,0,test,0.9921486377716064,0.007851345464587212
27607,1,0,1,0,test,0.9743252396583557,0.025674713775515556
27636,1,1,1,1,test,0.00895495992153883,0.9910451173782349
27706,1,1,1,1,test,0.0005406380514614284,0.9994593262672424
27798,1,1,1,1,test,0.0009792470373213291,0.9990206956863403
27806,1,0,1,0,test,0.9412815570831299,0.058718468993902206
27856,1,1,1,1,test,0.0018466883338987827,0.9981532692909241
27859,1,1,1,1,test,0.001651990576647222,0.9983479976654053
27861,1,1,1,1,test,0.0016481017228215933,0.9983519315719604
28192,1,1,1,1,test,0.0006878485437482595,0.999312162399292
28204,1,1,1,1,test,0.0019153356552124023,0.9980846643447876
28216,1,1,1,1,test,0.0006185757229104638,0.999381422996521
28225,0,1,0,1,test,0.0008506158483214676,0.9991493225097656
28271,1,1,1,1,test,0.0020363787189126015,0.9979636669158936
28362,1,1,1,1,test,0.0003901163872797042,0.9996098875999451
28405,1,1,1,1,test,0.005993855185806751,0.9940061569213867
28406,1,1,1,1,test,0.02862505614757538,0.9713748693466187
28407,1,1,1,1,test,0.012314054183661938,0.9876859188079834
28451,1,1,1,1,test,0.008718956261873245,0.9912810921669006
28461,1,1,1,1,test,0.0016369700897485018,0.9983630776405334
28532,1,0,1,0,test,0.5409455895423889,0.4590543806552887
28592,1,1,1,1,test,0.0017828707350417972,0.9982170462608337
28600,1,1,1,1,test,0.0006318516680039465,0.9993681311607361
28714,1,1,1,1,test,0.0017207961063832045,0.9982792139053345
28836,1,1,1,1,test,0.00045150640653446317,0.9995484948158264
28851,1,1,1,1,test,0.0007730234647169709,0.9992269277572632
28852,1,1,1,1,test,0.0012849920894950628,0.9987150430679321
28854,1,1,1,1,test,0.0015454523963853717,0.9984545707702637
28891,1,1,1,1,test,0.002063288353383541,0.9979367256164551
28964,1,0,1,0,test,0.9581120014190674,0.04188798740506172
28982,1,1,1,1,test,0.0005585941835306585,0.9994414448738098
29031,1,1,1,1,test,0.000499142159242183,0.9995008707046509
29032,1,1,1,1,test,0.0005266841617412865,0.9994733929634094
29108,1,1,1,1,test,0.0004948647692799568,0.9995051622390747
29127,1,0,1,0,test,0.9903169870376587,0.009683025069534779
29130,1,1,1,1,test,0.03851161524653435,0.9614883661270142
29169,0,0,0,0,test,0.9947962164878845,0.005203823558986187
29193,1,1,1,1,test,0.0008404171094298363,0.999159574508667
29368,1,1,1,1,test,0.007776403333991766,0.9922236204147339
29623,1,1,1,1,test,0.0021350851748138666,0.9978649020195007
29624,1,1,1,1,test,0.0015024178428575397,0.9984976053237915
29625,1,1,1,1,test,0.0014948543393984437,0.9985051155090332
29626,1,1,1,1,test,0.002522996859624982,0.9974769949913025
29627,1,1,1,1,test,0.0017183504533022642,0.998281717300415
29667,1,1,1,1,test,0.001471949741244316,0.998528003692627
29690,1,1,1,1,test,0.0020963428542017937,0.9979037046432495
29734,1,1,1,1,test,0.0005119371926411986,0.9994879961013794
29735,1,1,1,1,test,0.0005105169839225709,0.999489426612854
29736,1,1,1,1,test,0.0014927882002666593,0.9985072016716003
29737,1,1,1,1,test,0.0004044587549287826,0.999595582485199
29738,1,1,1,1,test,0.0011390771251171827,0.9988609552383423
29739,1,1,1,1,test,0.00044125397107563913,0.9995587468147278
29740,1,1,1,1,test,0.00043842929881066084,0.999561607837677
29755,1,1,1,1,test,0.0004933237214572728,0.9995067119598389
29791,1,1,1,1,test,0.0008915747166611254,0.9991083741188049
29863,1,1,1,1,test,0.0004769166698679328,0.9995230436325073
30040,1,1,1,1,test,0.0014792708680033684,0.9985207915306091
30112,1,1,1,1,test,0.0009890079963952303,0.9990109205245972
30214,1,1,1,1,test,0.00044456636533141136,0.9995554089546204
30219,1,1,1,1,test,0.0014933390775695443,0.9985066056251526
30220,1,1,1,1,test,0.0008756224415265024,0.9991243481636047
30267,1,1,1,1,test,0.001251581939868629,0.9987484216690063
30345,1,1,1,1,test,0.003298094728961587,0.9967018961906433
30443,1,1,1,1,test,0.0019360663136467338,0.9980639815330505
30657,1,1,1,1,test,0.0012448444031178951,0.9987550973892212
31242,1,1,1,1,test,0.0015331548638641834,0.9984667897224426
31457,1,1,1,1,test,0.0014029918238520622,0.9985969662666321
31497,1,1,1,1,test,0.17072634398937225,0.8292736411094666
31588,1,1,1,1,test,0.001263688667677343,0.9987363219261169
31615,1,1,1,1,test,0.00047956276102922857,0.9995204210281372
31616,1,1,1,1,test,0.0009139029425568879,0.9990861415863037
31617,1,1,1,1,test,0.0018772314069792628,0.9981227517127991
31737,1,1,1,1,test,0.07597239315509796,0.9240275621414185
31779,1,1,1,1,test,0.0005099192494526505,0.9994900226593018
31827,0,0,0,0,test,0.9919912219047546,0.008008841425180435
31831,0,0,0,0,test,0.9902964234352112,0.009703590534627438
31833,0,0,0,0,test,0.508457601070404,0.49154236912727356
31835,0,0,0,0,test,0.6804888844490051,0.31951120495796204
31859,1,0,1,0,test,0.909668505191803,0.09033150970935822
31861,1,1,1,1,test,0.1771373152732849,0.8228626847267151
31862,1,1,1,1,test,0.15795567631721497,0.8420442938804626
31863,0,1,0,1,test,0.27859601378440857,0.721403956413269
31864,1,1,1,1,test,0.1788804829120636,0.8211195468902588
31872,1,1,1,1,test,0.04511195048689842,0.9548879861831665
31874,1,1,1,1,test,0.02293863333761692,0.9770613312721252
31879,0,0,0,0,test,0.991898775100708,0.0081012062728405
31911,0,0,0,0,test,0.7883250117301941,0.2116749882698059
31916,0,1,0,1,test,0.42244285345077515,0.5775571465492249
31933,1,1,1,1,test,0.0014141956344246864,0.9985858201980591
31934,1,1,1,1,test,0.005177197512239218,0.9948228597640991
31936,1,1,1,1,test,0.2680014371871948,0.7319985032081604
31944,0,0,0,0,test,0.980582058429718,0.019417883828282356
31945,1,0,1,0,test,0.9081907272338867,0.09180927276611328
31948,1,0,1,0,test,0.9934036135673523,0.006596446502953768
31952,1,1,1,1,test,0.0005201029707677662,0.9994799494743347
31964,1,1,1,1,test,0.23857909440994263,0.7614209651947021
31973,1,0,1,0,test,0.9875918626785278,0.012408139184117317
31974,1,1,1,1,test,0.2547627389431,0.7452372312545776
31984,0,0,0,0,test,0.9917975664138794,0.008202451281249523
31986,1,1,1,1,test,0.05495237186551094,0.9450476765632629
32003,1,0,1,0,test,0.9089351296424866,0.09106482565402985
32007,1,1,1,1,test,0.0043184468522667885,0.9956815242767334
32012,1,1,1,1,test,0.0013559703947976232,0.9986440539360046
32019,1,1,1,1,test,0.1818210780620575,0.8181788921356201
32020,1,0,1,0,test,0.9801045656204224,0.019895503297448158
32042,1,1,1,1,test,0.47015702724456787,0.5298429131507874
32054,1,1,1,1,test,0.12908795475959778,0.8709120154380798
32056,1,1,1,1,test,0.0014679576270282269,0.9985320568084717
32064,0,0,0,0,test,0.9910606741905212,0.008939302526414394
32065,1,0,1,0,test,0.973724901676178,0.02627504989504814
32075,0,0,0,0,test,0.9868626594543457,0.013137353584170341
32087,1,1,1,1,test,0.06924426555633545,0.9307557344436646
32093,1,1,1,1,test,0.06713200360536575,0.9328679442405701
32095,1,1,1,1,test,0.0004177868249826133,0.9995822310447693
32105,1,0,1,0,test,0.9914140701293945,0.008585911244153976
32113,0,0,0,0,test,0.9899978041648865,0.01000220887362957
32119,1,0,1,0,test,0.9929419755935669,0.0070580956526100636
32121,1,0,1,0,test,0.9931135773658752,0.006886458024382591
32133,1,0,1,0,test,0.6785678267478943,0.3214322030544281
32136,1,1,1,1,test,0.10634909570217133,0.8936508893966675
32140,1,1,1,1,test,0.11453627049922943,0.8854637145996094
32153,1,1,1,1,test,0.2498229444026947,0.7501770257949829
32158,1,0,1,0,test,0.9891040325164795,0.010896004736423492
32168,1,1,1,1,test,0.25230684876441956,0.7476930618286133
32184,1,1,1,1,test,0.06872373819351196,0.931276261806488
32186,1,1,1,1,test,0.003560627344995737,0.9964393973350525
32189,0,0,0,0,test,0.9770991206169128,0.022900892421603203
32190,0,1,0,1,test,0.22387640178203583,0.7761236429214478
32193,0,0,0,0,test,0.9803527593612671,0.01964724063873291
32197,0,1,0,1,test,0.12295211106538773,0.8770478963851929
32202,1,1,1,1,test,0.005517493933439255,0.9944825172424316
32210,1,1,1,1,test,0.27363529801368713,0.7263647317886353
32226,1,1,1,1,test,0.00078001176007092,0.9992200136184692
32228,0,0,0,0,test,0.9871888756752014,0.012811164371669292
32230,1,0,1,0,test,0.9776729345321655,0.022327028214931488
32244,0,1,0,1,test,0.0373125858604908,0.9626874327659607
32245,1,1,1,1,test,0.0006202518125064671,0.9993797540664673
32250,1,1,1,1,test,0.014315206557512283,0.9856847524642944
32261,0,0,0,0,test,0.9858506321907043,0.01414936687797308
32262,1,0,1,0,test,0.9950000047683716,0.00500000175088644
32270,1,1,1,1,test,0.22599875926971436,0.7740013003349304
32276,1,1,1,1,test,0.12185100466012955,0.8781490325927734
32277,1,1,1,1,test,0.09123867005109787,0.9087613821029663
32280,1,1,1,1,test,0.0904240608215332,0.9095759391784668
32281,1,1,1,1,test,0.17345786094665527,0.8265420794487
32290,1,0,1,0,test,0.5986355543136597,0.4013645052909851
32291,1,1,1,1,test,0.05171588808298111,0.9482840299606323
32292,1,1,1,1,test,0.4595293402671814,0.5404706597328186
32293,1,1,1,1,test,0.30231189727783203,0.697688102722168
32294,1,0,1,0,test,0.5389678478240967,0.4610321819782257
32295,0,0,0,0,test,0.979486346244812,0.020513642579317093
32297,1,1,1,1,test,0.310666561126709,0.6893334984779358
32304,0,0,0,0,test,0.5292589068412781,0.47074103355407715
32306,0,0,0,0,test,0.9928737878799438,0.007126170210540295
32309,1,0,1,0,test,0.9644951820373535,0.0355047844350338
32313,1,1,1,1,test,0.0004881883505731821,0.9995118379592896
32319,0,0,0,0,test,0.5591427683830261,0.4408571720123291
32320,1,0,1,0,test,0.5650001168251038,0.43499982357025146
32327,0,0,0,0,test,0.9228109121322632,0.07718900591135025
32334,1,1,1,1,test,0.31405553221702576,0.6859444379806519
32337,0,0,0,0,test,0.9934172630310059,0.006582689005881548
32369,0,0,0,0,test,0.9412566423416138,0.05874340608716011
32389,1,1,1,1,test,0.09638505429029465,0.9036149382591248
32570,1,1,1,1,test,0.0048462096601724625,0.9951537847518921
32648,1,1,1,1,test,0.0008132728398777544,0.9991866946220398
32763,1,1,1,1,test,0.3936004936695099,0.6063994765281677
