award_id,y_true,y_pred,y_true_label,y_pred_label,score_explicit_mmr,score_implicit_mmr,score_multi_method_not_mmr,score_no_method_signal,score_qual_only,score_quant_only
1503196,1,1,implicit_mmr,implicit_mmr,0.12190059674805251,0.7073809270327308,0.11557579492291883,0.0036911998579425643,0.0174340472030148,0.03401743423534046
1614745,0,1,explicit_mmr,implicit_mmr,0.03563955598831049,0.4591441182626509,0.2987782715176003,0.0025661284904360945,0.11255632899761664,0.0913155967433856
1615207,0,1,explicit_mmr,implicit_mmr,0.015471989942114895,0.6499657408415949,0.06690205364050447,0.0036735590558481315,0.15715764960050263,0.10682900691943505
1652825,0,1,explicit_mmr,implicit_mmr,0.329778051369816,0.3459501821352306,0.000274002473946626,0.14034972455297026,0.1819541584949364,0.0016938809731002057
1664271,1,4,implicit_mmr,qual_only,0.04016254926904983,0.05813697156470159,0.05680137024744535,0.001460151363954608,0.8427919931253413,0.0006469644295073239
1664274,1,4,implicit_mmr,qual_only,0.018879129721332016,0.011977151331461619,0.001768819776744735,0.0005995046868983869,0.9666375936187733,0.0001378008647897776
1719872,1,0,implicit_mmr,explicit_mmr,0.8240258402616429,0.09098316566419741,0.03317507400806705,0.009522136792636212,0.01023949315357994,0.032054290119876566
1720838,1,0,implicit_mmr,explicit_mmr,0.6211762535997744,0.11942921599625385,0.02610193633133077,0.15072273498864347,0.026707418775869223,0.055862440308128376
1721054,1,0,implicit_mmr,explicit_mmr,0.8021210659480889,0.024255434344066122,0.0176212768005433,0.02235462668132225,0.13188561927641126,0.0017619769495683826
1723884,0,1,explicit_mmr,implicit_mmr,0.018981783368707653,0.6402713401715022,0.04750510791193635,0.006168927704467764,0.09060817734926155,0.19646466349412448
1751314,4,0,qual_only,explicit_mmr,0.33166425055667703,0.32919092137915856,0.026934474259308044,0.0053763393490209475,0.2875204570079641,0.01931355744787152
1826354,0,0,explicit_mmr,explicit_mmr,0.7769980579321252,0.006211333818917839,0.03395439282329127,0.1394938777446714,0.03879964490519051,0.00454269277580388
1906172,0,0,explicit_mmr,explicit_mmr,0.8799682755845888,0.009937398234332834,0.01274452613677371,0.03087263910209131,0.04852847634878656,0.01794868459342673
1908481,1,1,implicit_mmr,implicit_mmr,0.195821628094105,0.4680659801811273,0.0035757623015511848,0.010834081837141197,0.308672881839376,0.013029665746699165
1914647,4,4,qual_only,qual_only,0.3255361557987683,0.007816634033418259,0.1067958735209083,0.04430975018140566,0.5151910130251668,0.0003505734403326299
1914735,4,4,qual_only,qual_only,0.2224071085645419,0.010447293444077839,0.15144479414306058,0.014969642946834491,0.6002923325676344,0.0004388283338507415
1918847,1,0,implicit_mmr,explicit_mmr,0.5649013068627466,0.07792987902702464,0.002396565374529294,0.0031711527392204284,0.32292840174554316,0.028672694250935816
1920753,2,1,multi_method_not_mmr,implicit_mmr,0.21570193301336898,0.6239858290176278,0.04988823783761929,0.0018865054013050477,0.09413190388927299,0.01440559084080599
1925188,2,3,multi_method_not_mmr,no_method_signal,0.3137527954253915,0.029177224870494182,0.0052809674905671105,0.6272390129750475,0.02446528711845874,8.471212004104106e-05
1929409,0,0,explicit_mmr,explicit_mmr,0.6518005476218982,0.0365774455486301,0.0015052542545712364,0.2626251988752156,0.001581053441597749,0.04591050025808713
1930026,0,0,explicit_mmr,explicit_mmr,0.43084796826562194,0.09014304581718564,0.005260950382653105,0.38285591600093155,0.031229167921236922,0.059662951612370806
1930076,0,1,explicit_mmr,implicit_mmr,0.08339342915899568,0.4735481966534425,0.16824815228438023,0.12730472519735117,0.026676028301820393,0.12082946840401008
1930132,0,1,explicit_mmr,implicit_mmr,0.07518351641342254,0.3759574635160727,0.2787460595137324,0.10815668481695616,0.06427622850752905,0.0976800472322872
1930341,0,0,explicit_mmr,explicit_mmr,0.28116946083086164,0.14160028990530424,0.04884545802541787,0.18815494348350328,0.06827672651444762,0.2719531212404653
1930373,0,0,explicit_mmr,explicit_mmr,0.47478744651632704,0.025842140790789062,0.006278741645659111,0.21761125666029113,0.200073183527317,0.07540723085961674
1930419,0,0,explicit_mmr,explicit_mmr,0.7050098282540468,0.019590152530106784,0.0021427110364060946,0.11174120438252112,0.14199785838752674,0.01951824540939254
1930492,0,5,explicit_mmr,quant_only,0.3622102218198708,0.011813933051191735,0.09388115657711482,0.0014372891448324228,0.00740092549664934,0.5232564739103409
1930497,1,5,implicit_mmr,quant_only,0.13077433286094253,0.0711811359637447,0.01686159963906351,0.010719538420001189,0.014008635570436067,0.756454757545812
1930502,2,0,multi_method_not_mmr,explicit_mmr,0.6025535049480444,0.10176098944238478,0.009165058462143525,0.09955851701957005,0.14119205026242662,0.0457698798654307
1930539,1,0,implicit_mmr,explicit_mmr,0.48880223097674996,0.17738352122487164,0.05503522152626639,0.09993525295097612,0.09357620329841465,0.08526757002272115
1930553,0,0,explicit_mmr,explicit_mmr,0.5980310516613374,0.010548964749616458,0.01875683088988641,0.19637314957029806,0.06824029766851786,0.10804970546034377
1933277,3,3,no_method_signal,no_method_signal,0.011951816811564389,0.02352807043780169,0.013475373762109423,0.874358472804122,0.0039388384820070186,0.07274742770239537
1933717,0,0,explicit_mmr,explicit_mmr,0.43970722545651275,0.10841903214573408,0.06698486732270431,0.009893488131667455,0.014784042464539739,0.3602113444788418
1934126,0,0,explicit_mmr,explicit_mmr,0.6599370458869436,0.16936145627417423,0.14598554950958378,0.012414343168480897,0.00924301055080151,0.003058594610015888
1936070,1,1,implicit_mmr,implicit_mmr,0.21295921313130098,0.6478340820863386,0.030536645445966997,0.03673761851340654,0.008117152249859117,0.0638152885731276
1937391,0,0,explicit_mmr,explicit_mmr,0.4060800730642357,0.07908750472160886,0.3632414797383499,0.008197449162374042,0.07241984294347863,0.07097365036995268
1937490,0,0,explicit_mmr,explicit_mmr,0.5159911768654079,0.06026389107655051,0.13548500744561448,0.056977269407883356,0.07361348521734314,0.15766916998720054
1937587,0,0,explicit_mmr,explicit_mmr,0.8476705307640162,0.024173462692452317,0.025905517698666006,0.0065314217900570536,0.09063832642209224,0.005080740632716176
1937687,0,2,explicit_mmr,multi_method_not_mmr,0.39272351289511104,0.025039218463858034,0.4362402296583308,0.012692372972046447,0.11992215060361043,0.013382515407043225
1939038,2,2,multi_method_not_mmr,multi_method_not_mmr,0.00464660292389739,0.014330172580600415,0.9499517757037832,0.00942323972660921,0.009628771318448255,0.012019437746661397
1941642,4,1,qual_only,implicit_mmr,0.29388123699261776,0.4188527871967888,0.11104937919866258,0.0528430288063839,0.008003056543262652,0.11537051126228416
1941668,1,4,implicit_mmr,qual_only,0.15491173678569076,0.09607239993741687,0.027076401207579096,0.053246039267483905,0.36519108531048594,0.3035023374913435
1941952,1,0,implicit_mmr,explicit_mmr,0.3732958742191,0.16139921177148,0.07306870503058807,0.018154521300989757,0.36448008223491246,0.009601605442929727
1943146,0,0,explicit_mmr,explicit_mmr,0.5780713643361842,0.12382169263038251,0.00039203362035349234,0.0018519709885425615,0.006960036544978926,0.28890290187955825
1943285,0,0,explicit_mmr,explicit_mmr,0.6836369746157451,0.17132353235853973,0.0036127218209412097,0.02645467842812984,0.09853504100080464,0.016437051775839363
1943541,0,0,explicit_mmr,explicit_mmr,0.7110087639873615,0.07194880955587904,0.0018368799340793753,0.02662093460591162,0.06618498625110784,0.12239962566566064
1943934,4,5,qual_only,quant_only,0.0426493955659139,0.12732980600146412,0.12598495361906384,0.036755592365773054,0.23486414176024825,0.4324161106875369
1944807,4,1,qual_only,implicit_mmr,0.4188392414515495,0.44231616844020294,0.005322528909197615,0.004914639005751951,0.12579766964659797,0.0028097525466999783
1945961,0,1,explicit_mmr,implicit_mmr,0.3691146075017409,0.49034796946491105,0.028105156499695017,0.026935636237601146,0.07499721484821904,0.01049941544783284
1945963,0,1,explicit_mmr,implicit_mmr,0.22224483019194932,0.4966393618809584,0.01901371555856795,0.048136497703394,0.1827818631083469,0.03118373155678342
1946553,3,0,no_method_signal,explicit_mmr,0.42940533248162505,0.01980682261182957,0.00022041889911768127,0.14135182694982515,0.19006686335943307,0.2191487356981694
1948981,4,0,qual_only,explicit_mmr,0.755591317937038,0.0384912560870468,0.0896917867060927,0.10752327355604668,0.00607270406849358,0.002629661645282218
1949241,1,0,implicit_mmr,explicit_mmr,0.41300906670870047,0.15229894987313267,0.24283308370128184,0.10928272507619781,0.02738968343071883,0.05518649120996848
1949454,0,0,explicit_mmr,explicit_mmr,0.7787380732287364,0.19941107494471605,0.0009161920569248545,0.0065935511413372705,0.01042667494242981,0.003914433685855506
1949585,0,3,explicit_mmr,no_method_signal,0.03665717706206163,0.00832410884890405,0.15451007979724318,0.7288786543094536,0.06845664988753183,0.0031733300948055595
1949586,0,0,explicit_mmr,explicit_mmr,0.8604443281703502,0.014386445882505476,0.07293070976168421,0.009327378758735209,0.03667567025812487,0.006235467168600025
1949718,2,3,multi_method_not_mmr,no_method_signal,0.006095615750113658,0.022600278023732535,0.036937547354976646,0.889126829276515,0.025395660481760028,0.019844069112902048
1949848,1,0,implicit_mmr,explicit_mmr,0.5741763535287974,0.12857811641718786,0.03977810902397894,0.08274603586313198,0.06610235255238248,0.1086190326145214
1949990,2,3,multi_method_not_mmr,no_method_signal,0.017382936210193704,0.07884432430608794,0.002432575691605485,0.870513321604106,0.028761213768776734,0.002065628419230174
1950064,0,0,explicit_mmr,explicit_mmr,0.4982185339390716,0.27237221370074965,0.0025058102102068396,0.026372552936474447,0.034576826033042005,0.16595406318045544
1950304,5,3,quant_only,no_method_signal,0.017062197088818454,0.0013139749489728598,0.0014612557824989463,0.9623875581882573,0.01639280691097875,0.0013822070804737196
1950340,2,0,multi_method_not_mmr,explicit_mmr,0.456058005832065,0.12193875318049241,0.10984240193866932,0.173641503525026,0.03208835040835159,0.10643098511539584
1950351,5,0,quant_only,explicit_mmr,0.9093672599081568,0.0004973235268407993,0.013806967181073689,0.050303139009143835,0.013824006180590426,0.012201304194194377
1950645,3,5,no_method_signal,quant_only,0.03355695212690233,0.0327776546190137,0.19895452084312049,0.20265873202121396,0.05196831747066682,0.4800838229190828
1953561,0,0,explicit_mmr,explicit_mmr,0.7963436177648284,0.049500419906105146,0.02596619514401062,0.029520375631051775,0.015928590157257533,0.08274080139674658
1953640,0,0,explicit_mmr,explicit_mmr,0.3037876418252094,0.20932207405922654,0.11718216394981049,0.27520183928946446,0.06789757406004251,0.026608706816246625
1953752,0,0,explicit_mmr,explicit_mmr,0.8116004990302351,0.024945752827336663,0.007698809753731165,0.042316393506182465,0.03510304120627463,0.07833550367623981
1953762,0,5,explicit_mmr,quant_only,0.21191960296640575,0.08032992522568065,0.0389561715690463,0.2756879850234814,0.05952494246720604,0.33358137274817984
1955792,0,0,explicit_mmr,explicit_mmr,0.7192465941844682,0.04541415373607829,0.004916318129348083,0.03413454970668634,0.0928581795221285,0.10343020472129039
1955896,4,3,qual_only,no_method_signal,0.19990232334773433,0.2144104129270715,0.0007192766640697971,0.5466411420056488,0.020736039731114965,0.017590805324360595
2000091,3,2,no_method_signal,multi_method_not_mmr,0.07132652664952953,0.02189740444000949,0.6232520772228138,0.20439860192410025,0.029207393822489935,0.049917995941057
2000183,5,3,quant_only,no_method_signal,0.006023496819433222,0.0008931787183397103,0.10850058620464602,0.5823491862767161,0.00028826681188822984,0.30194528516897684
2000292,1,0,implicit_mmr,explicit_mmr,0.440397883699988,0.06719371137502034,0.17389401610234423,0.0019402144155555095,0.0023841357150218984,0.31419003869207013
2000442,2,3,multi_method_not_mmr,no_method_signal,0.1729032383355589,0.17653820305079768,0.09473594006060099,0.3509774900439453,0.02949129526974486,0.17535383323935227
2000487,2,1,multi_method_not_mmr,implicit_mmr,0.05415072501867539,0.47826204470545697,0.2166293014094072,0.00258751354157645,0.1897358700623223,0.05863454526256181
2000535,5,1,quant_only,implicit_mmr,0.23462492955609215,0.5416692297276895,0.02762426759391211,0.10167386292371185,0.023009463283688063,0.07139824691490633
2000573,5,3,quant_only,no_method_signal,0.24349204437273533,0.0738564929494485,0.025917775493057366,0.4439810294562822,0.00586466871312446,0.2068879890153521
2000583,0,0,explicit_mmr,explicit_mmr,0.8821721467800816,0.07787297748174454,0.014482867929329893,0.001852377692371074,0.020073700330758306,0.0035459297857146632
2000725,2,3,multi_method_not_mmr,no_method_signal,0.014383456452135778,0.025704788232271254,0.06139350600006151,0.8850037870225005,0.0011956037667022331,0.012318858526328878
2000730,0,0,explicit_mmr,explicit_mmr,0.8850423732060528,0.09059066509131175,0.007024272662996232,0.003994028447141981,0.008718469356943228,0.004630191235554001
2000750,0,0,explicit_mmr,explicit_mmr,0.6511689873506656,0.2104235189306049,0.004295524557834777,0.09852361773794939,0.011268372432338821,0.024319978990606398
2000779,0,0,explicit_mmr,explicit_mmr,0.5055593334536661,0.40856645315913026,0.0012975073466921705,0.039292372478020934,0.03909342860086131,0.006190904961629285
2000786,3,5,no_method_signal,quant_only,0.0028946829148823257,0.00858590469923303,0.003193320789534577,0.002904148511323123,0.0003100928932152189,0.9821118501918117
2000799,0,0,explicit_mmr,explicit_mmr,0.864675460217368,0.10779264698885302,0.004272450305993944,0.0019904014006185138,0.01918593222763277,0.0020831088595337868
2000847,0,0,explicit_mmr,explicit_mmr,0.42563144834221267,0.3090500785765238,0.18828100262153094,0.004454287552472406,0.0620539592879645,0.010529223619295805
2000866,2,3,multi_method_not_mmr,no_method_signal,0.021740788884663163,0.035789760892035824,0.003920690009297094,0.9056770323711189,0.007637951243539875,0.02523377659934522
2000887,5,3,quant_only,no_method_signal,0.02284594107864278,0.0295145488279714,0.028064822491138515,0.8407786659570174,0.0033355943790572655,0.07546042726617248
2000888,0,0,explicit_mmr,explicit_mmr,0.4495272698848804,0.4340132928324173,0.003789666559776146,0.040743916845255114,0.04725362907976987,0.024672224797901276
2003126,0,1,explicit_mmr,implicit_mmr,0.22541175230548344,0.6215952747027026,0.0063145399452940254,0.0037473324226456523,0.043768341133014275,0.09916275949085984
2004898,0,0,explicit_mmr,explicit_mmr,0.34437651358517046,0.09848135659199388,0.01649786505616786,0.08788411784231571,0.3039659977971205,0.14879414912723152
2005608,1,1,implicit_mmr,implicit_mmr,0.18946190936970558,0.4434425013005096,0.01586846632081893,0.18170201140376346,0.05324603203230431,0.11627907957289824
2005812,1,0,implicit_mmr,explicit_mmr,0.6318682789816444,0.053610068425328616,0.007488522369966745,0.005925787659544408,0.08651152057068577,0.2145958219928299
2005840,1,0,implicit_mmr,explicit_mmr,0.511504248027531,0.24949933462507734,0.008475826220370592,0.011051263345995349,0.06572309668710778,0.15374623109391788
2005890,1,1,implicit_mmr,implicit_mmr,0.4648430007798631,0.47032997953480815,0.009408353995525703,0.004328437220072074,0.01381796669558686,0.037272261774143944
2005898,5,5,quant_only,quant_only,0.05257983320406213,0.121645956174304,0.009977503025186171,0.28971330849213306,0.03148429829590587,0.4945991008084088
2005973,1,0,implicit_mmr,explicit_mmr,0.8930623818717358,0.01766073975940772,0.0013032569520133029,0.010042202524031233,0.052766304424789884,0.02516511446802241
2009127,1,1,implicit_mmr,implicit_mmr,0.147583046842534,0.609756605538187,0.1921081170961176,0.032205625220825825,0.008935510993050419,0.009411094309285195
2009977,1,5,implicit_mmr,quant_only,0.16733053080804158,0.07297542347376733,0.00739404765782476,0.00046040462955837725,0.05503809155463006,0.6968015018761778
2010038,5,5,quant_only,quant_only,0.082230749548538,0.14240288582921296,0.03944670681531403,0.17944376149974867,0.028917011244184117,0.5275588850630022
2010124,0,5,explicit_mmr,quant_only,0.14227536809537353,0.11920142666806285,0.018144221352973673,0.006258015257350679,0.0983823543118582,0.6157386143143811
2010139,4,0,qual_only,explicit_mmr,0.4880887477890168,0.1337678693991879,0.032611988716751375,0.24947297551406208,0.09549704855937423,0.0005613700216074637
2010237,4,4,qual_only,qual_only,0.1192272249745288,0.2382931816499367,0.09775097191993905,0.037517967711897436,0.5014107742339294,0.005799879509768624
2010256,0,0,explicit_mmr,explicit_mmr,0.8644739849303077,0.024352179737545922,0.029412347483739668,0.028717823678261273,0.02808957559019331,0.02495408857995206
2010276,0,0,explicit_mmr,explicit_mmr,0.4535338094101922,0.4231766888660561,0.04527052443651124,0.013969636708546482,0.05965819353275635,0.004391147045937646
2010312,0,1,explicit_mmr,implicit_mmr,0.06595914712928917,0.7787313057683553,0.030337728987945553,0.0007614005681107278,0.12107316279245359,0.003137254753845717
2010361,0,0,explicit_mmr,explicit_mmr,0.5621948969510442,0.22126550412076157,0.019894017278186186,0.01854814704311938,0.06794941788666052,0.11014801672022795
2010530,0,0,explicit_mmr,explicit_mmr,0.8103057099435217,0.09502361276006063,0.024803075475467083,0.0030316429711726095,0.052459160812163064,0.014376798037614897
2011917,2,5,multi_method_not_mmr,quant_only,0.12077896825010273,0.08083898540669934,0.14570480112435044,0.1937022360341382,0.002926030718164436,0.45604897846654496
2013484,5,0,quant_only,explicit_mmr,0.7809874423987536,0.045375265354032704,0.01997446797842206,0.043258075772642554,0.07200843520226473,0.0383963132938843
2013495,1,1,implicit_mmr,implicit_mmr,0.021442250522040816,0.6760985422257774,0.0022994493359860054,0.051972738601742646,0.19640266416388438,0.05178435515056898
2013504,0,0,explicit_mmr,explicit_mmr,0.4362238648511322,0.11607678398454982,0.039866910095211434,0.24473279959140765,0.046088066795834486,0.11701157468186459
2013554,0,1,explicit_mmr,implicit_mmr,0.29184389500273494,0.4847498897298689,0.055868426882202955,0.05154301465393345,0.026072108190463843,0.08992266554079592
2013575,0,1,explicit_mmr,implicit_mmr,0.13615384615582907,0.44894781221651675,0.23140849101713815,0.03939737303065376,0.10887852875490861,0.03521394882495373
2013612,0,0,explicit_mmr,explicit_mmr,0.340158471849921,0.1580032169145876,0.06515095714284971,0.1431123646254571,0.10346100195239691,0.19011398751478756
2017704,2,0,multi_method_not_mmr,explicit_mmr,0.9067980973809849,0.0004307264026719149,0.018680101527509832,0.0578760371432447,0.007115929181120932,0.009099108364467555
2019843,0,0,explicit_mmr,explicit_mmr,0.7158802222952634,0.009281691312732415,5.375498393084945e-05,0.1212680575858866,0.14762399124227005,0.00589228257991671
2021157,5,5,quant_only,quant_only,0.35344797731172006,0.0035165203638153307,0.1797365225770487,0.008059959210088893,0.0032391294360591934,0.45199989110126776
2021315,1,0,implicit_mmr,explicit_mmr,0.9475698667251542,0.006333777749025271,0.0007078564774050202,0.0002856686580747634,0.01004257968957802,0.03506025070076261
2021402,5,5,quant_only,quant_only,0.19812233330602877,0.01616559680285071,0.012646719229811997,0.012216691461999466,0.009622503912475057,0.7512261552868339
2021499,4,0,qual_only,explicit_mmr,0.658468133428639,0.10155755549063629,0.1319082752421473,0.08033874018385335,0.0188789658807112,0.008848329774013064
2021512,0,0,explicit_mmr,explicit_mmr,0.8879373987989043,0.0877052411863921,0.008458494683863517,0.0017468359419368054,0.002874967286016856,0.011277062102886402
2021546,4,0,qual_only,explicit_mmr,0.602118087532651,0.09512658434511637,0.015965414000683516,0.0014436385743178534,0.20134012649580746,0.08400614905142388
2021585,5,3,quant_only,no_method_signal,0.011251652155464146,0.15199991534853835,0.034761783506038736,0.7968761847967529,0.0034518042716695763,0.001658659921536408
2022271,4,3,qual_only,no_method_signal,0.11545888730626731,0.022891256213260287,0.004043541201550327,0.5097064499539542,0.2304690907159052,0.11743077460906273
2024394,1,0,implicit_mmr,explicit_mmr,0.6919966214172794,0.0208023485798145,0.00198154982397782,0.0017917752917939375,0.22830009533570497,0.05512760955142939
2025046,0,0,explicit_mmr,explicit_mmr,0.42354248627363295,0.03230595582279873,0.0006176315546409119,0.02041112552220126,0.2944726344703486,0.22865016635637764
2025181,4,0,qual_only,explicit_mmr,0.4148575330439831,0.060834852585701864,0.00653996038615096,0.029032109641861335,0.2308296620753617,0.257905882266941
2025280,0,2,explicit_mmr,multi_method_not_mmr,0.3329856897268015,0.032600785733403345,0.47974332372740025,0.007500401118684357,0.06717572046894248,0.07999407922476812
2025349,0,0,explicit_mmr,explicit_mmr,0.9714329573525293,0.003479930575462313,0.022530331197917766,0.00010275160546397557,0.0015687446313633556,0.0008852846372632622
2025682,4,1,qual_only,implicit_mmr,0.1417327632511199,0.4353839251795361,0.00671346820864365,0.0396041523219311,0.28629624747896576,0.09026944355980343
2025685,4,1,qual_only,implicit_mmr,0.17626006735955152,0.24426465357169283,0.06111193891582629,0.21104054382556325,0.2192436312466395,0.08807916508072648
2025686,4,2,qual_only,multi_method_not_mmr,0.05664348920763885,0.2911852307520126,0.3159596763768038,0.025882831939682868,0.09130002495385532,0.21902874677000675
2025805,5,1,quant_only,implicit_mmr,0.015632672489864902,0.9063683117052849,0.059149563576560864,0.00768151150073243,0.010721118869936866,0.00044682185762002
2027470,4,2,qual_only,multi_method_not_mmr,0.15191814535469267,0.1084398009665669,0.3421214049599666,0.311760201073748,0.062148674685898256,0.023611772959127635
2027506,0,0,explicit_mmr,explicit_mmr,0.8932779914212917,0.031265043220154456,0.007797442228569227,0.0014900209408901357,0.011192849075827049,0.05497665311326752
2027637,0,0,explicit_mmr,explicit_mmr,0.9718915069392398,0.007782741630229857,0.0017577680478169896,0.0006305151756396888,0.00929087929555956,0.008646588911514295
2028026,5,3,quant_only,no_method_signal,0.08915037940951147,0.019696916581517974,0.0178085064106118,0.7543522819455545,0.1079236144205349,0.011068301232269382
2028469,1,3,implicit_mmr,no_method_signal,0.11672674538572375,0.1774654898580499,0.004363596325897007,0.5799851608525842,0.10779560081037688,0.013663406767368276
2028473,1,3,implicit_mmr,no_method_signal,0.052708634310342964,0.006489674207440464,0.00022759430699051064,0.8410095198701569,0.09027669575757241,0.009287881547496659
2028811,1,0,implicit_mmr,explicit_mmr,0.579393616355695,0.2364763166936773,0.014998106891969395,0.00980643323265346,0.11660679969423488,0.04271872713177
2029357,0,3,explicit_mmr,no_method_signal,0.2058539675457372,0.12945742262234386,0.026934763105456856,0.4523800380404384,0.07844413888201775,0.10692966980400602
2029642,0,0,explicit_mmr,explicit_mmr,0.5598871892079798,0.3762945795238113,0.013976349634055077,0.0013841814055953598,0.0007353264166405915,0.047722373811917844
2029782,0,2,explicit_mmr,multi_method_not_mmr,0.01519606933662732,0.15234876549563617,0.45587163425855554,0.1516872717541955,0.21833643655950224,0.006559822595483238
2029784,0,4,explicit_mmr,qual_only,0.1147697405165638,0.017199949265514707,0.03571813974374887,0.06847177495215911,0.7632628082358981,0.0005775872861154709
2029785,0,4,explicit_mmr,qual_only,0.08531209522148683,0.13771557549017605,0.20617063452834197,0.25607624679278884,0.29454345774508894,0.02018199022211728
2029796,0,4,explicit_mmr,qual_only,0.07200207294851856,0.05177071305651227,0.07613492201521588,0.12642051619029626,0.6628987139263438,0.010773061863113055
2030297,0,3,explicit_mmr,no_method_signal,0.14021743579267915,0.05118972856321782,0.0008492045098240743,0.49069841025574734,0.20188639828884233,0.1151588225896894
2030313,0,1,explicit_mmr,implicit_mmr,0.3208136452196885,0.6180742838440888,0.01557487497186778,0.007723569670961665,0.0338606947330055,0.003952931560387659
2030485,1,1,implicit_mmr,implicit_mmr,0.07370835216049686,0.36259953996366456,0.005903281583548466,0.013138736911907027,0.21244776594243325,0.33220232343794986
2030582,0,2,explicit_mmr,multi_method_not_mmr,0.186431379536013,0.08353090267857177,0.3336915469762704,0.3311180001807161,0.026079110806178883,0.039149059822249845
2030663,1,5,implicit_mmr,quant_only,0.2805094323478867,0.15801147435934249,0.001981471253967136,0.18144225502675576,0.042403990959679595,0.33565137605236833
2030720,1,1,implicit_mmr,implicit_mmr,0.06652916456607544,0.4300230139288753,0.011709766525884877,0.33674123893515984,0.009542099937304085,0.1454547161067004
2030731,5,1,quant_only,implicit_mmr,0.07696909144111688,0.3970593303080274,0.04882293256293515,0.355491548898295,0.04028379630169296,0.08137330048793259
2030969,0,5,explicit_mmr,quant_only,0.13317686337829893,0.14938630025352415,0.022327024673556618,0.2917908924389084,0.006014545184126196,0.39730437407158575
2032226,4,1,qual_only,implicit_mmr,0.013660804093155034,0.669673464105822,0.14864962384449895,0.06634628363698067,0.09973683903883916,0.0019329852807044039
2032737,0,3,explicit_mmr,no_method_signal,0.15711728394256166,0.2755088089658571,0.16905465140125397,0.28673268985122624,0.0845216440742916,0.027064921764809447
2032781,5,3,quant_only,no_method_signal,0.29961049661218436,0.009791692359478044,0.01543871443649656,0.4305861635839082,0.16612318727244788,0.07844974573548495
2032802,0,0,explicit_mmr,explicit_mmr,0.500883455889096,0.13919852562893445,0.014186389687769828,0.0014107847607780712,0.18502990308341,0.1592909409500116
2033389,0,0,explicit_mmr,explicit_mmr,0.7099546881043172,0.26746011555798427,0.00031941107442622654,0.0006344877352871387,0.0193523189565396,0.0022789785714455945
2036549,1,4,implicit_mmr,qual_only,0.24452229857659497,0.15902086255594203,0.0069248721333584175,0.09132550527083355,0.49264074867641644,0.005565712786854598
2036870,2,2,multi_method_not_mmr,multi_method_not_mmr,0.0006950648028966926,0.13499747684376517,0.8529173048860477,0.0020749628279392134,0.0024204786807697086,0.006894711958581367
2037403,2,3,multi_method_not_mmr,no_method_signal,0.03603710279151567,0.005510711460188193,0.17448120832740294,0.7660842237634118,0.0028738096602211106,0.015012943997260298
2037809,0,0,explicit_mmr,explicit_mmr,0.845455766151565,0.03750490100585296,0.009361579842889057,0.03678248299454839,0.046316714754404575,0.024578555250739948
2039583,5,0,quant_only,explicit_mmr,0.5186872525115034,0.26246034321067063,0.06616916228694437,0.01710177146143478,0.05033807076753754,0.08524339976190927
2039864,0,4,explicit_mmr,qual_only,0.29024698096939855,0.029897501158912817,0.004628050436495976,0.054462929655345146,0.3439585800963549,0.2768059576834926
2039871,0,1,explicit_mmr,implicit_mmr,0.09181548709055044,0.5544602446977821,0.05925950600243773,0.0903476952110291,0.06897407432269873,0.13514299267550187
2040795,5,2,quant_only,multi_method_not_mmr,0.16948391069046678,0.08083734544031117,0.6955091458854237,0.009451104945427478,0.012526782005636243,0.03219171103273455
2041960,1,1,implicit_mmr,implicit_mmr,0.18622482323411602,0.583398080901697,0.023748940334606488,0.01240898519702046,0.042711561924494705,0.15150760840806532
2042142,0,0,explicit_mmr,explicit_mmr,0.7741210201090785,0.09003396103866375,0.043754980769697416,0.0008585332981969075,0.05272615840667517,0.0385053463776883
2044243,1,0,implicit_mmr,explicit_mmr,0.6048207965576243,0.08796133009960035,0.005186175444703143,0.0018486930508861286,0.0131582389665923,0.28702476588059367
2044333,2,5,multi_method_not_mmr,quant_only,0.0380936421180963,0.0006602717068669389,0.004106857124092536,0.26150055871029204,0.006799520512995438,0.6888391498276568
2044390,1,0,implicit_mmr,explicit_mmr,0.736455300309454,0.04994152538819596,0.0008321701580591578,0.001437696764146931,0.0032282872951619455,0.20810502008498205
2044473,1,0,implicit_mmr,explicit_mmr,0.37492276200891794,0.25536194293706777,0.2952275129714799,0.001974694764638394,0.011941814202964546,0.06057127311493144
2044879,0,0,explicit_mmr,explicit_mmr,0.43514990140260135,0.15060182718994036,0.013924506079709506,0.25575142280577595,0.09099732020234565,0.05357502231962713
2045634,4,4,qual_only,qual_only,0.16458649446946724,0.3902880617691272,6.740549339070116e-05,0.03595053578004145,0.4088614456928133,0.00024605679516018404
2046079,0,0,explicit_mmr,explicit_mmr,0.6595508668672028,0.19306145119087958,0.01357160109092579,0.0702387115413552,0.04423645362296339,0.019340915686673166
2047105,0,1,explicit_mmr,implicit_mmr,0.1187783982990121,0.7294415407179026,0.011159618161632351,0.09945285726119153,0.03688909032767673,0.004278495232584696
2047420,0,0,explicit_mmr,explicit_mmr,0.771116220911649,0.1781907575662083,0.006930766863666306,0.005508657546633395,0.0003942444761516583,0.03785935263569142
2048018,1,0,implicit_mmr,explicit_mmr,0.7626925335737624,0.20977059542760443,8.052167978240946e-05,0.0026253917516197655,0.023581628040046654,0.0012493295271844129
2048833,1,2,implicit_mmr,multi_method_not_mmr,0.12943901598415483,0.05460509948010256,0.4888036235160898,0.1262014359434489,0.19496931192166095,0.005981513154542961
2048852,1,2,implicit_mmr,multi_method_not_mmr,0.27671392693756636,0.21043241359535034,0.3813899658229872,0.0777800062940558,0.05223146592641723,0.0014522214236230766
2048987,0,1,explicit_mmr,implicit_mmr,0.0881567792628465,0.5711596142868863,0.00030790858867492117,0.08195466920982414,0.20999708155022517,0.04842394710154294
2049044,2,3,multi_method_not_mmr,no_method_signal,0.010249601936469194,0.007136277801298188,0.05122437135445031,0.8177478057434061,0.11103355497752915,0.002608388186846974
2049974,4,4,qual_only,qual_only,0.021162269236112134,0.025857946502814876,0.16883931204410813,0.1730373353987916,0.6064873187651507,0.004615818053022428
2050443,4,0,qual_only,explicit_mmr,0.812605382457091,0.012093467670105891,0.06579061867252592,0.07893854531562751,0.016144375342495562,0.014427610542154164
2050542,2,0,multi_method_not_mmr,explicit_mmr,0.3772882719339188,0.019531161190613523,0.33162115491898303,0.10063212871927686,0.04935913081025192,0.12156815242695584
2050619,1,0,implicit_mmr,explicit_mmr,0.5853785663458639,0.3052716452415052,0.0003781483378616908,0.003662048679749865,0.005319564266678825,0.0999900271283407
2050669,2,3,multi_method_not_mmr,no_method_signal,0.042536080678291295,0.0030188898640404914,0.004901132484478569,0.8744893641267449,0.0024821253359855384,0.07257240751045914
2050699,3,4,no_method_signal,qual_only,0.02843542923556682,0.19569145083851613,0.0236475147902408,0.34381527953298663,0.3579087931574601,0.050501532445229584
2050899,3,3,no_method_signal,no_method_signal,0.038966685800973615,0.012460652128888113,0.015283846495218098,0.6492237084116058,0.27745301017766094,0.00661209698565338
2050956,2,3,multi_method_not_mmr,no_method_signal,0.02606005050372758,0.01818824647907549,0.0577929776710173,0.8865045327423177,0.006115663563945623,0.005338529039916332
2051156,3,3,no_method_signal,no_method_signal,0.03138959085463945,0.006786866632229322,0.02345508755118311,0.7510818535485461,0.17485148418635882,0.01243511722704329
2052788,3,3,no_method_signal,no_method_signal,0.09855006453484204,0.00649062118533165,0.05212407404263759,0.8214306314523735,0.021008864245578063,0.0003957445392371972
2054823,0,0,explicit_mmr,explicit_mmr,0.8913853114475904,0.08486581247739566,0.011935731419162874,0.002638192066145141,0.006615680990678471,0.0025592715990274324
2055250,3,1,no_method_signal,implicit_mmr,0.058653745711035,0.6128507345795761,0.005809098779531809,0.12065297499309151,0.02221551384260355,0.17981793209416222
2055288,0,1,explicit_mmr,implicit_mmr,0.09384131710653022,0.8197100027268056,0.0007824271480112406,0.025914143014882016,0.045312112416281844,0.014439997587489142
2055343,5,1,quant_only,implicit_mmr,0.3627205248834163,0.6106752550289066,0.009350705304675728,0.000752070426022099,0.012011754036487413,0.004489690320491883
2055375,1,1,implicit_mmr,implicit_mmr,0.31069723929675563,0.5427374061237041,0.01369370782530405,0.008190288863881273,0.11498386634842984,0.00969749154192516
2055379,2,0,multi_method_not_mmr,explicit_mmr,0.8397008068413588,0.07788970151501766,0.036278347727251886,0.018327968102449233,0.010767295046518197,0.017035880767404022
2055534,2,0,multi_method_not_mmr,explicit_mmr,0.8445832111255341,0.0790675383097343,0.06731417535813133,0.0048794206600558465,0.0017614062433349805,0.002394248303209276
2055550,0,0,explicit_mmr,explicit_mmr,0.9641831109703625,0.027865432869984885,0.0008661112040757187,0.001366585804469808,0.0007024484247331439,0.005016310726374141
2055597,0,2,explicit_mmr,multi_method_not_mmr,0.15695708713446302,0.10362520474211961,0.6806158466049622,0.0008318376298691847,0.015207815078203258,0.04276220881038282
2055609,0,2,explicit_mmr,multi_method_not_mmr,0.3291042467126389,0.03322434538285803,0.4821918615553686,0.001115716945069438,0.011645521683454329,0.14271830772061075
2055705,1,2,implicit_mmr,multi_method_not_mmr,0.045823824676125946,0.051752676938727094,0.5581413434397867,0.306871648591984,0.018369763392238805,0.019040742961137423
2100017,0,0,explicit_mmr,explicit_mmr,0.5851117032807392,0.21163468203630884,0.06127973975291004,0.00484610240678463,0.012391239564005613,0.12473653295925138
2100029,0,0,explicit_mmr,explicit_mmr,0.8716582594701884,0.06949953842618452,0.012752944873199156,0.011641109043174473,0.028581358882470414,0.005866789304783138
2100062,0,0,explicit_mmr,explicit_mmr,0.9765820911725068,0.0019199773286747398,0.00029908813367479067,0.008625115430993615,0.011080407248522006,0.0014933206856277404
2100081,1,0,implicit_mmr,explicit_mmr,0.32962698223452414,0.12228430825371578,0.19679726707162712,0.0013710521944396337,0.08181129837403059,0.2681090918716628
2100137,2,5,multi_method_not_mmr,quant_only,0.3201122777747221,0.1636491094488615,0.00466245258999806,0.003968912872001908,0.028395942528860074,0.47921130478555624
2100138,2,0,multi_method_not_mmr,explicit_mmr,0.48109745731481507,0.13372992731623423,0.04788860892974094,0.01725254028330034,0.2679599292900189,0.052071536865890534
2100139,0,1,explicit_mmr,implicit_mmr,0.11475709346043575,0.5959281063909783,0.01477384380129222,0.0008217889189053402,0.0035334745405679125,0.2701856928878204
2100149,4,3,qual_only,no_method_signal,0.04611333732040268,0.11121849813556488,0.0019087671149066773,0.6210204940918417,0.029567955884246287,0.19017094745303778
2100242,4,0,qual_only,explicit_mmr,0.7978330715610157,0.09042448222316256,0.0025926466305596888,0.0005123687675699327,0.10743054166351244,0.0012068891541796916
2100296,0,0,explicit_mmr,explicit_mmr,0.9225883060651662,0.06898733864092936,0.0002261393718319145,0.0010065502820615071,0.0012511451393305204,0.00594052050068044
2100617,1,0,implicit_mmr,explicit_mmr,0.3964710205686826,0.21111583754930627,0.007736285677572309,0.04067065713803999,0.34311937870562764,0.0008868203607712555
2100823,5,3,quant_only,no_method_signal,0.08184046695881733,0.012967922074359222,0.023106858197742275,0.8532887970983927,0.016818785545238406,0.011977170125450047
2100835,0,1,explicit_mmr,implicit_mmr,0.26474922914152677,0.4936917966230987,0.1605257475110199,0.01148285107578313,0.05881428519709335,0.010736090451478417
2101138,2,2,multi_method_not_mmr,multi_method_not_mmr,0.019630597780356345,0.0011853970003095613,0.9685999450096099,0.007401398817387266,0.0027264363352209513,0.00045622505711590856
2101217,4,0,qual_only,explicit_mmr,0.5009446670942479,0.18874038681396424,0.09896047500658338,0.05453282241735772,0.15350649252919177,0.0033151561386549813
2101255,2,0,multi_method_not_mmr,explicit_mmr,0.4403734911170894,0.28414853496598064,0.00951381434365415,0.002889293618522686,0.08654593303310064,0.17652893292165256
2101669,2,1,multi_method_not_mmr,implicit_mmr,0.08371220405759916,0.6330900820542751,0.09158129234052875,0.0010994775753033804,0.003211054059229914,0.18730588991306366
2101670,2,5,multi_method_not_mmr,quant_only,0.18828722058817268,0.27341074763447976,0.042809145705607905,0.01247188264664632,0.014833937343403525,0.46818706608168975
2104782,0,0,explicit_mmr,explicit_mmr,0.8196100975394167,0.07488664452868599,0.00942068681966062,0.02219982117417376,0.000978507897521054,0.07290424204054194
2104792,0,0,explicit_mmr,explicit_mmr,0.8190124086576742,0.038259612672643356,0.009237715379600681,0.003836770113405394,0.008522468619540514,0.12113102455713586
2104979,0,0,explicit_mmr,explicit_mmr,0.7129599180769286,0.21274538658977943,0.033401530091963935,0.0014162903258033177,0.0028005512232631554,0.036676323692261585
2105156,0,0,explicit_mmr,explicit_mmr,0.8892165865121429,0.010567790086422422,0.016845847381456065,0.0028916664056421884,0.022332195898206255,0.05814591371613035
2105695,1,1,implicit_mmr,implicit_mmr,0.037648373827440865,0.6373268058019886,0.27593910420014117,0.008116019576262836,0.0068760578286839865,0.034093638765482534
2106319,0,0,explicit_mmr,explicit_mmr,0.3824345864197411,0.03500640154884028,0.030845917189285282,0.11840517430502025,0.3414891689992917,0.09181875153782137
2106670,0,0,explicit_mmr,explicit_mmr,0.47507992439231367,0.40649752644791215,0.0008637091784353682,0.007093697128510845,0.07301984014053182,0.03744530271229614
2107631,0,0,explicit_mmr,explicit_mmr,0.7362910812206973,0.01128689170667925,0.021225863998972173,0.011298268943062772,0.00040059904153776256,0.21949729508905086
2109443,1,1,implicit_mmr,implicit_mmr,0.013001592404665136,0.7699290784037832,0.1788742334798957,0.0030755363405643517,0.002062533475626426,0.0330570258954651
2109942,5,1,quant_only,implicit_mmr,0.1615578488898937,0.285030005368008,0.25588756329423934,0.007565633339488192,0.08487977508534153,0.20507917402302941
2110641,1,0,implicit_mmr,explicit_mmr,0.6850764081982105,0.06953821943210786,0.1352879303789491,0.061218332331801864,0.011642050482796042,0.03723705917613464
2110777,0,5,explicit_mmr,quant_only,0.19318647692191404,0.10318201329258347,0.0056811553530994995,0.021447684339883376,0.17692033225019027,0.49958233784232936
2111119,1,0,implicit_mmr,explicit_mmr,0.5432625829255031,0.19740894120872346,0.2124088710137834,0.004219527969308775,0.038256972192640244,0.0044431046900409886
2111150,0,1,explicit_mmr,implicit_mmr,0.29673407235721,0.6236179119725433,0.006505276302421803,0.05751001999602754,0.0020470915351360136,0.013585627836661191
2111262,1,0,implicit_mmr,explicit_mmr,0.8541059760881806,0.03780975927885523,0.061774097340558554,0.0015525360127892083,0.0206188134517085,0.02413881782790786
2111331,1,0,implicit_mmr,explicit_mmr,0.4638192710206383,0.28258002385632,0.1936593135642436,0.003997466803925555,0.0067871878584365875,0.04915673689643593
2111377,0,0,explicit_mmr,explicit_mmr,0.3973347063344705,0.34209053933632433,0.005863745338585523,0.0012772744110284716,0.00455807941699131,0.24887565516259982
2111386,0,0,explicit_mmr,explicit_mmr,0.8524744037053386,0.08364616141590368,0.0030327542988469016,0.0041274151801492815,0.014023423771644826,0.04269584162811703
2111510,0,0,explicit_mmr,explicit_mmr,0.6540912603423978,0.22262542464091206,0.0022937014437944916,0.003573572440821405,0.016616191982690848,0.10079984914938335
2111533,1,0,implicit_mmr,explicit_mmr,0.7350117026001336,0.04458546646966051,0.03308262660918586,0.018387781618256892,0.010291243995868442,0.1586411787068946
2112532,0,2,explicit_mmr,multi_method_not_mmr,0.040117641897574635,0.0014078801539887632,0.9260336617550418,0.00045217751730737435,0.009956202902798139,0.022032435773289383
2112689,0,0,explicit_mmr,explicit_mmr,0.7876018820013004,0.054123079599005364,0.02875200116066739,0.028647598994002304,0.0917492288092116,0.009126209435812983
2113261,2,3,multi_method_not_mmr,no_method_signal,0.02750567861386178,0.031106878463631363,0.0009856131037992459,0.9034532180531841,0.005615313362952223,0.03133329840257123
2113755,1,4,implicit_mmr,qual_only,0.009508093819219484,0.09747313315831245,0.020180533555121387,0.0015212557359602188,0.870566765311376,0.0007502184200104743
2113844,1,0,implicit_mmr,explicit_mmr,0.8546044967896301,0.05333508546994453,0.06900835861494448,0.007088875121935629,0.015190195546530049,0.0007729884570151853
2113845,1,2,implicit_mmr,multi_method_not_mmr,0.21791105585293427,0.056090471085913966,0.7153809562101592,0.0036500766270458345,0.0024875984317183865,0.004479841792228308
2113846,1,0,implicit_mmr,explicit_mmr,0.6591715481375329,0.08003564794318055,0.20178264061106982,0.018851659905605802,0.03733853983423561,0.0028199635683753524
2114824,4,3,qual_only,no_method_signal,0.052595089113462584,0.13667807241550625,0.1276005108849998,0.5218064117047875,0.11370797105447121,0.04761194482677275
2115138,0,0,explicit_mmr,explicit_mmr,0.8518727526142419,0.023067871719235054,0.0006355776400616028,0.09417165193639473,0.018378386249898102,0.011873759840168575
2115160,1,0,implicit_mmr,explicit_mmr,0.3853984329815636,0.09698638812161803,0.16283514230187948,0.02348375627703046,0.02989996820741482,0.3013963121104938
2115579,0,0,explicit_mmr,explicit_mmr,0.7060041310536971,0.12637992943945803,0.13617539338076315,0.01490144869764764,0.010370574481786674,0.006168522946647429
2115730,0,1,explicit_mmr,implicit_mmr,0.1791872540985101,0.6517510272765873,0.0475359097462424,0.051975393824504154,0.0063946810725707,0.06315573398158535
2115921,1,0,implicit_mmr,explicit_mmr,0.4272125123482953,0.1096786381552403,0.0661946289023683,0.11849020982680274,0.11908983215065833,0.15933417861663496
2116110,0,0,explicit_mmr,explicit_mmr,0.9109603532664672,0.05670703082737865,0.01030863012241376,0.006493237290690162,0.013708816081315177,0.0018219324117351497
2116118,0,0,explicit_mmr,explicit_mmr,0.8922668962253637,0.04303315746063134,0.0038208550037126562,0.03332347410969693,0.017680100172162032,0.00987551702843336
2117224,0,0,explicit_mmr,explicit_mmr,0.5287100593167207,0.07562062983932956,0.1179018519806147,0.0683551506727847,0.20635018426553428,0.003062123925016088
2118077,0,4,explicit_mmr,qual_only,0.08806359957802351,0.05346952366246973,0.27733472335342524,0.0452387533058966,0.5353110432851754,0.0005823568150096046
2119007,2,1,multi_method_not_mmr,implicit_mmr,0.1251638864225778,0.4239831068806067,0.01633894576600644,0.01600037066905532,0.262343538939225,0.1561701513225287
2120021,0,4,explicit_mmr,qual_only,0.20913521325002882,0.08491325586833019,0.14801322962823402,0.14169691766507275,0.36268731182842867,0.05355407175990559
2120742,0,0,explicit_mmr,explicit_mmr,0.8618733227401308,0.08683685560499337,0.00021906043123821612,0.0006294025636121138,0.050084884488741044,0.00035647417128442454
2120849,0,0,explicit_mmr,explicit_mmr,0.5033903096928853,0.13326978859099542,0.180714795854075,0.05225443817392577,0.03248855559172547,0.0978821120963931
2121277,0,0,explicit_mmr,explicit_mmr,0.8376689155420612,0.012702202756536276,0.004720780048550465,0.015192272870617075,0.07297365703609471,0.05674217174614001
2121342,0,1,explicit_mmr,implicit_mmr,0.17788416349117203,0.4759673971266168,0.0329550370648153,0.16875538345968435,0.038279804070721186,0.10615821478699038
2121351,0,1,explicit_mmr,implicit_mmr,0.17089729388261388,0.7427012805705221,0.005185140118119961,0.005277728389629386,0.06980113414723928,0.006137422891875413
2121417,0,3,explicit_mmr,no_method_signal,0.09067341021090629,0.02739906653157562,0.03992826096534466,0.785419121283419,0.02334752763458705,0.03323261337416717
2121503,0,0,explicit_mmr,explicit_mmr,0.7586311569895209,0.04475545840568546,0.00736509131118869,0.10264609286772684,0.027653934171595222,0.058948266254282726
2122212,2,0,multi_method_not_mmr,explicit_mmr,0.5703109903176046,0.0027292473021010046,0.07864414634944986,0.012256320064725818,0.0024076660496528484,0.3336516299164658
2122213,2,5,multi_method_not_mmr,quant_only,0.38392775351763647,0.014209297946617279,0.011701948906837043,0.012898750464248272,0.0159901241767072,0.5612721249879539
2122367,0,2,explicit_mmr,multi_method_not_mmr,0.09912266738264809,0.09974921589129558,0.5498918306326095,0.2410914771369624,0.00274571497670009,0.007399093979784267
2122665,0,0,explicit_mmr,explicit_mmr,0.33787265900386815,0.10237003330942186,0.23976051068630863,0.09501795915793895,0.21914306060232758,0.00583577724013475
2122828,0,1,explicit_mmr,implicit_mmr,0.3448949574873228,0.6026393826641235,0.0023800926820810612,0.005661649711027212,0.03526504130837383,0.009158876147071606
2122874,0,0,explicit_mmr,explicit_mmr,0.8995467651118009,0.00408292871316719,0.07215612386160636,0.0016170170038054535,0.014826500976082378,0.007770664333537949
2122875,0,0,explicit_mmr,explicit_mmr,0.6157411962748407,0.24712924173195608,0.05487985825406633,0.01678021496833515,0.060566334529298604,0.004903154241503187
2122924,0,1,explicit_mmr,implicit_mmr,0.04857781126461499,0.9374938097260098,0.005776350753757493,0.00030379505800164324,0.004466418985322069,0.0033818142122940846
2122934,4,0,qual_only,explicit_mmr,0.9319067586267681,0.041023471400948246,0.00012455488451466694,0.01922132781077144,0.003879845769073866,0.003844041507923705
2122985,5,3,quant_only,no_method_signal,0.0029921527005028715,0.0013594419235118606,0.02176756905432928,0.590774784576021,0.3820418383289465,0.0010642134166884527
2124215,5,3,quant_only,no_method_signal,0.06022365678873229,0.0028677888155823885,0.001438474284140065,0.8880192641581259,0.03793756627329117,0.009513249680128157
2125362,2,2,multi_method_not_mmr,multi_method_not_mmr,0.11794963194820929,0.09898899224971938,0.49192759811100506,0.23740456229384413,0.00851001861410701,0.04521919678311503
2126021,0,5,explicit_mmr,quant_only,0.2916222801523644,0.09240253368002618,0.007323992398109174,0.005905859321504374,0.005990519313679227,0.5967548151343167
2126023,0,0,explicit_mmr,explicit_mmr,0.5051469045731758,0.3822571320842496,0.00079422121507446,0.0027397741705328456,0.10560315930752706,0.0034588086494401534
2126031,1,0,implicit_mmr,explicit_mmr,0.9317724648738926,0.018515572095549823,3.1417789051248305e-05,0.001012418641778657,0.0033247318520489362,0.04534339474767883
2126056,0,0,explicit_mmr,explicit_mmr,0.6076387367675821,0.04090182741843482,0.003999588871387797,0.0018558881174229138,0.22765823799191426,0.11794572083325809
2126082,5,4,quant_only,qual_only,0.07394412078567301,0.031245535698823164,0.2658811454069986,0.29120038415438426,0.3070840381958124,0.03064477575830856
2126613,4,4,qual_only,qual_only,0.22182709646181503,0.0012928950492832286,0.3563851393358944,0.009860782750497924,0.4029566997238704,0.0076773866786389085
2128203,1,1,implicit_mmr,implicit_mmr,0.10315242980247331,0.7506806242665601,0.015761102582133896,0.016735155007479057,0.009345859790156109,0.10432482855119751
2128544,1,1,implicit_mmr,implicit_mmr,0.35154426840027214,0.605266052115583,0.0012863472060661222,0.012955286606040244,0.019016554940166,0.009931490731872376
2128559,1,0,implicit_mmr,explicit_mmr,0.8566939165838615,0.11491359205264909,0.00032850939696712426,0.011766050775055263,0.01279563489495226,0.0035022962965148194
2128897,0,5,explicit_mmr,quant_only,0.22337638247711358,0.04229241485738657,0.014186720765379454,0.08719791336959198,0.23227968072311586,0.4006668878074125
2129282,0,0,explicit_mmr,explicit_mmr,0.63996584624386,0.11207265030570868,0.02273764981561293,0.04959632233812725,0.17028767211821047,0.005339859178480734
2129308,0,0,explicit_mmr,explicit_mmr,0.4477124413505876,0.16788602482246476,0.11833928177889472,0.027650702732843774,0.09772327553614878,0.14068827377906043
2129896,0,5,explicit_mmr,quant_only,0.2678860612450581,0.04758814677694736,0.011071972568049787,0.022251006903936988,0.03513797730408906,0.6160648352019187
2130006,4,0,qual_only,explicit_mmr,0.3766870514119041,0.10553777604617212,0.05699617905906175,0.29685278459358777,0.01150541506607543,0.15242079382319892
2130022,0,0,explicit_mmr,explicit_mmr,0.5206919382199108,0.3129289104717613,0.012168713198101358,0.04951254103005317,0.04321854916642986,0.06147934791374358
2130073,0,5,explicit_mmr,quant_only,0.20020545534558648,0.051689808113534456,0.034430368817793704,0.07434093918867328,0.0021155381641278707,0.6372178903702842
2130169,0,1,explicit_mmr,implicit_mmr,0.04398248244740136,0.38043410691665114,0.002839489814093606,0.09503882949504884,0.11257415149998695,0.3651309398268181
2130222,0,5,explicit_mmr,quant_only,0.27347544256257716,0.10273237925301364,0.04917392778558902,0.12465481604280046,0.11556100004301971,0.33440243431300004
2130239,0,5,explicit_mmr,quant_only,0.0778231734931032,0.17908806922716705,0.03283191939692551,0.2706674568588954,0.12975339967671118,0.30983598134719764
2130255,0,5,explicit_mmr,quant_only,0.28667407464065653,0.01180952171779385,0.0028286149948420942,0.09931504468429592,0.004747345384890737,0.594625398577521
2130256,0,0,explicit_mmr,explicit_mmr,0.5584500718499508,0.1610357111278318,0.11915194867076923,0.06055538857033264,0.0321274845531731,0.06867939522794234
2130286,0,0,explicit_mmr,explicit_mmr,0.4861455291381708,0.06942821996337671,0.013352606616450248,0.23796755835632807,0.02674711863570051,0.16635896728997376
2130290,0,0,explicit_mmr,explicit_mmr,0.6829067906511281,0.06783147181433562,0.003643762730170705,0.006629009570681645,0.12769997781918,0.11128898741450385
2130298,0,0,explicit_mmr,explicit_mmr,0.6493165178776799,0.09273140602097671,0.12344759305597845,0.013319565011323297,0.07459744119721486,0.0465874768368267
2130323,0,5,explicit_mmr,quant_only,0.12865298747309079,0.17955601068244686,0.010783474501089728,0.047314798589959794,0.1901383395998178,0.44355438915359496
2130397,1,5,implicit_mmr,quant_only,0.04517092498556589,0.06242041495821023,0.19828660913005747,0.01942848130605322,0.0008250352615712996,0.6738685343585419
2130398,0,0,explicit_mmr,explicit_mmr,0.7529076167565655,0.05681615987611317,0.006093844511047912,0.004923244784357743,0.08606048161829075,0.09319865245362492
2130448,0,0,explicit_mmr,explicit_mmr,0.5034064815155894,0.30220847070696966,0.024662013726831737,0.016139862354223496,0.015060830928101558,0.13852234076828415
2130461,0,3,explicit_mmr,no_method_signal,0.06543516785041421,0.05769401383858899,0.020760582821395014,0.41475253804133605,0.08500226081332989,0.3563554366349358
2130479,5,0,quant_only,explicit_mmr,0.5040910318672528,0.06740343130983181,0.017690882925193448,0.04204517282637567,0.026434459910229084,0.34233502116111725
2131097,1,2,implicit_mmr,multi_method_not_mmr,0.3516494068183951,0.055106427783218545,0.46137280189308444,0.06414182925226572,0.062074217709411066,0.005655316543625224
2133190,4,1,qual_only,implicit_mmr,0.2498874635122469,0.2881637684019582,0.04601812105697257,0.19208885725942995,0.1644748737574972,0.0593669160118952
2133982,0,2,explicit_mmr,multi_method_not_mmr,0.23404367865895948,0.08761043109751351,0.5765378047607305,0.02556937728805291,0.06391140040243451,0.01232730779230925
2134583,0,1,explicit_mmr,implicit_mmr,0.3078311404645501,0.658213899417413,0.011999197268045447,0.00316401755009836,0.007467741043968977,0.011324004255924138
2135431,0,0,explicit_mmr,explicit_mmr,0.5658696393289591,0.12065422773654041,0.22027478496711567,0.05688202864041489,0.026699511911812066,0.009619807415157762
2135438,0,0,explicit_mmr,explicit_mmr,0.6398294102020373,0.17094134543062298,0.12514898449977216,0.021799208989910893,0.018507264506298922,0.023773786371357887
2136382,4,2,qual_only,multi_method_not_mmr,0.04825112258064296,0.18027693186284324,0.7231942213349674,0.010665905578545505,0.02601461963408167,0.011597199008919258
2138463,0,5,explicit_mmr,quant_only,0.08650815097146793,0.01995954182459511,0.014949844682727588,0.004872150311818385,0.049946393066981704,0.8237639191424092
2139106,0,2,explicit_mmr,multi_method_not_mmr,0.2652596702501723,0.006720066964549767,0.5024412593813247,0.02103676500876804,0.11307663748595213,0.0914656009092333
2140246,0,0,explicit_mmr,explicit_mmr,0.8895386212419042,0.08709921336017373,0.005333645942582582,0.013222943679445836,0.0028920807310123626,0.001913495044881433
2140262,0,0,explicit_mmr,explicit_mmr,0.9022016945618632,0.07064085913492772,0.006884545172058745,0.001586071987896518,0.007023236109319726,0.011663593033934124
2140867,0,0,explicit_mmr,explicit_mmr,0.9438080643407152,0.014807863704758546,0.001877805780061741,0.0326596425386988,0.006267094107893211,0.0005795295278726827
2140901,0,0,explicit_mmr,explicit_mmr,0.6508337023973114,0.2572614524943428,0.00044800729647856646,0.005264991713794112,0.06266152680335234,0.023530319294720905
2140902,0,0,explicit_mmr,explicit_mmr,0.5489599308442835,0.23105277924566084,5.931248224387801e-05,0.004181929241667894,0.19692423461311567,0.01882181357302822
2140903,0,0,explicit_mmr,explicit_mmr,0.48820166741896276,0.20446490660720576,0.0014356729199909541,0.056295146195986495,0.23023692351756567,0.01936568334028844
2140904,0,4,explicit_mmr,qual_only,0.35466560270056985,0.17509342968184205,0.0001477199605938496,0.016991625659427776,0.4336566505802787,0.019444971417287904
2140905,0,0,explicit_mmr,explicit_mmr,0.7254872223156369,0.06170098441274991,0.0001541429780073193,0.0015983533170469087,0.17312706686171014,0.03793223011484873
2141682,0,4,explicit_mmr,qual_only,0.14422648199283392,0.050059717235942935,0.02296943895021137,0.004152683922908874,0.7575435137871045,0.02104816411099837
2141716,1,0,implicit_mmr,explicit_mmr,0.7577996136109748,0.0819538937378722,0.020036627222899447,0.05227765326605405,0.05842868892758783,0.029503523234611712
2141724,1,0,implicit_mmr,explicit_mmr,0.6373752562836953,0.150339678091582,0.033076430103540604,0.03659946624125203,0.09070605613157061,0.05190311314835946
2141727,1,0,implicit_mmr,explicit_mmr,0.8428098815554778,0.03293479314944313,0.025380844992278793,0.013320049826540201,0.06945505413213918,0.016099376344121032
2141952,1,0,implicit_mmr,explicit_mmr,0.6613848886680974,0.13789239259515268,0.023386214159166956,0.01938353435530645,0.09259924009178395,0.06535373013049262
2141975,0,0,explicit_mmr,explicit_mmr,0.9389543635878521,0.020766421718694143,0.002048518250165433,0.006464108198655377,0.007464496412847203,0.02430209183178561
2142108,1,0,implicit_mmr,explicit_mmr,0.5942243142862152,0.174230022827737,0.0009724210852561479,0.03319025202037551,0.04014003608713482,0.15724295369328126
2142214,0,0,explicit_mmr,explicit_mmr,0.9735695488862507,0.00038117860745487403,0.020628496676609355,0.0026701463749226268,0.0026517707762472907,9.885867851522622e-05
2142262,1,0,implicit_mmr,explicit_mmr,0.4301748536706469,0.1806437997555501,0.0075598660075993475,0.015994751055393473,0.06691623036350251,0.29871049914730774
2142276,0,0,explicit_mmr,explicit_mmr,0.7901321227834601,0.07508361544607069,0.028689519726334746,0.0048974298682327,0.0037010052535830363,0.0974963069223187
2142277,1,5,implicit_mmr,quant_only,0.34873605911985395,0.028706399978681966,0.0024871454577197315,0.00728932818606982,0.008542187407382372,0.6042388798502921
2142311,0,0,explicit_mmr,explicit_mmr,0.46283315403267206,0.06505915799545561,0.3927924557463974,0.04495022320131111,0.02736148609770474,0.007003522926459151
2142324,0,2,explicit_mmr,multi_method_not_mmr,0.34504373812592765,0.07755214330032154,0.541099688063577,0.02094726767445701,0.012413912350169493,0.0029432504855473464
2142344,0,0,explicit_mmr,explicit_mmr,0.9414890511648104,0.0008485705340928006,0.053002793420515504,0.0018125358320802006,0.002688061800606023,0.00015898724789501463
2142416,0,0,explicit_mmr,explicit_mmr,0.9476591805768022,0.026396317407157265,0.004082777318782931,0.0012486374608738394,0.00824421929071685,0.012368867945667068
2142436,0,0,explicit_mmr,explicit_mmr,0.9313424253150445,0.027760836915315387,0.018925569663586658,0.0026008559213447895,0.013379601726299067,0.005990710458409283
2142439,1,2,implicit_mmr,multi_method_not_mmr,0.2819886082224566,0.1869075895870195,0.37000318713013725,0.10814828051847943,0.04889298004957399,0.004059354492333296
2142490,1,0,implicit_mmr,explicit_mmr,0.6108692577748784,0.08470694050236732,0.020384769396327874,0.05591455086678207,0.2218485059227662,0.006275975536878226
2142503,1,0,implicit_mmr,explicit_mmr,0.6281175409346639,0.11957305949256368,0.038613196585750506,0.02805906609915749,0.16430935995108295,0.02132777693678149
2142594,1,0,implicit_mmr,explicit_mmr,0.40307997679736807,0.10006261299306926,0.2253353734762099,0.14662437122491656,0.09075017480822924,0.03414749070020711
2142628,2,0,multi_method_not_mmr,explicit_mmr,0.3795419639226833,0.028018090973956817,0.04485222983561362,0.1935838609135569,0.12341613106577703,0.23058772328841243
2142641,0,0,explicit_mmr,explicit_mmr,0.5233385857462189,0.31227063792634213,0.021609119723491093,0.017227834146507623,0.05091294639005567,0.07464087606738433
2142659,4,0,qual_only,explicit_mmr,0.48354995807376777,0.061278682132197566,0.29450825502835687,0.022136865972851374,0.1368585972068864,0.0016676415859399006
2142697,0,0,explicit_mmr,explicit_mmr,0.5925173107911698,0.12992863849219097,0.20473049291763415,0.037055284975312235,0.016975727202452464,0.018792545621240494
2142780,3,3,no_method_signal,no_method_signal,0.025523299334880237,0.004993209845457715,0.004118076946356295,0.9540943292785246,0.0006970267525259273,0.010574057842255288
2142783,1,0,implicit_mmr,explicit_mmr,0.4677187642435124,0.12218277922382234,0.25903055203781816,0.05333796546611427,0.08666247624782754,0.011067462780905226
2143173,1,1,implicit_mmr,implicit_mmr,0.1592518832876806,0.47119221410310297,0.03242620651166741,0.08180367424123282,0.20831016314417233,0.04701585871214392
2143671,0,1,explicit_mmr,implicit_mmr,0.4245263580786495,0.5584212609432013,0.0010171960767246142,0.007558003951705217,0.0070464138917426256,0.0014307670579769185
2144618,0,0,explicit_mmr,explicit_mmr,0.42867639566329535,0.05060647686303102,0.0014390039955875643,0.3721543594877256,0.13385039339385965,0.013273370596500786
2144698,4,0,qual_only,explicit_mmr,0.6190550958675808,0.0385290492342406,0.010849305066693425,0.29081371283012464,0.03090712778375882,0.009845709217601707
2145105,0,0,explicit_mmr,explicit_mmr,0.6136683996066546,0.1888832788703579,0.010702384950967743,0.0200513791607718,0.07879008705779376,0.08790447035345408
2146269,2,0,multi_method_not_mmr,explicit_mmr,0.472951062312821,0.01759726487322096,0.0022096877771035062,0.21014395270416536,0.13648797563546353,0.16061005669722578
2146359,3,3,no_method_signal,no_method_signal,0.19000867474497884,0.0628438400474201,0.0019604483749615814,0.4032075036264921,0.30707642013366,0.034903113072487335
2147625,0,2,explicit_mmr,multi_method_not_mmr,0.07300686430593026,0.007294571748424408,0.725800616466215,0.05308267077102473,0.13546606093754318,0.005349215770862405
2147810,0,4,explicit_mmr,qual_only,0.08590272848217625,0.03005338719283847,0.3306860088936744,0.01696848236990071,0.48561348652258485,0.050775906538825334
2147811,0,2,explicit_mmr,multi_method_not_mmr,0.1659968791744631,0.06846236168314086,0.42311323629593434,0.05674254707211547,0.2547924137905387,0.030892561983807677
2148014,1,0,implicit_mmr,explicit_mmr,0.501446673527436,0.2869314293682368,0.006995954663233349,0.018071800866803444,0.14193482472036908,0.044619316853921245
2148023,0,5,explicit_mmr,quant_only,0.015039973448138386,0.02939295665247804,0.06984506112120645,0.2242109296885485,0.05873550206696525,0.6027755770226634
2148451,0,2,explicit_mmr,multi_method_not_mmr,0.2609225777285757,0.13923947995571295,0.5223003769519509,0.06551353693242563,0.011882629672228327,0.00014139875910654164
2148543,0,3,explicit_mmr,no_method_signal,0.1383248145190958,0.023324651659125513,0.0077299552923587415,0.8174302457391476,0.011431809051001732,0.0017585237392706895
2148560,0,0,explicit_mmr,explicit_mmr,0.5610421490958589,0.10129893143508001,0.028931973091159358,0.1357298257383832,0.10703715732718543,0.06595996331233306
2148561,0,0,explicit_mmr,explicit_mmr,0.8380178420538232,0.08341616589034263,0.0063320515976266,0.04224471606948637,0.019862037326111977,0.010127187062609342
2148680,0,2,explicit_mmr,multi_method_not_mmr,0.13355970053148664,0.17206864302657868,0.6006983381171644,0.014291432070965648,0.07829684046976662,0.001085045784038002
2148777,1,5,implicit_mmr,quant_only,0.1821441040124948,0.01902562172464155,0.12316439154411676,0.19009658661185555,0.046749399438725706,0.4388198966681656
2149356,0,1,explicit_mmr,implicit_mmr,0.047448743090823184,0.6086253251686681,0.020399756717013922,0.005037585441388082,0.21215003841903982,0.10633855116306694
2149370,2,3,multi_method_not_mmr,no_method_signal,0.07824434896461706,0.0008040586535446681,0.009970400174461649,0.8854915282270756,0.004259012811549358,0.021230651168751804
2150045,0,0,explicit_mmr,explicit_mmr,0.6121424748318804,0.14857982689683777,0.012151206745077062,0.01890576025977055,0.02506130676670178,0.18315942449973233
2150088,2,3,multi_method_not_mmr,no_method_signal,0.020130229295510123,0.005291342097654743,0.13792762380104945,0.6311135441799961,0.04148402647103768,0.16405323415475193
2150297,4,1,qual_only,implicit_mmr,0.16592929059119982,0.2930468859130373,0.061638577813796246,0.05236803414170599,0.14109306521830078,0.28592414632195984
2150323,0,0,explicit_mmr,explicit_mmr,0.8100260527011548,0.052366406849667466,0.03467204981080825,0.08275626093376276,0.014737643836207282,0.005441585868399409
2150337,2,3,multi_method_not_mmr,no_method_signal,0.007400277033967189,0.0019578921661733417,0.044173934435890204,0.8720002808667996,0.03353444766002843,0.04093316783714135
2150449,5,5,quant_only,quant_only,0.15627435096785622,0.030731549100598762,0.2206506947772507,0.2384371107190362,0.016851031385880684,0.33705526304937733
2150961,2,0,multi_method_not_mmr,explicit_mmr,0.4331609194625202,0.0433156559044339,0.08911946244663599,0.3106042002552314,0.027324235634107165,0.0964755262970713
2151012,0,0,explicit_mmr,explicit_mmr,0.9214703647875101,0.0036633080945771266,0.0007529156144406922,0.04538516551596667,0.02193425853207307,0.006793987455432655
2151045,0,0,explicit_mmr,explicit_mmr,0.9506923396290644,0.0006712977983461234,0.0007057458890806858,0.03653665341929994,0.009266981030032444,0.0021269822341763484
2151046,4,5,qual_only,quant_only,0.2206960381691859,0.008350256338496485,0.0038290701528582247,0.1907652678910664,0.013756012942641156,0.5626033545057518
2151056,0,0,explicit_mmr,explicit_mmr,0.9468996869027093,0.0012253895316386874,0.000733271989756629,0.039556959464141485,0.010030191611758915,0.0015545004999949694
2151057,0,0,explicit_mmr,explicit_mmr,0.9901681041862472,0.0002600295602575469,0.00021315467499114535,0.006637988588780279,0.0021876314373554875,0.0005330915523683222
2151061,4,3,qual_only,no_method_signal,0.42916342570401805,0.004545249093036643,0.12011689518862267,0.43927616337185416,0.0027311686138494834,0.00416709802861904
2151141,2,0,multi_method_not_mmr,explicit_mmr,0.6014233699392567,0.04248226575705335,0.2717836107145832,0.02891298751248132,0.012910160228127918,0.04248760584849756
2151404,4,1,qual_only,implicit_mmr,0.24953746445935748,0.6027836506198511,0.004501556696152335,0.004423456315401616,0.1375495622679488,0.0012043096412887588
2152260,2,1,multi_method_not_mmr,implicit_mmr,0.15193611389685882,0.4296266897626023,0.22946693549906516,0.05008691216751167,0.09883277393146143,0.040050574742500636
2152282,0,0,explicit_mmr,explicit_mmr,0.7229084510313273,0.16517909171007425,0.013602414857400163,0.0006841783333674025,0.027912689188379212,0.06971317487945157
2152441,5,0,quant_only,explicit_mmr,0.5833023943194832,0.019009053214161287,0.005047783373713841,0.041679966689903744,0.038055988186773,0.3129048142159652
2154606,5,4,quant_only,qual_only,0.2536506706967089,0.13090284388328716,0.0077917438636303776,0.17293705458148184,0.28563018535757545,0.1490875016173163
2200365,3,2,no_method_signal,multi_method_not_mmr,0.05061723496000167,0.1277047277166492,0.5427422121325334,0.21707882409420104,0.04841689732722517,0.013440103769389526
2200748,1,0,implicit_mmr,explicit_mmr,0.6608454015075784,0.271991631909131,0.002384451695283419,0.008394306624508963,0.044305281836895076,0.012078926426603152
2200781,5,3,quant_only,no_method_signal,0.1196252898960122,0.06586629526670129,0.014332530734436561,0.4805736333745002,0.04212354340359088,0.2774787073247589
2200815,0,0,explicit_mmr,explicit_mmr,0.35589701748937097,0.1564232150449202,0.15839465802685476,0.0691624646412592,0.2570038400995461,0.0031188046980486143
2200830,0,0,explicit_mmr,explicit_mmr,0.4086685518663497,0.20793528797974306,0.35204525028810196,0.004663150993389963,0.023618695445964177,0.0030690634264511313
2200887,4,0,qual_only,explicit_mmr,0.6449686195959105,0.12757282345718823,0.0783556999899531,0.0005249323478479386,0.13612288218739402,0.01245504242170618
2200928,0,1,explicit_mmr,implicit_mmr,0.10204107590779306,0.4282917910080811,0.023028309868547127,0.022084973548477802,0.40925842315362826,0.015295426513472663
2201051,1,5,implicit_mmr,quant_only,0.12225181321481499,0.13160940611156635,0.000464116553363141,0.0018412929036413419,0.0022037579850299307,0.7416296132315843
2201545,0,0,explicit_mmr,explicit_mmr,0.8347953502183708,0.09616031906697527,0.031909233124287804,0.006543573213765408,0.017118419654467837,0.013473104722132633
2201576,0,0,explicit_mmr,explicit_mmr,0.6748862845096227,0.26310462233231646,0.010689400741921252,0.005083093680040124,0.017106353394835776,0.0291302453412635
2201641,4,0,qual_only,explicit_mmr,0.7156959802418292,0.07565728355313363,0.0018055871997542405,0.0025812114391231596,0.1997931912743435,0.004466746291816249
2201642,4,0,qual_only,explicit_mmr,0.7337093592659815,0.10018812158643779,0.004641819197259848,0.0018496806498851236,0.15762775898902737,0.001983260311408519
2201700,0,0,explicit_mmr,explicit_mmr,0.6666201593807417,0.261724449101845,0.029394664931167675,0.0036246144325207405,0.0021526905788583303,0.03648342157486657
2201701,0,0,explicit_mmr,explicit_mmr,0.853300269217544,0.10634685168113175,0.018513766074977296,0.0024876510124623333,0.003894542923795044,0.015456919090089614
2201764,0,0,explicit_mmr,explicit_mmr,0.6602098544671625,0.11729586088064485,0.003191823647898747,0.023095491927459504,0.1551885475311115,0.04101842154572282
2201765,0,0,explicit_mmr,explicit_mmr,0.8790077414585452,0.047654688880265736,0.0007262537694407872,0.0063250197931038424,0.061372696210836616,0.004913599887807794
2201792,4,0,qual_only,explicit_mmr,0.6273667500833688,0.07149041125868599,0.031451391011388635,0.0031053644520688053,0.027122810403262816,0.23946327279122492
2201793,4,0,qual_only,explicit_mmr,0.829150608853482,0.06132676659887684,0.04306948840234294,0.0006473320487974577,0.00921398465653311,0.05659181943996762
2201794,4,5,qual_only,quant_only,0.061374662795555944,0.20994749293930748,0.023326460421711912,0.0007597808162871383,0.005985418862086384,0.6986061841650512
2201795,4,0,qual_only,explicit_mmr,0.7586212886943902,0.10825458196191236,0.0304956100827394,0.004037716218742101,0.01388964814462059,0.08470115489759551
2201858,4,0,qual_only,explicit_mmr,0.5963992167398225,0.022025131447084227,0.1918769952872299,0.005618340078528898,0.05726836844596368,0.12681194800137086
2201859,4,0,qual_only,explicit_mmr,0.7395478177226193,0.05476019032404231,0.027637178579851016,0.024690905184668866,0.09291616052141781,0.06044774766740099
2201929,4,0,qual_only,explicit_mmr,0.8936751270451382,0.012671480711768667,0.006084750801048487,0.0036667855581790183,0.007883852204224188,0.07601800367964143
2201930,4,0,qual_only,explicit_mmr,0.8770666127914244,0.02167103259098774,0.0017478397255803924,0.010036978604180449,0.02765368134888503,0.0618238549389423
2201943,4,3,qual_only,no_method_signal,0.21704330201724525,0.10620955555525267,0.0001915554348871951,0.6562832115991888,0.011412984070505795,0.008859391322920374
2201993,2,3,multi_method_not_mmr,no_method_signal,0.020674960774341347,0.03516916214116919,0.00360300844807622,0.9284597542374725,0.0011461037824166314,0.010947010616524214
2202156,4,3,qual_only,no_method_signal,0.2498063890931731,0.10270978158016036,0.1324302507386731,0.3790831624233215,0.0023693367507689332,0.1336010794139028
2202169,0,0,explicit_mmr,explicit_mmr,0.805985683245422,0.048625158405397786,0.009086815697317575,0.0017513254950110794,0.10085131952273603,0.033699697634115365
2203386,1,0,implicit_mmr,explicit_mmr,0.510098169718114,0.10695161904497576,0.022957531800069833,0.3079464653256153,0.026715325423327618,0.02533088868789752
2204462,2,0,multi_method_not_mmr,explicit_mmr,0.6954747874521929,0.1310476821035664,0.00558731204131875,0.04214834395251143,0.04282885305694256,0.08291302139346794
2204537,2,5,multi_method_not_mmr,quant_only,0.46626679098238116,0.016328220614110787,0.002864551272344321,0.018482529557246653,0.02210094824720719,0.47395695932670995
2205001,0,5,explicit_mmr,quant_only,0.1670050965787344,0.06899200807929348,0.0109535495166932,0.05218958187357158,0.11897921069391425,0.5818805532577931
2205612,5,5,quant_only,quant_only,0.20685301354901037,0.1973936814366966,0.2539825176430033,0.00886196249386789,0.013269740541188442,0.31963908433623334
2207219,1,5,implicit_mmr,quant_only,0.03719303009661485,0.010881742463504762,0.0007479373630557206,0.3967304830178457,0.03911591718691755,0.5153308898720614
2207408,1,0,implicit_mmr,explicit_mmr,0.4519543732997076,0.32939208810776305,0.02038113682387673,0.008208556763639163,0.15278363986008744,0.037280205144925985
2207795,2,1,multi_method_not_mmr,implicit_mmr,0.06079113920964657,0.8916763381077549,0.03448982348291078,0.00033336565978437326,0.009213194315483909,0.00349613922441935
2211032,0,0,explicit_mmr,explicit_mmr,0.542943974807368,0.013459931004586026,0.020999113982353573,0.3751285889492928,0.04429658512173405,0.0031718061346653935
2214418,5,0,quant_only,explicit_mmr,0.5097284321478469,0.19175320409414068,0.03328880492313689,0.00874430944255351,0.19022674293165884,0.06625850646066321
2214516,0,3,explicit_mmr,no_method_signal,0.20322729949379595,0.1260100138891565,0.07882254040182887,0.4382172541678952,0.002838771611425869,0.15088412043589775
2214740,0,0,explicit_mmr,explicit_mmr,0.8323287239091162,0.10118218361343757,0.011133560551861238,0.0025229680013221143,0.042565284606281215,0.010267279317981349
2215050,1,4,implicit_mmr,qual_only,0.24399569381364417,0.12195422111282646,0.0011586937987425056,0.0004735529262078915,0.6297171560112668,0.0027006823373121568
2215084,0,0,explicit_mmr,explicit_mmr,0.5434234041674301,0.13900672481745255,0.1182219965342502,0.004961526653479289,0.1759842129836382,0.01840213484374983
2215166,0,0,explicit_mmr,explicit_mmr,0.44727823128898303,0.4072725504378912,0.04868467812974927,0.002094086913276713,0.08358560678751897,0.01108484644258099
2215167,0,1,explicit_mmr,implicit_mmr,0.1331680216218247,0.48705823122737874,0.2936515699067081,0.00808187516585747,0.06298810117671903,0.015052200901512046
2215592,2,2,multi_method_not_mmr,multi_method_not_mmr,0.06336615908487819,0.022801312783366796,0.907636536986694,0.0016033156903514426,0.0037653747096484456,0.0008273007450610106
2215653,0,0,explicit_mmr,explicit_mmr,0.7914268187439087,0.022815606568146417,0.022997789150227786,0.08675069598246107,0.0420953637573096,0.03391372579794634
2215654,0,0,explicit_mmr,explicit_mmr,0.5843488813623026,0.03957893896513765,0.0528256179464742,0.06969349653029254,0.044690132907746274,0.20886293228804667
2215655,0,0,explicit_mmr,explicit_mmr,0.7180058712731797,0.12405710585264028,0.03578843630309562,0.013348694095424255,0.023294307317305724,0.08550558515835452
2215656,0,0,explicit_mmr,explicit_mmr,0.49401552074876526,0.08795822987443372,0.030819846868697775,0.04346451829698702,0.10220017092642275,0.2415417132846935
2215970,0,1,explicit_mmr,implicit_mmr,0.15704548543053307,0.586736106211052,0.02502955679697458,0.0004913559140603459,0.22262272480863338,0.008074770838746552
2216031,0,0,explicit_mmr,explicit_mmr,0.5093356588484944,0.22132135400146352,0.019660311786167502,0.00401591025621559,0.2400522951564877,0.00561446995117139
2216121,0,1,explicit_mmr,implicit_mmr,0.09965108778748345,0.7449550412025042,0.03681415170315645,0.006722076655605636,0.10614032471742253,0.005717317933827892
2216351,0,0,explicit_mmr,explicit_mmr,0.5156988379099219,0.1845650587128135,0.009663099425062306,0.1866746252929527,0.004110515171851743,0.09928786348739786
2217640,2,0,multi_method_not_mmr,explicit_mmr,0.6160267957498078,0.0038157653901288342,0.09060726947270255,0.09887105441941785,0.1421312648330645,0.0485478501348784
2217718,1,3,implicit_mmr,no_method_signal,0.0948019862400638,0.13786817615725488,0.032083294221629914,0.5693068524784201,0.1463598666991118,0.01957982420351944
2217745,0,3,explicit_mmr,no_method_signal,0.18136700005679746,0.020654599560902185,0.0006396127062433863,0.7068374179544521,0.08297987138595163,0.007521498335653155
2219012,1,1,implicit_mmr,implicit_mmr,0.23949802737491227,0.4194965440518087,0.00853938848752688,0.03281450869229534,0.294873097429342,0.0047784339641148005
2219271,0,0,explicit_mmr,explicit_mmr,0.4940365228339494,0.43805867375444485,0.040193547537767896,0.0008093503638215671,0.0061514377855242264,0.020750467724492058
2219389,1,1,implicit_mmr,implicit_mmr,0.14610558641423738,0.42981440354783257,0.388313039474648,0.018318815393571494,0.002965591089406468,0.014482564080304215
2219522,2,3,multi_method_not_mmr,no_method_signal,0.08038400175586281,0.014186654145098369,0.05355779669015772,0.7611682289661483,0.0692081967722196,0.021495121670513057
2221149,0,1,explicit_mmr,implicit_mmr,0.06695123507484424,0.6607725514637979,0.006490039320139404,0.1881933183360773,0.03979485764404887,0.03779799816109231
2221153,0,0,explicit_mmr,explicit_mmr,0.512419491358018,0.057993477575794566,0.18428175237687433,0.21287489690763678,0.014627739349366665,0.017802642432309595
2221163,5,5,quant_only,quant_only,0.052794360267777764,0.19637105985448822,0.00349822687603499,0.12386715152812619,0.01070132456732029,0.6127678769062525
2221177,0,3,explicit_mmr,no_method_signal,0.08819848210887342,0.0201277007051468,0.018267717938074697,0.7005078131312203,0.021422863627163627,0.15147542248952114
2221187,0,2,explicit_mmr,multi_method_not_mmr,0.2493855704352006,0.08181565876009486,0.493374440432097,0.008732603270752698,0.03626905616121559,0.13042267094063925
2221242,0,0,explicit_mmr,explicit_mmr,0.5589577926502501,0.05740151058841651,0.006976440460666401,0.3163192007713241,0.010374720219413805,0.049970335309929205
2221262,0,5,explicit_mmr,quant_only,0.13898078396137561,0.28907665019157947,0.008893237748519425,0.12772493834911305,0.04469241721060369,0.3906319725388087
2221335,1,0,implicit_mmr,explicit_mmr,0.3017431780570233,0.239407975045171,0.10682330370555658,0.013920641881877844,0.11599008291186907,0.22211481839850217
2221337,1,0,implicit_mmr,explicit_mmr,0.4498304762845867,0.01666430952931974,0.0013524092739653534,0.009459762346963442,0.14458782578787216,0.3781052167772924
2221421,1,0,implicit_mmr,explicit_mmr,0.5724947912654118,0.01211048995295346,0.0041442805340577505,0.06287488765526114,0.008432505935087552,0.33994304465722824
2221462,1,5,implicit_mmr,quant_only,0.36210453840152457,0.08893236764335571,0.0036211764847782447,0.07046051650746686,0.06433415247223846,0.41054724849063623
2221465,5,0,quant_only,explicit_mmr,0.4353539317142758,0.06799037064628895,0.019136016864260284,0.2267152056489263,0.013333819793501909,0.23747065533274683
2221538,1,5,implicit_mmr,quant_only,0.2768839916206521,0.014941355921898252,0.0005200135534791265,0.07343435676830785,0.008769994399495705,0.625450287736167
2221574,0,0,explicit_mmr,explicit_mmr,0.4201580547839741,0.11460297137026239,0.06393579554705953,0.06090910115199237,0.04219657695865841,0.2981975001880532
2221627,0,3,explicit_mmr,no_method_signal,0.116539201541128,0.0463408740122447,0.00854017811107396,0.7286940877247496,0.0027267423739718343,0.09715891623683197
2221637,0,3,explicit_mmr,no_method_signal,0.14068260933155308,0.12225155372081527,0.02673767832407352,0.4312637637273503,0.050200366680520886,0.22886402821568685
2221696,2,5,multi_method_not_mmr,quant_only,0.3237419096819977,0.11631297783755763,0.0762558539463147,0.04404964565942911,0.04900393527320663,0.3906356776014943
2221912,0,1,explicit_mmr,implicit_mmr,0.06702792850775176,0.5146341653582883,0.014319765075525447,0.17042610810434064,0.2206520925119034,0.012939940442190413
2222278,0,0,explicit_mmr,explicit_mmr,0.9623659668013906,0.011170712349918724,5.1267580525351236e-05,0.002658611092430391,0.0032930467856022187,0.020460395390132818
2222293,0,0,explicit_mmr,explicit_mmr,0.784941205384671,0.10768974770199582,9.379571716942925e-05,0.0004951365688331937,0.03097291057583375,0.07580720405149703
2223907,0,0,explicit_mmr,explicit_mmr,0.985202477329375,0.007299020911519876,0.0009538741935206128,0.0029860719443837126,0.002255794243008882,0.0013027613781917801
2224674,0,1,explicit_mmr,implicit_mmr,0.20804412763536706,0.608220126212821,0.0340886413643505,0.00988381686904021,0.0918053241321048,0.04795796378631648
2224675,0,1,explicit_mmr,implicit_mmr,0.19868554425068732,0.654184605409213,0.009528874160775483,0.004578458151881604,0.02256519661225129,0.1104573214151913
2224857,0,0,explicit_mmr,explicit_mmr,0.5235191807467664,0.3049711741151035,0.004802669212991855,0.00870371966559917,0.1510231090024745,0.0069801472570647635
2225128,5,0,quant_only,explicit_mmr,0.6112595698878535,0.029460955625466505,0.002976780787689282,0.31089590691929625,0.04085923558939477,0.004547551190299632
2225209,2,0,multi_method_not_mmr,explicit_mmr,0.6607706047270773,0.23892289936613956,0.06396866427138949,0.0022790467493692774,0.023721383674121188,0.010337401211903375
2225211,1,0,implicit_mmr,explicit_mmr,0.516783693844724,0.1707118853369584,0.033465104332609776,0.038942093229536075,0.23838062355656486,0.0017165996996067975
2225255,1,0,implicit_mmr,explicit_mmr,0.9715835841776344,0.016101379063244794,0.00933515377112526,0.00043851440238640516,0.0005955705066236865,0.0019457980789853503
2225306,1,0,implicit_mmr,explicit_mmr,0.9197293176798554,0.0644773251463416,0.0028893724552788475,0.0003393240333291624,0.009880520176048862,0.002684140509146124
2225381,0,0,explicit_mmr,explicit_mmr,0.9374593494427842,0.031383496811998354,0.008792665192884665,0.0030231661091729266,0.01786763390861435,0.0014736885345456392
2228202,0,0,explicit_mmr,explicit_mmr,0.9400696516097161,0.01506711913400873,0.016744032029398115,0.003752215075853675,0.0035404834971799843,0.020826498653843246
2228211,4,5,qual_only,quant_only,0.3277298664228887,0.07624611651450354,0.060259079308022274,0.1332763365496699,0.07064892582983236,0.3318396753750833
2234071,0,2,explicit_mmr,multi_method_not_mmr,0.4386349704450465,0.023651514787348497,0.47748594883614276,0.0008140442905543301,0.05939123639324796,2.2285247660019955e-05
2234073,0,0,explicit_mmr,explicit_mmr,0.9492335144977685,0.007466498531532012,0.03290845836216356,0.0015172471531613547,0.008841121933691838,3.315952168282033e-05
2234074,0,0,explicit_mmr,explicit_mmr,0.9278750854268886,0.019678176736905768,0.03483792265961243,0.005096404819033057,0.012489428573685466,2.298178387478321e-05
2234348,2,0,multi_method_not_mmr,explicit_mmr,0.8056387212345301,0.06581669410296252,0.11504008555950809,0.008798921669406008,0.0004545354680619635,0.004251041965531447
2234633,0,0,explicit_mmr,explicit_mmr,0.7564060608367495,0.16747100866919526,0.0009501681536069163,0.03737215863827013,0.012714986152602316,0.025085617549575823
2235227,0,0,explicit_mmr,explicit_mmr,0.9771044495662735,0.005146215487700628,0.006852615254902756,0.005166694108022182,0.0034991709330528848,0.0022308546500477
2235241,1,0,implicit_mmr,explicit_mmr,0.8418597988681072,0.11501421840788838,0.012991063297629422,0.004167412998815842,0.017998188398005294,0.007969318029553654
2235345,0,0,explicit_mmr,explicit_mmr,0.9482644567248258,0.005505696307834665,0.007127264261036802,0.010760263818874766,0.02203475742158067,0.006307561465847054
2235460,1,0,implicit_mmr,explicit_mmr,0.7595106426398014,0.15077517596931225,0.005413253085156445,0.020455465142088944,0.007021217034739416,0.05682424612890129
2235461,2,3,multi_method_not_mmr,no_method_signal,0.02995360250087421,0.020771721435495934,0.0031259292141466344,0.871912314116897,0.07171510200770377,0.002521330724882635
2235543,1,0,implicit_mmr,explicit_mmr,0.7764417603040781,0.11799862784325571,0.00703337134579066,0.0050003793749699415,0.014707215210912427,0.07881864592099319
2235568,2,0,multi_method_not_mmr,explicit_mmr,0.6263109789153154,0.09883381110001345,0.005910829211199243,0.23582463778439416,0.018199136506690097,0.014920606482387837
2235600,3,2,no_method_signal,multi_method_not_mmr,0.2261526622128318,0.11921856561299536,0.5539461330008655,0.059490131832588784,0.019062805423691813,0.022129701917026918
2235774,5,0,quant_only,explicit_mmr,0.7195849710353822,0.21043695189294423,0.02295857487996755,0.03032826074254591,0.007172078883353147,0.009519162565806859
2235833,0,0,explicit_mmr,explicit_mmr,0.8527541814664792,0.059820615431118565,0.0010874291739724569,0.024390193139061628,0.03708138534471312,0.02486619544465504
2235957,0,0,explicit_mmr,explicit_mmr,0.8898383824529368,0.029484741329830838,0.00422043706641891,0.009996113237041105,0.022483482902402954,0.04397684301136942
2236075,0,0,explicit_mmr,explicit_mmr,0.5263177980122266,0.15440316195103454,0.004722805158152812,0.007209226487037482,0.3045871309545311,0.0027598774370174873
2236107,0,0,explicit_mmr,explicit_mmr,0.7036554684867098,0.013589907694607434,0.005335316345125944,0.253915685294652,0.018167645131812696,0.005335977047092133
2236402,0,0,explicit_mmr,explicit_mmr,0.26658003174056416,0.1357982256800648,0.24291808883951357,0.09002007681523193,0.015147900607392037,0.24953567631723356
2236739,4,1,qual_only,implicit_mmr,0.20196081844089284,0.5942734871047798,0.002700410862783445,0.038527269495803415,0.10487450183745152,0.057663512258289
2237053,0,0,explicit_mmr,explicit_mmr,0.881796710275506,0.011180648160619425,0.007959776926509708,0.041002673722536395,0.05253345682321315,0.005526734091615477
2237151,4,2,qual_only,multi_method_not_mmr,0.11645395493642931,0.2666265224984488,0.47573780480280403,0.04907668044015818,0.056357134048515355,0.03574790327364441
2237564,1,0,implicit_mmr,explicit_mmr,0.48115403566045295,0.2574189249545349,0.0028982019766100146,0.027917931925070708,0.06355521655959086,0.1670556889237406
2237902,4,0,qual_only,explicit_mmr,0.5291462744043233,0.29096178011457513,0.06493943305615246,0.0012011841322654528,0.10785689215481516,0.005894436137868518
2240951,1,0,implicit_mmr,explicit_mmr,0.9418577160632505,0.0369059675541668,0.00033299683764634834,0.008858119436845346,0.00394063185622593,0.008104568251865184
2241382,2,2,multi_method_not_mmr,multi_method_not_mmr,0.21909138625647712,0.06255966044431026,0.40771884665079466,0.23713939081713775,0.0271621174209386,0.046328598410341655
2241766,0,2,explicit_mmr,multi_method_not_mmr,0.013327525541319076,0.002440574189559508,0.9757790558081572,0.006365230271560054,0.00021416338692252266,0.001873450802481436
2243017,5,3,quant_only,no_method_signal,0.02431570147527498,0.1811700725242465,0.00035595219445209487,0.7903470324696161,0.0013464016817142585,0.0024648396546961553
2243018,5,3,quant_only,no_method_signal,0.08935667835520454,0.10383969864453911,0.0007224079604182936,0.801021987680476,0.0010987285821066521,0.0039604987772553155
2243019,5,3,quant_only,no_method_signal,0.01496787885039105,0.45213730461078094,0.0008694244784001971,0.5190197754060575,0.004762490491974697,0.008243126162395538
2243020,5,1,quant_only,implicit_mmr,0.0342719897350038,0.6394329913011304,0.00015708863030941978,0.3195971602086784,0.0013217264675446307,0.00521904365733338
2243021,5,3,quant_only,no_method_signal,0.08418009308989577,0.39027498700940505,0.0004263357173656986,0.5145681134759739,0.0018577347038387436,0.008692736003520822
2243106,5,3,quant_only,no_method_signal,0.016100579020332156,0.19528430711094988,0.000898740163175431,0.7829492537178533,0.003968931355358004,0.0007981886323312706
2243107,5,4,quant_only,qual_only,0.040680894827501674,0.2220792817793864,0.009567151929725683,0.31800755775241824,0.37035182047748205,0.039313293233485994
2243108,5,1,quant_only,implicit_mmr,0.04692177849073049,0.48335784795567643,0.002017693107413096,0.41983934824673264,0.01301366719427303,0.03484966500517421
2243109,0,0,explicit_mmr,explicit_mmr,0.6046748508776852,0.25432185967623056,0.000716375970897886,0.004170260377039663,0.09978190272087326,0.03633475037727345
2243288,0,0,explicit_mmr,explicit_mmr,0.9239679481621311,0.00801953443909121,0.011624897504499914,0.05011336965319987,0.0016493260607725155,0.004624924180305418
2243403,2,3,multi_method_not_mmr,no_method_signal,0.2586244873299593,0.033429611528891935,0.06474058009008588,0.469341513013708,0.16696766301432128,0.006896145023033444
2243443,0,3,explicit_mmr,no_method_signal,0.061870922844203216,0.06310600174318105,0.008271906191995866,0.7992923748911911,0.02689912010724393,0.04055967422218478
2243457,0,5,explicit_mmr,quant_only,0.0369307298741471,0.0048813886221511,0.0025188117979736075,0.10264403368250591,0.0036268052339832476,0.8493982307892392
2243484,1,3,implicit_mmr,no_method_signal,0.46817555187308185,0.01523372975624429,0.0006104766530038189,0.4799722747219313,0.021946759521394053,0.01406120747434458
2243510,4,0,qual_only,explicit_mmr,0.5815148232876227,0.0728324145217841,0.006104057421246426,0.3069295976685178,0.015054303217828061,0.01756480388300085
2243553,2,3,multi_method_not_mmr,no_method_signal,0.3406605774044321,0.008470918664129719,0.09696394984422398,0.3962662409342581,0.014287288577808461,0.14335102457514767
2243558,2,2,multi_method_not_mmr,multi_method_not_mmr,0.14124553341295418,0.10100974802442236,0.575074079823232,0.10945984017293846,0.024596945068378107,0.048613853498074976
2244031,5,4,quant_only,qual_only,0.01576270295130636,0.06564564830233714,0.19022154116252285,0.07603225982713946,0.41754149272887536,0.2347963550278187
2244323,0,0,explicit_mmr,explicit_mmr,0.8732906593518636,0.05074306648072579,0.012540523076799238,0.007776546265014287,0.03268263439789894,0.022966570427698226
2244342,5,1,quant_only,implicit_mmr,0.21260784533801527,0.2614809665627903,0.0938662362914287,0.19580294705548856,0.198417109183464,0.03782489556881322
2244546,2,3,multi_method_not_mmr,no_method_signal,0.010870330102376924,0.0597890342598167,0.0003724283284772962,0.7481386421872297,0.1532972410870557,0.027532324035043566
2246200,0,0,explicit_mmr,explicit_mmr,0.5476959577985262,0.063312867253165,0.01607554216868594,0.01117655039730287,0.006431658188582506,0.3553074241937375
2247026,3,5,no_method_signal,quant_only,0.007477071372949088,0.13654308217633507,0.022683268744595513,0.16368670405511954,0.004722757575179115,0.6648871160758217
2247282,5,0,quant_only,explicit_mmr,0.9083006870984875,0.022378581917405074,0.00964165054904898,0.006527480930609324,0.005352426411022494,0.04779917309342681
2247283,5,0,quant_only,explicit_mmr,0.6544893377577297,0.03379143490376265,0.03537836894082766,0.0028970509459409224,0.0065825680024908925,0.26686123944924817
2247790,0,5,explicit_mmr,quant_only,0.051000449631165075,0.02381611393384564,0.1322652466359754,0.005959582504919245,0.004190502418960991,0.7827681048751337
2247809,4,0,qual_only,explicit_mmr,0.8270915960905219,0.022448111726516277,0.004527867596134589,0.12269427250161906,0.017301569072804723,0.005936583012403551
2247976,0,0,explicit_mmr,explicit_mmr,0.7351549130150046,0.010472630291118402,0.008983801018559593,0.12074680624563557,0.0038791117237451716,0.12076273770593664
2300233,0,2,explicit_mmr,multi_method_not_mmr,0.19985228470088515,0.04694093611591207,0.4688324555982422,0.004125348143988498,0.22812505403042307,0.052123921410548966
2300291,0,0,explicit_mmr,explicit_mmr,0.46706652201473536,0.04331132666843059,0.16351494758508847,0.00543830317639973,0.19215142926147905,0.1285174712938668
2300322,0,1,explicit_mmr,implicit_mmr,0.22397217378326983,0.46931855172283565,0.14974387327804461,0.0049130436887039,0.14044469972171092,0.01160765780543501
2300323,0,1,explicit_mmr,implicit_mmr,0.06388527878315944,0.5870608974604395,0.21930601809647352,0.025118609092491296,0.08780009784697322,0.016829098720463
2300376,0,0,explicit_mmr,explicit_mmr,0.39013817867739714,0.019809436105532114,0.32976625207709254,0.002290725507928952,0.036605284569988725,0.22139012306206066
2300618,0,0,explicit_mmr,explicit_mmr,0.4654895022751307,0.11568772646211044,0.1958137944784387,0.07673651997871947,0.14564740848718816,0.0006250483184124856
2300619,0,0,explicit_mmr,explicit_mmr,0.6134402182778115,0.11933577393274737,0.1233115850766528,0.047542466760459624,0.09024000521610798,0.006129950736220712
2300676,0,4,explicit_mmr,qual_only,0.26712745979453484,0.17521338737655212,0.1191217297433429,0.0495712643952576,0.371568108061175,0.01739805062913759
2300709,0,1,explicit_mmr,implicit_mmr,0.4153838406968932,0.5209977238243845,0.013398385321881923,0.0039271511990441686,0.021109593740922653,0.025183305216873494
2300710,0,0,explicit_mmr,explicit_mmr,0.5210455833194876,0.246509088755977,0.030261568646266588,0.04579469743470165,0.12122757367642985,0.035161488167137385
2300725,0,0,explicit_mmr,explicit_mmr,0.735834038643276,0.0857895792933591,0.129739874181596,0.01036082074434687,0.017280057888324946,0.020995629249097026
2300744,5,0,quant_only,explicit_mmr,0.4983665566945831,0.02367377828203152,0.007613590713283797,0.40141110548638154,0.025324503424793914,0.04361046539892618
2300747,1,0,implicit_mmr,explicit_mmr,0.9628244473897348,0.03435968844210082,0.00044707760659714067,0.0002989956523311886,0.001958471517150722,0.00011131939208537001
2300927,0,0,explicit_mmr,explicit_mmr,0.9562236369998278,0.0012765658948024332,0.005216858688497778,0.005839253275389625,0.03070758142655372,0.0007361037149287566
2300977,0,0,explicit_mmr,explicit_mmr,0.46127516544415204,0.015247646644564527,0.0023163572926071033,0.005700010868961236,0.14420873903607212,0.371252080713643
2301049,0,0,explicit_mmr,explicit_mmr,0.9626564686840731,0.031582353058043855,0.0006094798821977685,0.0038846412721575017,0.0007638404597202215,0.0005032166438075201
2302112,1,2,implicit_mmr,multi_method_not_mmr,0.07762775553251015,0.14907739446293453,0.6903419762626617,0.002542665710887546,0.033169387326572146,0.04724082070443383
2306044,5,3,quant_only,no_method_signal,0.32308234906274824,0.0325173979947754,0.22358106270427328,0.3422526038127402,0.06428728790688033,0.014279298518582596
2306052,0,4,explicit_mmr,qual_only,0.09665222836794643,0.18783819613393013,0.031906959515443416,0.007700458958545382,0.6605972491052965,0.015304907918838337
2306053,0,1,explicit_mmr,implicit_mmr,0.1384190881936151,0.5291098080142842,0.0126221800858409,0.006300958850790639,0.2874899930839873,0.026057971771481832
2306099,0,4,explicit_mmr,qual_only,0.23716158559693076,0.184702200259472,0.002646522346413415,0.014636015250094066,0.5536868064513635,0.007166870095726282
2306262,0,4,explicit_mmr,qual_only,0.2588381753909556,0.10856042604170443,0.011829898550941553,0.10459017609443155,0.5085995859274935,0.0075817379944731495
2306263,0,0,explicit_mmr,explicit_mmr,0.6222316388718955,0.0707780681524193,0.011469961890950026,0.10460844904913849,0.1788307860560114,0.012081095979585269
2306270,1,0,implicit_mmr,explicit_mmr,0.4918139553810297,0.18748072890653167,0.13464172196138327,0.0011210784160159044,0.006621690000072954,0.17832082533496646
2306271,1,4,implicit_mmr,qual_only,0.12395849497641988,0.1499066294426279,0.03368953555346577,0.014043912537093505,0.6654990385076192,0.012902388982773759
2306658,0,3,explicit_mmr,no_method_signal,0.17131267939808476,0.016694638779255283,0.20861922629337717,0.48729769452568955,0.0631312198633672,0.05294454114022615
2308501,0,3,explicit_mmr,no_method_signal,0.05613076887095633,0.011851342621801065,0.019954348464796094,0.8989437293836445,0.004701236110718242,0.008418574548083764
2311493,5,0,quant_only,explicit_mmr,0.45590554604852646,0.010387096161303322,0.059130688760800965,0.4479788335432344,0.020632557438493758,0.005965278047640991
2313240,1,0,implicit_mmr,explicit_mmr,0.43925350998740254,0.10160505318054876,0.04203393020182273,0.30732015523514533,0.09528284213095838,0.014504509264122573
2313241,1,3,implicit_mmr,no_method_signal,0.34095528652537815,0.06427100731441915,0.007167694883867658,0.447710849793548,0.1253026109632484,0.014592550519538715
2313369,3,3,no_method_signal,no_method_signal,0.0012121819316861814,2.911434835821879e-05,0.004560429348908706,0.9747461599431988,0.019437284113259023,1.4830314589149227e-05
2313418,0,2,explicit_mmr,multi_method_not_mmr,0.10864502283396794,0.21799728400052823,0.5871208333981985,0.0015745453767269995,0.05228118119096491,0.03238113319961355
2313440,1,0,implicit_mmr,explicit_mmr,0.8015602430778734,0.058277111836539594,0.10870843871432637,0.0071760141983969955,0.001814969533725123,0.022463222639138487
2313850,1,0,implicit_mmr,explicit_mmr,0.6159220086348786,0.07492935491895987,0.0212165420509948,0.0191037585495718,0.007547114538563164,0.26128122130703174
2313972,1,0,implicit_mmr,explicit_mmr,0.9101656611275842,0.05810997652945433,0.006282760863006794,0.005717755371276207,0.01126681184975569,0.00845703425892273
2313979,2,4,multi_method_not_mmr,qual_only,0.2159004216053854,0.2275610220770404,0.026111752611205647,0.09778567918412553,0.4301322638948343,0.0025088606274088557
2314075,1,2,implicit_mmr,multi_method_not_mmr,0.2265848316087969,0.1861026968375712,0.41333529042233336,0.011058185959616662,0.04831907118531257,0.11459992398636935
2314089,0,0,explicit_mmr,explicit_mmr,0.6520103313015014,0.07614393465155084,0.21471746741762998,0.025762910597475437,0.008988837062456411,0.022376518969385854
2314107,0,2,explicit_mmr,multi_method_not_mmr,0.35046919921322994,0.038730493269534025,0.44678650259226665,0.07153022601610066,0.06674507636577283,0.025738502543095978
2314109,2,3,multi_method_not_mmr,no_method_signal,0.28310690918986736,0.07571555526301019,0.18928547540146065,0.3166366424568221,0.0057139600826195585,0.12954145760622
2314112,4,0,qual_only,explicit_mmr,0.6280443841329826,0.04640567450466255,0.04412390417652802,0.15974631000126557,0.09436700641954453,0.02731272076501657
2314144,1,0,implicit_mmr,explicit_mmr,0.38108188940230053,0.01552678629337717,0.22693413626097816,0.3431389088835681,0.01158681135955944,0.02173146780021671
2314238,1,0,implicit_mmr,explicit_mmr,0.9502207049146979,0.008311792457523485,0.005122927526920416,0.00023238374943033364,0.025147331301520023,0.010964860049907868
2314844,0,0,explicit_mmr,explicit_mmr,0.6214640880726382,0.032932799033733307,0.040809695999374555,0.023261659450332116,0.040657017769621856,0.24087473967430006
2315023,4,0,qual_only,explicit_mmr,0.7232268262311158,0.11036706519209426,0.01387262658070928,0.02521293643278523,0.04944378140830121,0.07787676415499424
2315024,4,0,qual_only,explicit_mmr,0.4579092900422441,0.03870896867178537,0.03663222246419924,0.04614852080838888,0.013326766255609985,0.4072742317577723
2315095,1,0,implicit_mmr,explicit_mmr,0.9227281334823528,0.016253854156912755,0.00048812568240454434,0.033764786742631295,0.019856323991498614,0.006908775944200041
2315124,0,1,explicit_mmr,implicit_mmr,0.3279341637428902,0.35024270642477895,0.0027119718238802727,0.016491443558940905,0.2651341192377198,0.03748559521178995
2315277,0,0,explicit_mmr,explicit_mmr,0.8986184352906071,0.010290348159197401,0.04586072064424344,0.0027038422711672095,0.03484917880963467,0.007677474825150067
2315353,1,0,implicit_mmr,explicit_mmr,0.304653289623837,0.19598252872070432,0.05774125077211183,0.03243290309422391,0.29965047955200236,0.10953954823712075
2315532,0,0,explicit_mmr,explicit_mmr,0.8888673049409205,0.05794681519145079,0.019897490137761837,0.001210452250707391,0.029111763817754422,0.002966173661405073
2315617,0,3,explicit_mmr,no_method_signal,0.09937232230787871,0.2514598447441233,0.01116224462017965,0.625947390941731,0.005761435553159615,0.006296761832927793
2315626,5,0,quant_only,explicit_mmr,0.41527818804109273,0.020132616500948698,0.20429279506027626,0.01258259509281456,0.002403146571486835,0.3453106587333808
2315647,5,5,quant_only,quant_only,0.015299506994460619,0.2849673517784385,0.2667110008635415,0.06165689672701944,0.021995936296979164,0.34936930733956084
2315763,0,1,explicit_mmr,implicit_mmr,0.280199591767583,0.41835281797691654,0.1451995181532591,0.034484791011472,0.07190560391674637,0.04985767717402289
2315912,0,0,explicit_mmr,explicit_mmr,0.5311874481470604,0.2277944772836224,0.001060461562175991,0.05861872385706549,0.04231280456255266,0.13902608458752305
2317283,4,0,qual_only,explicit_mmr,0.8933225724667474,0.03123061856027032,8.689989698534593e-05,0.04517496231927933,0.02350407311995305,0.00668087363676448
2317318,4,0,qual_only,explicit_mmr,0.5761587365504228,0.008622279193344093,0.014546797033120371,0.1225573265153454,0.27612215417295044,0.001992706534816996
2317319,4,0,qual_only,explicit_mmr,0.5744003732232219,0.032494277807333445,0.07332228029554544,0.20457707419393759,0.11306222218468741,0.0021437722952742707
2317747,0,0,explicit_mmr,explicit_mmr,0.730113604485186,0.18470648723899535,0.06868219104468952,0.01147725702544775,0.0034734906180256086,0.0015469695876557826
2317780,0,0,explicit_mmr,explicit_mmr,0.9140467282374392,0.021350602631667777,0.005034361177943634,0.007054082873271902,0.03914582207306607,0.013368403006611587
2317969,2,3,multi_method_not_mmr,no_method_signal,0.19742083122042767,0.028416999170847397,0.021253332153625862,0.7442616510518169,0.008570269545111808,7.691685817064369e-05
2318158,0,0,explicit_mmr,explicit_mmr,0.901900017163829,0.03583554086830883,0.0013398419031625352,0.010291901974677053,0.04262555815781194,0.008007139932210652
2318178,0,0,explicit_mmr,explicit_mmr,0.6044231132016316,0.3439320839578897,0.0093918341158132,0.0036477418343651012,0.0234831241911072,0.015122102699193387
2318264,1,0,implicit_mmr,explicit_mmr,0.8536994324054654,0.07024280478894344,0.008147050254852652,0.00035828461327743264,0.017918107573881046,0.04963432036358002
2318415,0,0,explicit_mmr,explicit_mmr,0.5477634695761293,0.041658393667553605,0.0019173128957398733,0.3538146265437561,0.03488338279725081,0.019962814519570476
2318849,4,4,qual_only,qual_only,0.35536576023572525,0.03615490520071081,0.17981110286802832,0.04956283427146886,0.37867542022864126,0.00042997719542561537
2320947,0,3,explicit_mmr,no_method_signal,0.03000007526796357,0.15263923006739682,0.3181822145977082,0.4186730819505188,0.03407702190934562,0.046428376207067114
2321179,0,0,explicit_mmr,explicit_mmr,0.6744382826227409,0.07013810711795655,0.21961748287636967,0.027614548777946175,0.005420388317707634,0.0027711902872789964
2321205,0,0,explicit_mmr,explicit_mmr,0.8944455590174666,0.07219088546986095,0.0012454536624026242,0.0004955887302198733,0.023644212705832612,0.007978300414217489
2321218,1,0,implicit_mmr,explicit_mmr,0.8624330779938095,0.11854984732531022,0.01234988092206242,0.000220262703114498,0.006173061416994353,0.00027386963870888265
2321219,1,0,implicit_mmr,explicit_mmr,0.9703306710055802,0.008801902493079947,0.0014918204775606959,0.004430525928318049,0.014474231570886299,0.00047084852457473646
2321243,0,1,explicit_mmr,implicit_mmr,0.3938915220011166,0.4513819096751354,0.0071603480569132376,0.03422989599254379,0.08572903007378918,0.0276072942005019
2321390,0,5,explicit_mmr,quant_only,0.074480901146927,0.09690414199748111,0.002797141539441366,0.2848664494778775,0.08820171067286464,0.45274965516540827
2321391,0,5,explicit_mmr,quant_only,0.11181463078602827,0.13622759041477614,0.0020045144843241435,0.14154375367469973,0.1917798421648077,0.4166296684753641
2322250,4,2,qual_only,multi_method_not_mmr,0.09352101079103951,0.1604505201101343,0.5290826659569521,0.019268673844340955,0.19265045917799622,0.005026670119536993
2323131,5,0,quant_only,explicit_mmr,0.3024057340698376,0.11893052721820747,0.3005207261518928,0.04274606115670752,0.15243115830469658,0.08296579309865805
2324575,2,0,multi_method_not_mmr,explicit_mmr,0.5298407150033806,0.06789267220963469,0.17239259465506115,0.17865553420489577,0.004672868418356428,0.04654561550867134
2325989,1,5,implicit_mmr,quant_only,0.006024206277945645,0.11955419332308112,0.0016470578720196238,0.018365369851870508,0.00394670939974494,0.8504624632753383
2326588,1,1,implicit_mmr,implicit_mmr,0.23584126696765187,0.2998846535833764,0.005954310319487484,0.021822686296860343,0.25741392981627165,0.17908315301635216
2327314,1,0,implicit_mmr,explicit_mmr,0.9616155191190628,0.01595358309644659,0.00025360112849989145,0.007385213809477612,0.01346946303258404,0.0013226198139288804
2327420,4,0,qual_only,explicit_mmr,0.8321026718511931,0.10360503632814276,0.021531287236811247,0.003581558669213574,0.0363192205467357,0.002860225367903496
2327488,4,0,qual_only,explicit_mmr,0.5316900074019295,0.17549949813421944,0.010179307660825055,0.23415423483861417,0.04470069700812261,0.003776254956289302
2329579,2,0,multi_method_not_mmr,explicit_mmr,0.843535936116171,0.023957761851479846,0.0973980994567656,0.02589771345364039,0.006150240503396381,0.0030602486185467145
2330963,0,0,explicit_mmr,explicit_mmr,0.8757878678130867,0.06598609698677099,0.0006225272760260381,0.008637627708917555,0.009961556202232186,0.03900432401296679
2332167,5,2,quant_only,multi_method_not_mmr,0.2503080214616548,0.006763687713260892,0.4816624312922966,0.04309978505225928,0.006857929581887976,0.2113081448986404
2333764,2,2,multi_method_not_mmr,multi_method_not_mmr,0.226731380436473,0.06884898680530226,0.5680204593378374,0.028601606728649233,0.08050948272569494,0.027288083966043156
2333959,4,1,qual_only,implicit_mmr,0.15754615092283125,0.7391555014052907,0.004834473085879141,0.020740474259015464,0.023987731045766823,0.053735669281216564
2334693,0,0,explicit_mmr,explicit_mmr,0.7139754146644569,0.036506495738491414,0.03655768718191179,0.15055282799899708,0.03481016081191001,0.027597413604232762
2335625,2,0,multi_method_not_mmr,explicit_mmr,0.5702112825797014,0.09181347919048505,0.15723242254742953,0.09314672559082637,0.04652930156763856,0.04106678852391908
2335725,5,5,quant_only,quant_only,0.033994948961046004,0.001572436361837695,0.36398328493393045,0.0010014093788693632,0.018865517741577693,0.5805824026227389
2336135,0,0,explicit_mmr,explicit_mmr,0.6997508380051075,0.04768109376548274,0.22330926123560357,0.0010975136816394546,0.018812102614845106,0.009349190697321682
2336136,0,0,explicit_mmr,explicit_mmr,0.4534138965322201,0.13718615543484175,0.15031866301031394,0.0031786053985026178,0.10353992913476347,0.15236275048935816
2336456,3,3,no_method_signal,no_method_signal,0.4579299056806579,0.007817110397395499,0.0006422725373017684,0.494575327884913,0.03357317989736631,0.005462203602365436
2336683,3,5,no_method_signal,quant_only,0.2551535326503041,0.030952808267355948,0.16693789816745533,0.028780092479992254,0.21774125555157492,0.30043441288331746
2336910,1,0,implicit_mmr,explicit_mmr,0.6419266979734435,0.08032819140275681,0.00043010147761530034,0.10943038664138914,0.019104309602379167,0.14878031290241625
2336911,1,0,implicit_mmr,explicit_mmr,0.575198051466814,0.11962801989311464,0.0018207677138435548,0.19522064786732315,0.03194084334743436,0.07619166971147032
2336912,1,0,implicit_mmr,explicit_mmr,0.43334832521021105,0.2266969004569051,0.002134437185167544,0.13376371465905484,0.027052942148664667,0.1770036803399968
2337003,0,0,explicit_mmr,explicit_mmr,0.6952081673951849,0.10140007710630052,0.05145898478082801,0.007259913881236948,0.11150206509963995,0.033170791736809646
2337016,0,0,explicit_mmr,explicit_mmr,0.9260230518761381,0.05134759006843926,0.0007957089631591168,0.0012170959859054697,0.019565469267889716,0.0010510838384684934
2337017,0,0,explicit_mmr,explicit_mmr,0.8912995960570289,0.10300913985957923,0.00022637627047196097,0.0004959708539117767,0.004344948014846409,0.0006239689441617194
2337018,0,0,explicit_mmr,explicit_mmr,0.9138766530554394,0.06190017294041614,0.001165394988534803,0.001667510225483803,0.014623217939823564,0.006767050850302512
2337019,0,0,explicit_mmr,explicit_mmr,0.9281344241927354,0.05029478231913047,8.290017519916314e-05,0.001824590300202846,0.014530440777072643,0.005132862235659372
2337020,0,0,explicit_mmr,explicit_mmr,0.7234229755465053,0.2584486507729362,0.0005621288430125795,0.0011984654255256897,0.014026459787553973,0.002341319624466215
2337021,0,0,explicit_mmr,explicit_mmr,0.8637925700494972,0.12397490201821479,7.187295792289452e-05,0.0013599251946383028,0.006527377607519832,0.004273352172207184
2337142,0,0,explicit_mmr,explicit_mmr,0.49334106279881645,0.14669197178711257,0.31335753214730716,0.00044720149930970636,0.001156261075091442,0.045005970692362736
2337143,0,2,explicit_mmr,multi_method_not_mmr,0.24698164135711734,0.12658249553989612,0.5477730671383656,3.796852829327276e-05,0.007296513767356478,0.071328313668971
2337144,0,0,explicit_mmr,explicit_mmr,0.33902614081279914,0.2681115276290723,0.05256343397048272,0.001365395415705688,0.010796015312388607,0.3281374868595516
2337145,0,1,explicit_mmr,implicit_mmr,0.22699816218387908,0.5272751137674452,0.18605173798501967,0.0010041242499340948,0.013036551660281023,0.04563431015344084
2337146,0,0,explicit_mmr,explicit_mmr,0.7739001995875654,0.10811499649049025,0.04878975176085933,0.00023896402171842205,0.002786826004196377,0.06616926213517008
2337247,0,0,explicit_mmr,explicit_mmr,0.6018744168834275,0.014866890922892149,0.005105975601144344,0.22997558610699975,0.005357836928084899,0.14281929355745132
2337612,1,1,implicit_mmr,implicit_mmr,0.15446540952437413,0.5973080805120289,0.011316010008439062,0.0026978468087142295,0.003483757846028718,0.23072889530041518
2337709,4,0,qual_only,explicit_mmr,0.764844312337499,0.036539225645591096,0.0026629846124349844,0.044739794583566465,0.14597104296755795,0.005242639853350722
2339289,0,0,explicit_mmr,explicit_mmr,0.3107801833894941,0.18488186515071015,0.2904213478257597,0.11719688025391968,0.02001671465585978,0.07670300872425666
2339702,0,1,explicit_mmr,implicit_mmr,0.04553911510494442,0.792846010884933,0.0006074132016064886,0.000521068116654382,0.010989933080213194,0.1494964596116483
2340576,1,0,implicit_mmr,explicit_mmr,0.47005128410381625,0.15584997449748317,0.23948830496071416,0.07070439469690404,0.0356107088198123,0.0282953329212701
2342574,0,0,explicit_mmr,explicit_mmr,0.6832894555329307,0.07445618631862483,0.036209420516840125,0.16452210890161395,0.04088693002201697,0.0006358987079733996
2342624,1,0,implicit_mmr,explicit_mmr,0.6576628086233572,0.14162650504619131,0.06253226260258568,0.030760998731480204,0.06409683912220668,0.04332058587417885
2342625,1,0,implicit_mmr,explicit_mmr,0.9053484092568956,0.050015824825878054,0.004750715837875361,0.031099168172952836,0.0025098781193912414,0.006276003787006595
2342626,1,0,implicit_mmr,explicit_mmr,0.40460603628972647,0.3575491561295923,0.04067172153804288,0.06723729704051794,0.05071421787369778,0.07922157112842255
2342627,1,0,implicit_mmr,explicit_mmr,0.7654119771479883,0.07682639531128208,0.01400425863836685,0.07118134474168607,0.06324558493946716,0.009330439221209649
2342766,0,0,explicit_mmr,explicit_mmr,0.5735285753391074,0.13414974674981398,0.06562362883945819,0.16492138213247537,0.028250355074928138,0.033526311864217034
2344789,1,0,implicit_mmr,explicit_mmr,0.5583225742214598,0.054878952623491024,0.014367135553472465,0.0039002502534240106,0.36242313191561204,0.006107955432540665
2344790,1,0,implicit_mmr,explicit_mmr,0.6985601015039716,0.062175847594999785,0.006463062129836216,0.012451179178757047,0.21833487039901012,0.002014939193425307
2344791,1,0,implicit_mmr,explicit_mmr,0.7309805354020551,0.09456122511351643,0.006595050153977309,0.001497309912395327,0.16314406235420859,0.0032218170638469387
2344792,1,0,implicit_mmr,explicit_mmr,0.858962793128444,0.026924462224423823,0.023437472127635226,0.00822620675897567,0.06541437171379944,0.01703469404672179
2344793,1,0,implicit_mmr,explicit_mmr,0.7524980116616068,0.16123903701327824,0.0039010588218475173,0.010497666524832501,0.06663396128601293,0.00523026469242202
2344794,1,0,implicit_mmr,explicit_mmr,0.8681585859247744,0.044785177736955166,0.008479463518613842,0.003558368064971653,0.05795803778990789,0.017060366964777248
2344795,1,0,implicit_mmr,explicit_mmr,0.6805977030961152,0.07063877598221582,0.017618533423761334,0.004907133373914077,0.18530839037311053,0.040929463750882966
2344854,2,0,multi_method_not_mmr,explicit_mmr,0.5849139471237641,0.029340050545204017,0.09796081998291056,0.09399697438442761,0.06709002722275356,0.12669818074094005
2344942,0,0,explicit_mmr,explicit_mmr,0.8613666253564104,0.024441382163455833,0.024128544346864154,0.0699497339875309,0.004036293489203564,0.016077420656535214
2344947,2,5,multi_method_not_mmr,quant_only,0.1672887652982047,0.009466296547942172,0.025872195163189303,0.30079785099356005,0.013721701681959518,0.4828531903151442
2344960,2,5,multi_method_not_mmr,quant_only,0.011444728451717758,0.023995864208937796,0.09573417548576907,0.020788899958155225,0.2769992335651338,0.5710370983302863
2345042,1,0,implicit_mmr,explicit_mmr,0.4255125228315538,0.02494128146940204,0.06205857970574101,0.24282881813920887,0.23961296114277061,0.005045836711323684
2345094,0,0,explicit_mmr,explicit_mmr,0.6227725097376346,0.002926082778456248,0.003063328708357711,0.27938448906970414,0.06124863958657974,0.03060495011926725
2345114,0,0,explicit_mmr,explicit_mmr,0.8092554470918176,0.04033012395927074,0.03987983172333641,0.0490041281895008,0.017867270312608003,0.043663198723466384
2345129,1,0,implicit_mmr,explicit_mmr,0.8904746212609503,0.00411012883155579,0.0008300158670799146,0.001143806051982316,0.030329999227614535,0.07311142876081704
2345187,0,0,explicit_mmr,explicit_mmr,0.9040023009367892,0.0035638333263363197,0.03869470350174689,0.010430181858544873,0.04261022472014704,0.0006987556564356105
2345204,2,3,multi_method_not_mmr,no_method_signal,0.3079592361136224,0.0731368499424669,0.0098110115849659,0.41436346716943195,0.1429314600377183,0.051797975151794434
2345377,5,0,quant_only,explicit_mmr,0.5660159707564397,0.02912704586222245,0.01556802518703003,0.29618972001743255,0.01674931293358543,0.07634992524328983
2345378,0,0,explicit_mmr,explicit_mmr,0.5674779236173522,0.09721548748307408,0.021087994870040677,0.0015758537919051871,0.005873929402774444,0.3067688108348535
2345607,3,0,no_method_signal,explicit_mmr,0.4616680400219992,0.05892088077548083,0.16524013132965412,0.1428914339197412,0.08137700176306405,0.08990251219006054
2346653,0,0,explicit_mmr,explicit_mmr,0.8187059812257025,0.0734711432434321,0.0022237640755045896,0.06223149051367875,0.04128883460447478,0.0020787863372071333
2346868,4,0,qual_only,explicit_mmr,0.7988539332943116,0.044298144937211056,0.016899739686323634,0.11221142815044706,0.02441274352389169,0.003324010407814865
2347820,1,0,implicit_mmr,explicit_mmr,0.5677644019783202,0.14548942034669407,0.2529067483268558,0.01361922665847358,0.006995823853734002,0.013224378835922375
2347821,1,0,implicit_mmr,explicit_mmr,0.84612072939469,0.0509948493303776,0.06668809331130254,0.01101671433062023,0.02335434943979486,0.001825264193214791
2348080,4,5,qual_only,quant_only,0.11811109856094627,0.1922245930034487,0.056443745928193345,0.08181068818282858,0.07118223052084363,0.4802276438037394
2348081,4,1,qual_only,implicit_mmr,0.061655653542901166,0.44377004640164,0.16923172372930584,0.21079241573200813,0.0168183891461316,0.09773177144801337
2348082,4,5,qual_only,quant_only,0.05598681973647891,0.10700792809128554,0.019737814930724455,0.015633627263805887,0.04973962121863017,0.7518941887590751
2348835,0,3,explicit_mmr,no_method_signal,0.08215169109228067,0.11854665178116104,0.04937266186944429,0.5041151268405536,0.028309538758361882,0.21750432965819846
2349657,2,3,multi_method_not_mmr,no_method_signal,0.0011870739516671185,7.124074186090157e-05,0.0026589253595678056,0.7386434740437727,0.18706135990338715,0.0703779259997443
2349722,5,3,quant_only,no_method_signal,0.0037860480329460866,0.0002887283285853577,0.0017546825566291707,0.9584944129333979,0.023523107770850905,0.012153020377590714
2350382,0,0,explicit_mmr,explicit_mmr,0.7897390881749268,0.14068433660589802,0.013008041433779692,0.0004778978578562939,0.04595756486721141,0.010133071060327991
2350410,0,0,explicit_mmr,explicit_mmr,0.86149422813732,0.12491638795732397,0.0002444460178011002,0.0049588463566945466,0.006721696304672558,0.0016643952261875352
2400347,5,3,quant_only,no_method_signal,0.06620343425788218,0.23535348848238669,0.1184036303932742,0.5389198623239793,0.03046974466113349,0.010649839881344197
2400411,5,4,quant_only,qual_only,0.11214115342011426,0.14173419056706918,0.257847320332686,0.007258534695091163,0.46918543745676355,0.011833363528275864
2400428,1,1,implicit_mmr,implicit_mmr,0.09767322473138791,0.43999871188353007,0.06771586686414159,0.29530805631087126,0.017585031709507003,0.0817191085005621
2400478,0,3,explicit_mmr,no_method_signal,0.14110840408493788,0.2155434223140591,0.004208067444851037,0.6105364930284403,0.018268889863558894,0.010334723264152825
2400767,2,2,multi_method_not_mmr,multi_method_not_mmr,0.3980392923054892,0.03904121287736487,0.4452855063341289,0.04909436609943922,0.05498067980336627,0.013558942580211569
2400781,5,0,quant_only,explicit_mmr,0.5164033342612916,0.159901190774764,0.25094964459054653,0.00028358358122256087,0.00883215309726151,0.06363009369491365
2400782,5,0,quant_only,explicit_mmr,0.3506812212594169,0.18090033782490547,0.19219897758954263,3.576437251176603e-05,0.003870197304458817,0.2723135016491644
2400783,5,0,quant_only,explicit_mmr,0.3548170918485214,0.14736392045547944,0.317903392498314,5.8359004061816565e-05,0.024182794515330355,0.15567444167829306
2400784,5,0,quant_only,explicit_mmr,0.6068482855575786,0.1256675792508042,0.04674830158885938,0.00016836811084351236,0.08599106029007109,0.13457640520184316
2400805,1,1,implicit_mmr,implicit_mmr,0.23472153725417885,0.6488741354802026,0.015414613571163022,0.021985903978422854,0.0737731958804069,0.005230613835625752
2403932,0,0,explicit_mmr,explicit_mmr,0.6419980362057027,0.015418947405131375,0.2848080395547914,0.0004913301001492071,0.0524096163709374,0.004874030363287892
2403963,0,1,explicit_mmr,implicit_mmr,0.17164554703248117,0.6875280631422253,0.00013441160676616333,0.09366460497495777,0.04654963088585001,0.00047774235771961486
2404263,0,4,explicit_mmr,qual_only,0.12449751738459763,0.05586512470981718,0.13405021496304773,0.001873564653011443,0.5230920206721107,0.16062155761741523
2404264,0,5,explicit_mmr,quant_only,0.07388728151012187,0.21839562834537513,0.17286050542352877,0.0011031439841374723,0.16503237674144636,0.3687210639953904
2404553,0,0,explicit_mmr,explicit_mmr,0.5932561295440174,0.06639328394734717,0.16015595753093267,0.010741354271365156,0.09027452763236121,0.07917874707397637
2404797,0,0,explicit_mmr,explicit_mmr,0.8279973240616073,0.039893914131295304,0.000422049427727421,0.06404137417440825,0.06299441762954165,0.004650920575419843
2404929,0,4,explicit_mmr,qual_only,0.25980961586218904,0.02079658888888601,0.0009554788389651156,0.05183055746600959,0.658059527300731,0.008548231643219216
2405120,2,2,multi_method_not_mmr,multi_method_not_mmr,0.21113510767639176,0.05830384577053213,0.36520878009779023,0.10585241847836603,0.20825098891853125,0.051248859058388385
2405224,1,4,implicit_mmr,qual_only,0.20534021265625352,0.2927919410434122,0.03628279241771664,0.0017504847121792332,0.44440319548014673,0.019431373690291735
2405225,1,0,implicit_mmr,explicit_mmr,0.6431390382077546,0.26945248773062763,0.016918304295972138,0.015331908750435731,0.050819822662892464,0.004338438352317351
2405230,0,0,explicit_mmr,explicit_mmr,0.7786891243644027,0.1606972140143243,0.008566621417785745,0.016550187706762018,0.033692267363019016,0.0018045851337062714
2405431,4,0,qual_only,explicit_mmr,0.42195549429053897,0.06546526311617386,0.00027773169730235944,0.42110616337605516,0.08704629835234756,0.004149049167581936
2405487,4,4,qual_only,qual_only,0.16260176721305394,0.1284486915268594,0.04331298652228771,0.028046123881453156,0.5538130243276168,0.083777406528729
2405747,4,0,qual_only,explicit_mmr,0.769752609857413,0.09870037944139963,0.0469047456199314,0.05108300338835659,0.03203353894203345,0.0015257227508660258
2405785,0,0,explicit_mmr,explicit_mmr,0.7166610217674937,0.07037561288683715,0.126276433512294,0.05759151800827821,0.02223553370748391,0.0068598801176131905
2405786,0,0,explicit_mmr,explicit_mmr,0.5714269139975733,0.23533104939118996,0.02968815625054603,0.07920255609779116,0.07672481216481314,0.0076265120980863865
2406660,5,2,quant_only,multi_method_not_mmr,0.036492572483029825,0.018638845109366538,0.9164855278913031,0.016060327295280945,0.000488474501247037,0.011834252719772407
2406960,0,1,explicit_mmr,implicit_mmr,0.24473429171291908,0.3488916486582957,0.1611019844039919,0.02928160889799999,0.14045158982153846,0.0755388765052549
2407013,0,0,explicit_mmr,explicit_mmr,0.5251369874742776,0.3219959006445184,0.020641708779647525,0.019799817144608236,0.023541680850886478,0.08888390510606177
2407014,0,0,explicit_mmr,explicit_mmr,0.4963606183801574,0.38298438417166975,0.022959736416838978,0.011538400966593192,0.018555002634803034,0.06760185742993781
2407134,0,3,explicit_mmr,no_method_signal,0.32552148064601294,0.05169552448681109,0.025600024559820522,0.4121745340873257,0.055102077492339786,0.12990635872768994
2407135,0,0,explicit_mmr,explicit_mmr,0.6514142074512533,0.015083973103337683,0.008112055380011817,0.1263145755417345,0.01188396311884826,0.18719122540481423
2407294,0,1,explicit_mmr,implicit_mmr,0.36831186600991983,0.5097419554809404,0.010691323720754174,0.05670235825578271,0.05165687207523974,0.0028956244573630887
2408969,0,1,explicit_mmr,implicit_mmr,0.10059620902315049,0.5389280165975828,0.0206754521679466,0.27009460599669755,0.04940916530327832,0.020296550911344198
2409848,0,5,explicit_mmr,quant_only,0.3078062719989768,0.047599457210599494,0.0007282188127948945,0.03156265982006931,0.019446073463899972,0.5928573186936593
2409905,4,4,qual_only,qual_only,0.2297541802702353,0.24208575204155694,0.01885325003853856,0.005431382138895353,0.43609702961220825,0.06777840589856574
2411129,4,1,qual_only,implicit_mmr,0.4205604582102945,0.4801619413545857,0.0025966421162242547,0.04365015494679305,0.043827236803888156,0.009203566568214368
2411326,0,0,explicit_mmr,explicit_mmr,0.6921359717325772,0.05747716805005211,0.007977407452960796,0.1617695782672594,0.07872078685266713,0.0019190876444833728
2411524,0,0,explicit_mmr,explicit_mmr,0.9895878348642291,0.00374550088745137,1.855538314296759e-05,0.0004852877468879169,0.005697655414426903,0.000465165703862002
2411535,4,5,qual_only,quant_only,0.017591201715020918,0.010953895548929782,0.003191683236282303,0.43391271875925785,0.04592946674522109,0.48842103399528797
2411594,1,0,implicit_mmr,explicit_mmr,0.6106496919394838,0.3686365745854365,0.00061288610473702,0.00650053186004256,0.007166148856057135,0.006434166654243053
2411595,1,0,implicit_mmr,explicit_mmr,0.736675592027755,0.22022022438621372,0.002024386980195662,0.011115473105504531,0.0023437258827572185,0.027620597617573815
2411711,4,1,qual_only,implicit_mmr,0.3189194614631094,0.3215035453728033,0.007896574005378503,0.004862445062094787,0.3066404971082633,0.040177476988350856
2411805,1,1,implicit_mmr,implicit_mmr,0.43278919570653124,0.5144869337190753,0.010069116659158587,0.006854471385794096,0.035119360547571726,0.000680921981868967
2411987,0,0,explicit_mmr,explicit_mmr,0.7464064507242332,0.16184508459809685,0.0016676695430357725,0.0364232985578742,0.04320645154759945,0.010451045029160522
2411988,0,0,explicit_mmr,explicit_mmr,0.5965787770133237,0.05365365654209541,0.002001699848477667,0.011387734077576345,0.3227040985552964,0.01367403396323052
2413063,0,0,explicit_mmr,explicit_mmr,0.5702211366665214,0.1640521549454544,0.0037840951508663085,0.06727497217052754,0.10208584734692444,0.09258179371970583
2413103,0,0,explicit_mmr,explicit_mmr,0.6533412464057586,0.28927898340705765,0.0013614504734723784,0.0026259981636635615,0.0034378900618912338,0.049954431488156606
2413231,4,0,qual_only,explicit_mmr,0.9230203354586798,0.030654136406020924,0.030477633988254232,0.0067417969261210015,0.007597518068910218,0.0015085791520138177
2413239,0,0,explicit_mmr,explicit_mmr,0.7893739961464267,0.11926607347610398,0.019754006489523013,0.03030984786826778,0.019796916346476182,0.02149915967320236
2413410,0,0,explicit_mmr,explicit_mmr,0.8848323740442768,0.041691156227779254,0.0010122890484797974,0.054893155112306385,0.008431262682490524,0.009139762884667285
2414169,0,4,explicit_mmr,qual_only,0.09742878693885736,0.06728769960472045,0.011767087739371865,0.14415372233307783,0.6220490748006158,0.05731362858335669
2414170,0,1,explicit_mmr,implicit_mmr,0.10708278234511885,0.46038772319360494,0.025850866122986087,0.14456919933589335,0.04044944246910917,0.2216599865332875
2415028,0,0,explicit_mmr,explicit_mmr,0.979139029263768,0.0007110235171843629,0.009328330378866982,0.0001722087696950758,0.00355893922243038,0.007090468848055236
2415197,0,5,explicit_mmr,quant_only,0.05048682135401018,0.36475336452602036,0.12902399842490328,0.006023207125697596,0.011680339728679053,0.43803226884068963
2415686,4,2,qual_only,multi_method_not_mmr,0.3521977623617523,0.004870272247607153,0.6373031433610861,0.0034832924824135802,0.00010075950072009547,0.0020447700464207353
2415796,0,4,explicit_mmr,qual_only,0.24076972014244571,0.142927668431684,0.20199428263126687,0.014778135845494348,0.3766877995578919,0.02284239339121727
2415797,0,1,explicit_mmr,implicit_mmr,0.15303158211111095,0.643078968427174,0.03084410120834056,0.025088281476263595,0.12193814650226478,0.02601892027484607
2415869,1,1,implicit_mmr,implicit_mmr,0.04434423986971919,0.9013800870263946,0.02061200066589383,0.006488893089337954,0.0038099136902793756,0.023364865658375186
2415965,1,0,implicit_mmr,explicit_mmr,0.48013744303299927,0.08152140564812206,0.0024789816398816853,0.10084422921060593,0.09372192222432722,0.24129601824406363
2415989,2,0,multi_method_not_mmr,explicit_mmr,0.6752406010870178,0.00928727761064445,0.07455891757602022,0.18133741564622288,0.004130650186704873,0.05544513789338984
2416024,4,0,qual_only,explicit_mmr,0.37093341136324787,0.05590441912937895,0.010244199712314005,0.21155349076647667,0.33345027628753077,0.01791420274105177
2416621,0,0,explicit_mmr,explicit_mmr,0.5250246100073372,0.024267667332309062,0.03717453814633455,0.10890905559468414,0.00572161484472556,0.29890251407460944
2416804,4,0,qual_only,explicit_mmr,0.7869553013717272,0.02680947246634002,0.028697756433956396,0.07201510701454876,0.07330851500124938,0.012213847712178413
2417138,1,1,implicit_mmr,implicit_mmr,0.28004853030928145,0.35759354995546055,0.2978073835030438,0.03656376778150704,0.02643525051813702,0.0015515179325700575
2417139,1,2,implicit_mmr,multi_method_not_mmr,0.16791031313065136,0.16616233784160814,0.6291392123685562,0.02174127268818684,0.01152946437411174,0.003517399596885596
2417140,1,1,implicit_mmr,implicit_mmr,0.14383393120911533,0.39508864379090614,0.3678630129450404,0.029480330082141706,0.027284018974549205,0.03645006299824707
2417149,2,4,multi_method_not_mmr,qual_only,0.2719210162963811,0.10639941639385422,0.17536008967576067,0.006071966510712062,0.2957480518831938,0.14449945924009813
2417150,2,4,multi_method_not_mmr,qual_only,0.3072538628592993,0.1146120003046838,0.1479930578756257,0.006090980585181108,0.39386071330583244,0.0301893850693778
2417239,0,0,explicit_mmr,explicit_mmr,0.7746611566173109,0.001629390268886403,0.02873864862144375,0.16909764514328648,0.019219728674397103,0.006653430674675361
2417240,0,0,explicit_mmr,explicit_mmr,0.918959436032224,0.006610398152341704,0.00617755776883306,0.05403572084425731,0.011517366117134362,0.0026995210852096283
2417252,4,0,qual_only,explicit_mmr,0.6670997738122059,0.18109986013205953,0.030913775177018855,0.05036345750105888,0.022130982700353085,0.048392150677303916
2417374,3,2,no_method_signal,multi_method_not_mmr,0.1205543893741075,0.09207441180312217,0.7232810444044584,0.05242720009871294,0.006749488508646413,0.004913465810952576
2417423,1,1,implicit_mmr,implicit_mmr,0.23247699925168508,0.3855008283497718,0.004882269076012345,0.04619650008530137,0.0481790884184988,0.2827643148187307
2418374,1,1,implicit_mmr,implicit_mmr,0.23394229400650823,0.4274856259238333,0.21660928299694837,0.0007593190809390458,0.11528051730323305,0.005922960688538035
2418638,4,1,qual_only,implicit_mmr,0.04894529164773634,0.4826883499309884,0.2563295931437445,0.08504394589011706,0.1056042698397484,0.021388549547665173
2418639,4,1,qual_only,implicit_mmr,0.09354551399870863,0.5468249099453122,0.10490596933136767,0.11377220812106936,0.09576331871989102,0.04518807988365106
2418640,4,1,qual_only,implicit_mmr,0.06086137051757273,0.7394505012928205,0.03889394088342295,0.037516840169805915,0.11973495364883775,0.0035423934875403167
2418715,1,1,implicit_mmr,implicit_mmr,0.035693432549982876,0.40628763783153204,0.22616425800653323,0.0035373732634724074,0.27136265527862097,0.0569546430698586
2419116,2,3,multi_method_not_mmr,no_method_signal,0.028853685062741448,0.0065188203364368175,0.00271609051445485,0.8168906519645343,0.0823286733487227,0.06269207877310991
2419117,2,5,multi_method_not_mmr,quant_only,0.02898894340215855,0.027878543269697565,0.11703773034443948,0.275941779196825,0.11835906273594798,0.43179394105093144
2419118,2,3,multi_method_not_mmr,no_method_signal,0.05218298163028382,0.03056953022415076,0.07363403924680538,0.35956817496099386,0.2844469424999234,0.19959833143784292
2420944,0,2,explicit_mmr,multi_method_not_mmr,0.32019335561725804,0.04126864340021382,0.4512575051773656,0.12115618297465457,0.06044899591610178,0.0056753169144060376
2421240,0,0,explicit_mmr,explicit_mmr,0.9481311046733002,0.03857315602197543,0.00033567562049943164,0.0036820505785925325,0.008406759102349247,0.000871254003283131
2421241,0,0,explicit_mmr,explicit_mmr,0.9499438813545161,0.034187657804462965,0.00032809371034610307,0.010552109211660488,0.0044099538553052315,0.0005783040637092391
2421279,0,0,explicit_mmr,explicit_mmr,0.9620014228798184,0.029798248442171917,0.003435987642683458,0.0011992689724504308,0.0005184639681603605,0.0030466080947152267
2421280,0,0,explicit_mmr,explicit_mmr,0.8552374493242761,0.08455360937969181,0.0018634938534237593,0.0011127202196302788,0.0005018683249422594,0.05673085889803571
2421846,0,0,explicit_mmr,explicit_mmr,0.8582566996514687,0.11607693858420803,0.001111062272051016,0.00027231640879504923,0.024231299300743397,5.168378273384715e-05
2422009,0,0,explicit_mmr,explicit_mmr,0.6140021824397518,0.30132478778735744,0.0002893517680405075,0.008112227301078348,0.06615953051031981,0.010111920193452186
2422010,0,1,explicit_mmr,implicit_mmr,0.4086767333964178,0.5622375561338785,0.002094982952144343,0.0019315579413298953,0.017742063622504464,0.007317105953724957
2422287,4,1,qual_only,implicit_mmr,0.0490555792993815,0.8101426295518706,0.0007184364230745192,0.005469428201676385,0.003908418673422503,0.13070550785057455
2422319,5,4,quant_only,qual_only,0.18315933475615867,0.2608597233308279,0.030933082850466503,0.00778635567788268,0.4274706922732843,0.08979081111137986
2422544,0,0,explicit_mmr,explicit_mmr,0.8591046781560194,0.0036165454003145043,0.012687474133793295,0.01704103653792282,0.008201928631744947,0.0993483371402048
2423026,0,1,explicit_mmr,implicit_mmr,0.25572740123356785,0.39722080353641676,0.0015920029263713248,0.03510599200173803,0.0034360719485715526,0.3069177283533344
2424244,0,0,explicit_mmr,explicit_mmr,0.5846620612524216,0.030006154517685908,0.004612501273365555,0.1731025346809854,0.04729914320745838,0.16031760506808304
2424324,0,1,explicit_mmr,implicit_mmr,0.15229822593727846,0.5448757692269411,0.06984342847061208,0.003147517895825175,0.016106571106241096,0.21372848736310193
2424492,2,3,multi_method_not_mmr,no_method_signal,0.15267324849163003,0.238061373020599,0.07729600954032918,0.28694438596795313,0.05695503507364347,0.18806994790584514
2424522,0,3,explicit_mmr,no_method_signal,0.19672735049941617,0.07514182536766122,0.03327293722497586,0.4163325733285774,0.006192471742428162,0.27233284183694106
2424692,2,5,multi_method_not_mmr,quant_only,0.18561591973222744,0.11262001977358431,0.0015908310564501527,0.2629040634012649,0.021196896566336,0.4160722694701371
2424742,0,5,explicit_mmr,quant_only,0.28101879257341095,0.11165761392073016,0.01803224704905622,0.19166322883626227,0.0765940486744372,0.32103406894610326
2424868,0,5,explicit_mmr,quant_only,0.07414894080353017,0.021219909041197926,0.0021550547305298445,0.08254238604332963,0.03873992210313587,0.7811937872782766
2424952,1,5,implicit_mmr,quant_only,0.08112284808665725,0.023259969298534845,0.003737578422932291,0.19802354563589333,0.12469047771642065,0.5691655808395617
2424953,0,5,explicit_mmr,quant_only,0.2745656635255159,0.05998000338739293,0.1985455695364493,0.06407363358768443,0.07586624422286824,0.32696888574008925
2424988,0,0,explicit_mmr,explicit_mmr,0.49359850801657895,0.1919445533863849,0.024832275765244036,0.06433528609373526,0.18820718627856517,0.03708219045949176
2425114,0,5,explicit_mmr,quant_only,0.2933987698425001,0.02626962055835847,0.06893577850298503,0.0971588490182159,0.015685485598728913,0.4985514964792117
2429274,4,1,qual_only,implicit_mmr,0.32445286847674326,0.4314325530190857,0.0011161085627251245,0.07023447075454348,0.16540672589289168,0.007357273294010701
2429533,4,0,qual_only,explicit_mmr,0.4297612615232937,0.35753582528734373,0.0007731836334280355,0.1334147318808454,0.0661707664471029,0.012344231227986174
2429605,0,0,explicit_mmr,explicit_mmr,0.7793965295009208,0.03159883128625806,0.1093782526035704,0.043154469824918704,0.015927255381758824,0.020544661402573276
2429624,4,0,qual_only,explicit_mmr,0.9882874991118488,0.0037050718088779185,0.0008061653754309513,0.0032178346143008282,0.003976302353342878,7.126736198527275e-06
2429832,5,1,quant_only,implicit_mmr,0.25620017133153344,0.41320892753635935,0.02899145272357361,0.05892835370075341,0.12129179313714746,0.12137930157063277
2430255,5,2,quant_only,multi_method_not_mmr,0.06580201852996337,0.0067672203570809395,0.9031114934987834,0.00032610627604937634,0.020960085921205494,0.0030330754169173527
2430257,5,2,quant_only,multi_method_not_mmr,0.0384356385546031,0.00178354206628615,0.9374881470762372,0.00012727788031426766,0.019143919023498338,0.0030214753990610104
2430258,5,2,quant_only,multi_method_not_mmr,0.2527168858559768,0.0140919800158398,0.49591944493933543,0.0016647345189241007,0.22064840696756294,0.014958547702361106
2430463,4,0,qual_only,explicit_mmr,0.6994279853591567,0.010351336223110508,0.015422060402208669,0.01996518785556736,0.14405456301043407,0.1107788671495228
2430541,0,1,explicit_mmr,implicit_mmr,0.2939064153448751,0.45870656758101064,0.027200672229329283,0.032889340488152355,0.08988986846689018,0.09740713588974234
2430739,5,0,quant_only,explicit_mmr,0.6952772490997795,0.05146159765834324,0.11101552167030958,0.1261677905733599,0.013160953440261889,0.002916887557945605
2434875,5,0,quant_only,explicit_mmr,0.6521523205315706,0.052601393552681244,0.008369561564079033,0.07645472362910949,0.035145218583181634,0.17527678213937795
2435473,5,3,quant_only,no_method_signal,0.061423733933654204,0.02280276424792889,0.09468687811372434,0.763502454579407,0.008668567629117328,0.0489156014961683
2439211,0,2,explicit_mmr,multi_method_not_mmr,0.1204735690870439,0.059902886961995805,0.4449823797966436,0.35446597796966645,0.017812680235667216,0.002362505948982931
2441096,4,0,qual_only,explicit_mmr,0.805986789940388,0.13936175682500537,0.0038634423422545324,0.0082585793037104,0.04137058409832285,0.0011588474903186628
2447200,1,2,implicit_mmr,multi_method_not_mmr,0.3271441339963821,0.14297096507502377,0.40784345687560336,0.04872741943822055,0.01211008656272691,0.06120393805204318
2448306,0,0,explicit_mmr,explicit_mmr,0.9449693011959933,0.004075569381044904,0.0011282370112165427,0.007613076849215737,0.03757402803541461,0.004639787527114955
2448307,0,0,explicit_mmr,explicit_mmr,0.8539051746356618,0.03640429474436163,0.009661611594001331,0.06866572354466928,0.027318071657974962,0.0040451238233310365
2448308,0,0,explicit_mmr,explicit_mmr,0.8355060859148657,0.025866658500012244,0.003801898436403889,0.018461169669774426,0.0741941752634587,0.04217001221548504
2448327,4,5,qual_only,quant_only,0.06817358748719074,0.18347063844775544,0.007495564274087087,0.06363150938067275,0.04605600231615893,0.631172698094135
2448374,0,0,explicit_mmr,explicit_mmr,0.9231672770657113,0.007297258694342699,0.0029884046776089356,0.004809915961698397,0.042391961858870675,0.01934518174176794
2449885,0,4,explicit_mmr,qual_only,0.15863490578912678,0.20300841825816346,0.046816525597516576,0.03586757253947684,0.5544896992567836,0.001182878558932731
2450045,0,0,explicit_mmr,explicit_mmr,0.9076378117173912,0.042068159144550206,0.0035012222004037123,0.009955959180970675,0.01161594638569747,0.025220901370986662
2450400,0,4,explicit_mmr,qual_only,0.12224680534725996,0.05522310995460023,0.2527839652841244,0.09026118009880603,0.4519012679211121,0.027583671394097262
2452030,0,1,explicit_mmr,implicit_mmr,0.21129993967695163,0.3284329410891944,0.14163939235074352,0.10125754512052364,0.15659751952264045,0.06077266223994632
2500229,1,0,implicit_mmr,explicit_mmr,0.934092454918488,0.02879422793589421,0.000503575221420467,0.024619227496990102,0.008245344252762665,0.003745170174444808
2500289,1,4,implicit_mmr,qual_only,0.27080500484389003,0.03692081653685674,0.03217938830940346,0.042694381274882516,0.4799081378440941,0.1374922711908732
2500508,2,0,multi_method_not_mmr,explicit_mmr,0.6279242411950148,0.08439688441197446,0.22480235075838845,0.004205483269728093,0.03335298936624271,0.025318050998651597
2500509,2,0,multi_method_not_mmr,explicit_mmr,0.5583393271068108,0.028393047363010012,0.2639143877092388,0.00195404635391433,0.01016845569020706,0.13723073577681882
2500654,2,3,multi_method_not_mmr,no_method_signal,0.027947404397776085,0.11327037525191591,0.08884967395293294,0.7413507013005538,0.02078160182204394,0.00780024327477724
2500655,2,3,multi_method_not_mmr,no_method_signal,0.018148305527333503,0.0498201294586287,0.002426674938017743,0.9241907672544397,0.0051442210832600335,0.00026990173832036813
2500848,0,3,explicit_mmr,no_method_signal,0.18679451051292303,0.2143472385653499,0.009539972518016577,0.5385148326634022,0.007580308462229928,0.04322313727807843
2500849,0,3,explicit_mmr,no_method_signal,0.3519793073529795,0.0803124047022004,0.0008083917155891034,0.44609943861956297,0.04581996675021186,0.07498049085945621
2506427,1,2,implicit_mmr,multi_method_not_mmr,0.03749072005576375,0.18742018962028403,0.6508058044877617,0.09815126534527978,0.023056530354072464,0.0030754901368381378
2506911,1,0,implicit_mmr,explicit_mmr,0.4313571632969467,0.3609574440167438,0.08570835526916115,0.04638587138374619,0.047209240199547406,0.028381925833854817
2506912,1,0,implicit_mmr,explicit_mmr,0.523783214407058,0.31273668872432897,0.027064467173413556,0.032437888752334526,0.0784768714800872,0.02550086946277782
2507129,5,5,quant_only,quant_only,0.022667586363898987,0.05880130616746144,0.11823124756228248,9.649399111333756e-05,0.014088481479105604,0.7861148844361382
2508523,0,3,explicit_mmr,no_method_signal,0.10908466863227641,0.0971523667359928,0.0031835607594474006,0.43717902760683996,0.34516670382336284,0.008233672442080451
2508612,4,0,qual_only,explicit_mmr,0.793541702781897,0.07897342402806341,0.02621690844178324,0.030517789230605736,0.06545299061139605,0.0052971849062548775
2508771,1,2,implicit_mmr,multi_method_not_mmr,0.07994719681948613,0.18709880420956906,0.40736385610769543,0.05517833495786402,0.0448646158657424,0.225547192039643
2508834,0,1,explicit_mmr,implicit_mmr,0.060618449564508896,0.5764802700486997,0.007319980382666641,0.04129339990129949,0.19824408404229116,0.11604381606053397
2508835,0,1,explicit_mmr,implicit_mmr,0.10669829013769959,0.458760501617309,0.0095748029072237,0.08756671339208373,0.09352548106183564,0.24387421088384845
2508970,0,0,explicit_mmr,explicit_mmr,0.49649587219827224,0.3717086046594363,0.09576502680775194,0.01510924660020957,0.004438162427599382,0.016483087306730485
2508971,0,0,explicit_mmr,explicit_mmr,0.4723413478808153,0.3586820349570778,0.041855093044476155,0.03415408591708205,0.07308353138021113,0.019883906820337596
2509043,0,0,explicit_mmr,explicit_mmr,0.48867139926083125,0.4060296997977828,0.0758274627086908,0.006855319002413414,0.017298302783536963,0.005317816446744908
2509044,0,1,explicit_mmr,implicit_mmr,0.2856382907616097,0.4723007908094655,0.19228051442096192,0.022869529300226954,0.0208107088118431,0.006100165895893004
2509474,0,1,explicit_mmr,implicit_mmr,0.024133580980266092,0.8757987153328631,0.0010265789580851353,0.0010757637687030949,0.08182079572213335,0.01614456523794912
2510147,0,0,explicit_mmr,explicit_mmr,0.9637549314572147,0.013922486540413932,0.0007425424375126963,0.01890521107050541,0.0019832735228717635,0.0006915549714813479
2510214,5,3,quant_only,no_method_signal,0.14916678950583961,0.008908398424340715,0.00394184564652629,0.8070766567785579,0.0037710077198518624,0.02713530192488369
2513981,0,0,explicit_mmr,explicit_mmr,0.8489086037877168,0.07948830989860817,0.0008903190377691699,0.01607112888263884,0.02857895797292676,0.02606268042034023
2514338,0,0,explicit_mmr,explicit_mmr,0.7395434462019629,0.09546045684598142,0.007392191029530365,0.04604069128537915,0.06352226074012857,0.048040953897017326
2514349,0,0,explicit_mmr,explicit_mmr,0.5550445483488604,0.033837182573891886,0.005887459913738427,0.0006576388223153356,0.1928708592909139,0.21170231105028012
2514491,2,0,multi_method_not_mmr,explicit_mmr,0.7681330716580648,0.16736715185018647,0.04093943532345749,0.021396856774179872,0.0011195704646926809,0.001043913929418396
2515040,0,0,explicit_mmr,explicit_mmr,0.5261492070690155,0.42345049561144116,0.0006501124046893527,0.0011641842330539299,0.016490502101616768,0.032095498580183325
2515088,0,0,explicit_mmr,explicit_mmr,0.5724090039818901,0.14418947663211037,0.008693750874988542,0.14743613669160663,0.1168734419853058,0.010398189834098572
2515127,0,0,explicit_mmr,explicit_mmr,0.827506241789484,0.07819173999153448,0.0014328928775362412,0.03232256345078604,0.04083195151980663,0.019714610370852665
2515148,0,0,explicit_mmr,explicit_mmr,0.8663559235068324,0.07428525819399613,0.002550860420025979,0.03841809069383127,0.017821847428122147,0.0005680197571917991
2515191,5,2,quant_only,multi_method_not_mmr,0.0009932260386234042,0.002915056916658089,0.977328407122216,0.005475432727532538,0.013177809266189017,0.00011006792878094396
2515226,0,1,explicit_mmr,implicit_mmr,0.35478635470866837,0.5967512201410222,0.0042526355795613055,0.0055209179090229725,0.02626188226155295,0.012426989400172297
2515308,3,2,no_method_signal,multi_method_not_mmr,0.009170975045924235,0.03995772034086657,0.8171989092324061,0.12268237034237447,0.0025431402957862763,0.008446884742642265
2516391,0,1,explicit_mmr,implicit_mmr,0.26501566880515376,0.6615411627812262,0.011888110443226749,0.014060400207587965,0.026129421586695505,0.02136523617610958
2516409,1,0,implicit_mmr,explicit_mmr,0.98546033566945,0.003407449239567592,0.0028194354392382754,4.7370235782600755e-05,0.005590717795781826,0.0026746916201797395
2516863,0,0,explicit_mmr,explicit_mmr,0.8863776455562166,0.0367503206644946,0.011589132239552746,0.016005846540532515,0.04718254547970192,0.0020945095195016423
2517189,0,0,explicit_mmr,explicit_mmr,0.4215757336694408,0.35918939889029483,0.10565879126920734,0.10089297142827895,0.012502685955047462,0.00018041878773059755
2517316,0,1,explicit_mmr,implicit_mmr,0.1605075299565255,0.2696197522651563,0.24478568486089453,0.10539890021679392,0.2017687130937438,0.01791941960688595
2517445,5,0,quant_only,explicit_mmr,0.46359771834842417,0.07386818741277008,0.31602354506112873,0.045138926690791004,0.011908787137703283,0.0894628353491827
2518485,2,5,multi_method_not_mmr,quant_only,0.15469990665616448,0.05473077209768264,0.2182452859493308,0.04983662355011712,0.05902843837894197,0.46345897336776304
2518486,2,2,multi_method_not_mmr,multi_method_not_mmr,0.03414225006844305,0.0612399507518364,0.7124944089636254,0.011435185734645496,0.044210991442622014,0.13647721303882773
2518487,2,5,multi_method_not_mmr,quant_only,0.03375713468199928,0.004914338532733858,0.1262757570198395,0.012426033954329344,0.010277507219487643,0.8123492285916103
2518685,5,2,quant_only,multi_method_not_mmr,0.1473721292847125,0.0698228735397577,0.5421072165113413,0.0735028559134854,0.01928991515819962,0.14790500959250355
2518693,0,0,explicit_mmr,explicit_mmr,0.8414119045070536,0.05243626254727373,0.05945199617618581,0.03269667927553538,0.010748324879767662,0.0032548326141836116
2518732,2,5,multi_method_not_mmr,quant_only,0.03670502257557974,0.10945276460677705,0.14106656031525447,0.21841469619603768,0.0028113441456434516,0.49154961216070764
2518733,2,2,multi_method_not_mmr,multi_method_not_mmr,0.02395408852202263,0.134007612958939,0.3553783241511098,0.15958947120875147,0.006922392461159719,0.3201481106980174
2518804,0,0,explicit_mmr,explicit_mmr,0.8244410210339779,0.014748801169116704,0.0011669156956695171,0.13136936362556959,0.014657595593051988,0.013616302882614235
2518892,0,1,explicit_mmr,implicit_mmr,0.2130638515803431,0.29051199906726455,0.009115132269635156,0.15672961759512663,0.11071765964039185,0.21986173984723867
2518893,0,0,explicit_mmr,explicit_mmr,0.35902066976145025,0.22042140733393598,0.05397495598212132,0.06444557333240299,0.06854953050917109,0.23358786308091847
2519136,0,5,explicit_mmr,quant_only,0.034593404959785155,0.10517067302306375,0.0049589581848675955,0.0010989085804479384,0.05170456508093286,0.8024734901709026
2520318,0,0,explicit_mmr,explicit_mmr,0.4381081163879528,0.1498009352392509,0.12109240140821413,0.15409254784460588,0.07721634268442946,0.05968965643554676
2524227,0,0,explicit_mmr,explicit_mmr,0.7278004138349813,0.028047668421923102,0.15533083831519195,0.015277409108288405,0.06793440009017714,0.005609270229438303
2524228,0,0,explicit_mmr,explicit_mmr,0.7331730805167137,0.030247897813579984,0.1394585648219316,0.051371284689744924,0.04484921307746561,0.0008999590805643554
2524359,0,1,explicit_mmr,implicit_mmr,0.31424346260758124,0.5329652144034036,0.061348937070012696,0.014670282476880073,0.06771547649080922,0.009056626951313197
2525692,3,1,no_method_signal,implicit_mmr,0.07337627438397565,0.36278928240925745,0.2649072608534845,0.22404069533835227,0.06400272249225254,0.010883764522677612
2526720,5,2,quant_only,multi_method_not_mmr,0.06295087851891314,0.012584463751941643,0.8489034483691362,0.03689351302048622,0.0015037966886420878,0.03716389965088074
2526755,0,0,explicit_mmr,explicit_mmr,0.8096791910653316,0.021195831998918932,0.10778230480563963,0.04262971298582212,0.018041104487061536,0.0006718546572264825
2526759,0,1,explicit_mmr,implicit_mmr,0.28077680927085924,0.36933238967300813,0.12653897267043165,0.01069103758166718,0.20714976237031876,0.005511028433715015
2526905,3,3,no_method_signal,no_method_signal,0.22755600289036892,0.028556657103179554,0.18037452447773672,0.30749124969745206,0.15215099065479545,0.10387057517646721
2527473,0,3,explicit_mmr,no_method_signal,0.1128655080344945,0.083187110645065,0.01805436755257389,0.5804425337003799,0.02427383208694727,0.18117664798053945
2527743,2,5,multi_method_not_mmr,quant_only,0.051860926039864835,0.010934754880570642,0.05435889917109883,0.22446463335835634,0.012614910700198234,0.6457658758499113
2530060,0,0,explicit_mmr,explicit_mmr,0.5281305219088442,0.17533743287756587,0.25398684013305584,0.012413384876663703,0.0033501437024498456,0.026781676501420375
2530299,0,0,explicit_mmr,explicit_mmr,0.7609933836017274,0.059464370943689324,0.009532862661712825,0.00849923720829753,0.07739771940789955,0.08411242617667321
2530457,0,4,explicit_mmr,qual_only,0.12977050597258244,0.052142846397775965,0.2765965871691659,0.06468438179798748,0.47342435996402293,0.0033813186984654004
2530458,0,4,explicit_mmr,qual_only,0.19589315473682645,0.05356711542145858,0.00335790202565329,0.03852109110607663,0.6917351813680476,0.016925555341937598
2533639,0,0,explicit_mmr,explicit_mmr,0.6578281370449551,0.0033872941021162646,0.005575814971023854,0.025081400681574287,0.2971005410096467,0.011026812190683735
2533640,0,0,explicit_mmr,explicit_mmr,0.6353125597781761,0.009685694349656885,0.004133053232589997,0.3084582924747186,0.027071682966378963,0.015338717198479417
2534091,0,4,explicit_mmr,qual_only,0.07675208636199024,0.278071734344213,0.0031864541324252748,0.007204570010463312,0.6300572275993251,0.004727927551583137
2534873,0,0,explicit_mmr,explicit_mmr,0.8417190078734716,0.0025735437126369826,0.009082130875880244,0.11014435265115054,0.025598022126318957,0.010882942760541664
2541364,0,0,explicit_mmr,explicit_mmr,0.5472861822008692,0.029066485387116047,0.043717185410507696,0.0245300069450543,0.05324622121184372,0.3021539188446092
2545312,0,0,explicit_mmr,explicit_mmr,0.8327933317870737,0.004180246411076036,0.010456325711780512,0.11244028332810539,0.0362986035424567,0.0038312092195076776
2603026,0,0,explicit_mmr,explicit_mmr,0.7984832086160174,0.016509150750141144,0.00043797725411339036,0.04773587101231514,0.13079615519874363,0.00603763716866923
