award_id,y_true,y_pred,y_true_label,y_pred_label,score_explicit_mmr,score_implicit_mmr,score_multi_method_not_mmr,score_no_method_signal,score_qual_only,score_quant_only
1503196,1,1,implicit_mmr,implicit_mmr,0.006862980537564961,0.9771927188649107,0.011593064913541022,3.462319693254224e-07,6.934130081069782e-05,0.004281548151203292
1614745,0,2,explicit_mmr,multi_method_not_mmr,0.0011167910691301914,0.22739629772090245,0.6008647021680376,6.156875123493555e-06,0.003946384906891347,0.16666966725991514
1615207,0,1,explicit_mmr,implicit_mmr,6.797551516126627e-05,0.8545508585787024,0.046401591106374054,1.0952594801937995e-06,0.0023432131724280903,0.09663526636785395
1652825,0,1,explicit_mmr,implicit_mmr,0.4320007122199255,0.4771096485895962,1.1656738205511156e-07,0.0009868373427449689,0.08985160312955241,5.108215079889475e-05
1664271,1,4,implicit_mmr,qual_only,0.018599896584777707,0.008836523186744017,0.00011537982606671972,2.096719399827708e-09,0.9724480471929245,1.511127675247515e-07
1664274,1,4,implicit_mmr,qual_only,6.999491320677934e-05,5.988868044919973e-06,4.5519953360440486e-08,7.528112443143865e-11,0.9999239704602225,1.6329114803228765e-10
1719872,1,0,implicit_mmr,explicit_mmr,0.9982326660110185,0.0015144516415266497,3.8491891829851804e-05,2.2989662920726734e-07,2.1963619871848344e-07,0.00021394092279733228
1720838,1,0,implicit_mmr,explicit_mmr,0.9576835325013674,0.03303870127233192,0.00016049497554465793,0.00020969545463965305,0.00012868341630654811,0.008778892379809708
1721054,1,0,implicit_mmr,explicit_mmr,0.9956817777951154,0.001313496549173688,0.00013963865014881272,1.0195050082513787e-05,0.002832636974014045,2.2254981465406774e-05
1723884,0,1,explicit_mmr,implicit_mmr,9.87284941253924e-05,0.5164431872526962,0.018516369844111428,5.756235922635746e-06,0.0006325471943215256,0.4643034109788227
1751314,4,0,qual_only,explicit_mmr,0.9621747684605091,0.030802786767559157,2.803038761544327e-05,1.4233931383719112e-07,0.006990219589090294,4.052455912131808e-06
1826354,0,0,explicit_mmr,explicit_mmr,0.677830747068308,1.913985279352263e-05,0.008968074081387474,0.0657860308285876,0.20459375865302296,0.04280224951590039
1906172,0,0,explicit_mmr,explicit_mmr,0.9995052004187143,2.9915660677745766e-06,4.0808673801240226e-05,4.719065189922749e-06,0.00043547083901551535,1.080943721133905e-05
1908481,1,1,implicit_mmr,implicit_mmr,0.07033267652808521,0.9282034768546026,6.071259428476603e-07,1.183161489914324e-08,0.0013723671099308652,9.08605498236182e-05
1914647,4,4,qual_only,qual_only,0.146202341043977,4.167769535745754e-06,0.011312728183241617,0.00013165713760574316,0.8423486953060975,4.105595425784933e-07
1914735,4,4,qual_only,qual_only,0.06125469925977333,7.629941804211127e-06,0.0057431177821391025,3.2984867800990577e-06,0.9329910187341444,2.3579535911273596e-07
1918847,1,0,implicit_mmr,explicit_mmr,0.9893921422155078,0.00511181486514331,2.829880759113451e-06,2.633535813955238e-09,0.005483475502100743,9.734902953272203e-06
1920753,2,1,multi_method_not_mmr,implicit_mmr,0.09978428076511436,0.8981610917809278,0.0002150025360622196,9.655966085745504e-07,0.0017175702047191588,0.00012108911656764302
1925188,2,3,multi_method_not_mmr,no_method_signal,0.3973249009511059,0.0005684359889742253,0.0007075384787363991,0.5741989879009637,0.027199904357469613,2.3232275001685048e-07
1929409,0,0,explicit_mmr,explicit_mmr,0.991788812077264,0.0005654445864117707,2.2493585275342463e-07,0.00020785168823767036,6.774529553560546e-08,0.00743759896693835
1930026,0,0,explicit_mmr,explicit_mmr,0.7522496885731159,0.05727001069907558,2.8264380637734953e-05,0.0057419520286238635,8.0316409000832e-05,0.18462976790954613
1930076,0,1,explicit_mmr,implicit_mmr,0.0006428182176339621,0.584594727855396,0.02806294214329747,0.0026801281819037364,6.6395046949433135e-06,0.3840127440970739
1930132,0,1,explicit_mmr,implicit_mmr,0.0015397999755516483,0.6021885063752219,0.03719452192764074,0.016853140971884707,0.0018219414623977406,0.34040208928730326
1930341,0,1,explicit_mmr,implicit_mmr,0.10075011233114499,0.5684795624711895,0.0011946232404037222,0.0022953405795718257,0.0001753458140486808,0.3271050155636411
1930373,0,0,explicit_mmr,explicit_mmr,0.6446406230763009,0.00011162802952760575,0.0005732565078755125,0.05867996194957303,0.17096132300660338,0.12503320743011945
1930419,0,0,explicit_mmr,explicit_mmr,0.9659981954455023,5.6407294088368747e-05,3.786228379061755e-05,0.01901241574444615,0.011621479259166761,0.003273639973005867
1930492,0,0,explicit_mmr,explicit_mmr,0.7644475205187736,8.502527674275964e-05,0.0008017764834324588,3.767896997948408e-08,1.0278415033685994e-07,0.23466553725793066
1930497,1,5,implicit_mmr,quant_only,0.15451619102396075,0.005656967240560059,0.0001396662406839398,3.326711634993345e-06,2.9049883224975195e-05,0.8396547988999353
1930502,2,0,multi_method_not_mmr,explicit_mmr,0.9797398254522135,0.019252237189629602,1.1115161169495774e-06,2.1288557577806727e-05,0.00014285976445597238,0.0008426775200062156
1930539,1,0,implicit_mmr,explicit_mmr,0.766911427803529,0.03323201573683421,0.0007187541509377763,0.0030208659861049973,0.0012284439505820882,0.19488849237201192
1930553,0,0,explicit_mmr,explicit_mmr,0.6407105668575912,0.00015168684604185143,0.004305470369824914,0.01641074324197632,0.007013547102880655,0.33140798558168516
1933277,3,3,no_method_signal,no_method_signal,1.3440636772204744e-05,6.429981604419316e-05,9.993193009373321e-05,0.9992379292111966,3.09200926246011e-07,0.000584089204967021
1933717,0,0,explicit_mmr,explicit_mmr,0.613759464585075,0.03749404089961993,0.007971804382772134,3.9839322700719624e-05,3.4609705831176106e-05,0.340700241104001
1934126,0,0,explicit_mmr,explicit_mmr,0.5921696437372574,0.18915157959418483,0.21844151502704515,6.682912365097524e-05,0.00013621211006264547,3.4220407799001925e-05
1936070,1,1,implicit_mmr,implicit_mmr,0.01974028343324116,0.9790578717192506,0.00023425747616971426,1.1640251269010817e-05,1.5081641685218076e-07,0.0009557963036526811
1937391,0,0,explicit_mmr,explicit_mmr,0.9851586600725336,0.0008658731404422347,0.012528643671108895,2.79007396993814e-07,2.508190685765022e-05,0.0014214622016608153
1937490,0,0,explicit_mmr,explicit_mmr,0.9806071334316212,0.0011485880803114444,0.005375145760393495,0.0007281651270239646,4.0415531289726506e-05,0.01210055206936016
1937587,0,0,explicit_mmr,explicit_mmr,0.9889402007198617,0.010353821464720766,0.00011114324593941601,2.895228437492607e-07,0.0005643143715184387,3.0230675115892583e-05
1937687,0,0,explicit_mmr,explicit_mmr,0.8765914102305729,0.0003966118944817016,0.12248079086496928,9.31394560779292e-06,0.00037092319394406523,0.00015094987042428475
1939038,2,2,multi_method_not_mmr,multi_method_not_mmr,2.5995292670615614e-07,8.32177711830335e-05,0.9905233520583889,0.0006531154721468979,4.17681596042372e-05,0.00869828658575001
1941642,4,0,qual_only,explicit_mmr,0.5357336353089516,0.4104778462378174,0.021779628430710164,0.0015259999167160556,2.40107387871798e-05,0.030458879367017543
1941668,1,5,implicit_mmr,quant_only,0.012008543697904371,0.0017488394108680992,0.0010596848432858877,7.161555140885133e-05,0.009090099087809235,0.9760212174087236
1941952,1,0,implicit_mmr,explicit_mmr,0.8902652758160269,0.07002293058716924,0.002053466728364266,5.533088200520602e-05,0.036225816858069665,0.001377179128364842
1943146,0,0,explicit_mmr,explicit_mmr,0.983727173432504,0.006424474177093158,7.083915531563096e-08,3.2886152476503384e-09,2.1373263794232013e-06,0.009846140936252603
1943285,0,0,explicit_mmr,explicit_mmr,0.7318952618497416,0.2657215246533948,1.806559838830089e-05,3.28828912783301e-05,0.0008010648131194654,0.0015312001940775714
1943541,0,0,explicit_mmr,explicit_mmr,0.9566730254228187,0.02522002521922295,2.1961676655080596e-07,1.3348493820799107e-06,0.0025892146792439513,0.015516180212565747
1943934,4,2,qual_only,multi_method_not_mmr,0.002184774891996145,0.003656933959758262,0.5676529006457934,0.00029570913575421853,0.4119252656557341,0.014284415710964025
1944807,4,0,qual_only,explicit_mmr,0.8517549940527813,0.12649444980201335,1.1791053699641176e-07,4.291449059247515e-08,0.021746897173109243,3.498147068549928e-06
1945961,0,1,explicit_mmr,implicit_mmr,0.2543977043538568,0.7244960796263179,0.009394728996796354,2.5663378206533076e-05,0.004076146643400268,0.007609677001422219
1945963,0,1,explicit_mmr,implicit_mmr,0.041379405383165445,0.8256940940644563,0.013658618782475325,0.00012576788081014988,0.0767932636506128,0.04234885023848014
1946553,3,0,no_method_signal,explicit_mmr,0.8067318992987085,0.0013518145102200268,8.608331256849753e-08,0.016832590570268265,0.03317315598585828,0.1419104535516324
1948981,4,0,qual_only,explicit_mmr,0.9993495597460469,0.00021543489323768016,0.00042146991307543015,9.270321585264717e-06,3.5985989067639384e-06,6.665271479207026e-07
1949241,1,0,implicit_mmr,explicit_mmr,0.9327870620661675,0.05716403111444976,0.008893030974170735,9.544770405295318e-05,3.2674177968562846e-05,0.0010277539631905848
1949454,0,0,explicit_mmr,explicit_mmr,0.9450666611386778,0.05493294065096642,5.721816000634023e-09,3.6129764748103355e-09,1.6101499902052441e-07,2.278605642128147e-07
1949585,0,3,explicit_mmr,no_method_signal,0.00119333879467254,9.88392225692694e-05,0.4145927022350727,0.5792040776362446,0.004867164341864343,4.387776957664002e-05
1949586,0,0,explicit_mmr,explicit_mmr,0.9994142664620091,2.230021265670492e-05,0.0005145869359286805,1.5435041455380533e-07,4.713504664476108e-05,1.556992346245925e-06
1949718,2,3,multi_method_not_mmr,no_method_signal,1.3198856266633697e-06,4.316119168965361e-05,0.01928142543014605,0.9801422664438001,6.794430783684156e-05,0.00046388274090054305
1949848,1,0,implicit_mmr,explicit_mmr,0.7011073064566306,0.2538071821426858,0.005310787538952896,0.0007338166190777593,0.0013293144418583486,0.037711592800794766
1949990,2,3,multi_method_not_mmr,no_method_signal,0.0002295530212763662,0.11676302204158086,0.001657311375447737,0.8736144811587924,0.007509919842842355,0.00022571256006047265
1950064,0,0,explicit_mmr,explicit_mmr,0.572056816902681,0.15942558887603467,4.73913473559446e-05,0.0003449510387537698,0.0008456313892376166,0.26727962044593706
1950304,5,3,quant_only,no_method_signal,1.9321494618848307e-05,3.509714994408231e-08,4.8270282764862225e-06,0.9997972158215792,0.00017749708389736858,1.1034744779553635e-06
1950340,2,5,multi_method_not_mmr,quant_only,0.12976500490055004,0.051931083995357556,0.019221722529957675,0.01812332588050752,0.002087125942228812,0.7788717367513983
1950351,5,0,quant_only,explicit_mmr,0.9997781142880292,1.7958949135063634e-08,5.247046361551745e-05,0.00011851703702873886,1.4311039563898113e-05,3.6569212813477895e-05
1950645,3,5,no_method_signal,quant_only,2.0195708984299504e-05,0.0003206179651114993,0.04963586677685035,0.025334413615301952,6.278228775068839e-05,0.9246261236460013
1953561,0,0,explicit_mmr,explicit_mmr,0.9881495565550633,0.006510208939086589,0.00012086142055786083,1.4289790242443207e-06,7.803534270986364e-06,0.005210140571997135
1953640,0,1,explicit_mmr,implicit_mmr,0.028066666158847065,0.6614008552028999,0.1150258950406692,0.1499381639313812,0.0004909946565440781,0.045077425009658535
1953752,0,0,explicit_mmr,explicit_mmr,0.9961368237449979,0.0014974997173853525,9.154804388347391e-06,8.875743524925255e-05,0.00014530786594827168,0.002122456432030815
1953762,0,5,explicit_mmr,quant_only,0.0042603191492027485,0.001730728567287134,0.0038587043912871825,0.21785189714542225,0.0008738317539621515,0.7714245189928386
1955792,0,0,explicit_mmr,explicit_mmr,0.9877599104243391,0.007828988202559652,1.853769434488898e-05,3.952543304902102e-05,0.00031914508316166447,0.004033893162545776
1955896,4,1,qual_only,implicit_mmr,0.3606157150324292,0.3877774159248009,3.113381949820807e-06,0.2398947667912652,0.0008206604022315399,0.010888328467323164
2000091,3,2,no_method_signal,multi_method_not_mmr,0.000581014252771363,7.3761831362670445e-06,0.8343149393253995,0.11875480923908861,0.00016148996935434325,0.04618037103024971
2000183,5,5,quant_only,quant_only,1.4956105363027127e-07,1.8629450770675093e-08,0.14620876182629797,0.31648651229009045,1.4920952604689435e-06,0.5373030655978467
2000292,1,0,implicit_mmr,explicit_mmr,0.951076070794672,0.00975999075921538,0.001731402004229278,1.1254798274105905e-10,1.1174396698646163e-07,0.037432424585368364
2000442,2,3,multi_method_not_mmr,no_method_signal,0.02826718849364655,0.05481380047783852,0.006340476985814102,0.8090365531860357,2.1714911735934254e-05,0.1015202659449292
2000487,2,1,multi_method_not_mmr,implicit_mmr,0.009466893777709571,0.8335829456495462,0.006131312486266898,7.382871955277253e-08,0.0679377671499422,0.08288100710781549
2000535,5,1,quant_only,implicit_mmr,0.001044050034500548,0.9896752913983797,0.00040963109234741306,0.004178927405558,1.4302054489646527e-05,0.0046777980147247565
2000573,5,3,quant_only,no_method_signal,0.15865701986621603,0.013349524138309693,0.0019592693616010265,0.6111504729441501,6.695836834001347e-06,0.2148770178528892
2000583,0,0,explicit_mmr,explicit_mmr,0.9956386926554909,0.004348566705310463,1.4175099787026752e-06,1.1930769294016024e-09,1.0423705180875638e-05,8.982309621698521e-07
2000725,2,3,multi_method_not_mmr,no_method_signal,0.0001566419629053595,0.000210038650531436,0.011550097496989747,0.9846725525289723,2.2300500890539698e-08,0.003410647060100127
2000730,0,0,explicit_mmr,explicit_mmr,0.9974395332827259,0.0025549231346051215,1.0098905949532192e-06,3.777669954516708e-09,1.6710961921794885e-06,2.858818211703354e-06
2000750,0,0,explicit_mmr,explicit_mmr,0.9561523245208843,0.04371207352941969,2.1119450726778016e-05,6.11317596107599e-06,3.066650081668499e-05,7.770282219133797e-05
2000779,0,1,explicit_mmr,implicit_mmr,0.13483536318300188,0.8649981340698907,1.3494173924165032e-07,3.0395262716464903e-06,0.00014914077345386413,1.4187505642500021e-05
2000786,3,5,no_method_signal,quant_only,3.44685009360747e-06,0.00022815860194845723,3.4214227134629294e-06,1.4479926705234632e-05,1.5295261127508857e-09,0.9997504916690132
2000799,0,0,explicit_mmr,explicit_mmr,0.9503196987799992,0.0495971197144895,2.502038717419032e-06,8.277488327586927e-10,8.020087100862614e-05,4.777680362093591e-07
2000847,0,0,explicit_mmr,explicit_mmr,0.5626142839821462,0.39423875805437825,0.04230514042086522,1.1567135820729593e-07,0.0007386806708281524,0.00010302120042388543
2000866,2,3,multi_method_not_mmr,no_method_signal,0.00010487460069116169,0.00045586869651602363,0.000403922046456654,0.9985746021863967,1.263910010391847e-05,0.0004480933698357485
2000887,5,3,quant_only,no_method_signal,0.00012093269955080467,0.0002728827067356465,0.007837758851883586,0.6237087525576173,2.0084150234327327e-06,0.3680576647691893
2000888,0,1,explicit_mmr,implicit_mmr,0.2227031828605039,0.7768904043107695,1.3153481208613796e-06,2.2517565395114778e-05,0.00016663199509888658,0.0002159479201118451
2003126,0,1,explicit_mmr,implicit_mmr,0.244889719617065,0.7542491267426455,8.62188801825642e-07,2.067162983842631e-08,0.000324114279960364,0.0005361564998972565
2004898,0,0,explicit_mmr,explicit_mmr,0.4623684383530121,0.01117296962463078,0.002569395589543244,0.032331687898896205,0.05494387362566145,0.43661363490825633
2005608,1,1,implicit_mmr,implicit_mmr,0.29579872353131087,0.6559031095116022,0.003985853964923631,0.0042565569699610905,0.029299785276233583,0.010755970745968528
2005812,1,0,implicit_mmr,explicit_mmr,0.9992152071139723,0.00020331379751385107,7.0118967019689535e-06,1.925843949010495e-08,8.520931590108958e-05,0.0004892386174714236
2005840,1,0,implicit_mmr,explicit_mmr,0.9841180300789628,0.014586262794880426,8.143336237136122e-07,5.332388739084456e-08,0.000179174486370525,0.0011156649822749423
2005890,1,0,implicit_mmr,explicit_mmr,0.9337512197819687,0.06616102687016955,5.03203751119642e-06,2.463793537165736e-09,8.189313761884859e-05,8.257089381941803e-07
2005898,5,1,quant_only,implicit_mmr,0.045808705292580874,0.5932108188321862,0.017699387201508078,0.1194830603633493,0.03044595863913326,0.19335206967124208
2005973,1,0,implicit_mmr,explicit_mmr,0.999479866695247,5.441422982349674e-05,7.688953380672389e-08,2.8295275365031097e-06,0.0003363497382173295,0.00012646291964157688
2009127,1,1,implicit_mmr,implicit_mmr,0.02593108519279189,0.9385966100066346,0.03258792193913732,7.004970822699817e-05,1.5320492267705866e-05,0.002799012660941496
2009977,1,0,implicit_mmr,explicit_mmr,0.7035624008721563,0.03216300393021079,2.8945890974765647e-05,1.9802687720176853e-09,0.0011186187861724616,0.2631270285402169
2010038,5,5,quant_only,quant_only,0.025641040806489025,0.07948660856358784,0.0017026413669317792,0.0007864711447102664,0.0059759370246787345,0.8864073010936023
2010124,0,5,explicit_mmr,quant_only,0.036803312450352565,0.0029256561774872614,0.00046718829827306635,3.40163344045046e-05,0.000724334619533685,0.9590454921199489
2010139,4,0,qual_only,explicit_mmr,0.9781615308834534,0.003210776884246139,0.0011819010443228984,0.00611547768949711,0.01132953782063298,7.756778478041647e-07
2010237,4,4,qual_only,qual_only,0.05738426962966299,0.015205736740444068,0.022716158871036174,0.0002508847755984083,0.9043093886446103,0.0001335613386480358
2010256,0,0,explicit_mmr,explicit_mmr,0.9996485402802123,2.2701726702009873e-05,0.00012405041026499828,1.3017475491539811e-05,0.00016769150459895876,2.3998602730305088e-05
2010276,0,0,explicit_mmr,explicit_mmr,0.6177089017858237,0.3650300811381604,0.008053648795469227,0.0001514119330768715,0.00903137354030635,2.4582807163323894e-05
2010312,0,1,explicit_mmr,implicit_mmr,0.00493316534407308,0.9947317450618368,1.5096535442809137e-05,6.343102643028092e-10,0.00031775646300018966,2.2359613367771953e-06
2010361,0,0,explicit_mmr,explicit_mmr,0.98492494736875,0.012227364287412567,5.609847066138624e-05,6.53332140556625e-06,0.0002127535095331401,0.0025723030422374446
2010530,0,0,explicit_mmr,explicit_mmr,0.9989804740650654,0.0007587909443007455,0.00018614235702118384,3.9452913445658283e-08,4.301331811208367e-05,3.153986258694701e-05
2011917,2,5,multi_method_not_mmr,quant_only,0.010320987321887116,0.006116305986572061,0.17904031863165437,0.021080263315104188,1.2011814355675262e-07,0.7834420046266387
2013484,5,0,quant_only,explicit_mmr,0.9415498352200764,0.026317042417911878,0.0012092805551610377,0.00039067122606497657,0.01717534021992569,0.01335783036086011
2013495,1,1,implicit_mmr,implicit_mmr,1.1242082229596245e-05,0.9986821074377679,1.454187580150221e-08,2.938366031213684e-06,0.0008614643046081567,0.0004422332674875983
2013504,0,0,explicit_mmr,explicit_mmr,0.8726208391260549,0.059298874603665334,0.006891061299866048,0.004320444496821621,0.006746248768139691,0.050122531705452264
2013554,0,1,explicit_mmr,implicit_mmr,0.18124268129212473,0.7665295970252712,0.018586492295666564,0.00027652006065956666,0.000802284870907561,0.032562424455370186
2013575,0,1,explicit_mmr,implicit_mmr,0.029235567076928107,0.6681549912654348,0.17653565599024848,0.00017800807613894731,0.10991255054728058,0.015983227043969296
2013612,0,5,explicit_mmr,quant_only,0.28340482146825646,0.15129714604439282,0.07220034235345608,0.0037233252644635977,0.09249764707844192,0.3968767177909891
2017704,2,0,multi_method_not_mmr,explicit_mmr,0.999962739652942,7.49076075414872e-09,2.7888816432005153e-06,1.210535024863638e-05,1.1037892140495076e-06,2.1254835191500967e-05
2019843,0,0,explicit_mmr,explicit_mmr,0.9869662370413601,2.8054326924693174e-05,4.442612293223251e-09,0.0004595632752053989,0.012412571309246733,0.00013356960465055634
2021157,5,5,quant_only,quant_only,0.2294608752934507,4.58901674655618e-06,0.17323161713816332,6.037261105895553e-06,5.144687498753207e-07,0.5972963668217837
2021315,1,0,implicit_mmr,explicit_mmr,0.9999713154543369,2.7012854239651394e-06,2.9792727010961932e-09,3.650865599437623e-13,1.6568324600890198e-07,2.581459735554397e-05
2021402,5,5,quant_only,quant_only,0.3341435930008203,0.0007386151870826705,0.00011209502079512058,3.1219057191962007e-07,1.6132543236677121e-06,0.6650037713464063
2021499,4,0,qual_only,explicit_mmr,0.582819175573229,0.02671076169429263,0.34481549489577334,0.03646775321110875,0.0012822805881307774,0.007904534037465442
2021512,0,0,explicit_mmr,explicit_mmr,0.99536141414298,0.004581696113865271,3.6514753083647413e-05,1.4323379242679759e-08,2.877296940627515e-06,1.748336975114053e-05
2021546,4,0,qual_only,explicit_mmr,0.952412161437716,0.031061109211649413,0.00010506578163205919,4.900445712583638e-08,0.004948550905398217,0.011473063659147057
2021585,5,3,quant_only,no_method_signal,0.00014862810817496195,0.2162244394784035,0.15085114653842127,0.6326099189636757,6.766639035765523e-05,9.820052096703995e-05
2022271,4,4,qual_only,qual_only,0.11067089634177835,0.006232194778126402,0.00040844703897981036,0.058989454218586077,0.6409471944923675,0.18275181313016173
2024394,1,0,implicit_mmr,explicit_mmr,0.9921814834979111,0.00038906635336431825,4.448509120482924e-08,2.689494455831428e-10,0.006852758796063273,0.0005766465986204851
2025046,0,0,explicit_mmr,explicit_mmr,0.8798002409638821,0.003332637452064238,1.916469862428276e-06,3.087996027912718e-05,0.008009835325791312,0.10882448982812086
2025181,4,0,qual_only,explicit_mmr,0.833862178251714,0.0023448384710907646,0.0020342166733123964,0.004634413173234429,0.09085842777567744,0.066265925654971
2025280,0,0,explicit_mmr,explicit_mmr,0.37123316067355266,0.0035393003734364046,0.2554347338709399,2.2282109023105635e-05,0.0001430071814888525,0.36962751579155917
2025349,0,0,explicit_mmr,explicit_mmr,0.9999774264644387,9.347444957326307e-07,2.1607840272973968e-05,2.434797839449587e-13,1.0753281702098886e-09,2.987522091871047e-08
2025682,4,4,qual_only,qual_only,0.031227026561609125,0.2094559174993248,1.3005966677182771e-05,0.0004958943924182684,0.7388779228862496,0.01993023269372095
2025685,4,0,qual_only,explicit_mmr,0.38585499239776355,0.21595843632671324,0.0015566279391723288,0.012632905156873805,0.3557636196451422,0.02823341853433483
2025686,4,2,qual_only,multi_method_not_mmr,0.016295704025208115,0.18713765201321256,0.30529151781732855,0.002748255478310087,0.20710524578362002,0.2814216248823206
2025805,5,1,quant_only,implicit_mmr,2.2077353934277737e-06,0.9944133593156977,0.005573502364620053,1.3500644349886657e-06,9.571186740058033e-06,9.333113727126164e-09
2027470,4,3,qual_only,no_method_signal,0.005081159713338664,0.01461686449873131,0.16605805720218766,0.6879927610928024,0.010919437131488352,0.11533172036145165
2027506,0,0,explicit_mmr,explicit_mmr,0.9998366639930848,0.00013189281478630894,8.734947252241966e-07,6.57895454195948e-10,4.140196705501499e-06,2.642884280255306e-05
2027637,0,0,explicit_mmr,explicit_mmr,0.9997994276143113,1.5438180799013593e-06,4.538549441411849e-08,4.248479762866961e-09,0.0001587506332702183,4.0228300364382416e-05
2028026,5,3,quant_only,no_method_signal,0.0059990840689539806,0.004577446646610346,0.00026248541781682635,0.47900972204622955,0.4656324117136672,0.04451885010672197
2028469,1,3,implicit_mmr,no_method_signal,0.022710595877596055,0.25155239375533467,5.750559082964067e-05,0.45625631400794175,0.25914624572610606,0.010276945042191676
2028473,1,3,implicit_mmr,no_method_signal,0.02007301793872245,0.002297027987217342,3.863945935462009e-07,0.560280048719612,0.4142919114964211,0.0030576074634335827
2028811,1,1,implicit_mmr,implicit_mmr,0.4505737167205978,0.5416156494940219,1.266452229611279e-05,8.447296558000952e-07,0.001781959906807028,0.006015164626621377
2029357,0,0,explicit_mmr,explicit_mmr,0.5717342605185934,0.2783516165711483,0.0009598859345491204,0.01084910399290773,0.0007236217800463284,0.13738151120275505
2029642,0,0,explicit_mmr,explicit_mmr,0.7261849974573368,0.27355169535779994,5.769705650233945e-07,4.0479352501985874e-10,6.948537433490938e-10,0.0002627291146508598
2029782,0,2,explicit_mmr,multi_method_not_mmr,1.6190539617596757e-06,0.00325673603997459,0.5701620498906447,0.004205012100322703,0.42231263587008594,6.194704501033595e-05
2029784,0,4,explicit_mmr,qual_only,0.00037576255292669214,1.06709579350013e-05,0.0007454163294824798,0.00107399460640896,0.9977917502457959,2.405307450966954e-06
2029785,0,4,explicit_mmr,qual_only,0.003985125942180483,0.06938264379365251,0.3972990992063443,0.017206231796964382,0.5053870657386385,0.006739833522219885
2029796,0,4,explicit_mmr,qual_only,0.00033721764040299366,0.0011297640371448765,0.022045663545780976,0.004637583177854034,0.97123689442838,0.0006128771704370253
2030297,0,0,explicit_mmr,explicit_mmr,0.7347009655436414,0.026260895277753656,1.4848657212550365e-05,0.0633309564787478,0.0710767516074624,0.10461558243518204
2030313,0,1,explicit_mmr,implicit_mmr,0.18388925302631162,0.8148131920616084,1.08060971105354e-05,1.0680083237951155e-06,8.058969685780247e-05,0.0012050911097879144
2030485,1,1,implicit_mmr,implicit_mmr,0.00617147627817619,0.7869178734319809,1.7372190429906753e-05,2.0810927991156608e-06,0.0003338700486848371,0.20655732695792908
2030582,0,2,explicit_mmr,multi_method_not_mmr,0.04433959401633926,0.014299782736467878,0.5466311655082422,0.32716868955483636,0.00016274547331859818,0.06739802271079567
2030663,1,5,implicit_mmr,quant_only,0.36700173703816674,0.19663778253602032,6.517454722656706e-06,0.005255504086473329,0.0010795448441016991,0.43001891404051523
2030720,1,1,implicit_mmr,implicit_mmr,0.005969052213683219,0.9211567897071206,0.0006169536503101474,0.011616180914978486,2.3874562414787355e-05,0.06061714895149283
2030731,5,1,quant_only,implicit_mmr,0.004063818767972211,0.9621196235687166,0.001594211343807313,0.008110674707359334,3.0870294628442114e-05,0.024080801317516054
2030969,0,5,explicit_mmr,quant_only,0.020946714620015457,0.029462924373110946,7.850676474833056e-05,0.017335156162613836,3.208183324844578e-06,0.9321734898961866
2032226,4,1,qual_only,implicit_mmr,0.00024476164298022096,0.4681838264408777,0.373789516952852,0.004236208199187665,0.15353931581841232,6.370945690196853e-06
2032737,0,1,explicit_mmr,implicit_mmr,0.187694988626229,0.5237817946130553,0.005593686598351401,0.026473708967051493,0.20780821931099316,0.04864760188431973
2032781,5,5,quant_only,quant_only,0.09923174966974971,0.00011825869586545801,0.015140588529386902,0.3083350990708915,0.16194595231647121,0.41522835171763506
2032802,0,0,explicit_mmr,explicit_mmr,0.9982510368844603,0.0014631883112924283,7.756125179249109e-06,5.492919699605175e-10,0.00010134630257142668,0.0001766718272047048
2033389,0,0,explicit_mmr,explicit_mmr,0.8592526271918206,0.14074682196678356,8.897548708894547e-12,2.3372224301035802e-11,1.6276938653379444e-07,3.8803973938236494e-07
2036549,1,0,implicit_mmr,explicit_mmr,0.5569213468510664,0.27640847384279704,2.0421006751527204e-05,0.0006877145661146628,0.16475703489080373,0.0012050088424666115
2036870,2,2,multi_method_not_mmr,multi_method_not_mmr,1.3427132424645648e-06,0.32624425562324955,0.6735786157448125,1.8707858043359694e-06,4.0039813997894534e-06,0.0001699111514914438
2037403,2,3,multi_method_not_mmr,no_method_signal,0.0006594100651987972,0.00021247299523020872,0.04754086594757127,0.9481814058578909,3.2215657103279493e-06,0.0034026235683983913
2037809,0,0,explicit_mmr,explicit_mmr,0.9986128709905701,0.0009503275987917326,4.491781833243971e-06,7.86067959113892e-06,0.00011173741348671513,0.00031271153572711856
2039583,5,0,quant_only,explicit_mmr,0.5914944140120614,0.3991190079785249,0.000987178678293057,0.00013010694760446362,0.0008336096795408559,0.007435682703975292
2039864,0,0,explicit_mmr,explicit_mmr,0.5962564298241118,0.004326346293566665,0.0008030846919691829,0.003432651851119191,0.07103556944599558,0.32414591789323766
2039871,0,1,explicit_mmr,implicit_mmr,0.007440542819214214,0.8054404868017577,0.09142110184772079,0.02157909590421242,0.0037044025118416735,0.07041437011525323
2040795,5,2,quant_only,multi_method_not_mmr,0.0013757931090841332,4.840575534439557e-05,0.9978707315161018,1.2846175760423922e-05,1.879059693812755e-06,0.000690344384015362
2041960,1,1,implicit_mmr,implicit_mmr,0.008577410285658735,0.9731826574857069,0.001345605742320334,1.1718683987749715e-05,0.0007331269755809052,0.016149480826745454
2042142,0,0,explicit_mmr,explicit_mmr,0.9994828540883064,0.0004936835526410533,2.2476455579780637e-06,4.092887968263331e-11,1.6907674101668626e-05,4.3069984642035614e-06
2044243,1,0,implicit_mmr,explicit_mmr,0.973534806431523,0.006962938718438297,2.6968479125615595e-06,8.201243393419439e-09,7.206562235429815e-06,0.01949234323864737
2044333,2,5,multi_method_not_mmr,quant_only,0.0006773113229446061,1.6717144510793226e-08,1.238228449365853e-05,0.2921616255472071,1.8063820929407741e-06,0.7071468577461172
2044390,1,0,implicit_mmr,explicit_mmr,0.9961811036842716,0.002825160208484629,2.3629328224443698e-07,1.311809189878885e-08,4.999688827006377e-07,0.0009929867269870113
2044473,1,0,implicit_mmr,explicit_mmr,0.8777719380704642,0.10385018202356419,0.015350069952511907,1.9600958134381206e-08,1.2588824767731752e-05,0.003015201527733833
2044879,0,0,explicit_mmr,explicit_mmr,0.5747772499789393,0.4084880258321192,7.16904366854528e-05,0.0007380762589484873,0.00011209235214048979,0.015812865141167056
2045634,4,1,qual_only,implicit_mmr,0.2161105759390958,0.5458415004637338,1.1653631058164468e-08,4.321018294964342e-06,0.2380435620411684,2.8884075996705016e-08
2046079,0,0,explicit_mmr,explicit_mmr,0.9723827264190352,0.02721123363089701,1.1575400068722064e-05,2.8550480569655453e-05,4.3404335560813775e-05,0.000322509733868834
2047105,0,1,explicit_mmr,implicit_mmr,0.004912715182693387,0.9927157603438987,0.00022398029907385594,0.0016957090435529005,0.0003251695731893133,0.00012666555759172204
2047420,0,0,explicit_mmr,explicit_mmr,0.9952308151779183,0.004658051426490984,7.879335462223221e-08,3.1385404755550536e-10,2.7137259600119593e-11,0.00011105426124507028
2048018,1,0,implicit_mmr,explicit_mmr,0.9610922710693383,0.038897116590131696,5.718680104428197e-11,1.1886200704742928e-09,1.0558426186071205e-05,5.2668537009696365e-08
2048833,1,2,implicit_mmr,multi_method_not_mmr,0.09252672417635371,0.01101375923314578,0.8137094980027297,0.0029572679975725723,0.07974049988973086,5.225070046742614e-05
2048852,1,0,implicit_mmr,explicit_mmr,0.4778751028370254,0.10227223475413953,0.4089102941247933,0.005301229587307114,0.0056398505236085646,1.2881731259579507e-06
2048987,0,1,explicit_mmr,implicit_mmr,0.08946083667405068,0.8710377088958716,4.128592308035457e-08,0.0004981252955902495,0.038173597340729566,0.0008296905078349584
2049044,2,3,multi_method_not_mmr,no_method_signal,3.7954725045760386e-08,4.237416738124778e-08,0.003632001393324247,0.9961384087253009,0.0002234822748613309,6.027277621003175e-06
2049974,4,4,qual_only,qual_only,2.7131543484630928e-05,9.908107475000181e-05,0.39451684547801463,0.009061415745760198,0.5961703423552976,0.00012518380269288312
2050443,4,0,qual_only,explicit_mmr,0.9866193947180075,0.00034471775825527885,0.00830378680633979,0.0032359816708865184,0.00031529773547574354,0.0011808213110352786
2050542,2,5,multi_method_not_mmr,quant_only,0.305103390888674,0.0016468880203004328,0.14503342872775754,0.03825961557636967,0.0020874268092977233,0.5078692499776005
2050619,1,0,implicit_mmr,explicit_mmr,0.9757868205993495,0.020074688466946145,4.3249948479276226e-08,2.885126494912682e-08,5.421527717106395e-06,0.004132997304773792
2050669,2,3,multi_method_not_mmr,no_method_signal,0.0014583615846182267,1.2497194232545472e-05,7.61493061591238e-05,0.8220921956980282,3.04629289261611e-05,0.1763303332880356
2050699,3,3,no_method_signal,no_method_signal,3.220866427567149e-05,0.2966817789089814,0.0024107160251472517,0.4211967499951693,0.27216576453032093,0.007512781876105589
2050899,3,3,no_method_signal,no_method_signal,0.005631994204141309,0.0001972624784632213,0.008514796915578203,0.8230903523474506,0.1596572833332427,0.002908310721123961
2050956,2,3,multi_method_not_mmr,no_method_signal,0.00010846125327413846,0.00012323158506527852,0.01467731643798994,0.9845082205134795,2.0810113345587854e-06,0.0005806891988567667
2051156,3,3,no_method_signal,no_method_signal,0.008564828451376802,0.00010615935236807982,0.006877987798192506,0.5150218519692776,0.3898642147677259,0.07956495766105898
2052788,3,3,no_method_signal,no_method_signal,6.7489036726284456e-06,1.1438964994736148e-08,2.121445918804836e-05,0.999958464714574,1.3526043117158255e-05,3.444048324916335e-08
2054823,0,0,explicit_mmr,explicit_mmr,0.9907509388299243,0.009106483425837295,0.00013572752796824493,1.1812399901670525e-09,2.5433758124819914e-06,4.305659217667619e-06
2055250,3,1,no_method_signal,implicit_mmr,0.0002571364557529923,0.8623119242916736,1.1680049285159551e-05,0.046733469100657295,0.00016636863719934067,0.09051942146543172
2055288,0,1,explicit_mmr,implicit_mmr,0.0002609326273974609,0.9986063460251492,1.7993780464284052e-07,4.838146712009543e-05,1.8960260378389085e-05,0.0010651996821503357
2055343,5,0,quant_only,explicit_mmr,0.9491219063534202,0.05087544146074355,5.058281349273091e-07,1.1621310969196316e-11,9.847545822557145e-08,2.04787062178293e-06
2055375,1,1,implicit_mmr,implicit_mmr,0.4239536638948052,0.5756827825821772,1.9756453230501864e-05,1.399261352026821e-07,0.00030930950695577637,3.434763669617105e-05
2055379,2,0,multi_method_not_mmr,explicit_mmr,0.9860190527116969,0.010771868683580552,0.0006445846522526257,7.291360111583123e-06,1.1277721274979466e-05,0.002545924871083237
2055534,2,0,multi_method_not_mmr,explicit_mmr,0.9761464092336601,0.0217623611296245,0.001962731065355759,1.762935028062164e-06,8.891464497368055e-08,0.0001266467216864661
2055550,0,0,explicit_mmr,explicit_mmr,0.9956252781162187,0.004358631539644632,2.8114319497960804e-09,3.092056628355274e-11,3.0979233877320234e-09,1.608440386066651e-05
2055597,0,2,explicit_mmr,multi_method_not_mmr,0.13978636519578133,0.00965439270679106,0.8500589568402754,2.213436721341605e-08,0.00019657202861948444,0.00030369109416533544
2055609,0,2,explicit_mmr,multi_method_not_mmr,0.33331204418274063,0.0006251814445451156,0.6589199204410855,1.1825217391552449e-07,0.00017860206036147866,0.006964133619093366
2055705,1,2,implicit_mmr,multi_method_not_mmr,3.930537548556037e-06,0.0002795330237759927,0.9938836335374621,0.005268637856226785,2.6088746513006506e-05,0.0005381762984737752
2100017,0,0,explicit_mmr,explicit_mmr,0.7609661049581855,0.23187945178471384,0.0012913889549461999,5.331778411891038e-07,2.041057271518187e-06,0.005860480067041829
2100029,0,0,explicit_mmr,explicit_mmr,0.9937992777883733,0.006169769478762587,5.876162613846019e-07,2.0909657863142928e-08,2.5705638198781e-05,4.6385687458237365e-06
2100062,0,0,explicit_mmr,explicit_mmr,0.9999915311993816,5.778421927155947e-07,2.1332941934041483e-08,1.0087371319994268e-07,7.057330709296349e-06,7.114210611556244e-07
2100081,1,5,implicit_mmr,quant_only,0.17701779565327672,0.17896196642548998,0.03497045679091521,1.1636203616227905e-06,0.013858348476875715,0.5951902690330807
2100137,2,0,multi_method_not_mmr,explicit_mmr,0.5480683516702672,0.09850795181596646,0.00015662191439071925,8.887622106073397e-08,0.000179786290666517,0.3530871994324879
2100138,2,0,multi_method_not_mmr,explicit_mmr,0.8971888014049799,0.05166943363532625,0.008853065931771603,2.7895467312977154e-07,0.0342612097177877,0.008027210355461124
2100139,0,1,explicit_mmr,implicit_mmr,0.005432590207761195,0.9920678815936068,4.591185174971071e-05,9.493188962207724e-09,1.2398999018942423e-07,0.0024534828637034164
2100149,4,3,qual_only,no_method_signal,4.251762005032113e-05,0.0011618001058917298,6.980887783141441e-06,0.9852725860765801,6.764249456334607e-05,0.013448472815131635
2100242,4,0,qual_only,explicit_mmr,0.9994813946906039,0.00045622212316249805,3.2301770601819142e-09,6.759244834160984e-13,6.237811716552783e-05,1.8382153257821907e-09
2100296,0,0,explicit_mmr,explicit_mmr,0.9924230231380017,0.0075765174757156184,1.1621570080645354e-11,1.9460904544282014e-13,3.3845576054178446e-09,4.5598990904800097e-07
2100617,1,0,implicit_mmr,explicit_mmr,0.7153931132077045,0.13666463414085972,0.00010887394780828754,2.6759679135571718e-06,0.14781764325190133,1.3059483812674581e-05
2100823,5,3,quant_only,no_method_signal,0.2398726516775605,0.0001266379081169982,0.00656167008944879,0.7488338559214204,0.0008404220675422323,0.0037647623359110534
2100835,0,1,explicit_mmr,implicit_mmr,0.22709386004973733,0.7727046640075661,0.00012535758937011162,2.5456087303908335e-08,1.0161509422889848e-05,6.59313878164108e-05
2101138,2,2,multi_method_not_mmr,multi_method_not_mmr,7.2666212714832024e-06,8.776764368310189e-07,0.9981414532138047,0.0018238571457935644,9.112932475891495e-06,1.7432410217620772e-05
2101217,4,0,qual_only,explicit_mmr,0.8336063249297536,0.021890164236108227,0.012093865836779773,0.00029103606613363405,0.13209498849147214,2.3620439752867493e-05
2101255,2,0,multi_method_not_mmr,explicit_mmr,0.8606987633028677,0.12547982158848375,9.229800300007412e-07,8.360065103243778e-10,2.3299036159154516e-06,0.013818161388996166
2101669,2,1,multi_method_not_mmr,implicit_mmr,0.00044742068222478797,0.9923329721229489,0.00038228286793346106,1.2174667578761532e-09,9.89951547000809e-08,0.006837224114271256
2101670,2,1,multi_method_not_mmr,implicit_mmr,0.1393380360743752,0.5192665132676664,0.0013839663637003723,1.1181548265568384e-05,0.00012369675279044247,0.339876605993202
2104782,0,0,explicit_mmr,explicit_mmr,0.9977781494616496,0.0022003178328625435,8.397621011809792e-07,1.2623023941338506e-08,7.311835318630864e-09,2.067300852785758e-05
2104792,0,0,explicit_mmr,explicit_mmr,0.9992510844832118,0.0006999204615069222,6.784527622992526e-07,8.446032181298059e-09,4.6515086601821277e-07,4.784300562057845e-05
2104979,0,0,explicit_mmr,explicit_mmr,0.980349515023469,0.01958393587631929,2.3558402329316767e-05,2.84955732424375e-10,8.973008363748146e-08,4.290068284291524e-05
2105156,0,0,explicit_mmr,explicit_mmr,0.9961656406671537,1.4900014576806348e-05,1.3163770872505073e-05,1.6520404749981338e-09,1.7102497429824205e-05,0.0037891913979263875
2105695,1,1,implicit_mmr,implicit_mmr,0.012793248960650516,0.7538161508739732,0.22747879686455919,1.5652682107393657e-06,9.163259381193573e-06,0.0059010747732251975
2106319,0,4,explicit_mmr,qual_only,0.31610394695779537,1.129428770097755e-05,0.0020254431299471303,0.000731786701413107,0.6791953681580054,0.0019321607651378498
2106670,0,0,explicit_mmr,explicit_mmr,0.7600351418824397,0.2393821348070897,1.2627723601433443e-08,3.497292527293873e-09,4.310546331658824e-06,0.0005783966391228235
2107631,0,0,explicit_mmr,explicit_mmr,0.9174622621721795,0.00022727514106015174,0.00011405408001841898,1.3938110116796691e-06,4.882028197776796e-09,0.08219500991370199
2109443,1,1,implicit_mmr,implicit_mmr,0.0001191715486608205,0.9971400881166702,0.0027272863709036283,4.07403618922945e-08,5.207485665189786e-08,1.3361148546794592e-05
2109942,5,5,quant_only,quant_only,0.15109269801631578,0.12691635346116745,0.3477229131514353,7.95220779297435e-06,0.000585812802609959,0.3736742703606785
2110641,1,0,implicit_mmr,explicit_mmr,0.9908882091987089,0.004771059607773476,0.0011085690483445998,2.236412908806163e-06,1.924861230896955e-06,0.0032280008710332867
2110777,0,5,explicit_mmr,quant_only,0.24701700663784984,0.15358762903543727,0.001082617834747974,0.00033477962978304554,0.12425281157154805,0.47372515529063386
2111119,1,0,implicit_mmr,explicit_mmr,0.5377442789989529,0.16690040023426103,0.2939224763144817,2.742110217899073e-07,0.001423764506078484,8.805735204124102e-06
2111150,0,1,explicit_mmr,implicit_mmr,0.08729732014792639,0.9110271898509458,2.5368323623460073e-05,0.00010758908645244873,1.2694430852251771e-06,0.001541263147966487
2111262,1,0,implicit_mmr,explicit_mmr,0.9977673758184945,0.0003685748631724926,0.001508833614355365,4.4130949839824515e-09,6.412991612755764e-06,0.0003487982992699916
2111331,1,0,implicit_mmr,explicit_mmr,0.8053069843217964,0.1841127419333308,0.0016729551062874995,4.3929924818100735e-09,2.976385860789994e-07,0.008907016607006645
2111377,0,0,explicit_mmr,explicit_mmr,0.9102576681053027,0.0844792441824557,1.1084001209087022e-05,1.1176004624733973e-09,3.1712807427094613e-07,0.005251685465357716
2111386,0,0,explicit_mmr,explicit_mmr,0.9976521592366199,0.0021974012896982076,7.4387881759777e-07,5.738065513002374e-08,6.904467542333751e-06,0.00014273374666688924
2111510,0,0,explicit_mmr,explicit_mmr,0.9880165932706751,0.011741532569754513,8.460438142811642e-07,1.924909779015938e-08,4.485141682324399e-06,0.00023652372497587841
2111533,1,0,implicit_mmr,explicit_mmr,0.9348586652425932,0.0004937412571797638,2.723970613798275e-05,1.300885443121598e-07,5.637879676579181e-07,0.06461965991757711
2112532,0,2,explicit_mmr,multi_method_not_mmr,0.0029566598637976384,7.235890230374988e-07,0.9969263513673893,2.6276748211334517e-07,6.97870991014981e-05,4.621531320641241e-05
2112689,0,0,explicit_mmr,explicit_mmr,0.9700127833821003,0.02936712035180332,0.00039527551316652853,1.0592575383113112e-06,0.00019738626093436846,2.6375234457325734e-05
2113261,2,3,multi_method_not_mmr,no_method_signal,0.0001889388772166664,0.001232043033370726,2.2506758996738246e-05,0.9970924657938539,1.578808142885386e-05,0.0014482574551330813
2113755,1,4,implicit_mmr,qual_only,0.00013421378317265007,0.0035590143564505324,5.737983629220347e-05,1.7186658160589592e-09,0.9962493822563684,8.049050449407433e-09
2113844,1,0,implicit_mmr,explicit_mmr,0.9927339485277022,0.0041967653418142825,0.0027835158722504015,2.459118924575674e-07,0.0002784352876782038,7.089058662349138e-06
2113845,1,2,implicit_mmr,multi_method_not_mmr,0.028910302737962423,0.008066520185299214,0.9629852896050763,2.9090808227443547e-08,1.547615741468469e-05,2.2382223439074517e-05
2113846,1,0,implicit_mmr,explicit_mmr,0.8539669081142995,0.047019356040241114,0.09043155308451205,1.710501628328091e-06,0.00855976309354201,2.070916577693387e-05
2114824,4,3,qual_only,no_method_signal,0.0009121285657660125,0.16022887804582933,0.33890201052283364,0.37647370923775075,0.10072619055558832,0.02275708307223202
2115138,0,0,explicit_mmr,explicit_mmr,0.9999057823000105,2.7405337416175813e-05,3.255355841845222e-07,5.707851340785376e-06,5.7325114635025116e-05,3.4538610134025516e-06
2115160,1,2,implicit_mmr,multi_method_not_mmr,0.4427050152301411,0.004387089105817005,0.5138168796977203,0.0010221766486748112,0.0008817389483362169,0.037187100369310465
2115579,0,0,explicit_mmr,explicit_mmr,0.7413815334051314,0.10197171246481786,0.15428994032799911,0.001793434249627492,0.0004425720438634249,0.00012080750856065946
2115730,0,1,explicit_mmr,implicit_mmr,0.21747629007713767,0.7799656553164037,0.0006203519673636955,0.0010346651774044,2.315282193690082e-05,0.0008798846397534919
2115921,1,0,implicit_mmr,explicit_mmr,0.9493747331108917,0.01593182504064948,0.0108668245351299,0.0010080217277259136,0.018156832036809744,0.004661763548793208
2116110,0,0,explicit_mmr,explicit_mmr,0.998976006145219,0.0009743314567192632,9.68590550622194e-06,7.253540903421043e-08,3.986141137253074e-05,4.2545773852222486e-08
2116118,0,0,explicit_mmr,explicit_mmr,0.9968680721316379,0.002354261955302943,6.638528639126604e-05,0.0005847047461347191,4.6046391364573106e-05,8.052948916882512e-05
2117224,0,0,explicit_mmr,explicit_mmr,0.8897563180696828,0.0009678508142629513,0.06873375631590002,8.880245168103457e-05,0.04042359989042199,2.9672458051271344e-05
2118077,0,4,explicit_mmr,qual_only,0.02659337084512725,0.0013258885176417588,0.46582236114882897,0.00010142253922599493,0.5061553498946172,1.6070545587584972e-06
2119007,2,1,multi_method_not_mmr,implicit_mmr,0.0018589319608296956,0.5551185752276555,0.00254996045273617,0.00027000427710864697,0.20483221763812895,0.23537031044354098
2120021,0,0,explicit_mmr,explicit_mmr,0.9804305390725919,0.00906966949551354,0.006491530026474017,0.0003108656876610034,0.0008333417842642582,0.0028640539334953527
2120742,0,0,explicit_mmr,explicit_mmr,0.9875245239610501,0.010604708161130929,2.325744758091258e-06,1.8426815705608982e-09,0.0018684006655144392,3.9624864907105744e-08
2120849,0,2,explicit_mmr,multi_method_not_mmr,0.18746498598714495,0.0012087767223349414,0.7955759767612345,0.0007123462449165123,0.0008286088430473906,0.01420930544132184
2121277,0,0,explicit_mmr,explicit_mmr,0.9034580274213077,0.0005992933943803524,0.00043537806361557265,0.00026477708455813323,0.003375831135691818,0.09186669290044655
2121342,0,5,explicit_mmr,quant_only,0.01311937296713014,0.2130452604822957,0.05434664992252038,0.34383943846919635,0.015597199033554105,0.36005207912530335
2121351,0,1,explicit_mmr,implicit_mmr,0.015626344568970517,0.9649015913638465,1.5002439654348265e-05,2.5778329488045566e-06,0.019401541002078634,5.294279250130617e-05
2121417,0,3,explicit_mmr,no_method_signal,0.047337316880703764,0.025193374487114523,0.023111146947212877,0.8082681881215987,0.0009597150501520007,0.09513025851321795
2121503,0,0,explicit_mmr,explicit_mmr,0.8425011705058202,0.0012539425878454473,0.0013833348216080279,0.022800634667584144,0.0008126330920547527,0.1312482843250875
2122212,2,0,multi_method_not_mmr,explicit_mmr,0.8407852341916959,1.4771093412065084e-06,0.009130119834578171,3.3936618622724866e-05,9.604436941731319e-08,0.15004913620139262
2122213,2,0,multi_method_not_mmr,explicit_mmr,0.675207238737627,0.00039313191130872983,0.002023691090513656,2.690402627461933e-05,1.8902973175978594e-05,0.3223301312611001
2122367,0,2,explicit_mmr,multi_method_not_mmr,0.04225142250830171,0.0045070970607695715,0.5644748409062804,0.38867427355665607,8.323669561949836e-06,8.404229843028415e-05
2122665,0,4,explicit_mmr,qual_only,0.053777856553722775,0.03324465805627424,0.41276339487286934,0.004799687304813074,0.49521642616640055,0.00019797704591998445
2122828,0,1,explicit_mmr,implicit_mmr,0.05404277780797436,0.9459264709509655,3.4058215385759997e-07,3.9628043415226226e-07,4.284280446023468e-06,2.5730098026175152e-05
2122874,0,0,explicit_mmr,explicit_mmr,0.9610077532704364,2.320472354902575e-07,0.038821992198468706,4.343751708445897e-07,0.00016768569732538406,1.9024113633850258e-06
2122875,0,0,explicit_mmr,explicit_mmr,0.9588141734662758,0.04004361177580799,0.00043021180628610684,8.44707400514742e-06,0.0006800496122257772,2.350626539923012e-05
2122924,0,1,explicit_mmr,implicit_mmr,0.049421790682431264,0.9503106975403899,0.0001573879059162762,3.0854739336340314e-07,0.00010661156822722402,3.2037556420871834e-06
2122934,4,0,qual_only,explicit_mmr,0.9950315753288548,0.0049113453736395135,2.385909439786455e-08,1.4574553234116526e-06,8.168050426513792e-07,5.478117804495047e-05
2122985,5,3,quant_only,no_method_signal,5.573558868104e-06,1.4097941734196686e-06,0.002635857009753783,0.9966488350602632,0.0006823674013849596,2.5957175556394538e-05
2124215,5,3,quant_only,no_method_signal,0.00954426731436035,1.7093870634572785e-05,0.000730718461492466,0.9787183064006914,0.0012458512448612663,0.009743762707960013
2125362,2,2,multi_method_not_mmr,multi_method_not_mmr,0.011963948765337861,0.014780277004856767,0.9591165315023197,0.011996316208476465,6.993145002206508e-05,0.002072995068987322
2126021,0,0,explicit_mmr,explicit_mmr,0.9777105825984799,0.014802102814015429,6.361446171828591e-05,9.371574933555114e-08,1.3948739547153547e-07,0.007423466922641568
2126023,0,0,explicit_mmr,explicit_mmr,0.6602034409612743,0.3397048997618317,5.3251287505734574e-08,4.291531388561815e-10,9.155766703903591e-05,4.79294142180391e-08
2126031,1,0,implicit_mmr,explicit_mmr,0.9995317865333486,0.0002442855528978733,4.1420882239574714e-11,1.2172812037272984e-10,3.627877582241838e-08,0.00022389147182858352
2126056,0,0,explicit_mmr,explicit_mmr,0.9889538658737239,0.0009626606342991833,0.00012517192643828298,4.141634080160682e-07,0.002292940544602486,0.0076649468575280735
2126082,5,4,quant_only,qual_only,0.044019549332743484,0.004092179023457934,0.04482939544760492,0.12147178047994875,0.7797737564469531,0.005813339269291765
2126613,4,2,qual_only,multi_method_not_mmr,0.13282020321844068,1.386283545745915e-06,0.6404851242554893,3.846722921852612e-06,0.22666570284192525,2.373667767719185e-05
2128203,1,1,implicit_mmr,implicit_mmr,0.0017304874116111097,0.9960982939749908,2.0627857732399267e-05,1.0328141969847227e-06,1.0889814119973028e-07,0.002149449043327542
2128544,1,1,implicit_mmr,implicit_mmr,0.13345547735948582,0.866538544010176,5.239726686852436e-08,1.1577386581283901e-07,2.8294465074338975e-06,2.981012698027908e-06
2128559,1,0,implicit_mmr,explicit_mmr,0.9924319891513443,0.007557542386973533,4.796752329658067e-08,1.6241591774950678e-06,7.311827284418874e-06,1.4845076971534625e-06
2128897,0,5,explicit_mmr,quant_only,0.044644510849269174,0.0009742019385952322,0.00010686851096984643,0.0007313404789540382,0.036555626911339865,0.9169874513108719
2129282,0,0,explicit_mmr,explicit_mmr,0.8454088036390489,0.05324972205232754,6.983821694576499e-05,1.5648968342184134e-05,0.10122368943390285,3.229768943280809e-05
2129308,0,1,explicit_mmr,implicit_mmr,0.36671309357544474,0.511411295397686,0.018009104648040265,1.9424540042843434e-05,0.06355621829645183,0.04029086354233437
2129896,0,5,explicit_mmr,quant_only,0.0298093880611645,0.005144461241689459,2.678616428499617e-05,4.255708639941743e-06,0.0006307445347161645,0.964384364289505
2130006,4,0,qual_only,explicit_mmr,0.613782046586185,0.04062248630503848,0.005524498951686545,0.004108337452288969,3.6765194538296826e-05,0.3359258655102629
2130022,0,0,explicit_mmr,explicit_mmr,0.9498200230994877,0.042915296302034264,1.209872853828867e-05,1.391231625894882e-06,3.179328265938961e-05,0.007219397355654512
2130073,0,5,explicit_mmr,quant_only,0.004739792025345127,0.0003473184965786549,0.00023856125171320942,0.00013648315744665748,1.750631385740398e-08,0.9945378275626026
2130169,0,1,explicit_mmr,implicit_mmr,0.0022480407359917447,0.7886471678538665,2.8117725267291653e-05,0.0002604847806216717,0.002172500267695865,0.20664368863655688
2130222,0,5,explicit_mmr,quant_only,0.02229009598928937,0.06011618635123166,0.002124635191797725,0.0073146776277937765,0.0015803868970199401,0.9065740179428675
2130239,0,5,explicit_mmr,quant_only,0.21692059476276188,0.12860646257572392,0.01097968393405795,0.26799070338556263,0.04164595832683096,0.33385659701506265
2130255,0,5,explicit_mmr,quant_only,0.028073806391904654,7.436839916345338e-05,2.865907440631177e-06,0.005336991590924548,9.089936113261997e-07,0.9665110587169554
2130256,0,0,explicit_mmr,explicit_mmr,0.7692943444006689,0.2113375621418018,0.008291851345729847,3.7919397174030725e-05,3.0506334103281918e-05,0.011007816380522225
2130286,0,0,explicit_mmr,explicit_mmr,0.551092032702973,0.007687634589609372,0.0001020040684075139,0.02618503724300554,0.00016163825212984532,0.4147716531438748
2130290,0,0,explicit_mmr,explicit_mmr,0.9819908290981035,0.003262142740957787,1.074850962188822e-05,1.0483321467092757e-06,0.0029963830317448637,0.01173884828742529
2130298,0,0,explicit_mmr,explicit_mmr,0.9829085045927421,0.005445329659350869,0.010281817894995077,5.840841195982983e-06,0.0003443792143813992,0.0010141277973346558
2130323,0,5,explicit_mmr,quant_only,0.003182757933682964,0.025370117658395804,1.3757577625943229e-05,0.00023732463510730902,0.0037353377758036436,0.9674607044193844
2130397,1,5,implicit_mmr,quant_only,4.878239959681754e-05,0.00046595489779899436,0.00149737715047807,1.178267365989362e-05,6.782814546190397e-10,0.9979761022001848
2130398,0,0,explicit_mmr,explicit_mmr,0.9965828183800917,0.001190733897850571,1.3886027253112536e-05,3.196621418480694e-07,0.0003222161728894002,0.0018900258597732591
2130448,0,0,explicit_mmr,explicit_mmr,0.49389955781329076,0.17678491619551373,0.0007480717592402793,3.020116579957382e-05,2.21824561851052e-06,0.3285350348205372
2130461,0,5,explicit_mmr,quant_only,0.011008784724161585,0.019036324924646842,0.0031527668389668955,0.38128343742045645,0.0013700683488257165,0.5841486177429425
2130479,5,5,quant_only,quant_only,0.10169582348609525,0.001125229721473369,2.3732796226203984e-05,0.000150074574938964,3.6494001155556946e-05,0.8969686454201106
2131097,1,2,implicit_mmr,multi_method_not_mmr,0.4042037480327596,0.04299275679322475,0.5514525827088188,0.00028242695426208267,0.0007190950311136387,0.00034939047982095645
2133190,4,0,qual_only,explicit_mmr,0.4838266935772112,0.26731854364081714,0.0017190629837006235,0.019023636521009163,0.21198975583952687,0.01612230743773515
2133982,0,2,explicit_mmr,multi_method_not_mmr,0.17181538160114299,0.0043307785460525855,0.8236155825515364,3.4019014389951654e-05,0.000143337568728767,6.090071814918447e-05
2134583,0,1,explicit_mmr,implicit_mmr,0.43769401956132353,0.5620100074999129,1.8627639349723754e-05,4.141202955307035e-07,6.141269797932484e-06,0.00027078990932021956
2135431,0,0,explicit_mmr,explicit_mmr,0.8403219859193252,0.004875945129938651,0.1542823817899428,2.515215258782231e-05,0.00013053266407141314,0.00036400234413422837
2135438,0,0,explicit_mmr,explicit_mmr,0.9867456705130189,0.006611506238076244,0.006294453218154729,1.0777252175279605e-06,2.78496857200606e-05,0.00031944261981256105
2136382,4,2,qual_only,multi_method_not_mmr,0.0020056140021636527,0.04721931851244115,0.9501113132586461,0.00015818262992923379,0.00019918986912014427,0.0003063817276996721
2138463,0,5,explicit_mmr,quant_only,0.0014517534808761283,0.00011399745325533169,0.00012873887063368585,1.7015779310487275e-06,0.0042844364497766265,0.9940193721675271
2139106,0,2,explicit_mmr,multi_method_not_mmr,0.15613116117443432,6.349453335032063e-05,0.8279898294644166,0.00030926268449966906,9.398224596277837e-05,0.015412269897336633
2140246,0,0,explicit_mmr,explicit_mmr,0.9995445039287143,0.00045521188005089453,1.8405799804908184e-07,4.225360876890912e-09,4.891242650948173e-09,9.101663335155145e-08
2140262,0,0,explicit_mmr,explicit_mmr,0.9996828106585728,0.00026539301464992434,1.3020164747805445e-06,7.054932406747436e-09,7.678078353185058e-07,4.9719447534737516e-05
2140867,0,0,explicit_mmr,explicit_mmr,0.99999749037166,2.4682659004349693e-06,8.661692223428183e-09,6.457524534958777e-09,1.9518513285304216e-08,6.724709401526833e-09
2140901,0,0,explicit_mmr,explicit_mmr,0.9706313618394422,0.026704612755944768,2.8626870478444107e-07,5.443972401637509e-07,0.00017634441626425786,0.002486850322403846
2140902,0,0,explicit_mmr,explicit_mmr,0.943958980428211,0.05475991054304856,3.22283604910272e-09,4.200240024399221e-07,0.0010687422190544871,0.00021194356284743758
2140903,0,0,explicit_mmr,explicit_mmr,0.9388276440406875,0.0568944513610956,1.5995991187299917e-06,0.00018038736389045486,0.0031179550238666334,0.0009779626113410266
2140904,0,0,explicit_mmr,explicit_mmr,0.8938048122787169,0.05983652426882652,4.3104416364534843e-08,1.581246502515038e-06,0.04187979573647926,0.004477243365058386
2140905,0,0,explicit_mmr,explicit_mmr,0.9986713522713032,0.0006013011671530919,2.460974192455231e-09,4.5359235112217486e-09,0.0002224922334130436,0.0005048473312329501
2141682,0,4,explicit_mmr,qual_only,0.20622537983666378,0.008219676417087974,0.006622508754655683,0.00024023709450315912,0.7784871842665348,0.00020501363055467527
2141716,1,0,implicit_mmr,explicit_mmr,0.9677667243020635,0.0290549796582087,8.09079593928205e-05,0.00010864686372515591,0.0004856921597894393,0.0025030490568206244
2141724,1,0,implicit_mmr,explicit_mmr,0.9420634374652106,0.04967204507412529,0.00010870141701032524,1.9607361764996923e-05,0.0026126930984700864,0.005523515583418617
2141727,1,0,implicit_mmr,explicit_mmr,0.998088268679061,0.0013815499985533602,3.907873972295625e-05,7.365750353884683e-07,0.00023597446410061424,0.00025439154352678827
2141952,1,0,implicit_mmr,explicit_mmr,0.9440590925028379,0.03930671792376711,0.00024295977306535942,0.00015960909683880435,0.0033080897816809324,0.01292353092180988
2141975,0,0,explicit_mmr,explicit_mmr,0.9998400321550281,8.687240151405314e-05,2.478141563642038e-07,2.1264096420257093e-08,3.5101906602703203e-06,6.93161745447532e-05
2142108,1,0,implicit_mmr,explicit_mmr,0.5451106552044017,0.042222577913750246,2.9617262235129453e-05,0.0013675367627249066,0.0033570618508389715,0.40791255100604906
2142214,0,0,explicit_mmr,explicit_mmr,0.999631555176069,1.4865208942987284e-08,0.0003676748524941545,9.870209543918839e-10,7.520144490360382e-07,2.104757740802454e-09
2142262,1,0,implicit_mmr,explicit_mmr,0.5920780029277728,0.05302550653885057,0.0002864617248992605,6.271640838714731e-05,0.016638953948794985,0.33790835845129513
2142276,0,0,explicit_mmr,explicit_mmr,0.9771310624245657,0.021021552972829746,9.890088777069548e-05,5.038863708011111e-09,5.675144634377275e-07,0.0017479111615068496
2142277,1,5,implicit_mmr,quant_only,0.0989088148868675,0.0002927829089675832,2.7277889764966383e-05,1.5634611618585164e-06,1.7513761973599244e-05,0.9007520470912644
2142311,0,2,explicit_mmr,multi_method_not_mmr,0.2909128429125301,0.0014012942110141087,0.7063224552033057,5.1209303787195605e-05,0.0010375353868827017,0.00027466298248024625
2142324,0,2,explicit_mmr,multi_method_not_mmr,0.3151674654446081,0.004338110983453554,0.6802171404199757,2.4378112904548875e-06,0.00015602165157438372,0.00011882368909785035
2142344,0,0,explicit_mmr,explicit_mmr,0.9993590515533728,4.541941412715523e-08,0.0006406969159912288,2.546325849260282e-10,2.0539750009433558e-07,4.5908913785668064e-10
2142416,0,0,explicit_mmr,explicit_mmr,0.9997854065264461,0.00020441938418681011,2.070766502106644e-06,4.575191150542369e-10,1.1462450374886185e-06,6.956620308314429e-06
2142436,0,0,explicit_mmr,explicit_mmr,0.9980551526304038,0.0018928825922762218,1.8921454698321185e-05,2.3859400385885936e-09,1.0008360010774765e-05,2.30325766709627e-05
2142439,1,1,implicit_mmr,implicit_mmr,0.06979094462174554,0.8698869782243133,0.05769183205855564,0.002162010541430096,0.00014550712573990442,0.00032272742821555506
2142490,1,0,implicit_mmr,explicit_mmr,0.8140124270852285,0.14051288692691635,0.002112966746068832,0.004272215001952649,0.03800433326287386,0.0010851709769597014
2142503,1,0,implicit_mmr,explicit_mmr,0.819797353414393,0.1528895240062318,0.005531386591386263,0.002242934090882833,0.008247737478873562,0.011291064418232778
2142594,1,0,implicit_mmr,explicit_mmr,0.5101795721189513,0.13155620178637373,0.21084638074674417,0.10025306742208695,0.005766697774452415,0.04139808015139159
2142628,2,5,multi_method_not_mmr,quant_only,0.029305690893122138,0.000885163035405748,0.005818398051178836,0.0019641698710704575,0.0006277965846989408,0.961398781564524
2142641,0,0,explicit_mmr,explicit_mmr,0.5867502529562056,0.40713444826494183,0.00033107140289204975,2.0581947073832638e-06,0.0009367622256773498,0.0048454069555756915
2142659,4,2,qual_only,multi_method_not_mmr,0.3894557352483012,0.08816534632327942,0.5019415699167945,0.0001869678597551445,0.020178518775027,7.186187684254551e-05
2142697,0,0,explicit_mmr,explicit_mmr,0.7301727671592257,0.2653305090038416,0.000895281289795756,4.1503563272938555e-07,7.5449896973681866e-06,0.0035934825218069412
2142780,3,3,no_method_signal,no_method_signal,3.983351825359937e-05,7.188622864670046e-05,2.8531466101746773e-05,0.994977170262093,4.644215464760337e-07,0.004882114103358487
2142783,1,0,implicit_mmr,explicit_mmr,0.46664416548244736,0.3195407927541054,0.19718553766185246,0.007737442390712638,0.0070673941343367755,0.0018246675765453203
2143173,1,1,implicit_mmr,implicit_mmr,0.06122193446992819,0.8014890439088485,0.010997878843037009,0.0008881075588918002,0.12121654845406579,0.004186486765228784
2143671,0,1,explicit_mmr,implicit_mmr,0.14702131413413036,0.8529634491315642,3.3316168920533533e-07,5.520188217795669e-08,2.3226926282883056e-06,1.2525678105873624e-05
2144618,0,0,explicit_mmr,explicit_mmr,0.9627058000524893,0.0019704155576703427,1.2899121492404041e-05,0.024622049912187218,0.01056752147728473,0.00012131387887592227
2144698,4,0,qual_only,explicit_mmr,0.9980554037867131,0.0002481797754775318,0.00018398951807194948,0.000302416664983177,0.001160206299380269,4.980395537421158e-05
2145105,0,0,explicit_mmr,explicit_mmr,0.9132615291531035,0.05386272690450349,9.19643182806571e-06,1.7343245371986618e-05,0.002620213476982088,0.03022899078821061
2146269,2,0,multi_method_not_mmr,explicit_mmr,0.7163030899971192,0.00017360136773311464,2.5675750054760726e-05,0.25763658231385617,0.003906981650627042,0.021954068920609617
2146359,3,3,no_method_signal,no_method_signal,0.0968846279551319,0.031538061256119444,2.386219477504567e-05,0.7231968587073629,0.01795108874930832,0.13040550113730243
2147625,0,2,explicit_mmr,multi_method_not_mmr,0.026249226508911514,1.1704890026858994e-05,0.9728457990587186,0.00047393275326939547,0.0003935055088116609,2.5831280261875035e-05
2147810,0,4,explicit_mmr,qual_only,0.0162218713258492,0.00011462940769592254,0.30805680933796536,0.0001876440428523819,0.675236661011608,0.00018238487402922446
2147811,0,2,explicit_mmr,multi_method_not_mmr,0.11992183430243598,0.002869221742917983,0.8585957262019316,0.00047904070527793216,0.017812471252113174,0.0003217057953233245
2148014,1,0,implicit_mmr,explicit_mmr,0.7171679821197114,0.27128533559447676,1.7575349249548183e-05,6.973509974115114e-06,0.008064752319218119,0.003457381107370128
2148023,0,5,explicit_mmr,quant_only,0.0002350400879985113,0.0010315230634834593,0.027037077607880027,0.34532871945483734,0.03340880347880083,0.5929588363069997
2148451,0,2,explicit_mmr,multi_method_not_mmr,0.311319313506816,0.016424358173068573,0.6690417177798411,0.001774048490587669,0.0014392945913452111,1.267458341344659e-06
2148543,0,0,explicit_mmr,explicit_mmr,0.7387632104874338,0.0033238692136944767,0.0018374192051661329,0.2557054317162942,0.0003509241518722779,1.9145225539129728e-05
2148560,0,0,explicit_mmr,explicit_mmr,0.5733819520826774,0.3418512929105029,0.0020221126610916046,0.015452818681142764,0.046229904582243776,0.02106191908234179
2148561,0,0,explicit_mmr,explicit_mmr,0.9522134627496028,0.04726709436820421,2.316352225201828e-05,0.00018164342964824872,6.078774070164019e-05,0.00025384818959099355
2148680,0,2,explicit_mmr,multi_method_not_mmr,0.09660796341889358,0.0575416735514302,0.8263989694153921,4.012760369579751e-05,0.019403976334649457,7.289675938797109e-06
2148777,1,5,implicit_mmr,quant_only,0.28496506140478134,0.00022378617705451107,0.2696435131938238,0.0647585704112793,0.009062269320422174,0.3713467994926389
2149356,0,1,explicit_mmr,implicit_mmr,0.0011255100204460016,0.8043662858354921,0.015857662322501034,1.5266508506822962e-05,0.01840706780653422,0.1602282075065197
2149370,2,3,multi_method_not_mmr,no_method_signal,0.002582576748201794,5.144815501077486e-07,0.00021998259426840388,0.9957760914220786,3.11366425619077e-06,0.0014177210896449473
2150045,0,0,explicit_mmr,explicit_mmr,0.7809365047814304,0.023528697637493434,0.00012023399561434265,0.00012664606197127277,0.00014742978434251794,0.19514048773914797
2150088,2,3,multi_method_not_mmr,no_method_signal,0.001084775889386061,0.0002322036144273276,0.007671548428942689,0.7037999752612344,0.0004611890043041539,0.28675030780170546
2150297,4,1,qual_only,implicit_mmr,0.17923891387280658,0.3543423836434878,0.01318289696523351,0.0006603473326092018,0.15415815384484347,0.29841730434101943
2150323,0,0,explicit_mmr,explicit_mmr,0.9913054135905234,0.00037468272789277615,0.0017854592460465107,0.006053794705239696,0.00043936057673644877,4.12891535612852e-05
2150337,2,3,multi_method_not_mmr,no_method_signal,5.447560693886089e-08,3.727093967244078e-08,0.012292806993078755,0.9615546764811057,0.00010627195935550514,0.026046152819913244
2150449,5,5,quant_only,quant_only,0.23174034923119524,0.028779578423175946,0.1289602438493759,0.030378061091767914,5.558358265149971e-06,0.5801362090462199
2150961,2,3,multi_method_not_mmr,no_method_signal,0.34505967063431453,0.0027158254536674745,0.010596247935092654,0.37582795944791464,0.00033226649101265545,0.2654680300379981
2151012,0,0,explicit_mmr,explicit_mmr,0.9999503312498391,2.846811129522586e-06,1.0407747214644957e-07,3.3430091447663024e-06,2.087124409062751e-06,4.1287728005442015e-05
2151045,0,0,explicit_mmr,explicit_mmr,0.9999678940059421,1.939910944352814e-07,2.4368438084124943e-07,1.4439299278611635e-05,2.4285333781310956e-06,1.4800485925747408e-05
2151046,4,5,qual_only,quant_only,0.4123780618045038,8.261333472736136e-05,0.00016153439824430314,0.07355254687192665,5.3611654224678445e-05,0.5137716319363731
2151056,0,0,explicit_mmr,explicit_mmr,0.9999353747176742,9.838708328247815e-07,2.885479659052685e-06,3.5754461665274386e-05,1.3180837178155852e-05,1.1820632990398567e-05
2151057,0,0,explicit_mmr,explicit_mmr,0.9999945699709897,1.97517924182949e-08,2.2197378309827973e-07,2.2270611876383348e-06,2.866487804683876e-07,2.6745934668608265e-06
2151061,4,0,qual_only,explicit_mmr,0.9311560228075404,2.3198788594243513e-06,0.04520093874574903,0.023636483272907207,2.405428981982636e-07,3.9947520456582054e-06
2151141,2,0,multi_method_not_mmr,explicit_mmr,0.7506569623181265,0.010201015738796749,0.07582001128835167,0.0011783187095155128,2.5011004333462742e-05,0.16211868094087611
2151404,4,1,qual_only,implicit_mmr,0.26312858016937263,0.7243274528388306,2.006877878869108e-07,5.1209984520533505e-08,0.012543018561637852,6.965323863941385e-07
2152260,2,1,multi_method_not_mmr,implicit_mmr,0.013820814961015018,0.5009850738696082,0.4448763670046156,0.011700451680992882,0.0019094779384666687,0.026707814545301772
2152282,0,0,explicit_mmr,explicit_mmr,0.9941107868848053,0.0053500597046849795,2.800160130790763e-05,5.313932721319282e-10,2.1753609453244825e-05,0.0004893976683553925
2152441,5,0,quant_only,explicit_mmr,0.6935322580006815,2.6596421342917906e-05,4.9225268709727125e-06,7.131300192303258e-07,3.5483500351088746e-05,0.3064000264207342
2154606,5,0,quant_only,explicit_mmr,0.7077893868193726,0.033520188428067706,2.0960728281066766e-05,0.17867928663211882,0.04153607669065904,0.03845410070150073
2200365,3,2,no_method_signal,multi_method_not_mmr,9.566871744254098e-05,0.02915691177981147,0.9188296695702504,0.05036535688174656,0.0010902057806995355,0.00046218727004924417
2200748,1,0,implicit_mmr,explicit_mmr,0.9821348259234653,0.017858610186281584,2.0195070839673674e-06,1.6383438190538337e-07,7.922933055609297e-07,3.5882554817388543e-06
2200781,5,5,quant_only,quant_only,0.0053719744491004025,0.0028842149526403,4.147121080161904e-05,0.011659297140148394,0.0005350976207713949,0.9795079446265379
2200815,0,2,explicit_mmr,multi_method_not_mmr,0.2780949804563161,0.004534295386907602,0.6893567640805472,7.3642765730004e-05,0.02793835087454897,1.96643595005373e-06
2200830,0,2,explicit_mmr,multi_method_not_mmr,0.4217655915522998,0.06258042548156482,0.5152833177126471,2.9489252094052092e-06,0.00026484721973212477,0.00010286910854686007
2200887,4,0,qual_only,explicit_mmr,0.9963882006193123,0.0008590745179668277,0.0002251500797983381,3.6710690937387824e-09,0.0025234387286324662,4.132383220904399e-06
2200928,0,1,explicit_mmr,implicit_mmr,0.17705977701296938,0.7566071586173424,0.004319679017616514,5.897948149059053e-05,0.06153089872288909,0.0004235071476920552
2201051,1,5,implicit_mmr,quant_only,0.17463895915922956,0.020725331661460778,4.101990343550785e-08,4.90161419487421e-09,7.404790199783834e-08,0.80463558920989
2201545,0,0,explicit_mmr,explicit_mmr,0.9941742665121817,0.005794546488736583,4.53077512327248e-06,1.0992993343805553e-07,3.722565276424345e-07,2.6174037497363244e-05
2201576,0,0,explicit_mmr,explicit_mmr,0.8761232800102924,0.12374487789528293,5.913946246779347e-06,4.6531446739966094e-07,3.707299807319155e-07,0.00012509210372975443
2201641,4,0,qual_only,explicit_mmr,0.8418644087286359,0.006756050095875114,5.42350662657736e-06,3.0061633927132115e-08,0.15136952969610254,4.557911126062159e-06
2201642,4,0,qual_only,explicit_mmr,0.7517830638487136,0.009491297918053223,7.805779410369076e-05,6.565057647378741e-09,0.2386457220658783,1.8518081934694898e-06
2201700,0,0,explicit_mmr,explicit_mmr,0.9967389041128102,0.003188896944623208,3.912587825833508e-06,5.124083634401087e-09,1.1723982723769464e-08,6.82695066741743e-05
2201701,0,0,explicit_mmr,explicit_mmr,0.9996311889437383,0.0003639751917325264,1.0793465352418981e-06,4.843290690094223e-09,2.3550415789587268e-08,3.7281242874573246e-06
2201764,0,0,explicit_mmr,explicit_mmr,0.9430266558807644,0.0073883200954201695,2.7890706698001725e-05,5.147991166235879e-06,0.049045315490582296,0.0005066698353689624
2201765,0,0,explicit_mmr,explicit_mmr,0.9919404048476822,0.00046022046882807614,4.556536389805486e-07,4.50379807000867e-08,0.007594636054033128,4.237937836889633e-06
2201792,4,0,qual_only,explicit_mmr,0.9985467607242814,0.0011192971826996985,8.274890306244344e-05,2.40056215448544e-09,4.3654654138077135e-07,0.0002507542428531037
2201793,4,0,qual_only,explicit_mmr,0.9996088909647947,0.00031473428994172156,5.0017716745007853e-05,5.381413023102295e-11,1.7647390132562775e-08,2.633932731427045e-05
2201794,4,0,qual_only,explicit_mmr,0.870166801928958,0.12801484436062152,0.00010054051116768295,3.470396703908926e-10,7.942464697211029e-08,0.001717733427566098
2201795,4,0,qual_only,explicit_mmr,0.9974937647820513,0.002480610636433183,4.710322520517977e-06,3.861068174996496e-09,3.3927076253827254e-08,2.0876470850348956e-05
2201858,4,0,qual_only,explicit_mmr,0.9739835549732929,0.0002638559281471454,0.0069423960995640185,4.2181095078740193e-07,1.4487251636473206e-05,0.018795283936408627
2201859,4,0,qual_only,explicit_mmr,0.9981218423892433,0.001126735414603445,3.099130378402207e-05,2.230735094159058e-06,8.609003090858251e-06,0.0007095911541843481
2201929,4,0,qual_only,explicit_mmr,0.9986741048249833,0.00043543896629421615,0.00015561090734171905,4.97510930030467e-07,3.336248323756147e-05,0.0007009853072131157
2201930,4,0,qual_only,explicit_mmr,0.9979439880814195,0.00068187585220874,1.1818321728992407e-05,2.3121753210810558e-06,0.00038336458603292474,0.00097664098328869
2201943,4,0,qual_only,explicit_mmr,0.4742064844452197,0.1774723608847491,3.236974471692647e-06,0.347599399578694,0.00023355487720009,0.0004849632396656026
2201993,2,3,multi_method_not_mmr,no_method_signal,0.00021189583176957732,0.00036725343507556016,2.9168043834835144e-06,0.999164951334,1.0027876438843168e-08,0.00025297256689497927
2202156,4,3,qual_only,no_method_signal,0.26189628661938824,0.006093449429707785,0.009202558875010404,0.5322622706622634,1.110191851495011e-06,0.19054432422177872
2202169,0,0,explicit_mmr,explicit_mmr,0.9992112056441304,0.0006508926386009165,6.694275298243595e-07,1.1232251824107342e-09,4.494416147338325e-05,9.228700503998875e-05
2203386,1,0,implicit_mmr,explicit_mmr,0.9515367266807444,0.04422326450150328,0.00023426668254875301,0.001053564708762076,0.0001993790250988704,0.002752798401342827
2204462,2,0,multi_method_not_mmr,explicit_mmr,0.9946719207969518,0.00380205754987445,5.936184170116035e-06,5.953967260855198e-05,7.580714250612905e-05,0.0013847386538886539
2204537,2,0,multi_method_not_mmr,explicit_mmr,0.7170778978658374,0.001699603189788671,1.7142784809382937e-05,2.040294192183792e-05,1.91469178060714e-05,0.28116580629983645
2205001,0,0,explicit_mmr,explicit_mmr,0.7253349443351073,0.02072326245552652,0.00023733430924466762,4.014306698771186e-05,0.12639054779465297,0.12727376803848084
2205612,5,1,quant_only,implicit_mmr,0.011630013950122774,0.6976181829749591,0.002386650391023191,8.080207918367015e-06,2.389750439281577e-06,0.2883546827255373
2207219,1,5,implicit_mmr,quant_only,8.04414648941981e-06,8.515485754925566e-07,2.5566875335196087e-07,0.0046007971116921705,1.1600875803651993e-05,0.9953784506486859
2207408,1,0,implicit_mmr,explicit_mmr,0.5653913979419598,0.43180869354358864,0.00026443894428463896,1.9435490680187338e-08,0.0023031282404828842,0.00023232189419343364
2207795,2,1,multi_method_not_mmr,implicit_mmr,0.004207063271941254,0.9956582648627206,0.00011946510599018424,7.538076791897732e-09,1.3192010937073428e-05,2.0072103341708326e-06
2211032,0,3,explicit_mmr,no_method_signal,0.27047543466519214,5.581346899707011e-05,0.009450956022294853,0.6524899439054843,0.05922196378650447,0.008305888151527134
2214418,5,0,quant_only,explicit_mmr,0.8807067191453882,0.07043102198828756,0.0023890715378953055,1.0106878513831119e-05,0.001662935944688748,0.04480014450522637
2214516,0,3,explicit_mmr,no_method_signal,0.022122833794970126,0.0011075511585149581,0.18820825202548855,0.77204947206112,5.367310762444595e-06,0.016506523649144147
2214740,0,0,explicit_mmr,explicit_mmr,0.9980599727898102,0.0013085087485901533,1.1804251636169005e-05,2.0104849522305756e-08,0.0006196314609454751,6.264416890510452e-08
2215050,1,0,implicit_mmr,explicit_mmr,0.5914152454156266,0.25264789990061565,0.00020329547677891662,1.2056874240001156e-07,0.15571182586178642,2.1612776449844757e-05
2215084,0,0,explicit_mmr,explicit_mmr,0.9594952171360538,0.010196772220535933,0.014701169259389064,8.287732257482589e-07,0.013896553294134252,0.0017094593166612003
2215166,0,1,explicit_mmr,implicit_mmr,0.11143092273338372,0.8781673082014617,0.004292749067091701,1.7738890937238037e-07,0.006016262860312014,9.257974884149765e-05
2215167,0,1,explicit_mmr,implicit_mmr,0.0023460293110688633,0.8956388179333137,0.09885593360059425,2.1117552075659324e-06,0.002973555300634071,0.00018355209918146872
2215592,2,2,multi_method_not_mmr,multi_method_not_mmr,0.0013432978385368268,2.5843025965359355e-05,0.9986265402367718,3.683000005039507e-07,3.91145464638014e-06,3.914407906520163e-08
2215653,0,0,explicit_mmr,explicit_mmr,0.9998659283889113,3.245351654012103e-05,6.771537806502985e-06,4.899972282292886e-06,4.136668253396949e-05,4.8579901925842365e-05
2215654,0,0,explicit_mmr,explicit_mmr,0.992474804201722,0.00029285945724086883,0.0014251573120832746,3.631859124787091e-05,0.0005073789880147588,0.005263481449691123
2215655,0,0,explicit_mmr,explicit_mmr,0.994102587820015,0.005400320248151864,0.00028092047990707717,2.5790434713306103e-07,1.7593789609397167e-05,0.0001983197579693425
2215656,0,0,explicit_mmr,explicit_mmr,0.9685133279674479,0.01227040564101404,0.0021675473418139137,6.52513023353162e-06,0.0071588538714449975,0.009883340048045674
2215970,0,1,explicit_mmr,implicit_mmr,0.004953164729139813,0.9664843457020047,0.000652695849809012,2.2295207785213863e-09,0.027877232466437103,3.255902308846721e-05
2216031,0,1,explicit_mmr,implicit_mmr,0.1954836225589539,0.6181825440272309,0.003008617368081967,6.346657455363319e-07,0.18329942496547372,2.515641451380292e-05
2216121,0,1,explicit_mmr,implicit_mmr,0.00018251620139293675,0.995095782218944,0.0010624322500646258,1.1686519743880828e-07,0.003649777185720409,9.375278680517459e-06
2216351,0,0,explicit_mmr,explicit_mmr,0.7618962555711603,0.1130098033553392,0.0008656326214997206,0.0033107261680667016,6.982636189836321e-06,0.12091059964774423
2217640,2,0,multi_method_not_mmr,explicit_mmr,0.9833595822902779,2.6585989613797924e-06,0.015329053694413236,0.0006969883947768586,0.00023315480377095229,0.0003785622177994151
2217718,1,3,implicit_mmr,no_method_signal,0.00644225947566928,0.03693201033099437,0.020347573395681502,0.9157424512241619,0.019133376092783136,0.0014023294807097315
2217745,0,3,explicit_mmr,no_method_signal,0.3036162941675701,0.044890267105650423,9.505188917912063e-06,0.5454769611794141,0.10590620222595491,0.00010077013249256907
2219012,1,1,implicit_mmr,implicit_mmr,0.30139235283114835,0.6530546848224112,1.2415761812714425e-05,4.131015398687557e-06,0.04552801693216366,8.398637065461755e-06
2219271,0,0,explicit_mmr,explicit_mmr,0.8682355495524237,0.13114534364784522,0.0005936259235681599,9.871184041327909e-09,9.728293576912112e-07,2.449817562110664e-05
2219389,1,1,implicit_mmr,implicit_mmr,0.2698754262136179,0.7165227363528621,0.013451823665708804,1.2459209498013359e-05,7.333584378531562e-06,0.00013022097393480142
2219522,2,3,multi_method_not_mmr,no_method_signal,1.6410881426071983e-05,2.974392069244999e-06,0.017921775628239434,0.9727874142025659,4.739381525579002e-05,0.00922403108044352
2221149,0,1,explicit_mmr,implicit_mmr,0.00012924594907426457,0.9987992953815328,1.738074386230427e-06,2.521005779504388e-05,1.6758144514329205e-05,0.00102775239269737
2221153,0,0,explicit_mmr,explicit_mmr,0.9225301951758914,0.007732318754087091,0.06295817907908578,0.0041234066227113925,5.3417980782028354e-05,0.0026024823874421853
2221163,5,5,quant_only,quant_only,0.000254073182830311,0.0978550961994033,1.7375841387964394e-06,0.00010973009826696731,1.0592145707631962e-07,0.9017792570139036
2221177,0,5,explicit_mmr,quant_only,0.0054128565527872975,6.756795286800214e-05,0.00018997147580509385,0.4563888462607377,2.345831668226834e-06,0.5379384119261336
2221187,0,0,explicit_mmr,explicit_mmr,0.7447834351741063,0.03729934880142522,0.08355057142740609,1.82779019044798e-05,0.0001060364251356746,0.13424233027002222
2221242,0,0,explicit_mmr,explicit_mmr,0.9131676199447586,0.004046078454997118,4.6019540569106724e-05,0.02346842363381301,5.1425522929991e-06,0.05926671587356903
2221262,0,1,explicit_mmr,implicit_mmr,0.03859463191005671,0.7274000010496536,5.7293995001511985e-05,0.0032540824201884432,5.734189031463421e-05,0.23063664873478507
2221335,1,0,implicit_mmr,explicit_mmr,0.6005183745452437,0.17429910542183852,0.05007481461605345,2.523900328388218e-05,0.00625239298959947,0.16883007342398101
2221337,1,0,implicit_mmr,explicit_mmr,0.7457146822095841,0.0005645666005785805,4.695746349598938e-06,6.68904393926807e-06,0.003094494237318008,0.2506148721622304
2221421,1,0,implicit_mmr,explicit_mmr,0.768348907581213,0.00041165080176471826,0.0003696545775121743,0.001472176929690493,1.1130451727037737e-05,0.22938647965809258
2221462,1,0,implicit_mmr,explicit_mmr,0.6580617850641456,0.025518145589389498,2.5279386000932276e-07,0.00012750054386708668,0.00017271067836726378,0.31611960533037037
2221465,5,5,quant_only,quant_only,0.24929656292713165,0.011348009952935067,0.000740045885021242,0.001584210378228373,8.171732964154922e-07,0.7370303536833873
2221538,1,0,implicit_mmr,explicit_mmr,0.9236678318782273,0.0018112265835258786,1.9569703141067706e-08,0.00020340892864152628,3.926768462160269e-07,0.07431712036305585
2221574,0,0,explicit_mmr,explicit_mmr,0.9305899588155362,0.004256597828309891,0.0017798559784846315,7.867002757178075e-05,0.00017856538695868048,0.06311635196313886
2221627,0,3,explicit_mmr,no_method_signal,0.12017252764546432,0.05174761644620112,0.00033643526190784253,0.7627486850825165,5.026220884853961e-06,0.0649897093430254
2221637,0,5,explicit_mmr,quant_only,0.008439512487237483,0.028801557527271177,0.006836647713514661,0.14561522249165823,0.0014749532614838207,0.8088321065188347
2221696,2,5,multi_method_not_mmr,quant_only,0.09255221815779509,0.014487746303930639,0.01901123738278032,0.00017172743160372503,3.682716148000086e-05,0.8737402435624102
2221912,0,1,explicit_mmr,implicit_mmr,0.007243549825233003,0.5858157907238996,0.00048461323224718996,0.1705772448458725,0.23332239375600436,0.002556407616743281
2222278,0,0,explicit_mmr,explicit_mmr,0.9998473677094919,0.0001431235554547966,5.020014674748211e-10,8.650051552541369e-09,1.36834550348161e-07,9.362748449852438e-06
2222293,0,0,explicit_mmr,explicit_mmr,0.9778573721236087,0.021592543031753744,2.544432309034366e-09,9.315232336580209e-11,0.00019237962280004657,0.00035770258425293477
2223907,0,0,explicit_mmr,explicit_mmr,0.9999911513464104,8.446662910648438e-06,2.441788872276912e-08,1.2364745530856226e-08,2.3085700541001408e-09,3.628994746022824e-07
2224674,0,1,explicit_mmr,implicit_mmr,0.2685806756807212,0.7240427304782895,0.0013097596538256824,4.1857941687603983e-07,0.006060741358737143,5.6742490096716895e-06
2224675,0,1,explicit_mmr,implicit_mmr,0.2471121883824877,0.7524539596783316,0.00010746137929950441,3.243708596199132e-08,0.00030875089472207653,1.7607228073313486e-05
2224857,0,0,explicit_mmr,explicit_mmr,0.6073814780794603,0.3267155672802545,0.00021633752826716426,3.3907266710525646e-05,0.06487468439119257,0.0007780254541149419
2225128,5,0,quant_only,explicit_mmr,0.9336484626945373,0.00035266300154567496,1.5706396973400881e-06,0.06136395480627845,0.004012482351503769,0.0006208665064376023
2225209,2,0,multi_method_not_mmr,explicit_mmr,0.9742853863208675,0.02147699844792112,0.004023020253317507,8.922943259838225e-08,2.2938781960470115e-06,0.00021221187026521768
2225211,1,0,implicit_mmr,explicit_mmr,0.9658139320650811,0.022124729027181857,0.0001759655974438433,4.710616173828654e-05,0.01182715660325194,1.1110545303251844e-05
2225255,1,0,implicit_mmr,explicit_mmr,0.9999211584473536,4.650640310703462e-06,7.402068752460279e-05,1.144787050803327e-10,8.613143876309412e-09,1.6149718835773084e-07
2225306,1,0,implicit_mmr,explicit_mmr,0.9979390857009257,0.002052798388211953,2.465044916030234e-06,1.4956962821857103e-09,4.7859631718461e-06,8.634070781148935e-07
2225381,0,0,explicit_mmr,explicit_mmr,0.9984429618779839,0.0011177058662100482,0.0003690731671272175,2.3650861071089113e-08,6.76757442382436e-05,2.559693579848016e-06
2228202,0,0,explicit_mmr,explicit_mmr,0.999964158711189,1.894862677556148e-05,1.043393400194488e-07,1.190696972329846e-09,1.4717575189270812e-08,1.6772414423372987e-05
2228211,4,0,qual_only,explicit_mmr,0.8698312638339061,0.010147408649824727,0.0048665055674987495,0.0013695825303371779,0.0029735645682929133,0.11081167485014042
2234071,0,2,explicit_mmr,multi_method_not_mmr,0.2292436388997331,0.0003262430893472306,0.7392692671122512,2.19547179201291e-08,0.03116082674062901,2.2033215704216172e-09
2234073,0,0,explicit_mmr,explicit_mmr,0.9957969511159309,1.6368952002715168e-05,0.004058691695640808,8.667637769918043e-08,0.0001278994985091614,2.0615389067974844e-09
2234074,0,0,explicit_mmr,explicit_mmr,0.9941996262643165,6.299862428967442e-05,0.00524028991630893,2.2193794347747162e-07,0.0004968623518675526,9.052740234491473e-10
2234348,2,0,multi_method_not_mmr,explicit_mmr,0.9829731535178468,0.010514588172339068,0.0059881585625057515,4.6674702860474506e-06,1.731793037051911e-08,0.0005194149590920076
2234633,0,0,explicit_mmr,explicit_mmr,0.9976578981712232,0.001932723350317244,3.753932967273249e-07,1.9422714057026002e-06,7.7001910369218e-06,0.0003993606227203212
2235227,0,0,explicit_mmr,explicit_mmr,0.9994889571061178,1.1734781085818801e-05,0.0003561509966122105,1.221376954889506e-06,3.152332494944749e-06,0.00013878340673431636
2235241,1,0,implicit_mmr,explicit_mmr,0.9688605468988584,0.03058870448143302,2.374244705263582e-05,8.177320978044783e-09,7.1220913412262e-07,0.0005262857862008008
2235345,0,0,explicit_mmr,explicit_mmr,0.999946959346782,2.5445200291604354e-07,7.016836716176127e-06,1.0501951757395035e-07,3.75239790851942e-05,8.140365896143635e-06
2235460,1,0,implicit_mmr,explicit_mmr,0.817734065897148,0.14948410061182926,8.656702985929266e-06,7.017234457527553e-07,8.297592816405233e-07,0.03277164530530922
2235461,2,3,multi_method_not_mmr,no_method_signal,0.0001867806517713438,0.00016880881982297974,4.629484243082846e-05,0.9675293458240156,0.03168599333162128,0.00038277653033801643
2235543,1,0,implicit_mmr,explicit_mmr,0.9531001505884467,0.018251758041484187,2.042272042304238e-06,5.514974617352843e-09,9.494622285584354e-07,0.028645094120823597
2235568,2,0,multi_method_not_mmr,explicit_mmr,0.7780429416145622,0.20280314916730438,0.0021663162328647476,0.004451685590296451,0.0001029072146900419,0.012433000180282287
2235600,3,2,no_method_signal,multi_method_not_mmr,0.012044012333099725,0.006320026929799661,0.9810732574823067,3.069245588243819e-05,1.6491330239526475e-05,0.0005155194686718085
2235774,5,0,quant_only,explicit_mmr,0.9545180452373832,0.04544418524355307,1.9367455470425793e-05,2.007473901734631e-06,8.219649560453547e-07,1.5572624735789264e-05
2235833,0,0,explicit_mmr,explicit_mmr,0.9990606759865517,0.0005426176807496163,1.0870283063016692e-06,6.535927862775374e-06,0.0001804234638452166,0.00020865991268436435
2235957,0,0,explicit_mmr,explicit_mmr,0.9947730557642869,0.00030875085347138595,1.664676353629044e-05,1.4554590166863723e-06,0.00023222513996077346,0.004667866019728302
2236075,0,0,explicit_mmr,explicit_mmr,0.8211845946917788,0.12165172979955147,8.598794275775769e-06,3.0970036736832085e-08,0.05715476302171185,2.827226452620378e-07
2236107,0,0,explicit_mmr,explicit_mmr,0.9558805800195587,0.0001868511536294674,0.0016879331641721446,0.04207279923230506,0.00014181672731696966,3.0019703017667472e-05
2236402,0,5,explicit_mmr,quant_only,0.17605372835885094,0.025662009836196754,0.11272118839637563,0.0006751232874833817,3.6137481567030525e-05,0.6848518126395263
2236739,4,1,qual_only,implicit_mmr,0.21271037269797485,0.7578478983678564,2.2508706244767033e-05,0.0004657937032726123,0.02845435527427923,0.0004990712503719646
2237053,0,0,explicit_mmr,explicit_mmr,0.9980479850056915,3.7508744805250326e-05,6.529476916158173e-05,4.343930681143999e-05,7.26763562938241e-05,0.0017330958172365695
2237151,4,2,qual_only,multi_method_not_mmr,0.02852595317116676,0.10722765184872028,0.7780124965755176,0.017498222391191226,0.052710590197051044,0.01602508581635302
2237564,1,0,implicit_mmr,explicit_mmr,0.9742449096812207,0.02525200342160965,1.4345629417091606e-05,3.68302972477755e-06,8.585650271580387e-05,0.0003992017353120367
2237902,4,0,qual_only,explicit_mmr,0.9912950252264602,0.00731012770896325,0.0005372637870658137,5.1624353788878485e-09,0.0008166559234022727,4.0922191673158206e-05
2240951,1,0,implicit_mmr,explicit_mmr,0.9989215157367346,0.0010314797878045862,3.046442356112884e-10,7.781294446049657e-09,1.6250133077872135e-08,4.698013938925256e-05
2241382,2,2,multi_method_not_mmr,multi_method_not_mmr,0.17249279842146858,0.06965799759092205,0.5862925071913688,0.08661184174009313,0.0010017333760566434,0.08394312168009077
2241766,0,2,explicit_mmr,multi_method_not_mmr,0.01792659820984431,2.0942309804652955e-06,0.9820456590635701,2.3920148210178676e-05,3.6489485427557522e-09,1.724698446240315e-06
2243017,5,1,quant_only,implicit_mmr,0.0036925229198487754,0.5354230505160559,2.638684514801483e-06,0.46074123487788504,1.1861102608472484e-06,0.000139366891434649
2243018,5,3,quant_only,no_method_signal,0.14982976642416046,0.21942533361677785,4.915614267156522e-06,0.6298021061594242,1.7834277002000613e-07,0.0009376998426003011
2243019,5,1,quant_only,implicit_mmr,0.00011538593984320751,0.8479523460312455,3.941199815482771e-06,0.15124420981940917,1.1496480258548368e-05,0.0006726205294281145
2243020,5,1,quant_only,implicit_mmr,0.00020353810641559095,0.9836997757747316,2.179917674538151e-08,0.01601371706772791,2.1331639069992062e-08,8.292592030904761e-05
2243021,5,1,quant_only,implicit_mmr,0.01730406343103689,0.9735994879034954,2.0976693227275694e-07,0.007879496628535156,1.2558443737029056e-07,0.0012166166855631492
2243106,5,3,quant_only,no_method_signal,0.0002392311300163883,0.21545747637466275,7.85542435657682e-05,0.784183289010319,4.018996242526223e-05,1.2592790108560253e-06
2243107,5,4,quant_only,qual_only,0.0015170566748880297,0.05210773154813927,0.002463649199518549,0.07163206147990309,0.8643919422270039,0.007887558870547099
2243108,5,1,quant_only,implicit_mmr,0.006298985443210949,0.8713907918670016,0.00022599555090570687,0.11728820158069922,0.00017290112954451256,0.004623124428637932
2243109,0,0,explicit_mmr,explicit_mmr,0.9640750521495234,0.03284168286054436,4.6138160409185915e-07,1.2322747453593323e-07,0.00012329804664662928,0.0029593823342069724
2243288,0,0,explicit_mmr,explicit_mmr,0.9999517109978603,7.606432634003541e-06,3.141043373781485e-05,5.550675257895419e-06,1.3524007723718222e-07,3.586220432794781e-06
2243403,2,3,multi_method_not_mmr,no_method_signal,0.27394132852240316,0.0012452327819847911,0.2121330236445396,0.3356748045273993,0.17623466728265463,0.0007709432410184739
2243443,0,3,explicit_mmr,no_method_signal,0.0021125580946462752,0.06497301371275947,0.0007498985762739308,0.8748725889248921,0.0005129184051294445,0.05677902228629891
2243457,0,5,explicit_mmr,quant_only,0.00010690586446280067,5.5221282148764005e-06,1.0705757604445172e-05,0.06526948509171968,1.626587760831839e-06,0.9346057545702374
2243484,1,3,implicit_mmr,no_method_signal,0.3584647292294822,0.0020321681257725256,1.4871054651781595e-05,0.5006624914370893,0.0007450426848122574,0.13808069746819196
2243510,4,0,qual_only,explicit_mmr,0.965209307251263,0.007826755118470433,0.0024701648161127997,0.020387146871414265,0.0007307617821403929,0.0033758641605988325
2243553,2,3,multi_method_not_mmr,no_method_signal,0.15377259784258313,0.00023823567402948427,0.26398559614086353,0.4203407603191655,1.4129931090696264e-05,0.16164868009226763
2243558,2,2,multi_method_not_mmr,multi_method_not_mmr,0.0028151014506799937,0.0023736017730594367,0.9165448491867751,0.07733113834946391,0.00047267498507500976,0.0004626342549462171
2244031,5,2,quant_only,multi_method_not_mmr,3.1496749712582065e-07,5.3755713663670406e-05,0.9566112932366877,0.02673918657572954,0.001842088278852998,0.014753361227569133
2244323,0,0,explicit_mmr,explicit_mmr,0.9192604837339321,0.05000235889624066,0.025647139837366828,0.0002813709945589968,0.0013731684365748758,0.0034354781013266732
2244342,5,2,quant_only,multi_method_not_mmr,0.021599415043155063,0.1333368854999388,0.3789801106447367,0.06608882363226555,0.3738903055977336,0.02610445958217025
2244546,2,3,multi_method_not_mmr,no_method_signal,0.00019512876723276891,0.022745669402587366,6.931655605644833e-07,0.8114662742872243,0.12414824714177852,0.04144398723561634
2246200,0,0,explicit_mmr,explicit_mmr,0.9923616952337105,0.004010254932515565,0.00022476215165820516,1.091352077008471e-06,1.8429761839846936e-07,0.003402012032420347
2247026,3,3,no_method_signal,no_method_signal,0.00045853203176215014,0.28767266171560724,0.0007664895939715937,0.612981593854848,9.069001966570367e-07,0.09811981590361439
2247282,5,0,quant_only,explicit_mmr,0.9973878363959645,0.00019046630613751226,1.3649247075900698e-05,2.0172580177223e-06,2.8876186576912893e-06,0.0024031431741466207
2247283,5,0,quant_only,explicit_mmr,0.8450477633493357,0.0022431594990955277,0.0003719548082499619,6.250157180815153e-07,3.802904978158701e-06,0.15233269442262273
2247790,0,5,explicit_mmr,quant_only,0.25436313757053375,0.019534624411885464,0.28652980277204576,0.00016904025527298547,2.1518352638714416e-05,0.4393818766376232
2247809,4,0,qual_only,explicit_mmr,0.998862174083233,3.551629478300561e-05,0.0006816859996489354,0.0003896938911467708,2.4923879584206094e-05,6.005851603706365e-06
2247976,0,0,explicit_mmr,explicit_mmr,0.8987526893912915,2.3336421473899257e-05,5.3940032158796935e-05,0.00201429260567147,5.968721541450814e-07,0.09915514467725015
2300233,0,0,explicit_mmr,explicit_mmr,0.9862622460512287,0.0004640680229326638,0.0040763520934412245,2.0641756039606396e-07,0.003741824072724281,0.005455303342112628
2300291,0,0,explicit_mmr,explicit_mmr,0.9788013751684524,0.0009546456965679984,0.0060667102673568,2.9243455577391614e-08,0.002750061853282611,0.01142717777088453
2300322,0,1,explicit_mmr,implicit_mmr,0.13613604444234717,0.7322382943109328,0.06068042223879693,5.5377514487645685e-05,0.06898439434482148,0.0019054671486139919
2300323,0,2,explicit_mmr,multi_method_not_mmr,0.011329420358399723,0.3830062070659256,0.5647866277411535,0.000576189985154367,0.037649297230346816,0.0026522576190198873
2300376,0,5,explicit_mmr,quant_only,0.4139118241685929,0.0003171204955836585,0.0016739319000032879,8.696975293563657e-08,0.009147369583510563,0.5749496668825568
2300618,0,0,explicit_mmr,explicit_mmr,0.902314941434333,0.025345096678649245,0.05865128093949842,0.00013456977812877706,0.013553728864051989,3.823053384462008e-07
2300619,0,0,explicit_mmr,explicit_mmr,0.9614673633904001,0.008689900703149674,0.011308819217713968,2.0092624397450336e-05,0.018485779768934497,2.8044295404232625e-05
2300676,0,4,explicit_mmr,qual_only,0.116212586789728,0.0024111374146244405,0.01636081604191265,0.00010558388177189677,0.8649049515394358,4.924332527293222e-06
2300709,0,1,explicit_mmr,implicit_mmr,0.34303668608163146,0.6563956126347538,8.301963948994555e-06,2.344253471676207e-08,2.1129714874739094e-05,0.0005382461622562462
2300710,0,0,explicit_mmr,explicit_mmr,0.9258060426956937,0.07103430819945929,0.00011317404178041565,1.735225122308196e-05,0.0022870285654507,0.0007420942463929561
2300725,0,0,explicit_mmr,explicit_mmr,0.9983320228875193,0.0014407895227152294,0.00014514093050496926,2.7567741416889714e-08,2.9040790797988134e-06,7.911501243940567e-05
2300744,5,0,quant_only,explicit_mmr,0.38547506938669496,0.0011046564873944049,0.007895408791039749,0.287604210992183,0.0005429275300125592,0.31737772681267545
2300747,1,0,implicit_mmr,explicit_mmr,0.9999641702633885,3.582543511436176e-05,8.833211014884224e-10,3.445430289221031e-11,3.1614465492514564e-09,2.2227503719708315e-10
2300927,0,0,explicit_mmr,explicit_mmr,0.9985217928890772,3.209524382304067e-08,2.032149569707867e-06,1.9367394499226246e-07,0.0014755153250507861,4.338671136595525e-07
2300977,0,0,explicit_mmr,explicit_mmr,0.8705460107006917,0.00048759363622802716,3.280625019547674e-05,4.3797793430610323e-07,0.12542566267847172,0.003507488756478716
2301049,0,0,explicit_mmr,explicit_mmr,0.9989024673762025,0.001097254935701606,1.4944065736741192e-07,2.1035929779311913e-08,4.957493663437576e-08,5.763657199549568e-08
2302112,1,2,implicit_mmr,multi_method_not_mmr,0.0005184128729594103,0.005604995262014925,0.9937028816638472,2.3431674187256835e-07,2.452741342390098e-05,0.00014894847101275773
2306044,5,2,quant_only,multi_method_not_mmr,0.1324732647016825,0.005712752162958973,0.8565178008644146,0.003981981338010659,0.0006007470564113734,0.0007134538765218712
2306052,0,4,explicit_mmr,qual_only,0.017932782126990992,0.04490693413428787,0.00048399386511333925,4.44391993903571e-06,0.9365287954935944,0.0001430504600743957
2306053,0,1,explicit_mmr,implicit_mmr,0.12420852264034216,0.5817438584742438,0.00026502284097540966,1.2323952529629204e-06,0.29350874909663777,0.00027261455254778147
2306099,0,4,explicit_mmr,qual_only,0.2311506070588452,0.008229033616626857,1.39740216593245e-07,5.897463823999047e-07,0.7605974291840147,2.220065391425463e-05
2306262,0,0,explicit_mmr,explicit_mmr,0.9730664417483855,0.01697666182205517,1.6257449597912693e-06,0.00019924668832590277,0.009734200456713662,2.1823539560165353e-05
2306263,0,0,explicit_mmr,explicit_mmr,0.9979348010869876,0.0016401717505730778,1.2508362863347822e-07,7.542274438482451e-06,0.00034235199390902086,7.500781046336157e-05
2306270,1,5,implicit_mmr,quant_only,0.45784154223044277,0.023992855604888563,0.03321451371719283,9.573228802684274e-08,5.768388467871784e-05,0.4848933088305092
2306271,1,4,implicit_mmr,qual_only,0.0019187574905329277,0.01701978111599253,6.274506012254046e-05,4.1793580840235906e-07,0.9809847895221606,1.3508875382958024e-05
2306658,0,0,explicit_mmr,explicit_mmr,0.45581714262823697,3.301264745046599e-05,0.14302865852092334,0.2848134262334557,0.00012287360010651246,0.11618488636982711
2308501,0,3,explicit_mmr,no_method_signal,0.23405356162955757,3.630526738798625e-05,0.0028532296609769477,0.7612277607644774,2.650615283637885e-06,0.0018264920623162445
2311493,5,0,quant_only,explicit_mmr,0.8443822179409294,0.00019281434399280505,0.06070422895537077,0.09331973593620245,0.0012482562583268017,0.00015274656517778485
2313240,1,0,implicit_mmr,explicit_mmr,0.9391173668796007,0.008284256836980907,0.014287720493051747,0.0008526108312511695,0.03730072909214785,0.00015731586696752638
2313241,1,0,implicit_mmr,explicit_mmr,0.8097782074531139,0.0211149042931024,0.0007234833502263729,0.004186593863764332,0.16391988389494208,0.0002769271448510281
2313369,3,3,no_method_signal,no_method_signal,4.543507301279468e-10,1.761833175916529e-13,7.155873623208046e-05,0.998619778680264,0.0013086619942161988,1.347607240679795e-10
2313418,0,2,explicit_mmr,multi_method_not_mmr,0.1655588780066219,0.01157938460115198,0.6994024842757723,1.5657618329794907e-05,0.11532764914263662,0.008115946355487564
2313440,1,0,implicit_mmr,explicit_mmr,0.999249173653604,0.0006589859765504663,6.315624197739217e-05,5.166810164968934e-10,3.519218669636007e-09,2.86800919682079e-05
2313850,1,0,implicit_mmr,explicit_mmr,0.9778961285361564,0.002780874557378297,0.007930586497650396,0.00014396435251889475,0.0002960709297775791,0.010952375126518603
2313972,1,0,implicit_mmr,explicit_mmr,0.9990980112929453,0.0008153695977944792,5.532937321969366e-06,3.4560368194770956e-08,8.073405623681168e-05,3.175553331618835e-07
2313979,2,4,multi_method_not_mmr,qual_only,0.32097177858710857,0.06320564182969912,0.00023951157355512942,0.0016163760226848272,0.6139655012813872,1.1907055652204777e-06
2314075,1,0,implicit_mmr,explicit_mmr,0.7385188147769872,0.13818998276842248,0.12141746718346663,1.9761800246153515e-05,0.000384434559331393,0.0014695389115461058
2314089,0,0,explicit_mmr,explicit_mmr,0.9982738462156703,8.034247645281998e-05,0.0016366513529612141,2.9207704043068087e-06,5.526784393188021e-06,7.124001182731242e-07
2314107,0,2,explicit_mmr,multi_method_not_mmr,0.03684043386047825,0.00046310473697173114,0.9612454567827227,0.00010433381784790499,0.0009579861223279597,0.00038868467965134153
2314109,2,0,multi_method_not_mmr,explicit_mmr,0.9702148182219762,0.0048533565839773835,0.009914250295296082,0.006104667814920582,1.2049600645256283e-05,0.008900857483184543
2314112,4,0,qual_only,explicit_mmr,0.9452568611379691,0.0006004851575452395,0.009958635303624631,0.0003534407929343745,0.043044286811666096,0.0007862907962605649
2314144,1,0,implicit_mmr,explicit_mmr,0.9047738366774519,0.0002174557838278801,0.07082088390132135,0.022271440455236952,0.0018782558696239463,3.8127312538046776e-05
2314238,1,0,implicit_mmr,explicit_mmr,0.9999610241583157,2.1745993577034814e-05,5.405549685502874e-08,3.2749333678752833e-12,1.709652879285819e-05,7.926054247281091e-08
2314844,0,0,explicit_mmr,explicit_mmr,0.9373616931123634,0.0033176605150467536,0.0008663746494893649,6.47689802260522e-07,9.403571577024023e-05,0.058359588317527945
2315023,4,0,qual_only,explicit_mmr,0.9513888680888414,0.04810593968175059,2.8748606794128222e-06,3.7349159119505707e-07,1.037326505657696e-05,0.0004915706120809127
2315024,4,0,qual_only,explicit_mmr,0.9769462585500082,0.00048448900035338177,0.0002637913662802352,2.4114548519896364e-05,3.1537476216977186e-06,0.022278192787216655
2315095,1,0,implicit_mmr,explicit_mmr,0.9999347606880634,5.4327732776178776e-05,1.0679523417932632e-09,5.2939997669283386e-08,3.7703007609960607e-06,7.0872704492636786e-06
2315124,0,1,explicit_mmr,implicit_mmr,0.43883780720018334,0.5518889432019335,1.9096531953959246e-06,1.3783748778793115e-05,0.00868180710578959,0.0005757490901193081
2315277,0,0,explicit_mmr,explicit_mmr,0.9997630400329607,5.9161101963612885e-06,0.00019827227110097225,1.0787155709570725e-09,3.170827320537611e-05,1.0622338211260761e-06
2315353,1,1,implicit_mmr,implicit_mmr,0.14363838203359225,0.4489499439976626,0.004321302093959908,5.16807072470492e-05,0.1594431441386025,0.24359554702893566
2315532,0,0,explicit_mmr,explicit_mmr,0.9998505851458946,0.00014755633598025997,9.165163054845398e-07,6.150785333219065e-12,9.029966072254062e-07,3.8999061696289584e-08
2315617,0,3,explicit_mmr,no_method_signal,0.004897993539842069,0.27066394019841306,0.009359368502797399,0.7149924498355725,3.227757963454486e-05,5.397034374043143e-05
2315626,5,5,quant_only,quant_only,0.07812744894253681,0.0002575106715782568,0.05296993899261656,1.3677512279264432e-05,1.1209867173492964e-06,0.8686303028942717
2315647,5,2,quant_only,multi_method_not_mmr,3.6590920113255546e-05,0.2057422064184791,0.458631759708474,0.011977057658275746,3.260645161393842e-05,0.32357977884304395
2315763,0,1,explicit_mmr,implicit_mmr,0.27685010349376626,0.7022291082513301,0.012635439920007964,0.00013382122043792573,0.00423769920232558,0.0039138279121320035
2315912,0,0,explicit_mmr,explicit_mmr,0.527499757882216,0.44674091085654266,9.752521918025128e-08,2.1603923252920295e-06,0.00023658096149022586,0.025520492382206605
2317283,4,0,qual_only,explicit_mmr,0.9993354409109345,0.0006098170992442139,6.850389237812541e-09,4.528127031579758e-06,2.452526706103062e-05,2.56817453394506e-05
2317318,4,0,qual_only,explicit_mmr,0.5122567830883216,4.039448119769627e-06,0.0038529102725714474,0.0019712262141364572,0.4818970960346733,1.7944942177421276e-05
2317319,4,0,qual_only,explicit_mmr,0.9612820063078599,4.2521277686581284e-05,0.023403390830614896,6.724724515379414e-05,0.015202614721088683,2.2196175961491483e-06
2317747,0,0,explicit_mmr,explicit_mmr,0.9903896473413741,0.004454899072468511,0.005062671191562284,9.123344423049454e-05,1.1399263151834764e-06,4.0902404941871196e-07
2317780,0,0,explicit_mmr,explicit_mmr,0.9982002068157337,0.00017234991343044592,0.00034377573567106285,4.711356142982071e-06,0.001024161966862756,0.00025479421215901716
2317969,2,3,multi_method_not_mmr,no_method_signal,0.15906661094389268,0.0014297423747993265,0.008798630824306639,0.8297652459818874,0.0009395921572129149,1.777179010548383e-07
2318158,0,0,explicit_mmr,explicit_mmr,0.9991755367526494,0.0006596716622772427,5.999380717854942e-07,2.812451931824999e-06,0.00011943200598903202,4.194718908082116e-05
2318178,0,0,explicit_mmr,explicit_mmr,0.9245276723209147,0.07487972686567207,0.0002983074821730036,1.6447944473787636e-07,0.0002618281046513313,3.2300747144364646e-05
2318264,1,0,implicit_mmr,explicit_mmr,0.9970033014080933,0.002761652520575821,1.536468187363786e-05,1.147309366075186e-10,1.8695223436627764e-05,0.0002009860512898047
2318415,0,0,explicit_mmr,explicit_mmr,0.9613347459642164,0.015962751911855443,2.0070170441389642e-05,0.01624911393735084,0.0017097152004786314,0.004723602815657345
2318849,4,0,qual_only,explicit_mmr,0.6925586655102709,0.0007423591790273851,0.02908568109973946,3.3428681034467724e-05,0.2775782413909592,1.624138968448442e-06
2320947,0,2,explicit_mmr,multi_method_not_mmr,0.007564081701911608,0.08777068937480764,0.5782689927257324,0.2906998813478979,0.0003325806702078757,0.03536377417944268
2321179,0,2,explicit_mmr,multi_method_not_mmr,0.24182949741849763,0.0003824166459966431,0.7577822472893829,4.698151047224938e-06,3.261461736598754e-08,1.1078804582940827e-06
2321205,0,0,explicit_mmr,explicit_mmr,0.9922974842715695,0.007536532134031412,1.1431133340410168e-05,7.123085459646888e-09,0.00014658701750940744,7.958320464041662e-06
2321218,1,0,implicit_mmr,explicit_mmr,0.977096101604032,0.022770902268068025,0.00012006293172437738,2.1688648388073992e-10,1.2906560253350392e-05,2.641903587842205e-08
2321219,1,0,implicit_mmr,explicit_mmr,0.9996505312645984,1.2751529968097275e-05,7.709038736163735e-05,5.332692419967283e-07,0.000258982501199321,1.1104763050665069e-07
2321243,0,1,explicit_mmr,implicit_mmr,0.026194715780487845,0.9721327074329071,0.00010099331906512602,0.00010366327580390145,9.267771179863278e-05,0.0013752424799371124
2321390,0,5,explicit_mmr,quant_only,0.037461719242478035,0.005223115636721572,5.073489303702194e-05,0.05300936366414723,0.04748777521533249,0.8567672913482838
2321391,0,5,explicit_mmr,quant_only,0.024794917042307185,0.014386157008435025,4.283485650064072e-05,0.002369150194442596,0.17830798513986712,0.7800989557584475
2322250,4,2,qual_only,multi_method_not_mmr,0.20686915499863218,0.024342455888548713,0.7187512201389822,5.609330890534222e-05,0.04975460129670492,0.00022647436822659543
2323131,5,2,quant_only,multi_method_not_mmr,0.06247191426076995,0.000985159015426043,0.9141584619733379,0.001172599919497143,0.012159722766010553,0.009052142064958638
2324575,2,5,multi_method_not_mmr,quant_only,0.06164189578036529,0.023697177788366226,0.04549139058604426,0.010699988157683773,2.0269574295553426e-06,0.8584675207301109
2325989,1,5,implicit_mmr,quant_only,1.3878374435935893e-06,0.01908916157829351,2.4831532674483533e-07,1.69984045892243e-05,1.6426339187055156e-08,0.9808921874380077
2326588,1,1,implicit_mmr,implicit_mmr,0.1354264366652157,0.7016051037519193,1.0175449436119075e-05,7.837506002513609e-07,0.007121977023944212,0.1558355233588844
2327314,1,0,implicit_mmr,explicit_mmr,0.999818306027472,9.118331008849045e-05,8.485096170539031e-07,5.291674701377341e-06,3.0138210833358767e-06,8.135665703802746e-05
2327420,4,0,qual_only,explicit_mmr,0.9876609289328286,0.011978442955345565,0.0003114114630440605,6.003859760560572e-07,4.590204258411542e-05,2.714220221699478e-06
2327488,4,0,qual_only,explicit_mmr,0.5646909387627324,0.32836701282795766,0.0006486391687468608,0.10557834299154474,0.0005750602856111353,0.00014000596340725066
2329579,2,0,multi_method_not_mmr,explicit_mmr,0.9739526184784133,8.21067136348605e-05,0.02548531599229954,0.0004512197911552494,1.7545842225414355e-05,1.1193182271693398e-05
2330963,0,0,explicit_mmr,explicit_mmr,0.9972370150185246,0.0025904661629633347,2.1733210584323578e-09,9.698632476480408e-10,2.505187235131534e-08,0.00017249062345539449
2332167,5,5,quant_only,quant_only,0.025970110159003697,0.00015471092101217702,0.1582586929223596,0.001214229837387904,3.031057603268424e-07,0.8144019530544764
2333764,2,2,multi_method_not_mmr,multi_method_not_mmr,0.3887580056974509,0.01542663478946713,0.5408057552766189,0.000257961427364383,0.03681546541258828,0.01793617739651045
2333959,4,1,qual_only,implicit_mmr,0.09436203234450749,0.9052779320305651,2.3283793594973946e-05,3.382795815539875e-05,0.0002326901162322851,7.023375694482793e-05
2334693,0,0,explicit_mmr,explicit_mmr,0.9966014758248961,0.000747709973719487,0.0012735674449418101,0.0008366057160694177,0.0003973021904771856,0.00014333884989618385
2335625,2,0,multi_method_not_mmr,explicit_mmr,0.965956426062369,0.001989910434953806,0.028561668318710865,0.0021798535706551336,6.140629619414732e-05,0.0012507353171169824
2335725,5,5,quant_only,quant_only,8.672531647377909e-05,7.44424473008059e-07,0.11840013929846885,1.5913647321918296e-08,3.1147693850370664e-05,0.8814812273530868
2336135,0,0,explicit_mmr,explicit_mmr,0.9629038268762825,0.004881428546045572,0.030789030917516745,2.424372563772022e-08,1.9666814218355994e-05,0.0014060226022113264
2336136,0,0,explicit_mmr,explicit_mmr,0.5275797979353619,0.03534494931071761,0.007196642662696791,2.0163590523435792e-07,0.0010403557950690208,0.4288380526602494
2336456,3,0,no_method_signal,explicit_mmr,0.5782069479896829,0.0002038714459544026,2.165146509187847e-06,0.4214043800792845,0.0001668961311811537,1.5739207388122063e-05
2336683,3,5,no_method_signal,quant_only,0.007404400974596238,0.003189405535596949,0.07664841424876104,0.002258271973369449,0.07841554513615158,0.8320839621315248
2336910,1,0,implicit_mmr,explicit_mmr,0.7819202536306548,0.014340972969142378,4.031825633507385e-07,0.000904806406485848,1.2990158938992412e-05,0.2028205736522146
2336911,1,0,implicit_mmr,explicit_mmr,0.8426084223851401,0.06065149473845339,1.5233591968472732e-06,0.0007894929159353964,7.992368680563117e-05,0.09586914291446873
2336912,1,0,implicit_mmr,explicit_mmr,0.5343794317477701,0.1617551155031514,6.4944169552681975e-06,0.001520268231775471,3.608966207525256e-05,0.30230260043827245
2337003,0,0,explicit_mmr,explicit_mmr,0.9730134397694765,0.010493319947629271,0.0002844177101243785,2.630752184990582e-07,0.0024309591263082814,0.013777600371243105
2337016,0,0,explicit_mmr,explicit_mmr,0.9981134741023836,0.0012609023997837547,2.030773137086577e-07,2.8768645747667106e-08,0.0006247453761188993,6.462757546354206e-07
2337017,0,0,explicit_mmr,explicit_mmr,0.9880039684497175,0.011994009721408313,5.2028415962105415e-08,5.241776148904572e-10,1.8837568287817663e-06,8.551945176252032e-08
2337018,0,0,explicit_mmr,explicit_mmr,0.9906639535583175,0.008979457188489269,2.5555210917059565e-06,7.755742694521036e-08,0.0003217513714915745,3.220480318302795e-05
2337019,0,0,explicit_mmr,explicit_mmr,0.9946725201790263,0.005286222024704875,6.650550252339773e-09,7.0278971028262805e-09,3.31389282668583e-05,8.105189554646544e-06
2337020,0,0,explicit_mmr,explicit_mmr,0.8841849949987146,0.11574316206409756,8.968459447563586e-07,2.2295752774163474e-08,6.919745898045551e-05,1.726336509741058e-06
2337021,0,0,explicit_mmr,explicit_mmr,0.9594076381516082,0.040561716398009706,2.5929839792599585e-08,1.7950374179427034e-08,2.5567416896521012e-05,5.0341532716033505e-06
2337142,0,0,explicit_mmr,explicit_mmr,0.5171698451519305,0.4582484197211017,0.01930949281795472,2.743694700826104e-09,3.422923262166652e-08,0.005272205336085686
2337143,0,1,explicit_mmr,implicit_mmr,0.2537141875060379,0.4683390888456074,0.14617277741037032,5.178043367973006e-10,2.967721232866924e-06,0.13177097799894708
2337144,0,1,explicit_mmr,implicit_mmr,0.10631939095236995,0.6765861595223615,0.00042644025238932135,1.645839835244093e-08,1.6399769582997593e-06,0.21666635283752267
2337145,0,1,explicit_mmr,implicit_mmr,0.004742055098491646,0.9857380046451896,0.007102182878417428,8.760831443351711e-08,2.35567577404588e-06,0.0024153140938129175
2337146,0,0,explicit_mmr,explicit_mmr,0.899285331282228,0.08946138431140035,0.00012740812248044982,3.481416573466643e-10,5.4775552102501194e-08,0.011125821160197434
2337247,0,0,explicit_mmr,explicit_mmr,0.9423945804536878,0.0011686537291295642,2.803184800044398e-05,0.0015195544746888182,4.470130686300204e-07,0.05488873248142476
2337612,1,1,implicit_mmr,implicit_mmr,0.016789104873030303,0.9424048750435315,7.570338933767853e-05,3.0638942015822137e-10,6.227025821924802e-08,0.04073025411745268
2337709,4,0,qual_only,explicit_mmr,0.9359154840764197,0.004137949130717996,1.564324315323929e-05,5.379246399670802e-05,0.059870075795092785,7.055290619747649e-06
2339289,0,5,explicit_mmr,quant_only,0.06889608144209117,0.25485404224199387,0.01669937806966427,0.0007443530222162497,0.00011788304358397945,0.6586882621804504
2339702,0,1,explicit_mmr,implicit_mmr,0.0010681964660872432,0.9987456422191916,3.0451635089872654e-09,3.524833224216283e-12,1.3762096624837705e-06,0.00018478205637052696
2340576,1,0,implicit_mmr,explicit_mmr,0.9941858124359081,0.004709346080467537,0.0010330147702996677,2.149393943711069e-05,9.49803915504252e-07,4.93829699720538e-05
2342574,0,0,explicit_mmr,explicit_mmr,0.9831587701833621,0.015601909994540383,0.00014795346743645514,0.0007332885551380733,0.0003571178707325057,9.599287906210614e-07
2342624,1,0,implicit_mmr,explicit_mmr,0.990753830990426,0.007878893381044399,0.0006109263317616864,5.098278160751573e-07,0.0001649978607441917,0.0005908416082072202
2342625,1,0,implicit_mmr,explicit_mmr,0.9986147266788765,0.0013750619096332421,1.4310625482052785e-06,1.2072483133508672e-07,6.509550050916629e-09,8.653114560722074e-06
2342626,1,0,implicit_mmr,explicit_mmr,0.5807564579549632,0.36923650853873574,0.0069398060519691405,6.028929534234421e-05,0.00047589848021332856,0.04253103967877618
2342627,1,0,implicit_mmr,explicit_mmr,0.9985961257369639,0.0010993557823020194,8.829113920064127e-05,1.703317852889248e-05,0.0001734233783673362,2.577078463722908e-05
2342766,0,0,explicit_mmr,explicit_mmr,0.9714006574931545,0.004309767068132033,0.00685732219556681,0.0163499885824264,0.0004709545528395727,0.0006113101078807597
2344789,1,0,implicit_mmr,explicit_mmr,0.5043184247385869,0.003179711184304717,0.002876647104822175,5.040954125657838e-07,0.48891206670182563,0.0007126461750480492
2344790,1,0,implicit_mmr,explicit_mmr,0.8167072791198867,0.019047827442705008,0.0010374976235572662,6.061195977196379e-06,0.1631395375876967,6.179703017730592e-05
2344791,1,0,implicit_mmr,explicit_mmr,0.8770857905587659,0.04085984992290076,0.0021766451910364046,5.304777871331275e-07,0.07985386305123647,2.332079827341881e-05
2344792,1,0,implicit_mmr,explicit_mmr,0.9557871926789555,0.004141080887505555,0.026577366323930252,1.4921636264728406e-05,0.00999301934096753,0.0034864191323764615
2344793,1,0,implicit_mmr,explicit_mmr,0.8110317903453174,0.148195238206675,0.003953342631251935,8.056214585212364e-05,0.03643585869328526,0.0003032079776182738
2344794,1,0,implicit_mmr,explicit_mmr,0.9847426057304595,0.007941729749060034,0.0009422841886942743,9.938755195572337e-07,0.003525412400609145,0.002846974055657477
2344795,1,0,implicit_mmr,explicit_mmr,0.7100632236162451,0.026589422663733975,0.07153332007643413,3.6079668739340427e-06,0.17167218577676013,0.020138239899952677
2344854,2,0,multi_method_not_mmr,explicit_mmr,0.7593298429453069,0.003139567059689315,0.08727017161326366,0.013511532795006375,0.004359932270618063,0.13238895331611555
2344942,0,0,explicit_mmr,explicit_mmr,0.9831233367221895,0.0001601784453464677,0.016517427859102766,9.220324108087968e-05,1.3213918038004318e-05,9.363981424223181e-05
2344947,2,3,multi_method_not_mmr,no_method_signal,0.08876959097017122,0.0001672034164045274,0.007720383377840404,0.4990283800524436,0.00019486170366442385,0.40411958047947577
2344960,2,5,multi_method_not_mmr,quant_only,5.874571081047507e-07,0.00010476006666666632,0.025339155453271384,0.0007174022919045212,0.024650251928721,0.9491878428023284
2345042,1,4,implicit_mmr,qual_only,0.08176844912474703,0.00338760227950546,0.023134855802916986,0.04135414917278041,0.8501209645131073,0.00023397910694288648
2345094,0,0,explicit_mmr,explicit_mmr,0.50638250051958,1.2798496677044551e-05,0.0007459305964905963,0.4710114236467092,0.007475871193626707,0.014371475546916333
2345114,0,0,explicit_mmr,explicit_mmr,0.9740194247798508,0.0052950373951147715,0.012509921810173082,0.0014578520003664323,0.001015906652719648,0.005701857361774959
2345129,1,0,implicit_mmr,explicit_mmr,0.9987593646213515,6.940258513733484e-06,1.3995247031338154e-06,8.7303533104586e-09,0.0002164554947849486,0.0010158313702933687
2345187,0,0,explicit_mmr,explicit_mmr,0.9997550131291643,2.355328371439823e-06,0.00020875088185482105,1.0554792430080586e-07,3.357639250582091e-05,1.9872017927433228e-07
2345204,2,3,multi_method_not_mmr,no_method_signal,0.298795454560688,0.009314173750012278,0.0013363117442496343,0.6674149545081198,0.0032765586881274354,0.019862546748802726
2345377,5,0,quant_only,explicit_mmr,0.6747753552663167,0.0014841726927454053,0.004430463592277505,0.2888031527565677,0.00026252454099402734,0.030244331151098765
2345378,0,0,explicit_mmr,explicit_mmr,0.879990102556416,0.032551474933838954,0.00016283943276462545,5.308333090580456e-09,3.1827973842097182e-06,0.08729239497126337
2345607,3,5,no_method_signal,quant_only,0.0040855458993782606,0.001055693518855268,0.006854732469719196,0.11335215261173066,8.401781316645132e-05,0.8745678576871502
2346653,0,0,explicit_mmr,explicit_mmr,0.9972222342000697,0.0019100685427535526,7.272771371946718e-05,0.0001464640704222049,0.0006427982282031246,5.707244831901029e-06
2346868,4,0,qual_only,explicit_mmr,0.9995815585385227,0.00010505185709497794,8.232751269746784e-05,7.301746749018122e-06,0.00021893740788717786,4.822937048606192e-06
2347820,1,0,implicit_mmr,explicit_mmr,0.854241202700717,0.10996131538982265,0.035687340749764186,7.528754468720787e-07,1.505627533020184e-07,0.0001092377214960717
2347821,1,0,implicit_mmr,explicit_mmr,0.9963057969924438,0.0033069280137735073,0.00038375900553176944,5.0370427591115e-07,1.3136384193869803e-06,1.6986455555888636e-06
2348080,4,1,qual_only,implicit_mmr,0.012839302645542287,0.4736871832694393,0.05696623339978355,0.026179212994288974,0.0018444203041809003,0.428483647386765
2348081,4,1,qual_only,implicit_mmr,0.0004483039078438123,0.4143290570874758,0.40490397571506,0.15722817631724673,4.8762686495221e-05,0.023041724285878425
2348082,4,5,qual_only,quant_only,0.013317304769900925,0.04972372523639211,0.021953530437238734,0.00312192374263354,0.010187387538516803,0.9016961282753179
2348835,0,5,explicit_mmr,quant_only,0.0006668185878525479,0.09469258423671612,0.0006743392339083876,0.13383779921780725,2.9903669486932995e-05,0.7700985550542289
2349657,2,3,multi_method_not_mmr,no_method_signal,1.40319726991099e-08,3.4022773119368625e-11,1.5913489553393353e-05,0.9523626941340745,0.011457560689455595,0.03616381762092086
2349722,5,3,quant_only,no_method_signal,5.750667782543029e-08,4.503137612603666e-10,1.756454280570472e-05,0.9986075281042481,6.155656623410008e-06,0.001368693739331072
2350382,0,0,explicit_mmr,explicit_mmr,0.9991464321742916,0.0004964211838275026,1.4864654393526762e-05,4.093771144034368e-10,5.046603977271378e-05,0.0002918155383374197
2350410,0,0,explicit_mmr,explicit_mmr,0.995746451160016,0.0042524046836412074,8.119913553925616e-10,1.6158099202704474e-09,2.817036939573362e-07,8.60024847618734e-07
2400347,5,1,quant_only,implicit_mmr,0.0021586195836334463,0.9429650150391818,0.02259792833702995,0.031077977646902104,0.00027968138413242996,0.0009207780091203128
2400411,5,4,quant_only,qual_only,0.0005268778212927712,0.0006797414443986481,0.07034608007265014,2.974411908822447e-07,0.9284417856452328,5.2175752346524224e-06
2400428,1,1,implicit_mmr,implicit_mmr,0.04630541119169722,0.9437556083776273,0.00020832454280387972,0.00283401521384642,8.779332876424764e-06,0.0068878613411488205
2400478,0,1,explicit_mmr,implicit_mmr,0.044281224674764044,0.9343248617470565,2.2021957270939022e-05,0.02026063577033756,1.4721894483018907e-05,0.001096533956087939
2400767,2,0,multi_method_not_mmr,explicit_mmr,0.9879379721681746,0.0017920104602690405,0.009810070039985215,2.129959732608498e-05,0.00025092583384726656,0.00018772190039771576
2400781,5,0,quant_only,explicit_mmr,0.8669553691767754,0.1262721423902067,0.00035745390930570537,2.177718666818907e-11,1.589318063796614e-07,0.006414875570128279
2400782,5,0,quant_only,explicit_mmr,0.48730519546864115,0.47509935695327254,0.0002770963504066366,1.391563475643681e-13,9.59774254778413e-09,0.03731834162979797
2400783,5,1,quant_only,implicit_mmr,0.4044942630243167,0.5478113026189037,0.0010973457209319858,2.6963549631747225e-12,1.9945546638330983e-06,0.046595094078487345
2400784,5,0,quant_only,explicit_mmr,0.9171846384594268,0.06825448573334837,1.2065918948833604e-05,4.648549613830973e-11,7.48621349309147e-05,0.014473947706859613
2400805,1,1,implicit_mmr,implicit_mmr,0.3036820649235246,0.6945741290765706,3.8325997247167836e-05,2.734376441750954e-06,0.0016259636875429729,7.678193867286977e-05
2403932,0,0,explicit_mmr,explicit_mmr,0.9489367702442986,6.710432147233634e-05,0.050817837079590526,1.669589913502505e-10,0.00017495819251106556,3.3299951685930515e-06
2403963,0,1,explicit_mmr,implicit_mmr,0.03974458464987278,0.9587208949131216,1.2397629581867894e-08,9.429312062765474e-05,0.001439093436942006,1.1214818064053216e-06
2404263,0,4,explicit_mmr,qual_only,0.3958531192953954,0.03201421300231923,0.011121550922304607,2.242968677617446e-06,0.46287013244801845,0.09813874136328474
2404264,0,1,explicit_mmr,implicit_mmr,0.07769002885483026,0.551671152552486,0.00675577847301299,1.7594849146491094e-07,0.008680316046766143,0.3552025481244133
2404553,0,0,explicit_mmr,explicit_mmr,0.949709876070268,0.0022159856066379623,0.0037409843843545427,4.3585912079061465e-07,0.00040062644914832455,0.04393209163047003
2404797,0,0,explicit_mmr,explicit_mmr,0.9997623508213868,0.00014830256767816975,5.458215441659847e-09,1.086192056757545e-07,8.850735433177745e-05,7.251791821783216e-07
2404929,0,4,explicit_mmr,qual_only,0.12716630459844386,0.0022835533802343334,1.4809116500571468e-06,0.0011865312599404786,0.8683776916060282,0.0009844382437032622
2405120,2,2,multi_method_not_mmr,multi_method_not_mmr,0.02121039855801265,0.0003758851138222933,0.9170449793525172,0.009713839884591109,0.024674067365940897,0.026980829725115747
2405224,1,4,implicit_mmr,qual_only,0.06629922323530152,0.3062953738279383,0.0028121195745904157,4.513909440340799e-07,0.6236091432033865,0.000983688767839353
2405225,1,0,implicit_mmr,explicit_mmr,0.8153343097560172,0.18104358621161126,0.0011037387489250012,2.407072480650901e-05,0.0024534890391968668,4.080551944319978e-05
2405230,0,0,explicit_mmr,explicit_mmr,0.9979625492954901,0.0020373456726364664,8.448620324637728e-09,7.446425751761796e-11,8.887140700925175e-08,7.637381694401483e-09
2405431,4,0,qual_only,explicit_mmr,0.9874822771596434,0.004160977381444205,3.6289711120694307e-07,0.006284613223091463,0.0020651561345173255,6.613204192508484e-06
2405487,4,4,qual_only,qual_only,0.0048684490791105865,0.007865584990541004,0.003422140626754071,0.00010734482152034683,0.9278570951445585,0.05587938533751543
2405747,4,0,qual_only,explicit_mmr,0.9822855052310047,0.015263996961801404,0.000339804098130638,7.158362586303315e-06,0.002103420424415052,1.1492206195203916e-07
2405785,0,0,explicit_mmr,explicit_mmr,0.9983136677545618,0.001494620461956378,0.00015760438007196106,9.187767728652119e-07,2.8402603700110345e-06,3.0348366267033638e-05
2405786,0,0,explicit_mmr,explicit_mmr,0.9690513229363111,0.03053738272981343,0.00014240048628500737,7.170672145350602e-05,0.00011609161309969223,8.109551303726043e-05
2406660,5,2,quant_only,multi_method_not_mmr,0.0001636742251656101,0.0008797568795983624,0.9981557884308211,0.00010218247330639788,1.751483720479088e-10,0.0006985978159599876
2406960,0,1,explicit_mmr,implicit_mmr,0.060093840519823034,0.819296438754885,0.01993478761248588,2.346056605395534e-05,0.09688928727915706,0.003762185267595205
2407013,0,0,explicit_mmr,explicit_mmr,0.679774752942729,0.31403962034064486,0.00021244501269891572,8.776226971325948e-07,2.1473586022148064e-05,0.005950830495207776
2407014,0,0,explicit_mmr,explicit_mmr,0.8993541346548131,0.09690043180801879,0.00015743284062398247,2.5657235389952224e-07,4.067792241924665e-06,0.0035836763319485355
2407134,0,0,explicit_mmr,explicit_mmr,0.8192949207077668,0.001384320403694242,0.006382291824694842,0.09038429377118186,0.0726670762738449,0.009887097018817431
2407135,0,0,explicit_mmr,explicit_mmr,0.9492239543576174,3.32682292197176e-05,0.0017094640574794927,0.0064817607616103985,0.0017972547125435744,0.04075429788152938
2407294,0,1,explicit_mmr,implicit_mmr,0.21886800502484688,0.7693375864227363,5.808691311687764e-05,0.00021711164566537246,0.010245228233823917,0.001273981759810565
2408969,0,1,explicit_mmr,implicit_mmr,0.00851866790451549,0.9703416715834202,0.004800404452565526,0.009423197552690579,0.0005467985063375835,0.006369260000470765
2409848,0,5,explicit_mmr,quant_only,0.05466945845726691,0.00047336570796690836,2.1176848800560696e-06,6.493432824583084e-05,7.264232461347647e-05,0.9447174814970267
2409905,4,0,qual_only,explicit_mmr,0.9048134040705065,0.022372067605104892,4.423726528223254e-05,1.4214332192279603e-07,0.07265954362883927,0.00011060528694523876
2411129,4,0,qual_only,explicit_mmr,0.6881630107752518,0.31012383355427187,2.545669400884548e-06,9.453214536612785e-05,0.0015921120408128996,2.3965814896373147e-05
2411326,0,0,explicit_mmr,explicit_mmr,0.9991593343355031,0.0003485149614849749,3.0387312064516974e-06,3.746851093717215e-06,0.00048527301763920405,9.210307241648215e-08
2411524,0,0,explicit_mmr,explicit_mmr,0.9999887185456688,9.985601756162456e-06,2.303385465227496e-10,5.68592741825498e-10,1.2387113371099913e-06,5.634230678540315e-08
2411535,4,5,qual_only,quant_only,5.259685505682295e-06,2.6645356697856986e-06,0.0001601200787801852,0.369752781875648,0.0035543169193742955,0.6265248569050221
2411594,1,1,implicit_mmr,implicit_mmr,0.20667565096480467,0.7933170032265783,4.166371602260084e-08,2.9410851841435015e-07,2.398380323310566e-06,4.611656059381802e-06
2411595,1,1,implicit_mmr,implicit_mmr,0.16312173862929236,0.834967122345912,3.4008234961610987e-06,6.587261210665981e-06,2.537281394965675e-06,0.0018986136586939767
2411711,4,4,qual_only,qual_only,0.34523962769508554,0.05995261071649517,5.730199104727167e-05,2.4999724482360574e-05,0.5905258312453893,0.004199628627500422
2411805,1,1,implicit_mmr,implicit_mmr,0.47593655371434224,0.5234846347851623,0.00013330440861633087,2.3525388951761796e-06,0.00044087611579176863,2.278437192098018e-06
2411987,0,0,explicit_mmr,explicit_mmr,0.9957669959701155,0.004109454510625382,1.577397596347845e-07,1.369165077739881e-07,0.00011598613611986544,7.268726871908313e-06
2411988,0,0,explicit_mmr,explicit_mmr,0.9489447964245689,0.0013110469348916064,3.2785532989585533e-06,9.429305754205229e-07,0.04964090664851051,9.902850815462216e-05
2413063,0,0,explicit_mmr,explicit_mmr,0.8575087252608253,0.09870323959259585,0.0002300939866310532,8.03415043353696e-05,0.0012191689329771437,0.042258430722635125
2413103,0,0,explicit_mmr,explicit_mmr,0.651635657460456,0.3463142295390354,1.3909249078045658e-06,8.615901931773044e-08,1.8913428025487742e-07,0.002048446782301201
2413231,4,0,qual_only,explicit_mmr,0.9976472339615781,0.0015149993561870071,0.0007422675578965518,1.722078990553154e-06,9.265116895257386e-05,1.1258763955548156e-06
2413239,0,0,explicit_mmr,explicit_mmr,0.9801456898075508,0.012859665575349071,0.001180595206903746,0.0001548688292668606,0.00010884070951562783,0.005550339871413766
2413410,0,0,explicit_mmr,explicit_mmr,0.9968295421118287,0.0005616835011518664,7.88472152581699e-06,0.0025590558680868977,1.0634386951724064e-05,3.119941045489295e-05
2414169,0,4,explicit_mmr,qual_only,0.0006529520523334468,0.0008831771545769994,9.385046466848828e-05,0.09593217573382354,0.8209283548274074,0.08150948976719016
2414170,0,5,explicit_mmr,quant_only,0.012641944383097284,0.11818739863573634,0.00033900309833637224,0.02174373794770067,0.000695730910427596,0.8463921850247016
2415028,0,0,explicit_mmr,explicit_mmr,0.9999998256867395,1.1509642216260476e-10,9.64443910301443e-08,3.195688118580258e-13,6.585261942994765e-08,1.1900834198321375e-08
2415197,0,1,explicit_mmr,implicit_mmr,0.0036183110244825904,0.710607616142554,0.019569776179931244,6.935827770445751e-06,1.4835330945591913e-06,0.26619587729216726
2415686,4,0,qual_only,explicit_mmr,0.7300790828173677,4.0342943870781165e-06,0.2699035614526956,1.044439744724336e-05,7.490323366567102e-09,2.8695477792746123e-06
2415796,0,4,explicit_mmr,qual_only,0.1643979495254358,0.061420801422217994,0.006064963717123826,9.885238488898207e-07,0.7678565769435806,0.00025871986779308395
2415797,0,1,explicit_mmr,implicit_mmr,0.020973501301498082,0.9527242725283085,0.0012576485781732453,1.3002515850496136e-06,0.024810457840017456,0.00023281950041791907
2415869,1,1,implicit_mmr,implicit_mmr,0.0012006345413253594,0.9967508947035945,0.00125939167178829,1.2842529971334682e-05,3.39287542898321e-06,0.0007728436778915806
2415965,1,0,implicit_mmr,explicit_mmr,0.9856473624235107,0.0031078479150462596,3.124539760183759e-06,2.9828827989065792e-05,0.0006340301193658706,0.01057780617432799
2415989,2,0,multi_method_not_mmr,explicit_mmr,0.9382532151362842,4.9671777726146795e-05,0.04492956059306784,0.015301305808798694,6.0451726792567835e-05,0.001405794957330533
2416024,4,4,qual_only,qual_only,0.3687180252870487,0.05432583587029026,0.0007581086377451923,0.061786339308983834,0.5052941705973458,0.009117520298586174
2416621,0,5,explicit_mmr,quant_only,0.23488754842772597,0.0007245198519024486,0.028455878995572143,0.009203782184263945,1.1285552419939556e-05,0.7267169849881155
2416804,4,0,qual_only,explicit_mmr,0.9936695048801056,0.0004951899205170809,0.0029652387049302694,5.007338703181809e-05,0.001276327382729026,0.001543665724685951
2417138,1,0,implicit_mmr,explicit_mmr,0.4175409083606138,0.21521259275759214,0.3665973614956766,0.00022222076347797843,0.0004012416220710514,2.5675000568306477e-05
2417139,1,2,implicit_mmr,multi_method_not_mmr,0.11394616627218242,0.04048355165946398,0.845180699887286,8.218703750018162e-05,2.7739022943108882e-05,0.00027965612062441495
2417140,1,2,implicit_mmr,multi_method_not_mmr,0.02235241660938179,0.09184527209634057,0.8800946890957041,0.00038095326540181637,0.0004174951222079711,0.004909173810963665
2417149,2,0,multi_method_not_mmr,explicit_mmr,0.44997438442713544,0.06510425917463177,0.08063177565142829,6.187301042393744e-06,0.02068691292487114,0.38359648052089096
2417150,2,0,multi_method_not_mmr,explicit_mmr,0.8075178065304844,0.052769858016178915,0.04449299703379807,2.049072763456476e-05,0.08572805589723305,0.009470791794670882
2417239,0,0,explicit_mmr,explicit_mmr,0.9983139466252023,1.5519510107807067e-05,0.00011370772297209104,0.0007767877129681423,1.2388615416383468e-05,0.0007676498133332768
2417240,0,0,explicit_mmr,explicit_mmr,0.9996180645989458,0.00034220186014058055,6.820228986724307e-06,1.312189252213679e-05,1.8135968393688477e-06,1.7977822565406052e-05
2417252,4,0,qual_only,explicit_mmr,0.986845338948614,0.012250855573405214,0.0003590242163511047,2.586932247499155e-06,8.141479682955272e-05,0.0004607795325528684
2417374,3,2,no_method_signal,multi_method_not_mmr,0.02919707858347516,0.034927282403073516,0.9309240196496887,0.0038138256407396457,7.440448219899256e-05,0.0010633892408237458
2417423,1,1,implicit_mmr,implicit_mmr,0.04546877451656926,0.919380238921249,6.061877695555286e-05,2.015796386449922e-05,0.004786246287024817,0.030283963534336975
2418374,1,1,implicit_mmr,implicit_mmr,0.09070623667974141,0.892714618019822,0.015031067958804515,1.5413731939449517e-09,0.001526177973535056,2.1897826723864348e-05
2418638,4,2,qual_only,multi_method_not_mmr,0.0004269193178251485,0.3838858691433502,0.608953098223872,0.000137915723453496,0.0057443086991789015,0.0008518888923202478
2418639,4,1,qual_only,implicit_mmr,0.006732267688331949,0.8827152662897052,0.09236083901974557,0.0029227032402042797,0.007017175668938053,0.008251748093075122
2418640,4,1,qual_only,implicit_mmr,0.0013867084768202878,0.9632133375394002,0.011519835526173666,0.00013290278252671756,0.02373856675840538,8.648916673883819e-06
2418715,1,1,implicit_mmr,implicit_mmr,0.000676591115327464,0.9857397043139169,0.0017019549744416715,5.122391220978706e-08,0.008437393187513006,0.003444305184888736
2419116,2,3,multi_method_not_mmr,no_method_signal,0.00016164966131475736,1.6246395838213895e-05,2.4529361349512712e-05,0.986434590782338,0.005007249664369802,0.00835573413478977
2419117,2,5,multi_method_not_mmr,quant_only,6.291498440611756e-05,4.5924779873265775e-05,0.2230158222384422,0.25723867845148995,0.008876377861489917,0.5107602816842985
2419118,2,5,multi_method_not_mmr,quant_only,0.0017058241571193105,0.0003822023538122936,0.04228928113701099,0.28655623270658587,0.25372799634027293,0.41533846330519847
2420944,0,2,explicit_mmr,multi_method_not_mmr,0.04577140200867672,0.00897909853125532,0.9319873996833364,0.011143169613535231,0.001244668709462251,0.0008742614537340382
2421240,0,0,explicit_mmr,explicit_mmr,0.99935020625484,0.0006199741053875083,3.960284686589677e-08,3.0223447295114436e-07,2.918306631115871e-05,2.9473614179116687e-07
2421241,0,0,explicit_mmr,explicit_mmr,0.9999194173324565,7.85628005459852e-05,1.0643342697709123e-09,3.260224593804164e-07,1.6355723027469168e-06,5.720790107915169e-08
2421279,0,0,explicit_mmr,explicit_mmr,0.9966678292717576,0.0023904616811823167,4.665342582247165e-07,8.704615271889785e-09,2.2502992433216255e-10,0.000941233583156624
2421280,0,0,explicit_mmr,explicit_mmr,0.7315939729573815,0.019032475064226905,1.008521074206298e-06,8.562572502276615e-08,2.4678524669894326e-10,0.24937245758480717
2421846,0,0,explicit_mmr,explicit_mmr,0.981666913461894,0.01704688611889973,3.133043497993753e-05,7.216707273982996e-10,0.0012548686159637723,6.465922213165026e-10
2422009,0,0,explicit_mmr,explicit_mmr,0.7753758136752715,0.22457721090841504,3.6402771905610806e-09,3.828082214207932e-09,4.625512461820418e-05,7.128233358680371e-07
2422010,0,1,explicit_mmr,implicit_mmr,0.17321733177327692,0.8267771963606252,2.6111655425910314e-07,1.9865042416898793e-10,4.933848285036938e-06,2.7670260822239816e-07
2422287,4,1,qual_only,implicit_mmr,0.0004294298178034389,0.999169176821442,9.875756525718924e-06,3.6206466223001676e-08,3.058209493387246e-08,0.00039145081566774846
2422319,5,4,quant_only,qual_only,0.0004009841873040924,0.019244671090945645,0.00015274716808621544,4.871236121569466e-06,0.9206777107494784,0.059519015568064014
2422544,0,0,explicit_mmr,explicit_mmr,0.9807853046160846,1.2619520930931281e-05,0.0003322887265975237,7.8524014948363e-06,2.0524325043245964e-06,0.018859882302387884
2423026,0,1,explicit_mmr,implicit_mmr,0.12093393982560868,0.8466636376123158,5.151642768920681e-07,9.393940902102555e-07,8.340214117659557e-08,0.03240088460156723
2424244,0,0,explicit_mmr,explicit_mmr,0.9764581531711329,0.004147400531503787,9.86702972764748e-05,0.007994172889078109,0.0027641535847446625,0.008537449526264038
2424324,0,1,explicit_mmr,implicit_mmr,0.019901328837258498,0.9322969833309188,0.001355100454128518,6.27772871823284e-07,1.1875327372716877e-05,0.046434084277449536
2424492,2,5,multi_method_not_mmr,quant_only,0.10421520026670703,0.3892826038049288,0.0013655866159934169,0.022496246325524907,0.00011639610221841462,0.48252396688462734
2424522,0,5,explicit_mmr,quant_only,0.05676358579632717,0.008594115622079434,0.002825690618112369,0.11620636195555831,7.02357145792618e-07,0.815609543650777
2424692,2,5,multi_method_not_mmr,quant_only,0.07772179062185061,0.008402183928470369,1.5684414461701678e-05,0.08108332821087132,0.00012125498147200602,0.832655757842874
2424742,0,5,explicit_mmr,quant_only,0.03362017716093519,0.0029513284614015043,0.00010700185617785543,0.046360667765617085,9.198776510755035e-05,0.9168688369907607
2424868,0,5,explicit_mmr,quant_only,0.04119674035360077,0.0026061637570623402,0.00012660577731954693,0.03327485924853668,0.0006319522671391455,0.9221636785963414
2424952,1,5,implicit_mmr,quant_only,0.0015617292859286622,0.0001786209889829792,2.0948968688890506e-06,0.00810562957402253,0.0011998975482523514,0.9889520277059446
2424953,0,0,explicit_mmr,explicit_mmr,0.6363698298421009,0.005723717401296234,0.03185637379809005,7.425889283513458e-05,0.0007513785844030088,0.32522444148127455
2424988,0,0,explicit_mmr,explicit_mmr,0.9789657820906599,0.018381786100541572,2.8549128383947777e-05,6.367680594603397e-05,0.00011467813534290725,0.002445527739125542
2425114,0,5,explicit_mmr,quant_only,0.3043087176983266,0.0013599251710672137,0.0025913886026725894,0.003650080270515547,1.872034848385486e-05,0.6880711679089343
2429274,4,0,qual_only,explicit_mmr,0.6446704061586652,0.3528824683308811,1.527763687073241e-08,2.268417765631757e-06,0.0024447221768039975,1.1963824720061824e-07
2429533,4,1,qual_only,implicit_mmr,0.31886736740270816,0.6552786671262145,9.543702251602941e-06,0.00925500434580267,0.0057964115226381225,0.010793005900384957
2429605,0,0,explicit_mmr,explicit_mmr,0.9864237566142597,7.335974163708516e-05,0.011250116451024379,0.0009364332673603038,2.4258304158360913e-05,0.00129207562156003
2429624,4,0,qual_only,explicit_mmr,0.9999992139531252,5.014187297192192e-07,2.3318997842661014e-08,1.4242590823958686e-07,1.1887743810636853e-07,5.8008823052250365e-12
2429832,5,1,quant_only,implicit_mmr,0.026673042803677962,0.8205606339874364,0.0005528610530769896,3.2493990719193216e-05,0.0007834526685457574,0.15139751549654348
2430255,5,2,quant_only,multi_method_not_mmr,0.006304358318171902,0.0002281949979181411,0.9050377716336049,3.2976411890867436e-07,0.08822054644586809,0.00020879884031815363
2430257,5,2,quant_only,multi_method_not_mmr,0.0024250036453204735,2.2001526249974456e-05,0.962477957910452,1.6025513521803278e-07,0.03446954387939596,0.0006053327834463332
2430258,5,4,quant_only,qual_only,0.009485047557367135,0.00020981016357780535,0.035714254105367986,1.923298359471432e-06,0.9540964535852798,0.000492511290047778
2430463,4,0,qual_only,explicit_mmr,0.9562748389753623,0.0001321242600170579,0.013910699271752319,0.00014252346505431142,0.024617515465701865,0.004922298562111931
2430541,0,1,explicit_mmr,implicit_mmr,0.13888182663905743,0.8518444987346728,0.0009718821506965765,7.538496683714906e-06,0.003349034090625769,0.004945219888263482
2430739,5,0,quant_only,explicit_mmr,0.9967030937555009,0.0002226277356227624,0.0028903477456819864,0.0001321445302100835,2.700977762342262e-06,4.908525522178554e-05
2434875,5,5,quant_only,quant_only,0.3015226079179748,0.003223081147938623,1.590108200621685e-05,0.0005254939535143331,3.0389499180978597e-06,0.6947098769486479
2435473,5,3,quant_only,no_method_signal,0.0008992346188915935,0.0007729954883351232,0.12696485570439406,0.8565470873477667,2.135196012746488e-05,0.01479447488048514
2439211,0,2,explicit_mmr,multi_method_not_mmr,0.3438681393373309,0.0032924637842503984,0.5324998544160222,0.11991661551191207,9.256712422706816e-05,0.0003303598262574239
2441096,4,0,qual_only,explicit_mmr,0.9855407141989512,0.01430444396931951,1.115861038016008e-06,4.8541821873471835e-08,0.00015361917858076345,5.825028849669034e-08
2447200,1,2,implicit_mmr,multi_method_not_mmr,0.06222674325305193,0.07454921277328466,0.8463838967441166,7.815388106840839e-05,1.703271274023915e-06,0.016760290077204344
2448306,0,0,explicit_mmr,explicit_mmr,0.9997023850380481,2.7848082333188763e-06,1.6940635432676116e-06,2.6304979411011143e-07,0.00028850301096914347,4.37002941236928e-06
2448307,0,0,explicit_mmr,explicit_mmr,0.99880906522881,0.0009864611104008856,3.1964591538032974e-05,4.1457916935941644e-05,0.00012791277485978304,3.1383774553705146e-06
2448308,0,0,explicit_mmr,explicit_mmr,0.9966713385521728,0.0004179450913538024,2.457959180638266e-05,1.1507377263133695e-06,0.001896239945194262,0.000988746081746688
2448327,4,5,qual_only,quant_only,0.016430303298082878,0.46041886992463515,0.003930127628684205,0.0409712641595283,0.004280526394921455,0.473968908594148
2448374,0,0,explicit_mmr,explicit_mmr,0.9992529197095292,1.756573236417536e-05,1.9513795044695387e-05,2.8835956930815217e-07,0.000158042664962367,0.0005516697385300339
2449885,0,4,explicit_mmr,qual_only,0.16892002488927277,0.13337424075464197,0.04100013867677767,4.180689228687015e-05,0.6566580394179375,5.749369083149407e-06
2450045,0,0,explicit_mmr,explicit_mmr,0.9950050130579033,0.0020240422276153348,9.476379393342207e-07,7.616563868203419e-07,1.2989944043244337e-06,0.002967936425750789
2450400,0,4,explicit_mmr,qual_only,0.0036496869076424786,0.003586052731793613,0.335494959940951,0.004932437123144165,0.647454082223776,0.004882781072692619
2452030,0,1,explicit_mmr,implicit_mmr,0.25312283266424446,0.6191620104407415,0.1066492018386343,0.003479495892781441,0.011544678555581141,0.006041780608017142
2500229,1,0,implicit_mmr,explicit_mmr,0.9952688225641801,0.004706790374791742,4.2084207577723633e-07,1.556864650755855e-05,5.579840099996234e-06,2.817732344986308e-06
2500289,1,0,implicit_mmr,explicit_mmr,0.8668012871953013,0.01157168168176447,0.00016461620273636364,3.63579654659151e-05,0.010254152354157886,0.11117190460057391
2500508,2,0,multi_method_not_mmr,explicit_mmr,0.997351453099315,0.00011710575796183824,0.0024244664420196523,4.519458500118877e-08,2.7255189476712748e-05,7.967431664148706e-05
2500509,2,0,multi_method_not_mmr,explicit_mmr,0.9548971344689797,9.016878537783292e-06,0.03599873753477949,1.6772008594562635e-07,4.645015959992717e-06,0.009090298381657159
2500654,2,3,multi_method_not_mmr,no_method_signal,0.0004222579282431158,0.05221865053149664,0.2083894735669683,0.7380325112511489,0.0007397699418371218,0.0001973367803058615
2500655,2,3,multi_method_not_mmr,no_method_signal,0.0005040977416059195,0.03164872195826186,0.00019006454851756548,0.967635624323567,2.0568181826898227e-05,9.232462206817158e-07
2500848,0,3,explicit_mmr,no_method_signal,0.03877074549107024,0.19029215506873082,0.0032482452844177436,0.6586982350341877,2.1646474966109214e-05,0.10896897264662746
2500849,0,0,explicit_mmr,explicit_mmr,0.8471463855640686,0.021312641064202834,5.104341626718417e-06,0.035742084954126514,0.0004820114116412035,0.09531177266433397
2506427,1,2,implicit_mmr,multi_method_not_mmr,0.0009575584532307502,0.2285061150440788,0.7602244191868105,0.0007160462340741656,0.008899663971013412,0.0006961971107923326
2506911,1,1,implicit_mmr,implicit_mmr,0.03987675936216463,0.9595567895863653,0.00040090836779839553,0.00010508178305590482,1.8224025068342246e-05,4.2236875547349614e-05
2506912,1,1,implicit_mmr,implicit_mmr,0.08648009251518712,0.9133833261365304,3.7612450415571124e-05,1.3689659106194665e-05,4.881000575213072e-05,3.646923300868077e-05
2507129,5,5,quant_only,quant_only,0.003899217302876448,0.18136838528051533,0.019849874074481758,2.152994706125444e-09,7.72710121870788e-05,0.7948052501769447
2508523,0,0,explicit_mmr,explicit_mmr,0.618536590402896,0.15959465527134645,8.985587782338005e-05,0.017485095678516922,0.2038359248202377,0.0004578779491797023
2508612,4,0,qual_only,explicit_mmr,0.9901801363775273,0.00687752087760919,0.0019334883238496525,6.9059838980875776e-06,0.0008025093875710994,0.00019943904954463604
2508771,1,5,implicit_mmr,quant_only,0.015867349418966795,0.14387524064930163,0.0633917515412689,0.00016727324881139432,6.423346036695032e-05,0.7766341516812844
2508834,0,1,explicit_mmr,implicit_mmr,0.0024195052421919568,0.9844404625009625,4.28109342238323e-06,4.339979927027926e-05,0.011642305442606936,0.0014500459215456326
2508835,0,1,explicit_mmr,implicit_mmr,0.04031007069014476,0.9323563578557383,9.814572950657513e-05,0.0006516177715433557,0.022326722832937188,0.004257085120129687
2508970,0,1,explicit_mmr,implicit_mmr,0.3275170593653187,0.6711932249069394,0.0008915053942807554,3.7321792505706066e-06,1.017354516531431e-07,0.00039437641875893773
2508971,0,0,explicit_mmr,explicit_mmr,0.7817155041246381,0.2168151491804027,0.0006066442752572113,9.68236696173072e-05,0.0003322734911696228,0.0004336052589149572
2509043,0,0,explicit_mmr,explicit_mmr,0.8997808792955949,0.09997385385366069,0.00010550362046746179,4.400356086941816e-06,9.521237589718993e-05,4.015049829268255e-05
2509044,0,0,explicit_mmr,explicit_mmr,0.7592491805755445,0.23095524608662632,0.009099900203914518,0.00020319540597510803,0.00039317652773568145,9.930120020412876e-05
2509474,0,1,explicit_mmr,implicit_mmr,9.031039947130145e-05,0.9997201241413509,1.8935114182719602e-08,3.1312467547286264e-11,0.00018823164368310933,1.3148490681168277e-06
2510147,0,0,explicit_mmr,explicit_mmr,0.9999457319954295,5.350495611564027e-05,1.7279117972268814e-09,5.6642333577935314e-08,9.103215584330842e-10,7.037678880320732e-07
2510214,5,3,quant_only,no_method_signal,0.029059004618176214,0.00011259525545147638,0.00018215452605439735,0.9578330212443352,1.5918562040953413e-06,0.012811632499778689
2513981,0,0,explicit_mmr,explicit_mmr,0.9983791333126205,0.0004909212413002265,5.157762129087071e-06,2.6975094654792107e-05,0.00013249120843207725,0.0009653213808632237
2514338,0,0,explicit_mmr,explicit_mmr,0.9652846681979915,0.028513457231576847,5.026803259076568e-05,6.685145842724143e-05,0.0005070010699482661,0.005577754009465326
2514349,0,0,explicit_mmr,explicit_mmr,0.641842263720845,0.0010685018058931974,0.0010155820663507664,2.6641294919068237e-06,0.1086700282904089,0.24740095998701017
2514491,2,0,multi_method_not_mmr,explicit_mmr,0.8427133118688378,0.15439131660397598,0.0028042664354409738,3.356034522232794e-05,5.7860541043180026e-08,5.748688598201389e-05
2515040,0,0,explicit_mmr,explicit_mmr,0.503247883718373,0.49609299459131173,1.054823307110973e-08,3.657537187325703e-09,2.626766463618501e-06,0.0006564807180812683
2515088,0,0,explicit_mmr,explicit_mmr,0.9095328047809481,0.0715167387322803,0.00017886224910467703,0.013684024403492288,0.0037415393178974734,0.0013460305162771742
2515127,0,0,explicit_mmr,explicit_mmr,0.9822627724447838,0.012155058380252838,2.575451366567647e-06,6.436866903995247e-05,7.079346070543167e-05,0.005444431593851452
2515148,0,0,explicit_mmr,explicit_mmr,0.997315919337892,0.002636571625225739,4.245198972452334e-06,3.250200548763741e-05,1.0288730205466514e-05,4.731022165333991e-07
2515191,5,2,quant_only,multi_method_not_mmr,5.408048822651316e-07,1.2046537169900573e-06,0.999850032663263,0.00014120871065831267,4.253044766460313e-06,2.760122713123532e-06
2515226,0,1,explicit_mmr,implicit_mmr,0.05655457261437641,0.9433791215674229,2.0222097839761965e-06,1.3570507774752293e-07,2.7166992059531557e-06,6.143120413310784e-05
2515308,3,2,no_method_signal,multi_method_not_mmr,6.614857969917649e-07,0.0003660876113798136,0.5986239240187178,0.4007427280947461,2.6357026846222812e-06,0.0002639630866746917
2516391,0,1,explicit_mmr,implicit_mmr,0.042778153618777306,0.9546182043911828,0.00018980878400206788,0.00018742358723824527,0.00016520722983060868,0.0020612023889690924
2516409,1,0,implicit_mmr,explicit_mmr,0.9999994792764575,4.734059365692412e-07,2.6914818618455308e-08,4.245554622830945e-13,1.7767220177014646e-08,2.63514240394845e-09
2516863,0,0,explicit_mmr,explicit_mmr,0.9686479350931894,0.003776341366501193,0.01174524954015236,5.2048340959178846e-05,0.01577725856991126,1.1670892869121206e-06
2517189,0,0,explicit_mmr,explicit_mmr,0.8313895420210385,0.1491385553711717,0.017740401123042378,0.001323648791170737,0.00040711598166912603,7.367119075347537e-07
2517316,0,1,explicit_mmr,implicit_mmr,0.05439034865544973,0.6793566148164792,0.002952298742731714,9.986326258208181e-05,0.2631543169082784,4.6557614478890685e-05
2517445,5,0,quant_only,explicit_mmr,0.9418188332125564,0.00860755538640374,0.04421132636756435,0.0019317773071530614,0.00011904815854463887,0.003311459567777633
2518485,2,5,multi_method_not_mmr,quant_only,0.04410578752343834,0.18381073688081265,0.03920280916789896,0.00014627913385748242,0.016611151342730352,0.7161232359512623
2518486,2,2,multi_method_not_mmr,multi_method_not_mmr,0.007247385632695285,0.2822576310278673,0.5010253569277271,2.0425064659448055e-05,0.009784094668944454,0.19966510667810639
2518487,2,5,multi_method_not_mmr,quant_only,0.00182896692868281,0.0007970281547858922,0.0025872300709480524,2.0749169188543335e-06,0.000551815247534507,0.9942328846811299
2518685,5,5,quant_only,quant_only,0.026460752154144673,0.0014433662029218236,0.48304749189520413,9.48085530717585e-05,1.067477935723045e-05,0.48894290641530036
2518693,0,0,explicit_mmr,explicit_mmr,0.9888074693528027,0.010832016425085576,0.000355825675630636,4.179578972788815e-07,2.03652135383386e-06,2.234067230113118e-06
2518732,2,2,multi_method_not_mmr,multi_method_not_mmr,0.00037076789891031547,0.0002303135560047822,0.36346426510449487,0.2835634082096088,3.6372328858599664e-05,0.35233487290212273
2518733,2,2,multi_method_not_mmr,multi_method_not_mmr,1.1731006708146387e-06,6.247717297304246e-05,0.9489718033637039,0.02647341095914202,8.959356084391372e-06,0.024482176047426057
2518804,0,0,explicit_mmr,explicit_mmr,0.999142466097609,0.00017017706161288884,8.052337275808297e-08,9.826597038569767e-06,1.7701522353038664e-06,0.0006756795681315173
2518892,0,1,explicit_mmr,implicit_mmr,0.029311254105240114,0.6888200396802032,0.0001869171902332545,0.003164883191370982,0.0008511852904166721,0.27766572054253574
2518893,0,5,explicit_mmr,quant_only,0.09705304572780085,0.30931712880023593,0.004337475725687189,0.00010241336986907696,0.0004304581830244045,0.5887594781933825
2519136,0,5,explicit_mmr,quant_only,0.02126459049058411,0.16250746076765893,0.00011913628090182824,2.842035574142528e-07,0.007722233933446085,0.8083862943238517
2520318,0,0,explicit_mmr,explicit_mmr,0.9758413011307698,0.019806587925280218,0.0005523401131043018,0.00015799367581771916,0.003115415007100011,0.0005263621479277507
2524227,0,0,explicit_mmr,explicit_mmr,0.9907107097224422,0.0005520121512242244,0.0056938245695742525,4.089973506033584e-05,0.0023374074855936865,0.0006651463361051025
2524228,0,0,explicit_mmr,explicit_mmr,0.9441112474958694,0.0009462216460233928,0.05118843593526428,0.0005962639883264925,0.0031316436303141996,2.6187304202118856e-05
2524359,0,1,explicit_mmr,implicit_mmr,0.02945939992321591,0.9696827883123373,0.0005378018452439017,5.230626168288152e-08,0.00016957816519058672,0.00015037944775071256
2525692,3,3,no_method_signal,no_method_signal,2.6299325604013983e-05,0.06912266089022853,0.021089669753726004,0.9079461951614692,0.0017182379173574466,9.693695161480834e-05
2526720,5,2,quant_only,multi_method_not_mmr,0.00018064957351436863,2.959454710687868e-05,0.9993453039478515,2.8978612553890226e-05,3.8098268776578067e-10,0.0004154729379907301
2526755,0,0,explicit_mmr,explicit_mmr,0.7604261730850028,0.0011265906657270683,0.23715222763553392,0.0012234284945528099,6.166959890208825e-05,9.910520281618208e-06
2526759,0,0,explicit_mmr,explicit_mmr,0.52647747029891,0.46951531747127784,0.0019661876263608997,1.052484714971319e-06,0.002008747753264272,3.122436547205501e-05
2526905,3,3,no_method_signal,no_method_signal,0.00021143068084318977,0.001044188412556692,0.1454400606451768,0.652994292823093,0.1595020603790258,0.04080796705930456
2527473,0,5,explicit_mmr,quant_only,0.01382945678852281,0.03860525277763707,0.00029578469407370877,0.1880915347378321,5.395796451394376e-05,0.7591240130374204
2527743,2,5,multi_method_not_mmr,quant_only,0.004168984196537578,7.764262550176876e-05,0.0004941234235560541,0.02864585368295485,2.9471580825136633e-06,0.9666104489133672
2530060,0,0,explicit_mmr,explicit_mmr,0.9805185899799301,0.010142635657746464,0.004187022792061264,5.639349100151109e-07,3.216019100676712e-08,0.005151155475161286
2530299,0,0,explicit_mmr,explicit_mmr,0.9999586607329669,3.915682295429271e-05,3.2375120190696235e-09,5.596331473092726e-12,5.918444492390117e-07,1.5873565207725799e-06
2530457,0,4,explicit_mmr,qual_only,0.02115712699737885,0.003814845037886395,0.0628104078875672,0.00012351685938501728,0.9120584687384738,3.563447930867991e-05
2530458,0,4,explicit_mmr,qual_only,0.025343591263197296,0.006111934745059737,1.7929000287761108e-05,4.7419524104089336e-06,0.9676335456818574,0.0008882573571874154
2533639,0,0,explicit_mmr,explicit_mmr,0.9035972145411602,1.5144887816390153e-06,2.527055446022186e-05,5.78604349977824e-05,0.09615894383642577,0.00015919614417442342
2533640,0,0,explicit_mmr,explicit_mmr,0.9992940642730996,3.755304171376258e-05,1.0922053991430921e-05,0.0004468778318112911,8.49589117881434e-05,0.0001256238875954728
2534091,0,4,explicit_mmr,qual_only,0.02599503482369862,0.0510816443296955,5.776007305330429e-08,1.0292866919540939e-07,0.9229150530560228,8.107101840802768e-06
2534873,0,0,explicit_mmr,explicit_mmr,0.9998483850162572,5.115920753464918e-07,2.8500700644297585e-06,6.689939320146978e-05,1.5271083888032137e-05,6.608284451349534e-05
2541364,0,0,explicit_mmr,explicit_mmr,0.7833451839684495,0.004564185930242526,0.006307142501088839,0.0007654310470788974,0.00018527686388543701,0.2048327796892548
2545312,0,0,explicit_mmr,explicit_mmr,0.999652828592805,4.658743273026863e-06,2.0237008219692935e-05,2.6904557440960794e-05,2.4925155187528805e-05,0.00027044594307364973
2603026,0,0,explicit_mmr,explicit_mmr,0.9975362284828583,9.205375861991319e-05,1.544652626027018e-08,3.1470884178458875e-07,0.0023691561584746708,2.2314446794138073e-06
