award_id,benchmark_id,project_cluster_id,y_true,y_pred,score_explicit_mmr,score_implicit_mmr,score_multi_method_not_mmr,score_no_method_signal,score_qual_only,score_quant_only
1503196,methodkg_v3_01055,projtxt_581cb0029a749608,implicit_mmr,implicit_mmr,-1.447683034832033,1.1034612519091889,-1.7007379952758297,-2.5660086032365426,-1.8589786855348525,-1.6621752879478329
1614745,methodkg_v3_01185,projtxt_8eb705654915c8db,explicit_mmr,no_method_signal,-0.8255930051977641,-0.5528510115939204,-1.0133828793331978,0.07000063618212361,-0.9904711130217493,-1.297967231157042
1615207,methodkg_v3_01186,projtxt_8eb705654915c8db,explicit_mmr,no_method_signal,-0.9579731772144064,-0.4111829096976114,-1.123814893323382,0.10725099482451282,-0.9379695456386498,-1.2846732430490488
1652825,methodkg_v3_01259,projtxt_28187647d8a3d2e2,explicit_mmr,no_method_signal,-0.9651737380949499,-0.9323094250848941,-1.5027235668304062,0.5774284189275877,-0.6224540082716409,-1.1810943819285862
1664271,methodkg_v3_01277,projtxt_419c744c21fbb08c,implicit_mmr,implicit_mmr,-1.0693214044459998,-0.05045208727213696,-3.6053926500417934,-1.3173222575875956,-0.5834198218833021,-1.8816943785521478
1664274,methodkg_v3_01279,projtxt_419c744c21fbb08c,implicit_mmr,implicit_mmr,-0.9345384244035914,-0.07127897499805305,-3.647464343778087,-1.334156349695009,-0.7567298655127953,-1.7614751115998084
1719872,methodkg_v3_01320,projtxt_8088c7349e2bdc74,implicit_mmr,no_method_signal,-0.7322020604169085,-0.704193803246305,-1.106570958759988,-0.014244755375192245,-0.8925852408145268,-1.1440028950684158
1720838,methodkg_v3_01322,projtxt_8088c7349e2bdc74,implicit_mmr,explicit_mmr,1.5855555369883996,-0.7277439733957111,-2.5255772568587784,-1.3908078328348732,-2.169946415245348,-1.651148777842869
1721054,methodkg_v3_01324,projtxt_4cbc11a4f15f35b2,implicit_mmr,implicit_mmr,-0.3798603572508458,0.2952979972432889,-1.5723034628131778,-1.9753735859077368,-1.1727172177328433,-2.3429550885610197
1723884,methodkg_v3_01337,projtxt_8eb705654915c8db,explicit_mmr,implicit_mmr,-2.027777231341059,1.2555175060415864,-1.2507409044652633,-1.3174490952803342,-1.3461628552793856,-1.6970423542183943
1751314,methodkg_v3_01381,projtxt_1e0eac3bf43c3824,qual_only,no_method_signal,-1.1023867016215805,-1.0094631514118289,-1.1732017106419266,0.4854080778277209,-0.594946761097388,-1.2520041264454829
1826354,methodkg_v3_01444,projtxt_b3668904556b5a44,explicit_mmr,qual_only,-0.2356143612125578,-2.035220349880697,-2.8458434890996367,-1.2408118725873738,1.0023882812187288,-1.9330371614842892
1906172,methodkg_v3_01521,projtxt_4455eb16036684bc,explicit_mmr,explicit_mmr,1.3867062629191251,-2.1389479605908086,-1.5093997407881161,-1.5059532693144408,-0.6830832251300178,-2.356359468067408
1908481,methodkg_v3_01540,projtxt_d637720f93037f89,implicit_mmr,no_method_signal,-0.7202352640105727,-0.8930268144481665,-0.9778097208467382,0.1798938715773503,-0.9060058426438223,-1.3096629351977547
1914647,methodkg_v3_01553,projtxt_a69c6225838e44f4,qual_only,no_method_signal,-0.7817998314235716,-0.9048066773320348,-1.1418594032230422,0.29613980555657066,-0.8378518000053207,-1.2665915914093988
1914735,methodkg_v3_01554,projtxt_a69c6225838e44f4,qual_only,no_method_signal,-0.8185929019329183,-0.7715226668839554,-1.1493845940787688,0.2174121950901501,-0.9000479941519126,-1.213095324830511
1918847,methodkg_v3_01561,projtxt_d8d21047274dc792,implicit_mmr,implicit_mmr,-0.05695263590202013,0.049372512762955886,-1.6740690066727772,-2.7043363637757842,-1.605478732799042,-2.156788581082256
1920753,methodkg_v3_01566,projtxt_0240ff43f165b15f,multi_method_not_mmr,no_method_signal,-0.4071781914086493,-0.6799400968728556,-1.3502772712618503,-0.12006531607678227,-1.0060250027336688,-1.0846184977006195
1925188,methodkg_v3_01573,projtxt_40cb08fa8174c66a,multi_method_not_mmr,no_method_signal,-0.8556198051149957,-0.6001469577875025,-1.0513564273994846,0.05523280692818845,-1.0596732950526142,-1.1195167246231086
1929409,methodkg_v3_01579,projtxt_84ffc186b2131bee,explicit_mmr,explicit_mmr,0.8929810986705383,-0.7689269450124356,-1.8469319732054128,-0.542801514206405,-2.826323386732426,-3.2298628203283766
1930026,methodkg_v3_01581,projtxt_db75ff96db6ad2cf,explicit_mmr,no_method_signal,-0.9978061406145035,-0.8910301197617392,-1.4743595719894536,0.5917462420633316,-0.997839737798953,-0.8547970295246806
1930076,methodkg_v3_01582,projtxt_97dcb0d686e56278,explicit_mmr,explicit_mmr,0.41760799805955023,-1.7273808612079304,-3.19442917175746,0.01107239552618108,-1.2829817413495577,-2.801436158372844
1930132,methodkg_v3_01583,projtxt_6db1916ad653d07f,explicit_mmr,no_method_signal,-1.0634249439184498,-0.9565587280727916,-1.3201825514186418,0.7428861145100495,-1.0975824531633882,-0.9394861135531405
1930341,methodkg_v3_01584,projtxt_3f700d0b69aa9711,explicit_mmr,explicit_mmr,0.6127153511919325,-1.2898296808262188,-1.937154443045993,-0.07193096144194598,-1.953325498111922,-2.9922421474300642
1930373,methodkg_v3_01585,projtxt_3297f30107628541,explicit_mmr,no_method_signal,-0.9950309995537072,-0.9009126327244548,-1.3578410567023893,0.5301589150780365,-1.058796552990765,-0.8441331939374812
1930419,methodkg_v3_01587,projtxt_3297f30107628541,explicit_mmr,no_method_signal,-1.0851590667714037,-0.9937253103760647,-1.3056576627607952,0.7327735658161685,-1.0169680201853268,-0.9724644840469188
1930492,methodkg_v3_01589,projtxt_80ef02953667abe0,explicit_mmr,explicit_mmr,0.639693778456199,-0.6986377909742418,-2.2374901143863477,-0.6692120785905619,-1.5073350061486543,-3.3479485095422605
1930497,methodkg_v3_01590,projtxt_72730f2dbe5e6fed,implicit_mmr,no_method_signal,-1.0953499425997382,-1.0496877430810945,-1.3246884082077504,0.8453002728224637,-1.0451600712247169,-0.9732279172063041
1930502,methodkg_v3_01591,projtxt_cf1351dd3569160f,multi_method_not_mmr,explicit_mmr,0.635419858637977,-0.6133413813807729,-2.4005287791771517,-0.278936103609471,-2.7013040387196545,-2.6862924533429617
1930539,methodkg_v3_01592,projtxt_86e777ee967b6323,implicit_mmr,no_method_signal,0.12888823756377316,-1.0277807169789892,-2.028656550070287,0.23885280628435732,-1.4764927357175204,-3.056641428716741
1930553,methodkg_v3_01593,projtxt_3297f30107628541,explicit_mmr,no_method_signal,-0.9957815054119662,-0.9047569901454251,-1.2962283051886045,0.5256327916936162,-1.0585663812556987,-0.8982949389362569
1933277,methodkg_v3_01594,projtxt_0079014c8f062e74,no_method_signal,no_method_signal,-0.967755694107974,-1.03408842716226,-1.2550769317754509,0.9468428179191213,-1.2022584281302389,-1.1312191360788755
1933717,methodkg_v3_01597,projtxt_d0c62a6072f70963,explicit_mmr,explicit_mmr,0.8953464657537444,-0.5873558763450873,-1.2049530779164428,-1.549905436290645,-1.9580597289560313,-1.6752944267408452
1934126,methodkg_v3_01598,projtxt_67725d849ee2b18d,explicit_mmr,no_method_signal,-0.7866333749129214,-0.6750591310628417,-1.039560811678271,0.1597512837018955,-1.158104780400959,-1.113934317113868
1936070,methodkg_v3_01601,projtxt_6ff4baf5c6f79d00,implicit_mmr,no_method_signal,-1.0105191802637215,-0.6764565572519453,-1.2473922492289173,0.46201839739917394,-1.011996791251032,-1.140466688579498
1937391,methodkg_v3_01606,projtxt_2880e457027f1848,explicit_mmr,no_method_signal,-0.4842793464052598,-0.7385802287087165,-1.6925849210564374,0.1520964319676816,-0.5397564010144712,-1.3074764961425898
1937490,methodkg_v3_01607,projtxt_2880e457027f1848,explicit_mmr,no_method_signal,-0.4911817253522633,-0.752386584122779,-1.5906821182569582,0.33446445385115847,-0.8363829675951775,-1.2754505794430324
1937587,methodkg_v3_01608,projtxt_e6ce90dae9e32586,explicit_mmr,explicit_mmr,2.1847924496893083,-1.5995460174526082,-2.090939872392542,-1.5143545132180323,-1.9171132385105845,-2.7001305134789324
1937687,methodkg_v3_01609,projtxt_2880e457027f1848,explicit_mmr,no_method_signal,-0.40894756722478537,-0.6731317314508728,-1.4649539476055273,0.18818635542965886,-0.8184488041859515,-1.4295421249010232
1939038,methodkg_v3_01613,projtxt_5c5ea81c45ec3bd9,multi_method_not_mmr,no_method_signal,-1.1194069458751872,-1.1701112378104932,-0.9789960643993589,0.9864996594464321,-1.312389600690941,-1.0891740537260952
1941642,methodkg_v3_01614,projtxt_ca9778df6f48109f,qual_only,no_method_signal,-0.6764812957156685,-0.8624412360761924,-1.0801108527668977,0.04186901473283515,-0.8451987907865541,-1.1979608645474322
1941668,methodkg_v3_01615,projtxt_a6e329ed0bca9a95,implicit_mmr,explicit_mmr,0.5840560259139322,-0.839641477128329,-1.7709509772221819,-0.881105719077856,-2.085883366135259,-1.196648923871156
1941952,methodkg_v3_01616,projtxt_c914da900173fc64,implicit_mmr,no_method_signal,-0.788025545745165,-0.8649127644422737,-1.131890886226026,0.1751465751352435,-0.9835150809126062,-1.027555882028653
1943146,methodkg_v3_01617,projtxt_ffc1ae36e51f993a,explicit_mmr,explicit_mmr,1.7795401049514084,-1.05742600747876,-1.7279367358315378,-1.9283046237771624,-2.316598074970096,-3.064250451675747
1943285,methodkg_v3_01618,projtxt_7139c2f38e0485f8,explicit_mmr,explicit_mmr,0.9029444830423882,-0.5471167618158208,-2.1296919981318783,-1.2879017593887752,-1.1727618060654696,-1.946428518190318
1943541,methodkg_v3_01619,projtxt_edfaa35f70bc9413,explicit_mmr,no_method_signal,-0.7954181589937563,-0.8419326897674263,-1.1270276465989173,0.305557583612722,-0.9422861698025413,-1.255850740804162
1943934,methodkg_v3_01620,projtxt_778ea6497fc9bc51,qual_only,no_method_signal,-1.0883160853975766,-1.161974844999429,-1.2734105148292831,0.6361397524970739,-0.7140465927574265,-1.0626387281203031
1944807,methodkg_v3_01621,projtxt_538a1cff5f8ead0a,qual_only,no_method_signal,-1.0361237851113796,-1.1917340784798476,-1.0934612167715567,0.7156736539287308,-0.8537368584717537,-1.1987253518464067
1945961,methodkg_v3_01622,projtxt_92bd8414ca5aa71c,explicit_mmr,no_method_signal,-0.8578420795480736,-0.5669415462623113,-0.9127101770033629,0.07944616963296065,-1.1587376203837376,-1.212180600332355
1945963,methodkg_v3_01623,projtxt_92bd8414ca5aa71c,explicit_mmr,no_method_signal,-0.8897670782293617,-0.6600705612706141,-0.9172160337924713,0.18186032794537477,-1.1063152384450663,-1.2459224039855183
1946553,methodkg_v3_01624,projtxt_b31208f5a5fd0e36,no_method_signal,no_method_signal,-1.0895134258723327,-1.0735346642888315,-1.0708175737849097,1.1441021477120132,-1.0943161875051044,-1.453314204112537
1948981,methodkg_v3_01625,projtxt_9216304495c7afc9,qual_only,no_method_signal,-0.5595756822761274,-0.444699641780397,-0.9692595225041839,-0.16823174400587337,-1.282236601653538,-1.1947936087310866
1949241,methodkg_v3_01626,projtxt_6ee2d362b8808c62,implicit_mmr,no_method_signal,-0.9682814550918127,-0.583978072687869,-1.106521366784782,0.18091954375746466,-0.8804830575055038,-1.2515665444076338
1949454,methodkg_v3_01627,projtxt_3c0da319bbf85654,explicit_mmr,explicit_mmr,0.4344496748856847,-0.3240248082281129,-3.0097115431413126,-2.2830001423127295,-2.2973368125397493,-2.195769218566846
1949585,methodkg_v3_01628,projtxt_8ad9ba0fcf7f8329,explicit_mmr,explicit_mmr,-0.27552949818117045,-1.1182321862421718,-0.5547195423460705,-1.2228483299663422,-1.4542534538240912,-3.16063636263548
1949586,methodkg_v3_01629,projtxt_3d2c55f5777f9659,explicit_mmr,no_method_signal,-0.9464716063456987,-0.5209483707348745,-0.7734043044491555,0.015229627508064265,-0.8888167591692365,-1.5012561681000167
1949718,methodkg_v3_01630,projtxt_ab364f93b900e1d6,multi_method_not_mmr,no_method_signal,-1.2778262135892342,-1.095059927202644,-1.1249027624746482,0.8029371388375788,-1.2342215787125201,-0.7265906545813712
1949848,methodkg_v3_01631,projtxt_0890ed3878ad05d4,implicit_mmr,explicit_mmr,1.4613139305277498,-0.8115942933956399,-2.9928403163695183,0.39938805257106896,-2.5776130561712254,-2.230896345431709
1949990,methodkg_v3_01632,projtxt_312ecb29cb0c32e3,multi_method_not_mmr,no_method_signal,-0.9920745417556073,-1.022426132566745,-0.8301459051047714,0.6635010041994697,-1.2109617776595898,-1.2413032632552958
1950064,methodkg_v3_01633,projtxt_c85bb658c0286871,explicit_mmr,no_method_signal,0.05009561729765842,-0.9843575571789674,-2.8766343887205683,0.6785669244945832,-1.2458595276140279,-1.7638013759155196
1950304,methodkg_v3_01634,projtxt_16e774e086be968e,quant_only,no_method_signal,-1.1349478860059596,-1.1545764619977665,-1.2315777190444053,1.0358753584678024,-1.1592941085497925,-0.9996715137762762
1950340,methodkg_v3_01635,projtxt_b91832d5cf4e09ef,multi_method_not_mmr,no_method_signal,-0.9794832443000073,-1.0120126917998973,-0.7167598247951987,0.5644313091912703,-1.1523961093006128,-1.3430414875400178
1950351,methodkg_v3_01636,projtxt_070c0ccb61972acb,quant_only,no_method_signal,-1.0696788895311184,-1.111866422997726,-0.8779814064889837,0.7462814038224814,-1.1024935017574515,-1.2145163769016354
1950645,methodkg_v3_01637,projtxt_e273a609e619cf5d,no_method_signal,no_method_signal,-1.2774639863447017,-1.1605532500571754,-0.9265427352084373,0.8874404226535487,-1.186237735809672,-1.001861966395111
1953561,methodkg_v3_01640,projtxt_2d6ed7a1fc12623c,explicit_mmr,explicit_mmr,0.8308897624810431,-0.6096832171265847,-1.414760914127706,-1.3553231319312964,-2.201235256483132,-2.786432480463611
1953640,methodkg_v3_01641,projtxt_74622fc86a95a642,explicit_mmr,explicit_mmr,1.1043229145645594,-1.0923126814340844,-1.9732742697124879,-0.7478446770293573,-2.151086821823252,-2.1528501222857264
1953752,methodkg_v3_01642,projtxt_ef3664245ec441f8,explicit_mmr,no_method_signal,-0.9181357587130566,-0.936875712685249,-0.9931603948448288,0.4957075839309004,-1.0520822456448249,-1.247762680660927
1953762,methodkg_v3_01643,projtxt_bb48fe9fbbd8cb96,explicit_mmr,no_method_signal,-0.9348567073803724,-0.9334425981602649,-1.0894421101455263,0.5084568077443042,-1.034651883490707,-1.152448390257815
1955792,methodkg_v3_01645,projtxt_faacaab7f2993e8b,explicit_mmr,explicit_mmr,0.2159508298795696,-1.4426713687183204,-1.119001201065739,-0.7631299505469339,-1.5867314889939914,-1.6751438326395207
1955896,methodkg_v3_01646,projtxt_4b1266e7518aee6c,qual_only,no_method_signal,-0.687933434925523,-0.41539352382816774,-1.1813744931456427,0.019971936790337222,-2.05719402063455,-2.6845536143001327
2000091,methodkg_v3_01647,projtxt_ae3c4b8ecb4151b3,no_method_signal,no_method_signal,-1.0383488543840969,-0.915309723927358,-1.1443544793230305,0.5719253326904159,-1.1777123156613996,-0.9491868664545338
2000183,methodkg_v3_01648,projtxt_88bf105227e72af5,quant_only,no_method_signal,-0.9528493683701316,-1.061836285934011,-1.0046966448481212,0.4812970564234597,-1.1159297842771796,-0.9915751878660928
2000292,methodkg_v3_01649,projtxt_7367c279896a105a,implicit_mmr,no_method_signal,-1.0544939952344976,-0.8680576938888175,-1.1924630307556643,0.6699441762643793,-0.9733210512660174,-1.2058182670773097
2000442,methodkg_v3_01650,projtxt_9d9897a72b84ff96,multi_method_not_mmr,no_method_signal,-0.949739762050799,-1.0650154785763288,-1.2360708724306233,0.9491996662900295,-1.1847923229552315,-1.15991443291541
2000487,methodkg_v3_01651,projtxt_c397cb243aa09775,multi_method_not_mmr,no_method_signal,-0.4574878221181839,-0.8218514253488233,-1.3539740921153316,-0.18455372066618864,-0.6376136782218059,-1.1716549057324415
2000535,methodkg_v3_01652,projtxt_b4fd403b3ee2f755,quant_only,no_method_signal,-0.9123906818442521,-1.056068879031443,-1.3411533836614093,0.9687203252213549,-1.2344578331456515,-1.0672682672650926
2000573,methodkg_v3_01653,projtxt_bb02493e45da4e98,quant_only,no_method_signal,-0.9699442608966068,-1.035421228820355,-1.1566806304227855,0.9167264607594224,-1.1477893004128776,-1.25476215940453
2000583,methodkg_v3_01654,projtxt_8db6bf522b0e4278,explicit_mmr,explicit_mmr,1.5281374196344588,-1.5337017374553557,-1.7015522791816868,-0.5742801540544227,-2.7205316730960587,-2.1783809647978734
2000725,methodkg_v3_01655,projtxt_ad42f18157401191,multi_method_not_mmr,no_method_signal,-0.34020045412663863,-2.3037241393705408,-0.8839781504170907,1.294805107996916,-2.103974590044647,-0.9647826016471486
2000730,methodkg_v3_01656,projtxt_74961d9da4331479,explicit_mmr,no_method_signal,-0.9638449831131859,-0.8134249427317846,-1.4901798662477663,0.7234747367812,-1.1220799762214757,-0.9804762408024259
2000750,methodkg_v3_01657,projtxt_64a6cfd56cb622be,explicit_mmr,explicit_mmr,0.8300837589972424,-0.24271244018054994,-2.16349890597677,-1.4367892565873976,-3.2180383069794343,-3.406873840380149
2000779,methodkg_v3_01658,projtxt_8352fa0c929c04f6,explicit_mmr,no_method_signal,-0.3998658205166539,0.07182910942717333,-1.6159513350979218,0.4289887011513727,-2.590702509502124,-2.3223520080265456
2000786,methodkg_v3_01659,projtxt_d8f480b8008742d2,no_method_signal,no_method_signal,-0.858137464044468,-1.0670383021914736,-1.3505693687413394,0.902928559977054,-1.0942439250499498,-1.1760048665494363
2000799,methodkg_v3_01660,projtxt_8db6bf522b0e4278,explicit_mmr,explicit_mmr,1.5767457985437414,-1.5431476319083874,-1.7153117770986677,-0.5648394199869725,-2.727839191495626,-2.205468495259135
2000847,methodkg_v3_01661,projtxt_1843f25f9fa00a82,explicit_mmr,no_method_signal,-0.42240075817230255,-0.773480084717097,-1.4708543341643638,0.17332299039395355,-0.7489289326731574,-1.3616669234874954
2000866,methodkg_v3_01662,projtxt_07bb8f0e1d6e4563,multi_method_not_mmr,no_method_signal,-0.9682422783155685,-1.0345592942637127,-1.2556626005371068,0.9471209940307486,-1.2027850629700323,-1.1317270257603411
2000887,methodkg_v3_01663,projtxt_8cb063097dfb6732,quant_only,no_method_signal,-0.9135156213935319,-1.0952359498848063,-1.26759833804064,1.0612530668728983,-1.2544820433110278,-1.1858961606377945
2000888,methodkg_v3_01664,projtxt_8352fa0c929c04f6,explicit_mmr,no_method_signal,-0.5350551496519357,0.0708749992629535,-1.692734651361715,0.5118991269786091,-2.5151864742083823,-2.2677956713233787
2003126,methodkg_v3_01665,projtxt_a165f390e89cfe84,explicit_mmr,implicit_mmr,-1.1338886444491874,-0.399332728222332,-1.1491711141697647,-2.0288974020811352,-1.621775769635547,-1.8546856026022616
2004898,methodkg_v3_01666,projtxt_5dcabfeb784c0b83,explicit_mmr,explicit_mmr,0.4065523058455308,-1.8472830741037403,-1.324925764315356,0.1590300877396078,-1.4979935161848026,-1.9433853110132049
2005608,methodkg_v3_01667,projtxt_c11ee3f35a918c20,implicit_mmr,implicit_mmr,-0.42068453238951675,-0.15416134368031592,-1.0422248521186017,-1.5280363729978823,-1.4854341661099508,-2.9568620788482067
2005812,methodkg_v3_01668,projtxt_b95b6cfe68b34891,implicit_mmr,no_method_signal,-0.669268582506226,-0.6902047591726492,-1.3881770476951372,0.05596266787210834,-0.7732197772255389,-1.1505052486060483
2005840,methodkg_v3_01669,projtxt_fcf5f66967f62cda,implicit_mmr,no_method_signal,-0.6382963905222307,-0.9173201372501835,-1.2154999723233892,0.2812452361225287,-0.6758328250628577,-1.4486480511400728
2005890,methodkg_v3_01670,projtxt_c9377c56ecceb7cd,implicit_mmr,explicit_mmr,1.2199661942751798,-0.3313997120812024,-1.818015744254078,-1.251290826638961,-2.380117077308811,-3.116457706215531
2005898,methodkg_v3_01671,projtxt_b1f95fa3e4d238f6,quant_only,no_method_signal,-1.020205707276558,-0.7469582984648481,-1.2120846222761856,0.24740656016735668,-1.013135949077225,-0.8808232923307582
2005973,methodkg_v3_01672,projtxt_7ed419d4bc2ba6d1,implicit_mmr,explicit_mmr,0.8978029438659124,-2.372279546849561,-1.0838211118031325,-1.0640761977430515,-1.3122522063600865,-2.9360834400896243
2009127,methodkg_v3_01674,projtxt_43973e295db733f1,implicit_mmr,no_method_signal,-0.7183203442895036,-0.6121602081382267,-1.1812063227793874,-0.00680028042950632,-0.9440619106740596,-1.1345549628964164
2009977,methodkg_v3_01675,projtxt_6c58c2723d9ca28d,implicit_mmr,no_method_signal,-1.0369543282148233,-1.0729587921904804,-1.2688496132385885,0.4879364113880715,-0.5735362378783264,-1.1750366087264708
2010038,methodkg_v3_01676,projtxt_5c1b2538431da6c4,quant_only,no_method_signal,-0.7165103825609056,-0.8531226949141384,-1.0927131941784536,0.11578737811341484,-0.8405075899479287,-1.2406207386594001
2010124,methodkg_v3_01677,projtxt_b0253048c82c9b45,explicit_mmr,no_method_signal,-1.081927234428416,-1.087607065003704,-0.9342010097476233,0.5260076864182934,-1.0671004927079761,-1.011317999193052
2010139,methodkg_v3_01678,projtxt_36e3f0e52522f5b8,qual_only,no_method_signal,-0.7102690560575038,-0.8072570785484678,-1.2761099917314325,0.23230018582409845,-0.9573535703898893,-1.0858394043627977
2010237,methodkg_v3_01679,projtxt_36e3f0e52522f5b8,qual_only,implicit_mmr,-1.1498859379951956,-0.26403639381286964,-1.062259039002202,-2.6339752251645048,-0.43222768370653364,-1.758614381419059
2010256,methodkg_v3_01680,projtxt_71464314de1a6ae0,explicit_mmr,explicit_mmr,1.3108477675182963,-1.5154057355573742,-2.268232166256438,-1.0960047775814759,-1.3916944723733398,-2.1152968621490933
2010276,methodkg_v3_01681,projtxt_55a9f562e4cd53ea,explicit_mmr,no_method_signal,-0.6579852353070343,-0.8353056700119014,-1.1279812448372626,0.11349492032357142,-0.9260790369185042,-1.1865032412157805
2010312,methodkg_v3_01682,projtxt_18923a8d781d3ce1,explicit_mmr,explicit_mmr,0.4264298212428928,-0.3940857183380203,-0.9958946216772161,-1.9020850903710058,-2.074919205207968,-1.6054984715454956
2010361,methodkg_v3_01683,projtxt_40ed1e613baf709d,explicit_mmr,no_method_signal,-0.7001426228624251,-0.7925020802941743,-1.103053469008405,-0.04599819767810926,-0.8034872499757189,-1.155713338255247
2010530,methodkg_v3_01684,projtxt_f77066fb2e35b671,explicit_mmr,no_method_signal,-0.6579852353070343,-0.8353056700119014,-1.1279812448372626,0.11349492032357142,-0.9260790369185042,-1.1865032412157805
2011917,methodkg_v3_01686,projtxt_52c8cdc31ed618f7,multi_method_not_mmr,no_method_signal,-1.0128089048328814,-0.8726039096513667,-1.076355470628447,0.6921553759984518,-1.132326686917194,-1.2415084403159693
2013484,methodkg_v3_01687,projtxt_5b928720de054206,quant_only,no_method_signal,-0.9189541518732665,-0.5007860527237044,-1.1250518821565458,0.1051279660591327,-1.112707806954922,-1.0821634220159289
2013495,methodkg_v3_01688,projtxt_b56be3648800a044,implicit_mmr,no_method_signal,-0.8231475628979524,-0.6639228496300356,-1.0091029959633706,0.21386022705255547,-1.1848159303038264,-1.1762929720593975
2013504,methodkg_v3_01689,projtxt_581742c900847167,explicit_mmr,no_method_signal,-0.7665956927358555,-0.45669374302494925,-0.8903749189838308,-0.06683730468432819,-1.2123768711951237,-1.227110858824543
2013554,methodkg_v3_01690,projtxt_581742c900847167,explicit_mmr,no_method_signal,-0.5595756822761274,-0.444699641780397,-0.9692595225041839,-0.16823174400587337,-1.282236601653538,-1.1947936087310866
2013575,methodkg_v3_01691,projtxt_581742c900847167,explicit_mmr,implicit_mmr,-0.771977154712035,-0.6938516576909893,-2.08721094779867,-1.683390210504208,-0.7997943245039224,-2.320628494931503
2013612,methodkg_v3_01692,projtxt_581742c900847167,explicit_mmr,no_method_signal,-0.836075858029633,-0.4244254697069768,-1.1759878320765367,-0.08247885622172392,-1.1623221279516665,-0.9394244012573825
2017704,methodkg_v3_01694,projtxt_488cf667255d5ec6,multi_method_not_mmr,no_method_signal,-1.1876452519029885,-0.6777320564272985,-1.2844114717161745,0.6508708840718315,-1.142280345719433,-1.0008740549799915
2019843,methodkg_v3_01695,projtxt_3dba2fac3e4b3c7d,explicit_mmr,explicit_mmr,1.3634390199161177,-0.02705616411145863,-2.9680928246535947,-0.7662403298384819,-1.1121781917655684,-1.2518437519610615
2021157,methodkg_v3_01696,projtxt_0e541a45c0857b90,quant_only,no_method_signal,-0.7896807960266956,-0.5235328887841411,-0.9425650587170891,-0.08113938287374096,-1.1266045404994414,-1.161079751443567
2021315,methodkg_v3_01697,projtxt_05d46ffd3235e167,implicit_mmr,explicit_mmr,2.4987551594165205,-1.8323508076273978,-2.6855842882330645,-1.9657299239620898,-2.8306085523268196,-2.0536957115084657
2021402,methodkg_v3_01698,projtxt_0e541a45c0857b90,quant_only,implicit_mmr,-0.7412801768931011,-0.3091857469560897,-1.0695929980182701,-0.3128496606111883,-1.0897843005908325,-1.0883218049533423
2021499,methodkg_v3_01700,projtxt_11ff25a3e026dd9e,qual_only,no_method_signal,-0.7497063045127147,-0.3873162492300755,-1.0925240547221244,-0.1185831136467879,-1.1913271171121633,-1.0818364053792406
2021512,methodkg_v3_01701,projtxt_38536b8971393ae3,explicit_mmr,no_method_signal,-0.8561063893225902,-0.6006178248889553,-1.0519420961611405,0.055510983039815734,-1.0601999298924076,-1.1200246143045742
2021546,methodkg_v3_01702,projtxt_c008bb331b562fae,qual_only,no_method_signal,-0.8115950319848113,-0.6170751925705663,-0.9672139417782633,0.06528297195374176,-1.1199048615671559,-1.1808893308097272
2021585,methodkg_v3_01703,projtxt_d6f7eee5a5068c4f,quant_only,no_method_signal,-1.0674191441838892,-0.9894003831420649,-1.2795391561924285,0.9612511793888541,-0.923582919473019,-1.3251631027268351
2022271,methodkg_v3_01705,projtxt_3d81c81a5d40db15,qual_only,no_method_signal,-1.2176184051667598,-0.914725931113254,-1.108730467298547,0.8140581357368449,-1.1782143350428367,-1.0531822040418537
2024394,methodkg_v3_01706,projtxt_136108f711124309,implicit_mmr,no_method_signal,-0.8715653033876365,-0.8574811142023832,-0.9839440225225351,0.27892339937927957,-0.9037011903207972,-1.2986473620862033
2025046,methodkg_v3_01707,projtxt_3273fcdf75ac2eca,explicit_mmr,no_method_signal,-0.9259407261022785,-0.8544718458832756,-1.2212204745350423,0.6582045479805216,-0.9940861150570887,-1.2787700357622829
2025181,methodkg_v3_01708,projtxt_7a37b2900802a79b,qual_only,no_method_signal,-1.0168359220907075,-0.7789567246151075,-1.2083737921806925,0.2297041671954328,-0.9886910822171805,-0.8601539185919789
2025280,methodkg_v3_01709,projtxt_3b2c31bd8f1120e1,explicit_mmr,no_method_signal,-1.1351220548516332,-0.693246989970553,-1.1855406615184982,0.5779122729014646,-1.139211354958911,-1.0705439467308784
2025349,methodkg_v3_01710,projtxt_890b00eccb5490d1,explicit_mmr,explicit_mmr,2.06314286105882,-1.945487453918367,-1.6652460545500436,-1.9433360304862872,-2.0560642903972832,-3.0043396550564556
2025682,methodkg_v3_01711,projtxt_a0b1764ed538601c,qual_only,no_method_signal,-0.8740378589710858,-0.8794491031187031,-1.3688996676459004,0.45996477233016914,-0.6677490311026822,-1.2475622893175482
2025685,methodkg_v3_01712,projtxt_a0b1764ed538601c,qual_only,no_method_signal,-0.827465509880162,-0.9774004401366828,-1.146218644003727,0.5669954870517383,-0.8129166428362202,-1.3873305241124387
2025686,methodkg_v3_01713,projtxt_a0b1764ed538601c,qual_only,no_method_signal,-0.7955405111988737,-0.8842714251283801,-1.1417127872146184,0.4645813287393242,-0.8653390247748916,-1.3535887204592751
2025805,methodkg_v3_01714,projtxt_a1dd20a6546cdbde,quant_only,no_method_signal,-0.9356978080763924,-0.6449402708146604,-1.3496022469113171,0.21458864754173354,-0.9846613806425878,-0.9312292357666376
2027470,methodkg_v3_01715,projtxt_8a0e4a26b652bcee,qual_only,no_method_signal,-1.700845503486025,-1.267377581023057,-1.6802017510106055,0.9171573477067084,-0.9712505257101103,-2.4045140721268212
2027506,methodkg_v3_01716,projtxt_d2c2518effb60533,explicit_mmr,explicit_mmr,1.0310601829419972,-0.9780472950019662,-1.9086098988285571,-2.1109064042065038,-2.278507735245144,-2.1877268516413646
2027637,methodkg_v3_01717,projtxt_f96090237fcd97c5,explicit_mmr,no_method_signal,-0.8286183901599778,-0.47033245998444206,-1.0076900469659136,-0.07883778520112032,-1.2132334095359536,-1.018106357717551
2028026,methodkg_v3_01718,projtxt_aac4d74a5538a9a4,quant_only,no_method_signal,-0.6332154691337725,-0.9023275778486893,-1.2207266293643029,0.2172617359843618,-0.765276736585503,-1.3123586914824097
2028469,methodkg_v3_01719,projtxt_9a562e711cdbc5df,implicit_mmr,no_method_signal,-0.6753678602896469,-0.9122010452612198,-1.0546778118701563,0.24921439185033079,-0.798929101416941,-1.4247911672081524
2028473,methodkg_v3_01720,projtxt_9a562e711cdbc5df,implicit_mmr,no_method_signal,-0.8149358779539032,-0.9181247693240838,-1.2519335260489906,0.4698195466835589,-0.8055897446914655,-1.3085475278591006
2028811,methodkg_v3_01721,projtxt_25e4c8bf7fdeef7d,implicit_mmr,no_method_signal,-0.5718806577995688,-0.6018774951815753,-1.069741222484877,-0.18164963592029937,-2.0936217918903357,-2.119520445306169
2029357,methodkg_v3_01722,projtxt_e4babd675b33d7ce,explicit_mmr,no_method_signal,-1.0555566573287722,-0.86522034000379,-1.484051237243355,0.6747848210150115,-1.1801437964976706,-0.7146653666049069
2029642,methodkg_v3_01723,projtxt_9393236714b6150b,explicit_mmr,no_method_signal,-0.7545208843258546,-0.5240879378688188,-1.0341834185412142,0.05756841874596695,-1.2103081856769897,-1.1569799348726486
2029782,methodkg_v3_01724,projtxt_f1685174d1ec5ac1,explicit_mmr,qual_only,-2.151881719163417,-1.0159654783972196,-1.6944141795265857,-2.0410636673780633,-0.23560196419925658,-0.9492618147432821
2029784,methodkg_v3_01725,projtxt_f1685174d1ec5ac1,explicit_mmr,qual_only,-2.0083903974425006,-1.1843330973601252,-1.589992746738961,-1.9439829170225398,-0.31720642331203447,-1.0527167993128292
2029785,methodkg_v3_01726,projtxt_f1685174d1ec5ac1,explicit_mmr,qual_only,-2.023986992513818,-1.1749918111190516,-1.6109696419619857,-2.1401818646518387,-0.20784154908611363,-0.9007105215920053
2029796,methodkg_v3_01727,projtxt_f1685174d1ec5ac1,explicit_mmr,qual_only,-2.0454720471398726,-1.1646724897237033,-1.7347072282394755,-2.0252570383083848,-0.2847998361369792,-0.824474723694753
2030297,methodkg_v3_01728,projtxt_107809376b881e76,explicit_mmr,no_method_signal,-1.0194117188093215,-0.9057370797310736,-1.484962630674131,0.5635700577691996,-0.9064946220131692,-0.8730642230811246
2030313,methodkg_v3_01729,projtxt_c260f54edfa3aeea,explicit_mmr,no_method_signal,-0.5590467999687926,-0.6612112046860958,-1.5114478727912821,0.1349556641365852,-1.3682021014459913,-2.908316480884359
2030485,methodkg_v3_01730,projtxt_6dcc701a6946ab7c,implicit_mmr,no_method_signal,-0.6110405878018886,-1.1413891576293957,-1.4813281665391254,-0.05576967377910416,-2.1568680452651323,-2.8085982311156457
2030582,methodkg_v3_01731,projtxt_3bf3ed2d72d9a7d4,explicit_mmr,no_method_signal,-0.9837536002059428,-0.8840884430161309,-1.4348361812689676,0.5786354654859467,-1.1004143938569961,-0.8031853306230431
2030663,methodkg_v3_01732,projtxt_8776aec8d5d08fad,implicit_mmr,implicit_mmr,-0.6121886860103285,-0.2017898755628733,-2.3977365102751866,-0.5335751057285129,-2.2370354834616486,-2.509939753340391
2030720,methodkg_v3_01733,projtxt_136136095b0d869c,implicit_mmr,explicit_mmr,0.4756615806679958,-1.2141291833726144,-2.025265106055021,0.02491261320006198,-2.2092926113654183,-2.6870903358574094
2030731,methodkg_v3_01734,projtxt_3d28a471c31c1fed,quant_only,no_method_signal,-1.0329756225605387,-0.8736406398378191,-1.464786512101435,0.6736341837275868,-1.1805886619810653,-0.7482730508860431
2030969,methodkg_v3_01735,projtxt_5e0dafaa586aa782,explicit_mmr,no_method_signal,-0.9854555827869811,-0.8849503775727733,-1.3358542111546463,0.5482409322146206,-1.0454186312998415,-0.9262204642672319
2032226,methodkg_v3_01736,projtxt_a8ac78bda88a933f,qual_only,no_method_signal,-1.0439156250788533,-0.6828932856987031,-1.0034767769219193,0.3210284278077556,-0.7157477419213478,-1.5031051077021458
2032737,methodkg_v3_01737,projtxt_96c5aeb928b6fc0d,explicit_mmr,implicit_mmr,-1.089414995962239,0.12367540125995,-1.3322908430712979,-1.981426361672089,-1.7580247644565914,-2.075544134690666
2032781,methodkg_v3_01738,projtxt_c2fd6d210dc4e494,quant_only,no_method_signal,-1.1093215823490512,-1.0617513581160973,-1.2058398753943673,0.7947552518001687,-0.9472032408715481,-1.1233510270189635
2032802,methodkg_v3_01739,projtxt_f095e6fb1d1c0b69,explicit_mmr,explicit_mmr,-0.631834136207074,-1.8800399559312868,-1.7013191518945585,-1.7324117282534828,-2.0024895838324093,-0.745755111104173
2033389,methodkg_v3_01740,projtxt_90c43779a8a5720a,explicit_mmr,no_method_signal,-0.9662004054990223,-0.6746462379177364,-1.3509812801529282,0.3450391481715631,-1.057279248688162,-0.9236207384743225
2036549,methodkg_v3_01741,projtxt_c914da900173fc64,implicit_mmr,no_method_signal,-0.6956328699514377,-0.6976606792125655,-1.3466052664475778,0.11996430356205394,-0.9138156803956001,-1.094829226125239
2036870,methodkg_v3_01742,projtxt_142017d3ef898744,multi_method_not_mmr,no_method_signal,-1.1257830251048873,-0.8818572317771036,-1.160054382867873,0.6616337911460304,-1.0466185001608954,-1.0899666760957316
2037403,methodkg_v3_01743,projtxt_6660b04cadc1652e,multi_method_not_mmr,no_method_signal,-0.9238433448089979,-1.053900540351659,-1.271071472191263,0.8815177493381796,-1.1717190122013674,-1.1078129578678488
2037809,methodkg_v3_01744,projtxt_32952c460a095f4b,explicit_mmr,no_method_signal,-0.8457295674897701,-0.7982821082013443,-2.5035989729560737,0.13953849831010878,-2.352818283933957,-1.8559231157064973
2039583,methodkg_v3_01745,projtxt_65adfd7e3855b7b0,quant_only,no_method_signal,-0.682156059067456,-0.9954863364515669,-1.3059711099056255,0.6822946201056469,-0.9075253899061185,-1.3772238964231471
2039864,methodkg_v3_01746,projtxt_5327f06f8a5f3e1f,explicit_mmr,explicit_mmr,0.14859929156256646,-1.280618844636586,-1.48441920540087,-1.283433212665555,-1.6642998073612496,-2.135676397243656
2039871,methodkg_v3_01747,projtxt_5327f06f8a5f3e1f,explicit_mmr,explicit_mmr,0.048535820922391476,-1.2340335431832183,-1.3789831236522716,-1.210173540235698,-1.7149497001092313,-2.2309395679934627
2040795,methodkg_v3_01748,projtxt_41ca7e3bca25e83a,quant_only,no_method_signal,-0.9607086199427751,-0.7617993173463065,-1.221234779852402,0.2431755360346951,-1.0623420808188866,-0.8606289667246341
2041960,methodkg_v3_01749,projtxt_375738a06ffe805e,implicit_mmr,no_method_signal,-0.8056579053917058,-1.0623008807075156,-1.2914657572431305,0.6254816889762497,-0.7032552401591811,-1.3545617075591123
2042142,methodkg_v3_01750,projtxt_3fe01440b485bf54,explicit_mmr,no_method_signal,-0.8230481820122192,-0.9439817833919072,-0.8848601501271842,0.28568088995138774,-0.9197321500727446,-1.3597992766044416
2044243,methodkg_v3_01751,projtxt_8f732fba024f8be2,implicit_mmr,explicit_mmr,1.8153855912062138,-1.6903719827794552,-1.1420334229625155,-1.7682754347671545,-3.660227355736039,-1.7795042079518522
2044333,methodkg_v3_01752,projtxt_85c2aa548b53e1ca,multi_method_not_mmr,no_method_signal,-0.900349940691855,-0.5803544784142725,-1.4900638055971647,0.17827791795017137,-1.1238350438763611,-0.7201356987398448
2044390,methodkg_v3_01753,projtxt_2e227719662e01a9,implicit_mmr,no_method_signal,-0.5600622664837219,-0.4451705088818496,-0.9698451912658396,-0.1679535678942462,-1.2827632364933315,-1.1953014984125523
2044473,methodkg_v3_01754,projtxt_91e9a4ecd33bbc95,implicit_mmr,no_method_signal,-0.8072639645215846,-0.5349214640054474,-0.868077498049866,-0.10175551640420369,-1.1250132394374286,-1.188736176763168
2044879,methodkg_v3_01755,projtxt_7b2413bc1813c48f,explicit_mmr,explicit_mmr,0.6280597299413047,-0.9876870664390855,-1.2113324584151999,-1.8016118068128868,-1.6876868883678573,-2.049829830212405
2045634,methodkg_v3_01756,projtxt_2ca1f93eb272b514,qual_only,implicit_mmr,-1.4227340519723857,0.8347060721234725,-1.0000932431673593,-0.7745543377981529,-1.0321311979992474,-3.16929257571598
2046079,methodkg_v3_01757,projtxt_b6340fda16d76b7c,explicit_mmr,no_method_signal,-0.802534218677157,-0.614226106959218,-1.3720145570009494,0.3306593106790481,-1.157868856126347,-1.0391928216424142
2047105,methodkg_v3_01758,projtxt_20ca67bdf7062978,explicit_mmr,explicit_mmr,-0.6343504366442074,-1.9394358970846202,-1.8952209476171944,-1.0209566409462625,-0.7601154031162969,-1.2542877569286437
2047420,methodkg_v3_01759,projtxt_d28552bd7d4a26bc,explicit_mmr,explicit_mmr,1.09640010605622,-1.0968168007257297,-2.871708348535931,-2.019134632986348,-2.05904141135357,-1.862217468943543
2048018,methodkg_v3_01760,projtxt_ca9cfb151e84a532,implicit_mmr,no_method_signal,-0.41635491442651434,-0.8614221841932737,-1.5213172754261963,0.36441198583864637,-0.8435509859912736,-1.3543630362564412
2048833,methodkg_v3_01761,projtxt_22aeb2814d4aec49,implicit_mmr,implicit_mmr,-1.5885458989383898,-0.08815072601699468,-1.2357203768384029,-1.6981307625707305,-1.0538418356915233,-1.8631784277440508
2048852,methodkg_v3_01762,projtxt_8f79e7c14ab37768,implicit_mmr,implicit_mmr,-1.5956280713070894,-0.06969995517919413,-1.121576595980428,-1.6807862368296027,-1.0829292787203613,-1.9853192642703374
2048987,methodkg_v3_01763,projtxt_fe4f7a114e28c6c1,explicit_mmr,no_method_signal,-0.897688043915707,-0.5004019221994459,-1.0638416084805387,0.11130970828021998,-0.9517514947306326,-1.3160823296858857
2049044,methodkg_v3_01764,projtxt_6f8b85ebdac7ab2e,multi_method_not_mmr,no_method_signal,-1.1591365390211543,-1.0124724898331916,-1.1764823012108074,0.8290598001139008,-1.0478816322538378,-1.0807511381735047
2049974,methodkg_v3_01765,projtxt_3aa85a70fb40c265,qual_only,no_method_signal,-0.4542091755873537,-0.7768815872865167,-2.1858597711126926,-0.2745557318762579,-0.4906059550074358,-2.170166873131204
2050443,methodkg_v3_01766,projtxt_b0b47ab564309008,qual_only,no_method_signal,-0.9324387430351675,-1.0943024557566652,-0.9882720644337785,0.7043623025228819,-1.2375212574049994,-1.0899971260636727
2050542,methodkg_v3_01767,projtxt_00e617ceb94357a0,multi_method_not_mmr,no_method_signal,-1.0773345254351512,-0.8868023503475727,-1.0660158952611172,0.6015937643263245,-1.1237470582597324,-1.0695464483281503
2050619,methodkg_v3_01768,projtxt_1f30b70c3608c43d,implicit_mmr,explicit_mmr,0.44326088284024484,-0.5863995320696944,-2.1065226752848374,-0.4128119195977694,-2.467038085772675,-2.745590590841946
2050669,methodkg_v3_01769,projtxt_d3ae1329d07b3ae9,multi_method_not_mmr,no_method_signal,-1.0773345254351512,-0.8868023503475727,-1.0660158952611172,0.6015937643263245,-1.1237470582597324,-1.0695464483281503
2050699,methodkg_v3_01770,projtxt_c69b5cd32c68de78,no_method_signal,no_method_signal,-0.5325604480576418,-1.4270500161027055,-1.2744073403947336,0.5424637118799194,-1.777238552976926,-1.5835677762225324
2050899,methodkg_v3_01771,projtxt_ed8837fd99c3a98e,no_method_signal,no_method_signal,-1.1400539691595035,-1.1388087697761577,-0.999255430771059,0.6736510467191044,-1.1267766335716538,-0.9283807557087286
2050956,methodkg_v3_01772,projtxt_4b2df178340abb78,multi_method_not_mmr,no_method_signal,-1.25225682339758,-1.066425863809677,-0.9911906560427661,0.6784382890482966,-1.248732584523617,-0.7744040239311711
2051156,methodkg_v3_01773,projtxt_ed8837fd99c3a98e,no_method_signal,no_method_signal,-1.1097828259959175,-1.0991961621914395,-1.3134158616540212,0.8168827926666066,-1.1680945696207359,-0.7773717812146769
2052788,methodkg_v3_01774,projtxt_fa827ef23a09221b,no_method_signal,no_method_signal,-1.2940664623661418,-1.32539446192423,-0.9305698471615322,1.3164812929098506,-1.216288346524576,-1.270947660152075
2054823,methodkg_v3_01775,projtxt_f71ef5460cda3eba,explicit_mmr,explicit_mmr,1.7013446123616989,-1.123891452835071,-3.195246020583151,-1.8495787491912712,-0.6462638620016025,-2.9275942931435672
2055250,methodkg_v3_01776,projtxt_04722a9a9f318893,no_method_signal,no_method_signal,-1.6365880419370917,-0.13318488257699737,-0.47305446914061855,1.1924808310869697,-2.0670757762500758,-2.6732754662137546
2055288,methodkg_v3_01777,projtxt_b7b708bbee0a531c,explicit_mmr,no_method_signal,-0.9806217209325359,-1.0918545286268375,-1.1762970446313963,1.0295313438773446,-1.176507986292061,-1.256033482245381
2055343,methodkg_v3_01778,projtxt_ddedba33ddbac6d0,quant_only,no_method_signal,-0.5706571503231375,-0.4613728393519983,-1.409099994285848,-0.05338630750189467,-0.9883886434074828,-1.1463025430406115
2055375,methodkg_v3_01779,projtxt_69039fc46350f034,implicit_mmr,explicit_mmr,0.11005428355386594,-0.6333217679342149,-2.308580968538068,-2.5452750278927225,-0.061322914563467994,-1.9617876398960359
2055379,methodkg_v3_01780,projtxt_391b75ddbd420d32,multi_method_not_mmr,no_method_signal,-0.4603675796580129,-0.7269428685509153,-1.4551278508351013,0.020976820253783432,-0.8316279479307392,-1.1903118755609348
2055534,methodkg_v3_01781,projtxt_391b75ddbd420d32,multi_method_not_mmr,no_method_signal,-0.5375609367674599,-0.47113339188130926,-1.4874474541189917,-0.14096627322573058,-0.9249890921697926,-1.0709790849441625
2055550,methodkg_v3_01782,projtxt_f92fa8e3bfb31738,explicit_mmr,no_method_signal,-0.3935743567223702,-0.8150529292625819,-1.3379559190238601,0.11595487918716574,-0.9033653177647744,-1.3048110958088452
2055597,methodkg_v3_01783,projtxt_a1c4736254463bc0,explicit_mmr,explicit_mmr,0.32472920235218505,-1.1429272851692194,-0.9350417673038693,-1.9699650640942552,-2.9391669417887063,-1.3681853738680432
2055609,methodkg_v3_01784,projtxt_a1c4736254463bc0,explicit_mmr,explicit_mmr,0.35717465617955446,-1.1090378225431312,-0.723823676503016,-1.922620682679299,-3.1327811147659705,-1.5020651806581262
2055705,methodkg_v3_01785,projtxt_1f3a89111286dec6,implicit_mmr,no_method_signal,-1.2217410927386323,-0.9189517914845529,-1.1275591775501295,0.9076399545401302,-1.13957821396755,-1.1584310970298521
2100017,methodkg_v3_01786,projtxt_d74f3b28b97e8bc1,explicit_mmr,no_method_signal,-0.4701101617750554,-0.7905488986866953,-1.3383741172959907,0.3862469486107808,-0.9999890838657676,-1.4054444736284852
2100029,methodkg_v3_01787,projtxt_4777dfa70dc91073,explicit_mmr,explicit_mmr,0.19454503435108728,-1.058958825087695,-0.906747332161141,-0.7885547789154149,-2.2694516463697725,-2.3245484770572657
2100062,methodkg_v3_01788,projtxt_62d4a8b113079ea1,explicit_mmr,explicit_mmr,0.48428879142544,-2.2716123113594864,-1.70761401025461,0.050632692609751576,-1.8470520168326012,-1.6820745767867682
2100081,methodkg_v3_01789,projtxt_24728f8115dda450,implicit_mmr,no_method_signal,-0.42032316652914964,-0.6476921287673659,-1.3917660981504185,-0.031677651799002664,-0.8819525282983899,-1.2571064385898407
2100137,methodkg_v3_01790,projtxt_1470d9f5a722f6ac,multi_method_not_mmr,no_method_signal,-0.5013805053095829,-0.7371975316920253,-1.3963663762588545,-0.11884071883988905,-0.8167044930606502,-1.0705633850910032
2100138,methodkg_v3_01791,projtxt_1470d9f5a722f6ac,multi_method_not_mmr,no_method_signal,-0.4498518188166537,-0.7492530455218541,-1.267899742237113,-0.1093912643666337,-0.7082221507190888,-1.3604182758977046
2100139,methodkg_v3_01792,projtxt_d74f3b28b97e8bc1,explicit_mmr,explicit_mmr,0.3341871695894476,0.027200289650487774,-1.4186131158035964,-1.8401649875859674,-2.565765872735932,-2.0824944927685647
2100149,methodkg_v3_01793,projtxt_b400e59d6e899efb,qual_only,no_method_signal,-0.9704308451042013,-1.0358920959218076,-1.1572662991844411,0.9170046368710495,-1.148315935252671,-1.2552700490859956
2100242,methodkg_v3_01794,projtxt_65345c6a2934bdc1,qual_only,explicit_mmr,1.0464123467059252,-0.2586952182357213,-1.9488633669043196,-2.5650736965878305,-1.4164730656573086,-2.327204176904525
2100296,methodkg_v3_01795,projtxt_f92fa8e3bfb31738,explicit_mmr,no_method_signal,-0.31724347272780806,-0.8469761044650862,-1.324184471955274,0.03676178257693577,-0.8320805630177968,-1.3561976271814675
2100617,methodkg_v3_01796,projtxt_f21d59f3a22b7a7b,implicit_mmr,no_method_signal,-0.7556798985946108,-0.7081944990172049,-1.3190295564843524,0.24927110124841542,-0.9085959504202479,-1.1858716211807785
2100823,methodkg_v3_01797,projtxt_0df2d658d9ae017c,quant_only,no_method_signal,-0.7192280808620439,-0.7867443767744963,-1.2698234574942886,0.2217706908651853,-0.9660451608973252,-1.102563898470387
2100835,methodkg_v3_01798,projtxt_7d41cd094cba0959,explicit_mmr,implicit_mmr,-0.4509979627495757,0.32077848192948333,-1.8041180191175206,-1.3159309159741213,-3.119714763487568,-1.7856090370469213
2101138,methodkg_v3_01799,projtxt_fa6e65c73f689323,multi_method_not_mmr,no_method_signal,-0.9241488789338214,-1.2215916615823734,-0.7974464652457023,0.558307594421329,-1.1100638506071172,-1.155842059517148
2101217,methodkg_v3_01800,projtxt_90e4ed2686df5f87,qual_only,no_method_signal,-0.7183812034655195,-0.839863867009956,-1.1401069075494619,0.15265454969810907,-0.8870523463773557,-1.1895141346849525
2101255,methodkg_v3_01801,projtxt_8628b870f689a97f,multi_method_not_mmr,explicit_mmr,0.28745201993997543,-0.3543484166282727,-2.1813235765620793,-1.1847621676676732,-1.5651129598169988,-2.713815315102981
2101669,methodkg_v3_01802,projtxt_6363c8b5fefc3c5b,multi_method_not_mmr,no_method_signal,-0.6826715464599464,-0.8060135389454702,-0.9944376712883832,0.02710840791072365,-0.8630829894068064,-1.3098884821318095
2101670,methodkg_v3_01803,projtxt_6363c8b5fefc3c5b,multi_method_not_mmr,no_method_signal,-0.6605683272654252,-0.9134082830800421,-1.2042165705579637,0.26059216033851795,-0.9477269676858723,-1.1722626295741303
2104782,methodkg_v3_01804,projtxt_80e2ac83636fc362,explicit_mmr,explicit_mmr,2.1440673665337036,-0.9865645672774214,-3.415521651784697,-1.9379721675576433,-2.2199245038820945,-2.12927065672645
2104792,methodkg_v3_01805,projtxt_80e2ac83636fc362,explicit_mmr,explicit_mmr,1.9644285359483604,-1.0615899341765551,-3.457599530136151,-1.9425576999133145,-2.0960044979429857,-1.9539536011768335
2104979,methodkg_v3_01806,projtxt_80e2ac83636fc362,explicit_mmr,explicit_mmr,1.9272357428785876,-0.9092289658987466,-3.369906462852987,-1.931680329253399,-2.1302277764358752,-2.12755704415405
2105156,methodkg_v3_01807,projtxt_a89d5fc253c3edcf,explicit_mmr,no_method_signal,-0.8070935088885284,-0.8701370131050951,-1.151876862351814,0.18912181632012814,-0.7821689455682959,-1.2182492844534396
2105695,methodkg_v3_01808,projtxt_581cb0029a749608,implicit_mmr,implicit_mmr,-1.4916223721348405,1.1149657940514888,-1.687576274292311,-2.529762180126869,-1.8563730464356414,-1.6955864048936404
2106319,methodkg_v3_01809,projtxt_d006e28f0c25de40,explicit_mmr,no_method_signal,-0.9171277039933712,-0.8532227714169145,-1.2521582514639387,0.23230532401799456,-0.6196507104252037,-1.2257447060430628
2106670,methodkg_v3_01810,projtxt_02dd6aff64e675ab,explicit_mmr,explicit_mmr,0.820790586035774,-0.06379979758501983,-1.2744988705420668,-1.437225893762844,-3.4762935870773397,-2.588680233023871
2107631,methodkg_v3_01811,projtxt_9dfa5a67ff8d01e7,explicit_mmr,implicit_mmr,-0.19885816868302292,0.7336394767661938,-1.1632706638933272,-2.151242315736449,-3.9663242010447695,-1.794962576023086
2109443,methodkg_v3_01812,projtxt_9cd26396189dac60,implicit_mmr,no_method_signal,-0.9812836108618469,-0.5689992609064479,-0.8728511648625371,0.1044649499340098,-0.8672946293899457,-1.4330042039905386
2109942,methodkg_v3_01813,projtxt_6df75f043518ef1c,quant_only,no_method_signal,-1.0751234886582786,-0.775760948256324,-1.265133558345279,0.26354562623505323,-1.091093267100585,-0.7106518274683064
2110641,methodkg_v3_01814,projtxt_2b3d21e0a778e78f,implicit_mmr,no_method_signal,-0.7798727184166047,-0.495333195762293,-0.9283818367393671,-0.11519901266246828,-1.1065737985201909,-1.1989149510464463
2110777,methodkg_v3_01815,projtxt_b6599599f28d37ea,explicit_mmr,no_method_signal,-0.8064672767374969,-0.814704463555566,-1.1167670320853602,0.4263020556690976,-1.0981810824777267,-1.2135364880305504
2111119,methodkg_v3_01816,projtxt_457f9ffbbf2d35a3,implicit_mmr,no_method_signal,-0.7976016220534262,-0.5752677292024582,-0.936462945270407,-0.03511352578015006,-1.1425262844831061,-1.1566005688271859
2111150,methodkg_v3_01817,projtxt_a084b4bbc27abd6c,explicit_mmr,implicit_mmr,-0.6154775026051952,-0.5708386201206529,-1.7791978176992154,-0.9676898329759641,-2.9768566359792894,-1.6099289143298434
2111262,methodkg_v3_01818,projtxt_029a40bc421ed1cd,implicit_mmr,no_method_signal,-0.8484678148320177,-0.702248652620544,-1.0313727489638007,0.22291639831968568,-1.1041858607796724,-1.1644227456749345
2111331,methodkg_v3_01819,projtxt_2b3d21e0a778e78f,implicit_mmr,no_method_signal,-0.7840841840738663,-0.535708182397774,-0.8140640321693078,-0.05081434308690553,-1.172598686055878,-1.2684650372662667
2111377,methodkg_v3_01820,projtxt_431f920df327edc2,explicit_mmr,no_method_signal,-0.8147910274621419,-0.541617856786858,-1.0165295556146015,0.03443731554362443,-1.3212437607807475,-0.9835404088051922
2111386,methodkg_v3_01821,projtxt_431f920df327edc2,explicit_mmr,no_method_signal,-0.7988478804095105,-0.695165801660143,-1.0603010941042883,0.20947287392358352,-1.2070298957890788,-1.1004204946603469
2111510,methodkg_v3_01822,projtxt_431f920df327edc2,explicit_mmr,no_method_signal,-0.7717803366642643,-0.6253095747328316,-0.99407501165593,0.1876348800571095,-1.2210347657357041,-1.229744597462723
2111533,methodkg_v3_01823,projtxt_2b3d21e0a778e78f,implicit_mmr,no_method_signal,-0.7798727184166047,-0.495333195762293,-0.9283818367393671,-0.11519901266246828,-1.1065737985201909,-1.1989149510464463
2112532,methodkg_v3_01824,projtxt_6b8610f65b9d0a26,explicit_mmr,no_method_signal,-0.9599602150301687,-0.9346860393699443,-1.0253170200318287,0.16524852586506183,-1.0183287627344395,-0.8638378985852595
2112689,methodkg_v3_01825,projtxt_e6ce90dae9e32586,explicit_mmr,explicit_mmr,2.3659781045124335,-1.5258105132334163,-2.3477243122485247,-1.4736634630457481,-1.848146296281962,-2.7843768144037
2113261,methodkg_v3_01826,projtxt_07bb8f0e1d6e4563,multi_method_not_mmr,no_method_signal,-0.9682422783155685,-1.0345592942637127,-1.2556626005371068,0.9471209940307486,-1.2027850629700323,-1.1317270257603411
2113755,methodkg_v3_01827,projtxt_419c744c21fbb08c,implicit_mmr,implicit_mmr,-1.0629545124077995,-0.0672808236107249,-3.4799447360237195,-1.28694067690882,-0.8815311340749222,-1.7440458617393435
2113844,methodkg_v3_01828,projtxt_60b916538d4596e2,implicit_mmr,no_method_signal,-0.7451325277957251,-0.945056023638651,-1.1082732058810723,0.3539495676616737,-0.9320103890617575,-1.2711411959385253
2113845,methodkg_v3_01829,projtxt_60b916538d4596e2,implicit_mmr,no_method_signal,-0.8151707880230324,-0.9208861180294934,-1.1334204394806453,0.25887689797645663,-0.9083165718083359,-1.1163093595945308
2113846,methodkg_v3_01830,projtxt_60b916538d4596e2,implicit_mmr,no_method_signal,-1.0200236269858056,-0.9699971099548389,-1.1049998600758364,0.5327073468112902,-0.923149134162635,-1.1663864616594752
2114824,methodkg_v3_01831,projtxt_cddf7e0cc0ad4502,qual_only,no_method_signal,-0.9335809241181311,-0.868315938219261,-1.3024178554696673,0.6135885150390644,-1.0388463204192793,-1.0786058809149082
2115138,methodkg_v3_01832,projtxt_322477d0381a6689,explicit_mmr,explicit_mmr,0.47466533010331313,-0.6413791481547336,-2.124191664470745,-0.8743970670827476,-2.3442530205976397,-2.7081086232978024
2115160,methodkg_v3_01833,projtxt_b40ebcd25b6e91b6,implicit_mmr,no_method_signal,-0.7625740613708364,-1.1478193007544641,-1.0217407302050643,0.6346972970923727,-0.8414353518322384,-1.515061925802341
2115579,methodkg_v3_01834,projtxt_baf70c75a8059db2,explicit_mmr,no_method_signal,-0.9399759712866698,-0.7706026228424968,-1.2119130207914621,0.26389382709564235,-0.9426712997065216,-1.0474297117790619
2115730,methodkg_v3_01835,projtxt_7763d695e0220998,explicit_mmr,no_method_signal,-0.6997131571240426,-0.9713013304097363,-1.1612531653370932,0.4627530318858685,-0.9763373077487935,-1.2895991698006144
2115921,methodkg_v3_01836,projtxt_f72f6ecc2a8b5b4d,implicit_mmr,no_method_signal,-0.718957317067409,-0.9201266837874684,-1.2145599945090453,0.4785831374776736,-0.9717168678077429,-1.294753694599226
2116110,methodkg_v3_01837,projtxt_b8b762d37efd596b,explicit_mmr,explicit_mmr,-0.21047343228638676,-0.9901870725741251,-1.524952232806923,-1.7225962539029331,-0.7919762428275602,-3.6577254780680124
2116118,methodkg_v3_01838,projtxt_8c65c85ff9a52003,explicit_mmr,no_method_signal,-0.6173581919986652,-1.0098633501590375,-1.0651457388324803,0.36265377035783225,-0.8583785999929697,-1.4497872279769746
2117224,methodkg_v3_01839,projtxt_a94ace5ca3dd0458,explicit_mmr,no_method_signal,-0.8462670717666361,-0.7525121922585073,-0.9816762104524299,0.17461175525856346,-0.902314020926655,-1.3253546949728885
2118077,methodkg_v3_01840,projtxt_a94ace5ca3dd0458,explicit_mmr,explicit_mmr,0.45755444568739706,-1.9111991395271977,-0.45022760635943493,-1.7989078800310467,-1.828055762724783,-2.870659401323726
2119007,methodkg_v3_01841,projtxt_e2130aa1f81e40cf,multi_method_not_mmr,no_method_signal,-1.0810357947740903,-0.7637559881238799,-1.150443822333319,0.4024955435612186,-1.0999911383738425,-0.9483930963205188
2120021,methodkg_v3_01842,projtxt_a022754d031d0071,explicit_mmr,explicit_mmr,-0.399895697263712,-1.3230001263861073,-1.3435419044191976,-1.1868788122396752,-0.9990391584898901,-1.40413297795589
2120742,methodkg_v3_01843,projtxt_341cbb6d07fed890,explicit_mmr,explicit_mmr,-0.134882280249146,-0.3142124289531107,-2.8065503876921687,-2.0426697103907054,-2.5351724451464523,-1.2472943648849102
2120849,methodkg_v3_01844,projtxt_9bc6cd06b64ed5f5,explicit_mmr,no_method_signal,-0.8307512746524852,-0.5014862607226305,-0.9945817967212381,0.056432291902882945,-1.277213642553257,-1.0737954092197115
2121277,methodkg_v3_01845,projtxt_5f6ee756fe5294a3,explicit_mmr,implicit_mmr,-1.2464916110940505,0.2275476388233343,-1.7758827154660737,-1.2012227854510926,-1.0433631131711294,-1.756807840690229
2121342,methodkg_v3_01846,projtxt_bd3f28e8b2018c36,explicit_mmr,no_method_signal,-0.7550074685334491,-0.5245588049702714,-1.0347690873028699,0.05784659485759412,-1.2108348205167832,-1.1574878245541143
2121351,methodkg_v3_01847,projtxt_1af6bfc9255aa9de,explicit_mmr,no_method_signal,-0.972867226513033,-0.8772945327310993,-1.0066475324387554,0.5406404252607386,-1.072873482451639,-1.2456782178928385
2121417,methodkg_v3_01848,projtxt_f2b63772d8f83b67,explicit_mmr,explicit_mmr,-0.3120685034684203,-0.9303348795144809,-1.5382279096250255,-0.7653245110276263,-1.9805776295960849,-1.4259909362992145
2121503,methodkg_v3_01849,projtxt_bd3f28e8b2018c36,explicit_mmr,no_method_signal,-0.6348360342222185,-0.5383921186549346,-1.1337629108344354,-0.07812074316132113,-1.194804401324368,-1.0392336069072838
2122212,methodkg_v3_01850,projtxt_f8eb65432ad22af1,multi_method_not_mmr,no_method_signal,-0.9774077200012253,-0.7796442588326469,-1.0245086627750923,0.3614317492901594,-1.019693664148837,-1.1943911124992235
2122213,methodkg_v3_01851,projtxt_f8eb65432ad22af1,multi_method_not_mmr,no_method_signal,-1.0033533085114406,-0.8571858277714008,-0.8956659695471862,0.4157038701718411,-1.0051041187064627,-1.2969195692128221
2122367,methodkg_v3_01852,projtxt_d91ba96bf3be8dad,explicit_mmr,no_method_signal,-1.0933908287503216,-0.7276125148863712,-1.1817090852091174,0.3902740530973519,-1.032619490397563,-0.974074748719957
2122665,methodkg_v3_01853,projtxt_c4dc8e729fcbc512,explicit_mmr,no_method_signal,-0.857851451916303,-0.8178010452703047,-1.1916612299045077,0.4075389322789135,-1.1173392849528432,-1.0588245286664892
2122828,methodkg_v3_01854,projtxt_7ba11606919f2bbc,explicit_mmr,explicit_mmr,1.264367795505831,-0.07091875811722909,-1.1864951446243932,-1.2941582317775944,-2.5418720224791382,-3.1763851136214702
2122874,methodkg_v3_01855,projtxt_8cd0116365c9c243,explicit_mmr,explicit_mmr,0.4582597948366299,-1.732879752131019,-2.265511062395631,-2.470408297824974,-0.3987316340542858,-2.3553847724353227
2122875,methodkg_v3_01856,projtxt_393e192b80fe79e8,explicit_mmr,explicit_mmr,0.3566789946001969,-0.6510934192395633,-1.2585295631789333,-1.663365636741539,-1.8133121368170566,-2.4427473412826224
2122924,methodkg_v3_01857,projtxt_076cf314259d5520,explicit_mmr,no_method_signal,-0.95577144744963,-0.7922566208385055,-1.3000860328826724,0.31505296237506525,-0.9811501818469088,-0.8973393168420833
2122934,methodkg_v3_01858,projtxt_960837423d999e65,qual_only,no_method_signal,-1.007860298516733,-0.7524608206109402,-1.213286141818241,0.4171883630828757,-1.0227891322751874,-1.054684870039494
2122985,methodkg_v3_01859,projtxt_37ffffa453bdff20,quant_only,no_method_signal,-1.0283043725940837,-0.7931433594149119,-1.4498136360307514,0.4886977490745588,-1.2675006275462488,-0.5856793276664265
2124215,methodkg_v3_01860,projtxt_b156643bcfceb157,quant_only,no_method_signal,-1.23252694119943,-1.0126345868786562,-1.1168988617124505,0.9841380405994853,-1.0161438777299747,-1.2560574576705217
2125362,methodkg_v3_01861,projtxt_a6c8a502f32182e2,multi_method_not_mmr,implicit_mmr,-1.8099919633265533,0.7699485576892158,-2.243505353620494,0.3463663113899628,-0.6427635296366673,-2.892240256040754
2126021,methodkg_v3_01862,projtxt_6b8158a3dd06913e,explicit_mmr,explicit_mmr,1.1631720499559912,-1.635962065720417,-1.988852072196386,-1.5059012621188272,-1.2347504987472508,-2.204517685285442
2126023,methodkg_v3_01863,projtxt_3c8703fae94f81f4,explicit_mmr,explicit_mmr,0.3591899327982516,0.3272034317208719,-2.6289944193934653,-1.65135289726551,-3.392337469807756,-1.005839688501643
2126031,methodkg_v3_01864,projtxt_1a9abc3d81e180f4,implicit_mmr,no_method_signal,-1.0140022667793964,-1.042209444808292,-1.2125243626849345,0.8976931375068093,-0.906474309900694,-1.3583197764757995
2126056,methodkg_v3_01865,projtxt_7c7a1bdd61db30bd,explicit_mmr,explicit_mmr,0.6526089731609036,-0.9551285289417725,-2.6980498679989964,-0.8153439798909419,-1.7147869778478937,-1.9886576722494649
2126082,methodkg_v3_01866,projtxt_ee752425eda11ee3,quant_only,no_method_signal,-1.25159878572528,-0.9046015790427709,-1.2516450839100872,0.8336015427390152,-1.0722636465340882,-0.9997985486271712
2126613,methodkg_v3_01867,projtxt_07dab8f0f0dbb436,qual_only,no_method_signal,-0.7781707358355664,-0.4944712612056506,-1.0273638068536886,-0.08480447939114226,-1.1615695610773455,-1.0758798174022575
2128203,methodkg_v3_01868,projtxt_6ff4baf5c6f79d00,implicit_mmr,no_method_signal,-0.991010239393972,-0.6929268496769749,-1.2722141795376198,0.48253776981216284,-1.2228148700174757,-0.9301316918710717
2128544,methodkg_v3_01869,projtxt_336f620aff41515b,implicit_mmr,implicit_mmr,0.3941119548843569,0.7465185367061583,-1.03698669256647,-1.46275057683902,-2.5320868126594345,-2.698850624285236
2128559,methodkg_v3_01870,projtxt_336f620aff41515b,implicit_mmr,implicit_mmr,0.1952142336866452,0.6370145609763366,-0.8829845021348002,-1.1020892079658278,-2.525530682988,-2.957912808867255
2128897,methodkg_v3_01871,projtxt_955719bccc529669,explicit_mmr,no_method_signal,-0.9405897259399889,-0.9176374007138992,-1.5358260927966954,0.6235797931345646,-1.1449674456951495,-0.7115595077076057
2129282,methodkg_v3_01872,projtxt_06e5e39682f324de,explicit_mmr,explicit_mmr,0.010373797096159224,-0.4801413702054755,-1.1775672123547531,-1.3986618613475028,-0.6643269855225685,-2.5912333659396913
2129308,methodkg_v3_01873,projtxt_06e5e39682f324de,explicit_mmr,explicit_mmr,-0.17536154281535304,-0.5711796945977867,-1.2836962524512585,-1.3081048803253654,-0.58063280895803,-2.3804744179889337
2129896,methodkg_v3_01874,projtxt_9e90a87deb59d7b8,explicit_mmr,no_method_signal,-0.9842401844135373,-0.8845593101175837,-1.4354218500306235,0.578913641597574,-1.1009410286967898,-0.8036932203045092
2130006,methodkg_v3_01875,projtxt_39e07fdac32f948c,qual_only,no_method_signal,-0.9015099488434708,-0.8358148659398472,-1.511412429972818,0.5479394929735782,-1.1523872114186953,-0.7795298385649798
2130022,methodkg_v3_01876,projtxt_de71e5fe2026e4cb,explicit_mmr,no_method_signal,-1.0445218031868693,-0.861766749916773,-1.4475302150330438,0.6102882241213962,-1.2189036875893564,-0.6691062854152587
2130073,methodkg_v3_01877,projtxt_280e5108ddad2562,explicit_mmr,no_method_signal,0.04316355714858136,-1.5162177276902216,-2.209649046395584,0.16365152203585762,-2.2465285313463923,-2.6378071178685216
2130169,methodkg_v3_01878,projtxt_41729695ca7eafdf,explicit_mmr,no_method_signal,-0.7996467374609934,-0.24048575661424224,-2.640208693573066,0.22170188920168757,-1.5369148734840694,-2.743100561612326
2130222,methodkg_v3_01879,projtxt_c0e74ffd4821cce5,explicit_mmr,explicit_mmr,0.3704837100234561,-1.7412088764234928,-2.421019458146692,-0.006320929698592584,-1.3776193010019797,-2.841950158276995
2130239,methodkg_v3_01880,projtxt_1988d3ee1b85435c,explicit_mmr,explicit_mmr,-0.050531184190762315,-0.9180551028630834,-1.8776925099408122,-0.14308385389278994,-1.0062308439711216,-2.6489576049415975
2130255,methodkg_v3_01881,projtxt_c0e74ffd4821cce5,explicit_mmr,explicit_mmr,0.330597902776505,-1.7199750248947352,-2.409144069938672,-0.03422088664252179,-1.3750781032161383,-2.8096616784250155
2130256,methodkg_v3_01882,projtxt_43223a9f6288015f,explicit_mmr,no_method_signal,-0.9828525866154099,-0.877334791052568,-1.3484953310650556,0.5196824316911438,-1.0923455484903966,-0.843850088640509
2130286,methodkg_v3_01883,projtxt_c0e74ffd4821cce5,explicit_mmr,explicit_mmr,0.23040783458448794,-1.8292208247994792,-2.379533190306477,0.1505899230706532,-1.3471541269414171,-2.856413587886168
2130290,methodkg_v3_01884,projtxt_471552f65ce03187,explicit_mmr,explicit_mmr,1.3393088476059434,-1.3627938305324903,-1.5853765079249238,-1.897160174085136,-1.5615157261552282,-2.8158158618138884
2130298,methodkg_v3_01885,projtxt_471552f65ce03187,explicit_mmr,explicit_mmr,1.3780437913545927,-1.458981410072759,-1.4868647561990056,-1.990258991174775,-1.5813563638912365,-2.7444783870046123
2130323,methodkg_v3_01886,projtxt_c0e74ffd4821cce5,explicit_mmr,explicit_mmr,0.330597902776505,-1.7199750248947352,-2.409144069938672,-0.03422088664252179,-1.3750781032161383,-2.8096616784250155
2130397,methodkg_v3_01887,projtxt_f82ee086f4412803,implicit_mmr,no_method_signal,-0.4270549007073952,-0.8700610561598765,-3.196468663571973,0.040024504096247734,-0.8654941176272136,-3.152027203736936
2130398,methodkg_v3_01888,projtxt_471552f65ce03187,explicit_mmr,explicit_mmr,1.3599130734448484,-1.4306709268644349,-1.5913687315900487,-1.973727747675523,-1.5064386831765,-2.7382981618241122
2130448,methodkg_v3_01889,projtxt_e60a72b57bf3d9ce,explicit_mmr,no_method_signal,-1.0181510647703766,-1.007634108583952,-1.3758576537168539,0.7292792690540851,-1.0598029640263935,-0.9092106233934445
2130461,methodkg_v3_01890,projtxt_5b14c7ec253be70a,explicit_mmr,no_method_signal,-0.9849648312873732,-0.9098119622086861,-1.5904057632854671,0.6525274909231099,-1.0262914334049353,-0.7680791570718465
2130479,methodkg_v3_01891,projtxt_7d25dee515174d75,quant_only,no_method_signal,-0.9859421669945756,-0.8854212446742261,-1.3364398799163022,0.5485191083262478,-1.0459452661396351,-0.926728353948698
2131097,methodkg_v3_01892,projtxt_4cbc11a4f15f35b2,implicit_mmr,no_method_signal,-0.9623630463415074,-0.8314711150166842,-1.1316751093557673,0.3328227326398842,-1.0654249889428449,-0.9864596940308065
2133190,methodkg_v3_01893,projtxt_a0b1764ed538601c,qual_only,no_method_signal,-0.9337389719085503,-1.0410209495485665,-1.2737696767856506,0.7472788720035834,-0.7535590747033075,-1.341300773719981
2133982,methodkg_v3_01894,projtxt_2880e457027f1848,explicit_mmr,no_method_signal,-0.5035504487365733,-0.6228709159648457,-1.544835925825876,0.2802926954305149,-0.7469533489796594,-1.4728937206794095
2134583,methodkg_v3_01895,projtxt_4582f6cc1b98ecc0,explicit_mmr,no_method_signal,-0.776802940406877,-0.5593541691284466,-1.069701824762696,-0.15839948639701634,-1.0421204498033236,-1.0053885990230436
2135431,methodkg_v3_01896,projtxt_53b19a8058734f2f,explicit_mmr,no_method_signal,-0.7817435393212185,-0.4820743678581108,-0.9757755501103756,-0.07833184107777393,-1.1531185549496181,-1.147808347071999
2135438,methodkg_v3_01897,projtxt_53b19a8058734f2f,explicit_mmr,explicit_mmr,0.9619083396942905,-0.8098680861963895,-1.7038276105458008,-1.3427577650740994,-3.3345482129728454,-2.3470311739257466
2136382,methodkg_v3_01898,projtxt_be5a0d8a4d7c1e4b,qual_only,no_method_signal,-0.8875640453913493,-0.4954097363198341,-1.0278497388474532,0.0401421544032617,-1.2300078452898442,-1.0250323712351606
2138463,methodkg_v3_01899,projtxt_af0f50a6a6e5f9b2,explicit_mmr,no_method_signal,-1.168945242803686,-1.0091243192841048,-1.1843684634425073,0.846050219690377,-1.150824313077211,-0.9872984404294566
2139106,methodkg_v3_01900,projtxt_6999f007aa5a724b,explicit_mmr,no_method_signal,-0.6905676453255712,-0.7511979450550905,-1.062031875386166,0.06528557827795686,-1.0393874635770417,-1.1494364371569246
2140246,methodkg_v3_01901,projtxt_d123840904cfc69c,explicit_mmr,no_method_signal,-0.7011172562293824,-0.9617444121708881,-1.051207260284189,0.36760973212297693,-1.3495479334932945,-0.9481315764274649
2140262,methodkg_v3_01902,projtxt_1f7f4df7e0003f37,explicit_mmr,no_method_signal,-0.9646181845028164,-0.623143687832961,-1.2632996451171676,0.4302424661091881,-1.2431149174035556,-0.9709349583082568
2140867,methodkg_v3_01903,projtxt_d123840904cfc69c,explicit_mmr,no_method_signal,-1.1089988367399606,-1.016869510023116,-0.9870273935520746,0.5769450553892446,-1.1095211833964074,-1.013802753712212
2140901,methodkg_v3_01904,projtxt_f418bbf041a4242b,explicit_mmr,explicit_mmr,0.7408837007928682,0.22397392492628934,-1.3295286103242867,-2.0595659413342915,-1.5796318632275825,-2.596309420570624
2140902,methodkg_v3_01905,projtxt_f418bbf041a4242b,explicit_mmr,explicit_mmr,0.530315036905519,-0.03871946239504109,-1.4916181181698227,-1.7988094922613154,-1.5306396915518137,-2.27030203241037
2140903,methodkg_v3_01906,projtxt_f418bbf041a4242b,explicit_mmr,explicit_mmr,0.7438975852578652,0.023724984724417326,-1.370365348528363,-1.8517998876822523,-1.5386270236872084,-2.61870054354909
2140904,methodkg_v3_01907,projtxt_f418bbf041a4242b,explicit_mmr,explicit_mmr,0.5543353753893231,0.1436040480366755,-1.4389470005438485,-1.860836588015134,-1.5647352895348015,-2.4469729737711523
2140905,methodkg_v3_01908,projtxt_f418bbf041a4242b,explicit_mmr,explicit_mmr,0.48909489786597066,-0.11972161899324904,-1.5073728155703596,-1.655402616564091,-1.4767730269689707,-2.3398500493264454
2141682,methodkg_v3_01909,projtxt_de709f4ca1737eae,explicit_mmr,implicit_mmr,-1.6961195779489338,-0.4199604931499217,-1.589242571295561,-1.9705907428351015,-0.8441569154511902,-1.597872035515249
2141716,methodkg_v3_01910,projtxt_d5e7333f244f531c,implicit_mmr,no_method_signal,-0.8246271452767958,-0.7350441882791304,-1.268972943847617,0.35931222281303493,-1.05661419705983,-1.1188705411331656
2141724,methodkg_v3_01911,projtxt_d5e7333f244f531c,implicit_mmr,no_method_signal,-0.7608764479410625,-0.6938558490318177,-1.047872230266377,0.3087444519071087,-1.2100944165673466,-1.2438560988006446
2141727,methodkg_v3_01912,projtxt_d5e7333f244f531c,implicit_mmr,no_method_signal,-0.849709036395925,-0.7834394123835222,-0.8153077549060519,0.34297325088721314,-1.1754459014236345,-1.371575974357526
2141952,methodkg_v3_01913,projtxt_1f298c43c0165eef,implicit_mmr,no_method_signal,-0.8487750566311469,-0.6655758995985652,-1.2925012288507804,0.2717231865137176,-1.015429291088788,-1.0771309045224462
2141975,methodkg_v3_01914,projtxt_9ff7049ab6a05198,explicit_mmr,explicit_mmr,2.2417153553344433,-1.4571287257196697,-1.585830499268313,-2.1240620708157962,-3.487023606488011,-1.5416102340323652
2142108,methodkg_v3_01915,projtxt_be97e82f9b8f895b,implicit_mmr,no_method_signal,-0.8273927581901624,-0.4840234580273389,-1.057314137686156,0.010194238850497845,-1.2417438292014147,-1.0209675376652574
2142214,methodkg_v3_01916,projtxt_c648beebfa74f678,explicit_mmr,explicit_mmr,2.3039235306728783,-3.2766512226919535,-1.517195019019308,-1.9381971004860559,-3.291592448258391,-2.250975402304827
2142262,methodkg_v3_01917,projtxt_be97e82f9b8f895b,implicit_mmr,no_method_signal,-0.7767831380374389,-0.4872467421406348,-0.9404372878881206,-0.14403568929757243,-1.1529740808709523,-1.1160366857382573
2142276,methodkg_v3_01918,projtxt_9ff7049ab6a05198,explicit_mmr,explicit_mmr,2.162931220296342,-1.4038799812062428,-1.6175305923772167,-2.094766160551255,-3.6229790053953783,-1.3788358919880457
2142277,methodkg_v3_01919,projtxt_be97e82f9b8f895b,implicit_mmr,no_method_signal,-0.8021692992774043,-0.3724346986375095,-1.0505511836337338,-0.2790385716539043,-1.1384241730340843,-0.9673631806490973
2142311,methodkg_v3_01920,projtxt_f1f8b6c8448ac158,explicit_mmr,no_method_signal,-0.8721595148639201,-0.477363002108272,-1.0132062310670737,-0.05310010155984217,-1.1310620496869188,-1.0817112841013217
2142324,methodkg_v3_01921,projtxt_f1f8b6c8448ac158,explicit_mmr,multi_method_not_mmr,0.07127984214571347,-0.6495087852457349,0.26724656460809165,-1.7117405708799807,-3.3763961503095863,-2.809274872157992
2142344,methodkg_v3_01922,projtxt_c648beebfa74f678,explicit_mmr,explicit_mmr,2.662241163082365,-3.08979923816765,-1.5641216039402281,-2.289811307643543,-3.442168419619978,-2.2307369157214043
2142416,methodkg_v3_01923,projtxt_9ff7049ab6a05198,explicit_mmr,explicit_mmr,2.2592337630905557,-1.4475395966504696,-1.6984646392264078,-2.243757876802533,-3.3659090786182615,-1.4568633002350573
2142436,methodkg_v3_01924,projtxt_9ff7049ab6a05198,explicit_mmr,explicit_mmr,2.2049566126528797,-1.4447836202540025,-1.5548190004915063,-2.0496249288910633,-3.5116841740520863,-1.5936839507472589
2142439,methodkg_v3_01925,projtxt_2cfcd75540e543fa,implicit_mmr,no_method_signal,-0.7803593026241992,-0.49580406286374584,-0.928967505501023,-0.114920836550841,-1.1071004333599845,-1.1994228407279124
2142490,methodkg_v3_01926,projtxt_2cfcd75540e543fa,implicit_mmr,no_method_signal,-1.0429603224670194,-0.9771240910108805,-0.9876634689774524,0.5932075334563855,-0.9834999982388556,-1.253282843192826
2142503,methodkg_v3_01927,projtxt_2cfcd75540e543fa,implicit_mmr,no_method_signal,-0.9427702542750023,-0.8678782911061365,-1.0172743486096478,0.40839672374321045,-1.0114239745135767,-1.2065309337316734
2142594,methodkg_v3_01928,projtxt_2cfcd75540e543fa,implicit_mmr,no_method_signal,-0.7452413806403914,-0.5139990457017092,-0.9633673629204343,-0.10261973523331058,-1.1239032200988341,-1.1783035166561253
2142628,methodkg_v3_01929,projtxt_fe73a744083b8f37,multi_method_not_mmr,no_method_signal,-0.7586251797712454,-0.45863748056047277,-0.9434923941588698,-0.1048082878569599,-1.187714866338046,-1.1664444702341341
2142641,methodkg_v3_01930,projtxt_5938e26505138f2b,explicit_mmr,no_method_signal,-0.872677158321016,-0.7680487328263552,-1.0362584120709508,0.3558296155475636,-1.1007974587263605,-1.1989263084316861
2142659,methodkg_v3_01931,projtxt_eb3a2bbf1dbf5bb1,qual_only,explicit_mmr,-0.2800761044020592,-0.3834844799678087,-1.1994951039876403,-1.82806748831692,-2.215449208355373,-1.6288777351605963
2142697,methodkg_v3_01932,projtxt_8c2e4c9a05f1ae7c,explicit_mmr,explicit_mmr,1.5293539962244496,-1.3147763103215686,-1.5825350630697723,-1.8288036416018194,-2.6689406481643903,-2.5615794200404847
2142780,methodkg_v3_01933,projtxt_2029f139e7b3d305,no_method_signal,no_method_signal,-0.7882450990819266,-0.5161050308610601,-0.9516699322810239,-0.08596047003578715,-1.0681610289117254,-1.2180107601576886
2142783,methodkg_v3_01934,projtxt_2cfcd75540e543fa,implicit_mmr,explicit_mmr,1.0582723268983598,-1.0635635759738065,-0.9206492492910815,-1.502129935053301,-1.0962495090987268,-2.777766341733585
2143173,methodkg_v3_01935,projtxt_196bc9f4fba87290,implicit_mmr,no_method_signal,-1.097267193345642,-1.1399100070901598,-1.1686366860719208,0.7306813574265705,-0.8758891285397586,-1.1222242290056914
2143671,methodkg_v3_01936,projtxt_2e22a767ba55d21b,explicit_mmr,explicit_mmr,1.0678822840652449,-1.1832132607047934,-2.269814296287941,-1.4609602687712444,-2.373781506828213,-1.9905981052920272
2144618,methodkg_v3_01937,projtxt_53252dea6039c382,explicit_mmr,no_method_signal,-0.7447730370667615,-0.8727058376938124,-1.1486919339718857,0.23621325940101087,-0.8337528168921424,-1.2699936359826676
2144698,methodkg_v3_01938,projtxt_1c4ad824abd37597,qual_only,no_method_signal,-0.8939529610542092,-0.9236327943003854,-1.229801303984087,0.32045071254056623,-0.6618888860758326,-1.268500122016714
2145105,methodkg_v3_01939,projtxt_a31ae40c6a4f376a,explicit_mmr,explicit_mmr,-0.24656323466903246,-0.3843336745636723,-1.5331176827389146,-0.9546871680822402,-2.14721714979257,-2.194722888480993
2146269,methodkg_v3_01940,projtxt_3a733e772c3d11ef,multi_method_not_mmr,no_method_signal,-0.9663744823837148,-1.0809040545532023,-1.2528943224396067,1.1309943744931947,-0.9486717153115247,-1.5190857022659847
2146359,methodkg_v3_01941,projtxt_3802f8a6df083c7d,no_method_signal,no_method_signal,-0.9936417703890591,-1.0286551523205654,-1.1375130417704584,1.1935315565024947,-1.11039077616074,-1.5675694671831693
2147625,methodkg_v3_01942,projtxt_19909884a8ed056f,explicit_mmr,no_method_signal,-0.9223295390157124,-0.6193339982269017,-0.9304778694508105,0.0855989324066216,-0.8605239838552677,-1.373296532271531
2147810,methodkg_v3_01943,projtxt_db817d794945bb64,explicit_mmr,qual_only,-0.3608314840535159,-1.0381736816777223,-1.2711670085009954,-1.7623815710961122,-0.23175846644020526,-2.4597807307108317
2147811,methodkg_v3_01944,projtxt_db817d794945bb64,explicit_mmr,qual_only,-0.37265957215974993,-0.9179586966111515,-1.359543982124817,-1.6577249173168944,-0.3612633116462813,-2.452935072171577
2148014,methodkg_v3_01945,projtxt_a09c1ae4960793b4,implicit_mmr,explicit_mmr,0.5146320853351485,-0.22273429216668136,-1.9061957774712366,-1.872366784958527,-1.2211676541573355,-2.7931798389158
2148023,methodkg_v3_01946,projtxt_5adae2fadc334014,explicit_mmr,no_method_signal,-2.347339896913693,-0.36848218967205904,-2.4453657544665144,-0.11263216434876065,-0.38528745413207793,-0.9236396401664032
2148451,methodkg_v3_01947,projtxt_36ab7101f2ed0911,explicit_mmr,implicit_mmr,-0.39959164936292224,0.5939963210253343,-1.1050732599093278,-1.3651610448723501,-1.5472504646923224,-2.5311749607644134
2148543,methodkg_v3_01948,projtxt_ebebf52da73bf870,explicit_mmr,no_method_signal,-1.0485343947863655,-0.5069857436506787,-1.0556759637429338,0.24596648315040828,-0.9983708549699126,-1.2607192050894274
2148560,methodkg_v3_01949,projtxt_3838d54ebeeaa25d,explicit_mmr,no_method_signal,-1.028131525685958,-0.480078528748784,-1.0629904580919505,0.0740761572495086,-0.9161329902984794,-1.2056103025889902
2148561,methodkg_v3_01950,projtxt_3838d54ebeeaa25d,explicit_mmr,no_method_signal,-0.9756709172860205,-0.3474738419193302,-1.206936069449174,-0.08850859793258538,-0.8421119400383373,-1.1592261750699007
2148680,methodkg_v3_01951,projtxt_6afba1da78ad9bd2,explicit_mmr,explicit_mmr,0.059929825413812254,-0.30929693194550184,-1.081011420008425,-1.5365910042341133,-1.0665531420997747,-2.9917394316290435
2148777,methodkg_v3_01952,projtxt_132fd48ef54305c6,implicit_mmr,no_method_signal,-1.0819602632614584,-0.6787159279126448,-0.8438259539919977,0.2895539357588121,-0.8398972879550181,-1.480264003133157
2149356,methodkg_v3_01953,projtxt_8eb705654915c8db,explicit_mmr,no_method_signal,-1.020661560334086,-0.4656771850645679,-1.0997177586735667,0.14025929505406293,-0.9018792489391915,-1.2700086551803345
2149370,methodkg_v3_01954,projtxt_0c24ad49e42496c2,multi_method_not_mmr,no_method_signal,-1.0251561428573455,-1.0222326576547596,-0.8927464640455876,0.7065028803270342,-1.20282078272433,-1.2060807971860414
2150045,methodkg_v3_01955,projtxt_0acd2557f2b8f9b9,explicit_mmr,explicit_mmr,0.9481568455973363,-0.04018071591079431,-2.2866467305805807,-1.494375485884941,-1.9147150268392892,-2.5179249513320103
2150088,methodkg_v3_01956,projtxt_5339dd83bf4d38b5,multi_method_not_mmr,no_method_signal,-1.2386641412469381,-0.9440167036602235,-1.1685307572503407,0.8262789634931206,-1.2021622744184448,-0.933847199630581
2150297,methodkg_v3_01957,projtxt_a0b1764ed538601c,qual_only,no_method_signal,-0.8189522704537331,-1.0122295722933676,-1.1309259233074085,0.5242354684737152,-0.7360757628924062,-1.4139631234386263
2150323,methodkg_v3_01958,projtxt_477a46831b8c289c,explicit_mmr,explicit_mmr,-0.16834031783034759,-0.8252712319906863,-1.1868153638562597,-0.815520103099158,-1.6584202588506338,-2.996820687776236
2150337,methodkg_v3_01959,projtxt_77e8248b1eada888,multi_method_not_mmr,no_method_signal,-1.2227871969716555,-1.0673572674448197,-0.9415017101326209,0.7512005197745568,-1.2230070635467758,-0.9575776983791551
2150449,methodkg_v3_01960,projtxt_1171d7806154c2bd,quant_only,no_method_signal,-1.2678630133697957,-1.0626280575578986,-1.2091302703123685,0.7043042683016445,-0.9384299488113891,-0.8841671526545488
2150961,methodkg_v3_01961,projtxt_55c5f2f94d21294b,multi_method_not_mmr,no_method_signal,-0.9303496148726452,-1.0109280703385446,-0.991764904026752,0.6533651923761734,-1.2378425596401756,-1.1280988977282875
2151012,methodkg_v3_01962,projtxt_7f920699dc4bf5ac,explicit_mmr,explicit_mmr,0.9448319984208008,-0.9348705214337407,-3.7236460657217996,-1.1151473374363694,-1.4414703501083503,-1.6271131621466464
2151045,methodkg_v3_01963,projtxt_7f920699dc4bf5ac,explicit_mmr,explicit_mmr,0.8578414810010666,-0.9018995604394304,-3.80509465008239,-1.1648654524565187,-1.3538474048259916,-1.531178833276171
2151046,methodkg_v3_01964,projtxt_888d4c5875cabefe,qual_only,explicit_mmr,1.258240311231334,-1.1151244739202046,-2.716719891596719,-0.05807891120487067,-1.6805105325622958,-1.7394717286564025
2151056,methodkg_v3_01965,projtxt_7f920699dc4bf5ac,explicit_mmr,explicit_mmr,0.9393718216291802,-0.99534816886878,-3.744276873765507,-1.2326124534425407,-1.285610420445308,-1.5817419063606326
2151057,methodkg_v3_01966,projtxt_7f920699dc4bf5ac,explicit_mmr,explicit_mmr,0.8260658417661924,-0.8914444823669665,-3.713464805592981,-1.0939343441575253,-1.359602686974624,-1.6638111006080645
2151061,methodkg_v3_01967,projtxt_4cfd4b6d505f55b3,qual_only,no_method_signal,-0.9945773341779423,-1.0901286988288972,-0.896182595978074,0.6864180132594501,-1.1684036369034694,-1.1804496866228857
2151141,methodkg_v3_01968,projtxt_fc68a9c0751b8fe4,multi_method_not_mmr,no_method_signal,-1.0803584614730752,-0.9455878456791801,-1.0133898159404853,0.6630146231801356,-1.1432924069625199,-1.1239592391012923
2151404,methodkg_v3_01969,projtxt_538a1cff5f8ead0a,qual_only,no_method_signal,-1.0741203959296233,-1.075483243310014,-1.3107702311228537,0.7720110765559164,-0.8325760596278603,-1.137996105118763
2152260,methodkg_v3_01970,projtxt_df84d276cc743060,multi_method_not_mmr,no_method_signal,-0.9535718179010492,-0.8787543496985998,-1.2637560057822734,0.7698175063532564,-0.9327684658103736,-1.3565153439129056
2152282,methodkg_v3_01971,projtxt_431f920df327edc2,explicit_mmr,no_method_signal,-0.8667757692954606,-0.6362163600308912,-0.9517824509410157,0.2100370820598423,-1.1917815314195195,-1.2186977708738198
2152441,methodkg_v3_01972,projtxt_ad0f5b40bac18736,quant_only,no_method_signal,-1.0651691871999045,-1.0863406596936427,-1.3219974531963223,0.5617221374246906,-0.6875403381012538,-1.050986984408834
2154606,methodkg_v3_01973,projtxt_d0266d2f9815405a,quant_only,no_method_signal,-0.8159452180096985,-0.9267081275697139,-1.1740826641774618,0.4071067607253652,-0.8482422655253987,-1.2279335871192507
2200365,methodkg_v3_01974,projtxt_8f8962d649aef2dd,no_method_signal,no_method_signal,-0.8942400884672737,-1.1956943457347702,-0.8583916305682409,0.47853226905726803,-1.1194014569498747,-1.0607387895501088
2200748,methodkg_v3_01975,projtxt_42fcab296c9dc2ab,implicit_mmr,no_method_signal,-0.9765151107701754,-0.5549642594274173,-1.0423366747018183,0.24912489012417782,-1.2528397603240828,-1.055016083185931
2200781,methodkg_v3_01976,projtxt_3bb0c94e44ae048e,quant_only,no_method_signal,-0.7025523365993477,-0.5979778245288224,-1.2580383092221754,-0.16917413002299514,-0.7830598208873221,-1.0887958456370426
2200815,methodkg_v3_01977,projtxt_8698a8eba9997145,explicit_mmr,multi_method_not_mmr,-0.3517867576017494,-2.623550528952447,-0.11622240306190602,-1.6846592005747432,-0.5667208255962276,-1.804382205269272
2200830,methodkg_v3_01978,projtxt_c582ced844faf43d,explicit_mmr,explicit_mmr,-0.3678338853285393,-0.5726964754530263,-0.8477228272635914,-2.112359285871136,-0.8411895936585886,-2.4198735997211376
2200887,methodkg_v3_01979,projtxt_eda576af515214e1,qual_only,no_method_signal,-0.7471585016315742,-0.7866744132496353,-1.2618495136818593,0.11901422688715378,-0.9402581627960824,-0.9905699098104792
2200928,methodkg_v3_01980,projtxt_bb8108245d917e2c,explicit_mmr,no_method_signal,-0.6580428949223656,-0.9039282993360448,-1.1509255675283825,0.09719953669765381,-0.8342635792530442,-1.181420956621858
2201051,methodkg_v3_01981,projtxt_a113c712299ea479,implicit_mmr,no_method_signal,-0.7584633788444974,-0.7943940659091594,-1.1423830022908166,0.15239737360148845,-0.8834765981301785,-1.205042226255835
2201545,methodkg_v3_01982,projtxt_d2b2b3789aa747bf,explicit_mmr,explicit_mmr,0.4989997366222826,-0.21366002131030756,-2.1322249805708666,-1.4217578628399543,-1.335791366060597,-2.58885608366659
2201576,methodkg_v3_01983,projtxt_d2b2b3789aa747bf,explicit_mmr,no_method_signal,-1.004567546371626,-0.6583659606773298,-1.222868555382391,0.12891026027889352,-0.9009618448919837,-0.9713292967905626
2201641,methodkg_v3_01984,projtxt_0d48f899e9cb1bd3,qual_only,no_method_signal,-0.29964912880055994,-0.8909462761553882,-1.5545191371947664,0.18848688259829527,-0.7410438504155981,-1.3096670583928054
2201642,methodkg_v3_01985,projtxt_0d48f899e9cb1bd3,qual_only,no_method_signal,-0.3893569581722312,-0.9255627170356983,-1.414249436937318,0.3212992470686623,-0.6850441822352776,-1.5481020431583936
2201700,methodkg_v3_01986,projtxt_20cf65e1e62e2dcc,explicit_mmr,explicit_mmr,3.022388625029911,-2.2299418011291987,-1.2414761443246123,-1.8665649452248538,-3.4986317847800854,-2.6542202844141487
2201701,methodkg_v3_01987,projtxt_20cf65e1e62e2dcc,explicit_mmr,explicit_mmr,3.0584811752785117,-2.2494599810490024,-1.1399412223293475,-2.04298197689414,-3.414978608817597,-2.6731201114046956
2201764,methodkg_v3_01988,projtxt_1219af38023ab874,explicit_mmr,explicit_mmr,1.4249798976435646,-1.001005097961195,-2.509332339792666,-1.5137394100746027,-2.8381765231814367,-2.4658199041285256
2201765,methodkg_v3_01989,projtxt_1219af38023ab874,explicit_mmr,explicit_mmr,1.5992735762110022,-0.9158877146974727,-2.571957799733916,-1.7499994809841046,-2.789653865241661,-2.457070534708321
2201792,methodkg_v3_01990,projtxt_42f70d25d7c21cd4,qual_only,no_method_signal,-0.36904271798773025,-0.6186088175363457,-1.4595881904975754,-0.34641279353626125,-0.710444188268719,-1.1399661045029257
2201793,methodkg_v3_01991,projtxt_42f70d25d7c21cd4,qual_only,no_method_signal,-0.4242399691278926,-0.8214032018068004,-1.2168303647176293,-0.1594941050027031,-0.6673813645500383,-1.3594571904229418
2201794,methodkg_v3_01992,projtxt_42f70d25d7c21cd4,qual_only,explicit_mmr,-0.3844563754100778,-0.544935055240335,-1.3548891700075512,-0.42663326526806805,-0.6997673303648974,-1.2219759015257305
2201795,methodkg_v3_01993,projtxt_42f70d25d7c21cd4,qual_only,explicit_mmr,-0.3434510690416119,-0.5913684395489138,-1.52959164275864,-0.35474197676406294,-0.6310818111397999,-1.1903030843715394
2201858,methodkg_v3_01994,projtxt_b670210f3bbfd279,qual_only,no_method_signal,-0.4536070616431857,-0.6672629795256908,-1.3042680885190365,-0.3281769258025919,-0.7399061715658491,-1.1323030261028089
2201859,methodkg_v3_01995,projtxt_b670210f3bbfd279,qual_only,explicit_mmr,-0.3671123961883685,-0.5214292837668957,-1.5525342590001474,-0.4426091891750073,-0.5893702703289646,-1.1480555580793543
2201929,methodkg_v3_01996,projtxt_75a2825143ef99e4,qual_only,no_method_signal,-0.7123781322079832,-0.5087711268687277,-0.9979961589337702,-0.1189714855361788,-1.1488821075214644,-1.1351532007115064
2201930,methodkg_v3_01997,projtxt_75a2825143ef99e4,qual_only,no_method_signal,-0.8125682004000003,-0.6180169267734718,-0.9683852793015748,0.06583932417699621,-1.120958131246743,-1.181905110172659
2201943,methodkg_v3_01998,projtxt_81f833f7dde7cbe3,qual_only,explicit_mmr,0.2367201271286138,-2.1648197627359878,-1.1894943126389423,-1.8942663698762967,-0.5721478676179044,-2.5017698299127415
2201993,methodkg_v3_01999,projtxt_2f4fd8add58db18a,multi_method_not_mmr,no_method_signal,-0.8331955410146377,-0.9986427449335553,-1.2697883927593607,0.9253949446980567,-1.2677244073477263,-1.2074048877610448
2202156,methodkg_v3_02000,projtxt_c6c6e70bff78d798,qual_only,no_method_signal,0.13019096313148204,-1.1428260864972108,-2.0106662394281702,0.8199788471516544,-1.5690997812405876,-2.133726738503866
2202169,methodkg_v3_02001,projtxt_f50ac8fcdd6771fb,explicit_mmr,no_method_signal,-0.950712930465988,-1.0659572127792343,-1.2372422099539349,0.9497560185132838,-1.1858455926348186,-1.1609302122783418
2203386,methodkg_v3_02002,projtxt_8088c7349e2bdc74,implicit_mmr,no_method_signal,-0.7879068737913181,-0.6395805824392606,-1.3503389045181646,0.02712499365171981,-0.8435294820626583,-1.0145011151311527
2204462,methodkg_v3_02003,projtxt_3a47dd4717585fe3,multi_method_not_mmr,no_method_signal,-1.1290359720001306,-0.8115901162280577,-1.1381064574362942,0.6481060967056398,-1.1457520183921281,-1.0700376566640075
2204537,methodkg_v3_02004,projtxt_f4bd10bd6dd6600d,multi_method_not_mmr,no_method_signal,-1.0446663167528434,-0.5821733195100127,-1.1420500029460308,0.36447028115358876,-1.2633857367178236,-0.959045332247506
2205001,methodkg_v3_02005,projtxt_169a618bbc290508,explicit_mmr,qual_only,-0.31337219198290334,-2.013237051072589,-2.4173480301770436,-2.861774024473971,-0.26142874276762523,-2.0967231022303796
2205612,methodkg_v3_02006,projtxt_daf1a5e1ef2f85ac,quant_only,no_method_signal,-0.8244453949493988,-1.1128167287790822,-0.8276430136395536,0.3737749608197813,-1.138514461721632,-1.1095980397374616
2207219,methodkg_v3_02007,projtxt_514fa3d69828b903,implicit_mmr,no_method_signal,-1.1040059315100936,-0.8753296043215639,-1.0543893381763205,0.29323596733346696,-1.149179600645674,-0.7538938653545273
2207408,methodkg_v3_02008,projtxt_d8d21047274dc792,implicit_mmr,implicit_mmr,-0.00357873989299521,0.22420862931847094,-1.7806096657073842,-2.7146540355468423,-1.8192907370527662,-2.0656769787785993
2207795,methodkg_v3_02009,projtxt_0240ff43f165b15f,multi_method_not_mmr,no_method_signal,-0.5302169330912891,-0.6029642980450307,-1.4083674241233086,-0.010992533301138379,-1.1157207475822906,-0.9855883985745783
2211032,methodkg_v3_02010,projtxt_b3668904556b5a44,explicit_mmr,qual_only,-0.2745841404459905,-1.9199112489137697,-3.0643238409742457,-1.183918097736934,1.0224958103830355,-1.8733236941195772
2214418,methodkg_v3_02011,projtxt_66407568b973edf3,quant_only,no_method_signal,-1.062029990731937,-0.8090273102135583,-1.2040443310153541,0.5077485818828682,-1.1530958975620214,-0.9289211502901947
2214516,methodkg_v3_02012,projtxt_0f18cb466b6dc8db,explicit_mmr,implicit_mmr,-0.9246353084347644,-0.3511739410384001,-1.4475760001373563,-0.7175411421374507,-0.916911387955814,-2.4888862516016372
2214740,methodkg_v3_02013,projtxt_9481330a90d987fd,explicit_mmr,implicit_mmr,-1.651304384450651,0.05561758449938149,-0.6168199051416257,-1.642673382994923,-0.10309044515123914,-2.969054618697584
2215050,methodkg_v3_02014,projtxt_52611599e9fa7975,implicit_mmr,no_method_signal,-0.8378580889505877,-0.6907491741075844,-1.2359144428051256,0.016320029049257806,-0.9950611845062566,-0.8816720254427627
2215084,methodkg_v3_02015,projtxt_e8f321543b811489,explicit_mmr,explicit_mmr,0.48021224050115596,-1.8078198731722217,-0.8853168528181361,-2.299792560139622,-1.255508137032692,-1.6707271613148218
2215166,methodkg_v3_02016,projtxt_8b002a1b0fb09175,explicit_mmr,no_method_signal,-0.7586251797712454,-0.45863748056047277,-0.9434923941588698,-0.1048082878569599,-1.187714866338046,-1.1664444702341341
2215167,methodkg_v3_02017,projtxt_9a964ab1920e4e4d,explicit_mmr,implicit_mmr,-2.3910849439176207,0.429887620271452,0.10036260826483233,-0.26379494900431,-1.1574832184283028,-2.2949019946879416
2215592,methodkg_v3_02018,projtxt_1ae2b088bd46eaee,multi_method_not_mmr,no_method_signal,-0.6713696731176813,-1.0191655790107623,-1.003116575753409,0.36141452389057993,-0.8634413158069495,-1.443179540220863
2215653,methodkg_v3_02019,projtxt_57dc63f6fd596822,explicit_mmr,explicit_mmr,0.04531008554450708,-1.8222155564003808,-0.28671631838323464,-1.3350579470817385,-0.9948123736469925,-3.149573948985987
2215654,methodkg_v3_02020,projtxt_57dc63f6fd596822,explicit_mmr,explicit_mmr,0.08042800752831492,-1.8404105392383443,-0.32111617580264595,-1.322756845764208,-1.0116151603858419,-3.1284546249141996
2215655,methodkg_v3_02021,projtxt_57dc63f6fd596822,explicit_mmr,explicit_mmr,0.0880027400734413,-1.7814603903095725,-0.3123286301006605,-1.3595636313265331,-1.010972613885978,-3.167830252381632
2215656,methodkg_v3_02022,projtxt_57dc63f6fd596822,explicit_mmr,no_method_signal,-0.8627033527917414,-0.8667144903025071,-0.9224449034815827,0.24617488976591972,-0.9049239279942268,-1.3238537998494624
2215970,methodkg_v3_02023,projtxt_8b002a1b0fb09175,explicit_mmr,explicit_mmr,1.3648570350060873,-1.649940675888531,-2.4627684215210275,-1.6602425963540093,-1.958145855087475,-1.536010337806937
2216031,methodkg_v3_02024,projtxt_8b002a1b0fb09175,explicit_mmr,no_method_signal,-0.7780567181668813,-0.5001324487989011,-0.9746909335984015,-0.1628392080941733,-1.169564837408966,-1.039773557531178
2216121,methodkg_v3_02025,projtxt_8b002a1b0fb09175,explicit_mmr,no_method_signal,-0.7239306631211243,-0.555618783928197,-1.0398852131188776,0.029605769562634943,-1.2137931762581347,-1.130556841961177
2216351,methodkg_v3_02026,projtxt_4951c359f723d6d9,explicit_mmr,no_method_signal,-0.8085859649295186,-0.5211479989018778,-1.1409698364674488,0.08278769874455245,-1.2100910731414538,-1.024818901078897
2217640,methodkg_v3_02027,projtxt_b9b032e6c70cb3f8,multi_method_not_mmr,no_method_signal,-1.0585089158035326,-1.1078060427884,-1.2933541302175537,0.44770261436530223,-0.5877172646536791,-1.02423253981422
2217718,methodkg_v3_02028,projtxt_df294f347f1cb815,implicit_mmr,no_method_signal,-1.3183693498800233,-1.0475704318988484,-1.2555579436605493,0.8025627296512458,-0.5933089856407331,-1.2521680097585428
2217745,methodkg_v3_02029,projtxt_502b37e67d421531,explicit_mmr,no_method_signal,-1.134235251507738,-1.013933200272557,-1.1125108249772435,0.5596663506087917,-0.6872227677323023,-1.264483179235263
2219012,methodkg_v3_02030,projtxt_1f9ce2cc33a9eaf7,implicit_mmr,no_method_signal,-0.7214052307780646,-0.5461388001841996,-0.9865942100892966,-0.13378685407822932,-1.1003297878253064,-1.1397151690089042
2219271,methodkg_v3_02031,projtxt_fd976807f2912bb6,explicit_mmr,explicit_mmr,0.33825003841700946,-1.2036222023061391,-1.0688998557257035,-0.9668546421994224,-1.7448819075425195,-2.3683277703322863
2219389,methodkg_v3_02032,projtxt_e9834022dd097e3e,implicit_mmr,no_method_signal,-1.017548296919247,-0.6694691927834215,-1.0315419409127222,0.27899996486657436,-0.9988962926021466,-1.1764339946244238
2219522,methodkg_v3_02033,projtxt_35ec6a8146a5442e,multi_method_not_mmr,no_method_signal,-1.0446988475066752,-0.9955107429973552,-1.345083267691381,0.6056574948841039,-1.0421508164074995,-0.8125616626995642
2221149,methodkg_v3_02034,projtxt_f1135e05c3bdf345,explicit_mmr,implicit_mmr,-1.1011038240947195,0.16183231285663593,-3.379003651371474,-0.0909158806297616,-1.8657130607470163,-2.500363806372205
2221153,methodkg_v3_02035,projtxt_06904ed0cd8c86ff,explicit_mmr,no_method_signal,-0.9739131796397305,-0.9013417906585527,-1.5712814193618587,0.6255300543729572,-1.06018696393478,-0.7463064737287244
2221163,methodkg_v3_02036,projtxt_dff26592f6d5e1cd,quant_only,no_method_signal,-1.0570164099515558,-0.8666329413081483,-1.4858082435283226,0.6756193493498931,-1.1817237010170512,-0.7161890356493043
2221177,methodkg_v3_02037,projtxt_fb65cb9f8e5d92d7,explicit_mmr,no_method_signal,-0.9068309033102007,-0.7461780472780544,-1.65293918270795,0.4230379249931601,-0.9609968838249728,-0.7849702803828684
2221187,methodkg_v3_02038,projtxt_c69661694c8c0752,explicit_mmr,no_method_signal,-1.0687166176446967,-0.8837946560688705,-1.377358117626529,0.7167509151548387,-1.134110254857592,-0.8938155763446871
2221242,methodkg_v3_02039,projtxt_29ea6b928720fe7d,explicit_mmr,no_method_signal,-0.9847267686211318,-0.8850301772190365,-1.4360075187922796,0.5791918177092011,-1.1014676635365832,-0.8042011099859748
2221262,methodkg_v3_02040,projtxt_e14211b9ae068720,explicit_mmr,no_method_signal,-0.037279193634821184,-0.5791524928552458,-2.360561246681876,0.559725503766172,-2.4464066827647657,-2.7491912154202574
2221335,methodkg_v3_02041,projtxt_f7f380e59e5ba070,implicit_mmr,no_method_signal,-0.8531826434969386,-0.9771591409411815,-1.4335861404655705,0.6138526178294939,-1.0813532542908078,-0.9092488865545846
2221337,methodkg_v3_02042,projtxt_f7f380e59e5ba070,implicit_mmr,explicit_mmr,0.3532473856486803,-1.6747214283622844,-2.105177571336648,0.17962218351595596,-1.6666075841449917,-2.9342586411497007
2221421,methodkg_v3_02043,projtxt_f7f380e59e5ba070,implicit_mmr,no_method_signal,-0.9755546583680018,-0.9736987385444152,-1.3125281214100828,0.6737240457677754,-1.103584806913542,-0.9573169478879769
2221462,methodkg_v3_02044,projtxt_ea174932369e81bf,implicit_mmr,no_method_signal,0.454369674592469,-1.248617195104412,-2.2430039937597015,0.5627416131244546,-2.0957903080128184,-3.168561854657695
2221465,methodkg_v3_02045,projtxt_e493768a0f90ef40,quant_only,no_method_signal,-0.9283885879422209,-0.906068894885314,-1.520912633154926,0.6005129727881803,-1.132613798872409,-0.7392344618092608
2221538,methodkg_v3_02046,projtxt_cae88c04a54078f6,implicit_mmr,no_method_signal,0.32831135545994855,-0.669054793759558,-2.8679782079988563,0.47193245332626416,-1.6833860047743305,-3.052683483324031
2221574,methodkg_v3_02047,projtxt_b1fb4d254bf11c24,explicit_mmr,no_method_signal,-0.9828525866154099,-0.877334791052568,-1.3484953310650556,0.5196824316911438,-1.0923455484903966,-0.843850088640509
2221627,methodkg_v3_02048,projtxt_490e3f52d7d838e3,explicit_mmr,no_method_signal,-0.9916974462979072,-0.890362315692604,-1.4284974516800473,0.6384855378211636,-1.0972126936540205,-0.8578638013959432
2221637,methodkg_v3_02049,projtxt_69de4b8d81f654ec,explicit_mmr,no_method_signal,-1.0024964108303316,-0.9026703889645326,-1.3848186231473334,0.6554294557815881,-1.1076088562460642,-0.8839543441744718
2221696,methodkg_v3_02050,projtxt_22aa3eb7ed19be97,multi_method_not_mmr,no_method_signal,-0.9864287512021701,-0.885892111775679,-1.3370255486779583,0.548797284437875,-1.0464719009794285,-0.9272362436301637
2221912,methodkg_v3_02051,projtxt_308ae7c52da37cd4,explicit_mmr,no_method_signal,-1.512577631999687,-0.8285407062222533,-1.248345405562076,-0.30290797804095,-0.709021708132968,-3.379672724355455
2222278,methodkg_v3_02052,projtxt_8203bf28ab8d4aa8,explicit_mmr,explicit_mmr,1.0789597884774333,-1.808676660524608,-0.8695368310281959,-1.9263802869448228,-1.0289000987519477,-2.790736549355714
2222293,methodkg_v3_02053,projtxt_0bb696be6dfca717,explicit_mmr,explicit_mmr,0.3789229988801641,-1.6989842034958769,-0.9506026924809935,-2.3943367383487772,-1.4576153531566856,-2.436042756511052
2223907,methodkg_v3_02054,projtxt_9adb1cea1888c8bf,explicit_mmr,explicit_mmr,2.013533883311961,-1.4074118303504684,-2.189282988863358,-0.7986429736913494,-2.2364608811623987,-2.5820690939189594
2224674,methodkg_v3_02055,projtxt_80831090a6310dec,explicit_mmr,explicit_mmr,0.5140550703372656,-0.46698788726123497,-1.9180550677297799,-2.571661322387176,-0.7254579680778714,-3.1163079235185682
2224675,methodkg_v3_02056,projtxt_09b6ecb2255e3dd4,explicit_mmr,explicit_mmr,0.1594605339752147,-0.2001886175641268,-1.9307667688997567,-2.2467215793370228,-1.165151874280813,-2.949571653242978
2224857,methodkg_v3_02057,projtxt_08508850a6de03c2,explicit_mmr,explicit_mmr,0.5776661722737619,-2.5175382396141592,-0.45074805113046673,-0.5089517039544562,-0.5660739344328912,-2.5975293360493734
2225128,methodkg_v3_02058,projtxt_148554603f3059dc,quant_only,no_method_signal,-1.043446906674614,-0.9775949581123333,-0.9882491377391085,0.5934857095680127,-0.984026633078649,-1.2537907328742917
2225209,methodkg_v3_02059,projtxt_d23227e5962a0d98,multi_method_not_mmr,no_method_signal,-0.9586522885842709,-0.4767237920944878,-1.4145853651773657,0.09368063801427516,-1.102139375023939,-0.7808851795088644
2225211,methodkg_v3_02060,projtxt_6268266e3401d245,implicit_mmr,no_method_signal,-0.9083229268646169,-0.7585347992475094,-1.1920038369702393,0.43145896810597356,-1.234541442113491,-0.9863050993442329
2225255,methodkg_v3_02061,projtxt_47a01c1393e8866d,implicit_mmr,explicit_mmr,2.6485226110155557,-2.1571996735483934,-1.4831646956747033,-1.2732995585125626,-3.5423329525272,-1.9679296443908327
2225306,methodkg_v3_02062,projtxt_cc9587b53d8ad425,implicit_mmr,no_method_signal,-0.8370761844153335,-0.9228570147845746,-1.49084980815575,0.6522347710886978,-0.9905153614627873,-1.0235296836779948
2225381,methodkg_v3_02063,projtxt_f7eb77716c93e7ad,explicit_mmr,no_method_signal,-0.9955324524593497,-0.8453592553586567,-1.0662506097079723,0.39403977243338717,-1.1260826450910684,-0.9923386405536423
2228202,methodkg_v3_02064,projtxt_4b0167847633f12f,explicit_mmr,no_method_signal,-0.9698355502850317,-0.78284193697222,-0.9235429648470794,0.3758103547255081,-1.0403121316421844,-1.3070381609881385
2228211,methodkg_v3_02065,projtxt_8b71fb51c883a3e8,qual_only,explicit_mmr,-0.20486028251116284,-1.404497363794641,-1.2628978576680316,-1.1078725671365373,-0.7929609905540299,-2.0478390264968467
2234071,methodkg_v3_02066,projtxt_42d21df784b43711,explicit_mmr,explicit_mmr,1.1562907592465435,-1.483201823827236,-1.3751707205494068,-2.5538214154085797,-1.5742187120475757,-1.9697461465833026
2234073,methodkg_v3_02067,projtxt_42d21df784b43711,explicit_mmr,explicit_mmr,1.1989834137754776,-1.4424466577364277,-1.4007830322668327,-2.5783270996533743,-1.5903789522865615,-1.988002449978948
2234074,methodkg_v3_02068,projtxt_42d21df784b43711,explicit_mmr,explicit_mmr,1.1462287582722228,-1.4996349460803702,-1.3977432348588055,-2.5716252564335367,-1.5881232685782927,-1.8881667659350174
2234348,methodkg_v3_02069,projtxt_391b75ddbd420d32,multi_method_not_mmr,no_method_signal,-0.5199909322992868,-0.5752411246415514,-1.4203679618571872,-0.024364661052429668,-1.0487939650894058,-1.044877735255153
2234633,methodkg_v3_02070,projtxt_8ae27e47ac8dcbf9,explicit_mmr,no_method_signal,-0.7138141642804879,-0.5416598654498022,-1.1967128167865986,-0.06304168624948245,-1.1914095596867462,-0.9121480905506449
2235227,methodkg_v3_02071,projtxt_26a36b6eaabc322f,explicit_mmr,explicit_mmr,1.1484827565932934,-0.9557567773694428,-2.5409216976185354,-2.527184702843359,-1.7390752084671168,-1.9026068433759398
2235241,methodkg_v3_02072,projtxt_bed745f502498e13,implicit_mmr,no_method_signal,-0.8336080850161411,-0.473755894217719,-0.9785294353610037,-0.12899961174903712,-1.2222857387772696,-0.9857384372313469
2235345,methodkg_v3_02073,projtxt_b586781051267fb9,explicit_mmr,no_method_signal,-1.0403655540827308,-0.7505844297481862,-1.037900979964215,0.45948545357331366,-1.1709088882501815,-1.1060142877386698
2235460,methodkg_v3_02074,projtxt_bed745f502498e13,implicit_mmr,no_method_signal,-0.7808458868317937,-0.4962749299651987,-0.9295531742626791,-0.11464266043921383,-1.107627068199778,-1.199930730409378
2235461,methodkg_v3_02075,projtxt_55b9993e75ec32f5,multi_method_not_mmr,qual_only,-2.102897694566427,-0.40800006262333705,-0.5761745953719244,-0.9371885340195982,-0.32936140600989233,-2.51039092125518
2235543,methodkg_v3_02076,projtxt_bed745f502498e13,implicit_mmr,no_method_signal,-0.8092439599202489,-0.5233660785665035,-1.0986722282237402,0.003571424835849343,-1.0617531417226511,-1.1372714675369398
2235568,methodkg_v3_02077,projtxt_a0d87966803befbc,multi_method_not_mmr,no_method_signal,-0.8366549904940228,-0.5696267776721651,-1.0642015875470685,0.12569116432661132,-1.1460046664388535,-1.1507155148216037
2235600,methodkg_v3_02078,projtxt_c574cc304207c493,no_method_signal,no_method_signal,-0.7406742654842541,-0.521137609983889,-1.0130944071406058,-0.17198274802666302,-1.15989650023381,-1.0210002222258678
2235774,methodkg_v3_02079,projtxt_ca1100f3daced895,quant_only,no_method_signal,-0.7808458868317937,-0.4962749299651987,-0.9295531742626791,-0.11464266043921383,-1.107627068199778,-1.199930730409378
2235833,methodkg_v3_02080,projtxt_8ae27e47ac8dcbf9,explicit_mmr,explicit_mmr,1.3379570372914444,-0.7676731757422348,-1.7600421932165897,-2.5175554422570707,-1.5193052179587352,-1.9932640147858978
2235957,methodkg_v3_02081,projtxt_8ae27e47ac8dcbf9,explicit_mmr,no_method_signal,-0.8031424676925933,-0.37337643284041516,-1.0517225211570458,-0.2784822194306498,-1.1394774427136714,-0.968378960012029
2236075,methodkg_v3_02082,projtxt_29df12bcde773879,explicit_mmr,implicit_mmr,-1.1331108047330536,-0.30268042649285565,-0.5599072295476102,-3.0706952132204823,-0.34102685668320587,-2.979017607752968
2236107,methodkg_v3_02083,projtxt_bf8710b32c4feade,explicit_mmr,explicit_mmr,0.021248580586213782,-0.9441318311435274,-2.4434065361491957,-1.8739977744250098,-0.4964513353610295,-1.4669702011204555
2236402,methodkg_v3_02084,projtxt_ec3d2f59d280e68b,explicit_mmr,no_method_signal,-0.7808458868317937,-0.4962749299651987,-0.9295531742626791,-0.11464266043921383,-1.107627068199778,-1.199930730409378
2236739,methodkg_v3_02085,projtxt_626de20d0fd560df,qual_only,no_method_signal,-0.8150706229965404,-0.9556946425015825,-1.0769147719799794,0.2725960395263673,-0.8605638005433492,-1.206018051856761
2237053,methodkg_v3_02086,projtxt_57810f309484c98c,explicit_mmr,explicit_mmr,1.1375062489972076,-2.0311722564713404,-1.504061749007354,-1.114565639953234,-0.658359527918204,-2.5973269756828556
2237151,methodkg_v3_02087,projtxt_26d4623967991373,qual_only,no_method_signal,-0.7299427484961193,-0.9401193821159848,-1.2522039618816874,0.05872044965805627,-0.736124880390405,-1.0220274711255375
2237564,methodkg_v3_02088,projtxt_589ec4dfe8526824,implicit_mmr,no_method_signal,-1.084018979935969,-1.1273474480996475,-1.1240345549751194,0.8293505052122477,-1.0480745572209962,-1.1221840396235754
2237902,methodkg_v3_02089,projtxt_eafb4bbc4f09c5a3,qual_only,no_method_signal,-0.6038008851685925,-0.9045462171695373,-1.1077747205589705,0.11696931599826405,-0.8399632438395864,-1.2963081417134499
2240951,methodkg_v3_02090,projtxt_bed745f502498e13,implicit_mmr,no_method_signal,-0.769229158171672,-0.6371378032410612,-1.093831032949038,0.05637024849159268,-1.0261577165621287,-1.167925347015437
2241382,methodkg_v3_02091,projtxt_8d1aa629f37aedfa,multi_method_not_mmr,no_method_signal,-0.9308361990802397,-1.0113989374399974,-0.9923505727884081,0.6536433684878006,-1.238369194479969,-1.1286067874097534
2241766,methodkg_v3_02092,projtxt_5857929ea83a6699,explicit_mmr,no_method_signal,-0.8935622717719923,-0.7466765836928784,-1.1948968717667694,0.19566765925880214,-1.0119441460590068,-0.9745639985625713
2243017,methodkg_v3_02093,projtxt_3fbe1ccc12046ed9,quant_only,no_method_signal,-0.9540657451194249,-0.179204271320256,-1.4493853964710461,0.16612395244091416,-1.2524702028355372,-0.980683839246371
2243018,methodkg_v3_02094,projtxt_3fbe1ccc12046ed9,quant_only,no_method_signal,-0.972393793692689,-0.20833149172082485,-1.411885433104747,0.1762671160545845,-1.22015519735117,-1.0137256521531854
2243019,methodkg_v3_02095,projtxt_3fbe1ccc12046ed9,quant_only,no_method_signal,-0.9461951147156028,-0.21995601927268826,-1.4421545649455274,0.2029916457233451,-1.2428480242990114,-1.0020682773536946
2243020,methodkg_v3_02096,projtxt_3fbe1ccc12046ed9,quant_only,no_method_signal,-0.9541861343939894,-0.22868707510908778,-1.4441208329979232,0.19062998215012752,-1.194623048101704,-1.0180647034412784
2243021,methodkg_v3_02097,projtxt_3fbe1ccc12046ed9,quant_only,no_method_signal,-0.8859396526338957,-0.1678160794129954,-1.4691800434036222,0.17137422605193106,-1.281571495197437,-1.0192723136297377
2243106,methodkg_v3_02098,projtxt_482fdf554b9dcfc2,quant_only,no_method_signal,-0.9990269650628548,-0.18131701468744854,-1.3266698685321854,0.2838246498043612,-1.263235283400559,-1.159499062462673
2243107,methodkg_v3_02099,projtxt_482fdf554b9dcfc2,quant_only,no_method_signal,-0.9051151826623254,-0.32241616055792593,-1.3142699412488192,0.19759183387461798,-1.2632591673069202,-1.04202869251971
2243108,methodkg_v3_02100,projtxt_482fdf554b9dcfc2,quant_only,no_method_signal,-0.9003072685753934,-0.24570096053311122,-1.2079601257594925,0.1258669078605109,-1.3036325009465795,-1.1122171779094971
2243109,methodkg_v3_02101,projtxt_f418bbf041a4242b,explicit_mmr,explicit_mmr,0.8532520430461932,0.10302606899101173,-1.4439825895414045,-2.064441393520146,-1.5689349100192056,-2.4949236717678005
2243288,methodkg_v3_02102,projtxt_7fe8a40392f53130,explicit_mmr,explicit_mmr,1.2970757296719737,-1.865465210704172,-4.045189998031028,-1.8511525395837556,-1.1000766187516697,-1.9327408044806937
2243403,methodkg_v3_02103,projtxt_34d9f36a1f77dc33,multi_method_not_mmr,explicit_mmr,0.4973282516512094,-2.2209976705549415,-1.842685899170653,-0.46635170328096603,-1.0188728247896637,-2.009162889026458
2243443,methodkg_v3_02104,projtxt_4d3343968ae5a44d,explicit_mmr,no_method_signal,-1.0546463667035837,-0.9576832403324963,-1.044244616542922,0.6900173289605234,-1.1665118687501548,-1.1128097539832673
2243457,methodkg_v3_02105,projtxt_68f1b2c6cae4b73a,explicit_mmr,no_method_signal,-0.2539340475150713,-0.556601386238852,-2.954670102494761,0.3557334433108512,-0.23481441412954712,-2.8396737825369147
2243484,methodkg_v3_02106,projtxt_d23ea5c8071cb425,implicit_mmr,no_method_signal,0.5887763191976296,-0.4685960205162196,-3.5858177728566147,0.9311669964231065,-2.1428233135630403,-2.3637096056486855
2243510,methodkg_v3_02107,projtxt_757ab50ed96694b5,qual_only,no_method_signal,-1.1548364348956008,-1.0669290402372402,-1.0146337369107266,0.8748281386736984,-1.1385878924754336,-1.1595616634444197
2243553,methodkg_v3_02108,projtxt_6422bb9324018f27,multi_method_not_mmr,no_method_signal,-1.0142910815241422,-1.0853960337088362,-1.0713439061010572,0.7582313664373322,-1.1122734164662091,-1.11715610591662
2243558,methodkg_v3_02109,projtxt_3e579afe29e922bd,multi_method_not_mmr,no_method_signal,-0.9752248592337378,-1.082695534035965,-0.845293341471315,0.690849444393584,-1.145003332272207,-1.2928031773548765
2244031,methodkg_v3_02110,projtxt_a05fdf0eb6d1a6a8,quant_only,no_method_signal,-1.123296023934742,-1.0071752291148768,-1.1028298758667274,0.7575241397621051,-1.062199038825414,-1.1141392498361977
2244323,methodkg_v3_02111,projtxt_a883065e1c5e722c,explicit_mmr,explicit_mmr,1.577627897389297,-2.7885513984613195,-1.1128859172732364,-1.1226632987963343,-1.4510362236396643,-2.3678953136758234
2244342,methodkg_v3_02112,projtxt_9bf4cdedc24e7b6d,quant_only,no_method_signal,-1.0604084906447226,-0.8637630043138408,-1.2706944921493262,0.8041608895017823,-1.0590912686894443,-1.1617177321684529
2244546,methodkg_v3_02113,projtxt_bcbf862fb410faac,multi_method_not_mmr,no_method_signal,-1.161875252104918,-0.9037391849538591,-1.0845968937466566,0.49570094463265413,-1.118337685696354,-0.87901895037903
2246200,methodkg_v3_02114,projtxt_6b8158a3dd06913e,explicit_mmr,explicit_mmr,1.096631078904293,-1.615438714871726,-1.9762439818032875,-1.4532156776000693,-1.1318408093653762,-2.334159017948789
2247026,methodkg_v3_02115,projtxt_0079014c8f062e74,no_method_signal,no_method_signal,-0.9692154467307575,-1.0355010284666182,-1.2568339380604183,0.9476773462540029,-1.2038383326496194,-1.1327428051232729
2247282,methodkg_v3_02116,projtxt_fe58c8691ca87a2d,quant_only,no_method_signal,-0.9516963522999053,-0.8800004458727826,-0.9842250471912988,0.4157566314001368,-1.022580860778384,-1.22156986747051
2247283,methodkg_v3_02117,projtxt_fe58c8691ca87a2d,quant_only,no_method_signal,-0.9432568384825968,-0.8683491582075893,-1.017860017371304,0.4086748998548376,-1.0119506093533701,-1.207038823413139
2247790,methodkg_v3_02118,projtxt_6e23f17c00763794,explicit_mmr,no_method_signal,-0.9507459381437743,-0.9050747744571642,-0.9764259886508504,0.24300326270156053,-1.078784822738198,-0.9759278510344765
2247809,methodkg_v3_02119,projtxt_d8e351755ce1a937,qual_only,no_method_signal,-0.9290253583275996,-0.9048525264047067,-1.108815357330556,0.42922304836710296,-1.0021327085277505,-1.121221593252418
2247976,methodkg_v3_02120,projtxt_24dc7beb0e1aaaee,explicit_mmr,no_method_signal,-0.9432568384825968,-0.8683491582075893,-1.017860017371304,0.4086748998548376,-1.0119506093533701,-1.207038823413139
2300233,methodkg_v3_02121,projtxt_16ed1d2933f4d9ea,explicit_mmr,no_method_signal,-0.7810887336082901,-0.9689001881122044,-1.225681481284459,0.33346356043366937,-0.6910672418385048,-1.3127532010968703
2300291,methodkg_v3_02122,projtxt_a1c656e3f9ab4dff,explicit_mmr,explicit_mmr,0.7448741357811757,-1.5030415531911085,-2.55915656116763,-0.6171959514746154,-1.524113767297616,-1.8308714025211064
2300322,methodkg_v3_02123,projtxt_3799a0bf00bcfdc7,explicit_mmr,explicit_mmr,-0.018844942910424864,-0.926124775265713,-1.3767642701393896,-1.6827088582143412,-1.6723585222134512,-1.5882941213739117
2300323,methodkg_v3_02124,projtxt_3799a0bf00bcfdc7,explicit_mmr,explicit_mmr,-0.016861266835518404,-0.8065808201477991,-1.5309678164877356,-1.720421609949694,-1.6093790744436667,-1.5842148381038135
2300376,methodkg_v3_02125,projtxt_26fca7ce7c5c20b9,explicit_mmr,no_method_signal,-0.4625400207796096,-0.631844461936314,-1.4539712269677305,-0.16419476322669116,-0.7536362262898125,-1.181979798704427
2300618,methodkg_v3_02126,projtxt_76a7f0ea3db0569a,explicit_mmr,no_method_signal,-0.6703575672361941,-0.7841841813709269,-1.2398882099138602,0.20213436658849873,-0.9642950592989136,-1.1750831877640686
2300619,methodkg_v3_02127,projtxt_76a7f0ea3db0569a,explicit_mmr,no_method_signal,-0.6931048853005336,-0.883760905426475,-1.2008574510269239,0.2896675139683588,-0.9463485164639014,-1.2007172812114655
2300676,methodkg_v3_02128,projtxt_052a1a663de4dafb,explicit_mmr,explicit_mmr,0.8043525216974752,-2.3836846119116233,-2.8806659104812518,-1.5695057850573182,-0.656477460446843,-1.0099887575524005
2300709,methodkg_v3_02129,projtxt_e94bbeb1a1125a69,explicit_mmr,no_method_signal,-0.44319687180314604,-0.43496459917140584,-1.602577949255528,-0.2548642480210466,-0.9301527858674088,-0.9912946460078889
2300710,methodkg_v3_02130,projtxt_e94bbeb1a1125a69,explicit_mmr,explicit_mmr,-0.31695996318697767,-0.937869240130834,-2.160015711076174,-2.0704758445367863,-0.7125458097519218,-3.0893977839954854
2300725,methodkg_v3_02131,projtxt_00719ff7732e0f70,explicit_mmr,explicit_mmr,1.9517240492626513,-1.6150931183930501,-2.2731966077231296,-1.855733936341582,-1.517795086481868,-2.201441110398718
2300744,methodkg_v3_02132,projtxt_85c7f05237212f83,quant_only,no_method_signal,-0.9842411555545072,-1.043384439415132,-1.297528666304216,0.9613444750546423,-1.1023169462711628,-1.1853702833878417
2300747,methodkg_v3_02133,projtxt_e79fa56987a716f3,implicit_mmr,no_method_signal,-0.7707323333680366,-0.832016260471017,-1.1434464615617457,0.10226495513847318,-0.9567461650448007,-1.0279521145257664
2300927,methodkg_v3_02134,projtxt_8d720f335bd9e24e,explicit_mmr,no_method_signal,-0.6274622123153492,-0.8346070613875193,-1.130717336800478,0.029102103587319635,-0.7982517030287511,-1.2540606154212646
2300977,methodkg_v3_02135,projtxt_9896607b93c3c7c2,explicit_mmr,qual_only,0.48464109730800753,-2.2540425340669277,-3.042640422743511,-2.724265833892139,0.5943617507062685,-2.074995065214673
2301049,methodkg_v3_02136,projtxt_8c10d16fcffd4a1e,explicit_mmr,explicit_mmr,1.4243314519636818,-2.0491022613417926,-1.865487311935308,-2.256446353385963,-2.5223828676018263,-2.491949769703706
2302112,methodkg_v3_02137,projtxt_c206e19020e530a5,implicit_mmr,no_method_signal,-1.2614798049019789,-1.0268286481833757,-1.253277545436209,0.9415402991222661,-1.0228415605103052,-1.0495101041430592
2306044,methodkg_v3_02138,projtxt_c69babb23a6aa8a4,quant_only,no_method_signal,-1.0246982655540349,-0.8448299758668093,-1.1169308414234356,0.3982068106089699,-1.1478915506233693,-0.8983672987036995
2306052,methodkg_v3_02139,projtxt_12bc47b380b0c29e,explicit_mmr,explicit_mmr,0.3543948949837612,-0.06545233534872204,-1.8666943414692811,-2.184700883263754,-0.3451162479342268,-2.6454233780492955
2306053,methodkg_v3_02140,projtxt_12bc47b380b0c29e,explicit_mmr,explicit_mmr,0.3143932566795732,0.17502326227115253,-2.0858027355257844,-2.3427438958207336,-0.29547721195433513,-2.5180866609838723
2306099,methodkg_v3_02141,projtxt_1fe3dd1376347e50,explicit_mmr,no_method_signal,-0.8775085545502587,-0.8995936232972997,-1.0418067846511,0.34150035347369306,-0.8090665373439475,-1.36005465750245
2306262,methodkg_v3_02142,projtxt_48de6294dbf2ad2b,explicit_mmr,explicit_mmr,1.521817977044387,-0.7829315382207822,-2.354080819632458,-1.989220661553872,-2.028288802232653,-2.239698003683981
2306263,methodkg_v3_02143,projtxt_48de6294dbf2ad2b,explicit_mmr,explicit_mmr,1.615635005616768,-0.7192737541965173,-2.440499842084781,-2.0031499011086065,-2.1613957404378956,-2.1674160406582867
2306270,methodkg_v3_02144,projtxt_c846fe1fbd12a4e8,implicit_mmr,no_method_signal,-0.8472402401818251,-0.753453926461413,-0.9828475479757419,0.1751681074818178,-0.9033672906062421,-1.3263704743358202
2306271,methodkg_v3_02145,projtxt_b1d93cbfb545bd53,implicit_mmr,no_method_signal,-1.0071723615708672,-0.9482091103123251,-1.1991002718379127,0.41193762640725257,-0.6719750431104516,-1.2394446473677612
2306658,methodkg_v3_02146,projtxt_401c199913a2594c,explicit_mmr,no_method_signal,-0.8795281202999407,-0.9703964963617109,-0.8928367671000521,0.24118790047996003,-1.2632348686582164,-0.8805643189773211
2308501,methodkg_v3_02147,projtxt_4a0795a07f73ec56,explicit_mmr,explicit_mmr,0.41529208329250095,-1.7106675072092878,-1.5067730288417458,-0.8490161550997432,-1.9022886577236198,-2.2200626217484936
2311493,methodkg_v3_02148,projtxt_7db920cec10fafc1,quant_only,no_method_signal,-0.8908440326339018,-0.6337204228917908,-0.9141255166082056,0.1042277790626885,-1.099733833904307,-1.208847440267651
2313240,methodkg_v3_02149,projtxt_00e910c1eddb4f1f,implicit_mmr,explicit_mmr,0.9696247366731401,-1.1160730916746242,-2.9109399947052403,-1.7886023368261248,-0.6482149638558437,-0.9221222074820327
2313241,methodkg_v3_02150,projtxt_00e910c1eddb4f1f,implicit_mmr,explicit_mmr,0.9727451861787942,-1.0215750938451718,-3.2485910649354586,-1.9353913438768136,-0.5360129291375204,-0.6531633540862224
2313369,methodkg_v3_02151,projtxt_b4061fb215dc1e74,no_method_signal,no_method_signal,-1.193449096075239,-1.1650374910103998,-1.14682778850797,1.1083392805642789,-1.0979969622620998,-1.1778899108250722
2313418,methodkg_v3_02152,projtxt_c13f9242640134ac,explicit_mmr,no_method_signal,-0.8853526102820213,-0.8770824749274129,-1.2564084601637697,0.33267898421713954,-0.9279332176947943,-1.0114263412401532
2313440,methodkg_v3_02153,projtxt_7367c279896a105a,implicit_mmr,explicit_mmr,0.2062755499800621,-0.19028546209136502,-2.0567221835869445,-0.6710221660927548,-3.2881415220674635,-2.1501486235910714
2313850,methodkg_v3_02154,projtxt_7f93303f4a562a63,implicit_mmr,no_method_signal,-0.6314321629127201,-0.946386220044323,-1.0480170905714634,0.34802868129003794,-0.922834979725218,-1.4355839920509568
2313972,methodkg_v3_02155,projtxt_666093ae07390261,implicit_mmr,explicit_mmr,0.5380498416232087,-1.4250632339591596,-2.8926294842776774,-0.8768564333642983,-1.411957650420448,-2.6419633481702647
2313979,methodkg_v3_02156,projtxt_a7be9f46b9ea552c,multi_method_not_mmr,no_method_signal,-0.9034331652799611,-0.8114733856395879,-0.9745452287634377,0.08936823211941283,-0.7609177731137907,-1.2695209247808539
2314075,methodkg_v3_02157,projtxt_112132cba0978d04,implicit_mmr,no_method_signal,-0.6193274496647146,-0.936443646378928,-0.9352166790235462,0.24923716239346563,-0.8647959462060344,-1.5378301060171444
2314089,methodkg_v3_02158,projtxt_f00229fc4a78f15a,explicit_mmr,no_method_signal,-0.784946064663032,-0.8167923502750769,-1.058559959120872,0.1316929023982916,-0.8986204383763848,-1.194899946011748
2314107,methodkg_v3_02159,projtxt_ad7a80d6ea5693b4,explicit_mmr,qual_only,-1.0963809869857344,-0.8063039255582413,-1.0768461735752974,-1.1949979772570674,-0.34563427834534527,-1.3551932960682223
2314109,methodkg_v3_02160,projtxt_acb45637fea0b0b5,multi_method_not_mmr,qual_only,-1.0175744838697058,-0.5639745890585961,-1.2348339665389667,-0.8902792218691494,-0.35082892146039363,-2.94589504581583
2314112,methodkg_v3_02161,projtxt_7a6adb36ebe82ab4,qual_only,explicit_mmr,-0.12117168141662941,-1.7194455611623498,-1.0673706676007952,-1.6931858244527485,-0.5759802662895402,-2.5477579523650764
2314144,methodkg_v3_02162,projtxt_1b4a2cd60952a133,implicit_mmr,multi_method_not_mmr,-0.5812602955671652,-1.4732162777413955,-0.0802615546108149,-1.9382347232574266,-0.5710414298692424,-2.714131728198107
2314238,methodkg_v3_02163,projtxt_c50f8e805323d71e,implicit_mmr,no_method_signal,-0.9278607734697736,-0.9146463044483886,-1.1911346208601568,0.29113152987003466,-0.8081273354927238,-1.0911699770888006
2314844,methodkg_v3_02164,projtxt_d84773e4208b3960,explicit_mmr,no_method_signal,-0.8036518743826219,-0.47421643075140874,-0.9282548206892025,-0.056515557134404135,-1.1960335829606348,-1.1684042219978648
2315023,methodkg_v3_02165,projtxt_f27fc6f29a828c97,qual_only,no_method_signal,-0.8160777139968738,-0.9336472032813758,-1.3676978906399162,0.5375881208568715,-0.9140837092517152,-1.1002733712567125
2315024,methodkg_v3_02166,projtxt_f27fc6f29a828c97,qual_only,explicit_mmr,0.17579115593762712,-0.8216782480816625,-1.7642067937126211,-0.8697660997980061,-0.9924173030098553,-2.970292747597781
2315095,methodkg_v3_02167,projtxt_548d6f47abec1277,implicit_mmr,explicit_mmr,1.4709355674066549,-1.712361604992664,-1.4716738957858528,-1.178583708400919,-2.000617997521351,-2.307511334681047
2315124,methodkg_v3_02168,projtxt_8b91e9357845837c,explicit_mmr,no_method_signal,-0.9621775055996554,-0.7543309876954273,-1.193467770400048,0.17731886455404408,-0.9796199540099483,-0.9375210956919124
2315277,methodkg_v3_02169,projtxt_a194a843eb845cfb,explicit_mmr,no_method_signal,-0.6193274496647146,-0.936443646378928,-0.9352166790235462,0.24923716239346563,-0.8647959462060344,-1.5378301060171444
2315353,methodkg_v3_02170,projtxt_33b4c8902ecb622e,implicit_mmr,no_method_signal,-0.7872186325157013,-0.4649012018303716,-1.0145162905568064,-0.017526938336561576,-1.1528862103528865,-1.191631200238433
2315532,methodkg_v3_02171,projtxt_881ba9b3d7de720d,explicit_mmr,explicit_mmr,1.524850879410086,-0.88774899281045,-1.4352295442899545,-2.506780623630351,-2.2231738927842133,-1.4825203923641974
2315617,methodkg_v3_02172,projtxt_2f4a35df2d947123,explicit_mmr,no_method_signal,-0.8665559017138488,-0.6655096834458178,-0.9652092956280283,0.16216286837722899,-1.114636390267667,-1.1774079862187972
2315626,methodkg_v3_02173,projtxt_1e1d977d23fa4774,quant_only,no_method_signal,-0.7872186325157013,-0.4649012018303716,-1.0145162905568064,-0.017526938336561576,-1.1528862103528865,-1.191631200238433
2315647,methodkg_v3_02174,projtxt_1709b6e0111c0630,quant_only,no_method_signal,-0.7666144066767965,-0.5327782981623161,-1.0205085142219312,-0.09409451192694847,-1.0978091673741583,-1.114113500248657
2315763,methodkg_v3_02175,projtxt_38e3bcea9b2533d3,explicit_mmr,explicit_mmr,-0.20267886819709152,-0.8320440948905155,-1.3299815180427847,-2.2096734601199097,-0.7967408823809407,-2.1594597265784983
2315912,methodkg_v3_02176,projtxt_edfaa35f70bc9413,explicit_mmr,no_method_signal,-0.8199718793218199,-0.7284242173125258,-1.2969703332027969,0.11596813673044636,-0.8323501618589607,-1.0991512575507294
2317283,methodkg_v3_02177,projtxt_960837423d999e65,qual_only,no_method_signal,-0.9417929185677999,-0.8922690086405964,-1.2712402319788128,0.5124051063400725,-0.9917701417788771,-1.0478817368548219
2317318,methodkg_v3_02178,projtxt_f53dc67e5cd4b067,qual_only,no_method_signal,-1.0425080140362455,-1.0206061496521548,-1.1368139467081997,0.7521517921344354,-1.0643204559136858,-1.1515692132222908
2317319,methodkg_v3_02179,projtxt_f53dc67e5cd4b067,qual_only,explicit_mmr,0.5726816235454533,-1.2272221537677908,-1.0538497261097464,-2.091059732503176,-1.109588219311524,-3.148710581675083
2317747,methodkg_v3_02180,projtxt_bf0cf1dd334fb31e,explicit_mmr,explicit_mmr,0.702483550452164,-1.6829583914825996,-1.062815542243296,-0.8958504494952391,-2.1649531558515127,-1.0154600143290378
2317780,methodkg_v3_02181,projtxt_97888ce76f1fdec2,explicit_mmr,no_method_signal,-1.2002744753728345,-1.0300536172624213,-1.1994940038311048,0.4969476913208283,-0.6960783656348611,-1.0220949782791355
2317969,methodkg_v3_02182,projtxt_40cb08fa8174c66a,multi_method_not_mmr,no_method_signal,-0.7904451984092671,-0.5053332557736264,-1.0826664008077818,-0.021450973964575785,-1.105770501221523,-1.120872173655626
2318158,methodkg_v3_02183,projtxt_c7a9a042d0f2db8f,explicit_mmr,no_method_signal,-1.043446906674614,-0.9775949581123333,-0.9882491377391085,0.5934857095680127,-0.984026633078649,-1.2537907328742917
2318178,methodkg_v3_02184,projtxt_9dd50727bf39b021,explicit_mmr,no_method_signal,-0.965956841952357,-0.8488967147304906,-1.184471025597554,0.4658751434696536,-1.1019738762329456,-1.0213845586223098
2318264,methodkg_v3_02185,projtxt_5d655b13865d8e13,implicit_mmr,no_method_signal,-0.9027266962773955,-0.8895685089677254,-1.045189667349071,0.44502318429632426,-1.0245000575848748,-1.2235288082930784
2318415,methodkg_v3_02186,projtxt_633fd7ad4c395fb1,explicit_mmr,no_method_signal,-0.9432568384825968,-0.8683491582075893,-1.017860017371304,0.4086748998548376,-1.0119506093533701,-1.207038823413139
2318849,methodkg_v3_02187,projtxt_a69c6225838e44f4,qual_only,no_method_signal,-0.8436332064685764,-0.6584850615305078,-1.3199129494443043,0.028100924319501966,-0.7906386210481254,-1.0569037312585443
2320947,methodkg_v3_02188,projtxt_678d48a9268d2b6a,explicit_mmr,no_method_signal,-1.0776364772811036,-0.8859743339256992,-1.0757719056593738,0.4252124324602899,-1.2362657975258908,-0.80631694924915
2321179,methodkg_v3_02189,projtxt_38ee167b3a5815d6,explicit_mmr,explicit_mmr,1.8858370999496876,-2.6848211707940957,-0.9627419174094595,-0.006222781723558392,-1.9394352090871723,-2.3261490518042858
2321205,methodkg_v3_02190,projtxt_bff773629ee9be73,explicit_mmr,explicit_mmr,1.8221274899745628,-1.9979300281707635,-2.750609977676215,-0.4796987482390084,-1.0864758766254325,-2.003606925951678
2321218,methodkg_v3_02191,projtxt_ce41fb04d8f8a08a,implicit_mmr,explicit_mmr,0.4420354220129129,-1.2895741254342594,-1.5905052322321644,-1.795876233738928,-2.0246726913824387,-1.9932353594095378
2321219,methodkg_v3_02192,projtxt_ec4807b9c54ff4df,implicit_mmr,multi_method_not_mmr,-1.4061935439685398,-2.534809046772545,0.17990630301857558,-1.4962038495317094,-0.512102385258525,-2.566782080379023
2321243,methodkg_v3_02193,projtxt_1743888c52463398,explicit_mmr,no_method_signal,-0.9809960006161986,-0.7588303664548763,-1.2270334685383613,0.4714417324646301,-1.2068933030594733,-0.9552323818698684
2321390,methodkg_v3_02194,projtxt_4273ad208d03a706,explicit_mmr,no_method_signal,-1.13328079703349,-1.0890760212070185,-1.2414730826920324,0.531852791142917,-0.5716017942317501,-1.1504700412964457
2321391,methodkg_v3_02195,projtxt_4273ad208d03a706,explicit_mmr,no_method_signal,-1.1466644884841406,-1.0996588117537187,-1.1169020304715844,0.48486962389397736,-0.6304515927158819,-1.1511513224435328
2322250,methodkg_v3_02196,projtxt_98bbc7d52ee517c1,qual_only,no_method_signal,-0.8528476342236476,-0.5085358665947867,-0.9693165350719073,-0.055005287305757974,-1.2511611940042489,-0.9873737634600964
2323131,methodkg_v3_02197,projtxt_41ca7e3bca25e83a,quant_only,no_method_signal,-1.0001636399674831,-0.7904307336882487,-1.2225535502623797,0.3319176108689114,-1.0499588188224782,-0.8952727355875069
2324575,methodkg_v3_02198,projtxt_92cbb65876865905,multi_method_not_mmr,no_method_signal,-0.9431578338259954,-1.1919148991183812,-0.9915893882884849,0.6440457749336818,-1.1859157090287835,-0.981490466071679
2325989,methodkg_v3_02199,projtxt_3cc80c8b62262dee,implicit_mmr,no_method_signal,-0.15633735415783,0.3817403464919617,-2.712750181941784,0.6601690678316062,-2.5702416320151733,-2.5122254560286605
2326588,methodkg_v3_02200,projtxt_d637720f93037f89,implicit_mmr,no_method_signal,-0.7533822087834806,-0.946245951723687,-1.2359376213734161,0.16160715532471026,-0.7641976140744464,-1.082246045180336
2327314,methodkg_v3_02201,projtxt_5181ca2d58d6dedc,implicit_mmr,explicit_mmr,1.1448249185583175,-2.3929333981839225,-1.4697935461995664,-1.4174915819524503,-2.7140444632212706,-1.8485859406570584
2327420,methodkg_v3_02202,projtxt_1e73816cc89674b0,qual_only,no_method_signal,-0.6847840392413512,-0.8277802595209804,-1.2657391889199592,0.5481574177788157,-1.0834489427887528,-1.3082067605842995
2327488,methodkg_v3_02203,projtxt_31973f3601999cc8,qual_only,no_method_signal,-0.9479616595622062,-0.9125114243713542,-1.405926979922686,0.8333385030183725,-1.022258783160887,-1.1698914269275542
2329579,methodkg_v3_02204,projtxt_52a27bd00215b5b9,multi_method_not_mmr,no_method_signal,-0.9465097924768026,-0.8329354987896985,-1.3979306801222284,0.6978490008728305,-0.9608628382278518,-1.2027295654996655
2330963,methodkg_v3_02205,projtxt_02dd6aff64e675ab,explicit_mmr,explicit_mmr,0.8327989060792511,-0.19954147965577126,-1.2277368167806162,-1.272166985099226,-3.43828964683877,-2.714931138362785
2332167,methodkg_v3_02206,projtxt_df4753fb1483de50,quant_only,no_method_signal,-0.8947266726748682,-1.196165212836223,-0.858977299329897,0.4788104451688952,-1.1199280917896681,-1.0612466792315745
2333764,methodkg_v3_02207,projtxt_6df30b98cb3548e1,multi_method_not_mmr,implicit_mmr,-1.117303756566044,0.2813030566328314,-3.0047469367317223,-1.291664969269615,-0.7896563910259711,-2.7639998065265297
2333959,methodkg_v3_02208,projtxt_626de20d0fd560df,qual_only,no_method_signal,-0.729516828646504,-0.8636542516450808,-1.1324561749612523,0.12655772672443147,-0.8995615916513938,-1.1258607364921234
2334693,methodkg_v3_02209,projtxt_e2802a44889ea669,explicit_mmr,qual_only,-0.589788924091653,-1.1142827833272904,-2.2136254855518107,-1.1382449875594536,0.22330222836900465,-1.9441538335516317
2335625,methodkg_v3_02210,projtxt_64d96a38dfeb8a6e,multi_method_not_mmr,no_method_signal,-0.8348869439026543,-0.8593193598144885,-1.1930061706904116,0.4451213059274215,-0.8516659410925685,-1.2946059170750528
2335725,methodkg_v3_02211,projtxt_a0e2d0fe05c746ef,quant_only,no_method_signal,-0.8918968490650008,-0.5676898055532313,-0.9764820734674907,0.12300439798377953,-1.1516498951280647,-1.1779739136260319
2336135,methodkg_v3_02212,projtxt_8b9990fc9f39f9dc,explicit_mmr,explicit_mmr,2.0613849574936456,-0.7488106608085234,-1.7596340996226931,-1.7032849702771404,-2.097244492720391,-2.413525842265371
2336136,methodkg_v3_02213,projtxt_8b9990fc9f39f9dc,explicit_mmr,explicit_mmr,2.0800093444436976,-0.7737708278627656,-1.8210419943118312,-1.6893022941411686,-1.9851754999734699,-2.4755979356897635
2336456,methodkg_v3_02214,projtxt_0f2cca9707c8a7a6,no_method_signal,no_method_signal,-1.0265278601600163,-1.109107604384514,-1.201925816909471,1.0300535212717623,-0.9442982267943572,-1.4093343452903802
2336683,methodkg_v3_02215,projtxt_6e52606ba64403ab,no_method_signal,no_method_signal,-0.7903142692077098,-0.5697009809106933,-1.0458087865520618,-0.21424441780098144,-1.0070056036471944,-0.9942353031268161
2336910,methodkg_v3_02216,projtxt_5e01f1480cb71175,implicit_mmr,no_method_signal,-0.90321328048499,-0.890039376069178,-1.0457753361107267,0.44530136040795143,-1.0250266924246683,-1.224036697974544
2336911,methodkg_v3_02217,projtxt_5e01f1480cb71175,implicit_mmr,no_method_signal,-0.7978867148751442,-0.5139949413569578,-0.9785175862553662,-0.007454136872246485,-1.1698172931460005,-1.1576646103166175
2336912,methodkg_v3_02218,projtxt_5e01f1480cb71175,implicit_mmr,no_method_signal,-0.7436095644374683,-0.516750917753425,-1.1221632249902675,-0.2015870847837162,-1.0240421977121756,-1.020843959804416
2337003,methodkg_v3_02219,projtxt_cd0656ba66a64b70,explicit_mmr,implicit_mmr,-0.5417559129487695,0.016090519686873455,-1.0496076052852639,-1.9056669784996139,-1.8617594341413397,-1.9353659820817517
2337016,methodkg_v3_02220,projtxt_9227a598df989be1,explicit_mmr,explicit_mmr,1.2633470164558251,0.7266999653528274,-2.856610818974453,-0.932197535417961,-2.1458279163368004,-2.157382796253103
2337017,methodkg_v3_02221,projtxt_9227a598df989be1,explicit_mmr,explicit_mmr,1.3094464145070193,0.9429733304557186,-2.8594138955467825,-1.2343928511543745,-2.2859729906664477,-1.9644143626057489
2337018,methodkg_v3_02222,projtxt_9227a598df989be1,explicit_mmr,explicit_mmr,1.1338409997658894,0.7372093635430975,-3.031294018843888,-0.6937885395597759,-2.138584003080608,-2.1227185375523367
2337019,methodkg_v3_02223,projtxt_9227a598df989be1,explicit_mmr,explicit_mmr,1.4076287251016293,0.7932085626645776,-3.0140427962415983,-0.9539895927108358,-2.266492268134673,-2.0737581786277666
2337020,methodkg_v3_02224,projtxt_9227a598df989be1,explicit_mmr,explicit_mmr,1.3999315192932866,0.9004491740214652,-3.0024620164143907,-1.3072585003006807,-2.0872028147615604,-1.9990119954973522
2337021,methodkg_v3_02225,projtxt_9227a598df989be1,explicit_mmr,explicit_mmr,1.1522926247818928,0.6375337647729608,-3.134278020518675,-0.5807484454247248,-2.1215343095790264,-2.060633651972159
2337142,methodkg_v3_02226,projtxt_e5970f7e308f7377,explicit_mmr,explicit_mmr,1.1107248979376472,0.5653435963957029,-2.2222369122419856,-1.6956446559612248,-2.9932945628694476,-1.711239288966184
2337143,methodkg_v3_02227,projtxt_e5970f7e308f7377,explicit_mmr,explicit_mmr,1.1462238706802323,0.45154869328619324,-2.4187544255030544,-1.8141195262568786,-2.8307043184553007,-1.4706512596624712
2337144,methodkg_v3_02228,projtxt_e5970f7e308f7377,explicit_mmr,explicit_mmr,1.1649661790157984,0.48179007527520823,-2.526817803759786,-1.6926835658612607,-2.97074734684169,-1.3947528516478889
2337145,methodkg_v3_02229,projtxt_e5970f7e308f7377,explicit_mmr,explicit_mmr,1.1010240368436583,0.5352614643814699,-2.27171361238462,-1.7731212166860961,-2.933365137705483,-1.5996572261984328
2337146,methodkg_v3_02230,projtxt_e5970f7e308f7377,explicit_mmr,explicit_mmr,1.3177449083973753,0.5773376976402552,-2.301121515762339,-1.79703909528277,-3.0631542933278624,-1.6789220388727277
2337247,methodkg_v3_02231,projtxt_079343300d9ce3f3,explicit_mmr,explicit_mmr,0.6826300879042148,-0.6189950262346523,-2.0697271538044055,-0.729655834243357,-2.5751685827832853,-1.8859890975893612
2337612,methodkg_v3_02232,projtxt_3b0647263af0a88f,implicit_mmr,no_method_signal,-0.5125339905807572,-0.6718920679795124,-1.3428918748458973,-0.1276849710520495,-0.8663534674040185,-1.1224867219004644
2337709,methodkg_v3_02233,projtxt_20d7d766e07e52aa,qual_only,explicit_mmr,0.5769408612568322,-1.4134525177476578,-2.1362087951109805,-1.9039806155294168,-2.245774423981574,-0.3849175454979882
2339289,methodkg_v3_02234,projtxt_10454af1f47df893,explicit_mmr,explicit_mmr,0.5637363905234102,-0.38717516882780123,-0.972526646635252,-1.7151684473944302,-1.601208814078723,-2.295412220677739
2339702,methodkg_v3_02235,projtxt_a9e05f3b8894b8c8,explicit_mmr,implicit_mmr,-1.573176755864194,1.1868989102967118,-1.8579316195344173,-1.2400416515081423,-2.4657301312499467,-2.0510598098652055
2340576,methodkg_v3_02236,projtxt_ecff468402eec095,implicit_mmr,explicit_mmr,2.2904585517221947,-2.5346179625071716,-1.5297233955406717,-1.8252079731710522,-1.984852908706537,-2.089189016905193
2342574,methodkg_v3_02237,projtxt_a92fce89368af486,explicit_mmr,explicit_mmr,0.3398008216830599,0.10377981959695767,-1.2845780730732403,-0.7996241812550035,-2.607085023307756,-3.347729435339246
2342624,methodkg_v3_02238,projtxt_7e6b76905a25f672,implicit_mmr,no_method_signal,-1.07986365366692,-0.7436786354817038,-0.9863172795386382,0.24690981424751834,-0.7764972089177377,-1.2877534304726859
2342625,methodkg_v3_02239,projtxt_7e6b76905a25f672,implicit_mmr,no_method_signal,-0.9251897844322757,-0.591059512421894,-1.0590809243861288,0.1572933427308238,-0.9555430666421,-1.2470339808954987
2342626,methodkg_v3_02240,projtxt_7e6b76905a25f672,implicit_mmr,no_method_signal,-0.9692735663067092,-0.4703955430411828,-1.102184853773832,0.009089544882864438,-0.8412451796099643,-1.2501636698342382
2342627,methodkg_v3_02241,projtxt_7e6b76905a25f672,implicit_mmr,no_method_signal,-1.139696656595906,-0.6376687578026001,-1.086709060604438,0.29560628026679253,-0.723974996940457,-1.3422749808605832
2342766,methodkg_v3_02242,projtxt_0d3ed072da0a67b4,explicit_mmr,no_method_signal,-0.4440484478137292,-0.9057378829344975,-0.7217960571574744,0.21334970886283938,-2.1890294101931764,-2.92343674845686
2344789,methodkg_v3_02243,projtxt_f222622f4b442e93,implicit_mmr,no_method_signal,-1.1128416102814676,-0.9657561269120147,-1.10062286912496,0.5553432093910161,-0.9390439087552657,-1.063591567626172
2344790,methodkg_v3_02244,projtxt_f222622f4b442e93,implicit_mmr,no_method_signal,-0.9933154124980866,-1.010016339025115,-0.9552971495035331,0.5314252361199101,-1.1146720550183569,-1.0871164646460707
2344791,methodkg_v3_02245,projtxt_f222622f4b442e93,implicit_mmr,no_method_signal,-0.9808911813318243,-0.973720002591574,-0.8761743583938643,0.5643414897513096,-1.1763137902004428,-1.1799481687391322
2344792,methodkg_v3_02246,projtxt_f222622f4b442e93,implicit_mmr,no_method_signal,-1.1100039873350813,-0.9722778570262803,-0.9896890025854197,0.693456012453171,-1.2259941432674897,-1.0230184582018924
2344793,methodkg_v3_02247,projtxt_f222622f4b442e93,implicit_mmr,no_method_signal,-1.0363267482065297,-0.9834505738721528,-0.8529617588838088,0.5377972709060489,-1.1371426255806285,-1.1511874008745628
2344794,methodkg_v3_02248,projtxt_f222622f4b442e93,implicit_mmr,no_method_signal,-1.0883423082425505,-1.0391768530229395,-1.0301082903495122,0.7927889173644024,-1.144866776527293,-1.1241883824314758
2344795,methodkg_v3_02249,projtxt_f222622f4b442e93,implicit_mmr,no_method_signal,-1.0869213648443663,-0.9023833291866985,-1.0764398506966473,0.6826038416669278,-1.1366387915663452,-1.1089845693673694
2344854,methodkg_v3_02250,projtxt_e01545e8f8014592,multi_method_not_mmr,no_method_signal,-0.9482604152303176,-1.0749141143822636,-0.887578013687951,0.6507286870783868,-1.1747621930419756,-1.212551442139997
2344942,methodkg_v3_02251,projtxt_d07ce323e97ed540,explicit_mmr,explicit_mmr,0.39106710854930327,-1.5613117595057786,-2.8126155599291516,-0.42853665878640174,-1.9958402298517148,-2.8691399518476643
2344947,methodkg_v3_02252,projtxt_95accd599f78aec6,multi_method_not_mmr,no_method_signal,-1.125753147241047,-1.198921676202421,-0.8025360338390745,0.8733715994539998,-1.1245606497452314,-1.28522990233321
2344960,methodkg_v3_02253,projtxt_deef93ab6a8884a9,multi_method_not_mmr,no_method_signal,-1.044153074527394,-1.0885673318771336,-0.9870827454546092,0.7727152452271605,-1.0865799575635755,-1.2136539296024986
2345042,methodkg_v3_02254,projtxt_2faf8253c48ff642,implicit_mmr,no_method_signal,-1.0522534706208122,-0.9980876367842295,-0.9799973373315182,0.6104174335014911,-1.0436900845687718,-1.1631501211216662
2345094,methodkg_v3_02255,projtxt_9b207d5dca59e7ca,explicit_mmr,no_method_signal,-1.0098966718040838,-0.9758361325377035,-1.1041089703048876,0.5016631069790046,-1.1054027925492378,-0.955633628080918
2345114,methodkg_v3_02256,projtxt_e1a327b3e18b3dc5,explicit_mmr,explicit_mmr,0.35671640822458145,-0.26686856445666907,-2.6126901361863113,0.2985740875473034,-2.639373600315956,-2.8107542549741416
2345129,methodkg_v3_02257,projtxt_f5913d765ad380e2,implicit_mmr,explicit_mmr,0.8254494506966286,-1.6004545665789363,-2.9481175016550463,-0.8070127710969018,-2.3212917802688473,-2.2782629215323507
2345187,methodkg_v3_02258,projtxt_ce5841da152b849c,explicit_mmr,explicit_mmr,0.8227063739884933,-1.6595521672778089,-2.416742135216054,-0.7665321650777981,-2.2668304712640954,-2.3611857863084285
2345204,methodkg_v3_02259,projtxt_93423a977b78552f,multi_method_not_mmr,no_method_signal,-0.9755777691827349,-0.7407883346442268,-1.316150508455943,0.36749926711378506,-1.0355767929185322,-0.9405831926839084
2345377,methodkg_v3_02260,projtxt_a98a45b79c6d9bbf,quant_only,no_method_signal,-0.9570172412103741,-0.887158363397213,-1.0174765438682476,0.44629080099704793,-1.0284052441562352,-1.1958877807416985
2345378,methodkg_v3_02261,projtxt_ef13c4c256f33a95,explicit_mmr,implicit_mmr,-0.044101782097768064,0.8382313814319433,-1.4634552003913621,-1.0670590598119116,-2.7329723863607343,-3.154019008054315
2345607,methodkg_v3_02262,projtxt_ee298a79b00d23b2,no_method_signal,no_method_signal,-0.7462145490555804,-0.5149407799046146,-0.9645387004437461,-0.10206338301005624,-1.124956489778421,-1.1793192960190566
2346653,methodkg_v3_02263,projtxt_8ae27e47ac8dcbf9,explicit_mmr,no_method_signal,-0.8222361176153717,-0.5062703076233457,-0.9605768990352264,-0.12242438596784004,-1.101868013351858,-1.1153688218979323
2346868,methodkg_v3_02264,projtxt_1c4ad824abd37597,qual_only,explicit_mmr,1.9477168297414713,-3.3521806405121204,-0.8906625935512318,-2.479273340455449,-1.3160929925224558,-2.303221094561362
2347820,methodkg_v3_02265,projtxt_2375564155052520,implicit_mmr,no_method_signal,-0.43556877881158534,-0.741143193676028,-1.252835320749791,-0.21849044481995866,-0.7750841951579273,-1.217301155770092
2347821,methodkg_v3_02266,projtxt_2375564155052520,implicit_mmr,no_method_signal,-0.43542567608543215,-0.7438738132229753,-1.378725268337052,-0.10555499142183317,-0.7199739804063883,-1.2649798717862522
2348080,methodkg_v3_02267,projtxt_17af9033f84573f6,qual_only,no_method_signal,-0.5887974199426649,-0.9697887705469826,-1.2004425431632093,0.18700324414311742,-0.8078598452122178,-1.2152758839725344
2348081,methodkg_v3_02268,projtxt_17af9033f84573f6,qual_only,no_method_signal,-0.621525964301285,-0.9104148463905671,-1.1458263389539158,0.38360538047204834,-0.9127185559289893,-1.4186622328034226
2348082,methodkg_v3_02269,projtxt_17af9033f84573f6,qual_only,no_method_signal,-0.7028798782922947,-0.7935227168529304,-1.1366360835584557,0.47497644017323115,-1.1105613146164406,-1.3582594939707782
2348835,methodkg_v3_02270,projtxt_4d12bed9e01e1cfb,explicit_mmr,no_method_signal,-0.88745837957588,-0.9876983184917871,-1.3339958555259246,0.9172595498532615,-1.2563377850511117,-1.109595202746675
2349657,methodkg_v3_02271,projtxt_a30d3abb93c733c4,multi_method_not_mmr,no_method_signal,-1.247315708452533,-1.0009659016023984,-1.1335250256971667,0.662962799896873,-1.183965544534246,-0.7622181950705851
2349722,methodkg_v3_02272,projtxt_61d137aa84c06224,quant_only,no_method_signal,-1.3178423188342632,-1.0611475520740583,-1.2452689395939038,0.986721501644985,-1.0925526259276728,-0.9504344507687555
2350382,methodkg_v3_02273,projtxt_3c9ef492a166a15a,explicit_mmr,no_method_signal,-0.4400239791656239,-0.6346552228836457,-1.260746829012263,-0.06544734559974408,-0.9899271668418108,-1.261199161727348
2350410,methodkg_v3_02274,projtxt_389dec86168b8914,explicit_mmr,no_method_signal,-0.4070900792652273,-0.6166765862706207,-1.2952766939096287,-0.08584003217599162,-0.9725489851375899,-1.2843447576871039
2400347,methodkg_v3_02275,projtxt_7146eafa2fbf9322,quant_only,no_method_signal,-0.88745837957588,-0.9876983184917871,-1.3339958555259246,0.9172595498532615,-1.2563377850511117,-1.109595202746675
2400411,methodkg_v3_02276,projtxt_94728f3bc6ecc4ed,quant_only,no_method_signal,-0.4837440954089042,-0.7405557006922819,-1.3133305107037143,-0.10027511335477285,-0.8690185314384029,-1.140992944418508
2400428,methodkg_v3_02277,projtxt_a75a44f4828acee3,implicit_mmr,explicit_mmr,0.7379811547391536,0.3962343184647714,-2.1937476544556143,-0.6225627268714844,-4.055080193885388,-1.5980226131526825
2400478,methodkg_v3_02278,projtxt_ba04ce010067dfbe,explicit_mmr,no_method_signal,-0.303978951795935,-0.05046292140013661,-2.155407020726572,0.43211531009712,-2.1408963178259532,-1.8990797284476995
2400767,methodkg_v3_02279,projtxt_527fd40c80a40123,multi_method_not_mmr,no_method_signal,-0.46009601090558455,-0.6810888175884475,-1.2593795270729595,-0.2795422306201698,-0.6387936119186501,-1.3114918971535032
2400781,methodkg_v3_02280,projtxt_d4b520e2168243d4,quant_only,no_method_signal,-0.3991568354656149,-0.7612498474574222,-1.3212365968154627,-0.055380657576031264,-0.8218711199704348,-1.292157700489434
2400782,methodkg_v3_02281,projtxt_d4b520e2168243d4,quant_only,no_method_signal,-0.48260172154106423,-0.7083697434919908,-1.3259396813687017,-0.16665714930094538,-0.8905685194235639,-1.0759627584483267
2400783,methodkg_v3_02282,projtxt_d4b520e2168243d4,quant_only,no_method_signal,-0.4209523073390428,-0.7960452116155974,-1.3561693342752887,-0.27162673883064176,-0.6531567492569754,-1.1400584749583633
2400784,methodkg_v3_02283,projtxt_d4b520e2168243d4,quant_only,no_method_signal,-0.42402208534877045,-0.7320242382494438,-1.21484934625196,-0.22842626509609368,-0.7176100979738427,-1.333584826981766
2400805,methodkg_v3_02284,projtxt_d02f518f23aad4a1,implicit_mmr,implicit_mmr,0.13593280015900777,0.2702798925537815,-0.44521657508888346,-1.490207664029927,-2.6679242391975047,-3.0749230545566375
2403932,methodkg_v3_02285,projtxt_af481fd83ea38e0f,explicit_mmr,explicit_mmr,1.6163338942200878,-1.3851421613078059,-2.8066570628965897,-1.96344748707387,-0.8279357458360102,-2.1509140961696334
2403963,methodkg_v3_02286,projtxt_28187647d8a3d2e2,explicit_mmr,no_method_signal,-0.4808622900050057,-0.6937518059497694,-1.5230646471076805,0.3687162600647138,-0.7897181594700817,-1.5161570263345265
2404263,methodkg_v3_02287,projtxt_80f7503b914db769,explicit_mmr,no_method_signal,-1.1418237833088312,-0.6552507400147715,-1.1737371581500142,0.4931991686761109,-1.1616878581310166,-1.0014376964283156
2404264,methodkg_v3_02288,projtxt_80f7503b914db769,explicit_mmr,no_method_signal,-1.1253483893779719,-0.8121632098829678,-1.166274803515271,0.7892348509183496,-1.2140632875259534,-1.1244740360237269
2404553,methodkg_v3_02289,projtxt_ea8f1604b679699b,explicit_mmr,no_method_signal,-0.7610932085309461,-0.9848996134357811,-1.2499177428315054,0.35370475673503105,-0.9013586857651551,-1.1019103147069784
2404797,methodkg_v3_02290,projtxt_7d7d2a04c43006ad,explicit_mmr,explicit_mmr,2.6694245168536272,-2.607493100413318,-1.8749125846428987,-1.1123733237756352,-2.168367666207809,-3.7903394461468225
2404929,methodkg_v3_02291,projtxt_25ec796a4c83ade8,explicit_mmr,explicit_mmr,0.44264923354726415,-1.8999929807576372,-2.232020216281183,-1.493930614793363,-0.6421653671516175,-1.2225029782073533
2405120,methodkg_v3_02292,projtxt_92738bca65feca54,multi_method_not_mmr,no_method_signal,-0.7308693178013411,-0.874009898440971,-1.116643433804569,0.1536513294467919,-0.8055091840627454,-1.2628068938491857
2405224,methodkg_v3_02293,projtxt_b872535ed71ace0c,implicit_mmr,no_method_signal,-0.5596240471796853,-0.8938147977805776,-1.2940240666206424,0.09073150026121224,-0.7981167793583234,-1.17853758611968
2405225,methodkg_v3_02294,projtxt_b872535ed71ace0c,implicit_mmr,no_method_signal,-0.7125983897564285,-0.7693661125818239,-1.3812011480364164,-0.03593797041316914,-0.8155630378156379,-0.921972732991244
2405230,methodkg_v3_02295,projtxt_096ba64abf58523a,explicit_mmr,explicit_mmr,0.31206143636522127,-0.3988893551196148,-2.12017025723768,-1.9142523432498202,-3.2109606687321905,-1.2197975565276356
2405431,methodkg_v3_02296,projtxt_01f7f6515c9209ea,qual_only,no_method_signal,-0.49864626745840096,-0.8048434764395058,-1.1365192237515493,0.06414552732814574,-1.0188035672802431,-1.2390388447513692
2405487,methodkg_v3_02297,projtxt_d128560ab5242c44,qual_only,no_method_signal,-0.8052366449626412,-0.899431899431639,-1.249209766287622,0.24587452413435215,-0.6498823358674629,-1.2710135644861507
2405747,methodkg_v3_02298,projtxt_2e4749177f55bf96,qual_only,qual_only,-0.7666381110309997,-1.9616673350426461,-1.3198209297295687,-1.8134636994418583,0.35031883132017866,-1.8645113746291515
2405785,methodkg_v3_02299,projtxt_90d4875635a534ee,explicit_mmr,explicit_mmr,1.1363525572914108,-1.110849598601234,-1.8681032663668686,-1.7456979368505343,-1.8390977131404203,-2.005160098155221
2405786,methodkg_v3_02300,projtxt_90d4875635a534ee,explicit_mmr,explicit_mmr,0.7451984484593975,-1.1564809314720772,-1.9322657815298212,-1.401407118486535,-1.6753242005904367,-2.0251621787719563
2406660,methodkg_v3_02301,projtxt_7fb68cdafc92f21e,quant_only,no_method_signal,-0.9235389238443835,-0.8984142750650156,-1.0978359281407974,0.4414262814970718,-1.0494802667355174,-1.1126989866054848
2406960,methodkg_v3_02302,projtxt_06e5e39682f324de,explicit_mmr,explicit_mmr,-0.22195651671472744,-0.5403647467154087,-1.175261169849424,-1.3354151336163356,-0.5466649144130996,-2.4795789267248427
2407013,methodkg_v3_02303,projtxt_8404b763e41854fa,explicit_mmr,no_method_signal,-0.9092852888594802,-0.857768587064531,-1.0986753862593768,0.28367811631612705,-0.9903596363688355,-1.0745833606901403
2407014,methodkg_v3_02304,projtxt_8404b763e41854fa,explicit_mmr,no_method_signal,-0.9222208158514458,-0.8932131513501194,-1.0267627431902075,0.28126819754280746,-0.9604087058837918,-1.1191405725928325
2407134,methodkg_v3_02305,projtxt_3a0d7b9c99e8b94c,explicit_mmr,explicit_mmr,1.0376412538341753,-1.7601632219346046,-2.0876071214277254,-0.40134449474510864,-1.4681145897084922,-1.8103448233419295
2407135,methodkg_v3_02306,projtxt_156b98787b7bef51,explicit_mmr,explicit_mmr,0.968252202996762,-1.8898589494755735,-2.022486452597455,-0.31863575824788987,-1.4278354755624063,-1.8577948847346746
2407294,methodkg_v3_02307,projtxt_031fc59b1d51b675,explicit_mmr,implicit_mmr,-1.4629679229557166,0.44847063534031517,-1.6243275908338644,-0.9747268507132959,-1.8000353218432712,-1.3237054170942808
2408969,methodkg_v3_02308,projtxt_20ca67bdf7062978,explicit_mmr,no_method_signal,-0.40343606453188996,-0.7369337172958307,-1.347474893748447,0.05748885624228307,-1.0671202905843709,-1.1703005212648965
2409848,methodkg_v3_02309,projtxt_c85bb658c0286871,explicit_mmr,no_method_signal,-1.080811142743219,-1.0335392601424573,-1.0734371906751063,0.7650493954585303,-1.2050999346790587,-0.9959666742860718
2409905,methodkg_v3_02310,projtxt_1e0eac3bf43c3824,qual_only,no_method_signal,-1.1829243507882787,-1.1442833085150914,-1.2919851636427753,0.5562898915070654,-0.5035298146645069,-1.076388908933705
2411129,methodkg_v3_02311,projtxt_21932813926024f8,qual_only,no_method_signal,-0.7806277436975584,-0.7209933968582138,-1.3276968608568465,0.07727530750190985,-0.8249485620560566,-1.0679985528537037
2411326,methodkg_v3_02312,projtxt_c1be9e81bbdf00d7,explicit_mmr,explicit_mmr,1.2090779241091307,-2.1111966143294496,-1.4781270974864378,-2.422601871594412,-0.40649152872570643,-2.884502908824083
2411524,methodkg_v3_02313,projtxt_878dd6e83a126740,explicit_mmr,no_method_signal,-1.0367559264941406,-0.8840906632030259,-1.149814963836767,0.34093484082959863,-0.9148438854770533,-0.996925412661968
2411535,methodkg_v3_02314,projtxt_c074c6bcab61a1fa,qual_only,no_method_signal,-0.7397704876989528,-0.7596848072241379,-1.0729720469178237,0.19479237190912035,-1.0537284762955261,-1.1913065980282076
2411594,methodkg_v3_02315,projtxt_6160d6f471490130,implicit_mmr,no_method_signal,-0.876273672345496,-0.8535119952180507,-0.9918974732823904,0.13434564608122004,-0.9365260636196271,-1.1232709023444247
2411595,methodkg_v3_02316,projtxt_6160d6f471490130,implicit_mmr,no_method_signal,-0.9674510646940604,-0.8441681610855793,-1.2243359317548774,0.5202529699242449,-1.0405484283559372,-1.1027951166641696
2411711,methodkg_v3_02317,projtxt_05a0836dc6a7f157,qual_only,no_method_signal,-0.7243003505190055,-2.305868919395845,-1.0524826481364196,-0.6245765388335273,-1.853749378505138,-2.1012778271332317
2411805,methodkg_v3_02318,projtxt_16ea68ea4c12d139,implicit_mmr,explicit_mmr,-0.07155030482946526,-1.8793809736418727,-0.20541651760159058,-1.5393226232549515,-1.344261214157311,-2.506227327241483
2411987,methodkg_v3_02319,projtxt_fe92e25b242eb9e7,explicit_mmr,explicit_mmr,-0.1559481921897139,-1.4763874834117594,-1.820881371652827,-1.8489956974280366,-0.47157001031015416,-2.838528419859923
2411988,methodkg_v3_02320,projtxt_fe92e25b242eb9e7,explicit_mmr,no_method_signal,-1.0628388747035906,-1.0956497309400737,-1.3208689610130353,0.9745574169811523,-0.8659446283838071,-1.2707635622106008
2413063,methodkg_v3_02321,projtxt_ba6cb53797442993,explicit_mmr,explicit_mmr,0.434000051089895,-0.8024997450183318,-1.804453417524736,-1.9710432039339643,-1.8243845498602063,-1.771651014764881
2413103,methodkg_v3_02322,projtxt_bceb1b4900c5ab68,explicit_mmr,no_method_signal,-0.9298795137443633,-0.9070677000866613,-1.0304862042879654,0.3874520147163715,-1.0535214125209136,-1.110140681990905
2413231,methodkg_v3_02323,projtxt_7b0fe22cec4e4ec6,qual_only,no_method_signal,-0.707406539644362,-1.0215314253704508,-1.2411816408255123,0.603549333881355,-0.864465745851105,-1.4107587742807135
2413239,methodkg_v3_02324,projtxt_f381e418308fc145,explicit_mmr,explicit_mmr,0.6362262914492769,-1.7279664456064359,-1.0721065974891064,-1.8166875564928269,-1.480470746792218,-1.7129773101406733
2413410,methodkg_v3_02325,projtxt_bde8fae600dec1b9,explicit_mmr,no_method_signal,-0.8757622522739753,-0.8817870893140237,-1.0874743395657067,0.404902426981127,-1.0542589183546434,-1.1432770730781987
2414169,methodkg_v3_02326,projtxt_4132a57549033080,explicit_mmr,qual_only,-0.29737820065333287,-1.5805806297495717,-3.0262960921232804,-0.24177218127727212,0.12252193609131203,-2.2045873106220566
2414170,methodkg_v3_02327,projtxt_4132a57549033080,explicit_mmr,qual_only,-0.39811022800150114,-1.5667996024046489,-2.9713376097458757,-0.14805040961615484,-0.08408885018984714,-2.05939771781436
2415028,methodkg_v3_02328,projtxt_bb631165989565e3,explicit_mmr,no_method_signal,-0.6859844941202512,-1.0110742206274892,-1.1975826941493013,0.5050131343231535,-0.8809311840577252,-1.3775850015284206
2415197,methodkg_v3_02329,projtxt_2e1de3fcb7e9659c,explicit_mmr,explicit_mmr,-0.3671656324344013,-0.5259758068805449,-1.3422180937588217,-0.9849398420998419,-3.0193701146699334,-1.5965175728055474
2415686,methodkg_v3_02330,projtxt_c93edd550d648953,qual_only,no_method_signal,-0.822223673271544,-0.7979136599754935,-1.0384024658815654,0.14437608499364327,-0.894190059223664,-1.216546962643055
2415796,methodkg_v3_02331,projtxt_ad5569f06d914980,explicit_mmr,no_method_signal,-0.7236755277365418,-0.8246929144079139,-1.2465741113845372,0.2196601275007111,-0.8493473668448549,-1.1989209348510008
2415797,methodkg_v3_02332,projtxt_ad5569f06d914980,explicit_mmr,no_method_signal,-0.756132369703621,-0.9206704084139704,-1.240294523208642,0.36074717088792585,-0.9017099403823029,-1.16532495308765
2415869,methodkg_v3_02333,projtxt_0100f8cf2e123044,implicit_mmr,no_method_signal,-0.7789530108937428,-0.7558576974280482,-1.2227554224304782,0.0958822379405583,-0.889780257428003,-1.0812661763430602
2415965,methodkg_v3_02334,projtxt_e93c683df8c8b252,implicit_mmr,no_method_signal,-0.6102824745687191,-0.9594694491516342,-1.3241801294406992,0.30192807048657094,-0.8848181322630833,-1.1390400860752823
2415989,methodkg_v3_02335,projtxt_6e4daf1a03ebab84,multi_method_not_mmr,no_method_signal,-0.6773141971200249,-0.9140845136670307,-1.0570204869167799,0.2503270962968396,-0.8010356407761149,-1.4268227259340154
2416024,methodkg_v3_02336,projtxt_063350ccc477e7ec,qual_only,explicit_mmr,-0.20365347969498565,-0.9659434578795607,-2.1069860755808953,-0.6315091253933809,-2.0590177883301832,-1.6549751236361663
2416621,methodkg_v3_02337,projtxt_bc588346a4b30def,explicit_mmr,no_method_signal,-0.8598144315149264,-0.5263454338618755,-0.9960398151235382,-0.029588885834863042,-1.2702860933194051,-0.9490579256451837
2416804,methodkg_v3_02338,projtxt_ebd9b6c4c72610c0,qual_only,no_method_signal,-0.7877052167232959,-0.4653720689318242,-1.015101959318462,-0.017248762224934405,-1.15341284519268,-1.1921390899198987
2417138,methodkg_v3_02339,projtxt_40c45863380b81b3,implicit_mmr,explicit_mmr,-0.2211316966486025,-1.0363710487086644,-0.810100841377752,-1.823189202312523,-1.6574334081686926,-2.234891788614348
2417139,methodkg_v3_02340,projtxt_40c45863380b81b3,implicit_mmr,explicit_mmr,-0.16660213214765618,-0.962691130557938,-0.8246192101227962,-2.0281488377868206,-1.6053178321949568,-2.200227081235047
2417140,methodkg_v3_02341,projtxt_40c45863380b81b3,implicit_mmr,explicit_mmr,-0.29853938655743184,-0.9231438109852044,-0.8851802030278724,-1.9115993283083763,-1.5447723352523748,-2.222344499803383
2417149,methodkg_v3_02342,projtxt_6b1930ed85c566e0,multi_method_not_mmr,no_method_signal,-0.828837507298059,-0.4075920987595388,-1.1656723859859268,0.0016054097981880993,-1.1540501513760495,-1.0753575232754613
2417150,methodkg_v3_02343,projtxt_6b1930ed85c566e0,multi_method_not_mmr,no_method_signal,-0.8657741146625296,-0.4789909687004556,-1.0608590227271826,-0.058052918367388406,-1.2712060326517622,-0.8920799909962215
2417239,methodkg_v3_02344,projtxt_51aa980e3fe55399,explicit_mmr,explicit_mmr,0.609986178633417,-1.230147798037993,-1.6032007413116076,-2.668704937887142,-2.1337969193584256,-1.5815513231401037
2417240,methodkg_v3_02345,projtxt_51aa980e3fe55399,explicit_mmr,explicit_mmr,0.5382084686265153,-1.2078492658289286,-1.3967096615814978,-2.7288254004853534,-2.192033495559979,-1.6176487418832295
2417252,methodkg_v3_02346,projtxt_37e22f946c203ab9,qual_only,explicit_mmr,1.3739414388625995,-1.6449091588915714,-0.9859420103546322,-2.8130120703819683,-1.5327018491706488,-2.708452304388036
2417374,methodkg_v3_02347,projtxt_2e524a4a37bcb26e,no_method_signal,no_method_signal,-0.8087237171443681,-0.5363340653098057,-0.8698345043348337,-0.10092098806932207,-1.126593143956809,-1.1902598458075653
2417423,methodkg_v3_02348,projtxt_00196a282850f514,implicit_mmr,no_method_signal,-0.8580527261529682,-0.6025012932947662,-1.0542847712077639,0.05662368748632453,-1.0623064692515816,-1.1220561730304373
2418374,methodkg_v3_02349,projtxt_84d785c8cc94924a,implicit_mmr,no_method_signal,-1.0284743882809808,-0.7886592732937411,-0.9203655920736613,0.3286711860957783,-0.9649724824150081,-1.2561957119650342
2418638,methodkg_v3_02350,projtxt_4a091085d7436823,qual_only,no_method_signal,-0.6118427280562839,-0.6941163099384491,-1.069337689676913,-0.23438091671535516,-0.7975097277118568,-1.2207610474474748
2418639,methodkg_v3_02351,projtxt_4a091085d7436823,qual_only,implicit_mmr,-1.7434541796946694,0.020263892428421023,-0.5947960083174169,-1.3142091971358896,-1.1308364280534469,-2.0180958258223343
2418640,methodkg_v3_02352,projtxt_4a091085d7436823,qual_only,no_method_signal,-1.1402406762728474,-0.867396361673721,-1.1806795061109439,0.5568184323667288,-0.8672554429460049,-1.1408714188306757
2418715,methodkg_v3_02353,projtxt_f69b685ce8f8c152,implicit_mmr,no_method_signal,-1.1244529908157364,-0.8575300865630042,-1.0050725170115253,0.44909732623339055,-0.8710236186045998,-1.2333975352063662
2419116,methodkg_v3_02354,projtxt_d70b97ecba326162,multi_method_not_mmr,no_method_signal,-1.1353584171748157,-1.0523823944585748,-1.0949476683412558,0.9993770725485701,-1.1925635795094198,-1.1848195571402482
2419117,methodkg_v3_02355,projtxt_d70b97ecba326162,multi_method_not_mmr,no_method_signal,-1.1183986864329998,-1.0850858667943115,-1.079691511737173,0.961541695499322,-1.1836198531339328,-1.15684086085234
2419118,methodkg_v3_02356,projtxt_d70b97ecba326162,multi_method_not_mmr,no_method_signal,-1.218588754625017,-1.1943316666990555,-1.0500806321049776,1.146352505212497,-1.1556958768592116,-1.2035927703134925
2420944,methodkg_v3_02357,projtxt_c4dafa5f179ca40a,explicit_mmr,no_method_signal,-1.0221993680292545,-0.9408992429105129,-1.0033596951586108,0.6038764343735209,-1.0651677008965037,-1.221320252061979
2421240,methodkg_v3_02358,projtxt_0fd5f01fc9c521a3,explicit_mmr,explicit_mmr,1.9492587693603463,-0.43060429826268265,-3.6857104721377616,-0.9966858975538119,-1.0193338946440587,-2.3653323899809293
2421241,methodkg_v3_02359,projtxt_0fd5f01fc9c521a3,explicit_mmr,explicit_mmr,2.0494488375523634,-0.3213584983579386,-3.715321351769957,-1.181496707266987,-1.0472578709187799,-2.318580480519777
2421279,methodkg_v3_02360,projtxt_d8fc3c74ed6e9b29,explicit_mmr,no_method_signal,-0.9437434226901913,-0.8688200253090419,-1.0184456861329596,0.4089530759664648,-1.0124772441931635,-1.2075467130946047
2421280,methodkg_v3_02361,projtxt_d8fc3c74ed6e9b29,explicit_mmr,no_method_signal,-0.9437434226901913,-0.8688200253090419,-1.0184456861329596,0.4089530759664648,-1.0124772441931635,-1.2075467130946047
2421846,methodkg_v3_02362,projtxt_341cbb6d07fed890,explicit_mmr,explicit_mmr,0.0010012869655376816,-0.2912221106082923,-2.660301408344083,-2.1545477144367537,-2.5216494970302206,-1.4561983093320534
2422009,methodkg_v3_02363,projtxt_6d8d2c4efa8c0e45,explicit_mmr,explicit_mmr,0.6761314066776131,-0.086877546022436,-2.730709676416226,-2.1462495369604744,-3.043977528581176,-1.692954579383213
2422010,methodkg_v3_02364,projtxt_6d8d2c4efa8c0e45,explicit_mmr,explicit_mmr,0.5975529906634923,-0.0506115659644166,-2.5015360083901377,-2.187914690874071,-3.0176691342782926,-1.864453548030272
2422287,methodkg_v3_02365,projtxt_31ed8ae7576fd7c8,qual_only,no_method_signal,-1.0105076224071154,-0.8063356409518199,-1.2006848162517003,0.5501764330712361,-1.143026834933337,-1.0347538245120274
2422319,methodkg_v3_02366,projtxt_e3c6705e7938937a,quant_only,no_method_signal,-0.9784808135737019,-0.9827520656087463,-1.1363443426799373,0.3379660321487629,-1.0461308735049661,-0.829581732716097
2422544,methodkg_v3_02367,projtxt_0990f6400c43079d,explicit_mmr,no_method_signal,-0.9657247347828808,-0.6996618123859638,-1.0822574668756966,0.28748871421575195,-1.1289019688949278,-1.0561868774738998
2423026,methodkg_v3_02368,projtxt_d69d5b8cd0b9ae2f,explicit_mmr,explicit_mmr,1.4341334924586557,0.022870232667478913,-1.980736332653054,-0.45834331844345044,-3.1720076844341913,-2.871530737319784
2424244,methodkg_v3_02369,projtxt_27c6887fe9ce6817,explicit_mmr,no_method_signal,-1.0399742633765878,-1.0620576308872645,-1.4388145293815355,0.8079308447743578,-1.0428628428420674,-0.8916092125434082
2424324,methodkg_v3_02370,projtxt_b349d7f8af18dad1,explicit_mmr,explicit_mmr,0.5521439166864458,-1.0355766513059117,-2.7146643667834813,-0.9443168275405448,-1.5102807091245114,-2.267808636628753
2424492,methodkg_v3_02371,projtxt_ad57567e02b54624,multi_method_not_mmr,no_method_signal,-0.9200779452677007,-0.824682586805782,-1.3822140232795954,0.4677485152011753,-1.1283855478533789,-0.8492918423042295
2424522,methodkg_v3_02372,projtxt_3cbd11edad6a47cb,explicit_mmr,no_method_signal,-0.5400747700226495,-0.599657091920286,-2.493144778382165,1.0686370988321408,-2.7186311739703077,-2.4309380989062923
2424692,methodkg_v3_02373,projtxt_39a5b2bcf149f311,multi_method_not_mmr,no_method_signal,-0.9869153354097646,-0.8863629788771316,-1.337611217439614,0.5490754605495022,-1.046998535819222,-0.9277441333116293
2424742,methodkg_v3_02374,projtxt_74ed65fb6ddaa0b0,explicit_mmr,no_method_signal,-0.5753606206611757,-0.41432736799777753,-2.9028378545957794,0.012043042604178612,-1.2247828230544529,-2.4141685662332537
2424868,methodkg_v3_02375,projtxt_1a1e55b6dc062f99,explicit_mmr,no_method_signal,-1.0845024074302103,-0.9879931922616703,-1.3206414577178278,0.7053277697392004,-1.0660014767350554,-0.8921256671460588
2424952,methodkg_v3_02376,projtxt_2b588a1154afb67d,implicit_mmr,no_method_signal,-0.849680031320201,-0.8491136278888791,-1.4501333110145336,0.5574657683765094,-1.166407007914277,-0.8798789719866785
2424953,methodkg_v3_02377,projtxt_90fa5075f0981e7d,explicit_mmr,no_method_signal,-0.9397779081707748,-0.946381620752276,-1.2905834823438875,0.5148832664241219,-1.1044324055939059,-0.8770887157087298
2424988,methodkg_v3_02378,projtxt_454da90ad72ffbcf,explicit_mmr,explicit_mmr,0.2890602310917492,-0.8818560462139393,-2.9636167560624957,-0.7532901203444279,-1.2303025961782657,-3.250311134362731
2425114,methodkg_v3_02379,projtxt_237dbfc7524278d1,explicit_mmr,no_method_signal,-0.24555375683787634,-0.8797642516915936,-2.8724928171526734,0.7139242552241526,-1.4962798458584727,-3.335778910922888
2429274,methodkg_v3_02380,projtxt_c9d768bc9ced10ee,qual_only,no_method_signal,-0.7912649966134573,-0.931286952040985,-1.0446260869692525,0.20276480688196327,-0.8101039345446427,-1.271989867823106
2429533,methodkg_v3_02381,projtxt_c9d7540e7fbc373e,qual_only,no_method_signal,-0.8707556550732747,-0.8308337904327557,-1.1260003115034163,0.5122330028079024,-0.92983490427449,-1.381087956690603
2429605,methodkg_v3_02382,projtxt_97ad26f790ded639,explicit_mmr,explicit_mmr,0.2533429578714592,-2.1080220968481265,-1.684124417819049,-1.1186461021494623,-0.6632968424714408,-2.4216808914178416
2429624,methodkg_v3_02383,projtxt_41372a7ca942c8dc,qual_only,no_method_signal,-0.9124339401515006,-0.8857527048582156,-1.2491605230586587,0.6668149587545295,-0.9188320518300561,-1.3287025499311444
2429832,methodkg_v3_02384,projtxt_c4e5cc1c25f1ddbf,quant_only,no_method_signal,-0.9278870629326565,-0.8563553142890865,-1.2235631495816657,0.6593172524270304,-0.9961926544162626,-1.280801594488146
2430255,methodkg_v3_02385,projtxt_6a347d716da0a7d4,quant_only,no_method_signal,-0.8086248477058199,-0.9428683543289557,-1.1972288974818133,0.6367789160266686,-1.1352780423024518,-1.1982035185646984
2430257,methodkg_v3_02386,projtxt_6a347d716da0a7d4,quant_only,no_method_signal,-0.9539342985185258,-0.9247824580140716,-1.0374764315799148,0.5214797829727601,-1.0406692952325536,-1.20831014625399
2430258,methodkg_v3_02387,projtxt_6a347d716da0a7d4,quant_only,no_method_signal,-1.0721601531875278,-1.0034097612519177,-1.20083713746719,0.7914724209750333,-1.0875439076999116,-1.0796946829067418
2430463,methodkg_v3_02388,projtxt_4226cae76c289a57,qual_only,no_method_signal,-0.9514424059983452,-0.7890222142437597,-1.4144151276228998,0.5705231803260923,-0.9560978657241458,-1.0844263118166446
2430541,methodkg_v3_02389,projtxt_5938e26505138f2b,explicit_mmr,no_method_signal,-0.973840394928222,-0.8782362669340047,-1.0078188699620672,0.541196777483993,-1.073926752131226,-1.2466939972557698
2430739,methodkg_v3_02390,projtxt_107c6712e6da5742,quant_only,no_method_signal,-0.8518967048614975,-0.971743779582246,-0.9907374071316161,0.29139751283762366,-0.7682257511748968,-1.3590935720276869
2434875,methodkg_v3_02391,projtxt_8a293c81bbded978,quant_only,no_method_signal,-0.9086255007063835,-0.8870150081470052,-1.0528455435523707,0.4212541772839952,-1.0292800309320131,-1.1864273890228176
2435473,methodkg_v3_02392,projtxt_111e193886d067d1,quant_only,no_method_signal,-1.245577771059266,-1.1806997992826613,-1.0429755806841468,1.1358884931279065,-1.323259723295216,-1.038914797285077
2439211,methodkg_v3_02393,projtxt_28a6821ed9491fe5,explicit_mmr,no_method_signal,-0.8245177344205946,-0.6930171828016854,-1.068716023771064,0.1563471858143447,-1.0932190893849822,-1.1143528293532368
2441096,methodkg_v3_02394,projtxt_7bd2b8b75af07f14,qual_only,no_method_signal,-0.6077204577951417,-0.9016704178250114,-1.006691458189256,0.2572998338117725,-1.0358288285428834,-1.3713473925633368
2447200,methodkg_v3_02395,projtxt_536bd87d51d7905f,implicit_mmr,no_method_signal,-1.2600205982359045,-1.067173873205515,-1.0556474051078069,0.755677060599777,-1.3091388747550206,-0.7330058073016263
2448306,methodkg_v3_02396,projtxt_bb05d13d9c407e12,explicit_mmr,explicit_mmr,0.3501052237232345,0.07963815158296936,-3.329177973793812,-0.8145157827741256,-2.2920639417861692,-1.8424995704377891
2448307,methodkg_v3_02397,projtxt_bb05d13d9c407e12,explicit_mmr,explicit_mmr,0.5154483727868062,0.27458190783498126,-3.2309266895351243,-1.127812659494203,-2.488849071356694,-1.7702889965243986
2448308,methodkg_v3_02398,projtxt_bb05d13d9c407e12,explicit_mmr,explicit_mmr,0.46069718621799316,0.23628664643388012,-3.3066307088046356,-1.0354895535681554,-2.4852752048237785,-1.7068506715291274
2448327,methodkg_v3_02399,projtxt_17af9033f84573f6,qual_only,no_method_signal,-0.6928831425144412,-0.9741217368555511,-1.14565627807485,0.46529377660547294,-0.8737850671807927,-1.4154048460581068
2448374,methodkg_v3_02400,projtxt_00b1508abf46cbc8,explicit_mmr,no_method_signal,-0.8539925055657308,-1.0477533846074039,-1.0683952951243194,0.5016649616740848,-0.9612769684922359,-1.1938188030500723
2449885,methodkg_v3_02401,projtxt_e16394a53a8cda3f,explicit_mmr,implicit_mmr,-1.060558202924493,-0.1185422917019307,-1.3290380202337215,-1.3780241908716653,-1.305281991068975,-2.149118071080966
2450045,methodkg_v3_02402,projtxt_f42ce856f6e46171,explicit_mmr,explicit_mmr,0.784125872892893,-0.7116637654548055,-1.6808019870124857,-1.7401337854239978,-2.0799460589453886,-1.1112047377636067
2450400,methodkg_v3_02403,projtxt_9c704bdc46c96bd7,explicit_mmr,qual_only,-1.5358234225401568,-1.075271282390014,-1.5901767123942832,-1.6454033749113006,-0.6453471608781827,-1.262011832159
2452030,methodkg_v3_02404,projtxt_bb8108245d917e2c,explicit_mmr,no_method_signal,-0.7574612390297174,-0.7552972541082721,-1.334763418702503,0.1814097605409533,-0.879166892462866,-1.0915551587893897
2500229,methodkg_v3_02405,projtxt_717c2e3061d30d7f,implicit_mmr,no_method_signal,-1.0081534180646532,-0.9358996125905968,-1.2334740929382342,0.5195485309823376,-1.130973561515095,-0.8696156367395048
2500289,methodkg_v3_02406,projtxt_4abfde9f63924f17,implicit_mmr,no_method_signal,-0.48685292852923223,-0.5171568865704925,-1.4641083247993665,-0.18280975437203736,-0.7439869176353265,-1.2365881832109595
2500508,methodkg_v3_02407,projtxt_cbd9baf56c812cbf,multi_method_not_mmr,explicit_mmr,0.7076968746969713,-1.5023644505099372,-1.1083299604953583,-1.2487643378102293,-2.2361142399925096,-2.390815678467106
2500509,methodkg_v3_02408,projtxt_cbd9baf56c812cbf,multi_method_not_mmr,no_method_signal,-0.7958560258186326,-0.6502462405702539,-1.155449739976297,-0.0031033653112396507,-0.8755044979161088,-1.1549600318152855
2500654,methodkg_v3_02409,projtxt_c82ca4d99a11ab0d,multi_method_not_mmr,no_method_signal,-0.9521726830887716,-1.0673698140835925,-1.2389992162389025,0.9505905468481655,-1.1874254971541989,-1.1624538813227392
2500655,methodkg_v3_02410,projtxt_c82ca4d99a11ab0d,multi_method_not_mmr,no_method_signal,-0.925534624261024,-1.5461814374750924,-1.3310198634623231,1.1117332151537958,-1.0713966813031952,-2.3452876411864714
2500848,methodkg_v3_02411,projtxt_3bf1ccbf90403c32,explicit_mmr,no_method_signal,-0.9342198504086173,-0.9998179070336821,-1.2336904419771342,0.46664721456789215,-0.9728317089728074,-0.9614614866417416
2500849,methodkg_v3_02412,projtxt_3bf1ccbf90403c32,explicit_mmr,no_method_signal,-0.8986970868948414,-0.7496494848613252,-1.2335816152327084,0.3121970403537202,-1.020495559760316,-1.0443946925720402
2506427,methodkg_v3_02413,projtxt_67f7ea03020c9600,implicit_mmr,implicit_mmr,-2.8801033000766747,0.6869894800151894,-1.17559363681441,-1.402640829173196,-1.5404181767934257,-1.35388914390113
2506911,methodkg_v3_02414,projtxt_eb15ecfd88800dfe,implicit_mmr,no_method_signal,-1.0721184759819395,-0.6541641337542324,-1.2641019272688019,0.2879973741786784,-0.8858338730710529,-1.0401543927040595
2506912,methodkg_v3_02415,projtxt_eb15ecfd88800dfe,implicit_mmr,no_method_signal,-1.064127456303553,-0.645433077917833,-1.2621356592164061,0.30035903775189593,-0.9340588492683602,-1.0241579666164757
2507129,methodkg_v3_02416,projtxt_cb033ab4a0e715a2,quant_only,no_method_signal,-1.0212197546951973,-0.6285306971555686,-1.1330295822739485,0.17677630074794198,-0.9585007056198316,-1.052644391307152
2508523,methodkg_v3_02417,projtxt_bd75c3d9dcb488e6,explicit_mmr,no_method_signal,-0.7812875625717455,-0.640138811640998,-1.3443148477724833,0.1625165932839799,-0.8689909489685865,-1.1456556536144566
2508612,methodkg_v3_02418,projtxt_e1360f7d52b3ac57,qual_only,explicit_mmr,1.2919110221498107,-0.5408270067409968,-2.8644111665276926,-1.237355302032654,-0.19953692405091833,-2.8440865864444493
2508771,methodkg_v3_02419,projtxt_5c402111dd884a81,implicit_mmr,no_method_signal,-0.9814937931261685,-0.9645059459461709,-1.1470206202211513,0.25705596662593455,-0.7768613482478821,-1.0217504369280295
2508834,methodkg_v3_02420,projtxt_4c166562013988b1,explicit_mmr,no_method_signal,-0.7626754596974208,-0.9375982058033888,-1.1315927761507205,0.15886332447888385,-0.8247520541950106,-1.1211664769435647
2508835,methodkg_v3_02421,projtxt_b21a0a825bc344f8,explicit_mmr,no_method_signal,-0.9078819606954037,-0.8114570899695733,-1.2363623840031162,0.25518550918497757,-0.8742028140301767,-1.0737306587974476
2508970,methodkg_v3_02422,projtxt_ca16b00027755dac,explicit_mmr,explicit_mmr,0.9820445656414923,-0.13498673207193862,-1.4377166959075858,-1.8971960102289196,-2.4948870153066918,-2.0965175106896337
2508971,methodkg_v3_02423,projtxt_ca16b00027755dac,explicit_mmr,no_method_signal,-0.9715534947376727,-0.7787873357824932,-1.131531314364012,0.09083877107035226,-0.8381918195701751,-0.9914209990291555
2509043,methodkg_v3_02424,projtxt_63da0c897980b07e,explicit_mmr,implicit_mmr,-0.3254393489514839,0.22480930722064482,-1.1328314765666343,-0.8422096349717734,-2.7560439695732035,-2.2069713480494237
2509044,methodkg_v3_02425,projtxt_63da0c897980b07e,explicit_mmr,implicit_mmr,-0.32345567287657745,0.3443532623385588,-1.2870350229149805,-0.8799223867071263,-2.6930645218034193,-2.2028920647793258
2509474,methodkg_v3_02426,projtxt_77c8adde6631276e,explicit_mmr,no_method_signal,-0.8247925885150812,-0.7601253432360644,-1.3055690206155954,0.15743351382361667,-0.9265483898022934,-0.9600842616669578
2510147,methodkg_v3_02427,projtxt_aef8dc01e881fa21,explicit_mmr,explicit_mmr,1.6427171198747996,-1.6608395133322988,-2.229932591901936,-1.3153244628807181,-1.7875634988633824,-2.748381592577761
2510214,methodkg_v3_02428,projtxt_e5541fa950470442,quant_only,no_method_signal,-0.816905323938159,-1.1485875951386728,-0.813521630466547,0.33157129446501254,-1.0627268514574049,-1.137246418426581
2513981,methodkg_v3_02429,projtxt_2b01a191b2fcc9d4,explicit_mmr,explicit_mmr,0.8412070789900645,-1.7736515322509139,-1.2499237734671613,-0.7062222116602205,-2.1915369338157413,-1.8114962835111519
2514338,methodkg_v3_02430,projtxt_6f0fbf5e538cd414,explicit_mmr,explicit_mmr,0.2967936268610947,-1.3500662396076122,-1.7698112034253817,-1.4444221983993342,-2.139111296961191,-2.104274667727551
2514349,methodkg_v3_02431,projtxt_297e7f72817f53d2,explicit_mmr,explicit_mmr,0.3099249594716863,-2.2728607074938396,-1.5162837459886742,-0.5411850292757954,-0.551283079489463,-1.7939453929143367
2514491,methodkg_v3_02432,projtxt_391b75ddbd420d32,multi_method_not_mmr,no_method_signal,-0.5021196535971069,-0.6141436285987012,-1.4034128616732255,-0.036322133143885244,-1.0245351789393409,-1.057497953582894
2515040,methodkg_v3_02433,projtxt_af2587d33bd3e7a0,explicit_mmr,implicit_mmr,-0.027884376190833126,0.7141311749374517,-1.578863247927536,-1.2043039689386343,-1.7690239112962138,-2.8421140287101085
2515088,methodkg_v3_02434,projtxt_c29dfcdd4e374ed3,explicit_mmr,no_method_signal,-0.924025508051978,-0.8988851421664684,-1.0984215969024533,0.4417044576086991,-1.0500069015753108,-1.113206876286951
2515127,methodkg_v3_02435,projtxt_638ddb38aaf7f828,explicit_mmr,explicit_mmr,1.2298459392261742,-2.387392833444862,-2.1305139354413343,-1.270410715732493,-0.44111894691669634,-2.2063625910327613
2515148,methodkg_v3_02436,projtxt_be9def8de7aa0356,explicit_mmr,no_method_signal,-0.8866764278454311,-0.8899385426215826,-1.2035041081332394,0.46122511654002446,-1.0996724117657308,-1.0205607106366335
2515191,methodkg_v3_02437,projtxt_ababc7617af15170,quant_only,no_method_signal,-1.2079078383514095,-1.1786016861680433,-0.6955412244123806,1.0015795386744648,-1.2744003845419178,-1.3460559857201118
2515226,methodkg_v3_02438,projtxt_922196c0e1718a5c,explicit_mmr,explicit_mmr,0.7025364673476223,-1.1017097281715693,-1.7966479075201587,-0.7801226629284431,-2.816096515224428,-1.7466017354239947
2515308,methodkg_v3_02439,projtxt_1424adbb8c39d847,no_method_signal,no_method_signal,-1.1688614473423282,-1.1654789815469095,-0.8426839034246159,0.9624888590838321,-1.2255868199316309,-1.2587465442954626
2516391,methodkg_v3_02440,projtxt_287ba724ce7fabeb,explicit_mmr,no_method_signal,-1.0360302191375066,-0.8508498316550208,-1.103270080460666,0.4710519870690909,-1.0369654953598912,-1.09034304614948
2516409,methodkg_v3_02441,projtxt_01accc3116d27f88,implicit_mmr,no_method_signal,-0.6429658559757998,-0.9418076627828307,-1.0904310301206115,0.27589926239339674,-0.8187735985413084,-1.4095712604106527
2516863,methodkg_v3_02442,projtxt_00a2f5d6c3dc8511,explicit_mmr,no_method_signal,-0.7562567266666829,-0.9866345983699545,-1.042520164704087,0.44552863081552296,-0.8542527323192483,-1.4411041545828558
2517189,methodkg_v3_02443,projtxt_36ab7101f2ed0911,explicit_mmr,no_method_signal,-0.9887569869933533,-0.5729610021254157,-1.0196305368860916,0.1958371872303203,-1.009283377888728,-1.2257087911152686
2517316,methodkg_v3_02444,projtxt_ff8c94538898affe,explicit_mmr,no_method_signal,-0.8437160543984853,-0.9019331683249298,-1.1776970554173842,0.13667085493736666,-0.7667371703624896,-1.0695326530568685
2517445,methodkg_v3_02445,projtxt_c699e960299be839,quant_only,no_method_signal,-0.6650103398544648,-0.8763867951325924,-1.020184906684555,0.29924515649823413,-0.9078919831306344,-1.4560344130750436
2518485,methodkg_v3_02446,projtxt_138a5e28d82e4a11,multi_method_not_mmr,no_method_signal,-0.7801170726659444,-0.4963547296114617,-1.029706481900312,-0.08369177494463335,-1.1636761004365195,-1.077911376128121
2518486,methodkg_v3_02447,projtxt_138a5e28d82e4a11,multi_method_not_mmr,no_method_signal,-0.921387072911239,-0.5031403882309681,-1.127980225964825,0.10651884661726878,-1.1153409811538895,-1.084702870423258
2518487,methodkg_v3_02448,projtxt_138a5e28d82e4a11,multi_method_not_mmr,explicit_mmr,0.24434653270637735,-0.4653262729003333,-0.9890231812836054,-2.6470561472511895,-1.7341623180530752,-1.8208238244760602
2518685,methodkg_v3_02449,projtxt_655924a0ba1756e5,quant_only,no_method_signal,-0.7933657487097976,-0.5063356195946882,-0.9687104862838218,-0.10415048793982437,-1.1661544350634494,-1.0846628385606356
2518693,methodkg_v3_02450,projtxt_ea865128f9db5ca5,explicit_mmr,implicit_mmr,-0.19982895577925236,-0.022023090769392652,-1.2382492535440879,-2.382353588145439,-2.1250451304860896,-2.274119537994361
2518732,methodkg_v3_02451,projtxt_79dd328095cf9dc0,multi_method_not_mmr,no_method_signal,-0.7816240879738614,-0.45124735324201865,-0.9555250724874237,-0.05652888150446443,-1.1794273647949294,-1.19987965049938
2518733,methodkg_v3_02452,projtxt_79dd328095cf9dc0,multi_method_not_mmr,no_method_signal,-0.7973880006413989,-0.5572538873566246,-1.019360302944061,0.10088037209267399,-1.1814297642840428,-1.1895286298964012
2518804,methodkg_v3_02453,projtxt_974055dd88dbbecc,explicit_mmr,no_method_signal,-0.7830101074412938,-0.5875373619283661,-0.9338768677749717,-0.04459779589931448,-1.0595048741351474,-1.227834652576417
2518892,methodkg_v3_02454,projtxt_d478227b7736bd86,explicit_mmr,explicit_mmr,-0.2870569355113917,-0.4491633401960171,-1.2859061664804587,-1.0753810983560834,-1.4987507144959133,-2.1758584840288573
2518893,methodkg_v3_02455,projtxt_d478227b7736bd86,explicit_mmr,no_method_signal,-0.8742476630451985,-0.6500494994932534,-1.0218081328019275,0.3390381035900157,-1.1424697914219006,-1.2780011775779787
2519136,methodkg_v3_02456,projtxt_eb4cc4cb2133e828,explicit_mmr,no_method_signal,-0.8501943109130413,-0.6170011689364012,-1.0442969662960828,0.11983532058854245,-1.0889782272309676,-1.1661781169839192
2520318,methodkg_v3_02457,projtxt_88e6dc834692189d,explicit_mmr,no_method_signal,-0.6558950260724702,-0.9108145644743775,-1.0235279109670647,0.2729708807139816,-0.9261807165943342,-1.3817485070710285
2524227,methodkg_v3_02458,projtxt_5bdcd3dcfb65961c,explicit_mmr,explicit_mmr,1.2244379367773488,-2.255224530967474,-0.6603040317977059,-1.519035321838622,-0.8688310867527083,-2.970343947840094
2524228,methodkg_v3_02459,projtxt_5bdcd3dcfb65961c,explicit_mmr,explicit_mmr,1.2244379367773488,-2.255224530967474,-0.6603040317977059,-1.519035321838622,-0.8688310867527083,-2.970343947840094
2524359,methodkg_v3_02460,projtxt_d3e516a094f559ef,explicit_mmr,explicit_mmr,0.2843577421129968,-0.7356780167694154,-1.7132225488157808,-1.2003276477404703,-1.7915907670412763,-1.9243193981072155
2525692,methodkg_v3_02461,projtxt_6954fe741da15043,no_method_signal,no_method_signal,-0.983607956370025,-0.7659688165686147,-1.245897948705645,0.4450255971981452,-1.0475884985822028,-1.0450590539658666
2526720,methodkg_v3_02462,projtxt_77d563f63a9dea53,quant_only,no_method_signal,-0.8850523225408651,-0.6162028425884437,-1.2440257007756705,0.31648721091076343,-1.2011758341973517,-1.0113560667179085
2526755,methodkg_v3_02463,projtxt_22149b5c00104760,explicit_mmr,no_method_signal,-1.0504562855442285,-0.9484132400303961,-1.0896429865147017,0.6203040118848239,-1.0448523838799755,-1.1417344556783184
2526759,methodkg_v3_02464,projtxt_c3eaa978a3f03143,explicit_mmr,explicit_mmr,1.520159054340859,-1.9053610973773498,-1.139913169440174,-1.4964433225451048,-1.340175424497155,-1.949132217312081
2526905,methodkg_v3_02465,projtxt_24a3b3b1cd4ddbb1,no_method_signal,no_method_signal,-1.1191865528185505,-1.0831501914528892,-1.1199214732209537,0.596973381354145,-1.0140423312314129,-0.9195014059706836
2527473,methodkg_v3_02466,projtxt_4fc6cf7fb13c7d62,explicit_mmr,explicit_mmr,1.1310299558598118,-0.8434259654211479,-2.3174231664699976,0.6211013589125883,-2.2520696110919918,-2.897079809774625
2527743,methodkg_v3_02467,projtxt_f7700d96362d96d6,multi_method_not_mmr,no_method_signal,-1.0557771752834177,-1.0066183507468816,-1.4517693407113619,0.7832752654656313,-1.0278230600106182,-0.8934836302047048
2530060,methodkg_v3_02468,projtxt_9f44400497ac04a9,explicit_mmr,implicit_mmr,-0.5684857144958326,-0.14953106100548175,-1.0535037472158209,-0.9517483860546895,-2.030249549407209,-1.9315691470126748
2530299,methodkg_v3_02469,projtxt_133efbaccf99f9cc,explicit_mmr,no_method_signal,-0.9226800467192456,-0.5246245158206343,-1.1225542325829312,-0.05490184005588887,-0.8732923872274255,-1.122492773801643
2530457,methodkg_v3_02470,projtxt_d4a055ebbb1c6d6a,explicit_mmr,qual_only,-0.29697238001710635,-1.1375871772036648,-1.6603525210116477,-3.4071832084942026,0.18902094755331678,-0.9815652204620056
2530458,methodkg_v3_02471,projtxt_d4a055ebbb1c6d6a,explicit_mmr,qual_only,-0.26348185612870556,-0.8760026228719398,-2.0541560955261295,-3.6138784287306898,0.23316971266195635,-0.71745807614318
2533639,methodkg_v3_02472,projtxt_9e9b8ba0e901db20,explicit_mmr,explicit_mmr,0.5433300953721226,-2.980583744894045,-2.0092215449155915,-3.2377229562745997,0.25810357458171557,-2.144948153446651
2533640,methodkg_v3_02473,projtxt_9e9b8ba0e901db20,explicit_mmr,explicit_mmr,0.8548576484641123,-2.8286851711383565,-1.9916611185521846,-3.459646659514404,0.09967370712828703,-2.229079942591126
2534091,methodkg_v3_02474,projtxt_1fe3dd1376347e50,explicit_mmr,no_method_signal,-0.8613831127031154,-0.9378563816284665,-1.0072014653512462,0.33471388363890126,-0.8461199007982977,-1.333476752064431
2534873,methodkg_v3_02475,projtxt_e5e2da47012f36ef,explicit_mmr,no_method_signal,-1.088828892450145,-1.0396477201243923,-1.0306939591111681,0.7930670934760297,-1.1453934113670865,-1.1246962721129419
2541364,methodkg_v3_02476,projtxt_ebfc22aa8c313a8b,explicit_mmr,no_method_signal,-0.8215124071784854,-0.774347869492672,-1.152898606648704,0.21908125175991355,-0.9032078031906734,-1.2161426629193057
2545312,methodkg_v3_02477,projtxt_57810f309484c98c,explicit_mmr,no_method_signal,-0.6905591263043004,-0.9291053364847454,-1.131762537713049,0.21673545568212363,-0.8875507583887301,-1.2192497463472796
2603026,methodkg_v3_02478,projtxt_a66819d223cd105f,explicit_mmr,explicit_mmr,2.5309839864941384,-2.692365528180409,-2.00610027810328,-1.008644921526564,-2.099352140958139,-3.6096683910953153
