node_idx,award_id,award_id_key,node_source,start_year,is_benchmark,benchmark_id,annotation_id,project_cluster_id,NSFDirectorate,NSFOrganization,AwardInstrument,ProgramElementCode(s),institution_id,organization_clean,person_id,target_integration_binary,target_design_binary,target_mmr_binary,target_mmr_multiclass,target_qual_binary,target_quant_binary,target_method_signal_binary,target_integration_binary__encoded,target_design_binary__encoded,target_mmr_binary__encoded,target_mmr_multiclass__encoded,target_qual_binary__encoded,target_quant_binary__encoded,target_method_signal_binary__encoded,split_random_cluster_stratified,split_temporal_cluster_safe,split_cross_program_cluster_safe,split_cold_start_pi_cluster_safe,split_cold_start_institution_cluster_safe,split_edu_to_eng_cluster_safe,y_true_encoded,y_pred_encoded,score
51,0002205,2205,cleaned_awards,2000,1,methodkg_v3_00004,ann_00373,projtxt_d2c39b83bd9500d4,ENG,EEC,Standard Grant,134000,inst_2cb7732b730b,National Technological University,person_4526f2bd5b50,0.0,0.0,0,no_method_signal,0.0,0.0,0,0,0,0,3,0,0,0,validation,train,train,validation,train,test,0,0,0.3949844
246,0080500,80500,cleaned_awards,2000,1,methodkg_v3_00011,ann_00530,projtxt_ddc5b7482c3e0a8d,ENG,EEC,Standard Grant,134000,inst_0f499ac77544,Rose-Hulman Institute of Technology,person_4cd552e36c07,0.0,1.0,0,qual_only,1.0,0.0,1,0,1,0,4,1,0,1,train,train,train,test,train,test,1,1,0.51412714
1729,0114370,114370,cleaned_awards,2001,1,methodkg_v3_00058,ann_00298,projtxt_3b89622fa20f687f,ENG,EEC,Standard Grant,"576100, 915000",inst_af329f7bd9aa,Wichita State University,person_8c963b905018,0.0,0.0,0,no_method_signal,0.0,0.0,0,0,0,0,3,0,0,0,train,train,train,test,train,test,0,0,0.44594684
1748,0114555,114555,cleaned_awards,2001,1,methodkg_v3_00059,ann_01286,projtxt_2c9e210c6b6ba4f7,ENG,EEC,Standard Grant,"576100, 915000",inst_a3b67b4c7fcd,Regents of the University of Idaho,person_ca16d5d81dda,0.0,0.0,0,no_method_signal,0.0,0.0,0,0,0,0,3,0,0,0,test,train,train,train,train,test,0,0,0.4147463
1804,0117518,117518,cleaned_awards,2001,1,methodkg_v3_00063,ann_01245,projtxt_000d7ef65357c148,ENG,EEC,Continuing Grant,"136000, 163000, 178600, 576100",inst_22ddd132f085,University of Wisconsin-Milwaukee,person_7b8266542de9,0.0,0.0,0,no_method_signal,0.0,0.0,0,0,0,0,3,0,0,0,validation,train,train,train,train,test,0,0,0.49108395
1862,0120807,120807,cleaned_awards,2001,1,methodkg_v3_00064,ann_01359,projtxt_1e00ac8e76cd3e97,ENG,EEC,Continuing Grant,"136000, 576100",inst_83101c1f934e,Arizona State University,person_26267f54623d,0.0,0.0,0,no_method_signal,0.0,0.0,0,0,0,0,3,0,0,0,train,train,train,test,train,test,0,0,0.4500839
2696,0139049,139049,cleaned_awards,2002,1,methodkg_v3_00102,ann_02380,projtxt_c15e97ac94320ade,ENG,EEC,Continuing Grant,"171300, 113900, 136000",inst_a27749d2c4b8,Polytechnic University of New York,person_a568290f7d4d,0.0,0.0,0,no_method_signal,0.0,0.0,0,0,0,0,3,0,0,0,train,train,train,train,train,test,0,0,0.36306408
2734,0139551,139551,cleaned_awards,2002,1,methodkg_v3_00103,ann_00162,projtxt_30967c56b2d6137b,ENG,EEC,Continuing Grant,136000,inst_88198664708f,University of Illinois at Chicago,person_07ca2daa418a,0.0,1.0,0,multi_method_not_mmr,0.0,0.0,1,0,1,0,2,0,0,1,validation,train,train,train,train,test,1,0,0.46744704
2749,0200502,200502,cleaned_awards,2002,1,methodkg_v3_00104,ann_00103,projtxt_e166a5192350a40f,ENG,EEC,Standard Grant,576100,inst_83101c1f934e,Arizona State University,person_beb5e9891249,0.0,0.0,0,no_method_signal,0.0,0.0,0,0,0,0,3,0,0,0,train,train,train,train,train,test,0,0,0.46595302
2983,0212038,212038,cleaned_awards,2002,1,methodkg_v3_00114,ann_01381,projtxt_4aed52e7ef799f3e,ENG,EEC,Standard Grant,134000,inst_182acc879339,San Antonio College,person_b8ae36849d61,0.0,0.0,0,no_method_signal,0.0,0.0,0,0,0,0,3,0,0,0,validation,train,train,validation,train,test,0,0,0.4776976
2988,0212218,212218,cleaned_awards,2002,1,methodkg_v3_00115,ann_01397,projtxt_e0dd37b99f2b98ad,ENG,EEC,Standard Grant,"134000, 136000",inst_d5de597fc461,Columbia University,person_848265463b05,1.0,1.0,1,implicit_mmr,1.0,1.0,1,1,1,1,1,1,1,1,train,train,train,train,train,test,1,1,0.52463573
3294,0229441,229441,cleaned_awards,2002,1,methodkg_v3_00134,ann_00980,projtxt_0c99e71669136b82,ENG,EEC,Standard Grant,134000,inst_82afa5a40cdc,University of Georgia Research Foundation Inc,person_f2ae253ccb98,0.0,0.0,0,no_method_signal,0.0,0.0,0,0,0,0,3,0,0,0,train,train,train,validation,train,test,0,1,0.5044702
3328,0230671,230671,cleaned_awards,2002,1,methodkg_v3_00139,ann_01685,projtxt_8adcc105c6d94eab,ENG,EEC,Standard Grant,134000,inst_c2074df59946,Rensselaer Polytechnic Institute,person_23bc4abcdecd,0.0,1.0,0,quant_only,0.0,1.0,1,0,1,0,5,0,1,1,train,train,train,test,train,test,1,0,0.49132723
3330,0230695,230695,cleaned_awards,2002,1,methodkg_v3_00140,ann_02371,projtxt_337b7d49cd27349f,ENG,EEC,Standard Grant,"136000, 134000",inst_35df76c31648,Oklahoma State University,person_a2ef6303f6ac,0.0,1.0,0,quant_only,0.0,1.0,1,0,1,0,5,0,1,1,validation,train,train,train,train,test,1,1,0.50131685
3338,0230737,230737,cleaned_awards,2002,1,methodkg_v3_00141,ann_02313,projtxt_02908822906ecc43,ENG,EEC,Standard Grant,136000,inst_b33b9a70ea28,California State L A University Auxiliary Services Inc.,person_5d8b614e2546,0.0,1.0,0,multi_method_not_mmr,0.0,0.0,1,0,1,0,2,0,0,1,train,train,train,validation,train,test,1,0,0.4801288
3528,0227544,227544,cleaned_awards,2003,1,methodkg_v3_00130,ann_00849,projtxt_0fd537a2a778377b,ENG,EEC,Continuing Grant,"135900, 136000, 140200, 534500, 734700, 739600",inst_ffcec639ecfd,Johns Hopkins University,person_c8c5cde412c7,0.0,0.0,0,no_method_signal,0.0,0.0,0,0,0,0,3,0,0,0,train,train,train,test,train,test,0,0,0.4419021
3597,0230421,230421,cleaned_awards,2003,1,methodkg_v3_00137,ann_02121,projtxt_a117c885b02c7b1f,ENG,EEC,Standard Grant,134000,inst_656b10d7b2b1,Northern Arizona University,person_63ed57062cd0,0.0,0.0,0,no_method_signal,0.0,0.0,0,0,0,0,3,0,0,0,train,train,train,train,train,test,0,0,0.4511359
3614,0230649,230649,cleaned_awards,2003,1,methodkg_v3_00138,ann_02169,projtxt_e812cd9336c0ff45,ENG,EEC,Standard Grant,134000,inst_ba87dea45ec5,University of Akron,person_e20e9c1b2d60,0.0,1.0,0,quant_only,0.0,1.0,1,0,1,0,5,0,1,1,validation,train,train,train,test,test,1,0,0.4892744
3777,0235193,235193,cleaned_awards,2003,1,methodkg_v3_00151,ann_01923,projtxt_05b46bf8b125223f,ENG,EEC,Standard Grant,134000,inst_c53261c1ff99,University of Illinois at Urbana-Champaign,person_7c8f1be20365,0.0,1.0,0,multi_method_not_mmr,0.0,0.0,1,0,1,0,2,0,0,1,train,train,train,train,train,test,1,1,0.52148205
3794,0240889,240889,cleaned_awards,2003,1,methodkg_v3_00152,ann_00905,projtxt_3c0538325a93c591,ENG,EEC,Continuing Grant,136000,inst_b90e8fe1c924,University of Houston,person_c7791edcc13e,0.0,1.0,0,multi_method_not_mmr,0.0,0.0,1,0,1,0,2,0,0,1,train,train,train,train,train,test,1,0,0.4799259
4601,0343071,343071,cleaned_awards,2003,1,methodkg_v3_00198,ann_00232,projtxt_09078fbde5c0c325,ENG,EEC,Standard Grant,"134000, 151900",inst_f72633ab807a,Sweet Briar College,person_d63947266d00,0.0,1.0,0,quant_only,0.0,1.0,1,0,1,0,5,0,1,1,train,train,train,train,train,test,1,1,0.5220773
4603,0343080,343080,cleaned_awards,2003,1,methodkg_v3_00199,ann_00327,projtxt_9ed8af31ea3f0be6,ENG,EEC,Standard Grant,134000,inst_20261daaec23,University of Pittsburgh,person_90d52ccd94f4,0.0,1.0,0,multi_method_not_mmr,0.0,0.0,1,0,1,0,2,0,0,1,train,train,train,train,train,test,1,1,0.5920646
4939,0343252,343252,cleaned_awards,2004,1,methodkg_v3_00200,ann_00225,projtxt_8113cc4c1132f943,ENG,EEC,Standard Grant,134000,inst_549861d860f7,University of Kentucky Research Foundation,person_11d07f42a3eb,0.0,1.0,0,multi_method_not_mmr,0.0,0.0,1,0,1,0,2,0,0,1,train,train,train,validation,train,test,1,0,0.48340562
5006,0353830,353830,cleaned_awards,2004,1,methodkg_v3_00206,ann_00650,projtxt_d08b8a9c353e89e4,ENG,EEC,Standard Grant,136000,inst_fe3d046b8967,Worcester Polytechnic Institute,person_f31ae5aef227,0.0,0.0,0,no_method_signal,0.0,0.0,0,0,0,0,3,0,0,0,train,train,train,train,train,test,0,0,0.4871402
5017,0354244,354244,cleaned_awards,2004,1,methodkg_v3_00207,ann_00244,projtxt_8b16b5d7a1609f1d,ENG,EEC,Standard Grant,129700,inst_4e731c3d9e8c,University of California-Davis,person_2d1801cf1c3c,0.0,0.0,0,no_method_signal,0.0,0.0,0,0,0,0,3,0,0,0,train,train,train,train,train,test,0,0,0.4536382
5142,0407279,407279,cleaned_awards,2004,1,methodkg_v3_00214,ann_01632,projtxt_68b199901d2984f7,ENG,EEC,Standard Grant,"721900, 919900",inst_e64fdfd9d493,University of Connecticut,person_a35937f2d64a,0.0,1.0,0,multi_method_not_mmr,0.0,0.0,1,0,1,0,2,0,0,1,train,train,train,train,train,test,1,0,0.42487454
5407,0421860,421860,cleaned_awards,2004,1,methodkg_v3_00234,ann_01732,projtxt_b51570a07040df6b,ENG,EEC,Standard Grant,576100,inst_ea2e7f4a11c5,University of Arizona,person_88cb308b7a84,0.0,0.0,0,no_method_signal,0.0,0.0,0,0,0,0,3,0,0,0,validation,train,train,train,train,test,0,0,0.4628395
5601,0431948,431948,cleaned_awards,2004,1,methodkg_v3_00244,ann_01485,projtxt_83b8970169320a31,ENG,EEC,Standard Grant,134000,inst_bbdd02e2530e,Washington University,person_8644203da206,0.0,0.0,0,no_method_signal,0.0,0.0,0,0,0,0,3,0,0,0,train,train,train,train,train,test,0,1,0.54144615
5602,0431949,431949,cleaned_awards,2004,1,methodkg_v3_00245,ann_02434,projtxt_15a000e1c12418c5,ENG,EEC,Standard Grant,134000,inst_8cce703b6964,Illinois Institute of Technology,person_bdb161ecec08,1.0,1.0,1,implicit_mmr,1.0,1.0,1,1,1,1,1,1,1,1,train,train,train,train,train,test,1,1,0.6049407
5608,0431974,431974,cleaned_awards,2004,1,methodkg_v3_00246,ann_02332,projtxt_fee9d3c95e3d2c03,ENG,EEC,Standard Grant,"134000, 742700",inst_919210155adf,"Cal Poly Pomona Foundation, Inc.",person_7c65c7e2c797,0.0,0.0,0,no_method_signal,0.0,0.0,0,0,0,0,3,0,0,0,train,train,train,train,train,test,0,0,0.4826378
5722,0438810,438810,cleaned_awards,2004,1,methodkg_v3_00252,ann_01392,projtxt_451bcac344b6fe06,ENG,EEC,Standard Grant,134000,inst_892c7424a566,WGBH Educational Foundation,person_b97f24ea79eb,1.0,1.0,1,implicit_mmr,1.0,1.0,1,1,1,1,1,1,1,1,train,train,train,validation,train,test,1,0,0.4845375
5758,0443924,443924,cleaned_awards,2004,1,methodkg_v3_00268,ann_02071,projtxt_f712e8adb752b9ad,ENG,EEC,Continuing Grant,"576100, 289000",inst_72c72a774380,University of South Florida,person_80814127a615,0.0,0.0,0,no_method_signal,0.0,0.0,0,0,0,0,3,0,0,0,train,train,train,train,train,test,0,0,0.46931398
5759,0443945,443945,cleaned_awards,2004,1,methodkg_v3_00269,ann_00041,projtxt_f712e8adb752b9ad,ENG,EEC,Continuing Grant,"576100, 289000",inst_34c3f622d93b,University of Minnesota-Twin Cities,person_4f06f071bf15,0.0,0.0,0,no_method_signal,0.0,0.0,0,0,0,0,3,0,0,0,train,train,train,train,train,test,0,0,0.44753012
6081,0453436,453436,cleaned_awards,2005,1,methodkg_v3_00274,ann_01391,projtxt_eb06670834049fa8,ENG,EEC,Standard Grant,"136000, 729800, 135900",inst_95ef410579c8,The University of Central Florida Board of Trustees,person_e7baab5b20b6,0.0,0.0,0,no_method_signal,0.0,0.0,0,0,0,0,3,0,0,0,test,train,train,train,train,test,0,1,0.51696783
6082,0453525,453525,cleaned_awards,2005,1,methodkg_v3_00275,ann_01163,projtxt_51fbac7e47912982,ENG,EEC,Standard Grant,136000,inst_58407da5ce4b,University of California-Santa Barbara,person_36bb8800f873,0.0,1.0,0,quant_only,0.0,1.0,1,0,1,0,5,0,1,1,test,train,train,train,train,test,1,1,0.5080329
6139,0456805,456805,cleaned_awards,2005,1,methodkg_v3_00283,ann_00988,projtxt_5bc21aa6cc825519,ENG,EEC,Standard Grant,576100,inst_71898bfdf3ea,Georgia Tech Research Corporation,person_7bc3ff0afcd7,0.0,1.0,0,multi_method_not_mmr,0.0,0.0,1,0,1,0,2,0,0,1,train,train,train,train,train,test,1,0,0.4561014
6143,0457051,457051,cleaned_awards,2005,1,methodkg_v3_00284,ann_00590,projtxt_5bc21aa6cc825519,ENG,EEC,Standard Grant,576100,inst_079239685b90,West Virginia University Research Corporation,person_0ec8567f7572,0.0,1.0,0,multi_method_not_mmr,0.0,0.0,1,0,1,0,2,0,0,1,train,train,train,train,train,test,1,0,0.42807195
6658,0535463,535463,cleaned_awards,2005,1,methodkg_v3_00322,ann_00431,projtxt_eb62d10a3926fbd9,ENG,EEC,Continuing Grant,"135900, 136000, 534500, 576100, 721800, 760900",inst_1fd2e3c76d6f,The Children's Hospital of Philadelphia,person_cce2389790c7,0.0,0.0,0,no_method_signal,0.0,0.0,0,0,0,0,3,0,0,0,train,train,train,train,validation,test,0,0,0.46108484
6689,0540582,540582,cleaned_awards,2005,1,methodkg_v3_00333,ann_00752,projtxt_000d7ef65357c148,ENG,EEC,Continuing Grant,"135900, 163000, 576100, 729900",inst_ae52c9ee8b90,University of Cincinnati Main Campus,person_7b8266542de9,0.0,0.0,0,no_method_signal,0.0,0.0,0,0,0,0,3,0,0,0,validation,train,train,train,train,test,0,0,0.49015528
6940,0540834,540834,cleaned_awards,2006,1,methodkg_v3_00334,ann_01984,projtxt_4974da27c3547370,ENG,EEC,Cooperative Agreement,"136000, 138500, 146800, 148000, 768000, 774100",inst_34c3f622d93b,University of Minnesota-Twin Cities,person_4a12055986b2,0.0,0.0,0,no_method_signal,0.0,0.0,0,0,0,0,3,0,0,0,train,train,train,test,train,test,0,1,0.52237767
6962,0547599,547599,cleaned_awards,2006,1,methodkg_v3_00338,ann_01085,projtxt_4356dec7b7a775f6,ENG,EEC,Standard Grant,134000,inst_b0164d46a195,Purdue University,person_0404b5ecd137,1.0,1.0,1,explicit_mmr,1.0,1.0,1,1,1,1,0,1,1,1,validation,train,train,train,train,test,1,1,0.62824357
6995,0550403,550403,cleaned_awards,2006,1,methodkg_v3_00339,ann_00480,projtxt_2afbf5524db6b54f,ENG,EEC,Standard Grant,134000,inst_9dca4326d0d5,Pennsylvania State Univ University Park,person_7ad826c71133,1.0,1.0,1,implicit_mmr,1.0,1.0,1,1,1,1,1,1,1,1,train,train,train,train,train,test,1,1,0.60061693
7093,0601845,601845,cleaned_awards,2006,1,methodkg_v3_00341,ann_00484,projtxt_1e27a9c2f6291de3,ENG,EEC,Standard Grant,"136000, 135900",inst_6ae0470bf0b1,Drexel University,person_c36b4aaf81a3,0.0,0.0,0,no_method_signal,0.0,0.0,0,0,0,0,3,0,0,0,train,train,train,train,train,test,0,0,0.48701853
7095,0601960,601960,cleaned_awards,2006,1,methodkg_v3_00342,ann_02066,projtxt_70acfbd9e8a1db84,ENG,EEC,Standard Grant,135900,inst_ae52c9ee8b90,University of Cincinnati Main Campus,person_f23fe4c730c4,0.0,1.0,0,multi_method_not_mmr,0.0,0.0,1,0,1,0,2,0,0,1,train,train,train,train,train,test,1,1,0.5081565
7194,0609334,609334,cleaned_awards,2006,1,methodkg_v3_00348,ann_00954,projtxt_588981702200d53c,ENG,EEC,Continuing Grant,,inst_ddb414163fdf,New Jersey Institute of Technology,person_c99bf8ff4779,0.0,1.0,0,multi_method_not_mmr,0.0,0.0,1,0,1,0,2,0,0,1,test,train,test,train,train,test,1,1,0.5108641
7441,0630188,630188,cleaned_awards,2006,1,methodkg_v3_00374,ann_00939,projtxt_df456f8c310d97cc,ENG,EEC,Standard Grant,576100,inst_85030fbe9d04,Ohio State University Research Foundation -DO NOT USE,person_78208afeaf31,0.0,1.0,0,quant_only,0.0,1.0,1,0,1,0,5,0,1,1,train,train,train,validation,validation,test,1,0,0.42568904
7737,0646547,646547,cleaned_awards,2006,1,methodkg_v3_00394,ann_00166,projtxt_ddf58f4cfbd953bf,ENG,EEC,Cooperative Agreement,167500,inst_b83b063abcec,Cornell University,person_de5197d79679,0.0,0.0,0,no_method_signal,0.0,0.0,0,0,0,0,3,0,0,0,validation,train,train,train,train,test,0,0,0.4210971
7744,0647452,647452,cleaned_awards,2006,1,methodkg_v3_00395,ann_02288,projtxt_ecb026426ffe5808,ENG,EEC,Cooperative Agreement,"114400, 167500, 763700, 770200",inst_0ad3f35ad0bc,William Marsh Rice University,person_9c1bec9b88f8,0.0,0.0,0,no_method_signal,0.0,0.0,0,0,0,0,3,0,0,0,train,train,train,test,train,test,0,0,0.35755792
8177,0648161,648161,cleaned_awards,2007,1,methodkg_v3_00396,ann_01571,projtxt_711a1bb03547ef49,ENG,EEC,Standard Grant,134000,inst_c94fd9682dbd,White Mountains Community College,person_98ffb71b5d3e,0.0,1.0,0,multi_method_not_mmr,0.0,0.0,1,0,1,0,2,0,0,1,train,train,train,train,train,test,1,1,0.6077625
8185,0648439,648439,cleaned_awards,2007,1,methodkg_v3_00397,ann_01815,projtxt_4d61ac4a6e4511a9,ENG,EEC,Standard Grant,"768000, 134000",inst_a602b9b86fa7,Virginia Polytechnic Institute and State University,person_b02af2379b14,1.0,1.0,1,explicit_mmr,1.0,1.0,1,1,1,1,0,1,1,1,train,train,train,train,train,test,1,1,0.6287883
8186,0648487,648487,cleaned_awards,2007,1,methodkg_v3_00398,ann_02291,projtxt_db8edf5c2b0b57db,ENG,EEC,Standard Grant,"134000, 689200",inst_65da3f92b2f3,Carnegie Mellon University,person_1cc861b6bdee,0.0,1.0,0,quant_only,0.0,1.0,1,0,1,0,5,0,1,1,train,train,train,validation,train,test,1,1,0.64162
8493,0719306,719306,cleaned_awards,2007,1,methodkg_v3_00419,ann_01785,projtxt_552377ddeb19cddf,ENG,EEC,Standard Grant,576100,inst_c1d8ec9bd83b,University of Denver,person_5cb38afb4cf8,0.0,0.0,0,no_method_signal,0.0,0.0,0,0,0,0,3,0,0,0,train,train,train,train,train,test,0,0,0.45113978
8738,0733906,733906,cleaned_awards,2007,1,methodkg_v3_00446,ann_00760,projtxt_f3dfd23af3cf253f,ENG,EEC,Standard Grant,576100,inst_034f39b50631,North Carolina State University,person_4044d6c92f91,0.0,1.0,0,multi_method_not_mmr,0.0,0.0,1,0,1,0,2,0,0,1,test,train,train,test,train,test,1,0,0.48856446
8749,0733978,733978,cleaned_awards,2007,1,methodkg_v3_00448,ann_00326,projtxt_f3dfd23af3cf253f,ENG,EEC,Standard Grant,576100,inst_0be73338af63,University of Florida,person_57cf9511b6c6,0.0,1.0,0,multi_method_not_mmr,0.0,0.0,1,0,1,0,2,0,0,1,test,train,train,test,train,test,1,0,0.4710509
9314,0747803,747803,cleaned_awards,2008,1,methodkg_v3_00473,ann_00857,projtxt_bbd5c7dcfed168b8,ENG,EEC,Standard Grant,"749200, 762500, 134000",inst_b0164d46a195,Purdue University,person_8e96d761c1ce,1.0,1.0,1,explicit_mmr,1.0,1.0,1,1,1,1,0,1,1,1,train,train,train,test,train,test,1,1,0.6085455
9342,0755345,755345,cleaned_awards,2008,1,methodkg_v3_00476,ann_00379,projtxt_58e6d6f82175c659,ENG,EEC,Standard Grant,"721800, 136000",inst_3345ac4bbb4d,Clarkson University,person_2ab4b074b539,0.0,0.0,0,no_method_signal,0.0,0.0,0,0,0,0,3,0,0,0,train,train,test,validation,train,test,0,1,0.5154135
9978,0832420,832420,cleaned_awards,2008,1,methodkg_v3_00514,ann_02304,projtxt_6fc83ebf8563d3ff,ENG,EEC,Standard Grant,576100,inst_5db67abc7dc8,University of Louisiana at Lafayette,person_5044646ac45f,0.0,0.0,0,no_method_signal,0.0,0.0,0,0,0,0,3,0,0,0,test,train,train,test,train,test,0,1,0.52591777
9982,0832439,832439,cleaned_awards,2008,1,methodkg_v3_00515,ann_01957,projtxt_826189aaeed81009,ENG,EEC,Continuing Grant,576100,inst_57355fce36ef,The Texas A&M University System HSC Research Foundation,person_aae4ac21d6b0,0.0,0.0,0,no_method_signal,0.0,0.0,0,0,0,0,3,0,0,0,test,train,train,validation,validation,test,0,1,0.5610615
10105,0835901,835901,cleaned_awards,2008,1,methodkg_v3_00524,ann_00262,projtxt_2013a839c1172f96,ENG,EEC,Standard Grant,134000,inst_abc31156493d,University of San Diego,person_27b18e5d1676,1.0,1.0,1,explicit_mmr,1.0,1.0,1,1,1,1,0,1,1,1,train,train,train,train,train,test,1,1,0.65159404
10106,0835911,835911,cleaned_awards,2008,1,methodkg_v3_00525,ann_01791,projtxt_2013a839c1172f96,ENG,EEC,Standard Grant,134000,inst_4eebb6036442,Rowan University,person_4fc2df8ed79d,1.0,1.0,1,explicit_mmr,1.0,1.0,1,1,1,1,0,1,1,1,train,train,train,train,train,test,1,1,0.6277355
10107,0835919,835919,cleaned_awards,2008,1,methodkg_v3_00526,ann_00611,projtxt_b3184f8104e24141,ENG,EEC,Standard Grant,134000,inst_e0c5f20aee22,George Mason University,person_484c0a3f94ce,1.0,1.0,1,explicit_mmr,1.0,1.0,1,1,1,1,0,1,1,1,train,train,train,train,train,test,1,1,0.6434428
10218,0856311,856311,cleaned_awards,2008,1,methodkg_v3_00558,ann_00061,projtxt_f712e8adb752b9ad,ENG,EEC,Continuing Grant,"289000, 576100",inst_c1d8ec9bd83b,University of Denver,person_80814127a615,0.0,0.0,0,no_method_signal,0.0,0.0,0,0,0,0,3,0,0,0,train,train,train,train,train,test,0,0,0.47837436
10247,0936511,936511,cleaned_awards,2008,1,methodkg_v3_00613,ann_02061,projtxt_2013a839c1172f96,ENG,EEC,Standard Grant,134000,inst_b96571a8dce1,California Polytechnic State University Foundation,person_4fc2df8ed79d,1.0,1.0,1,explicit_mmr,1.0,1.0,1,1,1,1,0,1,1,1,train,train,train,train,train,test,1,1,0.61692816
10371,0835932,835932,cleaned_awards,2009,1,methodkg_v3_00527,ann_00205,projtxt_ee1f75aafabded7d,ENG,EEC,Standard Grant,134000,inst_a602b9b86fa7,Virginia Polytechnic Institute and State University,person_8a013317e884,1.0,1.0,1,implicit_mmr,1.0,1.0,1,1,1,1,1,1,1,1,test,train,train,train,train,test,1,1,0.61891913
10380,0836008,836008,cleaned_awards,2009,1,methodkg_v3_00528,ann_00581,projtxt_1ec0c037b640ffac,ENG,EEC,Standard Grant,134000,inst_ed4cc8ce836f,CUNY City College,person_51f528fed43c,0.0,1.0,0,multi_method_not_mmr,0.0,0.0,1,0,1,0,2,0,0,1,train,train,train,validation,train,test,1,1,0.5707469
10382,0836028,836028,cleaned_awards,2009,1,methodkg_v3_00529,ann_00592,projtxt_2b1b3f534c7f3593,ENG,EEC,Standard Grant,134000,inst_5780001a5be5,Texas Tech University,person_2cf16b804bc4,0.0,1.0,0,quant_only,0.0,1.0,1,0,1,0,5,0,1,1,train,train,train,test,train,test,1,1,0.5959463
10393,0836653,836653,cleaned_awards,2009,1,methodkg_v3_00532,ann_01011,projtxt_ff08c05cea69557e,ENG,EEC,Standard Grant,721900,inst_ef0415b2bd8e,Northern Illinois University,person_20248cb57f32,0.0,0.0,0,no_method_signal,0.0,0.0,0,0,0,0,3,0,0,0,train,train,train,validation,validation,test,0,0,0.47842613
10751,0851910,851910,cleaned_awards,2009,1,methodkg_v3_00557,ann_00289,projtxt_e6a18dfdf22cecdd,ENG,EEC,Continuing Grant,136000,inst_72c72a774380,University of South Florida,person_075c52e0c53b,0.0,0.0,0,no_method_signal,0.0,0.0,0,0,0,0,3,0,0,0,train,train,train,test,train,test,0,1,0.54117835
10945,0908810,908810,cleaned_awards,2009,1,methodkg_v3_00568,ann_02459,projtxt_7168c790716fda17,ENG,EEC,Standard Grant,135900,inst_43c4124caf4b,Michigan State University,person_6ae411ce53ce,0.0,0.0,0,no_method_signal,0.0,0.0,0,0,0,0,3,0,0,0,train,train,train,test,train,test,0,1,0.52455145
11193,0926534,926534,cleaned_awards,2009,1,methodkg_v3_00586,ann_00394,projtxt_ed53c89c4bb42ce1,ENG,EEC,Standard Grant,774100,inst_e160b12a93ec,University of Washington,person_a1799bd81290,1.0,1.0,1,explicit_mmr,1.0,1.0,1,1,1,1,0,1,1,1,train,train,test,test,train,test,1,1,0.6107315
11398,0934401,934401,cleaned_awards,2009,1,methodkg_v3_00600,ann_00773,projtxt_d89f742910952df2,ENG,EEC,Continuing Grant,576100,inst_618d36d650f8,University of California-Santa Cruz,person_59ac689cade2,0.0,0.0,0,no_method_signal,0.0,0.0,0,0,0,0,3,0,0,0,validation,train,train,train,train,test,0,1,0.5274598
11519,0934998,934998,cleaned_awards,2009,1,methodkg_v3_00608,ann_01178,projtxt_977928da4eb74f95,ENG,EEC,Standard Grant,134000,inst_4da6784c11cc,Missouri University of Science and Technology,person_c464c4a85060,0.0,1.0,0,quant_only,0.0,1.0,1,0,1,0,5,0,1,1,train,train,train,train,train,test,1,1,0.54090375
11527,0935051,935051,cleaned_awards,2009,1,methodkg_v3_00609,ann_01068,projtxt_977928da4eb74f95,ENG,EEC,Standard Grant,134000,inst_fc7801696724,University of Puerto Rico Mayaguez,person_a1fab22f0536,0.0,1.0,0,quant_only,0.0,1.0,1,0,1,0,5,0,1,1,train,train,train,train,train,test,1,1,0.54760104
11554,0935163,935163,cleaned_awards,2009,1,methodkg_v3_00610,ann_01231,projtxt_c5524b462993be29,ENG,EEC,Standard Grant,134000,inst_79068178781a,Clemson University,person_e07826c2a8f5,0.0,1.0,0,multi_method_not_mmr,0.0,0.0,1,0,1,0,2,0,0,1,test,train,train,train,train,test,1,1,0.5653204
11569,0935247,935247,cleaned_awards,2009,1,methodkg_v3_00611,ann_00651,projtxt_c14b8684a96d62a9,ENG,EEC,Standard Grant,134000,inst_83101c1f934e,Arizona State University,person_4db01cef7e26,0.0,1.0,0,quant_only,0.0,1.0,1,0,1,0,5,0,1,1,train,train,train,train,train,test,1,1,0.5889122
11769,0955089,955089,cleaned_awards,2009,1,methodkg_v3_00639,ann_02334,projtxt_5e046b156181dc35,ENG,EEC,Standard Grant,138500,inst_71898bfdf3ea,Georgia Tech Research Corporation,person_0567bfbfb847,1.0,1.0,1,explicit_mmr,1.0,1.0,1,1,1,1,0,1,1,1,train,train,train,train,train,test,1,1,0.5563214
11874,0939287,939287,cleaned_awards,2010,1,methodkg_v3_00620,ann_01829,projtxt_a4121216f7738c6a,ENG,EEC,Standard Grant,"773400, 140600",inst_c2074df59946,Rensselaer Polytechnic Institute,person_457e4231282f,0.0,1.0,0,quant_only,0.0,1.0,1,0,1,0,5,0,1,1,test,train,test,validation,train,test,1,1,0.51397264
12434,1004826,1004826,cleaned_awards,2010,1,methodkg_v3_00655,ann_01431,projtxt_ee9aa122f579c01c,ENG,EEC,Standard Grant,136000,inst_9dca4326d0d5,Pennsylvania State Univ University Park,person_b6d1bf086184,0.0,1.0,0,quant_only,0.0,1.0,1,0,1,0,5,0,1,1,train,train,train,validation,train,test,1,1,0.5652267
12837,1031986,1031986,cleaned_awards,2010,1,methodkg_v3_00671,ann_00907,projtxt_a30b8b5e260e8e73,ENG,EEC,Standard Grant,576100,inst_ae52c9ee8b90,University of Cincinnati Main Campus,person_7b8266542de9,0.0,1.0,0,quant_only,0.0,1.0,1,0,1,0,5,0,1,1,train,train,train,train,train,test,1,1,0.50321275
12839,1031990,1031990,cleaned_awards,2010,1,methodkg_v3_00672,ann_00544,projtxt_a30b8b5e260e8e73,ENG,EEC,Standard Grant,576100,inst_179d12d7459c,Regents of the University of Michigan - Ann Arbor,person_773dacc11121,0.0,1.0,0,quant_only,0.0,1.0,1,0,1,0,5,0,1,1,train,train,train,train,train,test,1,1,0.524148
12841,1032002,1032002,cleaned_awards,2010,1,methodkg_v3_00673,ann_00260,projtxt_8a0f16e985a91412,ENG,EEC,Standard Grant,576100,inst_827aebf62392,Auburn University,person_3875dcb997c6,0.0,0.0,0,no_method_signal,0.0,0.0,0,0,0,0,3,0,0,0,validation,train,train,train,train,test,0,1,0.50412244
12842,1032020,1032020,cleaned_awards,2010,1,methodkg_v3_00674,ann_01029,projtxt_a30b8b5e260e8e73,ENG,EEC,Standard Grant,576100,inst_4da6784c11cc,Missouri University of Science and Technology,person_3254411b34b2,0.0,1.0,0,quant_only,0.0,1.0,1,0,1,0,5,0,1,1,train,train,train,train,train,test,1,0,0.47598243
12845,1032035,1032035,cleaned_awards,2010,1,methodkg_v3_00675,ann_02227,projtxt_8a0f16e985a91412,ENG,EEC,Standard Grant,576100,inst_a27749d2c4b8,Polytechnic University of New York,person_ff29b9c6770e,0.0,0.0,0,no_method_signal,0.0,0.0,0,0,0,0,3,0,0,0,validation,train,train,train,train,test,0,1,0.5056677
12850,1032060,1032060,cleaned_awards,2010,1,methodkg_v3_00676,ann_01985,projtxt_8a0f16e985a91412,ENG,EEC,Standard Grant,576100,inst_6a07d6410cb6,University of Virginia Main Campus,person_2737efc00ad3,0.0,0.0,0,no_method_signal,0.0,0.0,0,0,0,0,3,0,0,0,validation,train,train,train,train,test,0,0,0.48306993
12883,1035061,1035061,cleaned_awards,2010,1,methodkg_v3_00677,ann_02488,projtxt_2a1e78a052a45bb4,ENG,EEC,Continuing Grant,576100,inst_65da3f92b2f3,Carnegie Mellon University,person_4b435c7737ab,0.0,1.0,0,multi_method_not_mmr,0.0,0.0,1,0,1,0,2,0,0,1,test,train,train,test,train,test,1,1,0.5518779
12987,1037519,1037519,cleaned_awards,2010,1,methodkg_v3_00684,ann_01409,projtxt_45b18a4fe491fa7a,ENG,EEC,Standard Grant,134000,inst_76ab37ce7122,Colorado School of Mines,person_e3ac7a24a302,0.0,1.0,0,multi_method_not_mmr,1.0,1.0,1,0,1,0,2,1,1,1,validation,train,train,train,train,test,1,1,0.6095095
12989,1037531,1037531,cleaned_awards,2010,1,methodkg_v3_00685,ann_01840,projtxt_49ab7efe86620821,ENG,EEC,Standard Grant,134000,inst_a692c935d9f6,San Diego State University Foundation,person_fc092cb434b5,0.0,0.0,0,no_method_signal,0.0,0.0,0,0,0,0,3,0,0,0,train,train,train,train,train,test,0,1,0.52654314
13014,1037814,1037814,cleaned_awards,2010,1,methodkg_v3_00688,ann_01976,projtxt_59c8d901207f394e,ENG,EEC,Standard Grant,134000,inst_e160b12a93ec,University of Washington,person_eee965fb2f96,0.0,0.0,0,no_method_signal,0.0,0.0,0,0,0,0,3,0,0,0,train,train,train,validation,train,test,0,1,0.53087085
13310,1037684,1037684,cleaned_awards,2011,1,methodkg_v3_00686,ann_00261,projtxt_022263c33cf34064,ENG,EEC,Standard Grant,134000,inst_f27e0292a56f,University of Nebraska-Lincoln,person_b69af3d8715b,0.0,1.0,0,qual_only,1.0,0.0,1,0,1,0,4,1,0,1,validation,train,train,train,train,test,1,1,0.5651601
13311,1037697,1037697,cleaned_awards,2011,1,methodkg_v3_00687,ann_00077,projtxt_022263c33cf34064,ENG,EEC,Standard Grant,134000,inst_6eb4a606d9da,Florida International University,person_7eb0c66973c8,0.0,1.0,0,qual_only,1.0,0.0,1,0,1,0,4,1,0,1,validation,train,train,train,train,test,1,1,0.5668132
13327,1042157,1042157,cleaned_awards,2011,1,methodkg_v3_00689,ann_01649,projtxt_5c1596ce88fa43eb,ENG,EEC,Standard Grant,721900,inst_58407da5ce4b,University of California-Santa Barbara,person_2ddf1df6f81c,0.0,0.0,0,no_method_signal,0.0,0.0,0,0,0,0,3,0,0,0,train,train,train,train,train,test,0,1,0.53038925
13629,1062919,1062919,cleaned_awards,2011,1,methodkg_v3_00711,ann_00974,projtxt_bdcf8f1ade87d132,ENG,EEC,Continuing Grant,"136000, 768000",inst_56e0109c3724,Princeton University,person_d736a2f47957,0.0,0.0,0,no_method_signal,0.0,0.0,0,0,0,0,3,0,0,0,validation,train,train,train,test,test,0,1,0.514934
14045,1127829,1127829,cleaned_awards,2011,1,methodkg_v3_00747,ann_02222,projtxt_9c604ed9d970c461,ENG,EEC,Standard Grant,576100,inst_34c3f622d93b,University of Minnesota-Twin Cities,person_31cdc46ead49,0.0,1.0,0,quant_only,0.0,1.0,1,0,1,0,5,0,1,1,train,train,train,train,train,test,1,1,0.55056125
14160,1135328,1135328,cleaned_awards,2011,1,methodkg_v3_00754,ann_00604,projtxt_38b93959aeab6f53,ENG,EEC,Standard Grant,"134000, 173300",inst_a602b9b86fa7,Virginia Polytechnic Institute and State University,person_2249a5ebde11,0.0,1.0,0,multi_method_not_mmr,0.0,0.0,1,0,1,0,2,0,0,1,train,train,train,test,train,test,1,1,0.6167573
14471,1132482,1132482,cleaned_awards,2012,1,methodkg_v3_00752,ann_01991,projtxt_16831248e228e717,ENG,EEC,Continuing Grant,"721800, 135900",inst_e5e8f69a0542,New York University,person_986fc1132ac4,0.0,0.0,0,no_method_signal,0.0,0.0,0,0,0,0,3,0,0,0,train,train,test,train,train,test,0,1,0.5419315
14843,1156747,1156747,cleaned_awards,2012,1,methodkg_v3_00791,ann_00301,projtxt_301f2ba026961c6d,ENG,EEC,Continuing Grant,"136000, 721800",inst_95ef410579c8,The University of Central Florida Board of Trustees,person_4c98aa8129f5,0.0,1.0,0,quant_only,0.0,1.0,1,0,1,0,5,0,1,1,validation,train,train,train,train,test,1,1,0.5349767
14863,1157094,1157094,cleaned_awards,2012,1,methodkg_v3_00792,ann_00409,projtxt_362fcdad7fb7a8b2,ENG,EEC,Standard Grant,136000,inst_9498cfe59790,Washington State University,person_41f44dabac26,0.0,1.0,0,quant_only,0.0,1.0,1,0,1,0,5,0,1,1,train,train,train,validation,train,test,1,1,0.594899
14883,1160585,1160585,cleaned_awards,2012,1,methodkg_v3_00794,ann_02098,projtxt_1ca7442573dfcb47,ENG,EEC,Standard Grant,576100,inst_20147190a8e1,SUNY at Buffalo,person_8050ae12f5ac,0.0,1.0,0,multi_method_not_mmr,0.0,0.0,1,0,1,0,2,0,0,1,test,train,train,validation,train,test,1,1,0.5148144
15273,1230851,1230851,cleaned_awards,2012,1,methodkg_v3_00821,ann_01099,projtxt_d822a0eff6e35d0e,ENG,EEC,Standard Grant,760900,inst_1af48b1011e3,Trustees of Boston University,person_d7ec4d6eb3bf,0.0,0.0,0,no_method_signal,0.0,0.0,0,0,0,0,3,0,0,0,train,train,train,train,train,test,0,1,0.54288
15291,1232656,1232656,cleaned_awards,2012,1,methodkg_v3_00823,ann_00778,projtxt_d1d19332d0d0fb1b,ENG,EEC,Standard Grant,134000,inst_d2b442f8f9c5,University of Wisconsin-Madison,person_6d2e9a52b5e9,0.0,0.0,0,no_method_signal,0.0,0.0,0,0,0,0,3,0,0,0,train,train,train,train,train,test,0,1,0.6325532
15307,1237830,1237830,cleaned_awards,2012,1,methodkg_v3_00826,ann_00231,projtxt_89f50bee8c94e25e,ENG,EEC,Standard Grant,"749100, 134000, 729800",inst_c7dda2f8b75f,University of California-Berkeley,person_321aeb1bdf7b,0.0,1.0,0,multi_method_not_mmr,0.0,0.0,1,0,1,0,2,0,0,1,train,train,validation,train,train,test,1,1,0.60620177
15327,1238265,1238265,cleaned_awards,2012,1,methodkg_v3_00830,ann_01405,projtxt_d277d05edc1fb8a9,ENG,EEC,Continuing Grant,576100,inst_a602b9b86fa7,Virginia Polytechnic Institute and State University,person_19e797074b6b,0.0,0.0,0,no_method_signal,0.0,0.0,0,0,0,0,3,0,0,0,test,train,train,train,train,test,0,1,0.55344516
15336,1238288,1238288,cleaned_awards,2012,1,methodkg_v3_00831,ann_00636,projtxt_024eaa315729a264,ENG,EEC,Standard Grant,576100,inst_f6cb5dbf010f,University of Tennessee Knoxville,person_76bb823e6481,0.0,0.0,0,no_method_signal,0.0,0.0,0,0,0,0,3,0,0,0,validation,train,train,train,train,test,0,1,0.5152229
15338,1238305,1238305,cleaned_awards,2012,1,methodkg_v3_00832,ann_00973,projtxt_ed48d3692eb780d2,ENG,EEC,Continuing Grant,576100,inst_b1883f5890dc,Oregon State University,person_41c866612a34,0.0,0.0,0,no_method_signal,0.0,0.0,0,0,0,0,3,0,0,0,train,train,train,validation,train,test,0,1,0.54987985
15346,1238324,1238324,cleaned_awards,2012,1,methodkg_v3_00833,ann_01266,projtxt_ed48d3692eb780d2,ENG,EEC,Continuing Grant,"138500, 576100",inst_034f39b50631,North Carolina State University,person_6543ade4cfd5,0.0,0.0,0,no_method_signal,0.0,0.0,0,0,0,0,3,0,0,0,train,train,train,validation,train,test,0,1,0.55254954
15352,1238341,1238341,cleaned_awards,2012,1,methodkg_v3_00835,ann_00293,projtxt_48143c4dd545d0fc,ENG,EEC,Standard Grant,576100,inst_263c30164590,Texas A&M University,person_fd838e872724,0.0,0.0,0,no_method_signal,0.0,0.0,0,0,0,0,3,0,0,0,train,train,train,validation,train,test,0,0,0.49378666
15459,1240277,1240277,cleaned_awards,2012,1,methodkg_v3_00843,ann_01767,projtxt_c968689a069f03a6,ENG,EEC,Standard Grant,134000,inst_dd5d3b606065,University of Rochester,person_75bb98e94e52,0.0,1.0,0,qual_only,1.0,0.0,1,0,1,0,4,1,0,1,train,train,train,train,train,test,1,1,0.5976469
15523,1242075,1242075,cleaned_awards,2012,1,methodkg_v3_00848,ann_02173,projtxt_455afd307b7b7be6,ENG,EEC,Standard Grant,721900,inst_20261daaec23,University of Pittsburgh,person_7c2fb7fa9937,0.0,1.0,0,quant_only,0.0,1.0,1,0,1,0,5,0,1,1,train,train,train,test,train,test,1,1,0.5417357
15959,1254323,1254323,cleaned_awards,2013,1,methodkg_v3_00877,ann_00417,projtxt_97a53d6a98797400,ENG,EEC,Standard Grant,134000,inst_b0164d46a195,Purdue University,person_8836a812172e,1.0,1.0,1,explicit_mmr,1.0,1.0,1,1,1,1,0,1,1,1,train,train,train,train,train,test,1,1,0.59411114
16101,1265721,1265721,cleaned_awards,2013,1,methodkg_v3_00886,ann_01280,projtxt_fad5c63efccb1278,ENG,EEC,Standard Grant,135900,inst_80895c928afc,Stanford University,person_34bb142c95bc,0.0,1.0,0,multi_method_not_mmr,1.0,1.0,1,0,1,0,2,1,1,1,train,train,train,train,train,test,1,1,0.5647551
16108,1266050,1266050,cleaned_awards,2013,1,methodkg_v3_00887,ann_01886,projtxt_df7c2304d98c3fc2,ENG,EEC,Standard Grant,"146800, 576100",inst_c53261c1ff99,University of Illinois at Urbana-Champaign,person_8863181924b1,0.0,1.0,0,quant_only,0.0,1.0,1,0,1,0,5,0,1,1,train,train,test,validation,train,test,1,1,0.5329119
16117,1266169,1266169,cleaned_awards,2013,1,methodkg_v3_00888,ann_01441,projtxt_df7c2304d98c3fc2,ENG,EEC,Standard Grant,"146800, 576100",inst_b0164d46a195,Purdue University,person_808690394210,0.0,1.0,0,quant_only,0.0,1.0,1,0,1,0,5,0,1,1,train,train,test,validation,train,test,1,1,0.5302866
16131,1301502,1301502,cleaned_awards,2013,1,methodkg_v3_00890,ann_01932,projtxt_9b10f4e5bb94ed63,ENG,EEC,Standard Grant,"135900, 136000, 148000",inst_5d349b6edec7,University of Southern California,person_6bf0435faf2a,0.0,0.0,0,no_method_signal,0.0,0.0,0,0,0,0,3,0,0,0,train,train,train,test,train,test,0,1,0.5632978
16507,1329225,1329225,cleaned_awards,2013,1,methodkg_v3_00925,ann_00365,projtxt_cbe041f655012f1d,ENG,EEC,Standard Grant,134000,inst_b0164d46a195,Purdue University,person_73dd2b0ad95e,1.0,1.0,1,explicit_mmr,1.0,1.0,1,1,1,1,0,1,1,1,train,train,train,test,train,test,1,1,0.6526469
16645,1340459,1340459,cleaned_awards,2013,1,methodkg_v3_00937,ann_02305,projtxt_9fd11bd6ee110f10,ENG,EEC,Standard Grant,134000,inst_179d12d7459c,Regents of the University of Michigan - Ann Arbor,person_d09efb58edb7,1.0,1.0,1,implicit_mmr,1.0,1.0,1,1,1,1,1,1,1,1,train,train,train,validation,train,test,1,1,0.66766274
16663,1342379,1342379,cleaned_awards,2013,1,methodkg_v3_00938,ann_00221,projtxt_6a0e11cfcb135745,ENG,EEC,Standard Grant,"768000, 915000",inst_399cb57ef8fa,University of South Carolina at Columbia,person_e2d181a04d87,0.0,1.0,0,quant_only,0.0,1.0,1,0,1,0,5,0,1,1,train,train,train,test,train,test,1,1,0.5724227
16803,1301037,1301037,cleaned_awards,2014,1,methodkg_v3_00889,ann_02062,projtxt_870e4d11bfe5ce8d,ENG,EEC,Standard Grant,135900,inst_a602b9b86fa7,Virginia Polytechnic Institute and State University,person_38c01d35d718,0.0,1.0,0,multi_method_not_mmr,0.0,0.0,1,0,1,0,2,0,0,1,train,train,train,train,train,test,1,1,0.58899647
16910,1351156,1351156,cleaned_awards,2014,1,methodkg_v3_00948,ann_00268,projtxt_17e286c844e2052b,ENG,EEC,Standard Grant,"768000, 134000",inst_a602b9b86fa7,Virginia Polytechnic Institute and State University,person_331fa346f750,1.0,1.0,1,explicit_mmr,1.0,1.0,1,1,1,1,0,1,1,1,validation,validation,train,train,train,test,1,1,0.6472661
16917,1354087,1354087,cleaned_awards,2014,1,methodkg_v3_00951,ann_01898,projtxt_998518f2a79ffda9,ENG,EEC,Standard Grant,"751300, 768000",inst_76ab37ce7122,Colorado School of Mines,person_13eb5108d4a7,0.0,1.0,0,qual_only,1.0,0.0,1,0,1,0,4,1,0,1,train,train,train,train,train,test,1,1,0.65328467
17035,1359476,1359476,cleaned_awards,2014,1,methodkg_v3_00959,ann_01435,projtxt_cac5c16bf6db32b7,ENG,EEC,Standard Grant,"136000, 915000",inst_6a88287d2028,South Dakota School of Mines and Technology,person_43b86a31db78,0.0,1.0,0,quant_only,0.0,1.0,1,0,1,0,5,0,1,1,test,train,train,train,train,test,1,1,0.591125
17041,1360987,1360987,cleaned_awards,2014,1,methodkg_v3_00960,ann_02200,projtxt_27e99433576c642b,ENG,EEC,Standard Grant,134000,inst_f7805d443b86,University of New Haven,person_4a3d521aa4cf,1.0,1.0,1,explicit_mmr,1.0,1.0,1,1,1,1,0,1,1,1,train,train,train,train,train,test,1,1,0.6121332
17043,1361028,1361028,cleaned_awards,2014,1,methodkg_v3_00961,ann_01352,projtxt_27e99433576c642b,ENG,EEC,Standard Grant,134000,inst_c7dda2f8b75f,University of California-Berkeley,person_173e296a8b8c,1.0,1.0,1,explicit_mmr,1.0,1.0,1,1,1,1,0,1,1,1,train,train,train,train,train,test,1,1,0.62918174
17045,1361107,1361107,cleaned_awards,2014,1,methodkg_v3_00962,ann_01519,projtxt_631fb9c8e5ff2b8a,ENG,EEC,Standard Grant,134000,inst_b1883f5890dc,Oregon State University,person_eeb900329162,0.0,1.0,0,qual_only,1.0,0.0,1,0,1,0,4,1,0,1,train,train,train,test,train,test,1,1,0.65565467
17099,1362135,1362135,cleaned_awards,2014,1,methodkg_v3_00963,ann_01025,projtxt_a0729ffbc1b84cd6,ENG,EEC,Continuing Grant,576100,inst_c1d8ec9bd83b,University of Denver,person_aa8e9abc018d,0.0,1.0,0,multi_method_not_mmr,0.0,0.0,1,0,1,0,2,0,0,1,train,train,train,train,train,test,1,1,0.530916
17647,1439585,1439585,cleaned_awards,2014,1,methodkg_v3_01012,ann_02366,projtxt_8c3e76a4904570b2,ENG,EEC,Standard Grant,576100,inst_f27e0292a56f,University of Nebraska-Lincoln,person_2f6a66af42e6,0.0,0.0,0,no_method_signal,0.0,0.0,0,0,0,0,3,0,0,0,train,train,train,train,train,test,0,1,0.56549305
17648,1439587,1439587,cleaned_awards,2014,1,methodkg_v3_01013,ann_01383,projtxt_8c3e76a4904570b2,ENG,EEC,Standard Grant,576100,inst_d19178b037c0,Colorado State University,person_dd72d024b4e7,0.0,0.0,0,no_method_signal,0.0,0.0,0,0,0,0,3,0,0,0,train,train,train,train,train,test,0,1,0.5720319
17673,1439704,1439704,cleaned_awards,2014,1,methodkg_v3_01014,ann_00995,projtxt_681946a620dd75b6,ENG,EEC,Standard Grant,134000,inst_6a88287d2028,South Dakota School of Mines and Technology,person_9c43a2783519,0.0,1.0,0,qual_only,1.0,0.0,1,0,1,0,4,1,0,1,train,train,train,test,train,test,1,1,0.6201203
17769,1444961,1444961,cleaned_awards,2014,1,methodkg_v3_01021,ann_01960,projtxt_deca65db58310cea,ENG,EEC,Standard Grant,"768000, 534200",inst_e160b12a93ec,University of Washington,person_300d8e3ed71b,0.0,1.0,0,qual_only,1.0,0.0,1,0,1,0,4,1,0,1,train,train,train,train,train,test,1,1,0.6098042
17886,1457003,1457003,cleaned_awards,2014,1,methodkg_v3_01028,ann_02284,projtxt_d6fbce24404ca6b7,ENG,EEC,Standard Grant,134000,inst_76a753a05db8,Bucknell University,person_a2ef6303f6ac,0.0,1.0,0,multi_method_not_mmr,0.0,0.0,1,0,1,0,2,0,0,1,train,train,train,train,train,test,1,1,0.6193777
18164,1460486,1460486,cleaned_awards,2015,1,methodkg_v3_01034,ann_01308,projtxt_97b678d4a0b9d31c,ENG,EEC,Standard Grant,136000,inst_549861d860f7,University of Kentucky Research Foundation,person_ca617c902be5,0.0,1.0,0,multi_method_not_mmr,0.0,0.0,1,0,1,0,2,0,0,1,train,train,train,train,train,test,1,1,0.6199159
18169,1460776,1460776,cleaned_awards,2015,1,methodkg_v3_01035,ann_00765,projtxt_de8fde9cc62d4f97,ENG,EEC,Standard Grant,136000,inst_b3704c41ee9f,Kansas State University,person_18e1eefd7909,0.0,0.0,0,no_method_signal,0.0,0.0,0,0,0,0,3,0,0,0,train,train,train,train,train,test,0,1,0.6191043
18181,1461152,1461152,cleaned_awards,2015,1,methodkg_v3_01036,ann_01114,projtxt_7e962cc264699b2c,ENG,EEC,Standard Grant,"135900, 136000",inst_1af48b1011e3,Trustees of Boston University,person_5641d67c76c8,0.0,0.0,0,no_method_signal,0.0,0.0,0,0,0,0,3,0,0,0,train,train,train,train,train,test,0,1,0.58749425
18198,1463744,1463744,cleaned_awards,2015,1,methodkg_v3_01037,ann_01997,projtxt_abfe535f25bea7df,ENG,EEC,Standard Grant,768000,inst_9498cfe59790,Washington State University,person_c010d8bb9f86,0.0,1.0,0,qual_only,1.0,0.0,1,0,1,0,4,1,0,1,train,train,train,train,train,test,1,1,0.6899704
18200,1463769,1463769,cleaned_awards,2015,1,methodkg_v3_01038,ann_00706,projtxt_928cef1ceae507b0,ENG,EEC,Standard Grant,134000,inst_b1883f5890dc,Oregon State University,person_1af6e28cdd74,0.0,1.0,0,qual_only,1.0,0.0,1,0,1,0,4,1,0,1,train,train,train,train,train,test,1,1,0.681064
18202,1463809,1463809,cleaned_awards,2015,1,methodkg_v3_01039,ann_02453,projtxt_cf3339c3c30b91e8,ENG,EEC,Standard Grant,134000,inst_63ef75a85860,Utah State University,person_2dfabbcd2e0f,0.0,1.0,0,qual_only,1.0,0.0,1,0,1,0,4,1,0,1,train,train,train,validation,train,test,1,1,0.72456115
18205,1463829,1463829,cleaned_awards,2015,1,methodkg_v3_01040,ann_01055,projtxt_9916e74f2f4fbed7,ENG,EEC,Standard Grant,134000,inst_82afa5a40cdc,University of Georgia Research Foundation Inc,person_dd849b64a60e,0.0,1.0,0,qual_only,1.0,0.0,1,0,1,0,4,1,0,1,train,train,train,test,train,test,1,1,0.70866406
18207,1463873,1463873,cleaned_awards,2015,1,methodkg_v3_01041,ann_01951,projtxt_cf3339c3c30b91e8,ENG,EEC,Standard Grant,134000,inst_ce07f2bf1dea,University of North Carolina at Charlotte,person_b751fd95e5c6,0.0,1.0,0,qual_only,1.0,0.0,1,0,1,0,4,1,0,1,train,train,train,validation,train,test,1,1,0.73620564
18229,1464595,1464595,cleaned_awards,2015,1,methodkg_v3_01042,ann_01252,projtxt_e618ca852efe1a4a,ENG,EEC,Continuing Grant,576100,inst_6c057e690f31,Virginia Commonwealth University,person_5bda167e8081,0.0,1.0,0,multi_method_not_mmr,1.0,1.0,1,0,1,0,2,1,1,1,validation,train,train,train,train,test,1,1,0.5694305
18234,1464630,1464630,cleaned_awards,2015,1,methodkg_v3_01043,ann_00249,projtxt_e618ca852efe1a4a,ENG,EEC,Continuing Grant,576100,inst_399cb57ef8fa,University of South Carolina at Columbia,person_58214c2798d7,0.0,1.0,0,multi_method_not_mmr,1.0,1.0,1,0,1,0,2,1,1,1,validation,train,train,train,train,test,1,1,0.5806192
18602,1519467,1519467,cleaned_awards,2015,1,methodkg_v3_01083,ann_02358,projtxt_976860796c6cc811,ENG,EEC,Standard Grant,"012Y00, 199800",inst_b1883f5890dc,Oregon State University,person_09ed0efdfade,0.0,1.0,0,qual_only,1.0,0.0,1,0,1,0,4,1,0,1,train,train,train,train,train,test,1,1,0.6626345
18731,1528417,1528417,cleaned_awards,2015,1,methodkg_v3_01098,ann_02479,projtxt_57857d2427c4f61d,ENG,EEC,Standard Grant,134000,inst_b0bf1a237a7c,The University of Texas Rio Grande Valley,person_0da48f7bddee,1.0,1.0,1,explicit_mmr,1.0,1.0,1,1,1,1,0,1,1,1,train,train,train,train,train,test,1,1,0.6789034
18732,1528495,1528495,cleaned_awards,2015,1,methodkg_v3_01099,ann_01879,projtxt_57857d2427c4f61d,ENG,EEC,Standard Grant,134000,inst_9449cea011d2,University of Hawaii,person_1b2057ea3863,1.0,1.0,1,explicit_mmr,1.0,1.0,1,1,1,1,0,1,1,1,train,train,train,train,train,test,1,1,0.68649024
18733,1528848,1528848,cleaned_awards,2015,1,methodkg_v3_01100,ann_00505,projtxt_57857d2427c4f61d,ENG,EEC,Standard Grant,134000,inst_b1883f5890dc,Oregon State University,person_cb03e1186286,1.0,1.0,1,explicit_mmr,1.0,1.0,1,1,1,1,0,1,1,1,train,train,train,train,train,test,1,1,0.7214228
18736,1530753,1530753,cleaned_awards,2015,1,methodkg_v3_01101,ann_00895,projtxt_91f53169a0c0bae0,ENG,EEC,Standard Grant,167400,inst_b90e8fe1c924,University of Houston,person_74a4f2f11f00,0.0,1.0,0,quant_only,0.0,1.0,1,0,1,0,5,0,1,1,train,train,test,train,train,test,1,1,0.5764005
18739,1531174,1531174,cleaned_awards,2015,1,methodkg_v3_01102,ann_01580,projtxt_decca8191462ce19,ENG,EEC,Standard Grant,"134000, 154500",inst_a4b681bc2dd5,"Board of Regents, NSHE, obo University of Nevada, Reno",person_748059e574db,1.0,1.0,1,explicit_mmr,1.0,1.0,1,1,1,1,0,1,1,1,validation,train,train,train,train,test,1,1,0.6983985
18740,1531375,1531375,cleaned_awards,2015,1,methodkg_v3_01103,ann_00256,projtxt_7db0817bce37ca09,ENG,EEC,Standard Grant,134000,inst_a756e8e278f2,Texas State University - San Marcos,person_f6626d790738,1.0,1.0,1,implicit_mmr,1.0,1.0,1,1,1,1,1,1,1,1,train,train,train,test,train,test,1,1,0.6563564
18741,1531533,1531533,cleaned_awards,2015,1,methodkg_v3_01104,ann_00769,projtxt_a96433a0159df827,ENG,EEC,Standard Grant,134000,inst_179d12d7459c,Regents of the University of Michigan - Ann Arbor,person_735bc1042c69,1.0,1.0,1,explicit_mmr,1.0,1.0,1,1,1,1,0,1,1,1,train,train,train,train,train,test,1,1,0.6972887
18742,1531586,1531586,cleaned_awards,2015,1,methodkg_v3_01105,ann_02168,projtxt_decca8191462ce19,ENG,EEC,Standard Grant,"154500, 134000",inst_b0164d46a195,Purdue University,person_9ce2181f4551,1.0,1.0,1,explicit_mmr,1.0,1.0,1,1,1,1,0,1,1,1,validation,train,train,train,train,test,1,1,0.7099562
18940,1544068,1544068,cleaned_awards,2015,1,methodkg_v3_01125,ann_00460,projtxt_d627797cc699439d,ENG,EEC,Standard Grant,134000,inst_43c4124caf4b,Michigan State University,person_17cd6bf2283b,0.0,1.0,0,qual_only,1.0,0.0,1,0,1,0,4,1,0,1,train,train,train,train,train,test,1,1,0.68357646
18945,1544134,1544134,cleaned_awards,2015,1,methodkg_v3_01126,ann_00854,projtxt_d627797cc699439d,ENG,EEC,Standard Grant,134000,inst_cd91a6c03ed5,University of California - Merced,person_658a748e5b67,0.0,1.0,0,qual_only,1.0,0.0,1,0,1,0,4,1,0,1,train,train,train,train,train,test,1,1,0.6509748
19209,1554194,1554194,cleaned_awards,2016,1,methodkg_v3_01134,ann_00442,projtxt_4338e8e08c15d44e,ENG,EEC,Standard Grant,768000,inst_f6cb5dbf010f,University of Tennessee Knoxville,person_a1ca754c825c,0.0,1.0,0,qual_only,1.0,0.0,1,0,1,0,4,1,0,1,test,train,train,validation,train,test,1,1,0.67336065
19365,1564509,1564509,cleaned_awards,2016,1,methodkg_v3_01151,ann_01350,projtxt_7f295b2695333320,ENG,EEC,Standard Grant,134000,inst_b4fb6b5c4cbe,University of Texas at Austin,person_ce3dfc352e60,1.0,1.0,1,implicit_mmr,1.0,1.0,1,1,1,1,1,1,1,1,train,validation,train,train,train,test,1,1,0.68649304
19375,1564629,1564629,cleaned_awards,2016,1,methodkg_v3_01152,ann_01906,projtxt_7f295b2695333320,ENG,EEC,Standard Grant,134000,inst_83101c1f934e,Arizona State University,person_f88cf8f73222,1.0,1.0,1,implicit_mmr,1.0,1.0,1,1,1,1,1,1,1,1,train,validation,train,train,train,test,1,1,0.719147
19580,1609089,1609089,cleaned_awards,2016,1,methodkg_v3_01169,ann_00873,projtxt_68396fd04c323151,ENG,EEC,Standard Grant,135900,inst_a602b9b86fa7,Virginia Polytechnic Institute and State University,person_5487413544e1,0.0,0.0,0,no_method_signal,0.0,0.0,0,0,0,0,3,0,0,0,test,train,train,train,train,test,0,1,0.6228586
19848,1623190,1623190,cleaned_awards,2016,1,methodkg_v3_01199,ann_02212,projtxt_c39925d67111ddad,ENG,EEC,Standard Grant,"012Y00, 199800",inst_0cf19503ac99,University of Texas at El Paso,person_ee574c59ba4c,0.0,1.0,0,multi_method_not_mmr,1.0,1.0,1,0,1,0,2,1,1,1,test,train,train,train,train,test,1,1,0.6414992
19939,1624599,1624599,cleaned_awards,2016,1,methodkg_v3_01208,ann_00754,projtxt_f0af42b6d9d0f991,ENG,EEC,Continuing Grant,"576100, 150400",inst_b1883f5890dc,Oregon State University,person_1a05b3c11226,0.0,1.0,0,multi_method_not_mmr,0.0,0.0,1,0,1,0,2,0,0,1,train,train,train,validation,train,test,1,1,0.605478
20109,1636442,1636442,cleaned_awards,2016,1,methodkg_v3_01227,ann_02367,projtxt_ab59ff454f4beebb,ENG,EEC,Standard Grant,134000,inst_80895c928afc,Stanford University,person_34bb142c95bc,0.0,1.0,0,multi_method_not_mmr,0.0,0.0,1,0,1,0,2,0,0,1,train,train,train,train,train,test,1,1,0.63813525
20111,1636446,1636446,cleaned_awards,2016,1,methodkg_v3_01228,ann_00587,projtxt_b2cee8a29df7b152,ENG,EEC,Standard Grant,134000,inst_b0164d46a195,Purdue University,person_1f731d8b38e8,1.0,1.0,1,explicit_mmr,1.0,1.0,1,1,1,1,0,1,1,1,train,train,train,train,train,test,1,1,0.71657485
20129,1638888,1638888,cleaned_awards,2016,1,methodkg_v3_01230,ann_02114,projtxt_b78153c7904c5858,ENG,EEC,Standard Grant,134000,inst_79068178781a,Clemson University,person_0ee387f11030,0.0,1.0,0,multi_method_not_mmr,0.0,0.0,1,0,1,0,2,0,0,1,train,train,train,validation,train,test,1,1,0.63690364
20153,1640440,1640440,cleaned_awards,2016,1,methodkg_v3_01236,ann_01122,projtxt_2fded9b9d0312d8c,ENG,EEC,Standard Grant,134000,inst_0dacb6625cfb,University of Memphis,person_89acfd6130ff,1.0,1.0,1,implicit_mmr,1.0,1.0,1,1,1,1,1,1,1,1,validation,train,train,train,test,test,1,1,0.67038953
20340,1649956,1649956,cleaned_awards,2016,1,methodkg_v3_01255,ann_01117,projtxt_164ebc2b464c8bfa,ENG,EEC,Standard Grant,138500,inst_ea120c988378,Tennessee State University,person_e77b4f023bcb,1.0,1.0,1,explicit_mmr,1.0,1.0,1,1,1,1,0,1,1,1,validation,train,train,validation,test,test,1,1,0.61968017
20383,1659079,1659079,cleaned_awards,2016,1,methodkg_v3_01262,ann_01374,projtxt_4338e8e08c15d44e,ENG,EEC,Standard Grant,768000,inst_6ae0470bf0b1,Drexel University,person_a1ca754c825c,0.0,1.0,0,qual_only,1.0,0.0,1,0,1,0,4,1,0,1,test,train,train,validation,train,test,1,1,0.6774106
20529,1649717,1649717,cleaned_awards,2017,1,methodkg_v3_01254,ann_00787,projtxt_e11cd08a53f453b4,ENG,EEC,Standard Grant,"768000, 798000",inst_9b3d32d09414,Fort Valley State University,person_96a2b91adccd,1.0,1.0,1,explicit_mmr,1.0,1.0,1,1,1,1,0,1,1,1,train,validation,train,train,train,test,1,1,0.6627768
20545,1650541,1650541,cleaned_awards,2017,1,methodkg_v3_01256,ann_02252,projtxt_ec945049f57234e1,ENG,EEC,Standard Grant,576100,inst_573cd3940e58,"OHIO STATE UNIVERSITY, THE",person_de726a54b027,0.0,1.0,0,multi_method_not_mmr,0.0,0.0,1,0,1,0,2,0,0,1,validation,validation,train,test,train,test,1,1,0.6247954
20567,1653854,1653854,cleaned_awards,2017,1,methodkg_v3_01260,ann_00068,projtxt_c0468084d6b4219a,ENG,EEC,Standard Grant,134000,inst_e64fdfd9d493,University of Connecticut,person_fdf77b5d669d,1.0,1.0,1,implicit_mmr,1.0,1.0,1,1,1,1,1,1,1,1,train,validation,train,validation,train,test,1,1,0.707132
20603,1659468,1659468,cleaned_awards,2017,1,methodkg_v3_01263,ann_00670,projtxt_97155017084ca148,ENG,EEC,Standard Grant,136000,inst_5965f06fba03,Florida Atlantic University,person_b265ad583fe0,0.0,1.0,0,quant_only,0.0,1.0,1,0,1,0,5,0,1,1,train,validation,train,train,train,test,1,1,0.599877
20604,1659495,1659495,cleaned_awards,2017,1,methodkg_v3_01264,ann_01406,projtxt_eca4956e41988e48,ENG,EEC,Standard Grant,136000,inst_a602b9b86fa7,Virginia Polytechnic Institute and State University,person_2249a5ebde11,0.0,0.0,0,no_method_signal,0.0,0.0,0,0,0,0,3,0,0,0,train,validation,train,test,train,test,0,1,0.58528364
20780,1664228,1664228,cleaned_awards,2017,1,methodkg_v3_01273,ann_01179,projtxt_4c2f832705b6cde6,ENG,EEC,Standard Grant,"134000, 150400",inst_63ef75a85860,Utah State University,person_8686ce2a334d,0.0,1.0,0,qual_only,1.0,0.0,1,0,1,0,4,1,0,1,train,validation,train,validation,train,test,1,1,0.72583205
20782,1664242,1664242,cleaned_awards,2017,1,methodkg_v3_01274,ann_00732,projtxt_4ae5269b25218037,ENG,EEC,Standard Grant,134000,inst_76ab37ce7122,Colorado School of Mines,person_5006ac72a256,1.0,1.0,1,explicit_mmr,1.0,1.0,1,1,1,1,0,1,1,1,train,validation,train,train,train,test,1,1,0.68432814
20783,1664250,1664250,cleaned_awards,2017,1,methodkg_v3_01275,ann_00456,projtxt_a729bc7ec477af26,ENG,EEC,Standard Grant,134000,inst_b1883f5890dc,Oregon State University,person_495324ac5b8b,0.0,1.0,0,qual_only,1.0,0.0,1,0,1,0,4,1,0,1,train,validation,train,train,train,test,1,1,0.740952
20787,1664269,1664269,cleaned_awards,2017,1,methodkg_v3_01276,ann_00009,projtxt_a76ca5c7beeccdb9,ENG,EEC,Standard Grant,134000,inst_b5129f608f81,"Teachers College, Columbia University",person_c6dbcd34d20b,1.0,1.0,1,explicit_mmr,1.0,1.0,1,1,1,1,0,1,1,1,test,validation,train,test,train,test,1,1,0.7451454
20788,1664271,1664271,cleaned_awards,2017,1,methodkg_v3_01277,ann_02213,projtxt_419c744c21fbb08c,ENG,EEC,Standard Grant,134000,inst_b1883f5890dc,Oregon State University,person_09b3c6ae74b0,1.0,1.0,1,implicit_mmr,1.0,1.0,1,1,1,1,1,1,1,1,test,test,train,train,train,test,1,1,0.7081979
20789,1664272,1664272,cleaned_awards,2017,1,methodkg_v3_01278,ann_00909,projtxt_2d03bf4a70099600,ENG,EEC,Standard Grant,134000,inst_3f8a7b120882,Colorado Mesa University,person_3d889f294d1e,1.0,1.0,1,implicit_mmr,1.0,1.0,1,1,1,1,1,1,1,1,train,validation,train,train,train,test,1,1,0.6698038
20790,1664274,1664274,cleaned_awards,2017,1,methodkg_v3_01279,ann_00556,projtxt_419c744c21fbb08c,ENG,EEC,Standard Grant,134000,inst_63ef75a85860,Utah State University,person_da1800b2072a,1.0,1.0,1,implicit_mmr,1.0,1.0,1,1,1,1,1,1,1,1,test,test,train,train,train,test,1,1,0.7172348
21246,1723802,1723802,cleaned_awards,2017,1,methodkg_v3_01336,ann_01746,projtxt_7a18888b10beaaa4,ENG,EEC,Standard Grant,134000,inst_83101c1f934e,Arizona State University,person_18ac51e5c37f,0.0,1.0,0,multi_method_not_mmr,1.0,1.0,1,0,1,0,2,1,1,1,train,validation,train,train,train,test,1,1,0.68502957
21388,1734772,1734772,cleaned_awards,2017,1,methodkg_v3_01344,ann_02089,projtxt_e2a79da7b23c7caa,ENG,EEC,Standard Grant,768000,inst_f27e0292a56f,University of Nebraska-Lincoln,person_0206838d268c,0.0,1.0,0,qual_only,1.0,0.0,1,0,1,0,4,1,0,1,test,validation,train,validation,train,test,1,1,0.61354786
21394,1734833,1734833,cleaned_awards,2017,1,methodkg_v3_01345,ann_01000,projtxt_b19baa6f68ce2012,ENG,EEC,Standard Grant,"150400, 768000",inst_b90e8fe1c924,University of Houston,person_ae02b32e0671,0.0,1.0,0,multi_method_not_mmr,0.0,0.0,1,0,1,0,2,0,0,1,train,validation,train,train,train,test,1,1,0.6111315
21454,1738205,1738205,cleaned_awards,2017,1,methodkg_v3_01351,ann_01992,projtxt_3ca68d2eac648a3a,ENG,EEC,Standard Grant,134000,inst_4fa0db018dea,University of Delaware,person_07e71a1fcbca,1.0,1.0,1,explicit_mmr,1.0,1.0,1,1,1,1,0,1,1,1,train,validation,train,train,train,test,1,1,0.7153936
21459,1738359,1738359,cleaned_awards,2017,1,methodkg_v3_01352,ann_00671,projtxt_766ac2f05c8c3e6e,ENG,EEC,Standard Grant,576100,inst_0f576ab598dd,University of Louisville Research Foundation Inc,person_e0ab5a00aa88,0.0,1.0,0,multi_method_not_mmr,0.0,0.0,1,0,1,0,2,0,0,1,train,validation,train,train,train,test,1,1,0.6730977
21551,1742942,1742942,cleaned_awards,2017,1,methodkg_v3_01370,ann_01434,projtxt_2288eecda008d316,ENG,EEC,Standard Grant,"159400, 768000",inst_f78bbfe1b8e7,Morehouse College,person_b7b95f2603c2,1.0,1.0,1,explicit_mmr,1.0,1.0,1,1,1,1,0,1,1,1,train,validation,train,train,validation,test,1,1,0.59669363
21657,1748384,1748384,cleaned_awards,2017,1,methodkg_v3_01376,ann_00591,projtxt_eb81e5d531d03dd0,ENG,EEC,Standard Grant,768000,inst_6eb4a606d9da,Florida International University,person_040b248d8743,0.0,1.0,0,qual_only,1.0,0.0,1,0,1,0,4,1,0,1,train,validation,train,validation,train,test,1,1,0.67689365
21745,1738141,1738141,cleaned_awards,2018,1,methodkg_v3_01350,ann_00030,projtxt_32e385fb4cfcf591,ENG,EEC,Standard Grant,134000,inst_a4b681bc2dd5,"Board of Regents, NSHE, obo University of Nevada, Reno",person_5be1caf89980,1.0,1.0,1,explicit_mmr,1.0,1.0,1,1,1,1,0,1,1,1,train,validation,train,validation,train,test,1,1,0.6978904
21846,1747690,1747690,cleaned_awards,2018,1,methodkg_v3_01375,ann_02106,projtxt_10f90fa477cd0c41,ENG,EEC,Standard Grant,576100,inst_9dca4326d0d5,Pennsylvania State Univ University Park,person_be0c3e4ff202,0.0,1.0,0,quant_only,0.0,1.0,1,0,1,0,5,0,1,1,train,validation,train,train,train,test,1,1,0.60170686
21872,1751314,1751314,cleaned_awards,2018,1,methodkg_v3_01381,ann_01903,projtxt_1e0eac3bf43c3824,ENG,EEC,Standard Grant,768000,inst_b96571a8dce1,California Polytechnic State University Foundation,person_35d3116d0e91,0.0,1.0,0,qual_only,1.0,0.0,1,0,1,0,4,1,0,1,validation,test,train,train,train,test,1,1,0.69275206
22083,1763477,1763477,cleaned_awards,2018,1,methodkg_v3_01398,ann_01702,projtxt_9c1152f6886c029d,ENG,EEC,Standard Grant,134000,inst_a602b9b86fa7,Virginia Polytechnic Institute and State University,person_dd1580eeaab0,1.0,1.0,1,explicit_mmr,1.0,1.0,1,1,1,1,0,1,1,1,train,validation,train,train,train,test,1,1,0.6985201
22542,1822026,1822026,cleaned_awards,2018,1,methodkg_v3_01436,ann_01529,projtxt_361a41ba04a9d6c8,ENG,EEC,Continuing Grant,"150400, 576100",inst_ce07f2bf1dea,University of North Carolina at Charlotte,person_05de0fe4a6b0,0.0,1.0,0,quant_only,0.0,1.0,1,0,1,0,5,0,1,1,validation,validation,train,train,train,test,1,1,0.60913086
22610,1825126,1825126,cleaned_awards,2018,1,methodkg_v3_01441,ann_00305,projtxt_48b99c1fbb9894d4,ENG,EEC,Standard Grant,"134000, 915000",inst_79068178781a,Clemson University,person_fd87ad9df502,1.0,1.0,1,explicit_mmr,1.0,1.0,1,1,1,1,0,1,1,1,train,validation,train,train,train,test,1,1,0.67916346
22615,1826099,1826099,cleaned_awards,2018,1,methodkg_v3_01442,ann_01540,projtxt_3d86a1f82df44021,ENG,EEC,Standard Grant,134000,inst_b0164d46a195,Purdue University,person_e0a7f9a9b3af,1.0,1.0,1,explicit_mmr,1.0,1.0,1,1,1,1,0,1,1,1,test,validation,train,train,train,test,1,1,0.7180471
22616,1826181,1826181,cleaned_awards,2018,1,methodkg_v3_01443,ann_00900,projtxt_e0bae38a362778da,ENG,EEC,Standard Grant,134000,inst_827aebf62392,Auburn University,person_063bba91603f,1.0,1.0,1,explicit_mmr,1.0,1.0,1,1,1,1,0,1,1,1,train,validation,train,test,train,test,1,1,0.68904847
22617,1826354,1826354,cleaned_awards,2018,1,methodkg_v3_01444,ann_00122,projtxt_b3668904556b5a44,ENG,EEC,Standard Grant,134000,inst_abc31156493d,University of San Diego,person_e388da161ad9,1.0,1.0,1,explicit_mmr,1.0,1.0,1,1,1,1,0,1,1,1,test,test,train,train,train,test,1,1,0.7074448
22701,1830802,1830802,cleaned_awards,2018,1,methodkg_v3_01454,ann_00104,projtxt_4eb88ca2304fd4ab,ENG,EEC,Standard Grant,134000,inst_b0164d46a195,Purdue University,person_738d4130ac7c,0.0,1.0,0,quant_only,0.0,1.0,1,0,1,0,5,0,1,1,validation,validation,train,train,train,test,1,1,0.6637751
22744,1832788,1832788,cleaned_awards,2018,1,methodkg_v3_01462,ann_01104,projtxt_f8ceaf101266c9d9,ENG,EEC,Standard Grant,768000,inst_60e2b8a301c6,Old Dominion University Research Foundation,person_2086ef21146c,1.0,1.0,1,explicit_mmr,1.0,1.0,1,1,1,1,0,1,1,1,train,validation,train,train,train,test,1,1,0.65623975
22887,1840309,1840309,cleaned_awards,2018,1,methodkg_v3_01483,ann_01175,projtxt_92fb4ff0a63481d9,ENG,EEC,Standard Grant,148000,inst_50f487851e85,University of Massachusetts Amherst,person_2506a5b5bbc1,0.0,0.0,0,no_method_signal,0.0,0.0,0,0,0,0,3,0,0,0,train,validation,train,train,train,test,0,1,0.6477531
22906,1840420,1840420,cleaned_awards,2018,1,methodkg_v3_01484,ann_01315,projtxt_187b80c6b340291b,ENG,EEC,Standard Grant,148000,inst_50f487851e85,University of Massachusetts Amherst,person_69f1baa2217a,0.0,1.0,0,multi_method_not_mmr,0.0,0.0,1,0,1,0,2,0,0,1,train,validation,train,train,train,test,1,1,0.6159329
22925,1840489,1840489,cleaned_awards,2018,1,methodkg_v3_01485,ann_02295,projtxt_908d2f587835c6ab,ENG,EEC,Standard Grant,148000,inst_9dca4326d0d5,Pennsylvania State Univ University Park,person_bb594641de4a,0.0,1.0,0,quant_only,0.0,1.0,1,0,1,0,5,0,1,1,train,validation,train,train,train,test,1,1,0.5872526
22939,1840598,1840598,cleaned_awards,2018,1,methodkg_v3_01486,ann_01729,projtxt_28753c6d8ec3ae0c,ENG,EEC,Standard Grant,148000,inst_35ee9bfcd121,Texas A&M Engineering Experiment Station,person_58576f7e4896,0.0,1.0,0,multi_method_not_mmr,0.0,0.0,1,0,1,0,2,0,0,1,train,validation,train,train,train,test,1,1,0.6228716
22968,1841450,1841450,cleaned_awards,2018,1,methodkg_v3_01487,ann_00668,projtxt_9e60c3267f34f1de,ENG,EEC,Standard Grant,576100,inst_20261daaec23,University of Pittsburgh,person_7c2fb7fa9937,0.0,1.0,0,quant_only,0.0,1.0,1,0,1,0,5,0,1,1,train,validation,train,test,train,test,1,1,0.6259546
23075,1853880,1853880,cleaned_awards,2018,1,methodkg_v3_01505,ann_00626,projtxt_e2a79da7b23c7caa,ENG,EEC,Standard Grant,768000,inst_76a753a05db8,Bucknell University,person_0206838d268c,0.0,1.0,0,qual_only,1.0,0.0,1,0,1,0,4,1,0,1,test,validation,train,validation,train,test,1,1,0.60404515
23090,1902829,1902829,cleaned_awards,2018,1,methodkg_v3_01519,ann_01422,projtxt_2d03bf4a70099600,ENG,EEC,Standard Grant,134000,inst_a453038cfa6d,University of Central Arkansas,person_3d889f294d1e,1.0,1.0,1,implicit_mmr,1.0,1.0,1,1,1,1,1,1,1,1,train,validation,train,train,train,test,1,1,0.6657302
23099,1911881,1911881,cleaned_awards,2018,1,methodkg_v3_01543,ann_02369,projtxt_17e286c844e2052b,ENG,EEC,Standard Grant,"134000, 768000",inst_0be73338af63,University of Florida,person_331fa346f750,1.0,1.0,1,explicit_mmr,1.0,1.0,1,1,1,1,0,1,1,1,validation,validation,train,train,train,test,1,1,0.66028184
23116,1929734,1929734,cleaned_awards,2018,1,methodkg_v3_01580,ann_00488,projtxt_7f295b2695333320,ENG,EEC,Standard Grant,134000,inst_a602b9b86fa7,Virginia Polytechnic Institute and State University,person_f88cf8f73222,1.0,1.0,1,implicit_mmr,1.0,1.0,1,1,1,1,1,1,1,1,train,validation,train,train,train,test,1,1,0.7102786
23143,1828172,1828172,cleaned_awards,2019,1,methodkg_v3_01450,ann_02308,projtxt_f5221cd38ca32c32,ENG,EEC,Standard Grant,768000,inst_733a346578b8,Iowa State University,person_5e0566075b0b,0.0,1.0,0,quant_only,0.0,1.0,1,0,1,0,5,0,1,1,train,validation,train,validation,train,test,1,1,0.67388123
23144,1828559,1828559,cleaned_awards,2019,1,methodkg_v3_01451,ann_01811,projtxt_f5221cd38ca32c32,ENG,EEC,Standard Grant,"150400, 768000",inst_5411e6badda6,North Carolina Agricultural & Technical State University,person_b6c1077a5e5f,0.0,1.0,0,quant_only,0.0,1.0,1,0,1,0,5,0,1,1,train,validation,train,validation,train,test,1,1,0.6678826
23233,1841453,1841453,cleaned_awards,2019,1,methodkg_v3_01488,ann_01622,projtxt_3ad33f552864a6bf,ENG,EEC,Continuing Grant,"150400, 576100",inst_9dca4326d0d5,Pennsylvania State Univ University Park,person_45770d9f6b60,0.0,1.0,0,quant_only,0.0,1.0,1,0,1,0,5,0,1,1,train,validation,train,train,train,test,1,1,0.59027964
23235,1841473,1841473,cleaned_awards,2019,1,methodkg_v3_01489,ann_01773,projtxt_4f89ed1e32af563f,ENG,EEC,Continuing Grant,"150400, 576100",inst_88198664708f,University of Illinois at Chicago,person_dc3d2ade0e3e,0.0,1.0,0,multi_method_not_mmr,0.0,0.0,1,0,1,0,2,0,0,1,train,validation,train,validation,train,test,1,1,0.61314774
23237,1841482,1841482,cleaned_awards,2019,1,methodkg_v3_01490,ann_02471,projtxt_ece9f73393751ad2,ENG,EEC,Standard Grant,576100,inst_b3d52ce2ce10,Indiana University,person_bc83fa31724f,0.0,1.0,0,multi_method_not_mmr,0.0,0.0,1,0,1,0,2,0,0,1,train,validation,train,validation,train,test,1,1,0.5916763
23317,1852161,1852161,cleaned_awards,2019,1,methodkg_v3_01501,ann_02152,projtxt_d0c14c03fff4c0da,ENG,EEC,Standard Grant,136000,inst_62343fc9b17a,University of Alabama Tuscaloosa,person_8dd31773cef6,0.0,1.0,0,multi_method_not_mmr,1.0,1.0,1,0,1,0,2,1,1,1,train,validation,train,test,train,test,1,1,0.6404641
23328,1852322,1852322,cleaned_awards,2019,1,methodkg_v3_01502,ann_00795,projtxt_1784ac8b80701820,ENG,EEC,Standard Grant,136000,inst_20261daaec23,University of Pittsburgh,person_59b12058bb94,0.0,1.0,0,multi_method_not_mmr,0.0,0.0,1,0,1,0,2,0,0,1,validation,validation,train,train,train,test,1,1,0.6170011
23338,1852535,1852535,cleaned_awards,2019,1,methodkg_v3_01503,ann_00704,projtxt_183139edb94b3aad,ENG,EEC,Standard Grant,136000,inst_35ee9bfcd121,Texas A&M Engineering Experiment Station,person_b0abb2b3f30c,0.0,1.0,0,quant_only,0.0,1.0,1,0,1,0,5,0,1,1,test,validation,train,train,train,test,1,1,0.6145488
23744,1914647,1914647,cleaned_awards,2019,1,methodkg_v3_01553,ann_00410,projtxt_a69c6225838e44f4,ENG,EEC,Standard Grant,134000,inst_a4b681bc2dd5,"Board of Regents, NSHE, obo University of Nevada, Reno",person_ed6ca2b3efc7,0.0,1.0,0,qual_only,1.0,0.0,1,0,1,0,4,1,0,1,validation,test,train,train,train,test,1,1,0.6679321
23752,1914735,1914735,cleaned_awards,2019,1,methodkg_v3_01554,ann_00637,projtxt_a69c6225838e44f4,ENG,EEC,Standard Grant,134000,inst_c53261c1ff99,University of Illinois at Urbana-Champaign,person_14bfbbda22a7,0.0,1.0,0,qual_only,1.0,0.0,1,0,1,0,4,1,0,1,validation,test,train,train,train,test,1,1,0.66642153
23838,1916534,1916534,cleaned_awards,2019,1,methodkg_v3_01558,ann_02136,projtxt_8a94c9134c11b8f6,ENG,EEC,Standard Grant,768000,inst_f28353b444e4,Vanderbilt University,person_9548515b8d82,1.0,1.0,1,explicit_mmr,1.0,1.0,1,1,1,1,0,1,1,1,train,validation,train,train,train,test,1,1,0.67865986
23841,1916564,1916564,cleaned_awards,2019,1,methodkg_v3_01559,ann_01272,projtxt_5cfb5a3dc7fd8be3,ENG,EEC,Continuing Grant,576100,inst_772f5768cd28,North Dakota State University Fargo,person_42879293135c,0.0,1.0,0,quant_only,0.0,1.0,1,0,1,0,5,0,1,1,train,validation,train,train,train,test,1,1,0.60491467
23940,1922477,1922477,cleaned_awards,2019,1,methodkg_v3_01569,ann_00340,projtxt_f33e055f1e48fecf,ENG,EEC,Standard Grant,"164200, 576100",inst_0be73338af63,University of Florida,person_f5266e424cd7,0.0,0.0,0,no_method_signal,0.0,0.0,0,0,0,0,3,0,0,0,validation,validation,train,test,train,test,0,1,0.62413913
23981,1924673,1924673,cleaned_awards,2019,1,methodkg_v3_01572,ann_01856,projtxt_c4482ae2f91abc47,ENG,EEC,Standard Grant,134000,inst_b819e4709a20,Carleton College,person_8691fbc4bf92,0.0,0.0,0,no_method_signal,0.0,0.0,0,0,0,0,3,0,0,0,train,validation,train,test,train,test,0,1,0.60257053
24003,1927150,1927150,cleaned_awards,2019,1,methodkg_v3_01574,ann_02469,projtxt_6f3a16ddf6bf541a,ENG,EEC,Standard Grant,134000,inst_b3d52ce2ce10,Indiana University,person_5a32bdaeb980,1.0,1.0,1,explicit_mmr,1.0,1.0,1,1,1,1,0,1,1,1,train,validation,train,train,train,test,1,1,0.7284063
24004,1927218,1927218,cleaned_awards,2019,1,methodkg_v3_01575,ann_01428,projtxt_7f1da3bf78c52f46,ENG,EEC,Standard Grant,134000,inst_9498cfe59790,Washington State University,person_654379a9c234,1.0,1.0,1,explicit_mmr,1.0,1.0,1,1,1,1,0,1,1,1,validation,validation,train,train,train,test,1,1,0.70420897
24007,1927268,1927268,cleaned_awards,2019,1,methodkg_v3_01576,ann_01559,projtxt_9e0243bc6214becb,ENG,EEC,Standard Grant,134000,inst_4eebb6036442,Rowan University,person_dc6a0079a5d4,1.0,1.0,1,explicit_mmr,1.0,1.0,1,1,1,1,0,1,1,1,train,validation,train,test,train,test,1,1,0.723934
24213,1936928,1936928,cleaned_awards,2019,1,methodkg_v3_01603,ann_00037,projtxt_224db2629428c701,ENG,EEC,Standard Grant,148000,inst_71898bfdf3ea,Georgia Tech Research Corporation,person_54a094aa148b,0.0,1.0,0,quant_only,0.0,1.0,1,0,1,0,5,0,1,1,validation,validation,train,train,train,test,1,1,0.6545594
24246,1937135,1937135,cleaned_awards,2019,1,methodkg_v3_01605,ann_01601,projtxt_4bf1d6f96aba867a,ENG,EEC,Standard Grant,148000,inst_6a1cca18f0db,University of Texas at San Antonio,person_943c18a5e47e,0.0,0.0,0,no_method_signal,0.0,0.0,0,0,0,0,3,0,0,0,train,validation,train,validation,train,test,0,1,0.6624493
24352,1954421,1954421,cleaned_awards,2019,1,methodkg_v3_01644,ann_01670,projtxt_f8ceaf101266c9d9,ENG,EEC,Standard Grant,768000,inst_5493a1973f1b,University of Texas at Dallas,person_2086ef21146c,1.0,1.0,1,explicit_mmr,1.0,1.0,1,1,1,1,0,1,1,1,train,validation,train,train,train,test,1,1,0.6562179
24361,2010696,2010696,cleaned_awards,2019,1,methodkg_v3_01685,ann_00152,projtxt_7a18888b10beaaa4,ENG,EEC,Standard Grant,134000,inst_6a88287d2028,South Dakota School of Mines and Technology,person_18ac51e5c37f,0.0,1.0,0,multi_method_not_mmr,1.0,1.0,1,0,1,0,2,1,1,1,train,validation,train,train,train,test,1,1,0.6839329
24373,2021452,2021452,cleaned_awards,2019,1,methodkg_v3_01699,ann_01460,projtxt_a76ca5c7beeccdb9,ENG,EEC,Standard Grant,134000,inst_c1e0aa4e5100,Barnard College,person_c6dbcd34d20b,1.0,1.0,1,explicit_mmr,1.0,1.0,1,1,1,1,0,1,1,1,test,validation,train,test,train,test,1,1,0.6939557
24498,1939038,1939038,cleaned_awards,2020,1,methodkg_v3_01613,ann_01855,projtxt_5c5ea81c45ec3bd9,ENG,EEC,Standard Grant,576100,inst_ae52c9ee8b90,University of Cincinnati Main Campus,person_5b22d5fbb2cf,0.0,1.0,0,multi_method_not_mmr,0.0,0.0,1,0,1,0,2,0,0,1,train,test,train,train,train,test,1,1,0.63608766
24538,1943541,1943541,cleaned_awards,2020,1,methodkg_v3_01619,ann_01079,projtxt_edfaa35f70bc9413,ENG,EEC,Continuing Grant,134000,inst_c53261c1ff99,University of Illinois at Urbana-Champaign,person_14bfbbda22a7,1.0,1.0,1,explicit_mmr,1.0,1.0,1,1,1,1,0,1,1,1,test,test,train,train,train,test,1,1,0.7265462
24542,1943934,1943934,cleaned_awards,2020,1,methodkg_v3_01620,ann_01433,projtxt_778ea6497fc9bc51,ENG,EEC,Continuing Grant,768000,inst_573cd3940e58,"OHIO STATE UNIVERSITY, THE",person_eaf14d1d4b27,0.0,1.0,0,qual_only,1.0,0.0,1,0,1,0,4,1,0,1,train,test,train,test,train,test,1,1,0.71581227
24544,1944807,1944807,cleaned_awards,2020,1,methodkg_v3_01621,ann_00990,projtxt_538a1cff5f8ead0a,ENG,EEC,Continuing Grant,"768000, 134000",inst_abc31156493d,University of San Diego,person_e388da161ad9,0.0,1.0,0,qual_only,1.0,0.0,1,0,1,0,4,1,0,1,train,test,train,train,train,test,1,1,0.72785485
24597,1949718,1949718,cleaned_awards,2020,1,methodkg_v3_01630,ann_01158,projtxt_ab364f93b900e1d6,ENG,EEC,Standard Grant,136000,inst_6ae0470bf0b1,Drexel University,person_ef076210c29a,0.0,1.0,0,multi_method_not_mmr,0.0,0.0,1,0,1,0,2,0,0,1,train,test,train,train,train,test,1,1,0.6407861
24668,1950304,1950304,cleaned_awards,2020,1,methodkg_v3_01634,ann_01605,projtxt_16e774e086be968e,ENG,EEC,Standard Grant,"136000, 915000",inst_827aebf62392,Auburn University,person_bafcc76aae8b,0.0,1.0,0,quant_only,0.0,1.0,1,0,1,0,5,0,1,1,train,test,train,train,train,test,1,1,0.6148063
24688,1950645,1950645,cleaned_awards,2020,1,methodkg_v3_01637,ann_01606,projtxt_e273a609e619cf5d,ENG,EEC,Standard Grant,136000,inst_208deb524e2e,SUNY at Stony Brook,person_1d529e701be0,0.0,0.0,0,no_method_signal,0.0,0.0,0,0,0,0,3,0,0,0,train,test,train,train,train,test,0,1,0.60687417
25007,2009977,2009977,cleaned_awards,2020,1,methodkg_v3_01675,ann_02429,projtxt_6c58c2723d9ca28d,ENG,EEC,Standard Grant,768000,inst_e160b12a93ec,University of Washington,person_69a533a1021a,1.0,1.0,1,implicit_mmr,1.0,1.0,1,1,1,1,1,1,1,1,train,test,train,validation,train,test,1,1,0.68997574
25337,2022271,2022271,cleaned_awards,2020,1,methodkg_v3_01705,ann_02151,projtxt_3d81c81a5d40db15,ENG,EEC,Standard Grant,"199800, 012Y00",inst_76a753a05db8,Bucknell University,person_a2ef6303f6ac,0.0,1.0,0,qual_only,1.0,0.0,1,0,1,0,4,1,0,1,train,test,train,train,train,test,1,1,0.67388505
25352,2024394,2024394,cleaned_awards,2020,1,methodkg_v3_01706,ann_02474,projtxt_136108f711124309,ENG,EEC,Standard Grant,134000,inst_549861d860f7,University of Kentucky Research Foundation,person_eff098fe4b6e,1.0,1.0,1,implicit_mmr,1.0,1.0,1,1,1,1,1,1,1,1,validation,test,train,validation,train,test,1,1,0.735288
25548,2032781,2032781,cleaned_awards,2020,1,methodkg_v3_01738,ann_00283,projtxt_c2fd6d210dc4e494,ENG,EEC,Standard Grant,"768000, 138500",inst_077e91954782,QUALITY EDUCATION FOR MINORITIES NETWORK,person_3e5d70c5d89e,0.0,1.0,0,quant_only,0.0,1.0,1,0,1,0,5,0,1,1,test,test,train,train,train,test,1,1,0.6199237
25549,2032802,2032802,cleaned_awards,2020,1,methodkg_v3_01739,ann_00886,projtxt_f095e6fb1d1c0b69,ENG,EEC,Standard Grant,802000,inst_82afa5a40cdc,University of Georgia Research Foundation Inc,person_d8fd723e12e2,1.0,1.0,1,explicit_mmr,1.0,1.0,1,1,1,1,0,1,1,1,train,test,train,train,train,test,1,1,0.7135234
25766,2029782,2029782,cleaned_awards,2021,1,methodkg_v3_01724,ann_01089,projtxt_f1685174d1ec5ac1,ENG,EEC,Standard Grant,768000,inst_5493a1973f1b,University of Texas at Dallas,person_2086ef21146c,1.0,1.0,1,explicit_mmr,1.0,1.0,1,1,1,1,0,1,1,1,train,test,train,train,train,test,1,1,0.6835093
25767,2029784,2029784,cleaned_awards,2021,1,methodkg_v3_01725,ann_02197,projtxt_f1685174d1ec5ac1,ENG,EEC,Standard Grant,768000,inst_4eebb6036442,Rowan University,person_95060e4047e1,1.0,1.0,1,explicit_mmr,1.0,1.0,1,1,1,1,0,1,1,1,train,test,train,train,train,test,1,1,0.68262476
25768,2029785,2029785,cleaned_awards,2021,1,methodkg_v3_01726,ann_00012,projtxt_f1685174d1ec5ac1,ENG,EEC,Standard Grant,768000,inst_a602b9b86fa7,Virginia Polytechnic Institute and State University,person_c4bee4529330,1.0,1.0,1,explicit_mmr,1.0,1.0,1,1,1,1,0,1,1,1,train,test,train,train,train,test,1,1,0.67292047
25770,2029796,2029796,cleaned_awards,2021,1,methodkg_v3_01727,ann_00280,projtxt_f1685174d1ec5ac1,ENG,EEC,Standard Grant,768000,inst_83101c1f934e,Arizona State University,person_51c23ad29409,1.0,1.0,1,explicit_mmr,1.0,1.0,1,1,1,1,0,1,1,1,train,test,train,train,train,test,1,1,0.681432
25834,2036870,2036870,cleaned_awards,2021,1,methodkg_v3_01742,ann_01347,projtxt_142017d3ef898744,ENG,EEC,Standard Grant,"153600, 142Y00",inst_e5e8f69a0542,New York University,person_0ad265efa374,0.0,1.0,0,multi_method_not_mmr,0.0,0.0,1,0,1,0,2,0,0,1,train,test,train,train,train,test,1,1,0.6405401
25843,2039864,2039864,cleaned_awards,2021,1,methodkg_v3_01746,ann_00130,projtxt_5327f06f8a5f3e1f,ENG,EEC,Standard Grant,134000,inst_a602b9b86fa7,Virginia Polytechnic Institute and State University,person_d1b594bec093,1.0,1.0,1,explicit_mmr,1.0,1.0,1,1,1,1,0,1,1,1,train,test,train,validation,train,test,1,1,0.70863426
25844,2039871,2039871,cleaned_awards,2021,1,methodkg_v3_01747,ann_02266,projtxt_5327f06f8a5f3e1f,ENG,EEC,Standard Grant,134000,inst_82afa5a40cdc,University of Georgia Research Foundation Inc,person_6b1626e0d746,1.0,1.0,1,explicit_mmr,1.0,1.0,1,1,1,1,0,1,1,1,train,test,train,validation,train,test,1,1,0.7353141
25927,2045634,2045634,cleaned_awards,2021,1,methodkg_v3_01756,ann_02452,projtxt_2ca1f93eb272b514,ENG,EEC,Continuing Grant,"768000, 134000",inst_63ef75a85860,Utah State University,person_08c1b2be0b0b,0.0,1.0,0,qual_only,1.0,0.0,1,0,1,0,4,1,0,1,train,test,train,train,train,test,1,1,0.69708544
25937,2047420,2047420,cleaned_awards,2021,1,methodkg_v3_01759,ann_02188,projtxt_d28552bd7d4a26bc,ENG,EEC,Continuing Grant,134000,inst_b0164d46a195,Purdue University,person_933e023e5ef5,1.0,1.0,1,explicit_mmr,1.0,1.0,1,1,1,1,0,1,1,1,train,test,train,validation,train,test,1,1,0.72248477
25974,2049044,2049044,cleaned_awards,2021,1,methodkg_v3_01764,ann_01968,projtxt_6f8b85ebdac7ab2e,ENG,EEC,Standard Grant,"915000, 136000",inst_ddf261b3e44a,University of Iowa,person_ab0e00c23e43,0.0,1.0,0,multi_method_not_mmr,0.0,0.0,1,0,1,0,2,0,0,1,train,test,train,train,train,test,1,1,0.6573216
25982,2049974,2049974,cleaned_awards,2021,1,methodkg_v3_01765,ann_02352,projtxt_3aa85a70fb40c265,ENG,EEC,Standard Grant,768000,inst_1a791b2703e7,National Society of Black Engineers,person_21bd86ccf105,0.0,1.0,0,qual_only,1.0,0.0,1,0,1,0,4,1,0,1,train,test,train,validation,train,test,1,1,0.62636995
26069,2050899,2050899,cleaned_awards,2021,1,methodkg_v3_01771,ann_01801,projtxt_ed8837fd99c3a98e,ENG,EEC,Standard Grant,136000,inst_0be73338af63,University of Florida,person_331fa346f750,0.0,0.0,0,no_method_signal,0.0,0.0,0,0,0,0,3,0,0,0,train,test,train,train,train,test,0,1,0.6678418
26072,2050956,2050956,cleaned_awards,2021,1,methodkg_v3_01772,ann_02300,projtxt_4b2df178340abb78,ENG,EEC,Standard Grant,136000,inst_399cb57ef8fa,University of South Carolina at Columbia,person_de870b87b860,0.0,1.0,0,multi_method_not_mmr,0.0,0.0,1,0,1,0,2,0,0,1,validation,test,train,train,train,test,1,1,0.62509423
26081,2051156,2051156,cleaned_awards,2021,1,methodkg_v3_01773,ann_00133,projtxt_ed8837fd99c3a98e,ENG,EEC,Standard Grant,"136000, 199800",inst_83101c1f934e,Arizona State University,person_fffc179c4f07,0.0,0.0,0,no_method_signal,0.0,0.0,0,0,0,0,3,0,0,0,train,test,train,train,train,test,0,1,0.67700154
26100,2052788,2052788,cleaned_awards,2021,1,methodkg_v3_01774,ann_01356,projtxt_fa827ef23a09221b,ENG,EEC,Continuing Grant,576100,inst_a2f641492092,Mississippi State University,person_0a3265d44133,0.0,0.0,0,no_method_signal,0.0,0.0,0,0,0,0,3,0,0,0,test,test,train,train,train,test,0,1,0.6231454
26191,2055705,2055705,cleaned_awards,2021,1,methodkg_v3_01785,ann_01793,projtxt_1f3a89111286dec6,ENG,EEC,Standard Grant,135900,inst_39292b8a7c4e,University of Texas at Arlington,person_26dfe9e98186,1.0,1.0,1,implicit_mmr,1.0,1.0,1,1,1,1,1,1,1,1,train,test,train,validation,train,test,1,1,0.6133713
26361,2105156,2105156,cleaned_awards,2021,1,methodkg_v3_01807,ann_00197,projtxt_a89d5fc253c3edcf,ENG,EEC,Standard Grant,134000,inst_f27e0292a56f,University of Nebraska-Lincoln,person_28f7f1a2257a,1.0,1.0,1,explicit_mmr,1.0,1.0,1,1,1,1,0,1,1,1,test,test,train,test,train,test,1,1,0.70911866
26390,2106319,2106319,cleaned_awards,2021,1,methodkg_v3_01809,ann_01697,projtxt_d006e28f0c25de40,ENG,EEC,Standard Grant,134000,inst_f6cb5dbf010f,University of Tennessee Knoxville,person_00b251e40742,1.0,1.0,1,explicit_mmr,1.0,1.0,1,1,1,1,0,1,1,1,train,test,train,test,train,test,1,1,0.7186361
26534,2113755,2113755,cleaned_awards,2021,1,methodkg_v3_01827,ann_02161,projtxt_419c744c21fbb08c,ENG,EEC,Standard Grant,134000,inst_0be73338af63,University of Florida,person_da1800b2072a,1.0,1.0,1,implicit_mmr,1.0,1.0,1,1,1,1,1,1,1,1,test,test,train,train,train,test,1,1,0.7145573
26547,2113844,2113844,cleaned_awards,2021,1,methodkg_v3_01828,ann_01149,projtxt_60b916538d4596e2,ENG,EEC,Standard Grant,134000,inst_4eebb6036442,Rowan University,person_d3f997fb3c83,1.0,1.0,1,implicit_mmr,1.0,1.0,1,1,1,1,1,1,1,1,train,test,train,test,train,test,1,1,0.730745
26548,2113845,2113845,cleaned_awards,2021,1,methodkg_v3_01829,ann_01082,projtxt_60b916538d4596e2,ENG,EEC,Standard Grant,134000,inst_573cd3940e58,"OHIO STATE UNIVERSITY, THE",person_eaf14d1d4b27,1.0,1.0,1,implicit_mmr,1.0,1.0,1,1,1,1,1,1,1,1,train,test,train,test,train,test,1,1,0.7497108
26549,2113846,2113846,cleaned_awards,2021,1,methodkg_v3_01830,ann_00981,projtxt_60b916538d4596e2,ENG,EEC,Standard Grant,134000,inst_76a753a05db8,Bucknell University,person_7a2ffc7c08c2,1.0,1.0,1,implicit_mmr,1.0,1.0,1,1,1,1,1,1,1,1,train,test,train,test,train,test,1,1,0.74742186
26649,2117224,2117224,cleaned_awards,2021,1,methodkg_v3_01839,ann_02202,projtxt_a94ace5ca3dd0458,ENG,EEC,Standard Grant,134000,inst_20147190a8e1,SUNY at Buffalo,person_7c8f8d354116,1.0,1.0,1,explicit_mmr,1.0,1.0,1,1,1,1,0,1,1,1,test,test,train,train,train,test,1,1,0.7366792
26652,2118077,2118077,cleaned_awards,2021,1,methodkg_v3_01840,ann_01440,projtxt_a94ace5ca3dd0458,ENG,EEC,Standard Grant,134000,inst_034f39b50631,North Carolina State University,person_16e90f7c3042,1.0,1.0,1,explicit_mmr,1.0,1.0,1,1,1,1,0,1,1,1,test,test,train,train,train,test,1,1,0.74135417
26817,2124215,2124215,cleaned_awards,2021,1,methodkg_v3_01860,ann_01003,projtxt_b156643bcfceb157,ENG,EEC,Standard Grant,148000,inst_ce07f2bf1dea,University of North Carolina at Charlotte,person_78bbb6e3cfdb,0.0,1.0,0,quant_only,0.0,1.0,1,0,1,0,5,0,1,1,train,test,train,train,train,test,1,1,0.6580779
26873,2126082,2126082,cleaned_awards,2021,1,methodkg_v3_01866,ann_01939,projtxt_ee752425eda11ee3,ENG,EEC,Standard Grant,148000,inst_b90e8fe1c924,University of Houston,person_5aac4864e5d3,0.0,1.0,0,quant_only,0.0,1.0,1,0,1,0,5,0,1,1,train,test,train,validation,train,test,1,1,0.66673267
26893,2129282,2129282,cleaned_awards,2021,1,methodkg_v3_01872,ann_00080,projtxt_06e5e39682f324de,ENG,EEC,Standard Grant,134000,inst_b0164d46a195,Purdue University,person_933e023e5ef5,1.0,1.0,1,explicit_mmr,1.0,1.0,1,1,1,1,0,1,1,1,test,test,train,validation,train,test,1,1,0.70847964
26894,2129308,2129308,cleaned_awards,2021,1,methodkg_v3_01873,ann_00084,projtxt_06e5e39682f324de,ENG,EEC,Standard Grant,134000,inst_573cd3940e58,"OHIO STATE UNIVERSITY, THE",person_d475b392df39,1.0,1.0,1,explicit_mmr,1.0,1.0,1,1,1,1,0,1,1,1,test,test,train,validation,train,test,1,1,0.6831287
27084,2151404,2151404,cleaned_awards,2021,1,methodkg_v3_01969,ann_01172,projtxt_538a1cff5f8ead0a,ENG,EEC,Continuing Grant,"768000, 134000",inst_6a1cca18f0db,University of Texas at San Antonio,person_e388da161ad9,0.0,1.0,0,qual_only,1.0,0.0,1,0,1,0,4,1,0,1,train,test,train,train,train,test,1,1,0.718934
27101,2211032,2211032,cleaned_awards,2021,1,methodkg_v3_02010,ann_01004,projtxt_b3668904556b5a44,ENG,EEC,Standard Grant,134000,inst_6a1cca18f0db,University of Texas at San Antonio,person_e388da161ad9,1.0,1.0,1,explicit_mmr,1.0,1.0,1,1,1,1,0,1,1,1,test,test,train,train,train,test,1,1,0.70909715
27114,2104782,2104782,cleaned_awards,2022,1,methodkg_v3_01804,ann_02056,projtxt_80e2ac83636fc362,ENG,EEC,Standard Grant,134000,inst_b0164d46a195,Purdue University,person_338ed92a79a9,1.0,1.0,1,explicit_mmr,1.0,1.0,1,1,1,1,0,1,1,1,train,test,train,test,train,test,1,1,0.73400366
27115,2104792,2104792,cleaned_awards,2022,1,methodkg_v3_01805,ann_01084,projtxt_80e2ac83636fc362,ENG,EEC,Standard Grant,134000,inst_733a346578b8,Iowa State University,person_b46b076b9db4,1.0,1.0,1,explicit_mmr,1.0,1.0,1,1,1,1,0,1,1,1,train,test,train,test,train,test,1,1,0.73358256
27116,2104979,2104979,cleaned_awards,2022,1,methodkg_v3_01806,ann_00509,projtxt_80e2ac83636fc362,ENG,EEC,Standard Grant,134000,inst_20147190a8e1,SUNY at Buffalo,person_3a8c7d44978b,1.0,1.0,1,explicit_mmr,1.0,1.0,1,1,1,1,0,1,1,1,train,test,train,test,train,test,1,1,0.740768
27224,2138463,2138463,cleaned_awards,2022,1,methodkg_v3_01899,ann_01579,projtxt_af0f50a6a6e5f9b2,ENG,EEC,Standard Grant,180Y00,inst_6b9a46f2f80e,Franklin W. Olin College of Engineering,person_a1bbcd78a69d,1.0,1.0,1,explicit_mmr,1.0,1.0,1,1,1,1,0,1,1,1,test,test,train,test,train,test,1,1,0.6938156
27391,2143173,2143173,cleaned_awards,2022,1,methodkg_v3_01935,ann_02498,projtxt_196bc9f4fba87290,ENG,EEC,Continuing Grant,"768000, 349Y00",inst_6eb4a606d9da,Florida International University,person_b60f9aad908c,1.0,1.0,1,implicit_mmr,1.0,1.0,1,1,1,1,1,1,1,1,train,test,train,train,train,test,1,1,0.6740154
27402,2144698,2144698,cleaned_awards,2022,1,methodkg_v3_01938,ann_01552,projtxt_1c4ad824abd37597,ENG,EEC,Continuing Grant,134000,inst_f6cb5dbf010f,University of Tennessee Knoxville,person_73329254063e,0.0,1.0,0,qual_only,1.0,0.0,1,0,1,0,4,1,0,1,test,test,train,train,train,test,1,1,0.7587039
27495,2150088,2150088,cleaned_awards,2022,1,methodkg_v3_01956,ann_01523,projtxt_5339dd83bf4d38b5,ENG,EEC,Standard Grant,136000,inst_4fa0db018dea,University of Delaware,person_0aa19d1d325c,0.0,1.0,0,multi_method_not_mmr,0.0,0.0,1,0,1,0,2,0,0,1,train,test,train,train,train,test,1,1,0.6361056
27506,2150337,2150337,cleaned_awards,2022,1,methodkg_v3_01959,ann_02454,projtxt_77e8248b1eada888,ENG,EEC,Standard Grant,136000,inst_549861d860f7,University of Kentucky Research Foundation,person_73462998ad6c,0.0,1.0,0,multi_method_not_mmr,0.0,0.0,1,0,1,0,2,0,0,1,validation,test,train,train,train,test,1,1,0.6232504
27520,2150449,2150449,cleaned_awards,2022,1,methodkg_v3_01960,ann_02341,projtxt_1171d7806154c2bd,ENG,EEC,Standard Grant,136000,inst_f6cb5dbf010f,University of Tennessee Knoxville,person_15f138359c65,0.0,1.0,0,quant_only,0.0,1.0,1,0,1,0,5,0,1,1,train,test,train,validation,train,test,1,1,0.63700646
27625,2152441,2152441,cleaned_awards,2022,1,methodkg_v3_01972,ann_00324,projtxt_ad0f5b40bac18736,ENG,EEC,Standard Grant,768000,inst_ae52c9ee8b90,University of Cincinnati Main Campus,person_e378286b8850,0.0,1.0,0,quant_only,0.0,1.0,1,0,1,0,5,0,1,1,train,test,train,train,train,test,1,1,0.6776461
27927,2205001,2205001,cleaned_awards,2022,1,methodkg_v3_02005,ann_00796,projtxt_169a618bbc290508,ENG,EEC,Standard Grant,134000,inst_83101c1f934e,Arizona State University,person_8da1440ff83c,1.0,1.0,1,explicit_mmr,1.0,1.0,1,1,1,1,0,1,1,1,train,test,train,train,train,test,1,1,0.7373038
28119,2217640,2217640,cleaned_awards,2022,1,methodkg_v3_02027,ann_00330,projtxt_b9b032e6c70cb3f8,ENG,EEC,Standard Grant,768000,inst_a602b9b86fa7,Virginia Polytechnic Institute and State University,person_295d90350bd7,0.0,1.0,0,multi_method_not_mmr,0.0,0.0,1,0,1,0,2,0,0,1,train,test,train,train,train,test,1,1,0.6887855
28124,2217718,2217718,cleaned_awards,2022,1,methodkg_v3_02028,ann_01899,projtxt_df294f347f1cb815,ENG,EEC,Standard Grant,768000,inst_d32298cf2275,Morgan State University,person_e5c832acdc08,1.0,1.0,1,implicit_mmr,1.0,1.0,1,1,1,1,1,1,1,1,validation,test,train,train,train,test,1,1,0.6290787
28127,2217745,2217745,cleaned_awards,2022,1,methodkg_v3_02029,ann_00452,projtxt_502b37e67d421531,ENG,EEC,Standard Grant,768000,inst_71898bfdf3ea,Georgia Tech Research Corporation,person_3f87f79ac765,1.0,1.0,1,explicit_mmr,1.0,1.0,1,1,1,1,0,1,1,1,validation,test,train,train,train,test,1,1,0.60406834
28468,2315912,2315912,cleaned_awards,2022,1,methodkg_v3_02176,ann_02054,projtxt_edfaa35f70bc9413,ENG,EEC,Continuing Grant,134000,inst_179d12d7459c,Regents of the University of Michigan - Ann Arbor,person_14bfbbda22a7,1.0,1.0,1,explicit_mmr,1.0,1.0,1,1,1,1,0,1,1,1,test,test,train,train,train,test,1,1,0.72801906
28472,2318849,2318849,cleaned_awards,2022,1,methodkg_v3_02187,ann_02466,projtxt_a69c6225838e44f4,ENG,EEC,Standard Grant,134000,inst_179d12d7459c,Regents of the University of Michigan - Ann Arbor,person_14bfbbda22a7,0.0,1.0,0,qual_only,1.0,0.0,1,0,1,0,4,1,0,1,validation,test,train,train,train,test,1,1,0.6726571
28647,2235345,2235345,cleaned_awards,2023,1,methodkg_v3_02073,ann_01198,projtxt_b586781051267fb9,ENG,EEC,Standard Grant,"199800, 012Y00",inst_c2074df59946,Rensselaer Polytechnic Institute,person_b92bd2ce8d2e,1.0,1.0,1,explicit_mmr,1.0,1.0,1,1,1,1,0,1,1,1,train,test,train,test,train,test,1,1,0.67931
28655,2235461,2235461,cleaned_awards,2023,1,methodkg_v3_02075,ann_00398,projtxt_55b9993e75ec32f5,ENG,EEC,Standard Grant,"199800, 012Y00",inst_44c1460daca9,University of California-Los Angeles,person_c2f55f644185,0.0,1.0,0,multi_method_not_mmr,0.0,0.0,1,0,1,0,2,0,0,1,validation,test,train,train,train,test,1,1,0.69461274
28749,2237564,2237564,cleaned_awards,2023,1,methodkg_v3_02088,ann_01594,projtxt_589ec4dfe8526824,ENG,EEC,Continuing Grant,"349Y00, 768000",inst_6eb4a606d9da,Florida International University,person_dc7ecdcce2e5,1.0,1.0,1,implicit_mmr,1.0,1.0,1,1,1,1,1,1,1,1,train,test,train,train,train,test,1,1,0.73630124
28884,2244031,2244031,cleaned_awards,2023,1,methodkg_v3_02110,ann_01928,projtxt_a05fdf0eb6d1a6a8,ENG,EEC,Standard Grant,"257Y00, 136000",inst_dd5d3b606065,University of Rochester,person_75bb98e94e52,0.0,1.0,0,quant_only,0.0,1.0,1,0,1,0,5,0,1,1,train,test,train,train,train,test,1,1,0.61933815
28929,2244546,2244546,cleaned_awards,2023,1,methodkg_v3_02113,ann_01446,projtxt_bcbf862fb410faac,ENG,EEC,Standard Grant,136000,inst_b416a3f933ef,University of Colorado at Boulder,person_a2a4f2e0ae62,0.0,1.0,0,multi_method_not_mmr,0.0,0.0,1,0,1,0,2,0,0,1,test,test,train,train,train,test,1,1,0.6541445
29146,2302112,2302112,cleaned_awards,2023,1,methodkg_v3_02137,ann_02182,projtxt_c206e19020e530a5,ENG,EEC,Standard Grant,070Y00,inst_60005071419c,Prairie View A & M University,person_cca42c538e52,1.0,1.0,1,implicit_mmr,1.0,1.0,1,1,1,1,1,1,1,1,validation,test,train,train,train,test,1,1,0.6356655
29197,2306052,2306052,cleaned_awards,2023,1,methodkg_v3_02139,ann_02349,projtxt_12bc47b380b0c29e,ENG,EEC,Standard Grant,134000,inst_ddf261b3e44a,University of Iowa,person_41f06f6587f4,1.0,1.0,1,explicit_mmr,1.0,1.0,1,1,1,1,0,1,1,1,train,test,train,validation,train,test,1,1,0.730441
29198,2306053,2306053,cleaned_awards,2023,1,methodkg_v3_02140,ann_00278,projtxt_12bc47b380b0c29e,ENG,EEC,Standard Grant,134000,inst_179d12d7459c,Regents of the University of Michigan - Ann Arbor,person_5ed797be2134,1.0,1.0,1,explicit_mmr,1.0,1.0,1,1,1,1,0,1,1,1,train,test,train,validation,train,test,1,1,0.73612845
29202,2306099,2306099,cleaned_awards,2023,1,methodkg_v3_02141,ann_01867,projtxt_1fe3dd1376347e50,ENG,EEC,Standard Grant,134000,inst_ce07f2bf1dea,University of North Carolina at Charlotte,person_efa732288fb9,1.0,1.0,1,explicit_mmr,1.0,1.0,1,1,1,1,0,1,1,1,test,test,train,validation,train,test,1,1,0.7150784
29216,2306262,2306262,cleaned_awards,2023,1,methodkg_v3_02142,ann_01778,projtxt_48de6294dbf2ad2b,ENG,EEC,Standard Grant,134000,inst_0be73338af63,University of Florida,person_ceaeacb7d851,1.0,1.0,1,explicit_mmr,1.0,1.0,1,1,1,1,0,1,1,1,test,test,train,train,train,test,1,1,0.69815564
29217,2306263,2306263,cleaned_awards,2023,1,methodkg_v3_02143,ann_02057,projtxt_48de6294dbf2ad2b,ENG,EEC,Standard Grant,134000,inst_267354dd2da8,Northwestern University,person_741948a913e0,1.0,1.0,1,explicit_mmr,1.0,1.0,1,1,1,1,0,1,1,1,test,test,train,train,train,test,1,1,0.7174524
29218,2306270,2306270,cleaned_awards,2023,1,methodkg_v3_02144,ann_01400,projtxt_c846fe1fbd12a4e8,ENG,EEC,Standard Grant,134000,inst_20147190a8e1,SUNY at Buffalo,person_fbbcde9215c2,1.0,1.0,1,implicit_mmr,1.0,1.0,1,1,1,1,1,1,1,1,test,test,train,test,train,test,1,1,0.7263468
29219,2306271,2306271,cleaned_awards,2023,1,methodkg_v3_02145,ann_02041,projtxt_b1d93cbfb545bd53,ENG,EEC,Standard Grant,134000,inst_6a0761547f88,Austin Peay State University,person_5a898994cf52,1.0,1.0,1,implicit_mmr,1.0,1.0,1,1,1,1,1,1,1,1,train,test,train,validation,train,test,1,1,0.69603544
29307,2313240,2313240,cleaned_awards,2023,1,methodkg_v3_02149,ann_01551,projtxt_00e910c1eddb4f1f,ENG,EEC,Standard Grant,134000,inst_20147190a8e1,SUNY at Buffalo,person_3d13a82b5b6d,1.0,1.0,1,implicit_mmr,1.0,1.0,1,1,1,1,1,1,1,1,validation,test,train,validation,train,test,1,1,0.73117775
29308,2313241,2313241,cleaned_awards,2023,1,methodkg_v3_02150,ann_01538,projtxt_00e910c1eddb4f1f,ENG,EEC,Standard Grant,134000,inst_179d12d7459c,Regents of the University of Michigan - Ann Arbor,person_5ed797be2134,1.0,1.0,1,implicit_mmr,1.0,1.0,1,1,1,1,1,1,1,1,validation,test,train,validation,train,test,1,1,0.74031353
29309,2313369,2313369,cleaned_awards,2023,1,methodkg_v3_02151,ann_00549,projtxt_b4061fb215dc1e74,ENG,EEC,Standard Grant,"138500, 148000, 768000, 012Y00, 136000, 135900, 134000",inst_ed10a024bb45,American Society For Engineering Education,person_be260faacd2a,0.0,0.0,0,no_method_signal,0.0,0.0,0,0,0,0,3,0,0,0,train,test,train,test,validation,test,0,1,0.6097425
29439,2317318,2317318,cleaned_awards,2023,1,methodkg_v3_02178,ann_01602,projtxt_f53dc67e5cd4b067,ENG,EEC,Standard Grant,"134000, 012Y00",inst_0f499ac77544,Rose-Hulman Institute of Technology,person_4df38ab18538,0.0,1.0,0,qual_only,1.0,0.0,1,0,1,0,4,1,0,1,train,test,train,train,train,test,1,1,0.71165514
29440,2317319,2317319,cleaned_awards,2023,1,methodkg_v3_02179,ann_02251,projtxt_f53dc67e5cd4b067,ENG,EEC,Standard Grant,134000,inst_e160b12a93ec,University of Washington,person_2d6e60164008,0.0,1.0,0,qual_only,1.0,0.0,1,0,1,0,4,1,0,1,train,test,train,train,train,test,1,1,0.70884883
29445,2317780,2317780,cleaned_awards,2023,1,methodkg_v3_02181,ann_01677,projtxt_97888ce76f1fdec2,ENG,EEC,Standard Grant,768000,inst_399cb57ef8fa,University of South Carolina at Columbia,person_e1dec553341c,1.0,1.0,1,explicit_mmr,1.0,1.0,1,1,1,1,0,1,1,1,train,test,train,validation,train,test,1,1,0.71013564
29514,2321390,2321390,cleaned_awards,2023,1,methodkg_v3_02194,ann_01513,projtxt_4273ad208d03a706,ENG,EEC,Standard Grant,768000,inst_6eb4a606d9da,Florida International University,person_e6b5bf890818,1.0,1.0,1,explicit_mmr,1.0,1.0,1,1,1,1,0,1,1,1,validation,test,train,train,train,test,1,1,0.6972607
29515,2321391,2321391,cleaned_awards,2023,1,methodkg_v3_02195,ann_01673,projtxt_4273ad208d03a706,ENG,EEC,Standard Grant,768000,inst_3750f3c669a0,University of Kansas Center for Research Inc,person_6c3db0a6d3b4,1.0,1.0,1,explicit_mmr,1.0,1.0,1,1,1,1,0,1,1,1,validation,test,train,train,train,test,1,1,0.6896966
29751,2346868,2346868,cleaned_awards,2023,1,methodkg_v3_02264,ann_00645,projtxt_1c4ad824abd37597,ENG,EEC,Continuing Grant,134000,inst_20147190a8e1,SUNY at Buffalo,person_73329254063e,0.0,1.0,0,qual_only,1.0,0.0,1,0,1,0,4,1,0,1,test,test,train,train,train,test,1,1,0.78447443
29762,2406960,2406960,cleaned_awards,2023,1,methodkg_v3_02302,ann_01804,projtxt_06e5e39682f324de,ENG,EEC,Standard Grant,134000,inst_82afa5a40cdc,University of Georgia Research Foundation Inc,person_d475b392df39,1.0,1.0,1,explicit_mmr,1.0,1.0,1,1,1,1,0,1,1,1,test,test,train,validation,train,test,1,1,0.7113035
29769,2409905,2409905,cleaned_awards,2023,1,methodkg_v3_02310,ann_00132,projtxt_1e0eac3bf43c3824,ENG,EEC,Standard Grant,768000,inst_6a07d6410cb6,University of Virginia Main Campus,person_35d3116d0e91,0.0,1.0,0,qual_only,1.0,0.0,1,0,1,0,4,1,0,1,validation,test,train,train,train,test,1,1,0.7227856
30043,2339289,2339289,cleaned_awards,2024,1,methodkg_v3_02234,ann_02492,projtxt_10454af1f47df893,ENG,EEC,Continuing Grant,134000,inst_b6e915c13898,Campbell University,person_550fd4f59099,1.0,1.0,1,explicit_mmr,1.0,1.0,1,1,1,1,0,1,1,1,validation,test,train,train,train,test,1,1,0.7225849
30048,2339702,2339702,cleaned_awards,2024,1,methodkg_v3_02235,ann_00984,projtxt_a9e05f3b8894b8c8,ENG,EEC,Continuing Grant,134000,inst_a602b9b86fa7,Virginia Polytechnic Institute and State University,person_d7e44bbb3fce,1.0,1.0,1,explicit_mmr,1.0,1.0,1,1,1,1,0,1,1,1,test,test,train,train,train,test,1,1,0.7520615
30297,2349657,2349657,cleaned_awards,2024,1,methodkg_v3_02271,ann_01170,projtxt_a30d3abb93c733c4,ENG,EEC,Standard Grant,136000,inst_b90e8fe1c924,University of Houston,person_5c97870978f3,0.0,1.0,0,multi_method_not_mmr,0.0,0.0,1,0,1,0,2,0,0,1,train,test,train,train,train,test,1,1,0.6712918
30299,2349722,2349722,cleaned_awards,2024,1,methodkg_v3_02272,ann_00253,projtxt_61d137aa84c06224,ENG,EEC,Standard Grant,"136000, 077Y00, 257Y00",inst_b0bf1a237a7c,The University of Texas Rio Grande Valley,person_c105df03b656,0.0,1.0,0,quant_only,0.0,1.0,1,0,1,0,5,0,1,1,train,test,train,train,train,test,1,1,0.6655251
30447,2403932,2403932,cleaned_awards,2024,1,methodkg_v3_02285,ann_01684,projtxt_af481fd83ea38e0f,ENG,EEC,Standard Grant,134000,inst_0f576ab598dd,University of Louisville Research Foundation Inc,person_52d9bdde1a72,1.0,1.0,1,explicit_mmr,1.0,1.0,1,1,1,1,0,1,1,1,train,test,train,train,train,test,1,1,0.7152524
30464,2404797,2404797,cleaned_awards,2024,1,methodkg_v3_02290,ann_02431,projtxt_7d7d2a04c43006ad,ENG,EEC,Standard Grant,134000,inst_b0164d46a195,Purdue University,person_d5a2bdc2bd2d,1.0,1.0,1,explicit_mmr,1.0,1.0,1,1,1,1,0,1,1,1,test,test,train,train,train,test,1,1,0.70976275
30566,2407013,2407013,cleaned_awards,2024,1,methodkg_v3_02303,ann_01887,projtxt_8404b763e41854fa,ENG,EEC,Standard Grant,134000,inst_9dca4326d0d5,Pennsylvania State Univ University Park,person_c1ef047cc7ef,1.0,1.0,1,explicit_mmr,1.0,1.0,1,1,1,1,0,1,1,1,train,test,train,validation,train,test,1,1,0.71756923
30567,2407014,2407014,cleaned_awards,2024,1,methodkg_v3_02304,ann_02148,projtxt_8404b763e41854fa,ENG,EEC,Standard Grant,134000,inst_79068178781a,Clemson University,person_0ee387f11030,1.0,1.0,1,explicit_mmr,1.0,1.0,1,1,1,1,0,1,1,1,train,test,train,validation,train,test,1,1,0.70207405
30568,2407134,2407134,cleaned_awards,2024,1,methodkg_v3_02305,ann_01345,projtxt_3a0d7b9c99e8b94c,ENG,EEC,Standard Grant,134000,inst_4fa0db018dea,University of Delaware,person_5ed8247fa3b3,1.0,1.0,1,explicit_mmr,1.0,1.0,1,1,1,1,0,1,1,1,test,test,train,train,train,test,1,1,0.7112375
30569,2407135,2407135,cleaned_awards,2024,1,methodkg_v3_02306,ann_00477,projtxt_156b98787b7bef51,ENG,EEC,Standard Grant,134000,inst_df6e25a8f5ce,Towson University,person_654c282250cb,1.0,1.0,1,explicit_mmr,1.0,1.0,1,1,1,1,0,1,1,1,test,test,train,validation,train,test,1,1,0.706561
30573,2407294,2407294,cleaned_awards,2024,1,methodkg_v3_02307,ann_02381,projtxt_031fc59b1d51b675,ENG,EEC,Standard Grant,134000,inst_ae52c9ee8b90,University of Cincinnati Main Campus,person_e75d39c758c5,1.0,1.0,1,explicit_mmr,1.0,1.0,1,1,1,1,0,1,1,1,train,test,train,train,train,test,1,1,0.707782
30719,2414169,2414169,cleaned_awards,2024,1,methodkg_v3_02326,ann_00799,projtxt_4132a57549033080,ENG,EEC,Standard Grant,134000,inst_f27e0292a56f,University of Nebraska-Lincoln,person_eaf4ba55cff0,1.0,1.0,1,explicit_mmr,1.0,1.0,1,1,1,1,0,1,1,1,train,test,train,validation,train,test,1,1,0.6793543
30720,2414170,2414170,cleaned_awards,2024,1,methodkg_v3_02327,ann_00975,projtxt_4132a57549033080,ENG,EEC,Standard Grant,134000,inst_9dca4326d0d5,Pennsylvania State Univ University Park,person_37f972ec7a03,1.0,1.0,1,explicit_mmr,1.0,1.0,1,1,1,1,0,1,1,1,train,test,train,validation,train,test,1,1,0.6828364
30827,2417252,2417252,cleaned_awards,2024,1,methodkg_v3_02346,ann_00618,projtxt_37e22f946c203ab9,ENG,EEC,Standard Grant,134000,inst_b0164d46a195,Purdue University,person_338ed92a79a9,0.0,1.0,0,qual_only,1.0,0.0,1,0,1,0,4,1,0,1,train,test,train,test,train,test,1,1,0.73093307
30890,2419116,2419116,cleaned_awards,2024,1,methodkg_v3_02354,ann_01814,projtxt_d70b97ecba326162,ENG,EEC,Standard Grant,135900,inst_ee61b9e48d5c,Wright State University,person_0f7be0087fd6,0.0,1.0,0,multi_method_not_mmr,0.0,0.0,1,0,1,0,2,0,0,1,train,test,train,test,train,test,1,1,0.65458435
30891,2419117,2419117,cleaned_awards,2024,1,methodkg_v3_02355,ann_01251,projtxt_d70b97ecba326162,ENG,EEC,Standard Grant,135900,inst_753fb42f0c74,University of Dayton,person_549de210cdcf,0.0,1.0,0,multi_method_not_mmr,0.0,0.0,1,0,1,0,2,0,0,1,train,test,train,test,train,test,1,1,0.6529872
30892,2419118,2419118,cleaned_awards,2024,1,methodkg_v3_02356,ann_00064,projtxt_d70b97ecba326162,ENG,EEC,Standard Grant,135900,inst_19be263ddd03,Central State University,person_f5b6d9a65344,0.0,1.0,0,multi_method_not_mmr,0.0,0.0,1,0,1,0,2,0,0,1,train,test,train,test,train,test,1,1,0.6374269
30935,2422009,2422009,cleaned_awards,2024,1,methodkg_v3_02363,ann_02264,projtxt_6d8d2c4efa8c0e45,ENG,EEC,Standard Grant,134000,inst_83101c1f934e,Arizona State University,person_2992d0bc1574,1.0,1.0,1,explicit_mmr,1.0,1.0,1,1,1,1,0,1,1,1,train,test,train,validation,train,test,1,1,0.7233234
30936,2422010,2422010,cleaned_awards,2024,1,methodkg_v3_02364,ann_00655,projtxt_6d8d2c4efa8c0e45,ENG,EEC,Standard Grant,134000,inst_82afa5a40cdc,University of Georgia Research Foundation Inc,person_d475b392df39,1.0,1.0,1,explicit_mmr,1.0,1.0,1,1,1,1,0,1,1,1,train,test,train,validation,train,test,1,1,0.7210398
31020,2429274,2429274,cleaned_awards,2024,1,methodkg_v3_02380,ann_00751,projtxt_c9d768bc9ced10ee,ENG,EEC,Standard Grant,134000,inst_0be73338af63,University of Florida,person_331fa346f750,0.0,1.0,0,qual_only,1.0,0.0,1,0,1,0,4,1,0,1,train,test,train,train,train,test,1,1,0.694936
31077,2430739,2430739,cleaned_awards,2024,1,methodkg_v3_02390,ann_00624,projtxt_107c6712e6da5742,ENG,EEC,Standard Grant,134000,inst_5411e6badda6,North Carolina Agricultural & Technical State University,person_70279cd9f42a,0.0,1.0,0,quant_only,0.0,1.0,1,0,1,0,5,0,1,1,train,test,train,train,train,test,1,1,0.68988764
31306,2411326,2411326,cleaned_awards,2025,1,methodkg_v3_02312,ann_00095,projtxt_c1be9e81bbdf00d7,ENG,EEC,Standard Grant,134000,inst_83101c1f934e,Arizona State University,person_1f341025a6da,1.0,1.0,1,explicit_mmr,1.0,1.0,1,1,1,1,0,1,1,1,test,test,train,train,train,test,1,1,0.6775996
31409,2435473,2435473,cleaned_awards,2025,1,methodkg_v3_02392,ann_01904,projtxt_111e193886d067d1,ENG,EEC,Standard Grant,576100,inst_62343fc9b17a,University of Alabama Tuscaloosa,person_efb9c3dc3c90,0.0,1.0,0,quant_only,0.0,1.0,1,0,1,0,5,0,1,1,train,test,train,train,train,test,1,1,0.6302008
31527,2441096,2441096,cleaned_awards,2025,1,methodkg_v3_02394,ann_00596,projtxt_7bd2b8b75af07f14,ENG,EEC,Continuing Grant,134000,inst_b0164d46a195,Purdue University,person_7eb2155bc7af,0.0,1.0,0,qual_only,1.0,0.0,1,0,1,0,4,1,0,1,train,test,train,train,train,test,1,1,0.73313403
31565,2447200,2447200,cleaned_awards,2025,1,methodkg_v3_02395,ann_02247,projtxt_536bd87d51d7905f,ENG,EEC,Standard Grant,136000,inst_9dca4326d0d5,Pennsylvania State Univ University Park,person_b3a97c87e2f1,1.0,1.0,1,implicit_mmr,1.0,1.0,1,1,1,1,1,1,1,1,train,test,train,train,train,test,1,1,0.63875514
31625,2449885,2449885,cleaned_awards,2025,1,methodkg_v3_02401,ann_02166,projtxt_e16394a53a8cda3f,ENG,EEC,Standard Grant,"012Y00, 199800",inst_b3704c41ee9f,Kansas State University,person_80479e4dada0,1.0,1.0,1,explicit_mmr,1.0,1.0,1,1,1,1,0,1,1,1,test,test,train,train,train,test,1,1,0.66783154
31634,2450400,2450400,cleaned_awards,2025,1,methodkg_v3_02403,ann_01905,projtxt_9c704bdc46c96bd7,ENG,EEC,Standard Grant,768000,inst_573cd3940e58,"OHIO STATE UNIVERSITY, THE",person_51c23ad29409,1.0,1.0,1,explicit_mmr,1.0,1.0,1,1,1,1,0,1,1,1,validation,test,train,train,train,test,1,1,0.68088764
31806,2508612,2508612,cleaned_awards,2025,1,methodkg_v3_02418,ann_00638,projtxt_e1360f7d52b3ac57,ENG,EEC,Standard Grant,134000,inst_179d12d7459c,Regents of the University of Michigan - Ann Arbor,person_f606fdb71997,0.0,1.0,0,qual_only,1.0,0.0,1,0,1,0,4,1,0,1,train,test,train,train,train,test,1,1,0.73005486
31818,2508834,2508834,cleaned_awards,2025,1,methodkg_v3_02420,ann_01058,projtxt_4c166562013988b1,ENG,EEC,Standard Grant,134000,inst_a602b9b86fa7,Virginia Polytechnic Institute and State University,person_f537829f93e5,1.0,1.0,1,explicit_mmr,1.0,1.0,1,1,1,1,0,1,1,1,test,test,train,train,train,test,1,1,0.72615695
31819,2508835,2508835,cleaned_awards,2025,1,methodkg_v3_02421,ann_00045,projtxt_b21a0a825bc344f8,ENG,EEC,Standard Grant,134000,inst_35ee9bfcd121,Texas A&M Engineering Experiment Station,person_5ee68f04e7cf,1.0,1.0,1,explicit_mmr,1.0,1.0,1,1,1,1,0,1,1,1,train,test,train,train,train,test,1,1,0.70612407
31901,2515191,2515191,cleaned_awards,2025,1,methodkg_v3_02437,ann_02076,projtxt_ababc7617af15170,ENG,EEC,Standard Grant,576100,inst_034f39b50631,North Carolina State University,person_45188f47c531,0.0,1.0,0,quant_only,0.0,1.0,1,0,1,0,5,0,1,1,train,test,train,validation,train,test,1,1,0.61106336
31910,2515308,2515308,cleaned_awards,2025,1,methodkg_v3_02439,ann_00128,projtxt_1424adbb8c39d847,ENG,EEC,Standard Grant,576100,inst_4e731c3d9e8c,University of California-Davis,person_e5daf2ca152f,0.0,0.0,0,no_method_signal,0.0,0.0,0,0,0,0,3,0,0,0,train,test,train,test,train,test,0,1,0.6180502
32116,2533639,2533639,cleaned_awards,2025,1,methodkg_v3_02472,ann_02370,projtxt_9e9b8ba0e901db20,ENG,EEC,Standard Grant,134000,inst_079239685b90,West Virginia University Research Corporation,person_d2e263aeb8fe,1.0,1.0,1,explicit_mmr,1.0,1.0,1,1,1,1,0,1,1,1,train,test,train,train,train,test,1,1,0.7042187
32117,2533640,2533640,cleaned_awards,2025,1,methodkg_v3_02473,ann_01750,projtxt_9e9b8ba0e901db20,ENG,EEC,Standard Grant,134000,inst_b0164d46a195,Purdue University,person_24da218b67cb,1.0,1.0,1,explicit_mmr,1.0,1.0,1,1,1,1,0,1,1,1,train,test,train,train,train,test,1,1,0.7249021
32121,2534091,2534091,cleaned_awards,2025,1,methodkg_v3_02474,ann_02234,projtxt_1fe3dd1376347e50,ENG,EEC,Standard Grant,134000,inst_b046738294ca,Western Carolina University,person_efa732288fb9,1.0,1.0,1,explicit_mmr,1.0,1.0,1,1,1,1,0,1,1,1,test,test,train,validation,train,test,1,1,0.70513284
32145,2541364,2541364,cleaned_awards,2025,1,methodkg_v3_02476,ann_01497,projtxt_ebfc22aa8c313a8b,ENG,EEC,Standard Grant,134000,inst_c53261c1ff99,University of Illinois at Urbana-Champaign,person_98987a12450c,1.0,1.0,1,explicit_mmr,1.0,1.0,1,1,1,1,0,1,1,1,train,test,train,train,train,test,1,1,0.6941719
32159,2603026,2603026,cleaned_awards,2025,1,methodkg_v3_02478,ann_00272,projtxt_a66819d223cd105f,ENG,EEC,Standard Grant,134000,inst_ae52c9ee8b90,University of Cincinnati Main Campus,person_d5a2bdc2bd2d,1.0,1.0,1,explicit_mmr,1.0,1.0,1,1,1,1,0,1,1,1,train,test,train,train,train,test,1,1,0.69532514
