award_node_idx,true_id,pred_id,true_label,pred_label,eval_split,prob_0,prob_1
11984,0,0,0,0,train,0.8906667232513428,0.10933330655097961
12047,1,0,1,0,train,0.8572795391082764,0.14272050559520721
12115,1,0,1,0,train,0.6446527242660522,0.35534724593162537
12136,0,0,0,0,train,0.9145041108131409,0.08549589663743973
12140,0,0,0,0,train,0.9782546758651733,0.02174539864063263
12160,1,0,1,0,train,0.5353855490684509,0.4646144509315491
12166,0,0,0,0,train,0.9464537501335144,0.0535462349653244
12167,1,0,1,0,train,0.5932362675666809,0.4067637622356415
12183,0,1,0,1,train,0.3797629773616791,0.6202370524406433
12184,1,0,1,0,train,0.5229024887084961,0.4770975112915039
12186,0,1,0,1,train,0.48172277212142944,0.5182772278785706
12324,0,0,0,0,train,0.9168436527252197,0.0831562876701355
12362,0,0,0,0,train,0.94835364818573,0.05164632946252823
12394,0,0,0,0,train,0.8569685220718384,0.14303147792816162
12402,0,0,0,0,train,0.9235712289810181,0.07642876356840134
12404,1,0,1,0,train,0.9253100156784058,0.07469002157449722
12409,1,0,1,0,train,0.830359160900116,0.16964083909988403
12440,0,0,0,0,train,0.9623824954032898,0.037617504596710205
12442,0,0,0,0,train,0.967438280582428,0.03256167843937874
12444,0,0,0,0,train,0.9628869891166687,0.03711298108100891
12445,0,0,0,0,train,0.9658303260803223,0.034169744700193405
12448,0,0,0,0,train,0.9623433947563171,0.03765662759542465
12453,0,0,0,0,train,0.9590499997138977,0.04094997048377991
12488,0,0,0,0,train,0.938652753829956,0.061347220093011856
12528,0,0,0,0,train,0.8957323431968689,0.1042676493525505
12529,0,0,0,0,train,0.9041455388069153,0.0958545133471489
12608,0,0,0,0,train,0.7746341824531555,0.2253658026456833
12610,0,0,0,0,train,0.8584794402122498,0.14152058959007263
12626,0,0,0,0,train,0.7851569056510925,0.21484309434890747
12629,0,0,0,0,train,0.7789055109024048,0.22109447419643402
12641,0,0,0,0,train,0.914823055267334,0.08517701178789139
12693,0,0,0,0,train,0.9036521911621094,0.09634781628847122
12747,1,0,1,0,train,0.9116898775100708,0.08831018209457397
12771,1,0,1,0,train,0.740265429019928,0.2597346007823944
12812,0,0,0,0,train,0.9042124152183533,0.09578762948513031
12830,0,0,0,0,train,0.7750818133354187,0.22491823136806488
12832,1,0,1,0,train,0.8728585243225098,0.12714147567749023
12856,1,0,1,0,train,0.7274827361106873,0.27251720428466797
12857,0,0,0,0,train,0.6240021586418152,0.3759978711605072
12897,0,0,0,0,train,0.8259856104850769,0.1740143895149231
12914,0,0,0,0,train,0.7798489928245544,0.22015097737312317
12921,0,0,0,0,train,0.9631222486495972,0.036877717822790146
12922,0,0,0,0,train,0.9415900707244873,0.058409955352544785
12941,0,0,0,0,train,0.9650896787643433,0.03491027280688286
12946,0,0,0,0,train,0.6520436406135559,0.3479562997817993
12965,1,0,1,0,train,0.5281496047973633,0.47185036540031433
12979,0,0,0,0,train,0.6018663048744202,0.39813363552093506
12995,1,1,1,1,train,0.17954783141613007,0.8204521536827087
13089,0,0,0,0,train,0.7869616150856018,0.21303841471672058
13108,0,0,0,0,train,0.8083339333534241,0.1916661113500595
13133,1,0,1,0,train,0.5063954591751099,0.49360451102256775
13146,0,0,0,0,train,0.8772570490837097,0.12274298071861267
13168,0,0,0,0,train,0.9286724328994751,0.0713275820016861
13176,0,0,0,0,train,0.7889280915260315,0.2110719233751297
13177,1,0,1,0,train,0.6367332935333252,0.3632666766643524
13223,0,0,0,0,train,0.8823800683021545,0.11761995404958725
13229,0,0,0,0,train,0.7960748076438904,0.203925222158432
13236,1,0,1,0,train,0.7240597009658813,0.27594032883644104
13237,0,0,0,0,train,0.7895321846008301,0.21046783030033112
13249,0,0,0,0,train,0.7300285696983337,0.26997146010398865
13254,0,1,0,1,train,0.4834631681442261,0.5165367722511292
13356,0,0,0,0,train,0.8627983927726746,0.13720163702964783
13367,0,0,0,0,train,0.6586611270904541,0.3413389027118683
13385,0,0,0,0,train,0.7433872222900391,0.25661277770996094
13386,1,1,1,1,train,0.3210514783859253,0.6789484620094299
13387,0,0,0,0,train,0.566438615322113,0.43356144428253174
13390,1,0,1,0,train,0.5100669264793396,0.4899330139160156
13391,1,0,1,0,train,0.6487739086151123,0.3512260317802429
13393,1,1,1,1,train,0.3400284945964813,0.6599714756011963
13402,1,1,1,1,train,0.473755806684494,0.5262442231178284
13403,0,0,0,0,train,0.5201151371002197,0.47988489270210266
13449,0,0,0,0,train,0.8396948575973511,0.16030511260032654
13450,1,0,1,0,train,0.6363511681556702,0.36364874243736267
13453,1,1,1,1,train,0.3096505105495453,0.6903495192527771
13454,1,1,1,1,train,0.3539693355560303,0.6460307240486145
13473,1,1,1,1,train,0.4913634657859802,0.5086365342140198
13498,1,1,1,1,train,0.2853938639163971,0.7146061062812805
13499,0,0,0,0,train,0.7155272960662842,0.2844727039337158
13504,0,0,0,0,train,0.7231430411338806,0.27685701847076416
13506,1,1,1,1,train,0.3186708986759186,0.681329071521759
13518,1,1,1,1,train,0.2592642605304718,0.7407357692718506
13524,1,1,1,1,train,0.26047781109809875,0.7395222187042236
13531,1,1,1,1,train,0.3823639154434204,0.6176360249519348
13532,0,1,0,1,train,0.351360559463501,0.6486393809318542
13543,1,1,1,1,train,0.2235184609889984,0.7764815092086792
13544,1,1,1,1,train,0.2475724220275879,0.7524275779724121
13579,1,0,1,0,train,0.6531392335891724,0.34686076641082764
13630,0,0,0,0,train,0.9358627796173096,0.06413720548152924
13666,0,0,0,0,train,0.7524639368057251,0.2475360482931137
13669,0,0,0,0,train,0.8879956603050232,0.1120043620467186
13708,0,1,0,1,train,0.370751291513443,0.6292487382888794
13714,1,1,1,1,train,0.38556623458862305,0.6144338250160217
13747,1,1,1,1,train,0.39905378222465515,0.6009461879730225
13757,0,0,0,0,train,0.6272837519645691,0.3727162778377533
13799,0,0,0,0,train,0.8050521612167358,0.19494782388210297
13820,0,0,0,0,train,0.6261631846427917,0.37383678555488586
13847,0,0,0,0,train,0.6812215447425842,0.3187784254550934
13890,0,0,0,0,train,0.955707311630249,0.04429265856742859
13914,0,1,0,1,train,0.39693307876586914,0.6030669212341309
13922,1,1,1,1,train,0.44291606545448303,0.5570839643478394
13944,0,0,0,0,train,0.8903675079345703,0.10963251441717148
13965,0,0,0,0,train,0.6715303659439087,0.3284696936607361
13967,0,0,0,0,train,0.6719040870666504,0.3280960023403168
13982,0,0,0,0,train,0.9647188782691956,0.035281118005514145
13983,0,0,0,0,train,0.71612548828125,0.2838745415210724
13984,0,0,0,0,train,0.7596877217292786,0.24031223356723785
14013,0,0,0,0,train,0.9649942517280579,0.03500576689839363
14019,0,0,0,0,train,0.9216119647026062,0.07838805764913559
14033,0,0,0,0,train,0.961299479007721,0.03870045766234398
14034,0,0,0,0,train,0.8839638233184814,0.11603622138500214
14059,1,1,1,1,train,0.43705374002456665,0.5629462003707886
14067,1,1,1,1,train,0.4284636974334717,0.5715363025665283
14105,0,0,0,0,train,0.8863798975944519,0.11362012475728989
14122,0,0,0,0,train,0.9585105180740356,0.041489437222480774
14128,0,0,0,0,train,0.9079723954200745,0.09202755987644196
14158,0,0,0,0,train,0.9796422719955444,0.020357759669423103
14163,1,1,1,1,train,0.44370365142822266,0.5562962889671326
14221,0,0,0,0,train,0.5254577398300171,0.47454220056533813
14222,0,0,0,0,train,0.9844828248023987,0.015517168678343296
14223,1,0,1,0,train,0.7470746040344238,0.2529253363609314
14234,0,0,0,0,train,0.621937096118927,0.3780629336833954
14249,1,1,1,1,train,0.34536436200141907,0.6546356678009033
14259,0,0,0,0,train,0.923156201839447,0.07684378325939178
14268,1,0,1,0,train,0.7213219404220581,0.27867797017097473
14280,0,0,0,0,train,0.8472256064414978,0.152774378657341
14282,0,0,0,0,train,0.8492540717124939,0.15074597299098969
14288,0,1,0,1,train,0.43022146821022034,0.569778561592102
14311,0,0,0,0,train,0.8374977707862854,0.16250218451023102
14314,0,0,0,0,train,0.727073609828949,0.2729264199733734
14352,0,0,0,0,train,0.8136406540870667,0.18635934591293335
14366,0,0,0,0,train,0.9130421876907349,0.08695780485868454
14373,0,0,0,0,train,0.9651333689689636,0.03486660122871399
14384,0,0,0,0,train,0.8665752410888672,0.13342471420764923
14404,0,0,0,0,train,0.8339242935180664,0.16607575118541718
14431,0,0,0,0,train,0.9432538151741028,0.05674620345234871
14480,0,0,0,0,train,0.9817376136779785,0.01826244592666626
14576,1,0,1,0,train,0.9083680510520935,0.09163196384906769
14590,0,0,0,0,train,0.8296447992324829,0.1703552007675171
14598,0,0,0,0,train,0.9798231720924377,0.020176809281110764
14599,1,1,1,1,train,0.30929067730903625,0.6907092928886414
14651,0,1,0,1,train,0.3125898241996765,0.6874101758003235
14655,0,1,0,1,train,0.3001280128955841,0.6998719573020935
14669,0,1,0,1,train,0.19117990136146545,0.8088200688362122
14674,0,1,0,1,train,0.3242320120334625,0.6757679581642151
14676,0,0,0,0,train,0.5805004239082336,0.41949954628944397
14677,0,0,0,0,train,0.8756568431854248,0.12434310466051102
14694,1,1,1,1,train,0.23434379696846008,0.7656561732292175
14707,1,0,1,0,train,0.8638303279876709,0.1361696720123291
14710,1,0,1,0,train,0.5222927927970886,0.477707177400589
14712,1,1,1,1,train,0.4391035735607147,0.5608963966369629
14715,1,1,1,1,train,0.439322829246521,0.5606771111488342
14739,0,0,0,0,train,0.7653647661209106,0.23463524878025055
14752,1,1,1,1,train,0.35725265741348267,0.6427472829818726
14753,1,1,1,1,train,0.2577648162841797,0.7422351837158203
14754,1,1,1,1,train,0.2508118748664856,0.7491880655288696
14827,0,0,0,0,train,0.9420122504234314,0.05798773840069771
14835,0,1,0,1,train,0.36692968010902405,0.6330704092979431
14841,0,0,0,0,train,0.9634400606155396,0.03655998036265373
14848,0,0,0,0,train,0.9723394513130188,0.027660461142659187
14862,0,0,0,0,train,0.9425312280654907,0.05746873468160629
14871,0,0,0,0,train,0.946221113204956,0.05377889424562454
14873,0,0,0,0,train,0.889249861240387,0.11075012385845184
14875,0,0,0,0,train,0.9668080806732178,0.03319187089800835
14888,0,1,0,1,train,0.4564236104488373,0.5435764193534851
14894,0,0,0,0,train,0.6882812976837158,0.3117186725139618
14904,1,1,1,1,train,0.37603846192359924,0.6239614486694336
14910,0,1,0,1,train,0.4054388105869293,0.5945612192153931
14913,0,0,0,0,train,0.8673363327980042,0.13266366720199585
14917,0,0,0,0,train,0.6113861799240112,0.3886137902736664
14930,0,0,0,0,train,0.9004348516464233,0.09956507384777069
14939,0,0,0,0,train,0.9634525775909424,0.03654739633202553
14941,0,0,0,0,train,0.8983707427978516,0.10162927955389023
14949,0,0,0,0,train,0.8914487957954407,0.10855124145746231
14953,0,0,0,0,train,0.7550191283226013,0.24498088657855988
14956,0,0,0,0,train,0.9365614652633667,0.0634385198354721
14962,0,0,0,0,train,0.9122431874275208,0.08775680512189865
14963,1,0,1,0,train,0.6963136792182922,0.3036862909793854
15013,0,0,0,0,train,0.6371379494667053,0.3628620505332947
15022,0,0,0,0,train,0.5142564177513123,0.48574361205101013
15026,0,0,0,0,train,0.8015499114990234,0.19845004379749298
15027,0,0,0,0,train,0.8891476988792419,0.11085233837366104
15030,0,0,0,0,train,0.8449299931526184,0.1550699770450592
15074,0,0,0,0,train,0.5298259854316711,0.47017398476600647
15097,0,0,0,0,train,0.9487868547439575,0.05121315270662308
15116,0,0,0,0,train,0.8867387771606445,0.11326121538877487
15122,0,0,0,0,train,0.7135332822799683,0.28646668791770935
15141,1,0,1,0,train,0.6859500408172607,0.3140498995780945
15148,0,0,0,0,train,0.8394399881362915,0.1605600118637085
15163,0,1,0,1,train,0.30324772000312805,0.6967523097991943
15177,1,0,1,0,train,0.5164481401443481,0.48355188965797424
15183,0,1,0,1,train,0.4267134964466095,0.5732865333557129
15192,1,1,1,1,train,0.26719263195991516,0.7328073978424072
15193,0,1,0,1,train,0.4084291458129883,0.5915708541870117
15202,0,0,0,0,train,0.729630172252655,0.2703697979450226
15210,0,0,0,0,train,0.7318041920661926,0.268195778131485
15231,0,0,0,0,train,0.6374385952949524,0.36256134510040283
15238,0,0,0,0,train,0.6015876531600952,0.3984123468399048
15243,0,0,0,0,train,0.5839954018592834,0.41600456833839417
15269,0,0,0,0,train,0.7734190225601196,0.2265809178352356
15279,0,0,0,0,train,0.8156156539916992,0.18438434600830078
15307,0,0,0,0,train,0.7381460070610046,0.26185399293899536
15320,0,0,0,0,train,0.9361830949783325,0.0638168454170227
15343,0,1,0,1,train,0.4417017698287964,0.5582982301712036
15353,1,0,1,0,train,0.537956178188324,0.4620438516139984
15354,0,0,0,0,train,0.9622452855110168,0.03775475546717644
15384,0,0,0,0,train,0.8963800072669983,0.10361998528242111
15402,1,1,1,1,train,0.47716212272644043,0.5228379368782043
15426,1,0,1,0,train,0.9444718360900879,0.05552816763520241
15427,0,1,0,1,train,0.32101020216941833,0.678989827632904
15431,0,1,0,1,train,0.32036691904067993,0.6796330809593201
15438,1,1,1,1,train,0.3237355649471283,0.6762644052505493
15439,0,1,0,1,train,0.251943439245224,0.7480565905570984
15445,0,0,0,0,train,0.964884877204895,0.035115115344524384
15456,1,1,1,1,train,0.25100186467170715,0.7489981055259705
15463,0,0,0,0,train,0.6908954977989197,0.3091045022010803
15469,0,0,0,0,train,0.7053098678588867,0.2946901023387909
15476,1,1,1,1,train,0.16979099810123444,0.8302090167999268
15480,0,0,0,0,train,0.912875771522522,0.0871242880821228
15482,1,1,1,1,train,0.38162073493003845,0.6183792948722839
15514,0,0,0,0,train,0.9750310182571411,0.024969035759568214
15522,0,0,0,0,train,0.9776967763900757,0.02230319008231163
15541,0,0,0,0,train,0.8205885887145996,0.1794114112854004
15544,0,0,0,0,train,0.6215093731880188,0.3784905672073364
15596,0,0,0,0,train,0.568111777305603,0.4318881928920746
15635,1,0,1,0,train,0.5812636613845825,0.41873636841773987
15677,0,0,0,0,train,0.7594237923622131,0.24057623744010925
15702,0,0,0,0,train,0.9587715864181519,0.04122842475771904
15703,0,0,0,0,train,0.9793477654457092,0.020652296021580696
15704,0,0,0,0,train,0.9731321930885315,0.026867719367146492
15705,0,0,0,0,train,0.941447913646698,0.05855207145214081
15706,0,0,0,0,train,0.978238582611084,0.02176140993833542
15707,0,0,0,0,train,0.9742354154586792,0.02576458640396595
15708,0,0,0,0,train,0.9763585329055786,0.023641491308808327
15709,0,0,0,0,train,0.9828589558601379,0.017140988260507584
15710,0,0,0,0,train,0.9643895030021667,0.035610511898994446
15711,0,0,0,0,train,0.974881649017334,0.02511829510331154
15712,0,0,0,0,train,0.9742276072502136,0.025772422552108765
15713,0,0,0,0,train,0.9758507013320923,0.024149326607584953
15714,0,0,0,0,train,0.9626508951187134,0.037349145859479904
15715,0,0,0,0,train,0.9699680805206299,0.030031871050596237
15720,0,0,0,0,train,0.7205244302749634,0.27947553992271423
15726,0,0,0,0,train,0.9399478435516357,0.06005207821726799
15731,0,0,0,0,train,0.8293810486793518,0.1706189215183258
15837,1,1,1,1,train,0.4388970732688904,0.5611029267311096
15838,1,0,1,0,train,0.7992553114891052,0.20074470341205597
15840,1,0,1,0,train,0.8245121240615845,0.17548790574073792
15841,1,1,1,1,train,0.4396951496601105,0.5603048801422119
15868,0,0,0,0,train,0.7315870523452759,0.2684130370616913
15870,1,1,1,1,train,0.478624552488327,0.5213754773139954
15892,0,0,0,0,train,0.5690425038337708,0.43095752596855164
15928,1,1,1,1,train,0.23139184713363647,0.7686081528663635
15948,0,1,0,1,train,0.3980797231197357,0.6019203066825867
15950,0,0,0,0,train,0.5060650110244751,0.4939349889755249
15955,0,1,0,1,train,0.20573627948760986,0.7942636609077454
15957,1,1,1,1,train,0.3480325937271118,0.6519674062728882
15988,0,0,0,0,train,0.8913922309875488,0.10860778391361237
16004,1,1,1,1,train,0.2484319806098938,0.751568078994751
16026,1,1,1,1,train,0.4095463156700134,0.5904536843299866
16034,1,1,1,1,train,0.22232958674430847,0.7776704430580139
16038,1,0,1,0,train,0.6983384490013123,0.30166152119636536
16040,0,0,0,0,train,0.8143178820610046,0.18568210303783417
16042,1,1,1,1,train,0.27382922172546387,0.7261707782745361
16047,1,1,1,1,train,0.38056227564811707,0.6194377541542053
16049,1,1,1,1,train,0.2468148171901703,0.7531852126121521
16055,1,1,1,1,train,0.16800901293754578,0.8319909572601318
16062,1,1,1,1,train,0.3111772835254669,0.6888227462768555
16065,1,1,1,1,train,0.25832292437553406,0.7416770458221436
16072,1,1,1,1,train,0.28080177307128906,0.7191982269287109
16080,0,0,0,0,train,0.8527135848999023,0.14728641510009766
16088,1,1,1,1,train,0.25910884141921997,0.74089115858078
16107,1,1,1,1,train,0.4309040904045105,0.5690959095954895
16130,1,1,1,1,train,0.20028510689735413,0.7997149229049683
16147,1,1,1,1,train,0.2375774085521698,0.7624226212501526
16162,1,1,1,1,train,0.2621012032032013,0.7378988265991211
16177,0,0,0,0,train,0.8193076252937317,0.18069235980510712
16203,1,0,1,0,train,0.532709002494812,0.4672909379005432
16204,0,0,0,0,train,0.8399847149848938,0.16001532971858978
16210,0,0,0,0,train,0.6563424468040466,0.3436574935913086
16211,0,1,0,1,train,0.31027624011039734,0.689723789691925
16213,0,0,0,0,train,0.5823299884796143,0.41767004132270813
16221,0,0,0,0,train,0.5592837333679199,0.4407162368297577
16231,1,1,1,1,train,0.2227410227060318,0.7772589921951294
16260,0,0,0,0,train,0.7112263441085815,0.28877368569374084
16270,0,1,0,1,train,0.4460592567920685,0.5539407730102539
16275,0,0,0,0,train,0.5570105314254761,0.44298937916755676
16310,1,1,1,1,train,0.2656681537628174,0.7343319058418274
16329,0,0,0,0,train,0.6643315553665161,0.3356684744358063
16368,0,0,0,0,train,0.6510469317436218,0.3489530682563782
16376,0,0,0,0,train,0.9616981148719788,0.03830183669924736
16420,0,1,0,1,train,0.4682285785675049,0.5317713618278503
16423,0,0,0,0,train,0.5092031359672546,0.49079692363739014
16456,0,1,0,1,train,0.379160612821579,0.6208394169807434
16475,1,1,1,1,train,0.18040378391742706,0.8195961713790894
16480,0,0,0,0,train,0.6571337580680847,0.34286627173423767
16483,0,0,0,0,train,0.7174643874168396,0.282535582780838
16488,0,1,0,1,train,0.2557770311832428,0.7442229390144348
16489,0,0,0,0,train,0.7466640472412109,0.2533358931541443
16505,0,0,0,0,train,0.8027820587158203,0.1972179114818573
16529,1,0,1,0,train,0.6927855610847473,0.3072144091129303
16573,1,0,1,0,train,0.6119904518127441,0.38800957798957825
16577,0,0,0,0,train,0.6550119519233704,0.3449881076812744
16587,1,0,1,0,train,0.5168073177337646,0.4831925928592682
16591,0,0,0,0,train,0.7531123757362366,0.24688760936260223
16622,0,0,0,0,train,0.5764317512512207,0.4235682785511017
16626,0,0,0,0,train,0.9749884009361267,0.025011615827679634
16632,1,1,1,1,train,0.4076351523399353,0.5923648476600647
16634,1,1,1,1,train,0.2794020175933838,0.7205979824066162
16636,0,1,0,1,train,0.2557196617126465,0.7442803382873535
16637,0,0,0,0,train,0.9084627628326416,0.091537244617939
16652,0,0,0,0,train,0.9815478324890137,0.018452148884534836
16699,0,0,0,0,train,0.957369863986969,0.0426301509141922
16707,0,0,0,0,train,0.9573442935943604,0.04265571013092995
16708,0,0,0,0,train,0.9783431887626648,0.021656839177012444
16712,0,0,0,0,train,0.9780333638191223,0.021966636180877686
16713,0,0,0,0,train,0.9788875579833984,0.02111244946718216
16774,0,1,0,1,train,0.22385883331298828,0.7761411666870117
16779,0,0,0,0,train,0.7745218276977539,0.2254781723022461
16789,0,0,0,0,train,0.8419973254203796,0.15800267457962036
16794,0,1,0,1,train,0.3281329870223999,0.6718670129776001
16804,0,0,0,0,train,0.888671338558197,0.11132868379354477
16833,0,0,0,0,train,0.5723430514335632,0.4276569187641144
16842,0,1,0,1,train,0.2770991027355194,0.7229008674621582
16850,0,1,0,1,train,0.23696447908878326,0.7630355358123779
16857,1,1,1,1,train,0.1979779303073883,0.8020220994949341
16859,1,1,1,1,train,0.2786608338356018,0.7213391661643982
16881,0,1,0,1,train,0.19192248582839966,0.8080775737762451
16897,0,1,0,1,train,0.41369912028312683,0.5863009095191956
16911,0,1,0,1,train,0.3728402554988861,0.6271597743034363
16925,1,1,1,1,train,0.36120304465293884,0.638796865940094
16932,0,0,0,0,train,0.6036280989646912,0.3963718116283417
17005,0,1,0,1,train,0.20726455748081207,0.7927354574203491
17018,0,1,0,1,train,0.2582395374774933,0.7417604923248291
17054,1,1,1,1,train,0.19129928946495056,0.8087007403373718
17056,1,1,1,1,train,0.1566338986158371,0.8433660864830017
17058,1,1,1,1,train,0.4441070854663849,0.5558929443359375
17063,1,1,1,1,train,0.3728041350841522,0.6271958947181702
17086,1,1,1,1,train,0.18467947840690613,0.8153205513954163
17115,0,1,0,1,train,0.46025925874710083,0.5397407412528992
17128,0,1,0,1,train,0.2390305995941162,0.7609694004058838
17145,1,1,1,1,train,0.3153674602508545,0.6846325397491455
17173,0,0,0,0,train,0.5744509696960449,0.42554906010627747
17175,1,1,1,1,train,0.2502680718898773,0.7497318983078003
17177,1,1,1,1,train,0.23639033734798431,0.7636096477508545
17180,0,1,0,1,train,0.2605137228965759,0.7394862771034241
17185,1,1,1,1,train,0.21282874047756195,0.7871711850166321
17194,0,1,0,1,train,0.3313658535480499,0.6686341762542725
17195,0,1,0,1,train,0.48873043060302734,0.5112695693969727
17197,1,1,1,1,train,0.25942263007164,0.7405773997306824
17198,1,1,1,1,train,0.474067360162735,0.5259326696395874
17210,0,1,0,1,train,0.2761034667491913,0.7238965034484863
17264,0,1,0,1,train,0.46506088972091675,0.5349391102790833
17272,0,1,0,1,train,0.3440873324871063,0.6559126377105713
17278,0,0,0,0,train,0.6668981909751892,0.3331018388271332
17279,0,1,0,1,train,0.39682212471961975,0.6031778454780579
17284,0,0,0,0,train,0.5486668348312378,0.45133310556411743
17301,1,1,1,1,train,0.42334800958633423,0.5766520500183105
17315,1,0,1,0,train,0.6271645426750183,0.3728354573249817
17322,1,0,1,0,train,0.7344693541526794,0.26553064584732056
17331,1,1,1,1,train,0.4223387539386749,0.5776612162590027
17338,0,0,0,0,train,0.8632407784461975,0.13675923645496368
17339,0,0,0,0,train,0.8483983278274536,0.15160171687602997
17365,0,1,0,1,train,0.3968919813632965,0.6031080484390259
17372,1,1,1,1,train,0.3666195869445801,0.6333804130554199
17389,0,1,0,1,train,0.3999500274658203,0.6000499725341797
17406,0,1,0,1,train,0.38994741439819336,0.6100525856018066
17413,1,1,1,1,train,0.3884986340999603,0.6115013360977173
17425,1,1,1,1,train,0.46837595105171204,0.5316240787506104
17463,0,1,0,1,train,0.20889408886432648,0.7911059260368347
17474,0,0,0,0,train,0.6546244621276855,0.34537556767463684
17493,0,1,0,1,train,0.43173593282699585,0.5682640075683594
17592,0,0,0,0,train,0.5727118253707886,0.4272881746292114
17598,0,1,0,1,train,0.3289472460746765,0.6710527539253235
17599,0,0,0,0,train,0.821651816368103,0.17834821343421936
17603,0,1,0,1,train,0.3379579782485962,0.6620420813560486
17630,0,0,0,0,train,0.9818166494369507,0.018183354288339615
17639,0,0,0,0,train,0.6028624773025513,0.3971375823020935
17658,1,1,1,1,train,0.4243476688861847,0.5756523609161377
17659,1,1,1,1,train,0.4480929970741272,0.5519070029258728
17698,1,1,1,1,train,0.39682355523109436,0.6031763553619385
17720,0,1,0,1,train,0.3536277115345001,0.6463723182678223
17729,0,0,0,0,train,0.543825626373291,0.4561743438243866
17753,0,0,0,0,train,0.5636215806007385,0.4363783895969391
17759,0,0,0,0,train,0.599126398563385,0.4008735716342926
17771,0,1,0,1,train,0.3036710023880005,0.6963289976119995
17791,0,1,0,1,train,0.1554371416568756,0.8445628881454468
17793,0,1,0,1,train,0.32407453656196594,0.6759254336357117
17796,0,1,0,1,train,0.4069162607192993,0.5930837988853455
17799,0,1,0,1,train,0.20071622729301453,0.7992838025093079
17801,0,1,0,1,train,0.17225868999958038,0.8277413249015808
17823,0,0,0,0,train,0.7383865118026733,0.2616135776042938
17828,0,0,0,0,train,0.7907657623291016,0.20923425257205963
17847,0,0,0,0,train,0.7687141299247742,0.231285959482193
17857,0,0,0,0,train,0.5331630706787109,0.46683692932128906
17926,1,1,1,1,train,0.3471493124961853,0.6528506875038147
17939,1,1,1,1,train,0.3825297951698303,0.6174702048301697
17946,1,1,1,1,train,0.18022996187210083,0.819770097732544
17947,0,0,0,0,train,0.537172794342041,0.462827205657959
17948,1,1,1,1,train,0.24348494410514832,0.7565150260925293
17963,1,1,1,1,train,0.4197719395160675,0.5802280902862549
17964,1,1,1,1,train,0.2622179388999939,0.7377820611000061
17965,1,1,1,1,train,0.4531390368938446,0.546860933303833
17967,1,1,1,1,train,0.19262874126434326,0.807371199131012
17976,0,1,0,1,train,0.472819983959198,0.527180016040802
17977,1,1,1,1,train,0.23170535266399384,0.768294632434845
17995,0,1,0,1,train,0.32374557852745056,0.6762544512748718
18000,0,1,0,1,train,0.2889399230480194,0.711060106754303
18003,1,1,1,1,train,0.2980194687843323,0.701980471611023
18012,0,1,0,1,train,0.27002841234207153,0.7299715280532837
18053,1,1,1,1,train,0.259608656167984,0.7403912544250488
18058,0,1,0,1,train,0.3369012773036957,0.6630987524986267
18062,1,1,1,1,train,0.302970826625824,0.697029173374176
18069,1,1,1,1,train,0.33023887872695923,0.6697611212730408
18073,1,0,1,0,train,0.5739473700523376,0.4260525703430176
18086,1,1,1,1,train,0.2040000855922699,0.7959999442100525
18087,0,1,0,1,train,0.27274811267852783,0.7272518277168274
18101,0,1,0,1,train,0.28371569514274597,0.7162842750549316
18109,0,1,0,1,train,0.34540030360221863,0.654599666595459
18116,1,1,1,1,train,0.30186834931373596,0.6981316804885864
18120,1,1,1,1,train,0.37825584411621094,0.6217441558837891
18131,1,1,1,1,train,0.3034176230430603,0.6965823173522949
18135,1,1,1,1,train,0.3426661491394043,0.6573338508605957
18153,0,1,0,1,train,0.3044871389865875,0.6955128908157349
18159,1,1,1,1,train,0.18308429419994354,0.8169156908988953
18187,1,1,1,1,train,0.24723531305789948,0.7527647018432617
18202,1,1,1,1,train,0.2502555251121521,0.7497445344924927
18216,0,1,0,1,train,0.34428340196609497,0.655716598033905
18224,0,0,0,0,train,0.9064360857009888,0.09356396645307541
18268,0,1,0,1,train,0.2698371708393097,0.7301627993583679
18280,0,1,0,1,train,0.17989908158779144,0.8201009035110474
18297,1,1,1,1,train,0.3991265594959259,0.6008734703063965
18301,1,0,1,0,train,0.7343228459358215,0.26567718386650085
18313,1,1,1,1,train,0.23925721645355225,0.7607427835464478
18315,0,1,0,1,train,0.21924901008605957,0.7807509899139404
18318,0,1,0,1,train,0.3386625349521637,0.6613374352455139
18327,1,1,1,1,train,0.27490919828414917,0.7250908017158508
18328,0,1,0,1,train,0.3579806089401245,0.6420194506645203
18334,1,1,1,1,train,0.3292543292045593,0.6707456707954407
18340,0,1,0,1,train,0.2757715582847595,0.7242283821105957
18342,1,1,1,1,train,0.27924320101737976,0.7207567691802979
18349,0,1,0,1,train,0.31892135739326477,0.6810786724090576
18356,1,1,1,1,train,0.29655465483665466,0.703445315361023
18357,1,1,1,1,train,0.15853044390678406,0.8414695262908936
18358,1,1,1,1,train,0.16124233603477478,0.8387576341629028
18364,1,1,1,1,train,0.16760744154453278,0.8323925137519836
18365,1,1,1,1,train,0.26647648215293884,0.733523428440094
18366,1,1,1,1,train,0.15404754877090454,0.8459523916244507
18367,1,1,1,1,train,0.15860766172409058,0.8413922786712646
18377,0,1,0,1,train,0.312378853559494,0.6876211166381836
18391,1,1,1,1,train,0.23147797584533691,0.7685219645500183
18396,0,0,0,0,train,0.7555782198905945,0.24442172050476074
18397,0,0,0,0,train,0.7000364065170288,0.29996350407600403
18422,1,1,1,1,train,0.4845488965511322,0.5154510140419006
18424,1,1,1,1,train,0.1482645720243454,0.8517354726791382
18425,1,1,1,1,train,0.19500897824764252,0.8049909472465515
18426,1,1,1,1,train,0.1754743456840515,0.8245256543159485
18433,1,1,1,1,train,0.28667953610420227,0.7133204936981201
18448,1,1,1,1,train,0.15730278193950653,0.842697262763977
18451,1,1,1,1,train,0.2333042323589325,0.7666957974433899
18465,1,1,1,1,train,0.282365620136261,0.7176343202590942
18499,0,0,0,0,train,0.6974217295646667,0.30257824063301086
18517,0,1,0,1,train,0.37019091844558716,0.6298090815544128
18570,1,1,1,1,train,0.23484833538532257,0.7651516795158386
18574,0,1,0,1,train,0.25872603058815,0.7412739396095276
18580,1,1,1,1,train,0.30030274391174316,0.6996973156929016
18587,0,1,0,1,train,0.18202534317970276,0.8179746270179749
18593,0,1,0,1,train,0.20116816461086273,0.7988318204879761
18603,1,1,1,1,train,0.18771806359291077,0.8122819662094116
18607,0,1,0,1,train,0.2967807948589325,0.7032192349433899
18651,1,1,1,1,train,0.33045870065689087,0.6695412993431091
18695,0,0,0,0,train,0.9149259924888611,0.0850740298628807
18748,1,1,1,1,train,0.1710946410894394,0.8289054036140442
18769,0,1,0,1,train,0.13956661522388458,0.8604333996772766
18784,0,1,0,1,train,0.37666216492652893,0.6233378052711487
18803,1,1,1,1,train,0.2962171733379364,0.7037827968597412
18804,0,1,0,1,train,0.37650439143180847,0.6234956383705139
18809,0,1,0,1,train,0.2810952961444855,0.7189046740531921
18811,0,1,0,1,train,0.4868657886981964,0.5131341814994812
18868,1,1,1,1,train,0.21957342326641083,0.7804265022277832
18872,1,1,1,1,train,0.1642969846725464,0.8357030153274536
18893,1,1,1,1,train,0.15373766422271729,0.8462622761726379
18905,1,1,1,1,train,0.16245737671852112,0.8375425934791565
18911,0,1,0,1,train,0.1954353153705597,0.8045647144317627
18913,0,1,0,1,train,0.30342644453048706,0.6965735554695129
18917,0,1,0,1,train,0.1954634189605713,0.8045366406440735
18919,1,1,1,1,train,0.15766337513923645,0.8423365950584412
18923,1,1,1,1,train,0.19630290567874908,0.8036971092224121
18924,1,1,1,1,train,0.18332049250602722,0.8166795372962952
18930,1,1,1,1,train,0.20288099348545074,0.7971190214157104
18942,1,1,1,1,train,0.25964415073394775,0.7403558492660522
18953,1,1,1,1,train,0.15733392536640167,0.8426660895347595
18962,1,1,1,1,train,0.32586824893951416,0.6741317510604858
18967,0,1,0,1,train,0.3232283890247345,0.6767715811729431
18968,0,1,0,1,train,0.34947800636291504,0.650521993637085
19013,1,1,1,1,train,0.3733186721801758,0.6266813278198242
19018,1,1,1,1,train,0.37232664227485657,0.6276734471321106
19042,1,1,1,1,train,0.32979151606559753,0.6702084541320801
19071,0,1,0,1,train,0.3720792233943939,0.6279207468032837
19090,0,0,0,0,train,0.5831815600395203,0.4168184697628021
19137,0,0,0,0,train,0.6641889810562134,0.33581098914146423
19144,0,1,0,1,train,0.43944618105888367,0.5605538487434387
19157,1,1,1,1,train,0.32477548718452454,0.6752245426177979
19168,0,1,0,1,train,0.28903207182884216,0.7109678983688354
19170,1,1,1,1,train,0.21978680789470673,0.7802131772041321
19188,1,1,1,1,train,0.24764569103717804,0.7523543238639832
19197,0,1,0,1,train,0.14566589891910553,0.8543341755867004
19200,0,1,0,1,train,0.15482866764068604,0.845171332359314
19224,0,0,0,0,train,0.6537826657295227,0.3462173640727997
19241,1,1,1,1,train,0.20580515265464783,0.7941948175430298
19244,1,1,1,1,train,0.28063884377479553,0.7193611264228821
19252,0,1,0,1,train,0.3186618685722351,0.6813380718231201
19266,0,1,0,1,train,0.28587964177131653,0.7141203284263611
19271,0,0,0,0,train,0.8370610475540161,0.1629389375448227
19277,1,1,1,1,train,0.25375306606292725,0.7462469339370728
19279,1,1,1,1,train,0.2576523721218109,0.7423476576805115
19281,0,1,0,1,train,0.49145233631134033,0.5085476040840149
19320,0,1,0,1,train,0.36323145031929016,0.6367685198783875
19347,1,1,1,1,train,0.20903415977954865,0.7909658551216125
19352,1,1,1,1,train,0.29720020294189453,0.7027997374534607
19362,1,1,1,1,train,0.3501841127872467,0.6498159766197205
19372,0,1,0,1,train,0.23160827159881592,0.7683917284011841
19386,1,1,1,1,train,0.2392793446779251,0.7607206702232361
19393,0,1,0,1,train,0.2124556452035904,0.787544310092926
19398,1,1,1,1,train,0.21519096195697784,0.7848090529441833
19399,1,1,1,1,train,0.2046920359134674,0.795307993888855
19402,0,1,0,1,train,0.35015931725502014,0.6498407125473022
19405,1,1,1,1,train,0.37247464060783386,0.6275253891944885
19422,1,1,1,1,train,0.23437541723251343,0.7656245827674866
19424,0,1,0,1,train,0.3083502948284149,0.6916496753692627
19443,1,0,1,0,train,0.6052475571632385,0.39475247263908386
19452,0,0,0,0,train,0.6931129693984985,0.30688703060150146
19459,0,1,0,1,train,0.2898429036140442,0.710157036781311
19466,1,1,1,1,train,0.21422404050827026,0.7857759594917297
19473,1,1,1,1,train,0.2833086848258972,0.7166913151741028
19487,0,1,0,1,train,0.36211782693862915,0.6378821134567261
19488,0,1,0,1,train,0.17753814160823822,0.8224619030952454
19522,0,1,0,1,train,0.3821040391921997,0.6178959012031555
19525,0,0,0,0,train,0.5781988501548767,0.4218011796474457
19536,1,1,1,1,train,0.16103334724903107,0.8389666676521301
19555,1,1,1,1,train,0.39135652780532837,0.6086434721946716
19556,0,0,0,0,train,0.9060195088386536,0.09398049116134644
19559,1,1,1,1,train,0.22788019478321075,0.7721198201179504
19561,1,1,1,1,train,0.2949468791484833,0.7050531506538391
19564,1,1,1,1,train,0.240687295794487,0.7593126893043518
19581,1,1,1,1,train,0.2209269255399704,0.7790729999542236
19582,1,1,1,1,train,0.21544143557548523,0.7845585346221924
19583,1,1,1,1,train,0.30490320920944214,0.6950967907905579
19586,1,1,1,1,train,0.21542701125144958,0.784572958946228
19589,1,1,1,1,train,0.21534080803394318,0.784659206867218
19597,1,1,1,1,train,0.2597414255142212,0.7402585744857788
19621,1,1,1,1,train,0.2378077358007431,0.7621922492980957
19622,1,1,1,1,train,0.39938467741012573,0.6006153225898743
19631,1,1,1,1,train,0.16098874807357788,0.8390112519264221
19632,0,1,0,1,train,0.3271099030971527,0.6728901267051697
19636,1,0,1,0,train,0.5094947814941406,0.49050530791282654
19644,1,1,1,1,train,0.3209931254386902,0.6790068745613098
19653,1,1,1,1,train,0.3843795359134674,0.6156204342842102
19657,0,1,0,1,train,0.49139901995658875,0.5086009502410889
19706,0,1,0,1,train,0.456571489572525,0.5434285998344421
19731,0,1,0,1,train,0.48873257637023926,0.511267364025116
19733,1,1,1,1,train,0.18265129625797272,0.8173486590385437
19745,0,1,0,1,train,0.46604403853416443,0.5339559316635132
19754,0,1,0,1,train,0.34289246797561646,0.6571074724197388
19764,1,1,1,1,train,0.29675573110580444,0.7032442092895508
19766,1,1,1,1,train,0.29519763588905334,0.7048023343086243
19768,1,1,1,1,train,0.24095337092876434,0.7590466141700745
19770,1,1,1,1,train,0.27207857370376587,0.7279214262962341
19774,1,1,1,1,train,0.223585307598114,0.776414692401886
19785,1,1,1,1,train,0.209976464509964,0.7900236248970032
19796,0,1,0,1,train,0.2476421594619751,0.7523578405380249
19827,0,1,0,1,train,0.2914689779281616,0.7085309624671936
19846,0,1,0,1,train,0.3747815787792206,0.625218391418457
19870,1,1,1,1,train,0.3278755247592926,0.672124445438385
19873,0,1,0,1,train,0.24407705664634705,0.7559229135513306
19892,0,1,0,1,train,0.31574004888534546,0.6842599511146545
19927,0,1,0,1,train,0.21567411720752716,0.7843258380889893
19928,0,1,0,1,train,0.18783098459243774,0.8121690154075623
19929,0,0,0,0,train,0.5183393359184265,0.4816606044769287
19933,1,1,1,1,train,0.15734945237636566,0.8426505327224731
19936,0,1,0,1,train,0.23234236240386963,0.7676576375961304
19937,1,1,1,1,train,0.18522939085960388,0.8147706389427185
19978,1,1,1,1,train,0.3232421278953552,0.6767578721046448
19991,1,1,1,1,train,0.29495903849601746,0.7050409913063049
19992,1,1,1,1,train,0.1770971715450287,0.8229027986526489
19993,1,1,1,1,train,0.36720147728919983,0.632798433303833
20000,0,0,0,0,train,0.8790107369422913,0.12098922580480576
20048,1,1,1,1,train,0.16788095235824585,0.8321190476417542
20057,1,1,1,1,train,0.3153882920742035,0.6846116781234741
20094,0,1,0,1,train,0.4982118606567383,0.5017881393432617
20108,0,1,0,1,train,0.17958587408065796,0.820414125919342
20122,1,1,1,1,train,0.12624233961105347,0.8737576603889465
20124,1,1,1,1,train,0.15746544301509857,0.842534601688385
20127,1,1,1,1,train,0.15245184302330017,0.8475481867790222
20131,0,1,0,1,train,0.23994503915309906,0.7600549459457397
20169,0,1,0,1,train,0.13956966996192932,0.8604303002357483
20175,0,1,0,1,train,0.4438569247722626,0.556143045425415
20176,0,0,0,0,train,0.7324531078338623,0.2675468623638153
20218,1,1,1,1,train,0.19753043353557587,0.8024696111679077
20250,0,1,0,1,train,0.4434361457824707,0.5565638542175293
20258,0,1,0,1,train,0.3473263382911682,0.6526736617088318
20264,0,1,0,1,train,0.35595425963401794,0.6440457105636597
20300,0,1,0,1,train,0.28436240553855896,0.7156376242637634
20306,1,1,1,1,train,0.1719096451997757,0.8280903100967407
20308,0,1,0,1,train,0.33285999298095703,0.6671399474143982
20323,0,1,0,1,train,0.1616654247045517,0.8383345603942871
20356,0,1,0,1,train,0.20292767882347107,0.7970723509788513
20358,1,1,1,1,train,0.188752681016922,0.8112473487854004
20359,0,1,0,1,train,0.19245296716690063,0.8075470328330994
20363,1,1,1,1,train,0.13478466868400574,0.8652153611183167
20364,1,1,1,1,train,0.2897586226463318,0.7102413773536682
20365,1,1,1,1,train,0.26165881752967834,0.7383410930633545
20366,1,1,1,1,train,0.16379421949386597,0.836205780506134
20371,0,1,0,1,train,0.15735536813735962,0.8426446318626404
20387,1,1,1,1,train,0.312006413936615,0.687993586063385
20390,0,0,0,0,train,0.5887978076934814,0.41120216250419617
20466,0,1,0,1,train,0.2964305877685547,0.7035694718360901
20495,1,1,1,1,train,0.22600220143795013,0.7739977836608887
20498,1,1,1,1,train,0.265673965215683,0.7343259453773499
20501,1,1,1,1,train,0.21681849658489227,0.7831814289093018
20511,1,1,1,1,train,0.23222783207893372,0.7677721381187439
20514,1,1,1,1,train,0.1707291603088379,0.8292708396911621
20562,1,1,1,1,train,0.2286127656698227,0.7713872194290161
20579,1,1,1,1,train,0.1971295177936554,0.8028704524040222
20589,1,1,1,1,train,0.21663245558738708,0.7833675146102905
20600,1,1,1,1,train,0.34945762157440186,0.6505423188209534
20619,0,0,0,0,train,0.801506519317627,0.19849349558353424
20632,1,1,1,1,train,0.3525638282299042,0.6474362015724182
20637,0,1,0,1,train,0.4845542907714844,0.5154456496238708
20642,1,1,1,1,train,0.2372269332408905,0.7627730369567871
20645,1,1,1,1,train,0.16824112832546234,0.8317589163780212
20647,0,1,0,1,train,0.21171244978904724,0.7882875800132751
20653,1,1,1,1,train,0.15633827447891235,0.8436617255210876
20656,1,1,1,1,train,0.2955864369869232,0.7044135332107544
20657,1,1,1,1,train,0.1871565580368042,0.8128434419631958
20664,1,1,1,1,train,0.20364147424697876,0.7963585257530212
20667,0,1,0,1,train,0.2171875685453415,0.7828123569488525
20672,1,1,1,1,train,0.182847261428833,0.817152738571167
20673,1,1,1,1,train,0.16488373279571533,0.8351163268089294
20674,1,1,1,1,train,0.19214500486850739,0.8078550100326538
20679,1,1,1,1,train,0.46040743589401245,0.5395925641059875
20683,1,1,1,1,train,0.1970757395029068,0.8029243350028992
20685,1,1,1,1,train,0.23075927793979645,0.76924067735672
20694,1,1,1,1,train,0.19758205115795135,0.8024179339408875
20709,0,1,0,1,train,0.41640761494636536,0.5835924744606018
20733,1,1,1,1,train,0.16168886423110962,0.8383111357688904
20744,1,1,1,1,train,0.23325224220752716,0.7667477130889893
20754,1,1,1,1,train,0.18442142009735107,0.8155785799026489
20770,1,1,1,1,train,0.1991666704416275,0.8008334040641785
20772,1,1,1,1,train,0.27699950337409973,0.7230004668235779
20784,0,1,0,1,train,0.34922531247138977,0.6507746577262878
20799,0,1,0,1,train,0.25331321358680725,0.7466868162155151
20800,0,1,0,1,train,0.25299713015556335,0.747002899646759
20801,0,1,0,1,train,0.41518068313598633,0.5848193168640137
20819,0,1,0,1,train,0.37017133831977844,0.629828691482544
20822,0,1,0,1,train,0.40136078000068665,0.598639190196991
20823,0,1,0,1,train,0.22295281291007996,0.7770471572875977
20835,0,1,0,1,train,0.3580528199672699,0.6419471502304077
20837,0,1,0,1,train,0.3715187609195709,0.6284812092781067
20838,0,1,0,1,train,0.19863662123680115,0.8013634085655212
20845,0,1,0,1,train,0.2805805802345276,0.7194194793701172
20850,0,1,0,1,train,0.23435717821121216,0.7656428217887878
20855,1,1,1,1,train,0.39469701051712036,0.6053029298782349
20916,1,1,1,1,train,0.15297606587409973,0.8470239043235779
20925,1,1,1,1,train,0.16218997538089752,0.8378100395202637
20948,0,1,0,1,train,0.3026328384876251,0.697367250919342
20953,1,1,1,1,train,0.20801399648189545,0.7919859886169434
20957,1,1,1,1,train,0.16801691055297852,0.8319830298423767
20960,0,1,0,1,train,0.4509762227535248,0.5490238070487976
20999,0,1,0,1,train,0.34749460220336914,0.6525053977966309
21005,0,1,0,1,train,0.4521607458591461,0.5478392839431763
21023,1,1,1,1,train,0.19085678458213806,0.8091432452201843
21028,1,1,1,1,train,0.1911129355430603,0.8088870644569397
21065,0,1,0,1,train,0.47549229860305786,0.5245077610015869
21067,1,1,1,1,train,0.17902153730392456,0.8209784030914307
21071,1,1,1,1,train,0.19862112402915955,0.8013788461685181
21076,0,1,0,1,train,0.27063482999801636,0.7293651700019836
21097,0,1,0,1,train,0.19915036857128143,0.8008496761322021
21118,0,1,0,1,train,0.21493080258369446,0.7850691676139832
21122,1,1,1,1,train,0.28234902024269104,0.7176510095596313
21136,0,1,0,1,train,0.2581273317337036,0.7418726682662964
21155,1,1,1,1,train,0.27174434065818787,0.7282556891441345
21171,1,1,1,1,train,0.27619990706443787,0.7238000631332397
21183,0,1,0,1,train,0.22182826697826385,0.778171718120575
21184,1,1,1,1,train,0.22403815388679504,0.7759618759155273
21188,0,1,0,1,train,0.24020549654960632,0.7597944736480713
21196,1,1,1,1,train,0.22280921041965485,0.7771908044815063
21199,1,1,1,1,train,0.3610239028930664,0.6389760375022888
21204,1,1,1,1,train,0.3199825882911682,0.6800174117088318
21218,1,1,1,1,train,0.427683025598526,0.5723170042037964
21227,1,1,1,1,train,0.25450971722602844,0.7454902529716492
21230,1,1,1,1,train,0.2221677303314209,0.7778322100639343
21244,0,1,0,1,train,0.22931984066963196,0.7706801891326904
21256,0,1,0,1,train,0.3216419816017151,0.6783580183982849
21265,1,1,1,1,train,0.224429190158844,0.775570809841156
21285,1,1,1,1,train,0.1515386998653412,0.8484613299369812
21334,1,1,1,1,train,0.26456159353256226,0.7354384660720825
21336,1,1,1,1,train,0.2622866928577423,0.7377132773399353
21373,0,0,0,0,train,0.6378136277198792,0.36218637228012085
21390,0,1,0,1,train,0.17098787426948547,0.8290121555328369
21398,1,1,1,1,train,0.15735533833503723,0.8426446318626404
21413,1,1,1,1,train,0.23942124843597412,0.7605787515640259
21415,1,1,1,1,train,0.1634189635515213,0.8365810513496399
21424,0,1,0,1,train,0.14911480247974396,0.8508851528167725
21445,0,0,0,0,train,0.5522276759147644,0.4477722644805908
21499,0,1,0,1,train,0.26182907819747925,0.7381709218025208
21503,1,1,1,1,train,0.1917628049850464,0.8082371950149536
21528,0,1,0,1,train,0.285270631313324,0.7147293090820312
21569,0,1,0,1,train,0.2254539430141449,0.7745460867881775
21585,1,1,1,1,train,0.15961183607578278,0.8403881192207336
21590,1,1,1,1,train,0.23674875497817993,0.7632513046264648
21604,1,1,1,1,train,0.18072226643562317,0.8192777633666992
21606,0,1,0,1,train,0.4981710612773895,0.5018289089202881
21617,0,1,0,1,train,0.12558771669864655,0.8744122982025146
21620,0,1,0,1,train,0.22138622403144836,0.7786137461662292
21626,1,1,1,1,train,0.22412902116775513,0.7758710384368896
21635,1,1,1,1,train,0.30235931277275085,0.6976407170295715
21637,1,1,1,1,train,0.16144555807113647,0.8385545015335083
21651,1,1,1,1,train,0.20015987753868103,0.7998400926589966
21654,1,1,1,1,train,0.1619562953710556,0.8380436897277832
21668,1,1,1,1,train,0.1995888501405716,0.8004111051559448
21669,1,1,1,1,train,0.1612403392791748,0.8387596607208252
21694,0,0,0,0,train,0.7000982761383057,0.2999017834663391
21702,0,1,0,1,train,0.35030245780944824,0.6496976017951965
21796,0,1,0,1,train,0.4093284606933594,0.5906715989112854
21801,1,1,1,1,train,0.26223790645599365,0.7377620935440063
21808,1,1,1,1,train,0.19736279547214508,0.8026372194290161
21809,1,1,1,1,train,0.2210397869348526,0.7789601683616638
21819,0,1,0,1,train,0.1657961755990982,0.834203839302063
21839,0,1,0,1,train,0.15813039243221283,0.8418696522712708
21847,1,1,1,1,train,0.2154969424009323,0.7845030426979065
21850,0,1,0,1,train,0.4300493896007538,0.5699506402015686
21861,1,1,1,1,train,0.14524707198143005,0.8547528982162476
21872,1,1,1,1,train,0.18111419677734375,0.8188858032226562
21885,1,1,1,1,train,0.20954234898090363,0.7904576659202576
21890,1,1,1,1,train,0.3154395520687103,0.6845604777336121
21912,1,1,1,1,train,0.22194501757621765,0.7780550122261047
21913,1,1,1,1,train,0.1609141230583191,0.8390858173370361
21926,0,1,0,1,train,0.20452699065208435,0.7954729795455933
21939,0,1,0,1,train,0.21430227160453796,0.7856976389884949
21941,0,1,0,1,train,0.22986023128032684,0.770139753818512
21946,1,1,1,1,train,0.22011533379554749,0.7798846960067749
21999,0,1,0,1,train,0.243159219622612,0.7568407654762268
22006,0,1,0,1,train,0.3817858397960663,0.6182141900062561
22008,0,1,0,1,train,0.4363878071308136,0.563612163066864
22074,1,1,1,1,train,0.16976143419742584,0.8302385210990906
22080,1,1,1,1,train,0.30004456639289856,0.6999554634094238
22087,1,1,1,1,train,0.25650444626808167,0.7434955835342407
22091,1,1,1,1,train,0.2099331170320511,0.7900668978691101
22107,0,1,0,1,train,0.21944910287857056,0.7805508971214294
22108,0,1,0,1,train,0.24441057443618774,0.7555894255638123
22120,1,1,1,1,train,0.18588852882385254,0.8141114711761475
22142,1,1,1,1,train,0.15719419717788696,0.842805802822113
22143,1,1,1,1,train,0.21378281712532043,0.786217212677002
22151,0,0,0,0,train,0.5966123342514038,0.4033876359462738
22198,0,0,0,0,train,0.6357042193412781,0.3642958104610443
22207,1,1,1,1,train,0.1973830610513687,0.8026169538497925
22211,0,1,0,1,train,0.16928842663764954,0.8307116031646729
22212,0,0,0,0,train,0.6238372325897217,0.3761628270149231
22227,1,1,1,1,train,0.15846113860607147,0.8415389060974121
22232,1,1,1,1,train,0.20621813833713531,0.7937818765640259
22233,1,1,1,1,train,0.21365341544151306,0.7863466143608093
22234,1,1,1,1,train,0.17046670615673065,0.8295332789421082
22242,1,1,1,1,train,0.23528821766376495,0.7647117376327515
22252,1,1,1,1,train,0.2984691262245178,0.701530933380127
22262,1,1,1,1,train,0.46254512667655945,0.5374548435211182
22277,0,1,0,1,train,0.16233254969120026,0.8376674652099609
22286,0,1,0,1,train,0.19438202679157257,0.8056179285049438
22292,0,1,0,1,train,0.3423582911491394,0.6576417088508606
22326,0,1,0,1,train,0.28633031249046326,0.7136696577072144
22329,0,1,0,1,train,0.26417115330696106,0.7358288764953613
22347,1,1,1,1,train,0.2697660028934479,0.7302339673042297
22353,1,1,1,1,train,0.1941448152065277,0.8058551549911499
22356,0,1,0,1,train,0.1618834137916565,0.8381165266036987
22359,1,1,1,1,train,0.14934411644935608,0.8506559133529663
22362,1,1,1,1,train,0.18008863925933838,0.8199113607406616
22363,0,1,0,1,train,0.22380700707435608,0.7761930227279663
22368,1,1,1,1,train,0.19865499436855316,0.8013450503349304
22378,1,1,1,1,train,0.2485281080007553,0.7514718174934387
22388,1,1,1,1,train,0.24002684652805328,0.7599731683731079
22391,0,1,0,1,train,0.2568480670452118,0.7431519031524658
22396,1,1,1,1,train,0.2861603796482086,0.7138396501541138
22403,0,1,0,1,train,0.2445225864648819,0.7554774284362793
22409,1,1,1,1,train,0.2336135059595108,0.7663865089416504
22435,0,1,0,1,train,0.26141461730003357,0.7385854125022888
22443,0,1,0,1,train,0.2395000457763672,0.7604999542236328
22450,1,1,1,1,train,0.2761918902397156,0.7238081097602844
22452,1,1,1,1,train,0.2248779535293579,0.7751220464706421
22458,0,1,0,1,train,0.2650723457336426,0.7349276542663574
22460,1,1,1,1,train,0.18434181809425354,0.8156581521034241
22465,1,1,1,1,train,0.2896167039871216,0.7103832960128784
22469,0,1,0,1,train,0.18779349327087402,0.8122064471244812
22472,0,0,0,0,train,0.6291692852973938,0.3708307147026062
22514,1,1,1,1,train,0.19735433161258698,0.8026456832885742
22517,0,1,0,1,train,0.20338036119937897,0.7966196537017822
22521,0,1,0,1,train,0.23544447124004364,0.7645555138587952
22544,1,1,1,1,train,0.24350129067897797,0.7564987540245056
22545,1,1,1,1,train,0.3189690113067627,0.6810309886932373
22548,1,1,1,1,train,0.27239754796028137,0.7276023626327515
22593,0,1,0,1,train,0.34628358483314514,0.6537163853645325
22612,0,1,0,1,train,0.4716705083847046,0.5283295512199402
22631,0,1,0,1,train,0.3688910901546478,0.6311088800430298
22645,0,1,0,1,train,0.41484227776527405,0.5851576924324036
22684,0,0,0,0,train,0.6321521997451782,0.36784783005714417
22685,0,0,0,0,train,0.9182984828948975,0.08170150965452194
22688,0,0,0,0,train,0.9274711012840271,0.0725288838148117
22690,0,1,0,1,train,0.32304486632347107,0.6769551038742065
22734,0,1,0,1,train,0.25678524374961853,0.7432147264480591
22746,0,1,0,1,train,0.3047183156013489,0.6952816843986511
22778,0,0,0,0,train,0.5923605561256409,0.40763944387435913
22787,1,1,1,1,train,0.14611047506332397,0.853889524936676
22832,1,1,1,1,train,0.19253455102443695,0.8074654936790466
22834,1,1,1,1,train,0.1851915866136551,0.8148083686828613
22843,1,1,1,1,train,0.20139822363853455,0.7986017465591431
22847,1,1,1,1,train,0.2208847552537918,0.7791152596473694
22851,0,1,0,1,train,0.232154980301857,0.7678450345993042
22854,1,1,1,1,train,0.21437761187553406,0.7856224179267883
22873,0,1,0,1,train,0.25742921233177185,0.7425707578659058
22884,0,0,0,0,train,0.5799956917762756,0.42000433802604675
22895,0,1,0,1,train,0.4143081605434418,0.5856918096542358
22908,1,1,1,1,train,0.15960325300693512,0.8403968214988708
22964,0,1,0,1,train,0.339045912027359,0.6609541773796082
22989,0,1,0,1,train,0.44772735238075256,0.5522726774215698
22995,1,1,1,1,train,0.19605900347232819,0.8039409518241882
22997,1,1,1,1,train,0.2426699548959732,0.757330060005188
22998,1,1,1,1,train,0.1449461579322815,0.8550537824630737
23003,1,1,1,1,train,0.2466268092393875,0.7533732056617737
23010,1,1,1,1,train,0.14906883239746094,0.8509311676025391
23011,1,1,1,1,train,0.2109178900718689,0.7890821099281311
23119,1,1,1,1,train,0.25661975145339966,0.7433802485466003
23125,1,1,1,1,train,0.30359652638435364,0.696403443813324
23148,1,1,1,1,train,0.2697094976902008,0.7302905321121216
23157,1,1,1,1,train,0.16589128971099854,0.8341087102890015
23159,1,1,1,1,train,0.18316440284252167,0.8168356418609619
23160,1,1,1,1,train,0.14853720366954803,0.8514627814292908
23162,1,1,1,1,train,0.16367696225643158,0.836323082447052
23166,1,1,1,1,train,0.13886785507202148,0.8611320853233337
23167,1,1,1,1,train,0.16044053435325623,0.8395594954490662
23172,1,1,1,1,train,0.19487757980823517,0.8051224946975708
23176,1,1,1,1,train,0.20500701665878296,0.794992983341217
23188,0,1,0,1,train,0.16503921151161194,0.8349607586860657
23190,0,1,0,1,train,0.17462851107120514,0.825371503829956
23192,1,1,1,1,train,0.14177308976650238,0.8582268357276917
23194,0,1,0,1,train,0.25074806809425354,0.7492519021034241
23198,0,1,0,1,train,0.14785565435886383,0.8521443605422974
23205,0,1,0,1,train,0.14459440112113953,0.8554056286811829
23211,1,1,1,1,train,0.2145722210407257,0.7854277491569519
23232,1,1,1,1,train,0.24051757156848907,0.7594824433326721
23233,1,1,1,1,train,0.189083993434906,0.810916006565094
23234,1,1,1,1,train,0.22562572360038757,0.7743743062019348
23253,1,1,1,1,train,0.19026032090187073,0.8097396492958069
23264,0,1,0,1,train,0.22016575932502747,0.7798342108726501
23272,1,1,1,1,train,0.3202229142189026,0.6797770857810974
23285,1,1,1,1,train,0.17177462577819824,0.8282253742218018
23290,1,1,1,1,train,0.18446201086044312,0.8155380487442017
23300,1,1,1,1,train,0.15195007622241974,0.8480499386787415
23304,0,1,0,1,train,0.4141254127025604,0.5858745574951172
23307,0,1,0,1,train,0.3139771819114685,0.6860228776931763
23311,1,1,1,1,train,0.1304313689470291,0.8695686459541321
23315,0,1,0,1,train,0.3704550266265869,0.6295449733734131
23320,0,1,0,1,train,0.49255988001823425,0.5074401497840881
23324,0,1,0,1,train,0.2146073430776596,0.785392701625824
23341,1,1,1,1,train,0.12898032367229462,0.8710196018218994
23346,0,1,0,1,train,0.17551752924919128,0.8244825005531311
23354,0,1,0,1,train,0.16748419404029846,0.8325157761573792
23407,1,1,1,1,train,0.1726684272289276,0.8273316025733948
23425,1,1,1,1,train,0.20597580075263977,0.7940241694450378
23451,1,1,1,1,train,0.20092760026454926,0.7990724444389343
23453,1,1,1,1,train,0.15257713198661804,0.8474228978157043
23456,0,1,0,1,train,0.3919384777545929,0.6080614924430847
23490,1,1,1,1,train,0.2656251788139343,0.7343748211860657
23494,1,1,1,1,train,0.19802023470401764,0.8019797801971436
23502,1,1,1,1,train,0.23230518400669098,0.767694890499115
23512,1,1,1,1,train,0.17365676164627075,0.826343297958374
23523,0,1,0,1,train,0.16112257540225983,0.8388774394989014
23529,1,1,1,1,train,0.16464468836784363,0.8353553414344788
23533,0,1,0,1,train,0.25240853428840637,0.7475913763046265
23534,1,1,1,1,train,0.1704922616481781,0.8295077681541443
23541,1,1,1,1,train,0.16988599300384521,0.8301140666007996
23560,0,1,0,1,train,0.21355964243412018,0.7864403128623962
23575,0,1,0,1,train,0.30018794536590576,0.6998120546340942
23577,0,1,0,1,train,0.34899064898490906,0.6510093212127686
23602,0,0,0,0,train,0.7759386301040649,0.22406141459941864
23605,0,1,0,1,train,0.20559148490428925,0.7944085597991943
23625,1,1,1,1,train,0.13519109785556793,0.8648088574409485
23626,1,1,1,1,train,0.23149672150611877,0.7685032486915588
23629,1,1,1,1,train,0.15152329206466675,0.848476767539978
23634,0,1,0,1,train,0.39174652099609375,0.6082534193992615
23667,0,1,0,1,train,0.15292687714099884,0.8470731973648071
23679,1,1,1,1,train,0.18122422695159912,0.8187757134437561
23688,1,1,1,1,train,0.15542569756507874,0.8445742726325989
23700,1,1,1,1,train,0.2751061022281647,0.7248938679695129
23705,1,1,1,1,train,0.21605005860328674,0.7839499711990356
23707,1,1,1,1,train,0.26361364126205444,0.7363862991333008
23727,1,1,1,1,train,0.20183798670768738,0.798162043094635
23732,1,1,1,1,train,0.2652830183506012,0.7347170114517212
23741,1,1,1,1,train,0.23097464442253113,0.7690253853797913
23742,1,1,1,1,train,0.20697084069252014,0.7930291295051575
23744,1,1,1,1,train,0.24945068359375,0.7505493760108948
23752,1,1,1,1,train,0.2674310803413391,0.7325688600540161
23754,1,1,1,1,train,0.23634162545204163,0.7636584043502808
23755,0,1,0,1,train,0.22414517402648926,0.775854766368866
23763,1,1,1,1,train,0.2910395562648773,0.7089604139328003
23765,1,1,1,1,train,0.2056397646665573,0.7943602800369263
23808,1,1,1,1,train,0.13668161630630493,0.8633184432983398
23809,1,1,1,1,train,0.18266895413398743,0.817331075668335
23819,1,1,1,1,train,0.1826077252626419,0.8173922300338745
23838,1,1,1,1,train,0.22184067964553833,0.7781593203544617
23840,1,1,1,1,train,0.1778019219636917,0.8221981525421143
23856,0,1,0,1,train,0.2669832408428192,0.7330167889595032
23883,1,1,1,1,train,0.2378183752298355,0.7621816396713257
23884,0,1,0,1,train,0.38342902064323425,0.6165710091590881
23911,0,1,0,1,train,0.30303502082824707,0.6969649791717529
23924,1,1,1,1,train,0.26529061794281006,0.7347094416618347
23944,0,1,0,1,train,0.3298153281211853,0.6701846122741699
23953,1,1,1,1,train,0.18155397474765778,0.8184459805488586
23956,1,1,1,1,train,0.1438068002462387,0.8561932444572449
23959,1,1,1,1,train,0.13328836858272552,0.8667116165161133
23968,1,1,1,1,train,0.1449248194694519,0.8550751805305481
23980,1,1,1,1,train,0.12250658869743347,0.8774934411048889
23981,1,1,1,1,train,0.12101275473833084,0.8789872527122498
23985,0,1,0,1,train,0.2922707498073578,0.7077292799949646
24018,0,1,0,1,train,0.3920246660709381,0.6079753637313843
24058,0,1,0,1,train,0.16309711337089539,0.8369028568267822
24059,1,1,1,1,train,0.13089033961296082,0.8691096305847168
24063,1,1,1,1,train,0.1188809871673584,0.8811190128326416
24075,1,1,1,1,train,0.15036678314208984,0.8496332168579102
24077,1,1,1,1,train,0.15199287235736847,0.8480071425437927
24079,1,1,1,1,train,0.13836324214935303,0.8616368174552917
24083,0,1,0,1,train,0.1322556436061859,0.8677443861961365
24085,0,1,0,1,train,0.13025082647800446,0.869749128818512
24091,1,1,1,1,train,0.19308245182037354,0.8069174885749817
24092,1,1,1,1,train,0.15702050924301147,0.8429794907569885
24111,0,1,0,1,train,0.34708476066589355,0.6529152393341064
24137,0,1,0,1,train,0.2342580407857895,0.7657419443130493
24143,1,1,1,1,train,0.17364194989204407,0.8263580203056335
24154,1,1,1,1,train,0.14775638282299042,0.8522436022758484
24166,1,1,1,1,train,0.18829302489757538,0.8117069005966187
24167,1,1,1,1,train,0.16305936872959137,0.836940586566925
24169,0,1,0,1,train,0.22745530307292938,0.7725446224212646
24173,1,1,1,1,train,0.26613926887512207,0.7338607311248779
24188,0,1,0,1,train,0.2284003049135208,0.7715997099876404
24199,1,1,1,1,train,0.17852015793323517,0.821479856967926
24243,0,1,0,1,train,0.18714188039302826,0.8128581047058105
24250,0,1,0,1,train,0.2637549638748169,0.7362450361251831
24251,0,1,0,1,train,0.15500850975513458,0.8449914455413818
24265,0,1,0,1,train,0.39266929030418396,0.6073307394981384
24275,1,1,1,1,train,0.16044650971889496,0.8395535349845886
24284,0,1,0,1,train,0.18816766142845154,0.8118323087692261
24306,1,1,1,1,train,0.18814560770988464,0.811854362487793
24313,1,1,1,1,train,0.19526253640651703,0.8047375082969666
24325,1,1,1,1,train,0.2216915339231491,0.7783084511756897
24336,1,1,1,1,train,0.34576624631881714,0.6542338132858276
24366,1,1,1,1,train,0.14280834794044495,0.8571916818618774
24385,0,1,0,1,train,0.1909024566411972,0.8090975284576416
24392,0,1,0,1,train,0.15973831713199615,0.840261697769165
24404,1,1,1,1,train,0.15776170790195465,0.8422382473945618
24425,0,1,0,1,train,0.1850050538778305,0.8149949908256531
24481,1,1,1,1,train,0.17480580508708954,0.8251941800117493
24496,1,1,1,1,train,0.1269140988588333,0.8730859160423279
24522,1,1,1,1,train,0.1875639259815216,0.812436044216156
24526,1,1,1,1,train,0.35631656646728516,0.6436834335327148
24527,0,0,0,0,train,0.9796727895736694,0.02032715268433094
24542,1,1,1,1,train,0.15570832788944244,0.844291627407074
24559,1,1,1,1,train,0.13904885947704315,0.8609511852264404
24565,1,1,1,1,train,0.13520073890686035,0.8647992610931396
24568,1,1,1,1,train,0.17205710709095,0.8279429078102112
24576,1,1,1,1,train,0.1519743949174881,0.8480255603790283
24589,1,1,1,1,train,0.1516173630952835,0.8483826518058777
24598,1,1,1,1,train,0.18497055768966675,0.8150294423103333
24609,1,1,1,1,train,0.1750301718711853,0.8249697685241699
24610,0,1,0,1,train,0.22760042548179626,0.7723996043205261
24614,1,1,1,1,train,0.380810022354126,0.6191900372505188
24616,0,1,0,1,train,0.15767228603363037,0.8423277139663696
24627,0,1,0,1,train,0.1551104336977005,0.8448895812034607
24628,1,1,1,1,train,0.19721460342407227,0.8027853965759277
24633,1,1,1,1,train,0.1521395742893219,0.8478603959083557
24637,1,1,1,1,train,0.15909142792224884,0.8409085869789124
24644,1,1,1,1,train,0.17731010913848877,0.822689950466156
24650,1,1,1,1,train,0.190378800034523,0.8096211552619934
24661,0,1,0,1,train,0.21950431168079376,0.7804956436157227
24698,0,1,0,1,train,0.37034472823143005,0.6296552419662476
24787,0,1,0,1,train,0.24030077457427979,0.7596992254257202
24789,1,1,1,1,train,0.2516590654850006,0.748340904712677
24792,1,1,1,1,train,0.24015893042087555,0.7598411440849304
24798,1,1,1,1,train,0.165801003575325,0.8341989517211914
24800,1,1,1,1,train,0.17631757259368896,0.8236824870109558
24802,1,1,1,1,train,0.24752433598041534,0.7524756789207458
24832,1,1,1,1,train,0.17668816447257996,0.8233119249343872
24845,0,1,0,1,train,0.19453933835029602,0.8054606914520264
24860,1,1,1,1,train,0.253519207239151,0.7464808225631714
24893,0,1,0,1,train,0.22162149846553802,0.7783785462379456
24920,1,1,1,1,train,0.1709415763616562,0.8290584087371826
24933,0,1,0,1,train,0.21691451966762543,0.7830854654312134
24937,1,1,1,1,train,0.1333903819322586,0.8666096329689026
24948,0,1,0,1,train,0.25928357243537903,0.7407164573669434
24949,1,1,1,1,train,0.1653261035680771,0.8346738815307617
24953,0,1,0,1,train,0.2155381143093109,0.7844619154930115
24956,0,1,0,1,train,0.44077250361442566,0.5592275857925415
24957,0,1,0,1,train,0.21789082884788513,0.7821091413497925
24976,0,1,0,1,train,0.24682793021202087,0.7531720995903015
24999,1,1,1,1,train,0.11881481856107712,0.8811851739883423
25021,1,1,1,1,train,0.13599751889705658,0.8640024662017822
25034,0,1,0,1,train,0.12139739096164703,0.8786026239395142
25043,1,1,1,1,train,0.24099166691303253,0.7590083479881287
25044,1,1,1,1,train,0.11715138703584671,0.8828486204147339
25045,0,1,0,1,train,0.17790457606315613,0.8220953941345215
25046,0,1,0,1,train,0.1869225651025772,0.813077449798584
25047,0,1,0,1,train,0.14204658567905426,0.8579534292221069
25048,0,1,0,1,train,0.22680972516536713,0.7731902599334717
25068,0,1,0,1,train,0.14001691341400146,0.8599830865859985
25072,1,1,1,1,train,0.16500648856163025,0.8349935412406921
25076,1,1,1,1,train,0.15034091472625732,0.8496591448783875
25090,0,1,0,1,train,0.30009210109710693,0.6999078989028931
25106,1,1,1,1,train,0.31489962339401245,0.6851003766059875
25107,1,1,1,1,train,0.15571200847625732,0.8442879915237427
25108,0,0,0,0,train,0.9202239513397217,0.07977605611085892
25111,1,1,1,1,train,0.20008350908756256,0.7999165654182434
25120,1,1,1,1,train,0.24155664443969727,0.7584433555603027
25130,1,1,1,1,train,0.29156389832496643,0.7084360718727112
25133,1,1,1,1,train,0.35005903244018555,0.6499410271644592
25134,1,1,1,1,train,0.1438416987657547,0.8561582565307617
25135,1,1,1,1,train,0.19249770045280457,0.8075023293495178
25137,1,1,1,1,train,0.12186137586832047,0.8781386017799377
25152,1,1,1,1,train,0.19271376729011536,0.8072862029075623
25153,1,1,1,1,train,0.21407879889011383,0.7859211564064026
25163,1,1,1,1,train,0.20312240719795227,0.7968776226043701
25171,1,1,1,1,train,0.1974533051252365,0.8025466799736023
25184,1,1,1,1,train,0.22322724759578705,0.7767727375030518
25192,1,1,1,1,train,0.24541109800338745,0.7545889019966125
25195,0,1,0,1,train,0.21209146082401276,0.7879084944725037
25222,1,1,1,1,train,0.1557464897632599,0.8442535400390625
25272,0,1,0,1,train,0.18500056862831116,0.8149994015693665
25277,1,1,1,1,train,0.21869124472141266,0.7813088297843933
25279,0,1,0,1,train,0.23068459331989288,0.7693153619766235
25280,1,1,1,1,train,0.17508061230182648,0.8249194025993347
25285,1,1,1,1,train,0.19157421588897705,0.8084257245063782
25318,1,1,1,1,train,0.11888710409402847,0.8811128735542297
25320,0,1,0,1,train,0.23509347438812256,0.7649065852165222
25360,0,1,0,1,train,0.2550432085990906,0.7449567914009094
25377,1,1,1,1,train,0.17692449688911438,0.823075532913208
25378,1,1,1,1,train,0.14487680792808533,0.8551231622695923
25429,1,1,1,1,train,0.17640343308448792,0.8235965967178345
25431,1,1,1,1,train,0.1372762769460678,0.8627237677574158
25490,1,1,1,1,train,0.1643669754266739,0.8356330990791321
25497,0,1,0,1,train,0.20870591700077057,0.7912940382957458
25505,1,1,1,1,train,0.16849574446678162,0.831504225730896
25512,1,1,1,1,train,0.15432807803153992,0.8456719517707825
25514,1,1,1,1,train,0.2551366984844208,0.7448633909225464
25523,0,1,0,1,train,0.15802046656608582,0.8419795036315918
25526,1,1,1,1,train,0.1561785638332367,0.8438214659690857
25531,1,1,1,1,train,0.12442036718130112,0.8755796551704407
25533,1,1,1,1,train,0.14072702825069427,0.8592730164527893
25535,1,1,1,1,train,0.1294509768486023,0.8705490231513977
25553,1,1,1,1,train,0.1250491738319397,0.8749507665634155
25554,1,1,1,1,train,0.1307367980480194,0.8692631721496582
25563,1,1,1,1,train,0.1610420197248459,0.8389579653739929
25571,0,1,0,1,train,0.20860816538333893,0.7913918495178223
25580,0,1,0,1,train,0.2358732968568802,0.7641267776489258
25617,0,1,0,1,train,0.28012213110923767,0.7198778986930847
25628,0,1,0,1,train,0.20749998092651367,0.7925000190734863
25641,1,1,1,1,train,0.16999728977680206,0.8300026655197144
25652,0,1,0,1,train,0.2179230898618698,0.7820768356323242
25656,0,1,0,1,train,0.4089251160621643,0.5910748839378357
25667,0,1,0,1,train,0.16701923310756683,0.8329808115959167
25670,0,0,0,0,train,0.6092342734336853,0.39076563715934753
25680,0,1,0,1,train,0.15795913338661194,0.8420408368110657
25702,0,1,0,1,train,0.2997523546218872,0.7002477049827576
25724,1,1,1,1,train,0.17075446248054504,0.8292455077171326
25765,0,1,0,1,train,0.15537692606449127,0.8446230888366699
25770,1,1,1,1,train,0.13256652653217316,0.8674334287643433
25771,0,1,0,1,train,0.1948603093624115,0.8051397204399109
25788,0,1,0,1,train,0.1490471512079239,0.8509528636932373
25789,1,1,1,1,train,0.11724186688661575,0.8827581405639648
25794,1,1,1,1,train,0.2615770101547241,0.7384229898452759
25796,1,1,1,1,train,0.1504283994436264,0.8495715856552124
25801,1,1,1,1,train,0.34703075885772705,0.652969241142273
25812,0,0,0,0,train,0.9598044157028198,0.04019557312130928
25813,0,0,0,0,train,0.9669077396392822,0.033092278987169266
25814,0,0,0,0,train,0.9722874164581299,0.027712533250451088
25815,0,0,0,0,train,0.8761811852455139,0.12381873279809952
25816,0,0,0,0,train,0.9257380962371826,0.07426191866397858
25817,0,0,0,0,train,0.9460366368293762,0.053963422775268555
25820,1,1,1,1,train,0.11767526715993881,0.882324755191803
25831,1,1,1,1,train,0.14054691791534424,0.859453022480011
25841,0,1,0,1,train,0.13742844760417938,0.8625715374946594
25842,0,1,0,1,train,0.14685875177383423,0.8531412482261658
25843,1,1,1,1,train,0.11767400801181793,0.8823259472846985
25855,0,1,0,1,train,0.16222064197063446,0.8377794027328491
25858,1,1,1,1,train,0.13488705456256866,0.8651129007339478
25887,1,1,1,1,train,0.1606881022453308,0.8393118381500244
25901,0,1,0,1,train,0.2986935079097748,0.7013064622879028
25904,1,1,1,1,train,0.11607551574707031,0.8839244842529297
25928,0,1,0,1,train,0.16947385668754578,0.8305261135101318
25938,0,1,0,1,train,0.1846895068883896,0.8153104782104492
25940,0,1,0,1,train,0.17470723390579224,0.8252927660942078
25973,0,1,0,1,train,0.28722435235977173,0.7127756476402283
25974,0,1,0,1,train,0.18226079642772675,0.8177391886711121
25980,0,0,0,0,train,0.955562949180603,0.044437069445848465
25983,1,1,1,1,train,0.15597723424434662,0.8440227508544922
25984,1,1,1,1,train,0.10911697149276733,0.8908830285072327
25985,1,1,1,1,train,0.12848566472530365,0.8715143799781799
25986,1,1,1,1,train,0.19453120231628418,0.8054687976837158
25994,1,1,1,1,train,0.19229963421821594,0.8077003955841064
26017,1,1,1,1,train,0.15426123142242432,0.8457387685775757
26027,1,1,1,1,train,0.14435259997844696,0.8556473851203918
26051,1,1,1,1,train,0.1591104120016098,0.8408895134925842
26055,1,1,1,1,train,0.2868863046169281,0.7131136655807495
26059,0,1,0,1,train,0.2877585291862488,0.7122414112091064
26071,1,1,1,1,train,0.12135715037584305,0.8786428570747375
26078,1,1,1,1,train,0.19419296085834503,0.8058070540428162
26099,1,1,1,1,train,0.19942820072174072,0.8005717992782593
26102,1,1,1,1,train,0.2257044017314911,0.7742956280708313
26111,1,1,1,1,train,0.15916861593723297,0.8408313989639282
26118,1,1,1,1,train,0.29570886492729187,0.7042911648750305
26121,1,1,1,1,train,0.12222400307655334,0.877776026725769
26122,1,1,1,1,train,0.1503528207540512,0.8496471643447876
26128,1,1,1,1,train,0.19633153080940247,0.8036684989929199
26131,1,1,1,1,train,0.17528469860553741,0.824715256690979
26155,1,1,1,1,train,0.1309891939163208,0.8690108060836792
26173,1,1,1,1,train,0.1590850055217743,0.8409149646759033
26186,1,1,1,1,train,0.13354279100894928,0.8664572238922119
26187,1,1,1,1,train,0.13085472583770752,0.8691452741622925
26188,1,1,1,1,train,0.10277257859706879,0.89722740650177
26222,0,1,0,1,train,0.3524704873561859,0.6475294828414917
26239,1,1,1,1,train,0.14010606706142426,0.8598939776420593
26241,1,1,1,1,train,0.19348740577697754,0.8065126538276672
26254,1,1,1,1,train,0.14377036690711975,0.8562296628952026
26265,1,1,1,1,train,0.18216633796691895,0.817833662033081
26275,1,1,1,1,train,0.15686972439289093,0.8431302309036255
26283,1,1,1,1,train,0.16419753432273865,0.835802435874939
26285,1,1,1,1,train,0.16064871847629547,0.8393512964248657
26291,1,1,1,1,train,0.1169850155711174,0.883014976978302
26294,1,1,1,1,train,0.1670258492231369,0.8329741954803467
26298,0,1,0,1,train,0.20232580602169037,0.7976741790771484
26309,0,0,0,0,train,0.9500448107719421,0.04995514824986458
26319,1,1,1,1,train,0.09984811395406723,0.9001518487930298
26327,1,1,1,1,train,0.15483404695987701,0.8451659083366394
26347,1,1,1,1,train,0.3432689905166626,0.6567310094833374
26350,1,1,1,1,train,0.30837979912757874,0.6916201710700989
26351,1,1,1,1,train,0.16247884929180145,0.8375210762023926
26357,1,1,1,1,train,0.22911249101161957,0.7708874940872192
26369,1,1,1,1,train,0.12973356246948242,0.8702664375305176
26398,1,0,1,0,train,0.9596304893493652,0.04036947339773178
26401,0,1,0,1,train,0.25018739700317383,0.7498126029968262
26402,0,1,0,1,train,0.20364205539226532,0.7963579297065735
26405,1,1,1,1,train,0.21531857550144196,0.7846813797950745
26421,1,1,1,1,train,0.1572033166885376,0.8427966833114624
26436,1,1,1,1,train,0.1505044847726822,0.8494954705238342
26438,1,1,1,1,train,0.17629121243953705,0.8237088322639465
26439,1,1,1,1,train,0.17508843541145325,0.8249115347862244
26444,1,1,1,1,train,0.16574011743068695,0.8342598676681519
26447,0,1,0,1,train,0.14631298184394836,0.853687047958374
26471,0,1,0,1,train,0.2974300980567932,0.7025699019432068
26486,0,1,0,1,train,0.28505226969718933,0.7149477601051331
26522,1,1,1,1,train,0.17228949069976807,0.8277104496955872
26523,1,1,1,1,train,0.12155710905790329,0.8784428834915161
26525,1,1,1,1,train,0.11208111047744751,0.8879188299179077
26526,1,1,1,1,train,0.11773424595594406,0.8822656869888306
26530,0,1,0,1,train,0.19717197120189667,0.8028280138969421
26534,0,1,0,1,train,0.15553465485572815,0.8444653749465942
26542,1,1,1,1,train,0.17276881635189056,0.8272311687469482
26544,1,1,1,1,train,0.16728657484054565,0.8327134847640991
26545,1,1,1,1,train,0.15154385566711426,0.8484561443328857
26548,1,1,1,1,train,0.2759759724140167,0.7240239977836609
26551,1,1,1,1,train,0.18799978494644165,0.8120001554489136
26552,1,1,1,1,train,0.18819953501224518,0.811800479888916
26562,1,1,1,1,train,0.2613486349582672,0.7386513948440552
26570,0,1,0,1,train,0.1537850797176361,0.8462148904800415
26571,1,1,1,1,train,0.16697488725185394,0.8330250978469849
26576,1,1,1,1,train,0.16650809347629547,0.8334919214248657
26591,1,1,1,1,train,0.25088927149772644,0.749110758304596
26595,1,1,1,1,train,0.23233440518379211,0.7676655650138855
26597,1,1,1,1,train,0.26062625646591187,0.7393736839294434
26600,1,1,1,1,train,0.1708906590938568,0.8291093111038208
26601,1,1,1,1,train,0.18444007635116577,0.8155599236488342
26608,1,1,1,1,train,0.2306787669658661,0.7693212628364563
26609,1,1,1,1,train,0.19009838998317719,0.8099016547203064
26611,1,1,1,1,train,0.2114717662334442,0.7885282635688782
26616,1,1,1,1,train,0.1270129382610321,0.8729870915412903
26630,1,1,1,1,train,0.24263380467891693,0.7573662400245667
26631,1,1,1,1,train,0.20603047311306,0.7939695119857788
26641,1,1,1,1,train,0.24223460257053375,0.7577653527259827
26643,1,1,1,1,train,0.1993187963962555,0.8006811738014221
26645,0,1,0,1,train,0.21401019394397736,0.7859897613525391
26652,1,1,1,1,train,0.25264284014701843,0.7473572492599487
26661,0,1,0,1,train,0.1830446422100067,0.8169553875923157
26670,1,1,1,1,train,0.1429814100265503,0.8570186495780945
26672,1,1,1,1,train,0.23459406197071075,0.7654059529304504
26680,1,1,1,1,train,0.14421723783016205,0.8557828068733215
26681,1,1,1,1,train,0.11985842138528824,0.88014155626297
26693,0,1,0,1,train,0.31306082010269165,0.6869391202926636
26752,1,1,1,1,train,0.1172039806842804,0.882796049118042
26761,1,1,1,1,train,0.271606981754303,0.728393018245697
26795,1,1,1,1,train,0.12079517543315887,0.8792048692703247
26796,1,1,1,1,train,0.11552071571350098,0.8844792246818542
26816,1,1,1,1,train,0.1542809158563614,0.8457190990447998
26820,1,1,1,1,train,0.1178550124168396,0.8821449875831604
26821,1,1,1,1,train,0.10391217470169067,0.8960878252983093
26822,1,1,1,1,train,0.1272626370191574,0.8727373480796814
26823,1,1,1,1,train,0.11576467752456665,0.8842353224754333
26824,1,1,1,1,train,0.10391131043434143,0.896088719367981
26841,1,1,1,1,train,0.20398761332035065,0.7960124015808105
26844,1,1,1,1,train,0.17374247312545776,0.8262574672698975
26846,1,1,1,1,train,0.1741621047258377,0.8258379101753235
26847,1,1,1,1,train,0.25594362616539,0.7440564036369324
26873,1,1,1,1,train,0.14321269094944,0.8567872643470764
26875,1,1,1,1,train,0.11533613502979279,0.8846639394760132
26892,1,1,1,1,train,0.12375165522098541,0.8762484192848206
26907,1,1,1,1,train,0.11291186511516571,0.8870881199836731
26911,1,1,1,1,train,0.12000971287488937,0.8799903392791748
26913,1,1,1,1,train,0.17381651699543,0.8261834979057312
26914,1,1,1,1,train,0.18817324936389923,0.8118267059326172
26917,1,1,1,1,train,0.11901163309812546,0.880988359451294
26923,1,1,1,1,train,0.1413785219192505,0.8586214780807495
26926,1,1,1,1,train,0.12002129852771759,0.8799786567687988
26936,1,1,1,1,train,0.17382287979125977,0.826177179813385
26938,1,1,1,1,train,0.19521087408065796,0.8047890663146973
26939,1,1,1,1,train,0.24545542895793915,0.7545444965362549
26943,1,1,1,1,train,0.13903290033340454,0.8609670996665955
26945,1,1,1,1,train,0.15777702629566193,0.8422229290008545
26954,1,1,1,1,train,0.16635552048683167,0.8336445093154907
26959,0,1,0,1,train,0.2952241003513336,0.7047759294509888
26961,1,1,1,1,train,0.11440777778625488,0.8855922818183899
26965,0,1,0,1,train,0.1289321482181549,0.8710678219795227
26971,1,1,1,1,train,0.20375336706638336,0.7962466478347778
26976,0,1,0,1,train,0.3914002776145935,0.6085997223854065
26977,1,1,1,1,train,0.1393267959356308,0.860673189163208
26984,1,1,1,1,train,0.1296355277299881,0.8703644871711731
26986,1,1,1,1,train,0.13711591064929962,0.8628841042518616
26994,1,1,1,1,train,0.11442255973815918,0.8855774998664856
26995,0,1,0,1,train,0.14220620691776276,0.8577937483787537
26999,1,1,1,1,train,0.13428814709186554,0.8657118678092957
27015,0,1,0,1,train,0.48707276582717896,0.512927234172821
27020,0,1,0,1,train,0.41499951481819153,0.5850005149841309
27040,1,1,1,1,train,0.2614986300468445,0.7385014295578003
27046,1,1,1,1,train,0.19647781550884247,0.8035221099853516
27047,1,1,1,1,train,0.19900952279567719,0.8009904623031616
27050,1,1,1,1,train,0.14397549629211426,0.8560245037078857
27052,1,1,1,1,train,0.20447330176830292,0.7955266833305359
27056,1,1,1,1,train,0.17092043161392212,0.8290795683860779
27059,1,1,1,1,train,0.1790788322687149,0.8209211230278015
27060,1,1,1,1,train,0.1726592481136322,0.8273407220840454
27061,1,1,1,1,train,0.11630713194608688,0.8836928606033325
27063,1,1,1,1,train,0.19260315597057343,0.8073968887329102
27071,1,1,1,1,train,0.25240516662597656,0.7475948929786682
27077,1,1,1,1,train,0.21879085898399353,0.7812091112136841
27078,0,1,0,1,train,0.29574260115623474,0.7042574286460876
27096,1,1,1,1,train,0.16514311730861664,0.8348569273948669
27102,0,1,0,1,train,0.21031884849071503,0.7896811962127686
27111,0,1,0,1,train,0.1398690789937973,0.8601309061050415
27113,1,1,1,1,train,0.1657840609550476,0.8342158794403076
27114,0,1,0,1,train,0.35372158885002136,0.646278440952301
27128,0,1,0,1,train,0.2762579321861267,0.7237420082092285
27171,0,1,0,1,train,0.20464114844799042,0.7953588366508484
27176,1,1,1,1,train,0.11515453457832336,0.884845495223999
27188,1,1,1,1,train,0.1317582130432129,0.8682417273521423
27189,0,1,0,1,train,0.25976863503456116,0.7402313351631165
27190,1,1,1,1,train,0.1354520171880722,0.8645479679107666
27191,1,1,1,1,train,0.115139901638031,0.884860098361969
27194,0,1,0,1,train,0.21566730737686157,0.7843326330184937
27207,0,1,0,1,train,0.2844235301017761,0.7155764102935791
27212,0,1,0,1,train,0.1287080943584442,0.8712918758392334
27237,0,1,0,1,train,0.2969816327095032,0.703018307685852
27238,1,1,1,1,train,0.12222357839345932,0.8777763843536377
27239,0,1,0,1,train,0.14091069996356964,0.8590893745422363
27247,0,1,0,1,train,0.2670935094356537,0.7329065799713135
27255,0,1,0,1,train,0.16421927511692047,0.835780680179596
27279,1,1,1,1,train,0.1954362392425537,0.8045637607574463
27287,0,1,0,1,train,0.13192684948444366,0.8680732250213623
27288,1,1,1,1,train,0.14355115592479706,0.8564488291740417
27289,1,1,1,1,train,0.17312635481357574,0.8268736004829407
27293,0,1,0,1,train,0.17469708621501923,0.8253028988838196
27299,1,1,1,1,train,0.14832034707069397,0.8516796231269836
27312,1,1,1,1,train,0.16344378888607025,0.8365561962127686
27364,1,1,1,1,train,0.13324153423309326,0.8667584657669067
27365,1,1,1,1,train,0.24411600828170776,0.7558839917182922
27372,0,1,0,1,train,0.16853958368301392,0.8314604163169861
27373,0,1,0,1,train,0.12385760992765427,0.8761423826217651
27381,1,1,1,1,train,0.15259000658988953,0.8474099636077881
27382,1,1,1,1,train,0.14677295088768005,0.8532270789146423
27385,1,1,1,1,train,0.1441744565963745,0.8558256030082703
27386,1,1,1,1,train,0.12932778894901276,0.8706722259521484
27387,0,1,0,1,train,0.20140479505062103,0.7985952496528625
27388,0,1,0,1,train,0.3455530107021332,0.6544469594955444
27389,0,1,0,1,train,0.24496741592884064,0.7550325393676758
27390,0,1,0,1,train,0.16916048526763916,0.8308395147323608
27403,0,1,0,1,train,0.15099883079528809,0.8490011692047119
27404,0,1,0,1,train,0.16202139854431152,0.8379786014556885
27415,0,1,0,1,train,0.19879694283008575,0.8012030720710754
27416,0,1,0,1,train,0.11810660362243652,0.8818933963775635
27418,0,1,0,1,train,0.142876535654068,0.8571234345436096
27506,1,1,1,1,train,0.1757352501153946,0.8242647051811218
27508,1,0,1,0,train,0.9770025014877319,0.022997496649622917
27520,0,1,0,1,train,0.16263315081596375,0.8373668789863586
27525,0,1,0,1,train,0.19837340712547302,0.8016266226768494
27558,0,0,0,0,train,0.9797373414039612,0.020262636244297028
27559,1,1,1,1,train,0.12174348533153534,0.8782564997673035
27572,0,1,0,1,train,0.28133758902549744,0.718662440776825
27575,0,0,0,0,train,0.9727478623390198,0.027252105996012688
27583,0,0,0,0,train,0.9745779037475586,0.025422165170311928
27584,0,0,0,0,train,0.9618921875953674,0.03810776025056839
27585,0,0,0,0,train,0.9646210670471191,0.035378966480493546
27594,0,0,0,0,train,0.9701974987983704,0.02980249561369419
27595,1,1,1,1,train,0.283861368894577,0.7161385416984558
27606,1,1,1,1,train,0.1743081659078598,0.825691819190979
27607,0,0,0,0,train,0.9727243185043335,0.027275757864117622
27609,0,1,0,1,train,0.19188223779201508,0.8081177473068237
27611,0,0,0,0,train,0.9059706926345825,0.09402930736541748
27636,1,1,1,1,train,0.14526066184043884,0.8547393083572388
27664,0,1,0,1,train,0.18770438432693481,0.81229567527771
27670,1,1,1,1,train,0.1823282241821289,0.8176718354225159
27673,1,1,1,1,train,0.12792834639549255,0.8720716238021851
27679,1,1,1,1,train,0.1994994580745697,0.8005005121231079
27681,1,1,1,1,train,0.21395201981067657,0.7860479950904846
27686,1,1,1,1,train,0.127422034740448,0.8725779056549072
27687,1,1,1,1,train,0.2085151970386505,0.7914848327636719
27706,0,1,0,1,train,0.16299305856227875,0.8370069265365601
27709,1,1,1,1,train,0.2682650089263916,0.7317349910736084
27710,1,1,1,1,train,0.17859196662902832,0.8214080333709717
27711,1,1,1,1,train,0.19863104820251465,0.8013688921928406
27712,1,1,1,1,train,0.16483047604560852,0.8351694941520691
27731,1,1,1,1,train,0.38122236728668213,0.6187775731086731
27736,1,1,1,1,train,0.1708182990550995,0.8291816711425781
27739,1,1,1,1,train,0.3057202696800232,0.694279670715332
27750,1,1,1,1,train,0.17908181250095367,0.8209181427955627
27777,0,1,0,1,train,0.2614542841911316,0.7385457754135132
27782,1,1,1,1,train,0.1598590463399887,0.8401409387588501
27785,1,1,1,1,train,0.27938002347946167,0.7206199765205383
27796,1,1,1,1,train,0.2851056456565857,0.7148944139480591
27798,1,1,1,1,train,0.1767544150352478,0.8232455849647522
27802,1,1,1,1,train,0.22235172986984253,0.7776482105255127
27856,1,1,1,1,train,0.16355599462985992,0.8364439606666565
27859,1,1,1,1,train,0.1534631997346878,0.8465368747711182
27861,0,1,0,1,train,0.1649550348520279,0.8350449800491333
27863,1,1,1,1,train,0.23643459379673004,0.7635654807090759
27864,1,1,1,1,train,0.2309417426586151,0.7690582871437073
27875,1,1,1,1,train,0.21269598603248596,0.7873040437698364
27877,1,1,1,1,train,0.21948012709617615,0.7805199027061462
27883,1,1,1,1,train,0.2633081078529358,0.736691951751709
27884,1,1,1,1,train,0.12400522828102112,0.8759947419166565
27892,1,1,1,1,train,0.21747875213623047,0.7825212478637695
27896,1,1,1,1,train,0.21838028728961945,0.781619668006897
27898,0,1,0,1,train,0.19918973743915558,0.8008102774620056
27911,1,1,1,1,train,0.26532232761383057,0.7346776723861694
27915,1,1,1,1,train,0.25800949335098267,0.7419905066490173
27922,1,1,1,1,train,0.2785390019416809,0.7214609980583191
27924,1,1,1,1,train,0.1736404299736023,0.8263595700263977
27936,0,1,0,1,train,0.19094574451446533,0.8090542554855347
27939,1,1,1,1,train,0.1938091665506363,0.8061907887458801
27949,1,1,1,1,train,0.11378476768732071,0.8862152695655823
27951,1,1,1,1,train,0.10720448940992355,0.8927954435348511
27968,1,1,1,1,train,0.13145822286605835,0.8685417175292969
27986,1,1,1,1,train,0.1060677021741867,0.8939322829246521
27997,1,1,1,1,train,0.22105273604393005,0.7789472937583923
28008,0,1,0,1,train,0.21298499405384064,0.7870150208473206
28021,0,1,0,1,train,0.1408591866493225,0.8591408133506775
28023,1,1,1,1,train,0.11485417932271957,0.8851457834243774
28034,1,1,1,1,train,0.12290477752685547,0.8770952224731445
28038,1,1,1,1,train,0.11403220146894455,0.8859677910804749
28044,1,1,1,1,train,0.14315620064735413,0.8568438291549683
28074,1,1,1,1,train,0.19564713537693024,0.804352879524231
28075,0,1,0,1,train,0.2383919507265091,0.7616080045700073
28132,1,1,1,1,train,0.16587179899215698,0.834128201007843
28133,1,1,1,1,train,0.11096233129501343,0.8890376687049866
28134,1,1,1,1,train,0.17440257966518402,0.8255974054336548
28140,0,1,0,1,train,0.14926747977733612,0.8507325053215027
28143,1,1,1,1,train,0.11069188266992569,0.8893081545829773
28191,1,1,1,1,train,0.17209883034229279,0.8279011845588684
28192,1,1,1,1,train,0.11808615922927856,0.8819139003753662
28197,1,1,1,1,train,0.1780419796705246,0.821958065032959
28204,1,1,1,1,train,0.11201011389493942,0.88798987865448
28205,0,1,0,1,train,0.18924689292907715,0.8107531070709229
28216,1,1,1,1,train,0.1727135181427002,0.8272864818572998
28219,0,1,0,1,train,0.16200506687164307,0.8379948735237122
28225,0,1,0,1,train,0.2566736340522766,0.7433264255523682
28244,0,1,0,1,train,0.15500508248806,0.8449949622154236
28254,1,1,1,1,train,0.1465526819229126,0.8534473180770874
28255,0,0,0,0,train,0.9591835737228394,0.040816474705934525
28258,1,1,1,1,train,0.10911616683006287,0.8908838629722595
28271,1,1,1,1,train,0.12922583520412445,0.8707741498947144
28272,1,1,1,1,train,0.16417595744132996,0.8358240723609924
28296,1,1,1,1,train,0.15676720440387726,0.8432328104972839
28309,0,1,0,1,train,0.11224978417158127,0.8877502083778381
28315,1,1,1,1,train,0.11754875630140305,0.8824512362480164
28316,0,1,0,1,train,0.12852245569229126,0.8714776039123535
28321,1,1,1,1,train,0.1270485818386078,0.8729513883590698
28327,0,1,0,1,train,0.10470197349786758,0.8952980637550354
28362,1,1,1,1,train,0.13395795226097107,0.8660420775413513
28370,0,1,0,1,train,0.3077082931995392,0.6922917366027832
28384,1,1,1,1,train,0.206918865442276,0.7930811643600464
28399,0,1,0,1,train,0.1784764528274536,0.8215235471725464
28400,0,1,0,1,train,0.2669682502746582,0.7330317497253418
28401,0,1,0,1,train,0.21382685005664825,0.7861732244491577
28402,0,1,0,1,train,0.16928745806217194,0.8307124972343445
28403,0,1,0,1,train,0.2562708556652069,0.7437292337417603
28405,0,1,0,1,train,0.1668037623167038,0.833196222782135
28406,0,1,0,1,train,0.2588362991809845,0.7411637306213379
28407,0,1,0,1,train,0.19504615664482117,0.8049538731575012
28408,1,1,1,1,train,0.12182252109050751,0.8781775236129761
28420,1,1,1,1,train,0.1643172800540924,0.8356826901435852
28442,0,1,0,1,train,0.19955995678901672,0.8004400730133057
28451,1,1,1,1,train,0.22148439288139343,0.7785155773162842
28453,1,1,1,1,train,0.22947579622268677,0.7705241441726685
28461,1,1,1,1,train,0.14626260101795197,0.8537374138832092
28465,0,1,0,1,train,0.20473694801330566,0.7952630519866943
28471,0,1,0,1,train,0.27482837438583374,0.7251716256141663
28473,0,1,0,1,train,0.29226306080818176,0.7077369689941406
28486,0,1,0,1,train,0.27873551845550537,0.7212645411491394
28515,1,1,1,1,train,0.1815813183784485,0.8184186816215515
28519,0,1,0,1,train,0.23847492039203644,0.76152503490448
28532,0,1,0,1,train,0.2053007334470749,0.7946993112564087
28540,1,1,1,1,train,0.17184913158416748,0.8281508088111877
28560,0,1,0,1,train,0.14191916584968567,0.8580808043479919
28561,0,1,0,1,train,0.1394040584564209,0.8605959415435791
28579,1,1,1,1,train,0.2912429869174957,0.7087570428848267
28581,0,1,0,1,train,0.1604698747396469,0.8395300507545471
28592,1,1,1,1,train,0.11403422802686691,0.8859657645225525
28597,0,0,0,0,train,0.9773478507995605,0.022652165964245796
28598,0,0,0,0,train,0.9795357584953308,0.020464302971959114
28599,0,0,0,0,train,0.9757435917854309,0.024256419390439987
28600,1,0,1,0,train,0.6587511301040649,0.34124884009361267
28601,0,0,0,0,train,0.9529959559440613,0.04700397700071335
28602,0,0,0,0,train,0.9611188769340515,0.038881123065948486
28612,1,1,1,1,train,0.1864592432975769,0.8135408163070679
28613,1,1,1,1,train,0.21973282098770142,0.7802671790122986
28616,1,1,1,1,train,0.17231550812721252,0.8276845216751099
28617,1,1,1,1,train,0.16654573380947113,0.8334542512893677
28624,1,1,1,1,train,0.12837591767311096,0.8716241121292114
28664,1,1,1,1,train,0.19430644810199738,0.8056935667991638
28665,1,1,1,1,train,0.16334804892539978,0.8366519808769226
28675,1,1,1,1,train,0.1375318467617035,0.8624681234359741
28677,1,1,1,1,train,0.1280539631843567,0.8719459772109985
28678,1,1,1,1,train,0.14872293174266815,0.8512771129608154
28679,1,1,1,1,train,0.1935746818780899,0.8064253330230713
28685,1,1,1,1,train,0.12673351168632507,0.8732664585113525
28705,1,1,1,1,train,0.20870378613471985,0.7912962436676025
28714,1,1,1,1,train,0.13639876246452332,0.8636012673377991
28728,1,1,1,1,train,0.1164667084813118,0.8835332989692688
28775,1,1,1,1,train,0.2130567580461502,0.786943256855011
28807,0,0,0,0,train,0.9790037274360657,0.02099633775651455
28829,0,1,0,1,train,0.29560720920562744,0.7043927907943726
28831,1,1,1,1,train,0.10938799381256104,0.8906120657920837
28832,1,1,1,1,train,0.108464315533638,0.8915356397628784
28836,1,1,1,1,train,0.1357201784849167,0.8642798066139221
28851,1,1,1,1,train,0.1311972439289093,0.8688026666641235
28852,1,1,1,1,train,0.11225928366184235,0.8877406716346741
28854,1,1,1,1,train,0.130255326628685,0.8697446584701538
28855,1,1,1,1,train,0.1218714490532875,0.8781285881996155
28863,0,0,0,0,train,0.9592224955558777,0.040777530521154404
28872,1,1,1,1,train,0.2978617250919342,0.7021382451057434
28874,0,0,0,0,train,0.9625336527824402,0.03746629133820534
28881,0,0,0,0,train,0.9487093687057495,0.05129055678844452
28887,0,0,0,0,train,0.9578865170478821,0.042113497853279114
28891,1,1,1,1,train,0.21903438866138458,0.7809656262397766
28954,0,1,0,1,train,0.29864537715911865,0.7013546228408813
28959,0,0,0,0,train,0.9808763861656189,0.019123589619994164
28964,0,0,0,0,train,0.9792882800102234,0.020711654797196388
28966,1,1,1,1,train,0.13721242547035217,0.8627876043319702
28967,1,1,1,1,train,0.11368229985237122,0.8863177299499512
28968,0,1,0,1,train,0.3735383152961731,0.6264616847038269
28969,1,1,1,1,train,0.1648406833410263,0.8351593017578125
28970,1,1,1,1,train,0.1347484588623047,0.8652516007423401
28977,1,1,1,1,train,0.19038721919059753,0.8096128106117249
28981,1,1,1,1,train,0.1609390527009964,0.83906090259552
28982,0,1,0,1,train,0.1554214358329773,0.8445786237716675
28986,1,1,1,1,train,0.1404011845588684,0.8595988154411316
28987,1,1,1,1,train,0.19130128622055054,0.8086987137794495
28991,1,1,1,1,train,0.21207065880298615,0.787929356098175
28992,0,1,0,1,train,0.17934072017669678,0.820659339427948
28993,0,1,0,1,train,0.20282889902591705,0.7971711158752441
28994,1,1,1,1,train,0.1738419234752655,0.8261581063270569
29003,1,1,1,1,train,0.1446211338043213,0.8553788661956787
29018,1,1,1,1,train,0.13336989283561707,0.8666301369667053
29031,0,1,0,1,train,0.16321852803230286,0.8367815017700195
29032,0,1,0,1,train,0.14364755153656006,0.8563525080680847
29039,1,1,1,1,train,0.1786438673734665,0.8213561177253723
29040,1,1,1,1,train,0.16916872560977936,0.8308312296867371
29050,1,1,1,1,train,0.1481054723262787,0.8518945574760437
29055,1,1,1,1,train,0.16658705472946167,0.8334129452705383
29075,1,1,1,1,train,0.14759157598018646,0.8524084687232971
29083,1,1,1,1,train,0.1521708369255066,0.8478291630744934
29084,0,1,0,1,train,0.16298025846481323,0.837019681930542
29086,0,1,0,1,train,0.2942560017108917,0.7057440280914307
29102,1,1,1,1,train,0.13578683137893677,0.8642131686210632
29108,1,1,1,1,train,0.1375366747379303,0.8624632954597473
29109,0,0,0,0,train,0.8839565515518188,0.11604350060224533
29115,0,1,0,1,train,0.11652613431215286,0.8834738731384277
29118,0,1,0,1,train,0.18652218580245972,0.8134778738021851
29119,0,1,0,1,train,0.16893121600151062,0.831068754196167
29121,1,1,1,1,train,0.20900869369506836,0.7909912467002869
29125,1,1,1,1,train,0.12845775485038757,0.87154221534729
29127,0,0,0,0,train,0.9689347743988037,0.031065193936228752
29130,0,1,0,1,train,0.1891692876815796,0.8108307123184204
29133,1,1,1,1,train,0.1812172532081604,0.8187827467918396
29136,1,1,1,1,train,0.16784532368183136,0.8321546912193298
29139,0,0,0,0,train,0.7350064516067505,0.2649935185909271
29140,1,1,1,1,train,0.13444426655769348,0.8655557632446289
29154,1,1,1,1,train,0.17806845903396606,0.8219315409660339
29159,0,0,0,0,train,0.9462452530860901,0.05375470593571663
29160,0,1,0,1,train,0.16455557942390442,0.8354443907737732
29169,0,0,0,0,train,0.9714805483818054,0.028519531711935997
29179,1,1,1,1,train,0.2779548168182373,0.7220452427864075
29188,1,1,1,1,train,0.19795528054237366,0.802044689655304
29193,1,1,1,1,train,0.11927465349435806,0.8807253837585449
29194,1,1,1,1,train,0.10933032631874084,0.8906696438789368
29195,1,1,1,1,train,0.10970260202884674,0.8902973532676697
29197,1,1,1,1,train,0.14777997136116028,0.8522200584411621
29204,1,1,1,1,train,0.17007800936698914,0.8299219608306885
29205,1,1,1,1,train,0.11015278100967407,0.8898471593856812
29225,0,1,0,1,train,0.3381403982639313,0.6618595719337463
29265,0,1,0,1,train,0.18331322073936462,0.816686749458313
29306,1,1,1,1,train,0.1816488355398178,0.8183512091636658
29313,1,1,1,1,train,0.15450499951839447,0.8454949855804443
29324,1,1,1,1,train,0.10042695701122284,0.8995730876922607
29331,0,1,0,1,train,0.12779971957206726,0.8722003102302551
29336,0,1,0,1,train,0.10431038588285446,0.8956896066665649
29368,0,1,0,1,train,0.24365127086639404,0.756348729133606
29391,1,1,1,1,train,0.13739703595638275,0.8626030087471008
29421,0,1,0,1,train,0.21570725739002228,0.7842927575111389
29460,0,1,0,1,train,0.18729428946971893,0.8127057552337646
29464,0,1,0,1,train,0.11227212846279144,0.8877279162406921
29488,1,1,1,1,train,0.11990145593881607,0.8800985217094421
29502,0,1,0,1,train,0.20427417755126953,0.7957258820533752
29508,0,1,0,1,train,0.23695597052574158,0.7630440592765808
29530,1,1,1,1,train,0.1529047042131424,0.847095251083374
29531,1,1,1,1,train,0.15714597702026367,0.8428540825843811
29545,0,1,0,1,train,0.33473294973373413,0.6652670502662659
29559,0,1,0,1,train,0.25803670287132263,0.741963267326355
29583,1,1,1,1,train,0.2779362201690674,0.7220637798309326
29584,1,1,1,1,train,0.21897943317890167,0.7810205817222595
29585,1,1,1,1,train,0.2524065673351288,0.7475934028625488
29594,1,1,1,1,train,0.23408515751361847,0.7659148573875427
29597,1,1,1,1,train,0.18907973170280457,0.8109202980995178
29598,1,1,1,1,train,0.1449533998966217,0.8550465703010559
29599,1,1,1,1,train,0.14587950706481934,0.8541204929351807
29600,1,1,1,1,train,0.10850880295038223,0.8914912343025208
29601,1,1,1,1,train,0.20261554419994354,0.7973844408988953
29602,1,1,1,1,train,0.1391243189573288,0.8608757257461548
29623,1,1,1,1,train,0.16669727861881256,0.8333027362823486
29624,1,1,1,1,train,0.12343455851078033,0.8765654563903809
29625,1,1,1,1,train,0.12344612926244736,0.8765538334846497
29626,1,1,1,1,train,0.1880980283021927,0.8119019269943237
29627,1,1,1,1,train,0.14783714711666107,0.8521628975868225
29636,1,1,1,1,train,0.21913911402225494,0.7808609008789062
29648,1,1,1,1,train,0.12727752327919006,0.8727224469184875
29649,0,1,0,1,train,0.10097486525774002,0.8990250825881958
29662,1,1,1,1,train,0.14321309328079224,0.8567869067192078
29667,1,1,1,1,train,0.10673036426305771,0.8932696580886841
29671,1,1,1,1,train,0.11756140738725662,0.882438600063324
29690,1,1,1,1,train,0.15013544261455536,0.8498646020889282
29693,1,1,1,1,train,0.15366877615451813,0.8463311791419983
29694,1,1,1,1,train,0.13863158226013184,0.8613684177398682
29695,1,1,1,1,train,0.1674913465976715,0.8325086832046509
29696,1,1,1,1,train,0.1042301133275032,0.8957698941230774
29704,1,1,1,1,train,0.20769020915031433,0.7923097610473633
29734,1,1,1,1,train,0.1812238246202469,0.8187761306762695
29735,1,1,1,1,train,0.1905255764722824,0.8094744682312012
29736,1,1,1,1,train,0.11242993921041489,0.8875700235366821
29737,1,1,1,1,train,0.16474047303199768,0.8352594971656799
29738,1,1,1,1,train,0.11208256334066391,0.8879174590110779
29739,1,1,1,1,train,0.1491980105638504,0.8508020043373108
29740,1,1,1,1,train,0.13314314186573029,0.8668568730354309
29743,0,1,0,1,train,0.21779543161392212,0.7822045683860779
29755,1,1,1,1,train,0.14934615790843964,0.8506538271903992
29756,0,1,0,1,train,0.20291772484779358,0.7970821857452393
29759,0,1,0,1,train,0.24494409561157227,0.7550559043884277
29775,1,1,1,1,train,0.13540366291999817,0.8645963668823242
29785,1,1,1,1,train,0.24759350717067719,0.7524065375328064
29791,1,1,1,1,train,0.21198490262031555,0.7880150675773621
29794,1,1,1,1,train,0.17293325066566467,0.8270667195320129
29810,1,1,1,1,train,0.17661476135253906,0.8233852982521057
29814,0,1,0,1,train,0.17242839932441711,0.8275715708732605
29834,0,1,0,1,train,0.1795365810394287,0.8204633593559265
29835,1,1,1,1,train,0.14795047044754028,0.8520495295524597
29839,0,1,0,1,train,0.13807713985443115,0.8619228601455688
29861,1,1,1,1,train,0.11846646666526794,0.8815335631370544
29863,0,1,0,1,train,0.14063768088817596,0.8593623638153076
29872,1,1,1,1,train,0.19881375133991241,0.801186203956604
29873,1,1,1,1,train,0.1658622920513153,0.8341377377510071
29874,0,1,0,1,train,0.14918042719364166,0.8508195877075195
29875,0,1,0,1,train,0.1383582502603531,0.8616417646408081
29876,0,1,0,1,train,0.10849994421005249,0.8915000557899475
29933,0,1,0,1,train,0.1567300409078598,0.843269944190979
29935,0,1,0,1,train,0.24934031069278717,0.7506596446037292
29961,1,1,1,1,train,0.12834826111793518,0.8716517090797424
29962,1,1,1,1,train,0.10681802034378052,0.8931819796562195
29969,0,0,0,0,train,0.8915229439735413,0.10847701877355576
29983,0,1,0,1,train,0.1543242633342743,0.8456757664680481
29987,1,1,1,1,train,0.12411575764417648,0.8758842349052429
30040,0,1,0,1,train,0.1370932161808014,0.8629067540168762
30041,0,1,0,1,train,0.13262997567653656,0.8673700094223022
30042,0,1,0,1,train,0.12601156532764435,0.8739883899688721
30043,0,1,0,1,train,0.1028011292219162,0.8971989154815674
30044,0,1,0,1,train,0.10089166462421417,0.899108350276947
30048,1,1,1,1,train,0.10914738476276398,0.8908526301383972
30092,1,1,1,1,train,0.1304493546485901,0.8695506453514099
30093,1,1,1,1,train,0.14934992790222168,0.8506501317024231
30096,1,1,1,1,train,0.1273280680179596,0.8726719617843628
30097,1,1,1,1,train,0.20374053716659546,0.7962594628334045
30104,1,1,1,1,train,0.1171225905418396,0.8828773498535156
30112,1,1,1,1,train,0.10737411677837372,0.8926258683204651
30118,1,1,1,1,train,0.17372390627861023,0.8262761235237122
30126,0,1,0,1,train,0.2296934574842453,0.7703065276145935
30132,1,1,1,1,train,0.19842904806137085,0.8015710115432739
30133,1,1,1,1,train,0.18099345266819,0.8190065026283264
30134,1,1,1,1,train,0.2481423169374466,0.7518576383590698
30142,0,1,0,1,train,0.1712384670972824,0.8287615180015564
30150,0,1,0,1,train,0.1112079992890358,0.8887919783592224
30168,0,1,0,1,train,0.1144745796918869,0.8855254054069519
30170,1,1,1,1,train,0.2445068061351776,0.7554931640625
30171,1,1,1,1,train,0.1748235523700714,0.8251764178276062
30206,0,1,0,1,train,0.23566636443138123,0.7643336653709412
30214,1,1,1,1,train,0.1787007749080658,0.8212993144989014
30216,1,1,1,1,train,0.1076267883181572,0.8923732042312622
30217,1,1,1,1,train,0.1682654321193695,0.8317345976829529
30219,1,1,1,1,train,0.13968759775161743,0.8603123426437378
30220,1,1,1,1,train,0.16436338424682617,0.835636556148529
30224,1,1,1,1,train,0.13586020469665527,0.8641398549079895
30237,0,0,0,0,train,0.9697997570037842,0.030200190842151642
30239,1,1,1,1,train,0.12313307076692581,0.8768669366836548
30260,1,1,1,1,train,0.12337927520275116,0.8766207098960876
30263,0,1,0,1,train,0.1408788412809372,0.8591212034225464
30266,0,1,0,1,train,0.11788252741098404,0.8821174502372742
30267,1,1,1,1,train,0.19760975241661072,0.8023902177810669
30269,1,1,1,1,train,0.12526223063468933,0.8747377395629883
30270,0,1,0,1,train,0.2306745946407318,0.7693253755569458
30272,1,1,1,1,train,0.1359439492225647,0.8640560507774353
30273,1,1,1,1,train,0.18705348670482635,0.8129464983940125
30286,0,1,0,1,train,0.10662142187356949,0.8933786153793335
30300,1,1,1,1,train,0.1138075590133667,0.8861924409866333
30313,1,1,1,1,train,0.14309267699718475,0.8569073677062988
30314,1,1,1,1,train,0.15652091801166534,0.8434790968894958
30340,1,1,1,1,train,0.20389395952224731,0.7961059808731079
30345,1,1,1,1,train,0.18072612583637238,0.8192739486694336
30355,0,1,0,1,train,0.20111209154129028,0.7988879680633545
30357,1,1,1,1,train,0.1411675214767456,0.8588324189186096
30373,1,1,1,1,train,0.21283261477947235,0.7871673703193665
30381,1,1,1,1,train,0.1338033527135849,0.8661966919898987
30382,1,1,1,1,train,0.1536947637796402,0.846305251121521
30403,1,1,1,1,train,0.13728484511375427,0.8627151250839233
30405,1,1,1,1,train,0.18485556542873383,0.815144419670105
30419,0,1,0,1,train,0.10301070660352707,0.8969892859458923
30426,1,1,1,1,train,0.17881110310554504,0.8211889266967773
30427,1,1,1,1,train,0.13046866655349731,0.8695313334465027
30434,1,1,1,1,train,0.17271468043327332,0.8272852301597595
30441,1,1,1,1,train,0.16923141479492188,0.8307686448097229
30443,0,1,0,1,train,0.1660689413547516,0.8339310884475708
30445,0,1,0,1,train,0.11692090332508087,0.8830791115760803
30454,1,1,1,1,train,0.12274659425020218,0.8772534728050232
30461,0,1,0,1,train,0.14447370171546936,0.8555262684822083
30478,1,1,1,1,train,0.11729350686073303,0.8827065229415894
30479,1,1,1,1,train,0.18183405697345734,0.8181659579277039
30480,1,1,1,1,train,0.20747415721416473,0.7925258278846741
30481,0,1,0,1,train,0.13279543817043304,0.867204487323761
30482,0,1,0,1,train,0.1213783472776413,0.8786216974258423
30492,1,1,1,1,train,0.1165962815284729,0.8834037184715271
30493,1,1,1,1,train,0.12052761763334274,0.8794723749160767
30496,0,1,0,1,train,0.16198478639125824,0.8380152583122253
30506,0,1,0,1,train,0.2082124948501587,0.7917875051498413
30511,1,1,1,1,train,0.16073696315288544,0.8392630815505981
30535,1,1,1,1,train,0.15525707602500916,0.8447428941726685
30547,0,1,0,1,train,0.1178729310631752,0.8821271061897278
30548,0,1,0,1,train,0.11300192773342133,0.8869981169700623
30549,0,1,0,1,train,0.1135542020201683,0.8864458203315735
30558,1,1,1,1,train,0.19586262106895447,0.8041373491287231
30562,0,1,0,1,train,0.13684922456741333,0.8631507158279419
30563,0,1,0,1,train,0.2494267076253891,0.7505732774734497
30564,0,1,0,1,train,0.26200661063194275,0.7379933595657349
30578,1,1,1,1,train,0.181931734085083,0.818068265914917
30590,1,1,1,1,train,0.1332959681749344,0.866703987121582
30591,1,1,1,1,train,0.1192871481180191,0.8807128071784973
30593,1,1,1,1,train,0.1900884211063385,0.8099115490913391
30594,1,1,1,1,train,0.10978161543607712,0.8902183771133423
30608,1,1,1,1,train,0.09888821095228195,0.9011117815971375
30609,1,1,1,1,train,0.10469966381788254,0.8953003287315369
30610,1,1,1,1,train,0.16938072443008423,0.8306193351745605
30613,0,1,0,1,train,0.20989856123924255,0.7901014089584351
30627,1,1,1,1,train,0.121640145778656,0.878359854221344
30633,1,1,1,1,train,0.15332655608654022,0.8466734886169434
30641,1,1,1,1,train,0.18866518139839172,0.8113347887992859
30645,1,1,1,1,train,0.18512952327728271,0.8148704171180725
30653,0,1,0,1,train,0.13915836811065674,0.8608416318893433
30657,1,1,1,1,train,0.15439453721046448,0.8456054329872131
30672,0,1,0,1,train,0.12689518928527832,0.8731048703193665
30676,1,1,1,1,train,0.23097993433475494,0.7690200805664062
30692,1,1,1,1,train,0.16514113545417786,0.8348588347434998
30700,1,1,1,1,train,0.20257125794887543,0.7974287867546082
30701,1,1,1,1,train,0.2346992939710617,0.7653006911277771
30706,1,1,1,1,train,0.13476687669754028,0.8652331233024597
30708,1,1,1,1,train,0.2226993888616562,0.7773005962371826
30747,0,1,0,1,train,0.1557726114988327,0.8442273736000061
30772,0,1,0,1,train,0.19085130095481873,0.8091486692428589
30773,0,1,0,1,train,0.13113152980804443,0.8688684701919556
30774,0,1,0,1,train,0.17972953617572784,0.8202705383300781
30794,0,1,0,1,train,0.20587943494319916,0.7941205501556396
30801,1,1,1,1,train,0.11268196254968643,0.8873180150985718
30806,0,1,0,1,train,0.21714097261428833,0.7828589677810669
30816,0,0,0,0,train,0.922795295715332,0.0772046372294426
30872,0,1,0,1,train,0.24809198081493378,0.7519080638885498
30904,0,1,0,1,train,0.30743539333343506,0.6925646066665649
30988,1,1,1,1,train,0.1642846167087555,0.8357154130935669
31103,0,1,0,1,train,0.09891770780086517,0.9010823369026184
31169,1,1,1,1,train,0.17705309391021729,0.8229469060897827
31213,1,1,1,1,train,0.17093732953071594,0.8290627002716064
31214,1,1,1,1,train,0.11254721879959106,0.8874527215957642
31215,1,1,1,1,train,0.1651982069015503,0.8348018527030945
31216,0,1,0,1,train,0.10863583534955978,0.8913642168045044
31220,1,1,1,1,train,0.14255088567733765,0.8574491143226624
31242,1,1,1,1,train,0.22654996812343597,0.7734499573707581
31247,1,1,1,1,train,0.18374311923980713,0.8162568807601929
31258,1,1,1,1,train,0.11335843801498413,0.8866415619850159
31265,1,1,1,1,train,0.11457448452711105,0.8854255080223083
31268,0,0,0,0,train,0.9306179881095886,0.06938205659389496
31308,1,1,1,1,train,0.17805956304073334,0.8219404220581055
31312,1,1,1,1,train,0.17044581472873688,0.8295542001724243
31339,0,1,0,1,train,0.12600940465927124,0.8739905953407288
31340,0,1,0,1,train,0.13965575397014618,0.8603442907333374
31409,1,1,1,1,train,0.1785159707069397,0.8214840292930603
31419,1,1,1,1,train,0.1365044116973877,0.8634956479072571
31420,1,1,1,1,train,0.10750329494476318,0.8924967050552368
31433,0,1,0,1,train,0.17553898692131042,0.8244609832763672
31442,1,1,1,1,train,0.10015508532524109,0.8998448848724365
31445,0,1,0,1,train,0.10758926719427109,0.8924106955528259
31453,1,1,1,1,train,0.19650548696517944,0.8034945130348206
31457,1,1,1,1,train,0.09659399092197418,0.903406023979187
31458,1,1,1,1,train,0.13012544810771942,0.8698745369911194
31464,1,1,1,1,train,0.18170545995235443,0.8182945251464844
31465,1,1,1,1,train,0.15513360500335693,0.8448664546012878
31468,1,1,1,1,train,0.1803753823041916,0.8196246027946472
31469,1,1,1,1,train,0.14785833656787872,0.8521416783332825
31479,1,1,1,1,train,0.14877140522003174,0.8512285351753235
31491,1,1,1,1,train,0.11230431497097015,0.8876956701278687
31497,0,1,0,1,train,0.1998414844274521,0.8001585006713867
31517,1,1,1,1,train,0.10232601314783096,0.8976739645004272
31524,1,1,1,1,train,0.09683490544557571,0.9031650424003601
31527,1,1,1,1,train,0.11232799291610718,0.8876720070838928
31530,0,1,0,1,train,0.14728134870529175,0.8527186512947083
31537,1,1,1,1,train,0.12718282639980316,0.8728172183036804
31538,1,1,1,1,train,0.10800039768218994,0.8919996023178101
31540,1,1,1,1,train,0.17881321907043457,0.8211867809295654
31544,1,1,1,1,train,0.15301857888698578,0.846981406211853
31548,0,1,0,1,train,0.3701958954334259,0.6298041343688965
31552,1,1,1,1,train,0.125656858086586,0.8743431568145752
31557,0,1,0,1,train,0.22587917745113373,0.7741207480430603
31567,1,1,1,1,train,0.19712288677692413,0.8028771281242371
31572,1,1,1,1,train,0.13485179841518402,0.8651482462882996
31575,1,1,1,1,train,0.15022370219230652,0.8497762680053711
31588,1,1,1,1,train,0.11628858745098114,0.8837114572525024
31592,1,1,1,1,train,0.1069461852312088,0.8930538296699524
31597,0,1,0,1,train,0.15785500407218933,0.8421450257301331
31615,0,1,0,1,train,0.1427008956670761,0.8572990894317627
31616,0,1,0,1,train,0.17972584068775177,0.8202742338180542
31617,0,1,0,1,train,0.21241717040538788,0.7875828742980957
31621,0,1,0,1,train,0.16463004052639008,0.8353699445724487
31622,1,1,1,1,train,0.11734949797391891,0.8826504945755005
31623,0,1,0,1,train,0.28583693504333496,0.714163064956665
31624,0,1,0,1,train,0.19230586290359497,0.807694137096405
31629,1,1,1,1,train,0.15652982890605927,0.8434702157974243
31635,1,1,1,1,train,0.15476326644420624,0.8452367782592773
31636,1,1,1,1,train,0.16721339523792267,0.8327866196632385
31646,1,1,1,1,train,0.11377210170030594,0.8862279057502747
31650,1,1,1,1,train,0.11305174231529236,0.88694828748703
31670,1,1,1,1,train,0.2041076272726059,0.7958924174308777
31671,1,1,1,1,train,0.171649768948555,0.8283501863479614
31679,1,1,1,1,train,0.14709453284740448,0.8529054522514343
31694,0,1,0,1,train,0.13009026646614075,0.8699097037315369
31711,0,1,0,1,train,0.16329342126846313,0.8367065191268921
31712,1,1,1,1,train,0.12211044877767563,0.8778895735740662
31713,1,1,1,1,train,0.12172802537679672,0.8782720565795898
31732,1,1,1,1,train,0.18807052075862885,0.8119294047355652
31737,0,1,0,1,train,0.24813498556613922,0.751865029335022
31756,1,1,1,1,train,0.1454724818468094,0.8545275330543518
31763,1,1,1,1,train,0.1832101196050644,0.8167898058891296
31764,1,1,1,1,train,0.1048937439918518,0.8951062560081482
31774,1,1,1,1,train,0.09807316958904266,0.9019268751144409
31775,1,1,1,1,train,0.11794056743383408,0.8820593953132629
31779,1,1,1,1,train,0.11318928003311157,0.8868107199668884
31786,1,1,1,1,train,0.1346811205148697,0.8653188943862915
31804,1,1,1,1,train,0.12646877765655518,0.8735312819480896
31807,1,1,1,1,train,0.11229920387268066,0.8877007365226746
31819,1,1,1,1,train,0.10117778927087784,0.8988222479820251
31821,0,0,0,0,train,0.9759893417358398,0.02401065081357956
31826,0,0,0,0,train,0.9766835570335388,0.02331639640033245
31827,0,0,0,0,train,0.9797122478485107,0.020287711173295975
31828,0,0,0,0,train,0.9391940832138062,0.06080595403909683
31829,0,0,0,0,train,0.9762044548988342,0.02379550226032734
31830,0,0,0,0,train,0.9790161848068237,0.020983833819627762
31831,0,0,0,0,train,0.9792694449424744,0.02073052152991295
31832,0,0,0,0,train,0.9781414866447449,0.021858500316739082
31833,0,0,0,0,train,0.9760613441467285,0.023938694968819618
31834,0,0,0,0,train,0.9792094230651855,0.02079053595662117
31835,0,0,0,0,train,0.9308629035949707,0.06913704425096512
31838,0,0,0,0,train,0.9747211337089539,0.02527887001633644
31839,0,0,0,0,train,0.9755065441131592,0.024493517354130745
31840,0,0,0,0,train,0.9723845720291138,0.02761547453701496
31841,0,0,0,0,train,0.9739654660224915,0.02603451907634735
31842,0,0,0,0,train,0.8580377101898193,0.14196236431598663
31847,0,0,0,0,train,0.9766562581062317,0.023343786597251892
31849,1,0,1,0,train,0.9563726782798767,0.04362726956605911
31850,0,0,0,0,train,0.9379585385322571,0.06204146519303322
31851,1,0,1,0,train,0.9698390364646912,0.03016098029911518
31852,0,0,0,0,train,0.973785400390625,0.02621460147202015
31853,0,0,0,0,train,0.9289620518684387,0.07103801518678665
31854,0,0,0,0,train,0.9831794500350952,0.016820529475808144
31855,0,0,0,0,train,0.9771854281425476,0.022814597934484482
31856,0,0,0,0,train,0.9578439593315125,0.04215604439377785
31857,1,0,1,0,train,0.88778156042099,0.11221842467784882
31858,0,0,0,0,train,0.7049464583396912,0.29505351185798645
31859,0,0,0,0,train,0.9688392281532288,0.03116076998412609
31860,0,0,0,0,train,0.9396517872810364,0.06034824252128601
31861,0,0,0,0,train,0.9572382569313049,0.04276180639863014
31862,0,0,0,0,train,0.9503216743469238,0.04967840015888214
31863,0,0,0,0,train,0.9570985436439514,0.04290140047669411
31864,0,0,0,0,train,0.9732523560523987,0.026747610419988632
31865,0,0,0,0,train,0.9559807777404785,0.044019199907779694
31866,0,0,0,0,train,0.9640970826148987,0.03590292111039162
31867,0,0,0,0,train,0.8755238056182861,0.12447619438171387
31868,0,0,0,0,train,0.9507887959480286,0.049211177974939346
31869,1,0,1,0,train,0.690301775932312,0.3096981644630432
31870,0,0,0,0,train,0.9111849069595337,0.08881504088640213
31871,0,0,0,0,train,0.926914632320404,0.07308541238307953
31872,0,0,0,0,train,0.9439941644668579,0.056005753576755524
31875,0,0,0,0,train,0.9573575258255005,0.04264247789978981
31876,0,0,0,0,train,0.9021431803703308,0.09785683453083038
31882,0,0,0,0,train,0.8035764694213867,0.19642353057861328
31883,0,0,0,0,train,0.9761173725128174,0.023882683366537094
31884,1,0,1,0,train,0.5608357191085815,0.43916428089141846
31885,1,0,1,0,train,0.9398461580276489,0.06015387549996376
31886,0,0,0,0,train,0.977388858795166,0.02261117286980152
31887,0,0,0,0,train,0.889197587966919,0.11080245673656464
31888,0,0,0,0,train,0.9555851221084595,0.044414862990379333
31889,0,0,0,0,train,0.969632089138031,0.030367949977517128
31890,0,0,0,0,train,0.9732958078384399,0.026704149320721626
31891,0,0,0,0,train,0.9347072839736938,0.06529274582862854
31892,0,0,0,0,train,0.9729413390159607,0.02705864980816841
31893,0,0,0,0,train,0.927766740322113,0.07223322242498398
31894,0,0,0,0,train,0.9640759229660034,0.03592408820986748
31895,0,0,0,0,train,0.9614948630332947,0.0385051965713501
31896,0,0,0,0,train,0.9312493801116943,0.06875061243772507
31897,1,0,1,0,train,0.7633635401725769,0.23663650453090668
31898,0,0,0,0,train,0.974477231502533,0.02552281878888607
31899,0,0,0,0,train,0.9744828939437866,0.025517046451568604
31900,0,0,0,0,train,0.9776411652565002,0.022358829155564308
31901,0,0,0,0,train,0.9773746132850647,0.02262532338500023
31902,0,0,0,0,train,0.9744914770126343,0.025508493185043335
31903,0,0,0,0,train,0.982609748840332,0.01739022694528103
31904,0,0,0,0,train,0.9641895294189453,0.03581041470170021
31905,0,0,0,0,train,0.8682990074157715,0.1317010223865509
31906,0,0,0,0,train,0.9218475222587585,0.07815245538949966
31907,0,0,0,0,train,0.9788048267364502,0.02119513228535652
31908,1,0,1,0,train,0.738078773021698,0.2619211971759796
31909,1,0,1,0,train,0.9245126247406006,0.0754873976111412
31913,0,0,0,0,train,0.9239298701286316,0.07607011497020721
31914,1,0,1,0,train,0.5294880270957947,0.47051194310188293
31915,0,0,0,0,train,0.9619585871696472,0.03804139047861099
31916,0,0,0,0,train,0.8824279308319092,0.11757207661867142
31918,1,1,1,1,train,0.43753382563591003,0.5624662637710571
31919,1,0,1,0,train,0.9294878244400024,0.07051217555999756
31920,0,0,0,0,train,0.9137052297592163,0.0862947478890419
31921,1,0,1,0,train,0.941961407661438,0.05803858861327171
31923,0,0,0,0,train,0.8743535280227661,0.1256464570760727
31924,0,0,0,0,train,0.8474457859992981,0.1525541990995407
31925,0,0,0,0,train,0.9690122008323669,0.03098773956298828
31926,0,0,0,0,train,0.9583452939987183,0.04165473207831383
31927,0,0,0,0,train,0.8679371476173401,0.1320628523826599
31928,0,0,0,0,train,0.9490157961845398,0.05098413676023483
31929,0,0,0,0,train,0.9400489926338196,0.059950970113277435
31930,0,0,0,0,train,0.9566486477851868,0.043351322412490845
31931,0,0,0,0,train,0.9793636202812195,0.020636338740587234
31932,0,0,0,0,train,0.9826205372810364,0.017379499971866608
31933,1,0,1,0,train,0.850658655166626,0.14934128522872925
31934,1,0,1,0,train,0.8143207430839539,0.18567921221256256
31936,0,0,0,0,train,0.9713825583457947,0.028617456555366516
31937,0,0,0,0,train,0.9788870811462402,0.021112939342856407
31938,0,0,0,0,train,0.9809613823890686,0.019038628786802292
31939,0,0,0,0,train,0.8687449097633362,0.13125501573085785
31940,1,0,1,0,train,0.7541815042495728,0.24581846594810486
31941,0,0,0,0,train,0.5028483271598816,0.4971516728401184
31942,1,0,1,0,train,0.7234897017478943,0.2765102684497833
31943,0,0,0,0,train,0.8960708975791931,0.1039290651679039
31944,0,0,0,0,train,0.9670529365539551,0.03294700011610985
31945,0,0,0,0,train,0.932751476764679,0.06724850088357925
31946,0,0,0,0,train,0.934644877910614,0.0653550922870636
31947,0,0,0,0,train,0.9287875890731812,0.07121240347623825
31948,0,0,0,0,train,0.9719608426094055,0.028039220720529556
31953,0,0,0,0,train,0.9734569787979126,0.026543013751506805
31954,0,0,0,0,train,0.9733690023422241,0.026631008833646774
31961,0,0,0,0,train,0.822277843952179,0.17772214114665985
31962,0,0,0,0,train,0.7313465476036072,0.26865339279174805
31963,0,0,0,0,train,0.8515927195549011,0.1484072506427765
31964,0,0,0,0,train,0.9706611633300781,0.029338806867599487
31965,0,0,0,0,train,0.8600389361381531,0.13996104896068573
31966,0,0,0,0,train,0.9561285376548767,0.04387146979570389
31967,1,0,1,0,train,0.9785991907119751,0.021400831639766693
31968,0,0,0,0,train,0.9738184213638306,0.02618161216378212
31969,1,0,1,0,train,0.9779245853424072,0.02207539975643158
31970,0,0,0,0,train,0.9037467241287231,0.09625325351953506
31971,0,0,0,0,train,0.9608126282691956,0.03918743506073952
31972,0,0,0,0,train,0.9436585307121277,0.05634146183729172
31974,0,0,0,0,train,0.9570359587669373,0.04296395927667618
31977,0,0,0,0,train,0.9605512022972107,0.03944877162575722
31978,0,0,0,0,train,0.6934208869934082,0.306579053401947
31979,0,0,0,0,train,0.8493574857711792,0.150642529129982
31982,0,0,0,0,train,0.8869053721427917,0.11309466511011124
31983,0,0,0,0,train,0.8957369327545166,0.10426300764083862
31984,0,0,0,0,train,0.9690420031547546,0.030958037823438644
31985,0,0,0,0,train,0.9724056720733643,0.027594365179538727
31986,0,0,0,0,train,0.8650518655776978,0.13494807481765747
31987,0,0,0,0,train,0.6442986130714417,0.35570135712623596
31988,0,0,0,0,train,0.8790517449378967,0.12094822525978088
31991,0,0,0,0,train,0.963640570640564,0.036359384655952454
31994,0,0,0,0,train,0.9826542735099792,0.01734567992389202
31995,1,0,1,0,train,0.6401118636131287,0.35988813638687134
31996,1,0,1,0,train,0.8500761985778809,0.14992381632328033
31997,0,0,0,0,train,0.9396194815635681,0.06038053333759308
31998,0,0,0,0,train,0.9598062634468079,0.04019367694854736
31999,0,0,0,0,train,0.8542366027832031,0.1457633674144745
32001,0,0,0,0,train,0.9009538888931274,0.09904611110687256
32002,0,0,0,0,train,0.9380181431770325,0.061981845647096634
32003,0,0,0,0,train,0.9588459134101868,0.041154153645038605
32004,0,0,0,0,train,0.9486958980560303,0.05130413547158241
32005,0,0,0,0,train,0.9793603420257568,0.020639663562178612
32006,0,0,0,0,train,0.97377610206604,0.02622387744486332
32008,0,0,0,0,train,0.9741072058677673,0.025892827659845352
32009,0,1,0,1,train,0.44047054648399353,0.5595294237136841
32010,1,0,1,0,train,0.5653062462806702,0.43469372391700745
32011,1,0,1,0,train,0.6503225564956665,0.34967750310897827
32012,1,0,1,0,train,0.8379839062690735,0.1620161086320877
32013,0,0,0,0,train,0.9539696574211121,0.04603032022714615
32014,0,0,0,0,train,0.9229140877723694,0.07708588242530823
32016,1,0,1,0,train,0.9433139562606812,0.056686047464609146
32018,0,0,0,0,train,0.923525333404541,0.07647459954023361
32019,0,0,0,0,train,0.9466232657432556,0.05337673798203468
32021,0,0,0,0,train,0.948009729385376,0.0519903302192688
32022,0,0,0,0,train,0.9479250907897949,0.05207495763897896
32023,0,0,0,0,train,0.928851842880249,0.0711480900645256
32024,0,0,0,0,train,0.9739043116569519,0.026095636188983917
32025,1,0,1,0,train,0.8409373164176941,0.1590627133846283
32026,1,0,1,0,train,0.8419113755226135,0.1580885946750641
32027,0,0,0,0,train,0.8115336298942566,0.1884663701057434
32028,0,0,0,0,train,0.8651484847068787,0.13485151529312134
32029,0,0,0,0,train,0.8793745636940002,0.12062540650367737
32030,0,0,0,0,train,0.8803331851959229,0.11966679990291595
32031,0,0,0,0,train,0.8796542286872864,0.12034574896097183
32032,0,0,0,0,train,0.7680111527442932,0.2319888025522232
32033,0,0,0,0,train,0.9761241674423218,0.023875784128904343
32038,0,0,0,0,train,0.9653530120849609,0.03464696183800697
32042,0,0,0,0,train,0.9552507400512695,0.04474928602576256
32043,0,0,0,0,train,0.932125449180603,0.06787455081939697
32044,0,0,0,0,train,0.9637550711631775,0.036244966089725494
32045,0,0,0,0,train,0.9709041714668274,0.029095808044075966
32046,0,0,0,0,train,0.9785449504852295,0.021454982459545135
32047,1,0,1,0,train,0.9012641310691833,0.09873580932617188
32049,0,0,0,0,train,0.6069076061248779,0.3930923342704773
32050,0,0,0,0,train,0.7882462739944458,0.21175380051136017
32051,0,0,0,0,train,0.9246518611907959,0.0753481462597847
32052,0,0,0,0,train,0.9644765257835388,0.03552350774407387
32053,0,0,0,0,train,0.9633669257164001,0.03663306683301926
32054,0,0,0,0,train,0.9742342829704285,0.025765717029571533
32055,1,0,1,0,train,0.9546204805374146,0.045379508286714554
32056,1,0,1,0,train,0.8437923192977905,0.1562076359987259
32057,0,0,0,0,train,0.9632458090782166,0.03675423935055733
32059,0,0,0,0,train,0.6456992030143738,0.3543008267879486
32060,0,0,0,0,train,0.8559420704841614,0.144057959318161
32061,0,0,0,0,train,0.8585801720619202,0.14141984283924103
32062,0,0,0,0,train,0.8572092652320862,0.14279070496559143
32063,0,0,0,0,train,0.9537761211395264,0.04622388631105423
32064,0,0,0,0,train,0.9722533822059631,0.027746601030230522
32065,0,0,0,0,train,0.9476618766784668,0.05233814939856529
32066,0,0,0,0,train,0.9850569367408752,0.014943069778382778
32067,0,0,0,0,train,0.9847134947776794,0.015286487527191639
32068,0,0,0,0,train,0.8216890692710876,0.17831096053123474
32069,1,1,1,1,train,0.4730989336967468,0.526901125907898
32070,0,0,0,0,train,0.8749514818191528,0.1250484734773636
32073,1,0,1,0,train,0.8490123748779297,0.1509876549243927
32076,0,0,0,0,train,0.6259763240814209,0.3740236759185791
32077,0,0,0,0,train,0.9349198937416077,0.06508015841245651
32078,0,0,0,0,train,0.978805422782898,0.021194633096456528
32080,0,0,0,0,train,0.5029082894325256,0.49709171056747437
32082,0,0,0,0,train,0.9430191516876221,0.05698082968592644
32083,1,0,1,0,train,0.5029572248458862,0.49704280495643616
32084,1,0,1,0,train,0.6041966080665588,0.39580342173576355
32085,1,0,1,0,train,0.8372149467468262,0.1627851128578186
32086,1,1,1,1,train,0.3847755491733551,0.6152244210243225
32087,0,0,0,0,train,0.9547877907752991,0.045212216675281525
32088,0,0,0,0,train,0.9061630964279175,0.09383693337440491
32089,0,0,0,0,train,0.8764781951904297,0.12352179735898972
32090,0,0,0,0,train,0.9557814598083496,0.044218581169843674
32091,0,0,0,0,train,0.722355306148529,0.27764469385147095
32092,0,0,0,0,train,0.9790928363800049,0.020907120779156685
32093,1,0,1,0,train,0.6795270442962646,0.32047298550605774
32094,0,0,0,0,train,0.5598052144050598,0.4401948153972626
32095,0,1,0,1,train,0.3528079092502594,0.647192120552063
32096,0,0,0,0,train,0.5676822066307068,0.43231773376464844
32097,0,0,0,0,train,0.8162840008735657,0.18371595442295074
32098,0,0,0,0,train,0.9179990887641907,0.08200086653232574
32099,0,0,0,0,train,0.9678829908370972,0.03211703151464462
32100,0,0,0,0,train,0.901218831539154,0.09878111630678177
32101,0,0,0,0,train,0.9547495245933533,0.04525046423077583
32102,0,0,0,0,train,0.9556711316108704,0.044328875839710236
32103,1,0,1,0,train,0.8031560182571411,0.19684401154518127
32104,0,0,0,0,train,0.9218133091926575,0.07818669825792313
32105,0,0,0,0,train,0.9774073362350464,0.022592749446630478
32106,0,0,0,0,train,0.7724622488021851,0.22753770649433136
32107,0,0,0,0,train,0.9640121459960938,0.03598792105913162
32108,0,0,0,0,train,0.9642584919929504,0.035741519182920456
32109,0,0,0,0,train,0.9721528887748718,0.027847174555063248
32110,0,0,0,0,train,0.9640964269638062,0.035903532058000565
32111,0,0,0,0,train,0.9644584655761719,0.03554150462150574
32112,0,0,0,0,train,0.9721954464912415,0.027804486453533173
32115,0,0,0,0,train,0.9756898880004883,0.024310071021318436
32116,0,0,0,0,train,0.9093583226203918,0.09064161777496338
32117,0,0,0,0,train,0.7832686901092529,0.21673132479190826
32118,0,0,0,0,train,0.9483814239501953,0.05161861702799797
32119,0,0,0,0,train,0.9674395322799683,0.03256049379706383
32121,0,0,0,0,train,0.9680629372596741,0.031937044113874435
32123,0,0,0,0,train,0.9292507767677307,0.0707492083311081
32124,0,0,0,0,train,0.9422169327735901,0.0577830970287323
32125,0,0,0,0,train,0.9750605821609497,0.024939393624663353
32126,0,0,0,0,train,0.9729835391044617,0.027016449719667435
32127,0,0,0,0,train,0.9751665592193604,0.024833401665091515
32128,0,0,0,0,train,0.9757503867149353,0.02424958534538746
32129,0,0,0,0,train,0.97122722864151,0.028772832825779915
32130,1,0,1,0,train,0.9303848743438721,0.06961505115032196
32131,0,0,0,0,train,0.5871801972389221,0.41281986236572266
32132,0,0,0,0,train,0.9398489594459534,0.060151029378175735
32133,0,0,0,0,train,0.9228957891464233,0.07710413634777069
32134,0,0,0,0,train,0.9822576642036438,0.017742356285452843
32135,0,0,0,0,train,0.9749279022216797,0.025072136893868446
32136,0,0,0,0,train,0.898794949054718,0.10120504349470139
32137,0,0,0,0,train,0.8033691048622131,0.19663093984127045
32138,0,0,0,0,train,0.7877131700515747,0.21228687465190887
32140,0,0,0,0,train,0.7785964012145996,0.22140353918075562
32141,0,0,0,0,train,0.8914658427238464,0.10853419452905655
32142,0,0,0,0,train,0.91801518201828,0.08198479562997818
32143,0,0,0,0,train,0.6956999897956848,0.3043000102043152
32144,0,0,0,0,train,0.865422785282135,0.13457722961902618
32145,1,1,1,1,train,0.333456814289093,0.6665431261062622
32146,1,1,1,1,train,0.4891941249370575,0.5108058452606201
32147,0,0,0,0,train,0.9705603122711182,0.02943972870707512
32148,1,0,1,0,train,0.7955049276351929,0.20449510216712952
32152,0,0,0,0,train,0.9439274668693542,0.05607247352600098
32155,0,0,0,0,train,0.9591631889343262,0.04083682596683502
32157,0,0,0,0,train,0.8716273903846741,0.1283726692199707
32158,0,0,0,0,train,0.9225028157234192,0.07749713212251663
32159,0,0,0,0,train,0.9450166821479797,0.05498328059911728
32160,0,0,0,0,train,0.8366672992706299,0.16333268582820892
32161,0,0,0,0,train,0.9469656348228455,0.05303437262773514
32162,0,0,0,0,train,0.9454968571662903,0.0545031800866127
32163,0,0,0,0,train,0.9093888401985168,0.09061123430728912
32164,0,0,0,0,train,0.9133698344230652,0.08663009852170944
32165,1,0,1,0,train,0.9708251357078552,0.029174812138080597
32166,0,0,0,0,train,0.8130207061767578,0.18697921931743622
32167,1,0,1,0,train,0.5968008041381836,0.4031992554664612
32168,1,0,1,0,train,0.8148412108421326,0.18515871465206146
32169,0,0,0,0,train,0.9621724486351013,0.03782760724425316
32170,0,0,0,0,train,0.5692769885063171,0.43072301149368286
32171,0,1,0,1,train,0.4714345633983612,0.5285654664039612
32172,0,1,0,1,train,0.3459972143173218,0.6540027260780334
32173,0,0,0,0,train,0.6780841946601868,0.321915864944458
32174,1,0,1,0,train,0.6626576781272888,0.3373423218727112
32175,1,1,1,1,train,0.4388212561607361,0.5611786842346191
32176,1,1,1,1,train,0.4981251358985901,0.5018748641014099
32177,0,0,0,0,train,0.5987924337387085,0.4012075960636139
32178,0,0,0,0,train,0.5753365159034729,0.4246634542942047
32179,0,0,0,0,train,0.9101703763008118,0.08982964605093002
32180,0,0,0,0,train,0.8996680378913879,0.10033201426267624
32181,0,0,0,0,train,0.6848114132881165,0.31518858671188354
32182,0,0,0,0,train,0.8146564364433289,0.18534356355667114
32183,0,1,0,1,train,0.4180246591567993,0.5819753408432007
32184,0,0,0,0,train,0.9007189273834229,0.09928109496831894
32185,0,0,0,0,train,0.8090509176254272,0.19094912707805634
32186,0,0,0,0,train,0.6093003153800964,0.39069968461990356
32188,0,0,0,0,train,0.956916332244873,0.04308369383215904
32189,0,0,0,0,train,0.9454091787338257,0.05459078401327133
32190,0,0,0,0,train,0.9206647872924805,0.07933519780635834
32191,0,0,0,0,train,0.9292840361595154,0.07071595638990402
32193,0,0,0,0,train,0.9662278890609741,0.03377208858728409
32194,0,0,0,0,train,0.9616498351097107,0.03835013508796692
32195,0,0,0,0,train,0.606608510017395,0.39339151978492737
32196,0,0,0,0,train,0.9256728291511536,0.0743272453546524
32197,0,0,0,0,train,0.9413547515869141,0.05864527076482773
32199,1,1,1,1,train,0.3540576994419098,0.6459423899650574
32200,1,0,1,0,train,0.5117421746253967,0.4882577955722809
32201,1,0,1,0,train,0.6537441611289978,0.3462558090686798
32202,1,0,1,0,train,0.6520750522613525,0.3479248881340027
32203,0,0,0,0,train,0.8577572703361511,0.1422426998615265
32204,0,0,0,0,train,0.7706169486045837,0.2293829768896103
32205,0,0,0,0,train,0.9691188931465149,0.030881132930517197
32206,0,0,0,0,train,0.95341557264328,0.04658445343375206
32207,0,0,0,0,train,0.9672957062721252,0.03270426765084267
32208,1,0,1,0,train,0.9165436625480652,0.08345638960599899
32209,0,0,0,0,train,0.9747323393821716,0.02526761405169964
32210,0,0,0,0,train,0.9639865159988403,0.036013420671224594
32211,1,0,1,0,train,0.8850064277648926,0.11499358713626862
32212,1,0,1,0,train,0.945692241191864,0.0543077252805233
32213,0,0,0,0,train,0.7767119407653809,0.22328802943229675
32214,1,0,1,0,train,0.9361604452133179,0.06383953243494034
32215,1,1,1,1,train,0.4671518802642822,0.5328481197357178
32216,0,0,0,0,train,0.8771032094955444,0.12289682775735855
32217,0,0,0,0,train,0.8671824336051941,0.13281752169132233
32218,0,0,0,0,train,0.9595832824707031,0.04041670635342598
32219,0,0,0,0,train,0.9592339396476746,0.04076606035232544
32220,0,0,0,0,train,0.9719485640525818,0.028051510453224182
32221,1,0,1,0,train,0.8728551864624023,0.12714484333992004
32222,0,0,0,0,train,0.9705010056495667,0.0294989924877882
32226,1,1,1,1,train,0.41461801528930664,0.5853820443153381
32227,0,0,0,0,train,0.8989570736885071,0.1010429635643959
32228,0,0,0,0,train,0.9389160871505737,0.061083849519491196
32229,1,0,1,0,train,0.9362636804580688,0.06373630464076996
32230,0,0,0,0,train,0.9002358317375183,0.09976416081190109
32231,0,0,0,0,train,0.9245819449424744,0.07541810721158981
32232,0,0,0,0,train,0.9267557263374329,0.07324431091547012
32233,0,0,0,0,train,0.9195194840431213,0.08048050105571747
32234,0,0,0,0,train,0.977013111114502,0.022986965253949165
32238,0,0,0,0,train,0.9206961393356323,0.0793038159608841
32241,0,0,0,0,train,0.7734320759773254,0.22656789422035217
32242,1,0,1,0,train,0.847829282283783,0.15217073261737823
32243,1,0,1,0,train,0.7224540710449219,0.27754589915275574
32244,0,0,0,0,train,0.9792914986610413,0.020708560943603516
32245,0,0,0,0,train,0.792069673538208,0.2079302966594696
32246,0,0,0,0,train,0.9713094234466553,0.02869052067399025
32247,0,0,0,0,train,0.9825060367584229,0.01749398745596409
32248,0,0,0,0,train,0.9635143280029297,0.03648564964532852
32249,0,0,0,0,train,0.9704900979995728,0.029509900137782097
32250,0,0,0,0,train,0.9739511609077454,0.026048902422189713
32251,0,0,0,0,train,0.9790583252906799,0.02094166912138462
32254,0,0,0,0,train,0.9812695980072021,0.018730362877249718
32255,0,0,0,0,train,0.9749928116798401,0.025007214397192
32256,1,0,1,0,train,0.9686855673789978,0.03131445124745369
32257,0,0,0,0,train,0.9324536919593811,0.0675463005900383
32258,0,0,0,0,train,0.9665589928627014,0.03344094753265381
32259,0,0,0,0,train,0.9704044461250305,0.029595542699098587
32262,0,0,0,0,train,0.9590949416160583,0.04090509191155434
32263,0,0,0,0,train,0.9341330528259277,0.06586691737174988
32264,1,0,1,0,train,0.625223696231842,0.37477633357048035
32265,1,0,1,0,train,0.6763707399368286,0.3236292600631714
32266,0,0,0,0,train,0.8688433766365051,0.13115665316581726
32267,1,0,1,0,train,0.6987248063087463,0.3012751638889313
32268,1,1,1,1,train,0.438198447227478,0.5618016123771667
32270,0,0,0,0,train,0.9343231320381165,0.06567687541246414
32271,0,0,0,0,train,0.9684931039810181,0.03150688856840134
32272,1,0,1,0,train,0.6587775945663452,0.3412224054336548
32273,0,0,0,0,train,0.8918662667274475,0.1081337109208107
32274,0,0,0,0,train,0.9329063296318054,0.06709365546703339
32275,0,0,0,0,train,0.9729309678077698,0.0270689744502306
32276,0,0,0,0,train,0.9406629204750061,0.05933712050318718
32277,0,0,0,0,train,0.9603580832481384,0.0396418496966362
32278,0,0,0,0,train,0.9415388107299805,0.05846121907234192
32279,0,0,0,0,train,0.9084678888320923,0.09153208881616592
32280,0,0,0,0,train,0.9421008229255676,0.05789920315146446
32281,0,0,0,0,train,0.9428380131721497,0.05716194212436676
32284,0,0,0,0,train,0.9515880346298218,0.04841198772192001
32286,1,0,1,0,train,0.9103233814239502,0.08967660367488861
32287,1,0,1,0,train,0.8628937005996704,0.13710632920265198
32288,0,0,0,0,train,0.8498303294181824,0.15016967058181763
32289,0,0,0,0,train,0.901141881942749,0.09885817766189575
32290,1,0,1,0,train,0.8094642758369446,0.19053569436073303
32291,1,0,1,0,train,0.8691404461860657,0.13085950911045074
32292,1,0,1,0,train,0.753587543964386,0.246412456035614
32293,1,0,1,0,train,0.5883470177650452,0.41165298223495483
32294,1,0,1,0,train,0.8098096251487732,0.190190389752388
32296,1,1,1,1,train,0.23356926441192627,0.7664307355880737
32297,1,0,1,0,train,0.8844941258430481,0.11550580710172653
32298,0,0,0,0,train,0.5866225957870483,0.41337740421295166
32299,0,0,0,0,train,0.9525431990623474,0.047456808388233185
32300,0,0,0,0,train,0.9459473490715027,0.05405268445611
32301,0,0,0,0,train,0.7677179574966431,0.23228198289871216
32302,0,0,0,0,train,0.8847118020057678,0.11528817564249039
32303,0,0,0,0,train,0.9372866749763489,0.06271333247423172
32304,0,0,0,0,train,0.9209471940994263,0.07905274629592896
32305,0,0,0,0,train,0.9472713470458984,0.05272867903113365
32306,0,0,0,0,train,0.9517296552658081,0.04827040061354637
32307,0,0,0,0,train,0.7741676568984985,0.22583241760730743
32308,0,0,0,0,train,0.9186890125274658,0.0813109502196312
32309,0,0,0,0,train,0.8156830668449402,0.184316948056221
32310,0,0,0,0,train,0.6898629665374756,0.3101370632648468
32311,1,0,1,0,train,0.6310680508613586,0.36893200874328613
32312,1,0,1,0,train,0.5110080242156982,0.488991916179657
32316,0,0,0,0,train,0.9379836320877075,0.06201633810997009
32321,1,1,1,1,train,0.48108741641044617,0.5189124941825867
32322,1,0,1,0,train,0.9154802560806274,0.08451968431472778
32323,0,0,0,0,train,0.9500927329063416,0.04990731179714203
32324,0,0,0,0,train,0.7703279852867126,0.22967199981212616
32325,1,1,1,1,train,0.33499741554260254,0.6650025844573975
32326,0,0,0,0,train,0.948663055896759,0.05133698880672455
32327,0,0,0,0,train,0.8844607472419739,0.11553923040628433
32328,0,0,0,0,train,0.9639978408813477,0.036002133041620255
32329,0,0,0,0,train,0.9703788757324219,0.029621170833706856
32330,1,1,1,1,train,0.42475244402885437,0.575247585773468
32331,0,0,0,0,train,0.9712327122688293,0.028767287731170654
32332,0,0,0,0,train,0.9703639149665833,0.029636049643158913
32333,0,0,0,0,train,0.9775036573410034,0.022496281191706657
32334,0,0,0,0,train,0.9681826829910278,0.03181734308600426
32335,0,0,0,0,train,0.9588298797607422,0.04117016866803169
32336,0,0,0,0,train,0.94675213098526,0.05324788764119148
32337,0,0,0,0,train,0.8726400136947632,0.12735998630523682
32338,0,0,0,0,train,0.9758672118186951,0.024132855236530304
32339,0,0,0,0,train,0.8440045118331909,0.1559954732656479
32340,1,1,1,1,train,0.3260909914970398,0.6739090085029602
32341,1,1,1,1,train,0.43568944931030273,0.5643105506896973
32342,1,0,1,0,train,0.7969475984573364,0.20305247604846954
32343,0,0,0,0,train,0.9657047986984253,0.034295208752155304
32345,0,0,0,0,train,0.9038954377174377,0.09610458463430405
32346,0,0,0,0,train,0.9515002369880676,0.04849976673722267
32347,0,0,0,0,train,0.7867406606674194,0.21325932443141937
32348,0,0,0,0,train,0.8645291924476624,0.13547080755233765
32349,0,0,0,0,train,0.9296613931655884,0.07033860683441162
32351,0,0,0,0,train,0.8418811559677124,0.15811887383460999
32353,1,1,1,1,train,0.37743234634399414,0.6225675940513611
32360,0,0,0,0,train,0.9242535829544067,0.07574638724327087
32369,0,0,0,0,train,0.9753826856613159,0.024617299437522888
32389,1,0,1,0,train,0.9487437009811401,0.05125622823834419
32448,0,0,0,0,train,0.972159743309021,0.027840254828333855
32485,0,0,0,0,train,0.8132494688034058,0.18675056099891663
32521,0,0,0,0,train,0.9667829871177673,0.03321695327758789
32527,0,0,0,0,train,0.9544082283973694,0.04559170827269554
32536,0,0,0,0,train,0.9811553955078125,0.018844569101929665
32545,0,0,0,0,train,0.9678894877433777,0.03211047872900963
32554,0,0,0,0,train,0.9324466586112976,0.0675533264875412
32610,0,0,0,0,train,0.9620442390441895,0.037955816835165024
32633,0,0,0,0,train,0.9361408352851868,0.0638592317700386
32644,0,0,0,0,train,0.9764252305030823,0.023574771359562874
32648,0,0,0,0,train,0.8815048336982727,0.11849521100521088
32706,0,0,0,0,train,0.9487968683242798,0.051203202456235886
32747,0,0,0,0,train,0.9610068798065186,0.03899307921528816
32756,0,0,0,0,train,0.9692093729972839,0.030790675431489944
32763,0,0,0,0,train,0.9333519339561462,0.06664799898862839
32784,0,0,0,0,train,0.9498496055603027,0.05015038326382637
12168,0,0,0,0,validation,0.9019477367401123,0.09805231541395187
12957,0,1,0,1,validation,0.47893282771110535,0.5210671424865723
13180,0,0,0,0,validation,0.805930495262146,0.19406947493553162
13626,0,0,0,0,validation,0.969576358795166,0.03042362816631794
13713,0,0,0,0,validation,0.912175714969635,0.08782421797513962
14899,1,0,1,0,validation,0.959843635559082,0.04015635326504707
14907,0,0,0,0,validation,0.6220213770866394,0.37797853350639343
15996,1,1,1,1,validation,0.3419634997844696,0.6580365300178528
16709,0,0,0,0,validation,0.9658715724945068,0.034128401428461075
16710,0,0,0,0,validation,0.9758316278457642,0.024168312549591064
16711,0,0,0,0,validation,0.9545748233795166,0.04542512819170952
17921,0,0,0,0,validation,0.942723274230957,0.057276759296655655
22259,0,1,0,1,validation,0.2892451584339142,0.7107548713684082
25395,0,1,0,1,validation,0.20514599978923798,0.7948540449142456
26143,1,1,1,1,validation,0.2939174175262451,0.7060825228691101
26304,1,1,1,1,validation,0.22257348895072937,0.777426540851593
27987,1,1,1,1,validation,0.1064835861325264,0.8935164213180542
28595,0,0,0,0,validation,0.964066207408905,0.03593380004167557
28596,0,0,0,0,validation,0.8747979998588562,0.1252019703388214
28786,0,0,0,0,validation,0.964813768863678,0.035186197608709335
29262,0,1,0,1,validation,0.1302417367696762,0.8697582483291626
30751,0,1,0,1,validation,0.1982768326997757,0.8017232418060303
30754,1,1,1,1,validation,0.18266914784908295,0.8173308372497559
30755,0,1,0,1,validation,0.13361555337905884,0.8663844466209412
30762,0,1,0,1,validation,0.19356323778629303,0.8064367771148682
31755,1,1,1,1,validation,0.1886260062456131,0.8113740682601929
31836,0,0,0,0,validation,0.9706332087516785,0.029366835951805115
31837,0,0,0,0,validation,0.9596070051193237,0.04039298743009567
31873,0,0,0,0,validation,0.8177497982978821,0.18225018680095673
31874,0,0,0,0,validation,0.9157204031944275,0.0842796191573143
31911,0,0,0,0,validation,0.9576398134231567,0.04236013814806938
31912,0,0,0,0,validation,0.9445933103561401,0.05540670454502106
31922,0,0,0,0,validation,0.9779348969459534,0.02206510491669178
31949,0,0,0,0,validation,0.9641457796096802,0.035854239016771317
31950,1,1,1,1,validation,0.48697778582572937,0.5130221843719482
31951,0,0,0,0,validation,0.7308226823806763,0.2691773474216461
31952,0,0,0,0,validation,0.689981997013092,0.31001803278923035
31973,0,0,0,0,validation,0.9105846285820007,0.08941537886857986
31980,0,0,0,0,validation,0.8999471664428711,0.10005290806293488
31981,0,0,0,0,validation,0.7722415328025818,0.22775842249393463
32000,0,0,0,0,validation,0.8416059613227844,0.1583940088748932
32034,0,0,0,0,validation,0.8524209260940552,0.14757901430130005
32035,0,0,0,0,validation,0.8995606303215027,0.1004394069314003
32058,0,0,0,0,validation,0.6188703179359436,0.3811296224594116
32072,1,0,1,0,validation,0.8795046210289001,0.12049539387226105
32150,0,0,0,0,validation,0.8708415031433105,0.12915849685668945
32235,0,0,0,0,validation,0.9533939361572266,0.04660603404045105
32236,0,0,0,0,validation,0.9298887252807617,0.07011133432388306
32237,0,0,0,0,validation,0.6664811968803406,0.3335188329219818
32252,0,0,0,0,validation,0.9806770086288452,0.019323008134961128
32253,0,0,0,0,validation,0.9411983489990234,0.05880166217684746
32350,0,0,0,0,validation,0.8187061548233032,0.18129386007785797
32352,0,0,0,0,validation,0.5852287411689758,0.41477125883102417
32425,0,0,0,0,validation,0.963119387626648,0.036880653351545334
11903,0,0,0,0,test,0.9543343782424927,0.045665547251701355
11907,0,0,0,0,test,0.9307376146316528,0.06926235556602478
11951,0,0,0,0,test,0.9577262997627258,0.042273715138435364
11960,0,0,0,0,test,0.9406294822692871,0.05937056988477707
11971,0,0,0,0,test,0.8496412038803101,0.15035878121852875
12060,0,0,0,0,test,0.8520784974098206,0.14792151749134064
12141,0,0,0,0,test,0.9715691804885864,0.028430869802832603
12147,0,0,0,0,test,0.9811030626296997,0.01889694109559059
12148,0,0,0,0,test,0.9258897304534912,0.07411028444766998
12150,0,0,0,0,test,0.9708563685417175,0.02914361096918583
12151,0,0,0,0,test,0.9758611917495728,0.024138806387782097
12580,0,0,0,0,test,0.9562186598777771,0.04378129914402962
12595,1,1,1,1,test,0.3692883849143982,0.6307116150856018
12598,0,0,0,0,test,0.5828431844711304,0.4171568751335144
12600,0,1,0,1,test,0.49310413002967834,0.5068958401679993
12746,0,0,0,0,test,0.9403301477432251,0.05966992676258087
12760,0,0,0,0,test,0.878588080406189,0.12141194194555283
12907,1,0,1,0,test,0.7254524230957031,0.2745475471019745
13323,0,0,0,0,test,0.8833006024360657,0.11669941246509552
13329,1,1,1,1,test,0.44454166293144226,0.5554583668708801
13355,0,0,0,0,test,0.864990234375,0.13500969111919403
13719,0,0,0,0,test,0.8559213876724243,0.1440785974264145
13766,1,1,1,1,test,0.4045178294181824,0.5954821705818176
13779,0,1,0,1,test,0.2903420031070709,0.7096579670906067
14236,0,0,0,0,test,0.9558733701705933,0.044126637279987335
14414,0,0,0,0,test,0.5310260653495789,0.4689739942550659
14511,0,1,0,1,test,0.34252020716667175,0.6574797630310059
14518,1,1,1,1,test,0.3724246919155121,0.6275753378868103
14528,0,0,0,0,test,0.9306299686431885,0.06937005370855331
14544,0,0,0,0,test,0.6306463479995728,0.36935365200042725
14548,1,0,1,0,test,0.9006707668304443,0.09932921826839447
14601,1,0,1,0,test,0.6782911419868469,0.32170894742012024
14614,1,0,1,0,test,0.7375593781471252,0.26244065165519714
14882,1,1,1,1,test,0.20270280539989471,0.7972972393035889
14897,0,0,0,0,test,0.7608447074890137,0.23915527760982513
15494,0,1,0,1,test,0.4280286431312561,0.5719714164733887
15521,0,0,0,0,test,0.5322531461715698,0.46774688363075256
15622,0,0,0,0,test,0.9180906414985657,0.08190939575433731
15623,0,0,0,0,test,0.8734119534492493,0.12658807635307312
15684,0,0,0,0,test,0.9545385837554932,0.04546143487095833
15693,0,0,0,0,test,0.8676756024360657,0.13232441246509552
15775,0,0,0,0,test,0.8737504482269287,0.1262495517730713
15786,1,0,1,0,test,0.6530858278274536,0.3469141721725464
15842,1,1,1,1,test,0.17547672986984253,0.8245232701301575
16160,0,0,0,0,test,0.6158474087715149,0.38415253162384033
16191,0,0,0,0,test,0.9306408762931824,0.06935907155275345
16379,1,1,1,1,test,0.2988789975643158,0.7011210322380066
16380,1,1,1,1,test,0.20655794441699982,0.7934421300888062
16383,1,1,1,1,test,0.3922201693058014,0.607779860496521
16462,0,0,0,0,test,0.9068769216537476,0.09312305599451065
16746,1,0,1,0,test,0.6420503258705139,0.3579496741294861
16819,0,0,0,0,test,0.7796973586082458,0.22030268609523773
16967,1,1,1,1,test,0.16083985567092896,0.839160144329071
16989,1,1,1,1,test,0.23163995146751404,0.7683600783348083
17579,1,1,1,1,test,0.1545790582895279,0.8454209566116333
17870,0,0,0,0,test,0.7218127846717834,0.27818721532821655
17874,1,1,1,1,test,0.39308759570121765,0.6069124341011047
17911,1,0,1,0,test,0.6505515575408936,0.34944844245910645
17916,0,0,0,0,test,0.6950845122337341,0.30491548776626587
17917,0,1,0,1,test,0.4241408109664917,0.5758591294288635
18361,0,0,0,0,test,0.6707531809806824,0.3292469084262848
18438,0,1,0,1,test,0.15162205696105957,0.8483780026435852
18444,1,1,1,1,test,0.16344599425792694,0.8365539908409119
18681,0,0,0,0,test,0.6190401315689087,0.3809598386287689
18688,0,1,0,1,test,0.2698497474193573,0.7301502823829651
19054,0,0,0,0,test,0.9364198446273804,0.06358017027378082
19068,1,1,1,1,test,0.3140941262245178,0.6859058737754822
19073,0,0,0,0,test,0.5546404719352722,0.44535955786705017
19110,0,1,0,1,test,0.439940869808197,0.560059130191803
19132,0,0,0,0,test,0.9139531254768372,0.08604684472084045
19439,1,1,1,1,test,0.14389388263225555,0.8561061024665833
20392,0,0,0,0,test,0.7882748246192932,0.2117251753807068
20399,0,1,0,1,test,0.26223471760749817,0.7377652525901794
20400,0,0,0,0,test,0.5587001442909241,0.4412998557090759
20407,0,1,0,1,test,0.2716663181781769,0.7283337116241455
20414,0,0,0,0,test,0.6044999361038208,0.3955000936985016
20417,0,0,0,0,test,0.712204098701477,0.28779587149620056
20426,1,1,1,1,test,0.33809542655944824,0.6619045734405518
20437,1,1,1,1,test,0.1663956642150879,0.8336043357849121
21062,0,1,0,1,test,0.35713040828704834,0.6428695917129517
21267,0,1,0,1,test,0.15005305409431458,0.849946916103363
21397,0,1,0,1,test,0.2404652237892151,0.7595348358154297
21749,1,1,1,1,test,0.22700011730194092,0.7729998826980591
21751,0,1,0,1,test,0.2796608507633209,0.7203392386436462
21766,0,1,0,1,test,0.4331303536891937,0.5668696761131287
21774,1,1,1,1,test,0.2764350175857544,0.7235649824142456
22263,0,1,0,1,test,0.4628395438194275,0.5371604561805725
23054,0,1,0,1,test,0.37819746136665344,0.621802568435669
23063,0,1,0,1,test,0.37456855177879333,0.6254314184188843
23069,0,1,0,1,test,0.4285371005535126,0.5714629292488098
23098,1,1,1,1,test,0.31376487016677856,0.6862351298332214
23106,0,1,0,1,test,0.3742653429508209,0.6257346868515015
23114,0,1,0,1,test,0.31092771887779236,0.6890722513198853
23807,0,0,0,0,test,0.5370824337005615,0.46291759610176086
24328,1,1,1,1,test,0.1451115906238556,0.8548884391784668
24367,0,1,0,1,test,0.2568594813346863,0.7431405782699585
24416,0,1,0,1,test,0.33829665184020996,0.66170334815979
24434,0,1,0,1,test,0.2431759238243103,0.7568240761756897
24443,0,1,0,1,test,0.2977884113788605,0.7022115588188171
24447,1,1,1,1,test,0.13408567011356354,0.8659144043922424
24478,0,0,0,0,test,0.5531304478645325,0.4468695819377899
24479,1,1,1,1,test,0.17627207934856415,0.8237279057502747
24488,1,1,1,1,test,0.21620012819766998,0.7837998867034912
24489,0,1,0,1,test,0.441647469997406,0.558352530002594
24491,1,1,1,1,test,0.28247764706611633,0.7175223231315613
24500,0,0,0,0,test,0.5076022744178772,0.4923976957798004
24505,0,1,0,1,test,0.27062225341796875,0.7293776869773865
24506,1,1,1,1,test,0.2329912930727005,0.7670087218284607
24570,0,1,0,1,test,0.2109723687171936,0.7890276312828064
24990,0,0,0,0,test,0.9606042504310608,0.039395757019519806
25324,0,1,0,1,test,0.18544557690620422,0.8145543932914734
25336,1,1,1,1,test,0.22991357743740082,0.770086407661438
25754,0,1,0,1,test,0.41020655632019043,0.5897935032844543
25757,1,1,1,1,test,0.27892327308654785,0.7210766673088074
25823,1,1,1,1,test,0.24852879345417023,0.7514711618423462
25827,1,1,1,1,test,0.3586295545101166,0.641370415687561
25845,0,1,0,1,test,0.19555704295635223,0.8044429421424866
26159,0,0,0,0,test,0.6131851077079773,0.3868149220943451
26452,0,1,0,1,test,0.30044394731521606,0.6995560526847839
27430,0,1,0,1,test,0.39515846967697144,0.6048415303230286
27471,0,1,0,1,test,0.2803845703601837,0.7196154594421387
27473,1,1,1,1,test,0.20852471888065338,0.791475236415863
27806,0,1,0,1,test,0.45386606454849243,0.5461338758468628
28048,1,0,1,0,test,0.9076883792877197,0.09231168776750565
28551,0,0,0,0,test,0.6640567183494568,0.3359433114528656
28593,0,0,0,0,test,0.9747574925422668,0.02524251863360405
28594,1,0,1,0,test,0.9132490158081055,0.08675093203783035
28684,0,1,0,1,test,0.2433137148618698,0.756686270236969
28956,0,0,0,0,test,0.9753313064575195,0.024668661877512932
29449,0,0,0,0,test,0.9749074578285217,0.025092491880059242
29895,1,1,1,1,test,0.24462491273880005,0.7553750872612
29974,0,1,0,1,test,0.24985149502754211,0.7501485347747803
29997,1,1,1,1,test,0.1829412430524826,0.8170587420463562
30614,0,1,0,1,test,0.1002543494105339,0.8997457027435303
31355,0,1,0,1,test,0.1996271312236786,0.8003728985786438
31356,0,1,0,1,test,0.20919226109981537,0.7908076643943787
31372,1,1,1,1,test,0.16229058802127838,0.8377094268798828
31373,1,1,1,1,test,0.1444888710975647,0.8555111289024353
31723,0,1,0,1,test,0.11935599148273468,0.8806440234184265
31822,0,0,0,0,test,0.9787444472312927,0.021255534142255783
31823,0,0,0,0,test,0.9712004661560059,0.028799548745155334
31824,0,0,0,0,test,0.9621396660804749,0.03786034882068634
31825,0,0,0,0,test,0.7501034736633301,0.24989652633666992
31843,0,0,0,0,test,0.8871376514434814,0.11286234110593796
31844,0,0,0,0,test,0.9656485319137573,0.03435152396559715
31845,0,0,0,0,test,0.8013052940368652,0.19869473576545715
31846,0,0,0,0,test,0.9393752813339233,0.06062474474310875
31848,0,0,0,0,test,0.9411811232566833,0.058818940073251724
31877,0,0,0,0,test,0.9724263548851013,0.027573619037866592
31878,0,0,0,0,test,0.948958158493042,0.05104180425405502
31879,0,0,0,0,test,0.9634622931480408,0.036537736654281616
31880,0,0,0,0,test,0.7588750123977661,0.2411249876022339
31881,0,0,0,0,test,0.9409993886947632,0.05900062993168831
31910,1,1,1,1,test,0.3066779673099518,0.6933220624923706
31917,0,0,0,0,test,0.9200486540794373,0.07995133101940155
31935,0,0,0,0,test,0.9764748215675354,0.023525195196270943
31955,0,0,0,0,test,0.9165703058242798,0.08342968672513962
31956,0,0,0,0,test,0.9742067456245422,0.02579318732023239
31957,0,0,0,0,test,0.9787114262580872,0.021288609132170677
31958,0,0,0,0,test,0.9621659517288208,0.03783402591943741
31959,0,0,0,0,test,0.9555978775024414,0.04440212622284889
31960,0,0,0,0,test,0.9754377007484436,0.024562278762459755
31975,1,0,1,0,test,0.6125454902648926,0.38745447993278503
31976,0,1,0,1,test,0.3399616777896881,0.6600383520126343
31989,0,0,0,0,test,0.9667882323265076,0.03321176767349243
31990,0,0,0,0,test,0.9696416258811951,0.030358370393514633
31992,0,0,0,0,test,0.6390489935874939,0.36095094680786133
31993,0,0,0,0,test,0.6608536839485168,0.33914634585380554
32007,1,0,1,0,test,0.566741943359375,0.433258056640625
32015,0,0,0,0,test,0.9708837270736694,0.029116317629814148
32017,0,0,0,0,test,0.7133283615112305,0.2866716682910919
32020,0,0,0,0,test,0.9565367102622986,0.04346322640776634
32036,1,1,1,1,test,0.3324134647846222,0.6675865054130554
32037,1,1,1,1,test,0.40173861384391785,0.5982613563537598
32039,0,0,0,0,test,0.5494994521141052,0.4505005478858948
32040,1,1,1,1,test,0.4120508134365082,0.5879491567611694
32041,1,0,1,0,test,0.669161319732666,0.3308385908603668
32048,0,0,0,0,test,0.9803830981254578,0.019616900011897087
32071,1,1,1,1,test,0.2939774990081787,0.7060224413871765
32074,0,0,0,0,test,0.9736387729644775,0.026361187919974327
32075,0,0,0,0,test,0.9698131084442139,0.030186863616108894
32079,0,0,0,0,test,0.9474204182624817,0.05257963016629219
32081,0,0,0,0,test,0.6348176002502441,0.36518239974975586
32113,0,0,0,0,test,0.9486594200134277,0.05134066194295883
32114,0,0,0,0,test,0.979476273059845,0.020523719489574432
32120,1,1,1,1,test,0.4784702658653259,0.5215297341346741
32122,0,1,0,1,test,0.47897133231163025,0.5210286974906921
32139,1,0,1,0,test,0.5466967821121216,0.4533032476902008
32149,0,0,0,0,test,0.8343042731285095,0.16569575667381287
32151,0,0,0,0,test,0.8315727114677429,0.1684272289276123
32153,0,0,0,0,test,0.7614542245864868,0.2385457307100296
32154,0,0,0,0,test,0.9594870209693909,0.04051300138235092
32156,1,0,1,0,test,0.5460860729217529,0.45391392707824707
32187,1,1,1,1,test,0.2997371256351471,0.7002629041671753
32192,0,0,0,0,test,0.9408994913101196,0.05910048633813858
32198,0,0,0,0,test,0.9531753063201904,0.04682474955916405
32223,1,0,1,0,test,0.7437953352928162,0.25620463490486145
32224,1,0,1,0,test,0.8392586708068848,0.16074128448963165
32225,0,0,0,0,test,0.9392176270484924,0.06078244000673294
32239,0,0,0,0,test,0.8376793265342712,0.16232061386108398
32240,0,0,0,0,test,0.9608411192893982,0.03915882855653763
32260,1,0,1,0,test,0.9538095593452454,0.04619047790765762
32261,0,0,0,0,test,0.976243793964386,0.023756196722388268
32269,0,0,0,0,test,0.5378136038780212,0.46218642592430115
32282,1,1,1,1,test,0.4721381962299347,0.5278617739677429
32283,1,0,1,0,test,0.841330349445343,0.1586696356534958
32285,1,1,1,1,test,0.46612149477005005,0.53387850522995
32295,0,0,0,0,test,0.6615921854972839,0.33840784430503845
32313,1,1,1,1,test,0.19113685190677643,0.8088631629943848
32314,1,1,1,1,test,0.21317154169082642,0.7868284583091736
32315,0,0,0,0,test,0.9541366100311279,0.04586339369416237
32317,0,0,0,0,test,0.9235971570014954,0.07640291005373001
32318,0,0,0,0,test,0.940717875957489,0.059282124042510986
32319,0,0,0,0,test,0.9724665284156799,0.027533503249287605
32320,0,0,0,0,test,0.9180189371109009,0.08198107779026031
32344,0,0,0,0,test,0.7400009632110596,0.25999900698661804
32570,0,1,0,1,test,0.4342966079711914,0.5657033324241638
32573,0,0,0,0,test,0.7685744166374207,0.23142553865909576
