award_id,benchmark_id,project_cluster_id,y_true,y_pred,score_explicit_mmr,score_implicit_mmr,score_multi_method_not_mmr,score_no_method_signal,score_qual_only,score_quant_only
1503196,methodkg_v3_01055,projtxt_581cb0029a749608,implicit_mmr,implicit_mmr,0.07638329595578401,0.8777819524634736,0.002275560855372101,0.00408199895686808,0.019736421080643062,0.019740770687859
1614745,methodkg_v3_01185,projtxt_8eb705654915c8db,explicit_mmr,no_method_signal,0.1375986537523097,0.1321561335427102,0.19361026812205254,0.24673868374442218,0.12569208857469502,0.16420417226381046
1615207,methodkg_v3_01186,projtxt_8eb705654915c8db,explicit_mmr,no_method_signal,0.12481062682148952,0.15261365362711457,0.16659828770589022,0.25502410898258654,0.11933839968772426,0.1816149231751948
1652825,methodkg_v3_01259,projtxt_28187647d8a3d2e2,explicit_mmr,no_method_signal,0.10730150825057237,0.12653216337397297,0.1426300247013604,0.2805179296672624,0.12836476330738825,0.21465361069944358
1664271,methodkg_v3_01277,projtxt_419c744c21fbb08c,implicit_mmr,implicit_mmr,0.1281127852781055,0.7920012553535268,0.006055982997643747,0.0068184345768170455,0.04934797513133879,0.01766356666256795
1664274,methodkg_v3_01279,projtxt_419c744c21fbb08c,implicit_mmr,implicit_mmr,0.13935288508517052,0.785519153511982,0.005766551236977382,0.006735598723093849,0.04516799091749907,0.01745782052527702
1719872,methodkg_v3_01320,projtxt_8088c7349e2bdc74,implicit_mmr,quant_only,0.12143628672097474,0.15467343988356938,0.17057218076768074,0.20457712662983,0.12901700014428774,0.21972396585365742
1720838,methodkg_v3_01322,projtxt_8088c7349e2bdc74,implicit_mmr,explicit_mmr,0.8821738030989681,0.09096089200445107,0.003345169378305231,0.014637990636898308,0.002134902931301431,0.006747241950075998
1721054,methodkg_v3_01324,projtxt_4cbc11a4f15f35b2,implicit_mmr,implicit_mmr,0.2774592318270901,0.5897356794665627,0.010393563768226756,0.022652687274782334,0.0713295763165071,0.02842926134683107
1723884,methodkg_v3_01337,projtxt_8eb705654915c8db,explicit_mmr,implicit_mmr,0.11063441321137399,0.7073505259711657,0.02715520182088135,0.01558775489964427,0.10869376422328766,0.03057833987364714
1751314,methodkg_v3_01381,projtxt_1e0eac3bf43c3824,qual_only,no_method_signal,0.09377787350999155,0.1288187298689104,0.19058441710224036,0.243236191824901,0.1454664929336557,0.19811629476030096
1826354,methodkg_v3_01444,projtxt_b3668904556b5a44,explicit_mmr,explicit_mmr,0.6127461806561377,0.1714701073533912,0.007454256390624628,0.015232321722661995,0.1896837439395392,0.003413389937645428
1906172,methodkg_v3_01521,projtxt_4455eb16036684bc,explicit_mmr,explicit_mmr,0.6633225369801226,0.06691224406603864,0.10938737259410414,0.06337229330741566,0.0910466881426327,0.005958864909686328
1908481,methodkg_v3_01540,projtxt_d637720f93037f89,implicit_mmr,no_method_signal,0.13399846024338605,0.1242362119970792,0.2060258270884518,0.21960269822385672,0.12936778096035892,0.18676902148686741
1914647,methodkg_v3_01553,projtxt_a69c6225838e44f4,qual_only,no_method_signal,0.1328303628010757,0.10400649980080448,0.17560437225809733,0.32536209562353413,0.10230035672236895,0.15989631279411917
1914735,methodkg_v3_01554,projtxt_a69c6225838e44f4,qual_only,no_method_signal,0.10048396448935584,0.12740623640762733,0.20769932891293108,0.24696504145214082,0.1141203937289222,0.20332503500902263
1918847,methodkg_v3_01561,projtxt_d8d21047274dc792,implicit_mmr,explicit_mmr,0.603590253218595,0.3071628979485064,0.0063893880108052215,0.01731764022826336,0.03796065858354711,0.02757916201028266
1920753,methodkg_v3_01566,projtxt_0240ff43f165b15f,multi_method_not_mmr,quant_only,0.13776101813082633,0.15412546404456434,0.1714586187802525,0.1889837195153187,0.11450881127170993,0.23316236825732817
1925188,methodkg_v3_01573,projtxt_40cb08fa8174c66a,multi_method_not_mmr,quant_only,0.11364955754415153,0.16487290979185426,0.1814817193916445,0.2014437830903907,0.11432612346464435,0.2242259067173146
1929409,methodkg_v3_01579,projtxt_84ffc186b2131bee,explicit_mmr,explicit_mmr,0.9124146546908593,0.03257969185565665,0.0007713671918889209,0.05359953031253066,0.00040204119687645476,0.00023271475218792625
1930026,methodkg_v3_01581,projtxt_db75ff96db6ad2cf,explicit_mmr,no_method_signal,0.08310261614003828,0.1298166813971604,0.1264453571199731,0.32055737445429233,0.10505281892568083,0.23502515196285503
1930076,methodkg_v3_01582,projtxt_97dcb0d686e56278,explicit_mmr,explicit_mmr,0.8471668130983778,0.07737658484366759,0.0006853734038131365,0.07104318620454032,0.0030136481578256534,0.0007143942917752184
1930132,methodkg_v3_01583,projtxt_6db1916ad653d07f,explicit_mmr,no_method_signal,0.07995887317616598,0.13060400198337252,0.13170340732271116,0.3263092488274668,0.09590673842784311,0.23551773026244047
1930341,methodkg_v3_01584,projtxt_3f700d0b69aa9711,explicit_mmr,explicit_mmr,0.8772018729751236,0.0314194587116654,0.0023873045668485033,0.0855255506174667,0.0030110406580719116,0.00045477247082352295
1930373,methodkg_v3_01585,projtxt_3297f30107628541,explicit_mmr,no_method_signal,0.08025933361822045,0.13476184723190723,0.12736699753308184,0.2937782873439303,0.09276007314138694,0.27107346113147324
1930419,methodkg_v3_01587,projtxt_3297f30107628541,explicit_mmr,no_method_signal,0.08268875706706234,0.12858339646890818,0.1329616687114055,0.32835397103392966,0.09576146128291826,0.23165074543577593
1930492,methodkg_v3_01589,projtxt_80ef02953667abe0,explicit_mmr,explicit_mmr,0.8691297518177323,0.04282820209729319,0.0013965280939425703,0.08311745914710852,0.0029592797986116364,0.0005687790453117688
1930497,methodkg_v3_01590,projtxt_72730f2dbe5e6fed,implicit_mmr,no_method_signal,0.08013740030143768,0.12212157835090133,0.1382803094071922,0.32993906231310877,0.09594173978069552,0.23357990984666444
1930502,methodkg_v3_01591,projtxt_cf1351dd3569160f,multi_method_not_mmr,explicit_mmr,0.8590299525517773,0.08537432923932986,0.0015175415215106655,0.0501131375400733,0.0019921376919183006,0.001972901455390656
1930539,methodkg_v3_01592,projtxt_86e777ee967b6323,implicit_mmr,explicit_mmr,0.5000603352736186,0.21310237519437777,0.004818009366817671,0.25307506403264346,0.027478323931078383,0.0014658922014642443
1930553,methodkg_v3_01593,projtxt_3297f30107628541,explicit_mmr,no_method_signal,0.07989101041355601,0.1317756251433268,0.1283967122217672,0.3076306470347496,0.09330698336411047,0.25899902182248985
1933277,methodkg_v3_01594,projtxt_0079014c8f062e74,no_method_signal,no_method_signal,0.08370261271251997,0.08985266230293575,0.13599127746563477,0.4270337540767666,0.07759094034344631,0.1858287530986966
1933717,methodkg_v3_01597,projtxt_d0c62a6072f70963,explicit_mmr,explicit_mmr,0.7938238458111444,0.1381565944022419,0.009342141658274539,0.03148690442132869,0.014600558605342063,0.012589955101668715
1934126,methodkg_v3_01598,projtxt_67725d849ee2b18d,explicit_mmr,no_method_signal,0.1345661263722759,0.14535097192952212,0.18853052344123936,0.2409762216676581,0.10614017191911213,0.18443598467019245
1936070,methodkg_v3_01601,projtxt_6ff4baf5c6f79d00,implicit_mmr,no_method_signal,0.10487810692258669,0.12359041169333573,0.1579805392993251,0.3080518254292084,0.10481094190133347,0.2006881747542107
1937391,methodkg_v3_01606,projtxt_2880e457027f1848,explicit_mmr,no_method_signal,0.14574362415906925,0.14769782300392742,0.12691691786392176,0.24999951663730766,0.1281744233463636,0.2014676949894102
1937490,methodkg_v3_01607,projtxt_2880e457027f1848,explicit_mmr,no_method_signal,0.14995345605126326,0.146745742590123,0.1337105970641098,0.2639221207937235,0.11412181874410376,0.19154626475667672
1937587,methodkg_v3_01608,projtxt_e6ce90dae9e32586,explicit_mmr,explicit_mmr,0.9649129828334275,0.022546116227372036,0.0007195453852294616,0.010182577331144062,0.0013460831757814546,0.0002926950470453114
1937687,methodkg_v3_01609,projtxt_2880e457027f1848,explicit_mmr,no_method_signal,0.14935020505662658,0.14098955386673778,0.15143355802631692,0.2700753736941946,0.11475220641471698,0.17339910294140712
1939038,methodkg_v3_01613,projtxt_5c5ea81c45ec3bd9,multi_method_not_mmr,no_method_signal,0.07021353959866283,0.0785779212722226,0.177204845238065,0.4348654811583998,0.06809867615272892,0.17103953657992085
1941642,methodkg_v3_01614,projtxt_ca9778df6f48109f,qual_only,no_method_signal,0.15367239687517292,0.13107024329856548,0.19106056001714714,0.20084565081005376,0.13230691470076034,0.19104423429830045
1941668,methodkg_v3_01615,projtxt_a6e329ed0bca9a95,implicit_mmr,implicit_mmr,0.308504961637162,0.5893253498610287,0.016642506742528766,0.008820176274689588,0.06064993448093258,0.016057071003658285
1941952,methodkg_v3_01616,projtxt_c914da900173fc64,implicit_mmr,no_method_signal,0.11768679207312731,0.13268450217902764,0.1958785785844285,0.22365316576055727,0.11975687434055148,0.2103400870623078
1943146,methodkg_v3_01617,projtxt_ffc1ae36e51f993a,explicit_mmr,explicit_mmr,0.9802306162908018,0.01888264283556983,7.128493106920877e-05,0.00046327690421536213,0.00014496837835218813,0.000207210659991764
1943285,methodkg_v3_01618,projtxt_7139c2f38e0485f8,explicit_mmr,explicit_mmr,0.5223229651628503,0.3670375441643893,0.007667806425212348,0.027800242666810727,0.07078179431523894,0.004389647265498475
1943541,methodkg_v3_01619,projtxt_edfaa35f70bc9413,explicit_mmr,no_method_signal,0.10783250244156911,0.12482318880594893,0.21347531848825024,0.24542853563092568,0.11519586173789009,0.19324459289541598
1943934,methodkg_v3_01620,projtxt_778ea6497fc9bc51,qual_only,no_method_signal,0.08735032580199217,0.11969306485940118,0.19303430407719532,0.24353459163026828,0.14138927704776333,0.21499843658337972
1944807,methodkg_v3_01621,projtxt_538a1cff5f8ead0a,qual_only,no_method_signal,0.11312290958554416,0.10495313303922993,0.19679279051163034,0.2920888682261366,0.11107065653655357,0.18197164210090544
1945961,methodkg_v3_01622,projtxt_92bd8414ca5aa71c,explicit_mmr,no_method_signal,0.11337727057322775,0.1623630623541005,0.19113880154546864,0.2131433603444316,0.10821679866145492,0.21176070652131662
1945963,methodkg_v3_01623,projtxt_92bd8414ca5aa71c,explicit_mmr,no_method_signal,0.11363937833440228,0.1518299416159087,0.20069957721087064,0.2155313394580205,0.10826483469094818,0.21003492868984955
1946553,methodkg_v3_01624,projtxt_b31208f5a5fd0e36,no_method_signal,no_method_signal,0.09472913325564332,0.08544654343574619,0.16551209826527802,0.4300680474518209,0.08582726441825263,0.13841691317325894
1948981,methodkg_v3_01625,projtxt_9216304495c7afc9,qual_only,quant_only,0.13578620073054978,0.17944418018147532,0.18538615423730934,0.18946786353181316,0.09909780887210631,0.21081779244674612
1949241,methodkg_v3_01626,projtxt_6ee2d362b8808c62,implicit_mmr,no_method_signal,0.11657683252597402,0.14127859482500196,0.16344381735100166,0.2603417759068377,0.1290808090916643,0.18927817029952032
1949454,methodkg_v3_01627,projtxt_3c0da319bbf85654,explicit_mmr,explicit_mmr,0.9585019283316418,0.03369009774947969,0.0006168663617432686,0.0056248884327537345,0.0008774365385735176,0.0006887825858079791
1949585,methodkg_v3_01628,projtxt_8ad9ba0fcf7f8329,explicit_mmr,explicit_mmr,0.5532939791534921,0.19479074597844717,0.11973918470872846,0.08116861218743986,0.04063023231116808,0.01037724566072436
1949586,methodkg_v3_01629,projtxt_3d2c55f5777f9659,explicit_mmr,no_method_signal,0.12608872268787655,0.1475526552354192,0.196747207652596,0.23202982897745805,0.13342603466397943,0.16415555078267063
1949718,methodkg_v3_01630,projtxt_ab364f93b900e1d6,multi_method_not_mmr,no_method_signal,0.06505887530910773,0.10012588238083306,0.18183022391881648,0.31067365299755084,0.08229797714583713,0.26001338824785475
1949848,methodkg_v3_01631,projtxt_0890ed3878ad05d4,implicit_mmr,explicit_mmr,0.9265417847490895,0.02785292799721203,0.0009488100703975807,0.0429722751337477,0.0008563683216016892,0.0008278337279517189
1949990,methodkg_v3_01632,projtxt_312ecb29cb0c32e3,multi_method_not_mmr,no_method_signal,0.10112174294642755,0.10539041556141057,0.18730633209265832,0.339553518216458,0.0943851698568373,0.1722428213262082
1950064,methodkg_v3_01633,projtxt_c85bb658c0286871,explicit_mmr,implicit_mmr,0.22099947830888556,0.5962618380642604,0.006369535046215036,0.11871512998975745,0.05089850194748294,0.006755516643398721
1950304,methodkg_v3_01634,projtxt_16e774e086be968e,quant_only,no_method_signal,0.08867578130112373,0.0822694783676623,0.18078534804346125,0.39888365164695766,0.0780078135521468,0.17137792708864813
1950340,methodkg_v3_01635,projtxt_b91832d5cf4e09ef,multi_method_not_mmr,no_method_signal,0.11190629956111182,0.11186077108288775,0.20298285352482134,0.31455990449541515,0.09797944164553224,0.16071072969023173
1950351,methodkg_v3_01636,projtxt_070c0ccb61972acb,quant_only,no_method_signal,0.10086764795518358,0.09994479318291986,0.17925891257548218,0.353564443231767,0.09171201931182119,0.1746521837428261
1950645,methodkg_v3_01637,projtxt_e273a609e619cf5d,no_method_signal,no_method_signal,0.07136363180571668,0.09707973765944108,0.20580195405706334,0.3255582169683621,0.08376584590473203,0.21643061360468469
1953561,methodkg_v3_01640,projtxt_2d6ed7a1fc12623c,explicit_mmr,explicit_mmr,0.9652067802835084,0.01686692840108935,0.0021907897063535584,0.01421338334083712,0.0011105910247486135,0.0004115272434630087
1953640,methodkg_v3_01641,projtxt_74622fc86a95a642,explicit_mmr,explicit_mmr,0.5789795307717277,0.22937842253192595,0.02582001531258545,0.14569020365363577,0.013042506978348582,0.007089320751776527
1953752,methodkg_v3_01642,projtxt_ef3664245ec441f8,explicit_mmr,no_method_signal,0.11126626104892512,0.11989059941596472,0.17543816817584604,0.2962282217372521,0.1036728891912698,0.1935038604307423
1953762,methodkg_v3_01643,projtxt_bb48fe9fbbd8cb96,explicit_mmr,no_method_signal,0.10150648347234055,0.11183939536992352,0.15793642372122668,0.33401966319348686,0.09746031600340889,0.19723771823961359
1955792,methodkg_v3_01645,projtxt_faacaab7f2993e8b,explicit_mmr,implicit_mmr,0.28024869006027725,0.46193653347039765,0.08361365807681048,0.06580957946122985,0.09454182657091409,0.013849712360370687
1955896,methodkg_v3_01646,projtxt_4b1266e7518aee6c,qual_only,explicit_mmr,0.466470305479931,0.23243699319718483,0.034558853547429026,0.15392447875667148,0.07943524151532041,0.033174127503463186
2000091,methodkg_v3_01647,projtxt_ae3c4b8ecb4151b3,no_method_signal,no_method_signal,0.0984931965051178,0.11439059666163937,0.1554562668045434,0.326676563867466,0.09095652841070785,0.2140268477505256
2000183,methodkg_v3_01648,projtxt_88bf105227e72af5,quant_only,no_method_signal,0.09407273734350076,0.11384810813087876,0.19039317961900287,0.27294716341722347,0.08723170293302109,0.241507108556373
2000292,methodkg_v3_01649,projtxt_7367c279896a105a,implicit_mmr,no_method_signal,0.09841750321946262,0.10674933758782827,0.15321917283129463,0.35436380095127173,0.1133296837486282,0.17392050166151457
2000442,methodkg_v3_01650,projtxt_9d9897a72b84ff96,multi_method_not_mmr,no_method_signal,0.08467775778795422,0.08499570384513645,0.13180205125977354,0.45026491146546466,0.07756132285661922,0.17069825278505177
2000487,methodkg_v3_01651,projtxt_c397cb243aa09775,multi_method_not_mmr,no_method_signal,0.15115307564956162,0.136420577398336,0.15806084540231793,0.2380112550706522,0.1281031014917329,0.18825114498739937
2000535,methodkg_v3_01652,projtxt_b4fd403b3ee2f755,quant_only,no_method_signal,0.08518245398759614,0.08831493171018363,0.12308003055844084,0.44610430295289805,0.0752873581789243,0.18203092261195689
2000573,methodkg_v3_01653,projtxt_bb02493e45da4e98,quant_only,no_method_signal,0.08846894524738151,0.08780202729471538,0.13760517140137468,0.4387221089001917,0.08032044917150057,0.16708129798483629
2000583,methodkg_v3_01654,projtxt_8db6bf522b0e4278,explicit_mmr,explicit_mmr,0.9429996571684793,0.038888204673725994,0.0015431622686718663,0.013380129366640634,0.001093962309683887,0.0020948842127981584
2000725,methodkg_v3_01655,projtxt_ad42f18157401191,multi_method_not_mmr,no_method_signal,0.06905503943339775,0.28341109883454924,0.04281975832870425,0.5242393807696937,0.05427461560234093,0.02620010703131423
2000730,methodkg_v3_01656,projtxt_74961d9da4331479,explicit_mmr,no_method_signal,0.08743972009435205,0.11824468024172176,0.12709996463108836,0.3562572651838725,0.08536402498085933,0.225594344868106
2000750,methodkg_v3_01657,projtxt_64a6cfd56cb622be,explicit_mmr,explicit_mmr,0.9735672393174808,0.018071107822383626,0.0004477572882851293,0.007365409832125816,0.00044190349423557835,0.00010658224548908459
2000779,methodkg_v3_01658,projtxt_8352fa0c929c04f6,explicit_mmr,implicit_mmr,0.26594840240922346,0.6051618030455038,0.006255217303818913,0.04635307047985228,0.04315030216640496,0.03313120459519667
2000786,methodkg_v3_01659,projtxt_d8f480b8008742d2,no_method_signal,no_method_signal,0.09900583710769571,0.08622304924911525,0.1257868666604735,0.44737715446143456,0.0826570083500458,0.15895008417123516
2000799,methodkg_v3_01660,projtxt_8db6bf522b0e4278,explicit_mmr,explicit_mmr,0.9450202977776954,0.03723069276682772,0.0015156497616977884,0.013140787761035493,0.0010622104902368546,0.0020303614425068507
2000847,methodkg_v3_01661,projtxt_1843f25f9fa00a82,explicit_mmr,no_method_signal,0.14653511323182425,0.14478660763506093,0.14154351663496642,0.253628390903635,0.11634972040139525,0.1971566511931182
2000866,methodkg_v3_01662,projtxt_07bb8f0e1d6e4563,multi_method_not_mmr,no_method_signal,0.08367514176482917,0.08984710334917907,0.13599073065066558,0.427069701310513,0.07757197248064038,0.18584535044417286
2000887,methodkg_v3_01663,projtxt_8cb063097dfb6732,quant_only,no_method_signal,0.08675547065666098,0.07718493915108472,0.11958318880520778,0.4835528786543977,0.06949364182392936,0.16342988090871943
2000888,methodkg_v3_01664,projtxt_8352fa0c929c04f6,explicit_mmr,implicit_mmr,0.2589133474035222,0.6088545504842995,0.0061751658103979855,0.04701165512557342,0.045147362453975666,0.033897918722231274
2003126,methodkg_v3_01665,projtxt_a165f390e89cfe84,explicit_mmr,explicit_mmr,0.43503696133923,0.39380356394850635,0.05229052694669694,0.01828124314504839,0.09637808765252527,0.004209616967993025
2004898,methodkg_v3_01666,projtxt_5dcabfeb784c0b83,explicit_mmr,no_method_signal,0.18313082976785303,0.07007012200031691,0.0609574800408951,0.6452639121127605,0.03616538816693093,0.004412267911243662
2005608,methodkg_v3_01667,projtxt_c11ee3f35a918c20,implicit_mmr,explicit_mmr,0.8169869121781344,0.14547988788944619,0.009278477984685621,0.002664236040381682,0.021030408732234582,0.004560077175117586
2005812,methodkg_v3_01668,projtxt_b95b6cfe68b34891,implicit_mmr,no_method_signal,0.14801241021248876,0.1333087683115836,0.16766107504036665,0.22849902728321958,0.12377449237390488,0.19874422677843642
2005840,methodkg_v3_01669,projtxt_fcf5f66967f62cda,implicit_mmr,no_method_signal,0.15472142958874527,0.09636825809047139,0.1704693651907495,0.31588042794306964,0.12355180749555668,0.13900871169140758
2005890,methodkg_v3_01670,projtxt_c9377c56ecceb7cd,implicit_mmr,explicit_mmr,0.8286870116714053,0.1418184178071735,0.011976897051675215,0.00893084568004695,0.005201415202351773,0.0033854125873472403
2005898,methodkg_v3_01671,projtxt_b1f95fa3e4d238f6,quant_only,no_method_signal,0.09699755645124289,0.12917100082499686,0.15370375702704175,0.2761298730526905,0.10621035363560342,0.2377874590084246
2005973,methodkg_v3_01672,projtxt_7ed419d4bc2ba6d1,implicit_mmr,explicit_mmr,0.8649433300810432,0.07900700768744504,0.01878684793401348,0.009528144474307748,0.02485252375686475,0.002882146066325709
2009127,methodkg_v3_01674,projtxt_43973e295db733f1,implicit_mmr,no_method_signal,0.11449340196740006,0.1651621530826728,0.15949762035247678,0.22089921678337401,0.12070525888214578,0.21924234893193065
2009977,methodkg_v3_01675,projtxt_6c58c2723d9ca28d,implicit_mmr,no_method_signal,0.10674735580633055,0.11288077899532852,0.1852317878090391,0.2632195589834811,0.1415280997586357,0.19039241864718498
2010038,methodkg_v3_01676,projtxt_5c1b2538431da6c4,quant_only,no_method_signal,0.13891223716185253,0.13522536546993974,0.17144025142577765,0.2313369066124,0.12941689164012116,0.1936683476899089
2010124,methodkg_v3_01677,projtxt_b0253048c82c9b45,explicit_mmr,no_method_signal,0.08879597840764486,0.10628448436829185,0.1798892614672703,0.2819020499725709,0.09481327866024658,0.24831494712397553
2010139,methodkg_v3_01678,projtxt_36e3f0e52522f5b8,qual_only,no_method_signal,0.1396252115922081,0.1335928717116047,0.14757913787502577,0.26500996429076595,0.12091643153523599,0.19327638299515962
2010237,methodkg_v3_01679,projtxt_36e3f0e52522f5b8,qual_only,qual_only,0.25794804152225564,0.13986876290013203,0.1393232634741657,0.006496920248897137,0.4464873556925258,0.009875656162023684
2010256,methodkg_v3_01680,projtxt_71464314de1a6ae0,explicit_mmr,explicit_mmr,0.9547739756287537,0.020576647450107222,0.0019971658918029175,0.01510100934377019,0.006814125671283614,0.0007370760142825916
2010276,methodkg_v3_01681,projtxt_55a9f562e4cd53ea,explicit_mmr,no_method_signal,0.15358415441994125,0.1352486212878754,0.16263496849153683,0.2352161068424384,0.12779805124599944,0.18551809771220878
2010312,methodkg_v3_01682,projtxt_18923a8d781d3ce1,explicit_mmr,explicit_mmr,0.8364554551075768,0.1376147570071298,0.0064607421901972835,0.0038298499333056578,0.010692776710035386,0.0049464190517549975
2010361,methodkg_v3_01683,projtxt_40ed1e613baf709d,explicit_mmr,no_method_signal,0.14358299004096914,0.13417612883003652,0.18644868780155147,0.20272720024220636,0.13143328209645394,0.20163171098878244
2010530,methodkg_v3_01684,projtxt_f77066fb2e35b671,explicit_mmr,no_method_signal,0.15358415441994125,0.1352486212878754,0.16263496849153683,0.2352161068424384,0.12779805124599944,0.18551809771220878
2011917,methodkg_v3_01686,projtxt_52c8cdc31ed618f7,multi_method_not_mmr,no_method_signal,0.10040082160854884,0.11867623306053168,0.1778345210619945,0.30896146641345945,0.09986603250099982,0.1942609253544659
2013484,methodkg_v3_01687,projtxt_5b928720de054206,quant_only,quant_only,0.10988260657634108,0.16779396722722514,0.178630695154508,0.21804414569623212,0.1035251553920081,0.22212342995368556
2013495,methodkg_v3_01688,projtxt_b56be3648800a044,implicit_mmr,no_method_signal,0.12016764939889188,0.14686537342557912,0.17526267189848815,0.247067089455681,0.09770820095807006,0.2129290148632898
2013504,methodkg_v3_01689,projtxt_581742c900847167,explicit_mmr,quant_only,0.12844439674744126,0.16558838757765265,0.1938919710122343,0.20488889993154247,0.10131056370446097,0.20587578102666843
2013554,methodkg_v3_01690,projtxt_581742c900847167,explicit_mmr,quant_only,0.13578620073054978,0.17944418018147532,0.18538615423730934,0.18946786353181316,0.09909780887210631,0.21081779244674612
2013575,methodkg_v3_01691,projtxt_581742c900847167,explicit_mmr,explicit_mmr,0.6716695302675258,0.2626554094275665,0.0030133071494765295,0.016187723510018598,0.026388701710791735,0.020085327934620874
2013612,methodkg_v3_01692,projtxt_581742c900847167,explicit_mmr,quant_only,0.10259953588847681,0.17406650429593112,0.16829942871847758,0.20337666088268846,0.1002662515839388,0.2513916186304872
2017704,methodkg_v3_01694,projtxt_488cf667255d5ec6,multi_method_not_mmr,no_method_signal,0.09398772345943415,0.134891310560461,0.15982371131933001,0.28934004481773756,0.0973706575979681,0.2245865522450691
2019843,methodkg_v3_01695,projtxt_3dba2fac3e4b3c7d,explicit_mmr,implicit_mmr,0.4147235878723654,0.5031063691218004,0.004621100285810811,0.027266058094750047,0.022642598732567847,0.027640285892705445
2021157,methodkg_v3_01696,projtxt_0e541a45c0857b90,quant_only,no_method_signal,0.12114022360623138,0.15267294356388994,0.180904550659858,0.22975677614196638,0.10478701113206054,0.21073849489599378
2021315,methodkg_v3_01697,projtxt_05d46ffd3235e167,implicit_mmr,explicit_mmr,0.9862149934137472,0.01147165645742993,4.672917043673922e-05,0.0016575034298608696,0.0001468534182516607,0.00046226411027362226
2021402,methodkg_v3_01698,projtxt_0e541a45c0857b90,quant_only,quant_only,0.1111396727809832,0.1885936233123016,0.17873158058371377,0.17626006499677505,0.11455210338148103,0.23072295494474523
2021499,methodkg_v3_01700,projtxt_11ff25a3e026dd9e,qual_only,quant_only,0.10986893321111654,0.17493524835580615,0.18716497021922351,0.19520009123701912,0.10326635122931863,0.22956440574751596
2021512,methodkg_v3_01701,projtxt_38536b8971393ae3,explicit_mmr,quant_only,0.11361671113078156,0.16486917132139142,0.1814881028086463,0.20146863666077625,0.1143026552444832,0.22425472283392134
2021546,methodkg_v3_01702,projtxt_c008bb331b562fae,qual_only,no_method_signal,0.12575678497720597,0.15255925581817242,0.1875355760853075,0.21770212859333976,0.10563083555816541,0.2108154189678088
2021585,methodkg_v3_01703,projtxt_d6f7eee5a5068c4f,quant_only,no_method_signal,0.10104967532294935,0.11609110990933827,0.15811035880241067,0.33358617565802895,0.1040487971061072,0.18711388320116543
2022271,methodkg_v3_01705,projtxt_3d81c81a5d40db15,qual_only,no_method_signal,0.09156524597022925,0.1283231258296754,0.17160823491328683,0.30235314678501046,0.09742091946417948,0.2087293270376186
2024394,methodkg_v3_01706,projtxt_136108f711124309,implicit_mmr,no_method_signal,0.10123417255964617,0.10494259440797968,0.23054330251951577,0.2769783177026874,0.11317202410769872,0.17312958870247228
2025046,methodkg_v3_01707,projtxt_3273fcdf75ac2eca,explicit_mmr,no_method_signal,0.10412880867555256,0.11022649142381559,0.1731111078198069,0.3325485882940711,0.10195927464572596,0.17802572914102782
2025181,methodkg_v3_01708,projtxt_7a37b2900802a79b,qual_only,no_method_signal,0.09082066405718825,0.12877253334234776,0.1543024412677153,0.27010206236541245,0.11028980494757273,0.24571249401976336
2025280,methodkg_v3_01709,projtxt_3b2c31bd8f1120e1,explicit_mmr,no_method_signal,0.09472836682116403,0.13941591773181494,0.15687168814993618,0.28948090842566915,0.09806169905662894,0.22144141981478674
2025349,methodkg_v3_01710,projtxt_890b00eccb5490d1,explicit_mmr,explicit_mmr,0.9606992428930391,0.031217874078247256,0.0008136575331635794,0.0029237020317620034,0.0038580870318655133,0.00048743643192246085
2025682,methodkg_v3_01711,projtxt_a0b1764ed538601c,qual_only,no_method_signal,0.12659201093459724,0.12131362476775868,0.16168168726543475,0.2766232458608721,0.1302244731053948,0.18356495806594245
2025685,methodkg_v3_01712,projtxt_a0b1764ed538601c,qual_only,no_method_signal,0.13472911259045678,0.1111972633190757,0.1894075434917183,0.26802405293984033,0.1257198615808902,0.17092216607801863
2025686,methodkg_v3_01713,projtxt_a0b1764ed538601c,qual_only,no_method_signal,0.13485533396334673,0.11929807588328602,0.18097109066885034,0.2659161301062276,0.1260725945145383,0.1728867748637509
2025805,methodkg_v3_01714,projtxt_a1dd20a6546cdbde,quant_only,quant_only,0.09747104190924295,0.15679074662168047,0.1500065144426425,0.23032299976659082,0.10383023700910414,0.26157846025073905
2027470,methodkg_v3_01715,projtxt_8a0e4a26b652bcee,qual_only,implicit_mmr,0.1576494350714412,0.47976306244847583,0.10706345563420692,0.13450995398933466,0.10709176246099343,0.013922330395548053
2027506,methodkg_v3_01716,projtxt_d2c2518effb60533,explicit_mmr,explicit_mmr,0.7830003161887547,0.19965148254914916,0.0013801382222518063,0.003897701823703042,0.005862872928467175,0.0062074882876739885
2027637,methodkg_v3_01717,projtxt_f96090237fcd97c5,explicit_mmr,quant_only,0.1095047989684327,0.15892113746853356,0.19361583443383074,0.2122358455671899,0.09908966647536305,0.2266327170866501
2028026,methodkg_v3_01718,projtxt_aac4d74a5538a9a4,quant_only,no_method_signal,0.1563857778538947,0.1056725208290181,0.17997959656858523,0.2635661465420569,0.13315746041005216,0.16123849779639293
2028469,methodkg_v3_01719,projtxt_9a562e711cdbc5df,implicit_mmr,no_method_signal,0.15354581145508378,0.10149377372794335,0.18611412072418163,0.28851466907972084,0.11940984938871958,0.1509217756243507
2028473,methodkg_v3_01720,projtxt_9a562e711cdbc5df,implicit_mmr,no_method_signal,0.1410462279769451,0.10696513215735665,0.17537507423179696,0.3016845552019748,0.11675054628914476,0.15817846414278167
2028811,methodkg_v3_01721,projtxt_25e4c8bf7fdeef7d,implicit_mmr,explicit_mmr,0.7833016178289767,0.09548042118526542,0.03593743114453165,0.07691360836741695,0.004860014483435558,0.003506906990373797
2029357,methodkg_v3_01722,projtxt_e4babd675b33d7ce,explicit_mmr,no_method_signal,0.07692251326430764,0.1327698091586656,0.11927143919554081,0.3238661010407949,0.09086195668032745,0.25630818066036354
2029642,methodkg_v3_01723,projtxt_9393236714b6150b,explicit_mmr,no_method_signal,0.12258273882724996,0.1651971949595693,0.17726348162293004,0.21784220240718646,0.10197897897510393,0.2151354032079602
2029782,methodkg_v3_01724,projtxt_f1685174d1ec5ac1,explicit_mmr,implicit_mmr,0.06363784319462261,0.4694459075255781,0.15109010826236802,0.01765158419995526,0.28349616483102225,0.014678391986453845
2029784,methodkg_v3_01725,projtxt_f1685174d1ec5ac1,explicit_mmr,implicit_mmr,0.07552998695871085,0.445339874296521,0.15764713871051872,0.020013466522134416,0.2869390794138603,0.01453045409825483
2029785,methodkg_v3_01726,projtxt_f1685174d1ec5ac1,explicit_mmr,implicit_mmr,0.06729461006896513,0.48034494219797297,0.1452854096656837,0.01772513149894716,0.27431771432460444,0.015032192243826688
2029796,methodkg_v3_01727,projtxt_f1685174d1ec5ac1,explicit_mmr,implicit_mmr,0.0683006176468539,0.47950359926445907,0.14119849000133683,0.01770077670611909,0.27825855031299673,0.01503796606823442
2030297,methodkg_v3_01728,projtxt_107809376b881e76,explicit_mmr,no_method_signal,0.08167872727318015,0.1320672813978979,0.13063126646310866,0.3066381721819636,0.11701762099049398,0.2319669316933558
2030313,methodkg_v3_01729,projtxt_c260f54edfa3aeea,explicit_mmr,explicit_mmr,0.8090495112833512,0.12262813724355857,0.00962646620899872,0.052232278761895436,0.0039838333118140615,0.0024797731903821022
2030485,methodkg_v3_01730,projtxt_6dcc701a6946ab7c,implicit_mmr,explicit_mmr,0.7002205002438215,0.1819194169376545,0.009489504798315956,0.08870515886713269,0.016800932152315574,0.002864487000759441
2030582,methodkg_v3_01731,projtxt_3bf3ed2d72d9a7d4,explicit_mmr,no_method_signal,0.07948674764044553,0.1305873137140333,0.12863941670427637,0.30970497709622824,0.09028999833704458,0.2612915465079719
2030663,methodkg_v3_01732,projtxt_8776aec8d5d08fad,implicit_mmr,explicit_mmr,0.5723496187537362,0.2404227517037375,0.011689428313661872,0.13376904364583134,0.039032313254584,0.0027368443284490128
2030720,methodkg_v3_01733,projtxt_136136095b0d869c,implicit_mmr,explicit_mmr,0.7726535216989248,0.05814212796196604,0.015229534494765646,0.1495531167243762,0.0031305409526582455,0.0012911581673091994
2030731,methodkg_v3_01734,projtxt_3d28a471c31c1fed,quant_only,no_method_signal,0.07892780631149741,0.1299045827155339,0.12708461146749359,0.32174649772964437,0.09123564598772967,0.25110085578810104
2030969,methodkg_v3_01735,projtxt_5e0dafaa586aa782,explicit_mmr,no_method_signal,0.08502894379150527,0.12911571842573855,0.1316973920920685,0.3218967623714644,0.09458855767063751,0.23767262564858582
2032226,methodkg_v3_01736,projtxt_a8ac78bda88a933f,qual_only,no_method_signal,0.11711142880391452,0.13130336864107514,0.1719686534512752,0.2856157983981169,0.136367087072719,0.15763366363289924
2032737,methodkg_v3_01737,projtxt_96c5aeb928b6fc0d,explicit_mmr,explicit_mmr,0.61571509240673,0.2839964172223556,0.01530794954390896,0.023134780795424408,0.05121949610006873,0.010626263931512454
2032781,methodkg_v3_01738,projtxt_c2fd6d210dc4e494,quant_only,no_method_signal,0.09711300392200724,0.1177974749844993,0.16980007357429605,0.31040929273431994,0.10448732101615976,0.20039283376871775
2032802,methodkg_v3_01739,projtxt_f095e6fb1d1c0b69,explicit_mmr,explicit_mmr,0.5039943805839641,0.3654074089469217,0.012760318065753225,0.020831903527218722,0.07391922977514463,0.023086759100997684
2033389,methodkg_v3_01740,projtxt_90c43779a8a5720a,explicit_mmr,no_method_signal,0.10341192840380986,0.13998148301787006,0.14582805813306737,0.26578829078837474,0.10882396027768074,0.23616627937919735
2036549,methodkg_v3_01741,projtxt_c914da900173fc64,implicit_mmr,no_method_signal,0.14531858472228015,0.14907015565982448,0.15409572452028633,0.2315560785161663,0.11888876183448303,0.20107069474695977
2036870,methodkg_v3_01742,projtxt_142017d3ef898744,multi_method_not_mmr,no_method_signal,0.08805139632803209,0.12508686026775187,0.17493869292202296,0.31652542099668735,0.09691958612928174,0.19847804335622404
2037403,methodkg_v3_01743,projtxt_6660b04cadc1652e,multi_method_not_mmr,no_method_signal,0.08480133426066336,0.09055489705385408,0.14043245359651757,0.4141031333583218,0.08307062501759473,0.1870375567130485
2037809,methodkg_v3_01744,projtxt_32952c460a095f4b,explicit_mmr,implicit_mmr,0.3764809534497238,0.5101444817103191,0.006965939967949263,0.035130315487640104,0.04310212301270811,0.028176186371659567
2039583,methodkg_v3_01745,projtxt_65adfd7e3855b7b0,quant_only,no_method_signal,0.15938502285558856,0.11374315996202101,0.15653954828764363,0.3029671815751236,0.10907444444014697,0.1582906428794763
2039864,methodkg_v3_01746,projtxt_5327f06f8a5f3e1f,explicit_mmr,explicit_mmr,0.5071010640892585,0.41271005960560087,0.009759632239887182,0.02333162550896286,0.02751622422385604,0.019581394332434568
2039871,methodkg_v3_01747,projtxt_5327f06f8a5f3e1f,explicit_mmr,explicit_mmr,0.48727048904907266,0.4274615781007619,0.01028998985257003,0.024253581239788033,0.03040126794095604,0.020323093816851347
2040795,methodkg_v3_01748,projtxt_41ca7e3bca25e83a,quant_only,no_method_signal,0.10193473409614587,0.13112338466942206,0.15762632768404733,0.2627195707657932,0.10067226152530892,0.24592372125928266
2041960,methodkg_v3_01749,projtxt_375738a06ffe805e,implicit_mmr,no_method_signal,0.15136747124374805,0.11458747366190718,0.1682148313667206,0.27770367693621006,0.13080954159010952,0.15731700520130473
2042142,methodkg_v3_01750,projtxt_3fe01440b485bf54,explicit_mmr,no_method_signal,0.12099781806769272,0.10408862415582348,0.22291998757449566,0.26595585024085344,0.11456515317397543,0.1714725667871592
2044243,methodkg_v3_01751,projtxt_8f732fba024f8be2,implicit_mmr,explicit_mmr,0.8387511156111251,0.13928793496235103,0.006369590340954853,0.004441973423128262,0.0021078279852884754,0.00904155767715208
2044333,methodkg_v3_01752,projtxt_85c2aa548b53e1ca,multi_method_not_mmr,quant_only,0.09591541753365607,0.15287418830676758,0.11310683515773942,0.25086870370954223,0.0782119849067214,0.30902287038557336
2044390,methodkg_v3_01753,projtxt_2e227719662e01a9,implicit_mmr,quant_only,0.13574786133708078,0.17944130739114236,0.1853939107477213,0.18949250262554043,0.0990781270481468,0.2108462908503684
2044473,methodkg_v3_01754,projtxt_91e9a4ecd33bbc95,implicit_mmr,quant_only,0.11167655319429098,0.15438219465131348,0.21690422953746752,0.19017692284828594,0.1037924873109614,0.22306761245768078
2044879,methodkg_v3_01755,projtxt_7b2413bc1813c48f,explicit_mmr,explicit_mmr,0.8667177907201796,0.0945975012201098,0.006819456426276796,0.016184036115366434,0.007494389850300677,0.008186825667766797
2045634,methodkg_v3_01756,projtxt_2ca1f93eb272b514,qual_only,implicit_mmr,0.22201251178606643,0.6321252236893038,0.020164182021416698,0.06405741999722765,0.06020769418641178,0.001432968319573771
2046079,methodkg_v3_01757,projtxt_b6340fda16d76b7c,explicit_mmr,no_method_signal,0.11383740718309653,0.1397348076002907,0.1507282726783159,0.2836932749871428,0.09503232044214922,0.21697391710900485
2047105,methodkg_v3_01758,projtxt_20ca67bdf7062978,explicit_mmr,explicit_mmr,0.7414996510467988,0.15527743194357235,0.023338365981721877,0.03751554915332178,0.0364154186627721,0.005953583211813189
2047420,methodkg_v3_01759,projtxt_d28552bd7d4a26bc,explicit_mmr,explicit_mmr,0.8378612148381225,0.15245191557650875,0.0002860678528441172,0.0012238862904013052,0.0038915925038731903,0.004285322938250189
2048018,methodkg_v3_01760,projtxt_ca9cfb151e84a532,implicit_mmr,no_method_signal,0.15187908950105608,0.14303208707860432,0.15855717819387413,0.2359180676980001,0.123660625704113,0.1869529518243523
2048833,methodkg_v3_01761,projtxt_22aeb2814d4aec49,implicit_mmr,implicit_mmr,0.15439196704593877,0.5703742272582175,0.09288642232507903,0.015615283651823124,0.1517781886567129,0.014953911062228754
2048852,methodkg_v3_01762,projtxt_8f79e7c14ab37768,implicit_mmr,implicit_mmr,0.17505901041457345,0.5762562747617478,0.08320662888886712,0.01523783130910681,0.1356008486736964,0.014639405952008442
2048987,methodkg_v3_01763,projtxt_fe4f7a114e28c6c1,explicit_mmr,no_method_signal,0.12077559926810465,0.15104572767887486,0.15589910718638256,0.257036236243107,0.12481467721207748,0.1904286524114534
2049044,methodkg_v3_01764,projtxt_6f8b85ebdac7ab2e,multi_method_not_mmr,no_method_signal,0.08873437446066723,0.11385642442384974,0.1852696745552107,0.3044165778439168,0.09991289623237495,0.20781005248398052
2049974,methodkg_v3_01765,projtxt_3aa85a70fb40c265,qual_only,implicit_mmr,0.16010633517780606,0.6055112972709574,0.0033645707023519686,0.17158883658101037,0.049732467519564734,0.009696492748309455
2050443,methodkg_v3_01766,projtxt_b0b47ab564309008,qual_only,no_method_signal,0.0966778987172357,0.09921646887672203,0.17225670177960953,0.36490995785427394,0.08666431447116815,0.1802746583009908
2050542,methodkg_v3_01767,projtxt_00e617ceb94357a0,multi_method_not_mmr,no_method_signal,0.09109626670818047,0.11094890359693561,0.1699944468210052,0.34894382039125854,0.0892401122531542,0.18977645022946593
2050619,methodkg_v3_01768,projtxt_1f30b70c3608c43d,implicit_mmr,explicit_mmr,0.9228324270174569,0.027135373514335228,0.006964976820305409,0.039630113370619016,0.0028289253819484147,0.000608183895334852
2050669,methodkg_v3_01769,projtxt_d3ae1329d07b3ae9,multi_method_not_mmr,no_method_signal,0.09109626670818047,0.11094890359693561,0.1699944468210052,0.34894382039125854,0.0892401122531542,0.18977645022946593
2050699,methodkg_v3_01770,projtxt_c69b5cd32c68de78,no_method_signal,no_method_signal,0.19999468064418088,0.20181947312151088,0.07976238782948501,0.4383331228366704,0.05516824454552586,0.024922091022626852
2050899,methodkg_v3_01771,projtxt_ed8837fd99c3a98e,no_method_signal,no_method_signal,0.08024946994803481,0.0905005118727604,0.22771689334762255,0.30645583438081425,0.08734975223745502,0.20772753821331294
2050956,methodkg_v3_01772,projtxt_4b2df178340abb78,multi_method_not_mmr,no_method_signal,0.0702527839436993,0.09659856255182145,0.22769703070299543,0.2937614792723789,0.0770014984371924,0.2346886450919127
2051156,methodkg_v3_01773,projtxt_ed8837fd99c3a98e,no_method_signal,no_method_signal,0.08979598151767368,0.10944063653377471,0.1573199531401112,0.32677454849734955,0.0830491506553634,0.23361972965572753
2052788,methodkg_v3_01774,projtxt_fa827ef23a09221b,no_method_signal,no_method_signal,0.0711440380712913,0.07389632975287115,0.17361311215547856,0.4615608523178062,0.07343120044259963,0.14635446725995305
2054823,methodkg_v3_01775,projtxt_f71ef5460cda3eba,explicit_mmr,explicit_mmr,0.9168867881340621,0.04053390965087116,0.0011827282480992895,0.00793783316302085,0.031804747471605874,0.0016539933323408416
2055250,methodkg_v3_01776,projtxt_04722a9a9f318893,no_method_signal,no_method_signal,0.05668123821246633,0.12889208172299707,0.19871544847882947,0.4862237183376085,0.12261531362154342,0.006872199626555207
2055288,methodkg_v3_01777,projtxt_b7b708bbee0a531c,explicit_mmr,no_method_signal,0.08553819268304566,0.08321625778081461,0.1428202823096209,0.4399876969178997,0.0802896870593775,0.1681478832492417
2055343,methodkg_v3_01778,projtxt_ddedba33ddbac6d0,quant_only,quant_only,0.12877387913514793,0.16996460750260067,0.14632487322235888,0.22004497043657614,0.10941618740854885,0.2254754822947677
2055375,methodkg_v3_01779,projtxt_69039fc46350f034,implicit_mmr,explicit_mmr,0.6025851695028274,0.24551049361510144,0.006983873960142496,0.006524099015780318,0.13455395639701684,0.0038424075091314618
2055379,methodkg_v3_01780,projtxt_391b75ddbd420d32,multi_method_not_mmr,no_method_signal,0.1666410139971478,0.14760430064132585,0.14357270115452692,0.23545042546723652,0.11777746705798707,0.18895409168177593
2055534,methodkg_v3_01781,projtxt_391b75ddbd420d32,multi_method_not_mmr,quant_only,0.13573890587764967,0.1622353306119742,0.15202361801523195,0.21875189483527535,0.10689790261096968,0.22435234804889934
2055550,methodkg_v3_01782,projtxt_f92fa8e3bfb31738,explicit_mmr,no_method_signal,0.15147937480065954,0.12935902667843327,0.14522934016900466,0.278756872768911,0.10506985916438438,0.1901055264186072
2055597,methodkg_v3_01783,projtxt_a1c4736254463bc0,explicit_mmr,explicit_mmr,0.8387932894495488,0.10989373706838669,0.013592532490826884,0.012824516565930645,0.007012839312389677,0.01788308511291742
2055609,methodkg_v3_01784,projtxt_a1c4736254463bc0,explicit_mmr,explicit_mmr,0.8418350715131087,0.10754932878195012,0.013937589222800327,0.012830861486563913,0.006458360165351819,0.017388788830225016
2055705,methodkg_v3_01785,projtxt_1f3a89111286dec6,implicit_mmr,no_method_signal,0.08325236549170398,0.10601768989511542,0.24338903935493586,0.30371331092935155,0.08909830414289047,0.1745292901860026
2100017,methodkg_v3_01786,projtxt_d74f3b28b97e8bc1,explicit_mmr,no_method_signal,0.15538875912980546,0.12430629170099125,0.15670326588188913,0.2838674189236275,0.10284305471008247,0.17689120965360422
2100029,methodkg_v3_01787,projtxt_4777dfa70dc91073,explicit_mmr,explicit_mmr,0.8638635285314118,0.09179148551383297,0.008475813309297288,0.023469176055360613,0.007031466437018712,0.005368530153078673
2100062,methodkg_v3_01788,projtxt_62d4a8b113079ea1,explicit_mmr,explicit_mmr,0.5232814357042761,0.1347539778440401,0.03851367188931281,0.20446716121475442,0.08050839588035505,0.0184753574672615
2100081,methodkg_v3_01789,projtxt_24728f8115dda450,implicit_mmr,no_method_signal,0.13717723755740777,0.15632831404461206,0.15952954495252444,0.22890591096335738,0.11451332671076628,0.20354566577133215
2100137,methodkg_v3_01790,projtxt_1470d9f5a722f6ac,multi_method_not_mmr,no_method_signal,0.1404393035447404,0.14665564406776874,0.15008088921147839,0.22009373452157288,0.127296954367777,0.21543347428666254
2100138,methodkg_v3_01791,projtxt_1470d9f5a722f6ac,multi_method_not_mmr,no_method_signal,0.1605816693736284,0.1385576988912866,0.1635188767401396,0.231194106913237,0.1316754924404349,0.17447215564127358
2100139,methodkg_v3_01792,projtxt_d74f3b28b97e8bc1,explicit_mmr,implicit_mmr,0.3545614174423389,0.601593527534776,0.010085289093990304,0.008066019737776299,0.016373749175850074,0.009319997015268495
2100149,methodkg_v3_01793,projtxt_b400e59d6e899efb,qual_only,no_method_signal,0.08844015778585394,0.08779684118838692,0.1376050036241474,0.43876026931894346,0.08030103903257023,0.1670966890500982
2100242,methodkg_v3_01794,projtxt_65345c6a2934bdc1,qual_only,explicit_mmr,0.8543994531625109,0.11011924571946156,0.00551097269910224,0.005308619496690949,0.023191380264561016,0.001470328657673461
2100296,methodkg_v3_01795,projtxt_f92fa8e3bfb31738,explicit_mmr,no_method_signal,0.1831327081938733,0.12945894865127347,0.1566280127465766,0.24428881523154125,0.11408983213807253,0.17240168303866288
2100617,methodkg_v3_01796,projtxt_f21d59f3a22b7a7b,implicit_mmr,no_method_signal,0.13018470075040703,0.1568380726653949,0.13757773094159334,0.25185813147635255,0.1194664440587666,0.20407492010748554
2100823,methodkg_v3_01797,projtxt_0df2d658d9ae017c,quant_only,no_method_signal,0.1394767097207526,0.14893418219084925,0.15201826255896128,0.22520027109789004,0.12537010387868483,0.20900047055286194
2100835,methodkg_v3_01798,projtxt_7d41cd094cba0959,explicit_mmr,explicit_mmr,0.9502626721643096,0.04049884356323211,0.0012588966987558767,0.002903808651312928,0.0015074012056913021,0.003568377716698283
2101138,methodkg_v3_01799,projtxt_fa6e65c73f689323,multi_method_not_mmr,no_method_signal,0.09690884624011917,0.10264134496638104,0.21314851571293494,0.2688582963471478,0.09087658516126651,0.2275664115721505
2101217,methodkg_v3_01800,projtxt_90e4ed2686df5f87,qual_only,no_method_signal,0.12442731832057462,0.13754328677124664,0.1631436946222651,0.22319756932660695,0.14204114961999087,0.20964698133931572
2101255,methodkg_v3_01801,projtxt_8628b870f689a97f,multi_method_not_mmr,explicit_mmr,0.7695552938602183,0.20464823832118337,0.0030061031476063286,0.01348520478093631,0.008246038730455962,0.0010591211595996812
2101669,methodkg_v3_01802,projtxt_6363c8b5fefc3c5b,multi_method_not_mmr,no_method_signal,0.1471828827647142,0.14438056757234574,0.18227103666209535,0.21095648869196593,0.13323045373338352,0.18197857057549527
2101670,methodkg_v3_01803,projtxt_6363c8b5fefc3c5b,multi_method_not_mmr,no_method_signal,0.14178834998860154,0.12376444443533026,0.1551254316599317,0.26550488315654486,0.11655752232178225,0.1972593684378093
2104782,methodkg_v3_01804,projtxt_80e2ac83636fc362,explicit_mmr,explicit_mmr,0.9840214518475485,0.01210032783271406,0.0005149714139249552,0.0017396143847688134,0.0007327705426121312,0.0008908639784313771
2104792,methodkg_v3_01805,projtxt_80e2ac83636fc362,explicit_mmr,explicit_mmr,0.9806776153985401,0.014663121291933636,0.0006216248177266176,0.0019986612400778162,0.0009381325110721225,0.0011008447406495793
2104979,methodkg_v3_01806,projtxt_80e2ac83636fc362,explicit_mmr,explicit_mmr,0.9826792507679433,0.012971380450672506,0.0005981003846106334,0.0019475500256321472,0.0008458713549587313,0.0009578470161826816
2105156,methodkg_v3_01807,projtxt_a89d5fc253c3edcf,explicit_mmr,no_method_signal,0.11051893200739152,0.11980943204772071,0.20190809687480105,0.2392460465350441,0.12944335214331998,0.19907414039172266
2105695,methodkg_v3_01808,projtxt_581cb0029a749608,implicit_mmr,implicit_mmr,0.07242453063963226,0.8817451655525161,0.0023489915129403134,0.004114674823435642,0.019911666515609164,0.019454970955866607
2106319,methodkg_v3_01809,projtxt_d006e28f0c25de40,explicit_mmr,no_method_signal,0.09906886760208176,0.11287185547328993,0.18600608567107255,0.2803185232252901,0.13368854205585357,0.18804612597241216
2106670,methodkg_v3_01810,projtxt_02dd6aff64e675ab,explicit_mmr,explicit_mmr,0.9595227664093193,0.03573336105405281,0.0005698234294543724,0.0029622666154695636,0.0003130876481632844,0.0008986948435406789
2107631,methodkg_v3_01811,projtxt_9dfa5a67ff8d01e7,explicit_mmr,implicit_mmr,0.45474755292733093,0.5021868265855199,0.012883042548839693,0.010578091196152233,0.009754597101015857,0.009849889641141252
2109443,methodkg_v3_01812,projtxt_9cd26396189dac60,implicit_mmr,no_method_signal,0.11881560654002545,0.13805173455776013,0.1848840195708701,0.25425419551922457,0.1294240048839718,0.17457043892814794
2109942,methodkg_v3_01813,projtxt_6df75f043518ef1c,quant_only,quant_only,0.08395599911436481,0.14416996236484342,0.14312810187994834,0.22229749972652638,0.090687740939944,0.31576069597437306
2110641,methodkg_v3_01814,projtxt_2b3d21e0a778e78f,implicit_mmr,quant_only,0.12021794714675675,0.16004903355017427,0.1905777580403815,0.2096535517889679,0.10642100460376544,0.21308070486995412
2110777,methodkg_v3_01815,projtxt_b6599599f28d37ea,explicit_mmr,no_method_signal,0.12000703629153624,0.1363335109041606,0.1565561317561269,0.2918412513121295,0.10611815673273438,0.1891439130033124
2111119,methodkg_v3_01816,projtxt_457f9ffbbf2d35a3,implicit_mmr,no_method_signal,0.1220074279549242,0.16047628630225888,0.17986506005544173,0.21776724788439522,0.10965919498202946,0.21022478282095047
2111150,methodkg_v3_01817,projtxt_a084b4bbc27abd6c,explicit_mmr,implicit_mmr,0.28039650568295765,0.6125975412907945,0.022286633432253712,0.014471163582725193,0.011922227597016073,0.05832592841425276
2111262,methodkg_v3_01818,projtxt_029a40bc421ed1cd,implicit_mmr,no_method_signal,0.10586207368675041,0.13071552687255167,0.17200876967364395,0.2763554977134166,0.10210304362223278,0.2129550884314045
2111331,methodkg_v3_01819,projtxt_2b3d21e0a778e78f,implicit_mmr,multi_method_not_mmr,0.11559416122336096,0.1466108357068733,0.22836481121098154,0.1984638329386052,0.10604890374825639,0.20491745517192259
2111377,methodkg_v3_01820,projtxt_431f920df327edc2,explicit_mmr,quant_only,0.12036260908930478,0.16752091449351658,0.18469451221454927,0.1960722579268048,0.10066541226346418,0.23068429401236037
2111386,methodkg_v3_01821,projtxt_431f920df327edc2,explicit_mmr,no_method_signal,0.12228489968411835,0.15900275068235176,0.1790599819405891,0.21876406181549343,0.10319548250956122,0.21769282336788612
2111510,methodkg_v3_01822,projtxt_431f920df327edc2,explicit_mmr,quant_only,0.12925561836813249,0.1716700125413809,0.18475870762089214,0.20332142193724279,0.10274902577901183,0.2082452137533398
2111533,methodkg_v3_01823,projtxt_2b3d21e0a778e78f,implicit_mmr,quant_only,0.12021794714675675,0.16004903355017427,0.1905777580403815,0.2096535517889679,0.10642100460376544,0.21308070486995412
2112532,methodkg_v3_01824,projtxt_6b8610f65b9d0a26,explicit_mmr,no_method_signal,0.09880551904504044,0.12392699253852199,0.18326894628097493,0.2535346355981352,0.10704635837266156,0.23341754816466587
2112689,methodkg_v3_01825,projtxt_e6ce90dae9e32586,explicit_mmr,explicit_mmr,0.9667943381254465,0.021519890544484308,0.0006362169689313578,0.009522236204064909,0.0012487398995461843,0.0002785782575267518
2113261,methodkg_v3_01826,projtxt_07bb8f0e1d6e4563,multi_method_not_mmr,no_method_signal,0.08367514176482917,0.08984710334917907,0.13599073065066558,0.427069701310513,0.07757197248064038,0.18584535044417286
2113755,methodkg_v3_01827,projtxt_419c744c21fbb08c,implicit_mmr,implicit_mmr,0.13210081943000299,0.7930514888260882,0.0063032910446843785,0.007024571093167433,0.044067071214330476,0.017452758391726494
2113844,methodkg_v3_01828,projtxt_60b916538d4596e2,implicit_mmr,no_method_signal,0.12642143782242068,0.10034944121060124,0.18301353365449363,0.3103619154787261,0.10315699544719337,0.17669667638656494
2113845,methodkg_v3_01829,projtxt_60b916538d4596e2,implicit_mmr,no_method_signal,0.09648613360887662,0.11810557736339494,0.20389341089483135,0.25034826552481293,0.11287791106374148,0.2182887015443427
2113846,methodkg_v3_01830,projtxt_60b916538d4596e2,implicit_mmr,no_method_signal,0.09718248234782957,0.12002450939909803,0.19446623420215695,0.27384199395482456,0.11493889675497396,0.19954588334111695
2114824,methodkg_v3_01831,projtxt_cddf7e0cc0ad4502,qual_only,no_method_signal,0.11539983094028315,0.13128032790752225,0.15897702794065827,0.27710142469089327,0.10579994943316633,0.21144143908747667
2115138,methodkg_v3_01832,projtxt_322477d0381a6689,explicit_mmr,explicit_mmr,0.8827375257402028,0.10636398567280947,0.0007937381769349658,0.0025627114083867112,0.006619630072731959,0.000922408928934009
2115160,methodkg_v3_01833,projtxt_b40ebcd25b6e91b6,implicit_mmr,no_method_signal,0.15412595689643116,0.09336613734528731,0.19940328327934806,0.2917898220277755,0.12134881923831624,0.13996598121284182
2115579,methodkg_v3_01834,projtxt_baf70c75a8059db2,explicit_mmr,no_method_signal,0.11227888508992577,0.12387279554357387,0.16727472844626592,0.28853592163230685,0.1098648537791842,0.19817281550874324
2115730,methodkg_v3_01835,projtxt_7763d695e0220998,explicit_mmr,no_method_signal,0.15418871070836374,0.10085275717281676,0.186082753944555,0.28890371427339073,0.11720284336955064,0.15276922053132305
2115921,methodkg_v3_01836,projtxt_f72f6ecc2a8b5b4d,implicit_mmr,no_method_signal,0.1601038174156138,0.10508174944335065,0.1849520999158017,0.27973584960190706,0.11921905386802566,0.15090742975530108
2116110,methodkg_v3_01837,projtxt_b8b762d37efd596b,explicit_mmr,explicit_mmr,0.6664061801127871,0.041078360234868494,0.2092415719339299,0.02685403964890349,0.05195540613570542,0.004464441933805664
2116118,methodkg_v3_01838,projtxt_8c65c85ff9a52003,explicit_mmr,no_method_signal,0.18921033252184447,0.0946546546981585,0.18402550179517088,0.27650743446367726,0.11947000753633183,0.13613206898481706
2117224,methodkg_v3_01839,projtxt_a94ace5ca3dd0458,explicit_mmr,no_method_signal,0.10565765120124043,0.11532680361507545,0.23431721877753148,0.2485742695463968,0.11472811057358784,0.18139594628616784
2118077,methodkg_v3_01840,projtxt_a94ace5ca3dd0458,explicit_mmr,explicit_mmr,0.8649473702977079,0.08327972405864197,0.015897519624015758,0.00526810417550403,0.02275110908433022,0.00785617275980004
2119007,methodkg_v3_01841,projtxt_e2130aa1f81e40cf,multi_method_not_mmr,no_method_signal,0.09427909646336699,0.13415419353219526,0.17020774979072648,0.25580748456926744,0.10847966017815786,0.237071815466286
2120021,methodkg_v3_01842,projtxt_a022754d031d0071,explicit_mmr,explicit_mmr,0.5659211550762102,0.32888567182641887,0.011492739686818479,0.033584136865310206,0.05614251337012357,0.003973783175118708
2120742,methodkg_v3_01843,projtxt_341cbb6d07fed890,explicit_mmr,explicit_mmr,0.6631029694756292,0.2961839803744713,0.001964355858338677,0.0010005393686127121,0.02964911942582783,0.008099035497120233
2120849,methodkg_v3_01844,projtxt_9bc6cd06b64ed5f5,explicit_mmr,no_method_signal,0.1140608673284463,0.15662321394040277,0.19325271593724147,0.22312845639092607,0.10106059421715781,0.21187415218582556
2121277,methodkg_v3_01845,projtxt_5f6ee756fe5294a3,explicit_mmr,implicit_mmr,0.0787353621832326,0.5266892543854568,0.05205142635927284,0.038282057753043774,0.27419386530507556,0.030048034013918576
2121342,methodkg_v3_01846,projtxt_bd3f28e8b2018c36,explicit_mmr,no_method_signal,0.12254723069799354,0.16519334143967748,0.17726960109881001,0.21786893713098332,0.10195797883636236,0.21516291079617314
2121351,methodkg_v3_01847,projtxt_1af6bfc9255aa9de,explicit_mmr,no_method_signal,0.11456214464046183,0.14647477344176363,0.17179776520215356,0.2631037498630359,0.11074121380798965,0.19332035304459533
2121417,methodkg_v3_01848,projtxt_f2b63772d8f83b67,explicit_mmr,explicit_mmr,0.7374096282704978,0.082203884984038,0.04006708071792097,0.12234072047570753,0.012301420902489483,0.005677264649346187
2121503,methodkg_v3_01849,projtxt_bd3f28e8b2018c36,explicit_mmr,no_method_signal,0.1356467814419561,0.1592398774205974,0.1697976626854722,0.22001396578014942,0.0985904766029312,0.21671123606889356
2122212,methodkg_v3_01850,projtxt_f8eb65432ad22af1,multi_method_not_mmr,no_method_signal,0.10656723754856251,0.12193451121778098,0.18473957311718614,0.27838649916734054,0.11351724793532153,0.1948549310138083
2122213,methodkg_v3_01851,projtxt_f8eb65432ad22af1,multi_method_not_mmr,no_method_signal,0.10577002345701306,0.10976416221017757,0.22306881287107772,0.2646870617159721,0.11273916896072475,0.1839707707850347
2122367,methodkg_v3_01852,projtxt_d91ba96bf3be8dad,explicit_mmr,no_method_signal,0.09357965820550408,0.12698319327608598,0.16563873371140966,0.2859056827270616,0.10866515533867349,0.2192275767412652
2122665,methodkg_v3_01853,projtxt_c4dc8e729fcbc512,explicit_mmr,no_method_signal,0.1048224192184296,0.12669036070330697,0.16457998291235593,0.29401306562348917,0.09773845513607184,0.2121557164063465
2122828,methodkg_v3_01854,projtxt_7ba11606919f2bbc,explicit_mmr,explicit_mmr,0.876996374514788,0.10489751020815413,0.0037699890702642598,0.010386883806480661,0.003436774595373042,0.0005124678049402
2122874,methodkg_v3_01855,projtxt_8cd0116365c9c243,explicit_mmr,explicit_mmr,0.9119300371778885,0.011197765623369927,0.009200600426324949,0.009073686327446463,0.05799934737682753,0.0005985630681428587
2122875,methodkg_v3_01856,projtxt_393e192b80fe79e8,explicit_mmr,explicit_mmr,0.9078664210413769,0.04330747162440926,0.012443427828866266,0.023558281398857725,0.011952642582985985,0.000871755523504011
2122924,methodkg_v3_01857,projtxt_076cf314259d5520,explicit_mmr,no_method_signal,0.10213362463747673,0.12849001831031112,0.15423561946777978,0.27723418020049034,0.10357526838752992,0.23433128899641215
2122934,methodkg_v3_01858,projtxt_960837423d999e65,qual_only,no_method_signal,0.0918663161540165,0.13157467377837948,0.16687705010180418,0.2882771010447782,0.09709280787241781,0.2243120510486038
2122985,methodkg_v3_01859,projtxt_37ffffa453bdff20,quant_only,no_method_signal,0.0834311042690041,0.12066534480469844,0.10991782225886114,0.34406687303681954,0.06377048558704998,0.2781483700435668
2124215,methodkg_v3_01860,projtxt_b156643bcfceb157,quant_only,no_method_signal,0.09251361236972623,0.11096388069165375,0.17822972277699875,0.3342526271981706,0.10149508416528395,0.18254507279816667
2125362,methodkg_v3_01861,projtxt_a6c8a502f32182e2,multi_method_not_mmr,no_method_signal,0.13892756330437236,0.2310897695224981,0.10394748203488974,0.44353850386800237,0.0722288721391157,0.010267809131121674
2126021,methodkg_v3_01862,projtxt_6b8158a3dd06913e,explicit_mmr,explicit_mmr,0.921769275437614,0.04256670087247894,0.006021696354758915,0.0174946534543877,0.010226496031215162,0.001921177849545132
2126023,methodkg_v3_01863,projtxt_3c8703fae94f81f4,explicit_mmr,explicit_mmr,0.9019319715374876,0.0789744193482107,0.002362975096937033,0.008011658206138556,0.0038133163585799238,0.00490565945264604
2126031,methodkg_v3_01864,projtxt_1a9abc3d81e180f4,implicit_mmr,no_method_signal,0.10507777435599018,0.114222786150149,0.1644854282243516,0.3220696922556698,0.10596651570982052,0.18817780330401881
2126056,methodkg_v3_01865,projtxt_7c7a1bdd61db30bd,explicit_mmr,explicit_mmr,0.7323570729419475,0.2271606124067048,0.003541720674072989,0.010552578576708462,0.021841060886602568,0.004546954513963556
2126082,methodkg_v3_01866,projtxt_ee752425eda11ee3,quant_only,no_method_signal,0.08628151310093904,0.1199872218445094,0.1778303170109253,0.30860135312112763,0.0938824304959763,0.2134171644265223
2126613,methodkg_v3_01867,projtxt_07dab8f0f0dbb436,qual_only,quant_only,0.11261170025968147,0.16220386308347193,0.1865328672186827,0.20212501519075127,0.10179223762933003,0.23473431661808253
2128203,methodkg_v3_01868,projtxt_6ff4baf5c6f79d00,implicit_mmr,no_method_signal,0.09976948451599134,0.13041190143911854,0.15368699599822583,0.28506255605743175,0.09454366664714436,0.23652539534208822
2128544,methodkg_v3_01869,projtxt_336f620aff41515b,implicit_mmr,explicit_mmr,0.686848876098632,0.19979753254934599,0.045425220234357314,0.04047337317959282,0.02270530992776866,0.004749688010303134
2128559,methodkg_v3_01870,projtxt_336f620aff41515b,implicit_mmr,explicit_mmr,0.6752674661344767,0.19583186282156276,0.05403283609938966,0.044441347595260125,0.02577062051780099,0.00465586683150974
2128897,methodkg_v3_01871,projtxt_955719bccc529669,explicit_mmr,no_method_signal,0.07740786176757147,0.12708155758221604,0.10911608020559241,0.32764861139832635,0.08511906833060524,0.2736268207156885
2129282,methodkg_v3_01872,projtxt_06e5e39682f324de,explicit_mmr,explicit_mmr,0.4566997614561744,0.3613276325583024,0.011723653961518303,0.015788238269860273,0.1461696809768107,0.008291032777333935
2129308,methodkg_v3_01873,projtxt_06e5e39682f324de,explicit_mmr,explicit_mmr,0.4180861818276984,0.38109283792193044,0.01222434423632425,0.016266009426628158,0.16337082590628393,0.00895980068113487
2129896,methodkg_v3_01874,projtxt_9e90a87deb59d7b8,explicit_mmr,no_method_signal,0.07946124420746581,0.13058019411374808,0.12863984469502532,0.30973332363918443,0.09026858935817739,0.2613168039863989
2130006,methodkg_v3_01875,projtxt_39e07fdac32f948c,qual_only,no_method_signal,0.08583589774335147,0.13343968805114823,0.12675363770686945,0.31690261993161195,0.08987412469537531,0.24719403187164363
2130022,methodkg_v3_01876,projtxt_de71e5fe2026e4cb,explicit_mmr,no_method_signal,0.078983010698678,0.1374103423569679,0.12371590470115162,0.30185385453141345,0.08826493375970618,0.2697719539520828
2130073,methodkg_v3_01877,projtxt_280e5108ddad2562,explicit_mmr,explicit_mmr,0.8094571839694141,0.05572507786517516,0.002733447686198962,0.1250770019895493,0.006088939193821733,0.0009183492958407763
2130169,methodkg_v3_01878,projtxt_41729695ca7eafdf,explicit_mmr,explicit_mmr,0.6550189250519466,0.18112966865719463,0.004437954261703281,0.14359109334163606,0.014626671396560527,0.0011956872909587373
2130222,methodkg_v3_01879,projtxt_c0e74ffd4821cce5,explicit_mmr,explicit_mmr,0.6874626551138064,0.06940768137129398,0.004504477516654095,0.23213722338445394,0.005764701919926454,0.0007232606938651882
2130239,methodkg_v3_01880,projtxt_1988d3ee1b85435c,explicit_mmr,no_method_signal,0.38034315394913976,0.09647239154376745,0.03386808487884277,0.46922771439822286,0.018850312921042663,0.001238342308984385
2130255,methodkg_v3_01881,projtxt_c0e74ffd4821cce5,explicit_mmr,explicit_mmr,0.6782855810978213,0.07367006236323216,0.00481093611560745,0.2363369782576039,0.0061273419869219,0.0007691001788131087
2130256,methodkg_v3_01882,projtxt_43223a9f6288015f,explicit_mmr,no_method_signal,0.08423127387318352,0.13392929775928694,0.1358609168369711,0.3013658630561149,0.09485999538935125,0.24975265308509226
2130286,methodkg_v3_01883,projtxt_c0e74ffd4821cce5,explicit_mmr,explicit_mmr,0.6723378487976899,0.07445255936863378,0.004977913994401371,0.24112824810908604,0.006328780858119207,0.0007746488720697664
2130290,methodkg_v3_01884,projtxt_471552f65ce03187,explicit_mmr,explicit_mmr,0.8576720927159576,0.11465787557208283,0.0022679268029579093,0.01683300899781689,0.00748595811861773,0.001083137792567117
2130298,methodkg_v3_01885,projtxt_471552f65ce03187,explicit_mmr,explicit_mmr,0.8630234449760013,0.10948426079854405,0.0022920238639834245,0.016878043632227644,0.007241903988226798,0.001080322741016815
2130323,methodkg_v3_01886,projtxt_c0e74ffd4821cce5,explicit_mmr,explicit_mmr,0.6782855810978213,0.07367006236323216,0.00481093611560745,0.2363369782576039,0.0061273419869219,0.0007691001788131087
2130397,methodkg_v3_01887,projtxt_f82ee086f4412803,implicit_mmr,explicit_mmr,0.7758747314134216,0.14040324771247698,0.0026520221068381472,0.06775692869289611,0.010126295333805865,0.0031867747405613226
2130398,methodkg_v3_01888,projtxt_471552f65ce03187,explicit_mmr,explicit_mmr,0.8583285801636859,0.11320691176538446,0.002292224939231515,0.017454445348841916,0.007644236825988346,0.0010736009568677195
2130448,methodkg_v3_01889,projtxt_e60a72b57bf3d9ce,explicit_mmr,no_method_signal,0.08845652149675322,0.12246076045333862,0.12896480480597805,0.33268731565651405,0.09338468805961206,0.2340459095278041
2130461,methodkg_v3_01890,projtxt_5b14c7ec253be70a,explicit_mmr,no_method_signal,0.08006579805585262,0.12321603309829575,0.11178791701746116,0.36219708794207295,0.09367680725253813,0.22905635663377946
2130479,methodkg_v3_01891,projtxt_7d25dee515174d75,quant_only,no_method_signal,0.08500199145846843,0.12910917926130588,0.1316983404927079,0.32192747203501354,0.09456649582204206,0.23769652093046226
2131097,methodkg_v3_01892,projtxt_4cbc11a4f15f35b2,implicit_mmr,no_method_signal,0.10632647528302253,0.1225553924080906,0.17445924950834704,0.2793296928078362,0.10860152347245057,0.20872766652025312
2133190,methodkg_v3_01893,projtxt_a0b1764ed538601c,qual_only,no_method_signal,0.1242233624185199,0.11000732613336711,0.16188812695639304,0.31145434399774213,0.12618663248805823,0.16624020800591952
2133982,methodkg_v3_01894,projtxt_2880e457027f1848,explicit_mmr,no_method_signal,0.1378250937439787,0.16070860409785595,0.13839197113181045,0.27017064006885305,0.11365445500960421,0.17924923594789757
2134583,methodkg_v3_01895,projtxt_4582f6cc1b98ecc0,explicit_mmr,quant_only,0.1147044208556463,0.1608536761736395,0.1818739170974562,0.19862019484816681,0.10780336543101948,0.23614442559407167
2135431,methodkg_v3_01896,projtxt_53b19a8058734f2f,explicit_mmr,quant_only,0.10751355337190317,0.1625372706594283,0.18107078500801227,0.20196003323327008,0.11661898058986703,0.23029937713751916
2135438,methodkg_v3_01897,projtxt_53b19a8058734f2f,explicit_mmr,explicit_mmr,0.8418089646792264,0.12092066646509095,0.0080553407920201,0.008005049523842624,0.0029645003648356527,0.018245478174984214
2136382,methodkg_v3_01898,projtxt_be5a0d8a4d7c1e4b,qual_only,quant_only,0.11103291433069618,0.14679254553350632,0.17619778603913042,0.2304759519739638,0.10089905767990483,0.23460174444279858
2138463,methodkg_v3_01899,projtxt_af0f50a6a6e5f9b2,explicit_mmr,no_method_signal,0.09035573808302128,0.11404624155041157,0.17185208712095046,0.3254784461549974,0.0936497814431627,0.2046177056474566
2139106,methodkg_v3_01900,projtxt_6999f007aa5a724b,explicit_mmr,no_method_signal,0.1321119432051689,0.11917329764420778,0.1747409340734241,0.2721411435221655,0.1055533226850583,0.19627935886997538
2140246,methodkg_v3_01901,projtxt_d123840904cfc69c,explicit_mmr,no_method_signal,0.12262156187888981,0.11343576317802853,0.17038616748479854,0.2796862628801597,0.07606626951585077,0.23780397506227272
2140262,methodkg_v3_01902,projtxt_1f7f4df7e0003f37,explicit_mmr,no_method_signal,0.10443473411663458,0.13378206669839707,0.16510944008677872,0.2755540953902681,0.09568347684215413,0.22543618686576736
2140867,methodkg_v3_01903,projtxt_d123840904cfc69c,explicit_mmr,no_method_signal,0.08952268349752408,0.11350593817037016,0.16048603741619002,0.2993220377969912,0.09454851194635375,0.24261479117257073
2140901,methodkg_v3_01904,projtxt_f418bbf041a4242b,explicit_mmr,explicit_mmr,0.8680663133761397,0.09833368683556476,0.006337806896003719,0.011192565272852124,0.015611246929439729,0.00045838068999986376
2140902,methodkg_v3_01905,projtxt_f418bbf041a4242b,explicit_mmr,explicit_mmr,0.8740770510233189,0.09171229402631145,0.006285263759064064,0.01161794707179561,0.015846396646910673,0.0004610474725994189
2140903,methodkg_v3_01906,projtxt_f418bbf041a4242b,explicit_mmr,explicit_mmr,0.8835933444387711,0.08411039975751149,0.006095017861069382,0.011004134829377314,0.01478066888398541,0.00041643422928540596
2140904,methodkg_v3_01907,projtxt_f418bbf041a4242b,explicit_mmr,explicit_mmr,0.8828203160616416,0.0850636556968966,0.006277353211803304,0.011113191052137126,0.014290652268466132,0.0004348317090553961
2140905,methodkg_v3_01908,projtxt_f418bbf041a4242b,explicit_mmr,explicit_mmr,0.873975167360578,0.08921991522312486,0.006897896935403545,0.012399071605292074,0.017045167036783885,0.0004627818388175457
2141682,methodkg_v3_01909,projtxt_de709f4ca1737eae,explicit_mmr,implicit_mmr,0.1478646321898305,0.5189452294262689,0.06446858093380205,0.03750684873868646,0.19677230615844787,0.034442402552964234
2141716,methodkg_v3_01910,projtxt_d5e7333f244f531c,implicit_mmr,no_method_signal,0.1221983629852799,0.157942787389754,0.15908607066359357,0.24064013365089076,0.1085841206612794,0.21154852464920243
2141724,methodkg_v3_01911,projtxt_d5e7333f244f531c,implicit_mmr,no_method_signal,0.121551628065568,0.14456687497812448,0.1714135055631008,0.25447388234743823,0.10023427351430471,0.2077598355314637
2141727,methodkg_v3_01912,projtxt_d5e7333f244f531c,implicit_mmr,no_method_signal,0.11336839694048374,0.12038238474224665,0.21970670919911472,0.25163372434527265,0.10565319889088563,0.1892555858819965
2141952,methodkg_v3_01913,projtxt_1f298c43c0165eef,implicit_mmr,no_method_signal,0.11355801250869664,0.16085401493045037,0.1544566169425235,0.24168073464627696,0.10729284806009395,0.22215777291195843
2141975,methodkg_v3_01914,projtxt_9ff7049ab6a05198,explicit_mmr,explicit_mmr,0.9173526972274312,0.06481687433536369,0.0018648711384617919,0.00775749031124298,0.0029229567410253544,0.005285110246475218
2142108,methodkg_v3_01915,projtxt_be97e82f9b8f895b,implicit_mmr,quant_only,0.11228293931895367,0.1620241043893,0.18504153458374056,0.2108534256974239,0.10328434980330639,0.22651364620727538
2142214,methodkg_v3_01916,projtxt_c648beebfa74f678,explicit_mmr,explicit_mmr,0.9951366874734968,0.002523113386259468,0.0003809769098836728,0.0013892240664169992,0.0002492275170458069,0.0003207706468969495
2142262,methodkg_v3_01917,projtxt_be97e82f9b8f895b,implicit_mmr,quant_only,0.11810560012663708,0.1645994737113927,0.1949141494159728,0.19457863678253862,0.10583518467796944,0.22196695528548938
2142276,methodkg_v3_01918,projtxt_9ff7049ab6a05198,explicit_mmr,explicit_mmr,0.9172145692202504,0.06510386823021436,0.0018564230342176342,0.007508154019564969,0.0028806589851266572,0.005436326510626136
2142277,methodkg_v3_01919,projtxt_be97e82f9b8f895b,implicit_mmr,quant_only,0.10370344711982867,0.1857352748991375,0.16516159038392383,0.18742492767891444,0.0989097940821594,0.25906496583603605
2142311,methodkg_v3_01920,projtxt_f1f8b6c8448ac158,explicit_mmr,quant_only,0.10740696231178253,0.17473055163783227,0.18238715381493573,0.1975519813805378,0.1067046534094041,0.23121869744550747
2142324,methodkg_v3_01921,projtxt_f1f8b6c8448ac158,explicit_mmr,explicit_mmr,0.8056774013387207,0.14379929782220896,0.017944499659688435,0.0046695849322159885,0.003267668605390649,0.02464154764177566
2142344,methodkg_v3_01922,projtxt_c648beebfa74f678,explicit_mmr,explicit_mmr,0.9957117015347228,0.002249018628840804,0.00032362605845933317,0.0012219366475046433,0.00020432197428465118,0.0002893951561877762
2142416,methodkg_v3_01923,projtxt_9ff7049ab6a05198,explicit_mmr,explicit_mmr,0.9140954826786093,0.06777001095935384,0.0017345712584254352,0.007716128477547219,0.003188075726089771,0.005495730899974614
2142436,methodkg_v3_01924,projtxt_9ff7049ab6a05198,explicit_mmr,explicit_mmr,0.9188578017523205,0.06255502846652347,0.002072866961829308,0.008235050146890965,0.002940564379477271,0.005338688292958319
2142439,methodkg_v3_01925,projtxt_2cfcd75540e543fa,implicit_mmr,quant_only,0.12018323430783265,0.16004544698997358,0.19058451204520235,0.2096794739766375,0.10639918737559756,0.21310814530475658
2142490,methodkg_v3_01926,projtxt_2cfcd75540e543fa,implicit_mmr,no_method_signal,0.10055565681649188,0.1216649074903669,0.17208391976827606,0.3037352768400935,0.10373027052903393,0.19822996855573785
2142503,methodkg_v3_01927,projtxt_2cfcd75540e543fa,implicit_mmr,no_method_signal,0.10347199337207265,0.12221931721912722,0.17050855929966519,0.29784234645486735,0.10252102987585136,0.20343675377841625
2142594,methodkg_v3_01928,projtxt_2cfcd75540e543fa,implicit_mmr,quant_only,0.13333163579351073,0.15732048551606528,0.18523226654432134,0.20467270095436516,0.10306867504305434,0.21637423614868317
2142628,methodkg_v3_01929,projtxt_fe73a744083b8f37,multi_method_not_mmr,quant_only,0.1163135762239031,0.1626976333651936,0.18894024695856443,0.20854959429429748,0.10665052277659125,0.21684842638145005
2142641,methodkg_v3_01930,projtxt_5938e26505138f2b,explicit_mmr,no_method_signal,0.11775522616876999,0.1469806301420154,0.17003806419836057,0.2577157699265496,0.10933003224146376,0.1981802773228407
2142659,methodkg_v3_01931,projtxt_eb3a2bbf1dbf5bb1,qual_only,explicit_mmr,0.8804057505280706,0.08501073146356333,0.0063611840685154275,0.006847066836600496,0.015362703670423737,0.0060125634328264226
2142697,methodkg_v3_01932,projtxt_8c2e4c9a05f1ae7c,explicit_mmr,explicit_mmr,0.9081976465577144,0.07926297410836144,0.0007317430647037601,0.008157149338949463,0.001995014713507985,0.0016554722167630017
2142780,methodkg_v3_01933,projtxt_2029f139e7b3d305,no_method_signal,no_method_signal,0.12050935113048838,0.15402673950780085,0.18801081031878059,0.21875749979685696,0.11395944117660028,0.20473615806947293
2142783,methodkg_v3_01934,projtxt_2cfcd75540e543fa,implicit_mmr,explicit_mmr,0.7183270914767891,0.10599241429781939,0.026584437195434053,0.11665488447977379,0.020888704970681588,0.011552467579502054
2143173,methodkg_v3_01935,projtxt_196bc9f4fba87290,implicit_mmr,no_method_signal,0.10214623833702627,0.1073030409586992,0.1852991283986674,0.3084896114260129,0.11390246741819104,0.18285951346140325
2143671,methodkg_v3_01936,projtxt_2e22a767ba55d21b,explicit_mmr,explicit_mmr,0.9907776296091931,0.0059936447572908344,0.0009767000266681983,0.0017660382035713188,0.00012776516966470254,0.0003582222336115722
2144618,methodkg_v3_01937,projtxt_53252dea6039c382,explicit_mmr,no_method_signal,0.13747875713780153,0.1346761032310053,0.16679093651792293,0.23762831443323554,0.1346722253950441,0.1887536632849906
2144698,methodkg_v3_01938,projtxt_1c4ad824abd37597,qual_only,no_method_signal,0.10627966305549683,0.11054784938994508,0.19111720166825832,0.27848475010113805,0.13490493938435616,0.17866559640080554
2145105,methodkg_v3_01939,projtxt_a31ae40c6a4f376a,explicit_mmr,explicit_mmr,0.6694143909767535,0.30304430114385644,0.0034008062706287613,0.014637602024879171,0.007553116205598106,0.001949783378284151
2146269,methodkg_v3_01940,projtxt_3a733e772c3d11ef,multi_method_not_mmr,no_method_signal,0.11193881742390507,0.07648497761246334,0.13553660298359593,0.4709882656355009,0.09081044946147998,0.11424088688305474
2146359,methodkg_v3_01941,projtxt_3802f8a6df083c7d,no_method_signal,no_method_signal,0.10818195170879374,0.09696379387335342,0.13609685649077077,0.43824962427459235,0.08163926191289139,0.13886851173959824
2147625,methodkg_v3_01942,projtxt_19909884a8ed056f,explicit_mmr,no_method_signal,0.12487198109339011,0.12941474742202336,0.20339121043335628,0.2412268541133374,0.1360137554816124,0.16508145145628061
2147810,methodkg_v3_01943,projtxt_db817d794945bb64,explicit_mmr,explicit_mmr,0.5467160643524255,0.16110382297716372,0.011513723352805259,0.008725330325214291,0.26381976986178535,0.008121289130606009
2147811,methodkg_v3_01944,projtxt_db817d794945bb64,explicit_mmr,explicit_mmr,0.5619908553813036,0.16439442413301225,0.009662629642566554,0.008167666557841631,0.24731514723083078,0.008469277054445157
2148014,methodkg_v3_01945,projtxt_a09c1ae4960793b4,implicit_mmr,explicit_mmr,0.9292418812462403,0.052772581525415155,0.004616154660654786,0.0047891801670469115,0.00775858664566822,0.0008216157549746155
2148023,methodkg_v3_01946,projtxt_5adae2fadc334014,explicit_mmr,implicit_mmr,0.14856912344569545,0.47300875162681477,0.09034212257389714,0.0906115106806101,0.171566253910022,0.025902237762960682
2148451,methodkg_v3_01947,projtxt_36ab7101f2ed0911,explicit_mmr,explicit_mmr,0.5739246039498355,0.3288863406476988,0.018042930547228546,0.018917463098628125,0.042307714251844625,0.017920947504764383
2148543,methodkg_v3_01948,projtxt_ebebf52da73bf870,explicit_mmr,no_method_signal,0.11543430482330146,0.1459121561326444,0.17879614983094622,0.24813527506462127,0.12800700225227932,0.18371511189620726
2148560,methodkg_v3_01949,projtxt_3838d54ebeeaa25d,explicit_mmr,no_method_signal,0.10943457644502685,0.14831524233048246,0.179026678209288,0.24051332395617275,0.12430217064910815,0.19840800840992168
2148561,methodkg_v3_01950,projtxt_3838d54ebeeaa25d,explicit_mmr,quant_only,0.11140203668299532,0.17641534387458918,0.1620513271666344,0.19594003609769517,0.1304973520719706,0.2236939041061153
2148680,methodkg_v3_01951,projtxt_6afba1da78ad9bd2,explicit_mmr,explicit_mmr,0.7901384227748949,0.15648092671290895,0.01219968437170382,0.01599213044664529,0.018839838282242546,0.006348997411604521
2148777,methodkg_v3_01952,projtxt_132fd48ef54305c6,implicit_mmr,no_method_signal,0.11545430348112654,0.13744722551746608,0.1866324837624788,0.25936357156950346,0.13094734780483977,0.17015506786458545
2149356,methodkg_v3_01953,projtxt_8eb705654915c8db,explicit_mmr,no_method_signal,0.11179161071282204,0.1454839671916677,0.17182633455177113,0.2595018322241716,0.12449071697441656,0.18690553834515086
2149370,methodkg_v3_01954,projtxt_0c24ad49e42496c2,multi_method_not_mmr,no_method_signal,0.09713126340410536,0.10326610554792401,0.18413256320032925,0.3523727549266273,0.08932303762356172,0.17377427529745254
2150045,methodkg_v3_01955,projtxt_0acd2557f2b8f9b9,explicit_mmr,explicit_mmr,0.9365796392991619,0.038736051204893415,0.0009144741120153574,0.022631168177743532,0.0009117134047552452,0.00022695380143066479
2150088,methodkg_v3_01956,projtxt_5339dd83bf4d38b5,multi_method_not_mmr,no_method_signal,0.07086336847518333,0.11090978008553462,0.16454712235691174,0.3483792062817889,0.07598654850805162,0.2293139742925298
2150297,methodkg_v3_01957,projtxt_a0b1764ed538601c,qual_only,no_method_signal,0.13611036198277082,0.10893041686055366,0.1981504500762547,0.2574764156735175,0.13061354409138487,0.1687188113155184
2150323,methodkg_v3_01958,projtxt_477a46831b8c289c,explicit_mmr,explicit_mmr,0.7740953124517271,0.11861939852183738,0.012532421082062345,0.06214865882773393,0.03120211205327508,0.0014020970633641333
2150337,methodkg_v3_01959,projtxt_77e8248b1eada888,multi_method_not_mmr,no_method_signal,0.07014332613553155,0.08676121190975972,0.22527529071377972,0.3367878384168934,0.07981296657351628,0.2012193662505193
2150449,methodkg_v3_01960,projtxt_1171d7806154c2bd,quant_only,no_method_signal,0.0688440923666854,0.09356513547407194,0.18222906728717042,0.3417067602131566,0.09455019773394252,0.21910474692497317
2150961,methodkg_v3_01961,projtxt_55c5f2f94d21294b,multi_method_not_mmr,no_method_signal,0.10585950924402103,0.10756091228704456,0.1825615589165005,0.3374526331727244,0.08980100845248035,0.1767643779272293
2151012,methodkg_v3_01962,projtxt_7f920699dc4bf5ac,explicit_mmr,explicit_mmr,0.9476401333823319,0.03325110017048585,0.00044905835097524367,0.01357455693619512,0.004516426572291974,0.0005687245877198102
2151045,methodkg_v3_01963,projtxt_7f920699dc4bf5ac,explicit_mmr,explicit_mmr,0.9420551251962082,0.03683812258341217,0.0005441077742094184,0.014742658606549738,0.005198536739231683,0.0006214491003887828
2151046,methodkg_v3_01964,projtxt_888d4c5875cabefe,qual_only,explicit_mmr,0.7456207040542049,0.053579959231764625,0.0019661806205169582,0.19315771764402506,0.004912818514594892,0.0007626199348936901
2151056,methodkg_v3_01965,projtxt_7f920699dc4bf5ac,explicit_mmr,explicit_mmr,0.944217356453473,0.03527729367166421,0.0005089791824082138,0.01421728531154313,0.005183742179177806,0.0005953432017334871
2151057,methodkg_v3_01966,projtxt_7f920699dc4bf5ac,explicit_mmr,explicit_mmr,0.9405876379555975,0.03779770843703924,0.0005363457472549078,0.01518778773857236,0.005282637588670645,0.0006078825328651019
2151061,methodkg_v3_01967,projtxt_4cfd4b6d505f55b3,qual_only,no_method_signal,0.1003903863975159,0.10079584101073416,0.1817775401729988,0.35200369064487036,0.09129069598733854,0.17374184578654225
2151141,methodkg_v3_01968,projtxt_fc68a9c0751b8fe4,multi_method_not_mmr,no_method_signal,0.09309524970770412,0.11209306086869335,0.18574813366889661,0.3320105308267995,0.0895155174315928,0.18753750749631354
2151404,methodkg_v3_01969,projtxt_538a1cff5f8ead0a,qual_only,no_method_signal,0.10718688171666642,0.10447478535382182,0.19879870567416802,0.2975443962402458,0.11976655412874601,0.17222867688635185
2152260,methodkg_v3_01970,projtxt_df84d276cc743060,multi_method_not_mmr,no_method_signal,0.12617557621573353,0.11605371123002657,0.15925576042506817,0.3111550486309584,0.10678049397839441,0.1805794095198189
2152282,methodkg_v3_01971,projtxt_431f920df327edc2,explicit_mmr,no_method_signal,0.11786630952632667,0.15711346277066165,0.19464991869182663,0.22151009081049375,0.10424411365976032,0.20461610454093107
2152441,methodkg_v3_01972,projtxt_ad0f5b40bac18736,quant_only,no_method_signal,0.08583506948772752,0.11550100361101823,0.17780425954400322,0.27791383157497807,0.13436734980123763,0.20857848598103548
2154606,methodkg_v3_01973,projtxt_d0266d2f9815405a,quant_only,no_method_signal,0.12743641806491468,0.1216714736967703,0.1918396382766262,0.24465244388529925,0.12648789654521736,0.18791212953117206
2200365,methodkg_v3_01974,projtxt_8f8962d649aef2dd,no_method_signal,no_method_signal,0.0967040093940009,0.10573390714545473,0.19841202752109371,0.2775754294875703,0.08850788717379522,0.2330667392780851
2200748,methodkg_v3_01975,projtxt_42fcab296c9dc2ab,implicit_mmr,no_method_signal,0.10847167079804278,0.14333737365206717,0.17942549189662993,0.23887872591686277,0.1002918770391631,0.22959486069723428
2200781,methodkg_v3_01976,projtxt_3bb0c94e44ae048e,quant_only,quant_only,0.12040094727171514,0.16376349733628187,0.15754123615174365,0.19714551864443983,0.1388815988187582,0.22226720177706139
2200815,methodkg_v3_01977,projtxt_8698a8eba9997145,explicit_mmr,explicit_mmr,0.7364893251396556,0.08350239125771226,0.04991330142414195,0.0043263334917174115,0.11691399293039745,0.008854655756375347
2200830,methodkg_v3_01978,projtxt_c582ced844faf43d,explicit_mmr,explicit_mmr,0.6805433670797961,0.18788228910349164,0.01907663540105826,0.005433828667424127,0.10347776585506842,0.0035861138931614456
2200887,methodkg_v3_01979,projtxt_eda576af515214e1,qual_only,no_method_signal,0.13366458407753884,0.1375185745948275,0.15521116080641556,0.22622927070548496,0.12280947254564939,0.22456693727008378
2200928,methodkg_v3_01980,projtxt_bb8108245d917e2c,explicit_mmr,no_method_signal,0.14595437652591092,0.12676543680105723,0.1886129538377825,0.21951624619961116,0.13598169280952005,0.18316929382611816
2201051,methodkg_v3_01981,projtxt_a113c712299ea479,implicit_mmr,no_method_signal,0.12813805618724064,0.15181191448658307,0.1628893298252331,0.2187854273811398,0.12134088050265002,0.21703439161715335
2201545,methodkg_v3_01982,projtxt_d2b2b3789aa747bf,explicit_mmr,explicit_mmr,0.781981690793269,0.17843745525058696,0.0022210158516439995,0.029496617185246297,0.007041244756815377,0.0008219761624383966
2201576,methodkg_v3_01983,projtxt_d2b2b3789aa747bf,explicit_mmr,no_method_signal,0.09394895009519624,0.13279911898548186,0.1708329711175376,0.2701621808390621,0.1047496988843986,0.22750708007832351
2201641,methodkg_v3_01984,projtxt_0d48f899e9cb1bd3,qual_only,no_method_signal,0.1741109444517691,0.14306493314798438,0.14512638286700102,0.22894998565091498,0.11506015197839585,0.19368760190393453
2201642,methodkg_v3_01985,projtxt_0d48f899e9cb1bd3,qual_only,no_method_signal,0.16850088036645622,0.1276684128138834,0.16538044963162973,0.24651689189126366,0.12527025389357646,0.16666311140319057
2201700,methodkg_v3_01986,projtxt_20cf65e1e62e2dcc,explicit_mmr,explicit_mmr,0.9944728498520952,0.0031539814546667194,0.0004038830307395036,0.001794744479159958,8.358121464761221e-05,9.095996869090191e-05
2201701,methodkg_v3_01987,projtxt_20cf65e1e62e2dcc,explicit_mmr,explicit_mmr,0.9940261512510989,0.0034694987059301877,0.00046473624452874447,0.0018470812771102445,9.08246149819988e-05,0.00010170790634970622
2201764,methodkg_v3_01988,projtxt_1219af38023ab874,explicit_mmr,explicit_mmr,0.9297525226216838,0.06539772833128492,0.0008143428229353552,0.0009224727110672958,0.001691663733305178,0.0014212697797234756
2201765,methodkg_v3_01989,projtxt_1219af38023ab874,explicit_mmr,explicit_mmr,0.9342357744904937,0.0612663889640847,0.0007314226566131052,0.0008463455776792755,0.0015795172789190605,0.001340551032210191
2201792,methodkg_v3_01990,projtxt_42f70d25d7c21cd4,qual_only,quant_only,0.1535576965610442,0.16536536969320037,0.16170913800098333,0.1834223409833964,0.12525752567492324,0.21068792908645256
2201793,methodkg_v3_01991,projtxt_42f70d25d7c21cd4,qual_only,no_method_signal,0.15904393162471855,0.12965520113579054,0.18319737376296777,0.21768804226794033,0.1318832007618085,0.17853225044677423
2201794,methodkg_v3_01992,projtxt_42f70d25d7c21cd4,qual_only,quant_only,0.15126949006635562,0.16545121340018137,0.15911474203806064,0.19105710874300286,0.1373894496846139,0.19571799606778567
2201795,methodkg_v3_01993,projtxt_42f70d25d7c21cd4,qual_only,quant_only,0.1675625002838857,0.1591517823501257,0.15465853129691773,0.17773894527504208,0.1348283505099452,0.20605989028408359
2201858,methodkg_v3_01994,projtxt_b670210f3bbfd279,qual_only,quant_only,0.13178385743700663,0.15283362086432964,0.16831054671447715,0.20361868234699787,0.12300913548683237,0.22044415715035637
2201859,methodkg_v3_01995,projtxt_b670210f3bbfd279,qual_only,quant_only,0.1563686151991938,0.16272275514409368,0.1507397520464921,0.1791834192065563,0.13377336831497325,0.2172120900886909
2201929,methodkg_v3_01996,projtxt_75a2825143ef99e4,qual_only,quant_only,0.1289803838879061,0.15283414480903695,0.1853305928310705,0.2129550994895482,0.10407510304188337,0.21582467594055485
2201930,methodkg_v3_01997,projtxt_75a2825143ef99e4,qual_only,no_method_signal,0.12568433773645324,0.1525526206952957,0.1875491173404986,0.21775625528049858,0.10558766950402329,0.21086999944323054
2201943,methodkg_v3_01998,projtxt_81f833f7dde7cbe3,qual_only,explicit_mmr,0.9458284189156728,0.026516377069372883,0.0057161002229300225,0.010025915523031914,0.01168074421038559,0.0002324440586066842
2201993,methodkg_v3_01999,projtxt_2f4fd8add58db18a,multi_method_not_mmr,no_method_signal,0.09398089383746554,0.0878487924861391,0.1276845693977104,0.44348158981849395,0.07547320417867913,0.17153095028151175
2202156,methodkg_v3_02000,projtxt_c6c6e70bff78d798,qual_only,no_method_signal,0.2023681674773746,0.3299478218232551,0.013797735866425472,0.3638627831201511,0.07207995917333501,0.017943532539458715
2202169,methodkg_v3_02001,projtxt_f50ac8fcdd6771fb,explicit_mmr,no_method_signal,0.08462208033452755,0.0849850821898195,0.13180082840514906,0.4503401636144301,0.0775233104217652,0.17072853503430863
2203386,methodkg_v3_02002,projtxt_8088c7349e2bdc74,implicit_mmr,no_method_signal,0.1201852500894729,0.15589317320260324,0.148465871474779,0.22816752381114874,0.11998340106174543,0.22730478036025084
2204462,methodkg_v3_02003,projtxt_3a47dd4717585fe3,multi_method_not_mmr,no_method_signal,0.09678812857867103,0.12549970358990847,0.16685071915891606,0.29476861631631507,0.09897055120143518,0.2171222811547543
2204537,methodkg_v3_02004,projtxt_f4bd10bd6dd6600d,multi_method_not_mmr,quant_only,0.09444540270893098,0.14018906403008558,0.1742192782641747,0.2470382537769616,0.09581743802991491,0.2482905631899323
2205001,methodkg_v3_02005,projtxt_169a618bbc290508,explicit_mmr,explicit_mmr,0.6864834958362275,0.2756010323174422,0.0015295417620004457,0.002297457791954644,0.030680381253299315,0.0034080910390759172
2205612,methodkg_v3_02006,projtxt_daf1a5e1ef2f85ac,quant_only,no_method_signal,0.09958612476246133,0.10299867699309163,0.21098331900645342,0.2633982391158238,0.08970464403232262,0.23332899608984725
2207219,methodkg_v3_02007,projtxt_514fa3d69828b903,implicit_mmr,quant_only,0.07791350882225713,0.1321325436278839,0.1428390472193473,0.26032727010685713,0.08433409744309667,0.30245353278055787
2207408,methodkg_v3_02008,projtxt_d8d21047274dc792,implicit_mmr,explicit_mmr,0.6206631922644569,0.30012542094494854,0.0059335540852971476,0.016312386437897106,0.030159651131067243,0.026805795136333153
2207795,methodkg_v3_02009,projtxt_0240ff43f165b15f,multi_method_not_mmr,quant_only,0.1398201317592555,0.1642742236642328,0.14504927370012116,0.20414825710943307,0.1086112436772138,0.23809687008974367
2211032,methodkg_v3_02010,projtxt_b3668904556b5a44,explicit_mmr,explicit_mmr,0.5954792101694548,0.17862743472366632,0.007828386735733285,0.01529837171149643,0.19933209814947425,0.0034344985101749112
2214418,methodkg_v3_02011,projtxt_66407568b973edf3,quant_only,no_method_signal,0.09617170203158709,0.13195460730372005,0.14116217969124212,0.28622437105278764,0.09507769453833052,0.24940944538233256
2214516,methodkg_v3_02012,projtxt_0f18cb466b6dc8db,explicit_mmr,implicit_mmr,0.4201801498547281,0.5038873642486864,0.028847785707722,0.01064089262705129,0.028183100824556453,0.008260706737255721
2214740,methodkg_v3_02013,projtxt_9481330a90d987fd,explicit_mmr,qual_only,0.36871615424039295,0.14041649384680485,0.06536539842650986,0.002791485833023273,0.42113213263304355,0.0015783350202254133
2215050,methodkg_v3_02014,projtxt_52611599e9fa7975,implicit_mmr,quant_only,0.10396493300372404,0.14192953971975591,0.17629405312286242,0.22984756246997814,0.11010202190100336,0.23786188978267628
2215084,methodkg_v3_02015,projtxt_e8f321543b811489,explicit_mmr,explicit_mmr,0.7937940000716358,0.14183511167506063,0.023716745919073103,0.018226908453071903,0.017016147147443428,0.005411086733715257
2215166,methodkg_v3_02016,projtxt_8b002a1b0fb09175,explicit_mmr,quant_only,0.1163135762239031,0.1626976333651936,0.18894024695856443,0.20854959429429748,0.10665052277659125,0.21684842638145005
2215167,methodkg_v3_02017,projtxt_9a964ab1920e4e4d,explicit_mmr,multi_method_not_mmr,0.012783155236820146,0.31875526782926383,0.5025782751443199,0.04125860043214841,0.11150580788825792,0.01311889346918983
2215592,methodkg_v3_02018,projtxt_1ae2b088bd46eaee,multi_method_not_mmr,no_method_signal,0.17527964977634625,0.08795789526833467,0.18372010394349964,0.3136815743497139,0.11138583244384372,0.12797494421826183
2215653,methodkg_v3_02019,projtxt_57dc63f6fd596822,explicit_mmr,explicit_mmr,0.8941604407966568,0.03163882410247722,0.024029434995743216,0.0394994671646172,0.009144085591001624,0.0015277473495038045
2215654,methodkg_v3_02020,projtxt_57dc63f6fd596822,explicit_mmr,explicit_mmr,0.900353741810354,0.029166602491536815,0.022316167735210998,0.03830853050977502,0.008408730708380295,0.0014462267447430289
2215655,methodkg_v3_02021,projtxt_57dc63f6fd596822,explicit_mmr,explicit_mmr,0.8973007658865897,0.03158338799253499,0.022818554652558512,0.037896883613954914,0.00888439880775382,0.0015160090466081694
2215656,methodkg_v3_02022,projtxt_57dc63f6fd596822,explicit_mmr,no_method_signal,0.12375013747652103,0.11263776896147944,0.1950462971933654,0.2709828946955584,0.12084876798036762,0.17673413369270816
2215970,methodkg_v3_02023,projtxt_8b002a1b0fb09175,explicit_mmr,explicit_mmr,0.9157279447261645,0.055555833129042734,0.0023577069484109437,0.018557854082755246,0.0042110539990663325,0.003589607114559943
2216031,methodkg_v3_02024,projtxt_8b002a1b0fb09175,explicit_mmr,quant_only,0.108814070792639,0.1641853527992601,0.19815325967657021,0.18979519737854522,0.10591262603805822,0.2331394933149271
2216121,methodkg_v3_02025,projtxt_8b002a1b0fb09175,explicit_mmr,no_method_signal,0.12330749046546707,0.14720104643410117,0.17328562224657743,0.2417964508289445,0.09631563787424918,0.2180937521506607
2216351,methodkg_v3_02026,projtxt_4951c359f723d6d9,explicit_mmr,no_method_signal,0.11404932585470831,0.15235184291788595,0.17185698824726947,0.24343703361007704,0.09574109442291483,0.22256371494714428
2217640,methodkg_v3_02027,projtxt_b9b032e6c70cb3f8,multi_method_not_mmr,no_method_signal,0.09337573874354468,0.1251911297126968,0.18525568378311838,0.2319126178435703,0.13886944590143943,0.22539538401563033
2217718,methodkg_v3_02028,projtxt_df294f347f1cb815,implicit_mmr,no_method_signal,0.08163090641737031,0.12802104244090537,0.1838767327860069,0.26946190424930605,0.14297292070540069,0.19403649340101065
2217745,methodkg_v3_02029,projtxt_502b37e67d421531,explicit_mmr,no_method_signal,0.09859461302848686,0.12427539133264709,0.19749795299583434,0.25296790941676667,0.13827523546803108,0.18838889775823398
2219012,methodkg_v3_02030,projtxt_1f9ce2cc33a9eaf7,implicit_mmr,multi_method_not_mmr,0.12652680267529878,0.15029078707055127,0.21002333220376362,0.19927856044845824,0.11200913476399223,0.20187138283793596
2219271,methodkg_v3_02031,projtxt_fd976807f2912bb6,explicit_mmr,explicit_mmr,0.5732958507826684,0.14264979889210963,0.12272324850239939,0.04050542686880533,0.10503363644436599,0.015792038509651142
2219389,methodkg_v3_02032,projtxt_e9834022dd097e3e,implicit_mmr,no_method_signal,0.09721736069678527,0.13117230482636505,0.18478045562130235,0.27633084676308306,0.10918827975338675,0.2013107523390776
2219522,methodkg_v3_02033,projtxt_35ec6a8146a5442e,multi_method_not_mmr,no_method_signal,0.06989105696442877,0.10547069725648954,0.11085742291408329,0.3891478162257,0.07162277030181817,0.25301023633748015
2221149,methodkg_v3_02034,projtxt_f1135e05c3bdf345,explicit_mmr,explicit_mmr,0.6909667604838274,0.19342691667844925,0.003285015269918363,0.09537222195314485,0.015461190380417707,0.001487895234242528
2221153,methodkg_v3_02035,projtxt_06904ed0cd8c86ff,explicit_mmr,no_method_signal,0.08222647886409443,0.13033673160349254,0.11486160440266129,0.32526387671482454,0.09300380691207921,0.2543075015028479
2221163,methodkg_v3_02036,projtxt_dff26592f6d5e1cd,quant_only,no_method_signal,0.07684817910769556,0.13274754901578972,0.11927213949079261,0.32395370584323646,0.09079696505892784,0.2563814614835578
2221177,methodkg_v3_02037,projtxt_fb65cb9f8e5d92d7,explicit_mmr,quant_only,0.08915086435513697,0.14991996393131649,0.1229942535106817,0.2579760655522901,0.10231713876946363,0.27764171388111103
2221187,methodkg_v3_02038,projtxt_c69661694c8c0752,explicit_mmr,no_method_signal,0.07919832142379826,0.13755723559237054,0.1260578187549229,0.3228997840364369,0.0904613043764305,0.24382553581604113
2221242,methodkg_v3_02039,projtxt_29ea6b928720fe7d,explicit_mmr,no_method_signal,0.07943574747306281,0.13057307246189984,0.12864027028358893,0.30976166698881774,0.09024718376942366,0.261342059023207
2221262,methodkg_v3_02040,projtxt_e14211b9ae068720,explicit_mmr,explicit_mmr,0.47232406608176064,0.09226127739042908,0.013337773336482272,0.40839626329272394,0.011890917599266908,0.001789702299336965
2221335,methodkg_v3_02041,projtxt_f7f380e59e5ba070,implicit_mmr,no_method_signal,0.10625273946291844,0.11976035653305256,0.13014376048180326,0.32785596674753276,0.0936736906625507,0.22231348611214236
2221337,methodkg_v3_02042,projtxt_f7f380e59e5ba070,implicit_mmr,explicit_mmr,0.6210965832067133,0.17534637027570607,0.006215751573015434,0.18411461471792323,0.01062902942597985,0.0025976508006620826
2221421,methodkg_v3_02043,projtxt_f7f380e59e5ba070,implicit_mmr,no_method_signal,0.08601795818578992,0.12595343000288037,0.1433176225540627,0.3181168263976391,0.09310395102256645,0.2334902118370613
2221462,methodkg_v3_02044,projtxt_ea174932369e81bf,implicit_mmr,explicit_mmr,0.7131058081566566,0.04434662233668646,0.004827273371281678,0.23542243560349305,0.0017560558669812674,0.0005418046649009211
2221465,methodkg_v3_02045,projtxt_e493768a0f90ef40,quant_only,no_method_signal,0.08148137798145824,0.1292875425827997,0.11727437007195857,0.32589289885900036,0.08824765883798653,0.2578161516667966
2221538,methodkg_v3_02046,projtxt_cae88c04a54078f6,implicit_mmr,explicit_mmr,0.583389640419614,0.11186837165016779,0.0015748650960103912,0.2957024599621046,0.006672958816134636,0.0007917040559685205
2221574,methodkg_v3_02047,projtxt_b1fb4d254bf11c24,explicit_mmr,no_method_signal,0.08423127387318352,0.13392929775928694,0.1358609168369711,0.3013658630561149,0.09485999538935125,0.24975265308509226
2221627,methodkg_v3_02048,projtxt_490e3f52d7d838e3,explicit_mmr,no_method_signal,0.0783242342272161,0.11979626199735316,0.1269197761485456,0.3578758092764816,0.08785004679920014,0.22923387155120348
2221637,methodkg_v3_02049,projtxt_69de4b8d81f654ec,explicit_mmr,no_method_signal,0.07591789428162019,0.11058077896018603,0.1395529810641313,0.37091035349485946,0.08711718450874417,0.21592080769045885
2221696,methodkg_v3_02050,projtxt_22aa3eb7ed19be97,multi_method_not_mmr,no_method_signal,0.08497504602368837,0.1291026379287312,0.1316992863505865,0.32195817839547825,0.09454443728885167,0.2377204140126639
2221912,methodkg_v3_02051,projtxt_308ae7c52da37cd4,explicit_mmr,explicit_mmr,0.40733418061589866,0.29133535360581053,0.030339496820793982,0.22346564761945445,0.04413606474404329,0.0033892565939990017
2222278,methodkg_v3_02052,projtxt_8203bf28ab8d4aa8,explicit_mmr,explicit_mmr,0.8945003827483284,0.04777176940238509,0.011609630096018009,0.008096237089368507,0.03737992560736769,0.0006420550565321845
2222293,methodkg_v3_02053,projtxt_0bb696be6dfca717,explicit_mmr,explicit_mmr,0.8684010106058158,0.07288644876200015,0.0257016851381579,0.0035997405137350343,0.025786390017605992,0.003624724962685212
2223907,methodkg_v3_02054,projtxt_9adb1cea1888c8bf,explicit_mmr,explicit_mmr,0.9608438556792935,0.033038330059979346,0.0011478123994489251,0.0037208159844626136,0.0009081672547384621,0.00034101862207721353
2224674,methodkg_v3_02055,projtxt_80831090a6310dec,explicit_mmr,explicit_mmr,0.7905678501543538,0.13159632408767719,0.010169863004697488,0.010070366947021042,0.055570318713375325,0.0020252770928752164
2224675,methodkg_v3_02056,projtxt_09b6ecb2255e3dd4,explicit_mmr,explicit_mmr,0.7964146325131579,0.12882729057201858,0.009353631130815946,0.010176736524764245,0.052995538584693136,0.002232170674550134
2224857,methodkg_v3_02057,projtxt_08508850a6de03c2,explicit_mmr,explicit_mmr,0.8145578127238268,0.049611041429739156,0.028473420092287486,0.06950790353910362,0.035484877364241156,0.0023649448508016716
2225128,methodkg_v3_02058,projtxt_148554603f3059dc,quant_only,no_method_signal,0.10052499757707335,0.12166021579724645,0.17208723847692875,0.30376792453249246,0.10370732964600515,0.19825229397025376
2225209,methodkg_v3_02059,projtxt_d23227e5962a0d98,multi_method_not_mmr,quant_only,0.09915365463122926,0.16507835459446837,0.14335152546762323,0.21163288673824593,0.09919866817616803,0.2815849103922652
2225211,methodkg_v3_02060,projtxt_6268266e3401d245,implicit_mmr,no_method_signal,0.10775129545412097,0.11802302696334245,0.14772455207699434,0.31462198138432285,0.0884507849321106,0.22342835918910875
2225255,methodkg_v3_02061,projtxt_47a01c1393e8866d,implicit_mmr,explicit_mmr,0.9714777679092991,0.02010333554627757,0.0025686800752335033,0.0023155510907177873,0.0005173591831691706,0.003017306195302702
2225306,methodkg_v3_02062,projtxt_cc9587b53d8ad425,implicit_mmr,no_method_signal,0.1110738369371011,0.12682179898961696,0.13334064188364989,0.3094426121937871,0.09652519595742727,0.22279591403841773
2225381,methodkg_v3_02063,projtxt_f7eb77716c93e7ad,explicit_mmr,no_method_signal,0.0963608535267697,0.12375154745976735,0.18978646664812948,0.27406700340085455,0.09612736182352342,0.21990676714095553
2228202,methodkg_v3_02064,projtxt_4b0167847633f12f,explicit_mmr,no_method_signal,0.10658519417579872,0.13336531419413594,0.17984161586381361,0.2725259343074728,0.10610508708568338,0.20157685437309547
2228211,methodkg_v3_02065,projtxt_8b71fb51c883a3e8,qual_only,explicit_mmr,0.8460193121648887,0.06762356851514797,0.006857241421320895,0.053048720842266854,0.023720213646411602,0.002730943409963832
2234071,methodkg_v3_02066,projtxt_42d21df784b43711,explicit_mmr,explicit_mmr,0.9147392226209062,0.06457201225179855,0.0036234215132299056,0.0024021088661292816,0.012127431553576722,0.0025358031943593278
2234073,methodkg_v3_02067,projtxt_42d21df784b43711,explicit_mmr,explicit_mmr,0.9159189806785013,0.06411705778542934,0.0034384629939644435,0.0022930186674410998,0.01172932799890672,0.002503151875757341
2234074,methodkg_v3_02068,projtxt_42d21df784b43711,explicit_mmr,explicit_mmr,0.9140978205606485,0.06558886247027249,0.003467928108944498,0.0023448543367169386,0.011907887439564974,0.002592647083852264
2234348,methodkg_v3_02069,projtxt_391b75ddbd420d32,multi_method_not_mmr,no_method_signal,0.14289197719517943,0.15266239965511222,0.15092117038662434,0.22745688169566355,0.10962125528810195,0.21644631577931853
2234633,methodkg_v3_02070,projtxt_8ae27e47ac8dcbf9,explicit_mmr,quant_only,0.1193644380902165,0.16760044248803035,0.16177387617225222,0.20594161625452237,0.09801158407897058,0.24730804291600794
2235227,methodkg_v3_02071,projtxt_26a36b6eaabc322f,explicit_mmr,explicit_mmr,0.862000430139433,0.10821834396346465,0.0018692612268001278,0.002883017651564094,0.01883776972400726,0.0061911772947311535
2235241,methodkg_v3_02072,projtxt_bed745f502498e13,implicit_mmr,quant_only,0.1108735911026721,0.16057436060749192,0.21021024376016326,0.19121050302082462,0.09883599887336751,0.22829530263548065
2235345,methodkg_v3_02073,projtxt_b586781051267fb9,explicit_mmr,no_method_signal,0.0956273584842499,0.14309616059661248,0.17183563765306287,0.2705063632482142,0.097496694491421,0.22143778552643956
2235460,methodkg_v3_02074,projtxt_bed745f502498e13,implicit_mmr,quant_only,0.12014852890245756,0.1600418570605033,0.19059126218125902,0.20970539484928194,0.10637737232722684,0.21313558467927132
2235461,methodkg_v3_02075,projtxt_55b9993e75ec32f5,multi_method_not_mmr,explicit_mmr,0.3568708565126905,0.2170636807865857,0.039985266837464034,0.09219956905356362,0.2862111955538431,0.007669431255852977
2235543,methodkg_v3_02076,projtxt_bed745f502498e13,implicit_mmr,no_method_signal,0.12111145010394136,0.1446987798349031,0.1693881096182437,0.2539990664681696,0.11912468319193759,0.19167791078280472
2235568,methodkg_v3_02077,projtxt_a0d87966803befbc,multi_method_not_mmr,no_method_signal,0.11690988746546416,0.1631659395464826,0.16810441806366097,0.23330892603654427,0.10413401983887836,0.21437680904896966
2235600,methodkg_v3_02078,projtxt_c574cc304207c493,no_method_signal,quant_only,0.09947411681785909,0.16490819084413186,0.20208841229306007,0.17426967797118012,0.10545181138883028,0.25380779068493864
2235774,methodkg_v3_02079,projtxt_ca1100f3daced895,quant_only,quant_only,0.12014852890245756,0.1600418570605033,0.19059126218125902,0.20970539484928194,0.10637737232722684,0.21313558467927132
2235833,methodkg_v3_02080,projtxt_8ae27e47ac8dcbf9,explicit_mmr,explicit_mmr,0.8852693663751148,0.08209576408177724,0.009092754287521251,0.01015193322589293,0.011098400154930303,0.002291781874763667
2235957,methodkg_v3_02081,projtxt_8ae27e47ac8dcbf9,explicit_mmr,quant_only,0.10364190567863384,0.1857239732742975,0.16517064923227204,0.18746827274519945,0.09886765853857336,0.25912754053102377
2236075,methodkg_v3_02082,projtxt_29df12bcde773879,explicit_mmr,qual_only,0.36965177662088833,0.07001441910148355,0.029525487048827105,0.002689427828993046,0.5262819885775755,0.0018369008222326503
2236107,methodkg_v3_02083,projtxt_bf8710b32c4feade,explicit_mmr,explicit_mmr,0.6057978133263721,0.15280869192083626,0.02075307531041361,0.03238931244697519,0.18421176404334952,0.00403934295205338
2236402,methodkg_v3_02084,projtxt_ec3d2f59d280e68b,explicit_mmr,quant_only,0.12014852890245756,0.1600418570605033,0.19059126218125902,0.20970539484928194,0.10637737232722684,0.21313558467927132
2236739,methodkg_v3_02085,projtxt_626de20d0fd560df,qual_only,no_method_signal,0.13334325701478614,0.1393002096781749,0.17809271968166757,0.2204091749656641,0.13096071653768224,0.19789392212202508
2237053,methodkg_v3_02086,projtxt_57810f309484c98c,explicit_mmr,explicit_mmr,0.7559040178506491,0.17508539876620507,0.009251858307798866,0.026458662179996078,0.022911279592868348,0.010388783302482416
2237151,methodkg_v3_02087,projtxt_26d4623967991373,qual_only,quant_only,0.1248606755541984,0.13711140990268364,0.16508527421506328,0.21249565111376978,0.14022289633098023,0.22022409288330477
2237564,methodkg_v3_02088,projtxt_589ec4dfe8526824,implicit_mmr,no_method_signal,0.10358546470268383,0.10574567383508876,0.17935889123965437,0.33363527700911744,0.10063174164843006,0.17704295156502553
2237902,methodkg_v3_02089,projtxt_eafb4bbc4f09c5a3,qual_only,no_method_signal,0.15624716418346996,0.1261232641444265,0.17548624271900237,0.23426644977380445,0.1300999901966027,0.17777688898269406
2240951,methodkg_v3_02090,projtxt_bed745f502498e13,implicit_mmr,no_method_signal,0.13207390366988206,0.15813310834382574,0.17772255548475824,0.22041827063117958,0.11195417076813076,0.19969799110222364
2241382,methodkg_v3_02091,projtxt_8d1aa629f37aedfa,multi_method_not_mmr,no_method_signal,0.1058268713598239,0.10755639706026479,0.182564456041733,0.33748775217915783,0.0897808414554643,0.17678368190355612
2241766,methodkg_v3_02092,projtxt_5857929ea83a6699,explicit_mmr,no_method_signal,0.1073323768802129,0.14219343980767932,0.15864753477299673,0.2524970009222504,0.10939019070048041,0.22993945691638026
2243017,methodkg_v3_02093,projtxt_3fbe1ccc12046ed9,quant_only,quant_only,0.10496841843673242,0.20579609215707192,0.12911613947854703,0.21224299508953637,0.0877830379692114,0.26009331686890086
2243018,methodkg_v3_02094,projtxt_3fbe1ccc12046ed9,quant_only,quant_only,0.10088923257120268,0.19731467405352912,0.14283783175830153,0.2109172977540034,0.08931127424860684,0.25872968961435655
2243019,methodkg_v3_02095,projtxt_3fbe1ccc12046ed9,quant_only,quant_only,0.10694237733253023,0.19314670000640596,0.1356266819138567,0.22237423159886288,0.09072369272506596,0.25118631642327816
2243020,methodkg_v3_02096,projtxt_3fbe1ccc12046ed9,quant_only,quant_only,0.10686328160408255,0.19104530101535855,0.1446123654543387,0.215600609784234,0.09957788313759683,0.2423005590043894
2243021,methodkg_v3_02097,projtxt_3fbe1ccc12046ed9,quant_only,quant_only,0.11885324707786046,0.2019588333070912,0.13111393969052662,0.21799157498818827,0.08660933658322038,0.24347306835311314
2243106,methodkg_v3_02098,projtxt_482fdf554b9dcfc2,quant_only,quant_only,0.09749556530275545,0.20984293715544958,0.13625678479664083,0.22852957751083638,0.08973227054624312,0.23814286468807458
2243107,methodkg_v3_02099,projtxt_482fdf554b9dcfc2,quant_only,quant_only,0.10713732171809921,0.18691090033218394,0.14373098618995617,0.21136957226056782,0.09078171011853972,0.26006950938065315
2243108,methodkg_v3_02100,projtxt_482fdf554b9dcfc2,quant_only,quant_only,0.10650038838859627,0.20525027766981077,0.14914907969344884,0.1914028054509309,0.09481501468202003,0.2528824341151932
2243109,methodkg_v3_02101,projtxt_f418bbf041a4242b,explicit_mmr,explicit_mmr,0.8900552498996596,0.08002935711377725,0.005932534001159191,0.010584917762630043,0.013007212441755785,0.0003907287810182007
2243288,methodkg_v3_02102,projtxt_7fe8a40392f53130,explicit_mmr,explicit_mmr,0.9464972786277207,0.04402500437940768,0.00028827438543635426,0.0024621906636538493,0.0060285691823327775,0.0006986827614485947
2243403,methodkg_v3_02103,projtxt_34d9f36a1f77dc33,multi_method_not_mmr,explicit_mmr,0.7554510526748446,0.04553969093617456,0.01896320929399383,0.1240223626833517,0.05301542462177125,0.003008259789864111
2243443,methodkg_v3_02104,projtxt_4d3343968ae5a44d,explicit_mmr,no_method_signal,0.09788425665307479,0.10886859912167293,0.17500379561841115,0.34736299087001665,0.09020475824073929,0.18067559949608514
2243457,methodkg_v3_02105,projtxt_68f1b2c6cae4b73a,explicit_mmr,explicit_mmr,0.6667934209232758,0.15061109892642033,0.0021591275217220933,0.1610185229895117,0.018635440275354503,0.0007823893637157097
2243484,methodkg_v3_02106,projtxt_d23ea5c8071cb425,implicit_mmr,explicit_mmr,0.767401315931873,0.13387488591020183,0.0013241076578964996,0.09205685629531168,0.004214753792575289,0.001128080412141719
2243510,methodkg_v3_02107,projtxt_757ab50ed96694b5,qual_only,no_method_signal,0.09496618429124268,0.10819334843445341,0.17632505311318847,0.3536427721251617,0.09111595833539395,0.17575668370055972
2243553,methodkg_v3_02108,projtxt_6422bb9324018f27,multi_method_not_mmr,no_method_signal,0.09850073348820478,0.09910233217463384,0.16066307829824844,0.38489526237987326,0.09337841599404718,0.16346017766499257
2243558,methodkg_v3_02109,projtxt_3e579afe29e922bd,multi_method_not_mmr,no_method_signal,0.1146963805716982,0.09816814671724343,0.1688382404264448,0.37135385672366233,0.0889502965229673,0.1579930790379839
2244031,methodkg_v3_02110,projtxt_a05fdf0eb6d1a6a8,quant_only,no_method_signal,0.08698590349854243,0.11502652740523638,0.1690743288111932,0.3134373192821158,0.10631270960046482,0.2091632114024473
2244323,methodkg_v3_02111,projtxt_a883065e1c5e722c,explicit_mmr,explicit_mmr,0.7842031950251895,0.04261181772331097,0.044288840041248764,0.10304646257246439,0.02198603519218963,0.0038636494455967715
2244342,methodkg_v3_02112,projtxt_9bf4cdedc24e7b6d,quant_only,no_method_signal,0.09122594658870822,0.11725964715784716,0.18541028278373076,0.3058063982252731,0.09770178118096688,0.20259594406347384
2244546,methodkg_v3_02113,projtxt_bcbf862fb410faac,multi_method_not_mmr,no_method_signal,0.0721571991833474,0.11637490728476292,0.19862923108993544,0.2779256404692714,0.091476117983267,0.24343690398941586
2246200,methodkg_v3_02114,projtxt_6b8158a3dd06913e,explicit_mmr,explicit_mmr,0.9193405666959735,0.04267866183324606,0.0065874016732638515,0.018352918657650066,0.011132610463580116,0.0019078406762861844
2247026,methodkg_v3_02115,projtxt_0079014c8f062e74,no_method_signal,no_method_signal,0.08362022227170239,0.0898359814858762,0.13598962947743634,0.4271415811421702,0.07753404635998923,0.18587853926282571
2247282,methodkg_v3_02116,projtxt_fe58c8691ca87a2d,quant_only,no_method_signal,0.10197757090796557,0.11683638761589626,0.18337382725768567,0.3021839345297465,0.10056550331831411,0.19506277637039193
2247283,methodkg_v3_02117,projtxt_fe58c8691ca87a2d,quant_only,no_method_signal,0.10344051947778146,0.12221469220469543,0.17051197048404962,0.2978745753563858,0.10249843027939667,0.20345981219769105
2247790,methodkg_v3_02118,projtxt_6e23f17c00763794,explicit_mmr,no_method_signal,0.10735043555569479,0.12461681741442157,0.1822488926054934,0.266929599299742,0.10238757233522024,0.21646668278942788
2247809,methodkg_v3_02119,projtxt_d8e351755ce1a937,qual_only,no_method_signal,0.10318766393368602,0.11706565543060887,0.16807761151172457,0.3089402501366233,0.10587208071809869,0.19685673826925865
2247976,methodkg_v3_02120,projtxt_24dc7beb0e1aaaee,explicit_mmr,no_method_signal,0.10344051947778146,0.12221469220469543,0.17051197048404962,0.2978745753563858,0.10249843027939667,0.20345981219769105
2300233,methodkg_v3_02121,projtxt_16ed1d2933f4d9ea,explicit_mmr,no_method_signal,0.13730148835605704,0.12911118457599674,0.16011606387041152,0.2610263971553846,0.13678552802477467,0.17565933801737524
2300291,methodkg_v3_02122,projtxt_a1c656e3f9ab4dff,explicit_mmr,explicit_mmr,0.7227959396643783,0.2098010360238436,0.005657459849666903,0.028521340564918247,0.01853313750012966,0.014691086397063333
2300322,methodkg_v3_02123,projtxt_3799a0bf00bcfdc7,explicit_mmr,explicit_mmr,0.7420136486598694,0.1458442267816887,0.022427501332256433,0.01480836768393032,0.06756903886546238,0.00733721667679285
2300323,methodkg_v3_02124,projtxt_3799a0bf00bcfdc7,explicit_mmr,explicit_mmr,0.7386674743138649,0.15247910510791202,0.020770291318604667,0.014213101536847478,0.06625219264028014,0.007617835082490594
2300376,methodkg_v3_02125,projtxt_26fca7ce7c5c20b9,explicit_mmr,no_method_signal,0.1615103208713055,0.1422369660409355,0.1486251416751321,0.26001349780804406,0.11432623155301286,0.17328784205157002
2300618,methodkg_v3_02126,projtxt_76a7f0ea3db0569a,explicit_mmr,no_method_signal,0.14441944558268155,0.1523643362540322,0.14322917830609458,0.23870093180298596,0.11457466731911552,0.2067114407350901
2300619,methodkg_v3_02127,projtxt_76a7f0ea3db0569a,explicit_mmr,no_method_signal,0.1414005409289435,0.13948293626961855,0.15939461823182502,0.24035420750695183,0.12384267677285335,0.19552502028980773
2300676,methodkg_v3_02128,projtxt_052a1a663de4dafb,explicit_mmr,explicit_mmr,0.7942202619310872,0.08801716836966819,0.0092232081614075,0.00830964844941971,0.09290621967399841,0.007323493414419229
2300709,methodkg_v3_02129,projtxt_e94bbeb1a1125a69,explicit_mmr,quant_only,0.151120271151708,0.1853001100474173,0.13742473865139876,0.16997026013674474,0.11284920133700495,0.24333541867572625
2300710,methodkg_v3_02130,projtxt_e94bbeb1a1125a69,explicit_mmr,explicit_mmr,0.9417080231242269,0.044797660690712955,0.0019016826127762078,0.006021111978788254,0.00481942804952897,0.0007520935439668022
2300725,methodkg_v3_02131,projtxt_00719ff7732e0f70,explicit_mmr,explicit_mmr,0.7039307970046789,0.2595839069883206,0.002827535516339942,0.019721306914368134,0.010585207573179014,0.0033512460031134305
2300744,methodkg_v3_02132,projtxt_85c7f05237212f83,quant_only,no_method_signal,0.08650993506305878,0.08841906281473004,0.1323582260890947,0.43784698871725386,0.0892828343734304,0.16558295294243225
2300747,methodkg_v3_02133,projtxt_e79fa56987a716f3,implicit_mmr,no_method_signal,0.12916847583593188,0.13682145990423641,0.19071835461423253,0.2128093871293706,0.12119155725496975,0.2092907652612588
2300927,methodkg_v3_02134,projtxt_8d720f335bd9e24e,explicit_mmr,no_method_signal,0.14603513991183972,0.12915298660567598,0.1713047714206769,0.2365362929597614,0.1292820333588429,0.18768877574320297
2300977,methodkg_v3_02135,projtxt_9896607b93c3c7c2,explicit_mmr,explicit_mmr,0.8215204401696482,0.12625767201127125,0.002450985925986833,0.0050804575030493565,0.03478189067230242,0.009908553717742009
2301049,methodkg_v3_02136,projtxt_8c10d16fcffd4a1e,explicit_mmr,explicit_mmr,0.964502593456841,0.028201384970871348,0.0019049087028776117,0.003331589517465596,0.0012127289517369065,0.0008467944002075912
2302112,methodkg_v3_02137,projtxt_c206e19020e530a5,implicit_mmr,no_method_signal,0.08805785321222333,0.1176809706952508,0.16531812690236733,0.3354605138713715,0.09349493177857779,0.19998760354020922
2306044,methodkg_v3_02138,projtxt_c69babb23a6aa8a4,quant_only,no_method_signal,0.09200485011003667,0.128091510940617,0.14500908538647977,0.28955578265054527,0.08192741477321044,0.2634113561391108
2306052,methodkg_v3_02139,projtxt_12bc47b380b0c29e,explicit_mmr,explicit_mmr,0.5660370646131888,0.3090812673953188,0.00994244920624901,0.013715170824281767,0.09195104645502744,0.009273001505934285
2306053,methodkg_v3_02140,projtxt_12bc47b380b0c29e,explicit_mmr,explicit_mmr,0.5660726353177036,0.3215602488970139,0.008330494441442205,0.01224066911222438,0.08268020758624746,0.009115744645368348
2306099,methodkg_v3_02141,projtxt_1fe3dd1376347e50,explicit_mmr,no_method_signal,0.10776501315749966,0.11500216496654617,0.2038331116117172,0.2699489243114906,0.12121232062611195,0.18223846532663446
2306262,methodkg_v3_02142,projtxt_48de6294dbf2ad2b,explicit_mmr,explicit_mmr,0.9593346233629246,0.035178768189458774,0.0005274716217139502,0.002411841491210337,0.001839653278598301,0.0007076420560938265
2306263,methodkg_v3_02143,projtxt_48de6294dbf2ad2b,explicit_mmr,explicit_mmr,0.9629362000721917,0.03199469957646549,0.00048533522799683424,0.002273355918919545,0.0016314027944642495,0.0006790064099622267
2306270,methodkg_v3_02144,projtxt_c846fe1fbd12a4e8,implicit_mmr,no_method_signal,0.10559541884796178,0.11532029816426866,0.23433111100008708,0.24863286018431086,0.11467974554561088,0.18144056625776087
2306271,methodkg_v3_02145,projtxt_b1d93cbfb545bd53,implicit_mmr,no_method_signal,0.09623272785907167,0.11900802905638369,0.18759058248040053,0.2777950472952385,0.12216683243285567,0.19720678087604981
2306658,methodkg_v3_02146,projtxt_401c199913a2594c,explicit_mmr,quant_only,0.09366233971643771,0.11066603082630186,0.20845589504049114,0.21438101135966756,0.08270670863573305,0.2901280144213686
2308501,methodkg_v3_02147,projtxt_4a0795a07f73ec56,explicit_mmr,explicit_mmr,0.8936107490535038,0.0469743429178994,0.004234321079244269,0.04953762572089405,0.004971606681896787,0.000671354546561804
2311493,methodkg_v3_02148,projtxt_7db920cec10fafc1,quant_only,no_method_signal,0.1178986606217173,0.1522845138178743,0.18296247578654012,0.23484004628667898,0.1061963442073238,0.20581795927986551
2313240,methodkg_v3_02149,projtxt_00e910c1eddb4f1f,implicit_mmr,implicit_mmr,0.42704326275941645,0.5133082499017406,0.003130220038733596,0.006142332006398556,0.020552493158022128,0.029823442135688504
2313241,methodkg_v3_02150,projtxt_00e910c1eddb4f1f,implicit_mmr,implicit_mmr,0.40694339885535774,0.5351945019974099,0.0025744743096371083,0.005274080202808922,0.01954434761019103,0.03046919702459534
2313369,methodkg_v3_02151,projtxt_b4061fb215dc1e74,no_method_signal,no_method_signal,0.09917346854859213,0.10754547100346538,0.1547501090844502,0.37935530539168555,0.08505597679531098,0.1741196691764958
2313418,methodkg_v3_02152,projtxt_c13f9242640134ac,explicit_mmr,no_method_signal,0.1034701318804539,0.10823989139167892,0.14648854375116876,0.345627339587782,0.0945800905490248,0.20159400283989168
2313440,methodkg_v3_02153,projtxt_7367c279896a105a,implicit_mmr,explicit_mmr,0.9231504735040958,0.06602948456936161,0.0020602098505239155,0.0036545053104613113,0.0013169145919717019,0.003788412173585635
2313850,methodkg_v3_02154,projtxt_7f93303f4a562a63,implicit_mmr,no_method_signal,0.1590402333779937,0.10086555007141376,0.18925178512880123,0.2846418276050993,0.12051491119621897,0.14568569262047307
2313972,methodkg_v3_02155,projtxt_666093ae07390261,implicit_mmr,explicit_mmr,0.9847348269340683,0.007159308969298247,0.000652774033986123,0.005959388423583151,0.00142561488045362,6.808675861076397e-05
2313979,methodkg_v3_02156,projtxt_a7be9f46b9ea552c,multi_method_not_mmr,no_method_signal,0.11126499337008454,0.1186519491277638,0.19586303264434085,0.2591114147005744,0.12979705769713576,0.18531155246010075
2314075,methodkg_v3_02157,projtxt_112132cba0978d04,implicit_mmr,no_method_signal,0.17371770308597753,0.10569691865910995,0.20249521987874616,0.2603754592139575,0.12349103946417515,0.13422365969803376
2314089,methodkg_v3_02158,projtxt_f00229fc4a78f15a,explicit_mmr,no_method_signal,0.1299267251797444,0.11634346020237164,0.17224141802176718,0.28842630162152155,0.11273974628431797,0.1803223486902772
2314107,methodkg_v3_02159,projtxt_ad7a80d6ea5693b4,explicit_mmr,implicit_mmr,0.14407045587914327,0.6597389178278185,0.03768527244822048,0.01147731906437808,0.11576892170701958,0.031259113073420094
2314109,methodkg_v3_02160,projtxt_acb45637fea0b0b5,multi_method_not_mmr,explicit_mmr,0.5052561372838577,0.2256410322375618,0.08298724888471692,0.06302957790654917,0.11059999520623859,0.012486008481075922
2314112,methodkg_v3_02161,projtxt_7a6adb36ebe82ab4,qual_only,explicit_mmr,0.8060875284115959,0.04311117826515912,0.04682537312393688,0.035545014471211174,0.06695202116278978,0.001478884565307049
2314144,methodkg_v3_02162,projtxt_1b4a2cd60952a133,implicit_mmr,qual_only,0.1546602237584867,0.032890127403208076,0.38719547992740294,0.03023357361880212,0.39285376000268046,0.002166835289419719
2314238,methodkg_v3_02163,projtxt_c50f8e805323d71e,implicit_mmr,no_method_signal,0.1158472473112619,0.12138937838802737,0.16210243735515598,0.2921914853759601,0.11593068939756686,0.19253876217202784
2314844,methodkg_v3_02164,projtxt_d84773e4208b3960,explicit_mmr,no_method_signal,0.11295892750563195,0.14712452995831798,0.2121479723684273,0.22359588813538067,0.10452560374411839,0.1996470782881237
2315023,methodkg_v3_02165,projtxt_f27fc6f29a828c97,qual_only,no_method_signal,0.11378027297438463,0.12700883268863314,0.15087604485015232,0.2841606675578527,0.10075345484535315,0.2234207270836241
2315024,methodkg_v3_02166,projtxt_f27fc6f29a828c97,qual_only,explicit_mmr,0.8295845054709036,0.09500191622723994,0.016090391618620487,0.01886424194432565,0.03945212036313635,0.0010068243757741745
2315095,methodkg_v3_02167,projtxt_548d6f47abec1277,implicit_mmr,explicit_mmr,0.9794708479703331,0.006086206296833197,0.003496355145408581,0.009188096525540396,0.001447461382276418,0.0003110326796082408
2315124,methodkg_v3_02168,projtxt_8b91e9357845837c,explicit_mmr,no_method_signal,0.10458410665100502,0.12976367138903527,0.1735976530107334,0.2621660560055471,0.10720540316403765,0.22268310977964154
2315277,methodkg_v3_02169,projtxt_a194a843eb845cfb,explicit_mmr,no_method_signal,0.17371770308597753,0.10569691865910995,0.20249521987874616,0.2603754592139575,0.12349103946417515,0.13422365969803376
2315353,methodkg_v3_02170,projtxt_33b4c8902ecb622e,implicit_mmr,no_method_signal,0.11844066535213266,0.16174104835240113,0.18325951728147952,0.22441118927043463,0.1023252157386704,0.20982236400488172
2315532,methodkg_v3_02171,projtxt_881ba9b3d7de720d,explicit_mmr,explicit_mmr,0.9534563920501973,0.034852581280588414,0.0008455330621731041,0.002135675063937625,0.006392911033149519,0.002316907509953919
2315617,methodkg_v3_02172,projtxt_2f4a35df2d947123,explicit_mmr,no_method_signal,0.10822612154047806,0.13839185296514586,0.18305642095102062,0.24912063448027602,0.10475242753277872,0.2164525425303008
2315626,methodkg_v3_02173,projtxt_1e1d977d23fa4774,quant_only,no_method_signal,0.11844066535213266,0.16174104835240113,0.18325951728147952,0.22441118927043463,0.1023252157386704,0.20982236400488172
2315647,methodkg_v3_02174,projtxt_1709b6e0111c0630,quant_only,no_method_signal,0.12050349329379702,0.15412878552759882,0.18888700145906148,0.218672793190367,0.1104733653216722,0.20733456120750343
2315763,methodkg_v3_02175,projtxt_38e3bcea9b2533d3,explicit_mmr,explicit_mmr,0.45560370936814115,0.4345689005749558,0.007312445056719396,0.005663265447883857,0.08216899523832144,0.014682684313978473
2315912,methodkg_v3_02176,projtxt_edfaa35f70bc9413,explicit_mmr,quant_only,0.11065273484000149,0.14597010419306555,0.19056667601006533,0.20318925907992635,0.11972661171098105,0.22989461416596021
2317283,methodkg_v3_02177,projtxt_960837423d999e65,qual_only,no_method_signal,0.09829556630726545,0.11763678118210852,0.145966744935965,0.3379609613467403,0.10242380869987323,0.19771613752804745
2317318,methodkg_v3_02178,projtxt_f53dc67e5cd4b067,qual_only,no_method_signal,0.10350685236058174,0.12590534866190234,0.17837254442433356,0.3004261286403575,0.0966365534930387,0.1951525724197863
2317319,methodkg_v3_02179,projtxt_f53dc67e5cd4b067,qual_only,explicit_mmr,0.7474008480068538,0.16452425105293522,0.008739969364051007,0.024164167363037226,0.05267370806340035,0.0024970561497223206
2317747,methodkg_v3_02180,projtxt_bf0cf1dd334fb31e,explicit_mmr,explicit_mmr,0.9027393744242638,0.04460124178879972,0.010387124151859741,0.03125701900742712,0.009490999648810105,0.001524240978839311
2317780,methodkg_v3_02181,projtxt_97888ce76f1fdec2,explicit_mmr,no_method_signal,0.08519012167176478,0.12056553798391584,0.2141894755107865,0.23611502122077133,0.13500665512072949,0.2089331884920321
2317969,methodkg_v3_02182,projtxt_40cb08fa8174c66a,multi_method_not_mmr,no_method_signal,0.12094897822367327,0.1524657875872442,0.17583573674360586,0.23709268378426507,0.10990557976564813,0.20375123389556343
2318158,methodkg_v3_02183,projtxt_c7a9a042d0f2db8f,explicit_mmr,no_method_signal,0.10052499757707335,0.12166021579724645,0.17208723847692875,0.30376792453249246,0.10370732964600515,0.19825229397025376
2318178,methodkg_v3_02184,projtxt_9dd50727bf39b021,explicit_mmr,no_method_signal,0.10232865203654087,0.1286806104258639,0.1697370978417096,0.2800324496964191,0.09943849002004676,0.21978269997941977
2318264,methodkg_v3_02185,projtxt_5d655b13865d8e13,implicit_mmr,no_method_signal,0.11455825412647543,0.11663047878672411,0.1535291570677071,0.3263578914103932,0.09765264868831484,0.1912715699203853
2318415,methodkg_v3_02186,projtxt_633fd7ad4c395fb1,explicit_mmr,no_method_signal,0.10344051947778146,0.12221469220469543,0.17051197048404962,0.2978745753563858,0.10249843027939667,0.20345981219769105
2318849,methodkg_v3_02187,projtxt_a69c6225838e44f4,qual_only,quant_only,0.10282763954278897,0.14861945231149304,0.18495915387584952,0.20398156706975856,0.11829164992373897,0.24132053727637076
2320947,methodkg_v3_02188,projtxt_678d48a9268d2b6a,explicit_mmr,quant_only,0.08433858640257734,0.13408638272172158,0.149783081889273,0.267899171064443,0.08379465194621306,0.28009812597577216
2321179,methodkg_v3_02189,projtxt_38ee167b3a5815d6,explicit_mmr,no_method_signal,0.38227221605262457,0.034127893677722884,0.06652016532182523,0.5011433765254308,0.013132738713721436,0.0028036097086750734
2321205,methodkg_v3_02190,projtxt_bff773629ee9be73,explicit_mmr,implicit_mmr,0.36511666240846574,0.5607746239884708,0.003203324511201707,0.002072871594056199,0.050961226745894615,0.01787129075191099
2321218,methodkg_v3_02191,projtxt_ce41fb04d8f8a08a,implicit_mmr,explicit_mmr,0.936309249033498,0.04704282407587315,0.005241724538747831,0.008844263528512268,0.0020237134058261456,0.0005382254175424567
2321219,methodkg_v3_02192,projtxt_ec4807b9c54ff4df,implicit_mmr,explicit_mmr,0.6820332237933833,0.02867944199113904,0.1026692766288411,0.02923418982948539,0.15640900646232814,0.0009748612948231546
2321243,methodkg_v3_02193,projtxt_1743888c52463398,explicit_mmr,no_method_signal,0.10492161804227783,0.13444131279752874,0.1607153315746274,0.27894286705272264,0.09566079995941065,0.2253180705734328
2321390,methodkg_v3_02194,projtxt_4273ad208d03a706,explicit_mmr,no_method_signal,0.091540462529974,0.11441503152552711,0.19028241955650996,0.266967851637454,0.14919351530176025,0.18760071944877463
2321391,methodkg_v3_02195,projtxt_4273ad208d03a706,explicit_mmr,no_method_signal,0.08497861099039945,0.11528633383156098,0.21157598625115176,0.2578389396191059,0.14925629847503494,0.18106383083274694
2322250,methodkg_v3_02196,projtxt_98bbc7d52ee517c1,qual_only,quant_only,0.10082766031479289,0.1555913031432808,0.21577044583242228,0.20090597646588448,0.0975144859717627,0.22939012827185698
2323131,methodkg_v3_02197,projtxt_41ca7e3bca25e83a,quant_only,no_method_signal,0.09850775677789027,0.12666087258240286,0.1537908126016716,0.2903804214046618,0.09959234872782523,0.23106778790554824
2324575,methodkg_v3_02198,projtxt_92cbb65876865905,multi_method_not_mmr,no_method_signal,0.09384107052563002,0.10179350398108128,0.18288543628240791,0.3074612710249535,0.08073047095327386,0.23328824723265346
2325989,methodkg_v3_02199,projtxt_3cc80c8b62262dee,implicit_mmr,explicit_mmr,0.5729808092246765,0.18199577787081342,0.0023515876079176776,0.23961297989663644,0.0023175983797723066,0.0007412470201836053
2326588,methodkg_v3_02200,projtxt_d637720f93037f89,implicit_mmr,no_method_signal,0.1290051062028234,0.13225783898048715,0.16082766559699516,0.24407732454638087,0.13063386228937504,0.20319820238393843
2327314,methodkg_v3_02201,projtxt_5181ca2d58d6dedc,implicit_mmr,explicit_mmr,0.9661089718292329,0.02820769476638057,0.0009018054392665195,0.0023993042663257203,0.0013505730920945025,0.0010316506066998083
2327420,methodkg_v3_02202,projtxt_1e73816cc89674b0,qual_only,no_method_signal,0.12784931715896447,0.13753614192926192,0.15481058422265573,0.28853199380955286,0.09878222476464907,0.19248973811491596
2327488,methodkg_v3_02203,projtxt_31973f3601999cc8,qual_only,no_method_signal,0.09888534445130324,0.10700798799102011,0.14420922514131,0.37534953394117865,0.08847651109244034,0.1860713973827475
2329579,methodkg_v3_02204,projtxt_52a27bd00215b5b9,multi_method_not_mmr,no_method_signal,0.1068401690999527,0.12814390020244912,0.15854547000267244,0.30411012463717935,0.10045915493374688,0.20190118112399946
2330963,methodkg_v3_02205,projtxt_02dd6aff64e675ab,explicit_mmr,explicit_mmr,0.9585973851692197,0.03652910554880728,0.0005828755399032056,0.003096804279175031,0.0003172029984680638,0.0008766264644269331
2332167,methodkg_v3_02206,projtxt_df4753fb1483de50,quant_only,no_method_signal,0.0966738695870572,0.10572911351656526,0.1984145097968205,0.27760338467285345,0.08848771338797846,0.2330914090387251
2333764,methodkg_v3_02207,projtxt_6df30b98cb3548e1,multi_method_not_mmr,implicit_mmr,0.2494983421083154,0.5947272334579383,0.0028417136031591043,0.004525335922276955,0.13589074858574507,0.012516626322565087
2333959,methodkg_v3_02208,projtxt_626de20d0fd560df,qual_only,no_method_signal,0.12654730563877833,0.13948218729644576,0.16375203852930484,0.22791850687895657,0.12594869228565245,0.21635126937086216
2334693,methodkg_v3_02209,projtxt_e2802a44889ea669,explicit_mmr,explicit_mmr,0.40235428934496886,0.2646249403326603,0.016134791157732354,0.022852941243147715,0.2743588427307524,0.019674195190738434
2335625,methodkg_v3_02210,projtxt_64d96a38dfeb8a6e,multi_method_not_mmr,no_method_signal,0.12235917386912629,0.13203067331047047,0.19313183798775782,0.2405064558813476,0.12430346103603597,0.18766839791526196
2335725,methodkg_v3_02211,projtxt_a0e2d0fe05c746ef,quant_only,no_method_signal,0.10959083927548692,0.16018028279437332,0.18920925886079837,0.2227706071903419,0.10307679879678883,0.21517221308221068
2336135,methodkg_v3_02212,projtxt_8b9990fc9f39f9dc,explicit_mmr,explicit_mmr,0.9270828758271353,0.043743026306911036,0.002986991744121179,0.01584355487335994,0.0038164765312909297,0.006527074717181397
2336136,methodkg_v3_02213,projtxt_8b9990fc9f39f9dc,explicit_mmr,explicit_mmr,0.9302476055891552,0.04126572120039588,0.0028469826437179896,0.01574026734900454,0.003723991369922822,0.006175431847803503
2336456,methodkg_v3_02214,projtxt_0f2cca9707c8a7a6,no_method_signal,no_method_signal,0.10954799053213322,0.10489822367007863,0.1539902990739107,0.3675195043552055,0.10094767285085424,0.16309630951781776
2336683,methodkg_v3_02215,projtxt_6e52606ba64403ab,no_method_signal,quant_only,0.10913047682489685,0.1569882161877458,0.19612326608021935,0.1824300930582878,0.11721530548450822,0.23811264236434201
2336910,methodkg_v3_02216,projtxt_5e01f1480cb71175,implicit_mmr,no_method_signal,0.1145234905462531,0.1166261492892419,0.1535323391771409,0.32639344107337653,0.09763119261060957,0.19129338730337808
2336911,methodkg_v3_02217,projtxt_5e01f1480cb71175,implicit_mmr,no_method_signal,0.10951479778046627,0.1399300823053605,0.20617780317262524,0.24668283422997445,0.1000210628437216,0.19767341966785196
2336912,methodkg_v3_02218,projtxt_5e01f1480cb71175,implicit_mmr,quant_only,0.11192249427581369,0.16534060229312894,0.17743644983413792,0.17939517762027873,0.11995604432954274,0.24594923164709798
2337003,methodkg_v3_02219,projtxt_cd0656ba66a64b70,explicit_mmr,explicit_mmr,0.470518856679355,0.36620237980068376,0.0237400830360821,0.0371352777464453,0.0740785048994483,0.028324897837985464
2337016,methodkg_v3_02220,projtxt_9227a598df989be1,explicit_mmr,implicit_mmr,0.3384839583923733,0.6349802679173305,0.0007754085405709309,0.01302151428856895,0.00759156357162908,0.0051472872895271474
2337017,methodkg_v3_02221,projtxt_9227a598df989be1,explicit_mmr,implicit_mmr,0.3505817987011808,0.6237515189853018,0.0008446779860004711,0.012548888334373167,0.0073182908192067405,0.004954825173937021
2337018,methodkg_v3_02222,projtxt_9227a598df989be1,explicit_mmr,implicit_mmr,0.32349708360983054,0.6496503142928028,0.0008172076221963824,0.013206914093143262,0.007711246038251895,0.005117234343775338
2337019,methodkg_v3_02223,projtxt_9227a598df989be1,explicit_mmr,implicit_mmr,0.3600528981578894,0.614372227440764,0.000767909748125515,0.013220470343925265,0.0067231501100879585,0.004863344199207917
2337020,methodkg_v3_02224,projtxt_9227a598df989be1,explicit_mmr,implicit_mmr,0.3337204230217659,0.6407739940758775,0.0007230019326721119,0.011790131385827234,0.00797774194439074,0.00501470763946664
2337021,methodkg_v3_02225,projtxt_9227a598df989be1,explicit_mmr,implicit_mmr,0.3141275303192385,0.6584019343707942,0.0008069130151594932,0.013732641167199727,0.007762578438667052,0.005168402688941228
2337142,methodkg_v3_02226,projtxt_e5970f7e308f7377,explicit_mmr,explicit_mmr,0.7863886324664128,0.13177295714883594,0.010126654705862659,0.042163360834509986,0.008571373832426342,0.020977021011952254
2337143,methodkg_v3_02227,projtxt_e5970f7e308f7377,explicit_mmr,explicit_mmr,0.7907672140344562,0.13110921808931159,0.009072944985372646,0.04072197201663976,0.008176009957180605,0.020152640917039322
2337144,methodkg_v3_02228,projtxt_e5970f7e308f7377,explicit_mmr,explicit_mmr,0.788391567109516,0.1318214804039445,0.009349689822936498,0.041436440894857415,0.008315630220508383,0.020685191548237305
2337145,methodkg_v3_02229,projtxt_e5970f7e308f7377,explicit_mmr,explicit_mmr,0.780467152842839,0.13615826974192408,0.010190244050923754,0.042696879407518554,0.008815525317942515,0.021671928638851975
2337146,methodkg_v3_02230,projtxt_e5970f7e308f7377,explicit_mmr,explicit_mmr,0.7985854652861636,0.1253381646783842,0.009231322344448312,0.039236837870500835,0.0077030810936573645,0.019905128726845762
2337247,methodkg_v3_02231,projtxt_079343300d9ce3f3,explicit_mmr,explicit_mmr,0.8650419000373546,0.06607639905169206,0.007002205140456323,0.052396086872120134,0.004890305943019169,0.004593102955357468
2337612,methodkg_v3_02232,projtxt_3b0647263af0a88f,implicit_mmr,no_method_signal,0.1341042412007169,0.15548511123728703,0.1561336407275154,0.21704766121505298,0.1268885826380729,0.21034076298135482
2337709,methodkg_v3_02233,projtxt_20d7d766e07e52aa,qual_only,explicit_mmr,0.5972322566734662,0.22088731693399827,0.03276298942559969,0.0018343056682047628,0.12793586686608827,0.019347264432642848
2339289,methodkg_v3_02234,projtxt_10454af1f47df893,explicit_mmr,implicit_mmr,0.41638932490577557,0.5100893937918495,0.010340322901293178,0.006870596589640919,0.045053781571104054,0.01125658024033681
2339702,methodkg_v3_02235,projtxt_a9e05f3b8894b8c8,explicit_mmr,implicit_mmr,0.25931241732178856,0.6894962252615917,0.00878075083095558,0.0033131364428104844,0.023044718091403144,0.016052752051450542
2340576,methodkg_v3_02236,projtxt_ecff468402eec095,implicit_mmr,explicit_mmr,0.9604787886855868,0.020675674519084742,0.0011467573952912082,0.016266579724915402,0.0008013896882885383,0.0006308099868336115
2342574,methodkg_v3_02237,projtxt_a92fce89368af486,explicit_mmr,explicit_mmr,0.8431372592560534,0.14080221895730874,0.002669547248865602,0.007792678880289342,0.0026269441517177135,0.002971351505765127
2342624,methodkg_v3_02238,projtxt_7e6b76905a25f672,implicit_mmr,no_method_signal,0.11083389911001562,0.13905830325283497,0.17931585969602365,0.24742297449950293,0.13348303200270095,0.18988593143892193
2342625,methodkg_v3_02239,projtxt_7e6b76905a25f672,implicit_mmr,no_method_signal,0.11561274629561387,0.14044020544725447,0.16728137077731575,0.261592503046019,0.12262889803921448,0.19244427639458236
2342626,methodkg_v3_02240,projtxt_7e6b76905a25f672,implicit_mmr,no_method_signal,0.11378138846326807,0.15128884422459174,0.19189128386360588,0.21737382654956364,0.12766191049648762,0.1980027464024831
2342627,methodkg_v3_02241,projtxt_7e6b76905a25f672,implicit_mmr,no_method_signal,0.10482464202832024,0.14207248498797814,0.16530497807243832,0.2684066056283169,0.13551726484902074,0.1838740244339257
2342766,methodkg_v3_02242,projtxt_0d3ed072da0a67b4,explicit_mmr,explicit_mmr,0.479174170000277,0.09510467534117797,0.16343514412045762,0.24156033640038344,0.018858529836199026,0.0018671443015049886
2344789,methodkg_v3_02243,projtxt_f222622f4b442e93,implicit_mmr,no_method_signal,0.08870243519562149,0.11201249325337229,0.15840112777599277,0.3357141224178516,0.10057432595139394,0.20459549540576794
2344790,methodkg_v3_02244,projtxt_f222622f4b442e93,implicit_mmr,no_method_signal,0.09224543220309986,0.10801209459344348,0.185723869959264,0.32114985443087307,0.09539742100317562,0.19747132781014393
2344791,methodkg_v3_02245,projtxt_f222622f4b442e93,implicit_mmr,no_method_signal,0.1074963013346081,0.10582645674560173,0.17441776353635316,0.3495147024772904,0.09202442942720265,0.17072034647894388
2344792,methodkg_v3_02246,projtxt_f222622f4b442e93,implicit_mmr,no_method_signal,0.08874282036346859,0.10980305046125804,0.1680539034300561,0.3490842416871968,0.09032514247770476,0.19399084158031568
2344793,methodkg_v3_02247,projtxt_f222622f4b442e93,implicit_mmr,no_method_signal,0.09650863471724112,0.10994420200499634,0.18999322055691362,0.3223395686109197,0.09363753162924811,0.1875768424806812
2344794,methodkg_v3_02248,projtxt_f222622f4b442e93,implicit_mmr,no_method_signal,0.08845747691960879,0.09318467992968628,0.14090692470596594,0.4322717022318513,0.0772511916931775,0.16792802451971017
2344795,methodkg_v3_02249,projtxt_f222622f4b442e93,implicit_mmr,no_method_signal,0.08520087104041522,0.10698548784149023,0.16100925521525358,0.37640071539079967,0.08432304509949025,0.1860806254125511
2344854,methodkg_v3_02250,projtxt_e01545e8f8014592,multi_method_not_mmr,no_method_signal,0.11139138757627547,0.09847648162925701,0.1828070595430385,0.3451408091339122,0.0915341849771699,0.17065007714034697
2344942,methodkg_v3_02251,projtxt_d07ce323e97ed540,explicit_mmr,explicit_mmr,0.9815573902944731,0.010756344366923562,5.603195245617668e-05,0.007182040810390968,0.000349786094534643,9.840648122143827e-05
2344947,methodkg_v3_02252,projtxt_95accd599f78aec6,multi_method_not_mmr,no_method_signal,0.10016536721019068,0.09647555042798436,0.17742181651909278,0.37411314197756596,0.09186583973988251,0.15995828412528368
2344960,methodkg_v3_02253,projtxt_deef93ab6a8884a9,multi_method_not_mmr,no_method_signal,0.10132675966484435,0.09027274054681868,0.16175516188410216,0.39846773571493144,0.10147906934976966,0.14669853283953369
2345042,methodkg_v3_02254,projtxt_2faf8253c48ff642,implicit_mmr,no_method_signal,0.0949959834092797,0.10637911245069423,0.17653296572167013,0.3423586531033568,0.10347729472924545,0.1762559905857537
2345094,methodkg_v3_02255,projtxt_9b207d5dca59e7ca,explicit_mmr,no_method_signal,0.09337390098940138,0.1251447668706866,0.17748821640515886,0.2758495658139484,0.09409361696428532,0.23404993295651957
2345114,methodkg_v3_02256,projtxt_e1a327b3e18b3dc5,explicit_mmr,explicit_mmr,0.620817644252558,0.25250874882781715,0.003997411473358318,0.10377177039636468,0.0172231219774997,0.0016813030724019968
2345129,methodkg_v3_02257,projtxt_f5913d765ad380e2,implicit_mmr,explicit_mmr,0.9844702453761636,0.012282731314725091,0.00010641651025336981,0.0021268432542194543,0.0007739771991980993,0.00023978634544023677
2345187,methodkg_v3_02258,projtxt_ce5841da152b849c,explicit_mmr,explicit_mmr,0.7651582141251776,0.18829375037653429,0.0014900820335425444,0.023038835304892816,0.019717963804926682,0.002301154354926084
2345204,methodkg_v3_02259,projtxt_93423a977b78552f,multi_method_not_mmr,no_method_signal,0.10496815737040852,0.11416510986594673,0.15152078605885544,0.3163788944221281,0.10339543877898402,0.20957161350367712
2345377,methodkg_v3_02260,projtxt_a98a45b79c6d9bbf,quant_only,no_method_signal,0.09688077973256368,0.12093246710939562,0.17942503429674034,0.29442217679850236,0.0993086305715726,0.2090309114912254
2345378,methodkg_v3_02261,projtxt_ef13c4c256f33a95,explicit_mmr,explicit_mmr,0.6029569567973353,0.3618248939242455,0.005710167754278689,0.019863827012605115,0.003170032221464155,0.006474122290071372
2345607,methodkg_v3_02262,projtxt_ee298a79b00d23b2,no_method_signal,quant_only,0.13325555638806424,0.15731450704357178,0.18524665857214004,0.20472471219970853,0.10302712168062846,0.2164314441158869
2346653,methodkg_v3_02263,projtxt_8ae27e47ac8dcbf9,explicit_mmr,quant_only,0.11342945315645486,0.16354822395224636,0.1747628638985174,0.21889347754729857,0.10841092674736652,0.22095505469811627
2346868,methodkg_v3_02264,projtxt_1c4ad824abd37597,qual_only,explicit_mmr,0.9235662134209223,0.030378396430944147,0.017264846745377947,0.001106229756261629,0.025415156764719532,0.002269156881774469
2347820,methodkg_v3_02265,projtxt_2375564155052520,implicit_mmr,no_method_signal,0.14821616292585726,0.1439701766049117,0.16108165295995744,0.2225351836095063,0.1235024642243633,0.20069435967540397
2347821,methodkg_v3_02266,projtxt_2375564155052520,implicit_mmr,no_method_signal,0.16487647599549912,0.12368120494448578,0.14751980078352755,0.28634111308236093,0.1219607270937685,0.15562067810035812
2348080,methodkg_v3_02267,projtxt_17af9033f84573f6,qual_only,no_method_signal,0.15737492897631575,0.10728868804240511,0.18019834139661625,0.26236716212166017,0.11568646822138996,0.17708441124161284
2348081,methodkg_v3_02268,projtxt_17af9033f84573f6,qual_only,no_method_signal,0.16835276127782287,0.10719012419303771,0.1779062403829831,0.2833143130912198,0.11499377600407631,0.14824278505086017
2348082,methodkg_v3_02269,projtxt_17af9033f84573f6,qual_only,no_method_signal,0.1604828905748632,0.11328885554604863,0.17856023783422245,0.28095348455896524,0.10855211135964532,0.15816242012625523
2348835,methodkg_v3_02270,projtxt_4d12bed9e01e1cfb,explicit_mmr,no_method_signal,0.08971485113623595,0.09122814237405207,0.13317164623735492,0.43441759519809975,0.07668362807840813,0.17478413697584919
2349657,methodkg_v3_02271,projtxt_a30d3abb93c733c4,multi_method_not_mmr,no_method_signal,0.06959673918225376,0.1027205358645483,0.1985456684131587,0.3027442369038256,0.0790176026267123,0.2473752170095013
2349722,methodkg_v3_02272,projtxt_61d137aa84c06224,quant_only,no_method_signal,0.08173024852045546,0.10850402344987936,0.17208709184405152,0.34292184084780863,0.08677484823379696,0.20798194710400814
2350382,methodkg_v3_02273,projtxt_3c9ef492a166a15a,explicit_mmr,no_method_signal,0.157557578423618,0.14878627506773076,0.16047594271998925,0.21772396629295684,0.12463500661718903,0.19082123087851618
2350410,methodkg_v3_02274,projtxt_389dec86168b8914,explicit_mmr,no_method_signal,0.16588492190073467,0.157787458371295,0.15625019315263614,0.210504524622884,0.11358552347504795,0.19598737847740239
2400347,methodkg_v3_02275,projtxt_7146eafa2fbf9322,quant_only,no_method_signal,0.08971485113623595,0.09122814237405207,0.13317164623735492,0.43441759519809975,0.07668362807840813,0.17478413697584919
2400411,methodkg_v3_02276,projtxt_94728f3bc6ecc4ed,quant_only,no_method_signal,0.14611190720824108,0.1352008030083225,0.1753899464186085,0.22581516519726696,0.12292965542608987,0.19455252274147108
2400428,methodkg_v3_02277,projtxt_a75a44f4828acee3,implicit_mmr,explicit_mmr,0.7048789076758055,0.0849212408645793,0.09714867236370535,0.10093920857943267,0.003698231746372019,0.00841373877010508
2400478,methodkg_v3_02278,projtxt_ba04ce010067dfbe,explicit_mmr,no_method_signal,0.19256614879765102,0.23040764265720226,0.005272175185639441,0.5365337603584593,0.03214959864658058,0.003070674354467438
2400767,methodkg_v3_02279,projtxt_527fd40c80a40123,multi_method_not_mmr,no_method_signal,0.1522682305454943,0.14354087229295664,0.16358685003422987,0.2143045999765589,0.1376148749070616,0.18868457224369875
2400781,methodkg_v3_02280,projtxt_d4b520e2168243d4,quant_only,no_method_signal,0.16497449099096972,0.14341610802419633,0.1561910266014617,0.23377274981276203,0.12096935194993345,0.18067627262067693
2400782,methodkg_v3_02281,projtxt_d4b520e2168243d4,quant_only,no_method_signal,0.15222764335841665,0.14970182310479432,0.1596781880273633,0.21352356850553883,0.11929952959132313,0.20556924741256388
2400783,methodkg_v3_02282,projtxt_d4b520e2168243d4,quant_only,no_method_signal,0.1554061559999439,0.14054362523006275,0.1612749807467395,0.21448490877589918,0.12872450238745897,0.19956582685989585
2400784,methodkg_v3_02283,projtxt_d4b520e2168243d4,quant_only,no_method_signal,0.16202421302209918,0.13910917283511454,0.16810914647033365,0.22521541488028587,0.12640923651700833,0.17913281627515845
2400805,methodkg_v3_02284,projtxt_d02f518f23aad4a1,implicit_mmr,explicit_mmr,0.4749392619124458,0.19282962083592223,0.2528206006623103,0.020214776778771648,0.04010615288096996,0.019089586929579926
2403932,methodkg_v3_02285,projtxt_af481fd83ea38e0f,explicit_mmr,explicit_mmr,0.9156291610525457,0.03863749324636623,0.0036068841489420578,0.0169613862035871,0.021924292385947557,0.0032407829626111932
2403963,methodkg_v3_02286,projtxt_28187647d8a3d2e2,explicit_mmr,no_method_signal,0.14768989433972826,0.15726387189046545,0.14208029295753088,0.2682108860676886,0.11456870867617414,0.1701863460684126
2404263,methodkg_v3_02287,projtxt_80f7503b914db769,explicit_mmr,no_method_signal,0.09257161244709436,0.1416155922348185,0.16453724027324002,0.2643668214869715,0.10114433017482895,0.23576440338304663
2404264,methodkg_v3_02288,projtxt_80f7503b914db769,explicit_mmr,no_method_signal,0.10197938540835248,0.13245114921741538,0.16040538697234283,0.29552115965083187,0.09716013980664087,0.21248277894441658
2404553,methodkg_v3_02289,projtxt_ea8f1604b679699b,explicit_mmr,no_method_signal,0.13136335164218965,0.13698301245389694,0.1566079161254582,0.24283304728471453,0.12408396958000265,0.20812870291373803
2404797,methodkg_v3_02290,projtxt_7d7d2a04c43006ad,explicit_mmr,explicit_mmr,0.9497697865178906,0.025346711810925016,0.0011063930176578895,0.02296571190415249,0.0004741296409228127,0.00033726710845136663
2404929,methodkg_v3_02291,projtxt_25ec796a4c83ade8,explicit_mmr,explicit_mmr,0.6623956527982973,0.23649139035601277,0.02532637158587808,0.012153991060629806,0.04823396740329104,0.01539862679589099
2405120,methodkg_v3_02292,projtxt_92738bca65feca54,multi_method_not_mmr,no_method_signal,0.13954367117429214,0.1362752423696771,0.17095908639300542,0.21816875733641056,0.14169274687513686,0.19336049585147794
2405224,methodkg_v3_02293,projtxt_b872535ed71ace0c,implicit_mmr,no_method_signal,0.17062660614074868,0.13277414512329078,0.1515982364110486,0.23992063026715238,0.1287175620736876,0.17636281998407205
2405225,methodkg_v3_02294,projtxt_b872535ed71ace0c,implicit_mmr,quant_only,0.12023707261618258,0.15810225438113898,0.15599013897525174,0.18104762626259324,0.12525712921345716,0.25936577855137616
2405230,methodkg_v3_02295,projtxt_096ba64abf58523a,explicit_mmr,explicit_mmr,0.9274116948506868,0.036211948930209695,0.00926341829004009,0.0172162126169996,0.00462383123316012,0.005272894078903973
2405431,methodkg_v3_02296,projtxt_01f7f6515c9209ea,qual_only,no_method_signal,0.15724337209351053,0.15214526444068643,0.16740462280398277,0.2099516749107454,0.1208245152123458,0.192430550538729
2405487,methodkg_v3_02297,projtxt_d128560ab5242c44,qual_only,no_method_signal,0.1280640442197041,0.13197617751074406,0.15603026318888663,0.26312249217123457,0.13565761543686078,0.18514940747256978
2405747,methodkg_v3_02298,projtxt_2e4749177f55bf96,qual_only,qual_only,0.09613008717529374,0.049664966050292456,0.027329251254466367,0.0027601049193802037,0.8221354120455064,0.0019801785550608575
2405785,methodkg_v3_02299,projtxt_90d4875635a534ee,explicit_mmr,explicit_mmr,0.9684959183736307,0.018842050715744123,0.0014083575005576898,0.008280378475574722,0.0015933394958539528,0.0013799554386388047
2405786,methodkg_v3_02300,projtxt_90d4875635a534ee,explicit_mmr,explicit_mmr,0.9633785106120953,0.021882104288640614,0.0015876155809998313,0.009686706730189502,0.0019278908709809172,0.001537171917093894
2406660,methodkg_v3_02301,projtxt_7fb68cdafc92f21e,quant_only,no_method_signal,0.09965586938219059,0.11911466304715267,0.16444352866082504,0.3078398391351098,0.09963372320939375,0.20931237656532825
2406960,methodkg_v3_02302,projtxt_06e5e39682f324de,explicit_mmr,explicit_mmr,0.4104137924986903,0.3809199100425141,0.012589358089372742,0.0158632884298494,0.17140250739735124,0.00881114354222229
2407013,methodkg_v3_02303,projtxt_8404b763e41854fa,explicit_mmr,no_method_signal,0.10229030302217917,0.12434553365257321,0.19917275722160294,0.24943164719574917,0.10994283082707829,0.2148169280808172
2407014,methodkg_v3_02304,projtxt_8404b763e41854fa,explicit_mmr,no_method_signal,0.09126570282714475,0.11218128915021948,0.2370551273940819,0.2516711859783692,0.10666354203139945,0.2011631526187852
2407134,methodkg_v3_02305,projtxt_3a0d7b9c99e8b94c,explicit_mmr,explicit_mmr,0.5269707306938427,0.3721703857962535,0.018027520862209538,0.021090185470923953,0.051684699690844556,0.010056477485925742
2407135,methodkg_v3_02306,projtxt_156b98787b7bef51,explicit_mmr,explicit_mmr,0.4936970551734732,0.3913298582165106,0.0218004110282274,0.022839837827761448,0.0593732237306932,0.010959614023334254
2407294,methodkg_v3_02307,projtxt_031fc59b1d51b675,explicit_mmr,implicit_mmr,0.07332523257330865,0.8287577262642728,0.005029138812317653,0.011261231997763278,0.05273674414615631,0.028889926206181384
2408969,methodkg_v3_02308,projtxt_20ca67bdf7062978,explicit_mmr,no_method_signal,0.17001865289371196,0.13137540989867325,0.15505386998346768,0.2398586034477949,0.10496993926301164,0.19872352451334044
2409848,methodkg_v3_02309,projtxt_c85bb658c0286871,explicit_mmr,no_method_signal,0.08401419088701066,0.09659764890425987,0.14553203049112443,0.4108678686202402,0.0757586183880175,0.18722964270934725
2409905,methodkg_v3_02310,projtxt_1e0eac3bf43c3824,qual_only,no_method_signal,0.0849608527018727,0.11637766759978965,0.1803622534320405,0.27042044837164375,0.14531747301937534,0.20256130487527796
2411129,methodkg_v3_02311,projtxt_21932813926024f8,qual_only,quant_only,0.12209732642584754,0.14387282399795057,0.16712356957998642,0.21298746309533295,0.12794775821546697,0.22597105868541556
2411326,methodkg_v3_02312,projtxt_c1be9e81bbdf00d7,explicit_mmr,explicit_mmr,0.606659840610665,0.11202427047156316,0.02535348714082816,0.058587586531927034,0.193891487536363,0.0034833277086535165
2411524,methodkg_v3_02313,projtxt_878dd6e83a126740,explicit_mmr,no_method_signal,0.09579217951603876,0.12539764023682093,0.14992121733923477,0.2894767171973432,0.10639356548627933,0.2330186802242829
2411535,methodkg_v3_02314,projtxt_c074c6bcab61a1fa,qual_only,no_method_signal,0.11632153169087624,0.1229228245118573,0.19299590976076444,0.2536202188878904,0.110900434681729,0.20323908046688258
2411594,methodkg_v3_02315,projtxt_6160d6f471490130,implicit_mmr,no_method_signal,0.1267479761684236,0.11819186326167067,0.20172810055984863,0.24298655284373782,0.115164382346125,0.1951811248201942
2411595,methodkg_v3_02316,projtxt_6160d6f471490130,implicit_mmr,no_method_signal,0.10387576760918658,0.12422430455940796,0.17285196796586116,0.29155270111957643,0.10872048208663537,0.19877477665933255
2411711,methodkg_v3_02317,projtxt_05a0836dc6a7f157,qual_only,explicit_mmr,0.4454505437952195,0.22181943756835004,0.21919418529423843,0.038417107806916435,0.061415537127094445,0.013703188408181072
2411805,methodkg_v3_02318,projtxt_16ea68ea4c12d139,implicit_mmr,explicit_mmr,0.6172963232538474,0.19017935209657197,0.047294214439284915,0.0714103830368543,0.05665566620639918,0.01716406096704207
2411987,methodkg_v3_02319,projtxt_fe92e25b242eb9e7,explicit_mmr,explicit_mmr,0.8705805082995423,0.07964149378840592,0.004736823288083091,0.008502832659754116,0.035936516673050034,0.0006018252911643339
2411988,methodkg_v3_02320,projtxt_fe92e25b242eb9e7,explicit_mmr,no_method_signal,0.10830464153075858,0.11840307819110406,0.16238017445239783,0.3069760073514047,0.11041614300512713,0.19351995546920775
2413063,methodkg_v3_02321,projtxt_ba6cb53797442993,explicit_mmr,explicit_mmr,0.7824278540707723,0.15729089756496953,0.005179240193419872,0.03986329409739398,0.011869587797318554,0.0033691262761256766
2413103,methodkg_v3_02322,projtxt_bceb1b4900c5ab68,explicit_mmr,no_method_signal,0.10110618547301298,0.12042775607157077,0.17324261620060327,0.30269688922588106,0.1052524432055557,0.19727410982337631
2413231,methodkg_v3_02323,projtxt_7b0fe22cec4e4ec6,qual_only,no_method_signal,0.14437499971930257,0.08735013983037883,0.1583872661944373,0.37034353600766595,0.11160143061565628,0.12794262763255898
2413239,methodkg_v3_02324,projtxt_f381e418308fc145,explicit_mmr,explicit_mmr,0.8511607329515088,0.098169302388572,0.005564417916406656,0.023020035063682887,0.016143929542228482,0.005941582137601235
2413410,methodkg_v3_02325,projtxt_bde8fae600dec1b9,explicit_mmr,no_method_signal,0.11071580707735688,0.1164274359693931,0.16542241408288802,0.30184489557870303,0.10000029689923191,0.2055891503924271
2414169,methodkg_v3_02326,projtxt_4132a57549033080,explicit_mmr,qual_only,0.2759432467719812,0.28329603121408387,0.029718619343807,0.09889128458350871,0.3062680375628903,0.005882780523728864
2414170,methodkg_v3_02327,projtxt_4132a57549033080,explicit_mmr,qual_only,0.2762341084774721,0.28975728165264775,0.03087148224076737,0.09990845562339466,0.2971605596750234,0.0060681123306946215
2415028,methodkg_v3_02328,projtxt_bb631165989565e3,explicit_mmr,no_method_signal,0.15667436138726062,0.09128930875699164,0.16613499208521784,0.334700749958244,0.11295351850601679,0.1382470693062692
2415197,methodkg_v3_02329,projtxt_2e1de3fcb7e9659c,explicit_mmr,explicit_mmr,0.6946170505681502,0.20429173763785768,0.020650018193611893,0.05259992663978144,0.010035064777396123,0.01780620218320263
2415686,methodkg_v3_02330,projtxt_c93edd550d648953,qual_only,no_method_signal,0.11368501295824583,0.11823471273760489,0.17998580300336545,0.2821430652586794,0.11440077015996789,0.19155063588213647
2415796,methodkg_v3_02331,projtxt_ad5569f06d914980,explicit_mmr,no_method_signal,0.14275590137623656,0.1101553024893406,0.18209380136195796,0.2758362115604121,0.11579456739250135,0.17336421581955133
2415797,methodkg_v3_02332,projtxt_ad5569f06d914980,explicit_mmr,no_method_signal,0.1341709089952478,0.1080696816144465,0.1678845367149423,0.28506435061345115,0.121295764602897,0.18351475745901524
2415869,methodkg_v3_02333,projtxt_0100f8cf2e123044,implicit_mmr,no_method_signal,0.11513212206378025,0.13175965510290066,0.1680094304594436,0.25362819000401643,0.11589621108759905,0.21557439128226
2415965,methodkg_v3_02334,projtxt_e93c683df8c8b252,implicit_mmr,no_method_signal,0.1546476994871526,0.10786802355604522,0.1603603387537218,0.2877185481750606,0.11157394741986675,0.17783144260815303
2415989,methodkg_v3_02335,projtxt_6e4daf1a03ebab84,multi_method_not_mmr,no_method_signal,0.15337427883327132,0.10148847170117824,0.18614746647510075,0.2886681816941748,0.11931642118440464,0.15100518011187022
2416024,methodkg_v3_02336,projtxt_063350ccc477e7ec,qual_only,explicit_mmr,0.8701577014955103,0.0788831558652023,0.02003731328470903,0.014861141206649789,0.011220996559861005,0.004839691588067534
2416621,methodkg_v3_02337,projtxt_bc588346a4b30def,explicit_mmr,quant_only,0.09848169349729156,0.16009028342559528,0.20519055192781188,0.19190473399665212,0.10023587518099161,0.24409686197165753
2416804,methodkg_v3_02338,projtxt_ebd9b6c4c72610c0,qual_only,no_method_signal,0.11840617434471416,0.16173702589592773,0.1832655609764964,0.2244383838698638,0.10230398644747656,0.20984886846552137
2417138,methodkg_v3_02339,projtxt_40c45863380b81b3,implicit_mmr,explicit_mmr,0.8721367222218238,0.061333462225974814,0.03334799481027891,0.011756039643832216,0.018107873444626187,0.003317907653464122
2417139,methodkg_v3_02340,projtxt_40c45863380b81b3,implicit_mmr,explicit_mmr,0.866082536373374,0.06375861933725666,0.03649712195389592,0.012138647936165765,0.018085885347068967,0.003437189052238715
2417140,methodkg_v3_02341,projtxt_40c45863380b81b3,implicit_mmr,explicit_mmr,0.852244615645986,0.07235041926929409,0.03845418009753336,0.012755580478633384,0.020350795124057998,0.0038444093844949537
2417149,methodkg_v3_02342,projtxt_6b1930ed85c566e0,multi_method_not_mmr,no_method_signal,0.10713834360270531,0.16471176476538024,0.16989285378722332,0.23375768286012802,0.09795623894543083,0.22654311603913235
2417150,methodkg_v3_02343,projtxt_6b1930ed85c566e0,multi_method_not_mmr,quant_only,0.10427005755755742,0.1705530692482748,0.19014622430804773,0.18399364310124103,0.10125097501631314,0.24978603076856584
2417239,methodkg_v3_02344,projtxt_51aa980e3fe55399,explicit_mmr,explicit_mmr,0.7054810839537545,0.231728874481602,0.011838994946746088,0.014299147821610562,0.026310602347052108,0.010341296449234717
2417240,methodkg_v3_02345,projtxt_51aa980e3fe55399,explicit_mmr,explicit_mmr,0.6915073824263908,0.24464673595844053,0.012629723793842551,0.014168836472552968,0.02626513673139949,0.010782184617373678
2417252,methodkg_v3_02346,projtxt_37e22f946c203ab9,qual_only,explicit_mmr,0.954478095788903,0.018745388036439582,0.006143263886644771,0.0032762692163785167,0.014746290667204858,0.002610692404429249
2417374,methodkg_v3_02347,projtxt_2e524a4a37bcb26e,no_method_signal,quant_only,0.11157884948901733,0.15437044361499846,0.21692536262008222,0.19024578215516513,0.10372774304347865,0.22315181907725815
2417423,methodkg_v3_02348,projtxt_00196a282850f514,implicit_mmr,quant_only,0.11348539611024358,0.1648541830305322,0.18151359990247243,0.2015680385012226,0.11420880610282154,0.22436997635270758
2418374,methodkg_v3_02349,projtxt_84d785c8cc94924a,implicit_mmr,no_method_signal,0.0985195816313691,0.11210671155017837,0.21722129827590334,0.26666896625742803,0.11167593610497639,0.1938075061801447
2418638,methodkg_v3_02350,projtxt_4a091085d7436823,qual_only,no_method_signal,0.12047490368429124,0.11471021070873437,0.18533448708001246,0.25790441310289414,0.11917664922072777,0.20239933620334002
2418639,methodkg_v3_02351,projtxt_4a091085d7436823,qual_only,implicit_mmr,0.02126410365196441,0.7468920125927292,0.027193435044623276,0.009950705778149308,0.138437203949016,0.056262538983517935
2418640,methodkg_v3_02352,projtxt_4a091085d7436823,qual_only,no_method_signal,0.09095214676889217,0.11419952732130484,0.16002307240017108,0.3266274398622442,0.11194302684185205,0.19625478680553574
2418715,methodkg_v3_02353,projtxt_f69b685ce8f8c152,implicit_mmr,no_method_signal,0.09943430342008408,0.12165799452045978,0.18269897688056014,0.2868789570862814,0.11323218777538327,0.1960975803172314
2419116,methodkg_v3_02354,projtxt_d70b97ecba326162,multi_method_not_mmr,no_method_signal,0.08531835233454149,0.09904963804898077,0.23600041738406233,0.3265511385704147,0.08774385999442093,0.16533659366757994
2419117,methodkg_v3_02355,projtxt_d70b97ecba326162,multi_method_not_mmr,no_method_signal,0.0861918833093822,0.09438151184619167,0.24457134815795248,0.31519686510317,0.08912868749602651,0.17052970408727713
2419118,methodkg_v3_02356,projtxt_d70b97ecba326162,multi_method_not_mmr,no_method_signal,0.08356826814339562,0.09373542380060804,0.2462583827818942,0.32068749148405973,0.08997076266353095,0.16577967112651154
2420944,methodkg_v3_02357,projtxt_c4dafa5f179ca40a,explicit_mmr,no_method_signal,0.09731863840447902,0.1237478361286793,0.17071110831881547,0.30234994253797437,0.10399343833724808,0.20187903627280374
2421240,methodkg_v3_02358,projtxt_0fd5f01fc9c521a3,explicit_mmr,explicit_mmr,0.9068428397558931,0.05467557164631386,0.0026907598555013625,0.027819106300801484,0.007234740804107975,0.0007369816373821653
2421241,methodkg_v3_02359,projtxt_0fd5f01fc9c521a3,explicit_mmr,explicit_mmr,0.9090863427763524,0.05372970277717636,0.002574247977379479,0.026959725641752717,0.006923882384951203,0.0007260984423878402
2421279,methodkg_v3_02360,projtxt_d8fc3c74ed6e9b29,explicit_mmr,no_method_signal,0.10340905299593338,0.12221006481112845,0.17051537817295467,0.29790680151916155,0.10247583352304955,0.20348286897777232
2421280,methodkg_v3_02361,projtxt_d8fc3c74ed6e9b29,explicit_mmr,no_method_signal,0.10340905299593338,0.12221006481112845,0.17051537817295467,0.29790680151916155,0.10247583352304955,0.20348286897777232
2421846,methodkg_v3_02362,projtxt_341cbb6d07fed890,explicit_mmr,explicit_mmr,0.7059407758767587,0.2586353772438309,0.0018516648102893704,0.0009834603455828328,0.02557766199697531,0.0070110597265628455
2422009,methodkg_v3_02363,projtxt_6d8d2c4efa8c0e45,explicit_mmr,explicit_mmr,0.8417378243372392,0.142349075810261,0.0022824970448763037,0.003967529925849013,0.005237126053649341,0.004425946828125169
2422010,methodkg_v3_02364,projtxt_6d8d2c4efa8c0e45,explicit_mmr,explicit_mmr,0.8289995176791555,0.15314422634855468,0.0026807417057567976,0.004203924675556162,0.006117256169836759,0.004854333421140336
2422287,methodkg_v3_02365,projtxt_31ed8ae7576fd7c8,qual_only,no_method_signal,0.10041970418668875,0.12907432661457863,0.16477089607275056,0.29048295824520676,0.1012984848153735,0.21395363006540177
2422319,methodkg_v3_02366,projtxt_e3c6705e7938937a,quant_only,quant_only,0.09045685448249267,0.12410834508012385,0.15561634542299857,0.26841047458021955,0.08204249008965987,0.27936549034450553
2422544,methodkg_v3_02367,projtxt_0990f6400c43079d,explicit_mmr,no_method_signal,0.10659067226818685,0.13030852360097053,0.16500672764910398,0.2771376692125688,0.09918779234083278,0.22176861492833697
2423026,methodkg_v3_02368,projtxt_d69d5b8cd0b9ae2f,explicit_mmr,explicit_mmr,0.9292665810477977,0.054328493193737885,0.0008469799514593738,0.01308645226143155,0.0010403121375279452,0.0014311814080456035
2424244,methodkg_v3_02369,projtxt_27c6887fe9ce6817,explicit_mmr,no_method_signal,0.08675088945422298,0.13118932241573084,0.12979843503558833,0.30962076024216895,0.10318858072804439,0.23945201212424458
2424324,methodkg_v3_02370,projtxt_b349d7f8af18dad1,explicit_mmr,explicit_mmr,0.7303432244859542,0.1838095413736416,0.006111187343471172,0.06154078606510787,0.014330884458966468,0.003864376272859009
2424492,methodkg_v3_02371,projtxt_ad57567e02b54624,multi_method_not_mmr,no_method_signal,0.08758331317482888,0.13741818543220694,0.13018858766020133,0.3043302776530966,0.09067860414011027,0.2498010319395559
2424522,methodkg_v3_02372,projtxt_3cbd11edad6a47cb,explicit_mmr,explicit_mmr,0.45882507330275785,0.07065866779953119,0.007061368577656421,0.45750538360358733,0.005312175260283282,0.000637331456183932
2424692,methodkg_v3_02373,projtxt_39a5b2bcf149f311,multi_method_not_mmr,no_method_signal,0.084948107486311,0.129096094428818,0.1317002296660944,0.3219888814524551,0.09452238207146879,0.2377443048948527
2424742,methodkg_v3_02374,projtxt_74ed65fb6ddaa0b0,explicit_mmr,explicit_mmr,0.4819438445661186,0.3343894535345467,0.0021989077798681674,0.15939454400703454,0.020653222583396563,0.0014200275290352927
2424868,methodkg_v3_02375,projtxt_1a1e55b6dc062f99,explicit_mmr,no_method_signal,0.08186438194874342,0.1334400082251143,0.13726158425994858,0.3077358676210217,0.09601137909540557,0.2436867788497665
2424952,methodkg_v3_02376,projtxt_2b588a1154afb67d,implicit_mmr,no_method_signal,0.09027055557245561,0.12917318085812252,0.1222061514480976,0.3254554299080371,0.08884001560866321,0.24405466660462388
2424953,methodkg_v3_02377,projtxt_90fa5075f0981e7d,explicit_mmr,no_method_signal,0.08772331978144632,0.12464526848773935,0.14390714153465728,0.32854994089664064,0.09514187265999363,0.2200324566395228
2424988,methodkg_v3_02378,projtxt_454da90ad72ffbcf,explicit_mmr,explicit_mmr,0.8608536560596168,0.1015133080629734,0.0012340334378716953,0.03148817879993514,0.004200883537871974,0.0007099401017312361
2425114,methodkg_v3_02379,projtxt_237dbfc7524278d1,explicit_mmr,explicit_mmr,0.5434915635393116,0.24560623287895839,0.0028477338521355738,0.19451680429327306,0.012417678195176486,0.001119987241145026
2429274,methodkg_v3_02380,projtxt_c9d768bc9ced10ee,qual_only,no_method_signal,0.11417367187788952,0.10805345971751595,0.23010246554008662,0.24896359875792373,0.12214964437658615,0.17655715972999797
2429533,methodkg_v3_02381,projtxt_c9d7540e7fbc373e,qual_only,no_method_signal,0.11957443554673843,0.13055240166567672,0.1686432961990074,0.2901609400562864,0.1088748895372886,0.18219403699500242
2429605,methodkg_v3_02382,projtxt_97ad26f790ded639,explicit_mmr,explicit_mmr,0.4656092422791565,0.28654183162140284,0.036041365393752064,0.08380522750191215,0.11235707159841479,0.015645261605361768
2429624,methodkg_v3_02383,projtxt_41372a7ca942c8dc,qual_only,no_method_signal,0.10933521558371621,0.10797843166299202,0.1491821653271923,0.36198552881272916,0.09974670083120622,0.17177195778216406
2429832,methodkg_v3_02384,projtxt_c4e5cc1c25f1ddbf,quant_only,no_method_signal,0.1040016156515049,0.11020921836124727,0.1731240355607094,0.3326907703593434,0.10186885662964479,0.1781055034375502
2430255,methodkg_v3_02385,projtxt_6a347d716da0a7d4,quant_only,no_method_signal,0.11840373101773155,0.11857077583797505,0.14637139911153965,0.33792916836450404,0.08895889529104513,0.18976603037720455
2430257,methodkg_v3_02386,projtxt_6a347d716da0a7d4,quant_only,no_method_signal,0.10013683732903698,0.11597410080379929,0.17719193967707708,0.2991013723747404,0.10258522340113184,0.20501052641421452
2430258,methodkg_v3_02387,projtxt_6a347d716da0a7d4,quant_only,no_method_signal,0.09354727138160623,0.1135996194867245,0.15222195195686528,0.345987154615659,0.09151960210674094,0.2031244004524041
2430463,methodkg_v3_02388,projtxt_4226cae76c289a57,qual_only,no_method_signal,0.10272737265567373,0.12982602834538898,0.15179803891983226,0.297471639052218,0.10038356889013787,0.21779335213674922
2430541,methodkg_v3_02389,projtxt_5938e26505138f2b,explicit_mmr,no_method_signal,0.11449497322254669,0.14646690201144513,0.17180840946379003,0.263166467806639,0.11069482504073551,0.19336842245484356
2430739,methodkg_v3_02390,projtxt_107c6712e6da5742,quant_only,no_method_signal,0.10622624127156816,0.10710215046276575,0.2272788254031206,0.2529719151961936,0.12082705413773312,0.18559381352861878
2434875,methodkg_v3_02391,projtxt_8a293c81bbded978,quant_only,no_method_signal,0.11503967683200021,0.12046162039366952,0.16618520646307028,0.29159776647506136,0.09954274522968422,0.20717298460651434
2435473,methodkg_v3_02392,projtxt_111e193886d067d1,quant_only,no_method_signal,0.06479763405689883,0.07421286540573618,0.15237445508907027,0.48192462184403756,0.059475306952468755,0.16721511665178837
2439211,methodkg_v3_02393,projtxt_28a6821ed9491fe5,explicit_mmr,no_method_signal,0.10326539321804612,0.13579568394212732,0.17874760000263706,0.24797394381029933,0.10655345523651479,0.22766392379037523
2441096,methodkg_v3_02394,projtxt_7bd2b8b75af07f14,qual_only,no_method_signal,0.1332147752100268,0.12815859809134986,0.21170271871846702,0.23861522631918272,0.11054674667491218,0.1777619349860615
2447200,methodkg_v3_02395,projtxt_536bd87d51d7905f,implicit_mmr,no_method_signal,0.07098357466925195,0.10293249462007806,0.19485625686825395,0.30363179730468276,0.07764778844526284,0.2499480880924704
2448306,methodkg_v3_02396,projtxt_bb05d13d9c407e12,explicit_mmr,explicit_mmr,0.9441009209459204,0.04645557014166015,0.00022736670447944297,0.007724356527324174,0.0010190371108103956,0.00047274856980535204
2448307,methodkg_v3_02397,projtxt_bb05d13d9c407e12,explicit_mmr,explicit_mmr,0.9440948243896936,0.04683893048673172,0.00022433909737444596,0.007430991259682742,0.0009477622331549172,0.00046315253336264
2448308,methodkg_v3_02398,projtxt_bb05d13d9c407e12,explicit_mmr,explicit_mmr,0.9446987376290442,0.046320742322979495,0.0002253557876810519,0.007376105626720867,0.0009095156971692232,0.00046954293640508925
2448327,methodkg_v3_02399,projtxt_17af9033f84573f6,qual_only,no_method_signal,0.15494690321652776,0.1120656113651876,0.17710108987498288,0.2841662777951007,0.11508441251891924,0.1566357052292818
2448374,methodkg_v3_02400,projtxt_00b1508abf46cbc8,explicit_mmr,no_method_signal,0.12413600224641566,0.1032294600238121,0.16574909206182892,0.339867458651407,0.101274901929058,0.16574308508747815
2449885,methodkg_v3_02401,projtxt_e16394a53a8cda3f,explicit_mmr,explicit_mmr,0.4262459427420393,0.3634804273128849,0.01949041141027102,0.04386366485334014,0.139120963787388,0.007798589894076722
2450045,methodkg_v3_02402,projtxt_f42ce856f6e46171,explicit_mmr,explicit_mmr,0.6465707788922296,0.31388394303989675,0.0031536918098138953,0.02953659051939064,0.0041146642490735574,0.0027403314895956613
2450400,methodkg_v3_02403,projtxt_9c704bdc46c96bd7,explicit_mmr,implicit_mmr,0.19561913654165994,0.4832412164256618,0.11979896406517425,0.03587425981399057,0.15670651498490626,0.008759908168607297
2452030,methodkg_v3_02404,projtxt_bb8108245d917e2c,explicit_mmr,no_method_signal,0.13830484416909258,0.13828333427681166,0.15163320569501612,0.2673097527043094,0.11695437078458934,0.18751449237018095
2500229,methodkg_v3_02405,projtxt_717c2e3061d30d7f,implicit_mmr,no_method_signal,0.09137614975831092,0.12441480953587693,0.16091250506001475,0.2944086524814377,0.09481132492200774,0.23407655824235193
2500289,methodkg_v3_02406,projtxt_4abfde9f63924f17,implicit_mmr,no_method_signal,0.14168837871914036,0.16494835623671283,0.13147485914141988,0.24716472852057603,0.11576688039263704,0.19895679698951385
2500508,methodkg_v3_02407,projtxt_cbd9baf56c812cbf,multi_method_not_mmr,explicit_mmr,0.9060396684444547,0.061496888575270234,0.008024357108546563,0.008672170799784525,0.011976475171062395,0.0037904399008816102
2500509,methodkg_v3_02408,projtxt_cbd9baf56c812cbf,multi_method_not_mmr,no_method_signal,0.10917582259478341,0.14779816119767733,0.16598067679642742,0.24497485425859147,0.10717102753992132,0.22489945761259905
2500654,methodkg_v3_02409,projtxt_c82ca4d99a11ab0d,multi_method_not_mmr,no_method_signal,0.08453862097659572,0.08496914032304674,0.13179897572852395,0.4504530024792688,0.07746631587315649,0.17077394461940845
2500655,methodkg_v3_02410,projtxt_c82ca4d99a11ab0d,multi_method_not_mmr,implicit_mmr,0.27188983831331737,0.40867000870654513,0.03710040493266255,0.16745133466289158,0.08375974451215405,0.031128668872429342
2500848,methodkg_v3_02411,projtxt_3bf1ccbf90403c32,explicit_mmr,no_method_signal,0.09731080163932626,0.11308567749494396,0.15168442225519088,0.3185995837833509,0.09923641894202515,0.2200830958851629
2500849,methodkg_v3_02412,projtxt_3bf1ccbf90403c32,explicit_mmr,no_method_signal,0.09629436205245515,0.13541116377024898,0.15223787385865326,0.2887530493138781,0.10769429205050461,0.2196092589542599
2506427,methodkg_v3_02413,projtxt_67f7ea03020c9600,implicit_mmr,implicit_mmr,0.008221457753639725,0.9010292088868979,0.021066848710175366,0.0007293602173933553,0.05416411290323145,0.014789011528662159
2506911,methodkg_v3_02414,projtxt_eb15ecfd88800dfe,implicit_mmr,no_method_signal,0.09546767941101805,0.12645692716971302,0.17808317535874643,0.27637341652983166,0.11726474263966447,0.20635405889102643
2506912,methodkg_v3_02415,projtxt_eb15ecfd88800dfe,implicit_mmr,no_method_signal,0.09590086632612332,0.12833301379754625,0.16765149651793515,0.2861380278756695,0.10724328802575409,0.2147333074569717
2507129,methodkg_v3_02416,projtxt_cb033ab4a0e715a2,quant_only,no_method_signal,0.08907703622332322,0.12430211636057846,0.16281994189144142,0.308205496695408,0.10615006001020041,0.20944534881904853
2508523,methodkg_v3_02417,projtxt_bd75c3d9dcb488e6,explicit_mmr,no_method_signal,0.12092472189468685,0.1597840486507688,0.13364345434251976,0.2531454033699441,0.11802181152000846,0.21448056022207204
2508612,methodkg_v3_02418,projtxt_e1360f7d52b3ac57,qual_only,explicit_mmr,0.7152216100788873,0.23672212236712445,0.002086679341769412,0.007677089847132334,0.03225318958174647,0.0060393087833398975
2508771,methodkg_v3_02419,projtxt_5c402111dd884a81,implicit_mmr,no_method_signal,0.1011996545365795,0.1273943081725085,0.16887410843841527,0.26027839486873383,0.12083210343456172,0.22142143054920121
2508834,methodkg_v3_02420,projtxt_4c166562013988b1,explicit_mmr,no_method_signal,0.11074519614340143,0.1211247241611767,0.2012941600097676,0.23714531288670795,0.11198161714405666,0.21770898965488972
2508835,methodkg_v3_02421,projtxt_b21a0a825bc344f8,explicit_mmr,no_method_signal,0.09383893669463818,0.12698093625328272,0.1871345000946718,0.2579568667757415,0.11086470327598709,0.22322405690567873
2508970,methodkg_v3_02422,projtxt_ca16b00027755dac,explicit_mmr,explicit_mmr,0.9381395661887557,0.04157242064702662,0.003186294012356435,0.012866443558444778,0.0028827669906491835,0.0013525086027671052
2508971,methodkg_v3_02423,projtxt_ca16b00027755dac,explicit_mmr,no_method_signal,0.09974573874217346,0.1318693171452774,0.16620414890939056,0.2545784310229907,0.11719930165104532,0.23040306252912252
2509043,methodkg_v3_02424,projtxt_63da0c897980b07e,explicit_mmr,explicit_mmr,0.7261429619948278,0.05789786586319128,0.0686544136288288,0.11917958673290587,0.020456376227110742,0.00766879555313565
2509044,methodkg_v3_02425,projtxt_63da0c897980b07e,explicit_mmr,explicit_mmr,0.7303776837107662,0.0613959630465514,0.0641996029353962,0.11567063285915632,0.020290240382251076,0.008065877065878578
2509474,methodkg_v3_02426,projtxt_77c8adde6631276e,explicit_mmr,quant_only,0.1185484288260955,0.14474478325312787,0.14717586900364882,0.2309328908854029,0.12309453859673744,0.2355034894349875
2510147,methodkg_v3_02427,projtxt_aef8dc01e881fa21,explicit_mmr,explicit_mmr,0.9371511452763679,0.050597121160390425,0.0009900859987545813,0.009016328512327787,0.0014589395736601795,0.0007863794784991635
2510214,methodkg_v3_02428,projtxt_e5541fa950470442,quant_only,no_method_signal,0.10066827187488414,0.10101413047975834,0.22099964440288086,0.25339545534746355,0.0932687253846895,0.2306537725103236
2513981,methodkg_v3_02429,projtxt_2b01a191b2fcc9d4,explicit_mmr,explicit_mmr,0.920298454413937,0.05139062479549723,0.006193703099070907,0.015297671356073834,0.004776444346776638,0.0020431019886444873
2514338,methodkg_v3_02430,projtxt_6f0fbf5e538cd414,explicit_mmr,explicit_mmr,0.5695682514660646,0.39122862653672774,0.00821135826553211,0.009544332825955362,0.007018198845199452,0.014429232060520705
2514349,methodkg_v3_02431,projtxt_297e7f72817f53d2,explicit_mmr,explicit_mmr,0.6633842510441456,0.16336032092440156,0.03842344568539545,0.02761366300402986,0.08794616883781445,0.019272150504213104
2514491,methodkg_v3_02432,projtxt_391b75ddbd420d32,multi_method_not_mmr,quant_only,0.1340452778154314,0.1561432766184447,0.16108014020383954,0.20759760651506012,0.11524412341178233,0.22588957543544175
2515040,methodkg_v3_02433,projtxt_af2587d33bd3e7a0,explicit_mmr,explicit_mmr,0.6048891195702775,0.2802784632224198,0.015496043075609306,0.038215017410983446,0.05442594623212058,0.006695410488589398
2515088,methodkg_v3_02434,projtxt_c29dfcdd4e374ed3,explicit_mmr,no_method_signal,0.09962520347763332,0.11910973372969934,0.16444623617468168,0.30787205961387726,0.09961140734487885,0.2093353596592296
2515127,methodkg_v3_02435,projtxt_638ddb38aaf7f828,explicit_mmr,explicit_mmr,0.7707541860426754,0.12584239762317873,0.006527876353078965,0.07507403200656572,0.01987288564136709,0.0019286223331341375
2515148,methodkg_v3_02436,projtxt_be9def8de7aa0356,explicit_mmr,no_method_signal,0.09996951770026086,0.12345309844513849,0.1531817200110795,0.3042679180466131,0.09645028254936058,0.22267746324754753
2515191,methodkg_v3_02437,projtxt_ababc7617af15170,quant_only,no_method_signal,0.07323375832623688,0.07561016021279579,0.23421242512630375,0.3874992837000122,0.07404019967677836,0.15540417295787318
2515226,methodkg_v3_02438,projtxt_922196c0e1718a5c,explicit_mmr,explicit_mmr,0.8705566946687645,0.048625036808392426,0.014267751401107625,0.06072591532938343,0.004462433580498058,0.0013621682118539306
2515308,methodkg_v3_02439,projtxt_1424adbb8c39d847,no_method_signal,no_method_signal,0.08962331549046815,0.08051697585556405,0.19269098225008896,0.404541811208345,0.07546684558470546,0.15716006961082843
2516391,methodkg_v3_02440,projtxt_287ba724ce7fabeb,explicit_mmr,no_method_signal,0.0930161559284043,0.13432580953157156,0.16429422014928166,0.2826157001007116,0.10344611019109809,0.22230200409893286
2516409,methodkg_v3_02441,projtxt_01accc3116d27f88,implicit_mmr,no_method_signal,0.177533106099724,0.09740993519521954,0.18057470547520613,0.28073737574861696,0.11922150087359858,0.14452337660763476
2516863,methodkg_v3_02442,projtxt_00a2f5d6c3dc8511,explicit_mmr,no_method_signal,0.1446852948063957,0.10303800383984725,0.18686611953202806,0.2937933081774603,0.12138233016679452,0.1502349434774741
2517189,methodkg_v3_02443,projtxt_36ab7101f2ed0911,explicit_mmr,no_method_signal,0.12321474664924548,0.13813702009033973,0.17277564949201146,0.24815441390824902,0.12450585736661288,0.19321231249354157
2517316,methodkg_v3_02444,projtxt_ff8c94538898affe,explicit_mmr,no_method_signal,0.10751657154198194,0.11486287231553409,0.1658950698568357,0.29620151348107776,0.10899438033155726,0.2065295924730133
2517445,methodkg_v3_02445,projtxt_c699e960299be839,quant_only,no_method_signal,0.16380382277121996,0.10501481057000127,0.18943141686544165,0.2822272833602331,0.11356015943720056,0.14596250699590343
2518485,methodkg_v3_02446,projtxt_138a5e28d82e4a11,multi_method_not_mmr,quant_only,0.11247951158528491,0.16218618248072053,0.18655569748628764,0.20222108186755297,0.101706819974641,0.23485070660551294
2518486,methodkg_v3_02447,projtxt_138a5e28d82e4a11,multi_method_not_mmr,quant_only,0.10972118929596283,0.1677707847507327,0.17865768329105247,0.21817327774927078,0.10341637954293723,0.22226068537004406
2518487,methodkg_v3_02448,projtxt_138a5e28d82e4a11,multi_method_not_mmr,explicit_mmr,0.7662011665405286,0.09912230567760412,0.025988373969623682,0.022187385440182093,0.07658436579747477,0.009916402574586676
2518685,methodkg_v3_02449,projtxt_655924a0ba1756e5,quant_only,quant_only,0.10896200638986848,0.1642943831059524,0.1811675168559494,0.2055935059526455,0.10305280467988982,0.2369297830156944
2518693,methodkg_v3_02450,projtxt_ea865128f9db5ca5,explicit_mmr,explicit_mmr,0.671166391375909,0.20865050768987142,0.03293442318470989,0.0183323349201033,0.053530535397163216,0.015385807432243074
2518732,methodkg_v3_02451,projtxt_79dd328095cf9dc0,multi_method_not_mmr,quant_only,0.1236462416990456,0.1676826226932327,0.1917872241235168,0.20390823180360945,0.10694584556361227,0.20602983411698328
2518733,methodkg_v3_02452,projtxt_79dd328095cf9dc0,multi_method_not_mmr,quant_only,0.1201623995921223,0.1750412386763113,0.17962570283094534,0.2045319795723641,0.10159166233280045,0.21904701699545656
2518804,methodkg_v3_02453,projtxt_974055dd88dbbecc,explicit_mmr,quant_only,0.11769629834523716,0.14901763728082065,0.20753975303864236,0.20261410994706783,0.11079307116309191,0.21233913022513995
2518892,methodkg_v3_02454,projtxt_d478227b7736bd86,explicit_mmr,implicit_mmr,0.3706503422303419,0.41173364244308386,0.027397541590797346,0.10969675319960845,0.05903357940175214,0.021488141134416133
2518893,methodkg_v3_02455,projtxt_d478227b7736bd86,explicit_mmr,no_method_signal,0.11614809501296262,0.14266033052595178,0.18586661099942262,0.2626201624383878,0.1081610421442268,0.18454375887904836
2519136,methodkg_v3_02456,projtxt_eb4cc4cb2133e828,explicit_mmr,no_method_signal,0.12763715376264648,0.15397145186529754,0.17541790740942773,0.24324380410518534,0.10142467202654068,0.19830501083090232
2520318,methodkg_v3_02457,projtxt_88e6dc834692189d,explicit_mmr,no_method_signal,0.1520465290959053,0.1023194222005458,0.18659458554446637,0.2841362900473561,0.11832138883955395,0.15658178427217254
2524227,methodkg_v3_02458,projtxt_5bdcd3dcfb65961c,explicit_mmr,explicit_mmr,0.7677283466514888,0.0440278645898949,0.03704266628547956,0.1309048664597402,0.018250005857734185,0.002046250155662386
2524228,methodkg_v3_02459,projtxt_5bdcd3dcfb65961c,explicit_mmr,explicit_mmr,0.7677283466514888,0.0440278645898949,0.03704266628547956,0.1309048664597402,0.018250005857734185,0.002046250155662386
2524359,methodkg_v3_02460,projtxt_d3e516a094f559ef,explicit_mmr,explicit_mmr,0.771177998231745,0.08870821751938429,0.028674356113624126,0.057529641271301994,0.04052086594512516,0.013388920918819491
2525692,methodkg_v3_02461,projtxt_6954fe741da15043,no_method_signal,no_method_signal,0.09677767606532406,0.12813767332795903,0.15767963970313228,0.30256085419885276,0.09805299739337432,0.21679115931135756
2526720,methodkg_v3_02462,projtxt_77d563f63a9dea53,quant_only,no_method_signal,0.11692858751242519,0.14409215883085516,0.14968740660014404,0.2747074650821614,0.09071104961143851,0.22387333236297574
2526755,methodkg_v3_02463,projtxt_22149b5c00104760,explicit_mmr,no_method_signal,0.09282101726636739,0.12293626630918691,0.1695378254830857,0.3077390977284269,0.09787552069066989,0.20909027252226303
2526759,methodkg_v3_02464,projtxt_c3eaa978a3f03143,explicit_mmr,explicit_mmr,0.5974421855190708,0.1745243222762915,0.0384321765186911,0.13871839825422017,0.03334664160600478,0.01753627582572175
2526905,methodkg_v3_02465,projtxt_24a3b3b1cd4ddbb1,no_method_signal,no_method_signal,0.0778591458273148,0.12492116603182493,0.13812481146848113,0.30903643031198164,0.07956388931254105,0.2704945570478566
2527473,methodkg_v3_02466,projtxt_4fc6cf7fb13c7d62,explicit_mmr,explicit_mmr,0.6325870614379143,0.0837170842438717,0.0037752231082876972,0.27572214461578837,0.0031683074300134038,0.001030179164124467
2527743,methodkg_v3_02467,projtxt_f7700d96362d96d6,multi_method_not_mmr,no_method_signal,0.08846122181448811,0.12171514215091901,0.11878380501823421,0.3659607564922074,0.08833507996642888,0.21674399455772236
2530060,methodkg_v3_02468,projtxt_9f44400497ac04a9,explicit_mmr,implicit_mmr,0.31824680553417584,0.5174584723445438,0.053670417270604474,0.0630698817328043,0.02695784435865234,0.020596578759219254
2530299,methodkg_v3_02469,projtxt_133efbaccf99f9cc,explicit_mmr,no_method_signal,0.10236248220406258,0.1490963178772798,0.17192375888801364,0.23853718702150206,0.12757350723836658,0.21050674677077533
2530457,methodkg_v3_02470,projtxt_d4a055ebbb1c6d6a,explicit_mmr,implicit_mmr,0.30126422028266253,0.40554951468574224,0.009482312049591098,0.005771419358818908,0.2629311910442136,0.015001342578971667
2530458,methodkg_v3_02471,projtxt_d4a055ebbb1c6d6a,explicit_mmr,implicit_mmr,0.2987520182168171,0.4307430254217377,0.007391014161490432,0.005047965007326639,0.2428226442077858,0.015243332984842393
2533639,methodkg_v3_02472,projtxt_9e9b8ba0e901db20,explicit_mmr,explicit_mmr,0.812907794973799,0.051494863430162366,0.014104247347368652,0.011674011101404588,0.10823819223926476,0.0015808909080006893
2533640,methodkg_v3_02473,projtxt_9e9b8ba0e901db20,explicit_mmr,explicit_mmr,0.844179054424007,0.046382553163948355,0.011485617791103471,0.010439902030281108,0.08612921790633639,0.0013836546843238313
2534091,methodkg_v3_02474,projtxt_1fe3dd1376347e50,explicit_mmr,no_method_signal,0.10515082473716299,0.10939188571404249,0.2173969344408224,0.26355876359630176,0.1163223667826841,0.18817922472898643
2534873,methodkg_v3_02475,projtxt_e5e2da47012f36ef,explicit_mmr,no_method_signal,0.08842869845806155,0.09317918144334511,0.14090676129768917,0.43230932734406613,0.07723252786836375,0.16794350358847418
2541364,methodkg_v3_02476,projtxt_ebfc22aa8c313a8b,explicit_mmr,no_method_signal,0.10030466594754338,0.12738233030518895,0.207732446276405,0.2471351635624685,0.1139740282698204,0.20347136563857376
2545312,methodkg_v3_02477,projtxt_57810f309484c98c,explicit_mmr,no_method_signal,0.1459852549407711,0.1265701397024159,0.17590801615860757,0.22552469166861178,0.12223850476931337,0.20377339276028034
2603026,methodkg_v3_02478,projtxt_a66819d223cd105f,explicit_mmr,explicit_mmr,0.9456318930019408,0.026621740639744332,0.0011850575807951758,0.025655576158099873,0.0005373089031723544,0.000368423716247209
