award_node_idx,true_id,pred_id,true_label,pred_label,eval_split,prob_0,prob_1
11903,1,1,1,1,train,0.32324478030204773,0.6767551898956299
11907,0,1,0,1,train,0.2455253303050995,0.7544746398925781
11951,0,1,0,1,train,0.2880276143550873,0.7119723558425903
11960,0,1,0,1,train,0.29185014963150024,0.708149790763855
11971,1,1,1,1,train,0.21784229576587677,0.7821576595306396
12136,1,1,1,1,train,0.24981988966464996,0.7501801252365112
12140,1,0,1,0,train,0.585232675075531,0.41476738452911377
12141,0,0,0,0,train,0.5536116361618042,0.4463883638381958
12147,0,0,0,0,train,0.6088172197341919,0.3911828100681305
12148,0,0,0,0,train,0.5290116667747498,0.47098836302757263
12150,1,0,1,0,train,0.5738933086395264,0.42610666155815125
12151,1,0,1,0,train,0.586296021938324,0.413703978061676
12160,1,1,1,1,train,0.3979785442352295,0.6020214557647705
12166,1,1,1,1,train,0.24082984030246735,0.7591701745986938
12168,0,0,0,0,train,0.5117068886756897,0.48829302191734314
12184,1,1,1,1,train,0.21367108821868896,0.786328911781311
12186,1,1,1,1,train,0.255018413066864,0.744981586933136
12324,1,1,1,1,train,0.2552078366279602,0.7447922229766846
12362,0,0,0,0,train,0.5652676224708557,0.4347323477268219
12394,1,1,1,1,train,0.22336280345916748,0.7766372561454773
12402,0,0,0,0,train,0.5787778496742249,0.42122212052345276
12404,1,1,1,1,train,0.4377584159374237,0.5622415542602539
12409,1,1,1,1,train,0.25559377670288086,0.7444062232971191
12440,1,1,1,1,train,0.2825295031070709,0.7174705266952515
12442,1,1,1,1,train,0.3176054060459137,0.6823946237564087
12444,0,1,0,1,train,0.31095460057258606,0.6890453696250916
12445,1,1,1,1,train,0.31191837787628174,0.6880816221237183
12448,0,1,0,1,train,0.28720253705978394,0.7127974629402161
12453,0,1,0,1,train,0.36067619919776917,0.6393238306045532
12529,0,1,0,1,train,0.22601862251758575,0.7739813327789307
12580,0,1,0,1,train,0.2560531198978424,0.7439468502998352
12608,1,1,1,1,train,0.22003012895584106,0.7799698710441589
12610,0,0,0,0,train,0.5290884375572205,0.47091159224510193
12626,1,1,1,1,train,0.44395723938941956,0.5560427904129028
12629,1,1,1,1,train,0.4471151530742645,0.5528848767280579
12693,0,1,0,1,train,0.26996132731437683,0.7300387024879456
12746,0,1,0,1,train,0.4942534565925598,0.5057464838027954
12747,1,1,1,1,train,0.4432399570941925,0.5567599534988403
12771,1,1,1,1,train,0.24614349007606506,0.7538565397262573
12812,1,1,1,1,train,0.2280048429965973,0.7719951272010803
12830,1,1,1,1,train,0.22134621441364288,0.7786537408828735
12856,1,1,1,1,train,0.20948895812034607,0.7905110120773315
12897,0,1,0,1,train,0.20972566306591034,0.7902743220329285
12914,0,1,0,1,train,0.2453051060438156,0.7546948790550232
12922,0,0,0,0,train,0.5651929378509521,0.4348071217536926
12941,1,0,1,0,train,0.5040424466133118,0.49595752358436584
12946,1,1,1,1,train,0.4508005678653717,0.5491994023323059
12965,1,1,1,1,train,0.4339936673641205,0.5660063624382019
13089,0,1,0,1,train,0.31743407249450684,0.6825659275054932
13108,0,1,0,1,train,0.24004550278186798,0.7599545121192932
13133,1,1,1,1,train,0.18132902681827545,0.8186709880828857
13146,0,1,0,1,train,0.4818440079689026,0.5181559324264526
13168,1,1,1,1,train,0.4888920783996582,0.511107861995697
13176,1,1,1,1,train,0.43171969056129456,0.5682803392410278
13177,1,1,1,1,train,0.39318910241127014,0.6068109273910522
13180,1,1,1,1,train,0.30206307768821716,0.6979369521141052
13223,0,1,0,1,train,0.24790962040424347,0.752090334892273
13229,0,1,0,1,train,0.1954234540462494,0.804576575756073
13236,1,1,1,1,train,0.43123283982276917,0.5687671303749084
13249,1,1,1,1,train,0.2859738767147064,0.7140260934829712
13329,1,1,1,1,train,0.22065874934196472,0.7793412804603577
13356,1,1,1,1,train,0.266508549451828,0.7334913611412048
13367,1,1,1,1,train,0.19269905984401703,0.8073009848594666
13385,1,1,1,1,train,0.21640300750732422,0.7835969924926758
13386,1,1,1,1,train,0.3972577750682831,0.6027421951293945
13387,1,1,1,1,train,0.40595778822898865,0.5940422415733337
13390,1,1,1,1,train,0.2322157919406891,0.7677841782569885
13393,1,1,1,1,train,0.21236573159694672,0.7876342535018921
13402,1,1,1,1,train,0.2239384949207306,0.7760615348815918
13403,1,1,1,1,train,0.2707791328430176,0.7292208671569824
13449,1,1,1,1,train,0.21625302731990814,0.7837470173835754
13450,1,1,1,1,train,0.38020455837249756,0.6197954416275024
13453,1,1,1,1,train,0.3688240945339203,0.6311758756637573
13454,1,1,1,1,train,0.3809797465801239,0.6190202832221985
13473,1,1,1,1,train,0.4121628999710083,0.5878371000289917
13498,1,1,1,1,train,0.37302789092063904,0.6269721984863281
13499,0,1,0,1,train,0.4299170970916748,0.5700829029083252
13504,0,1,0,1,train,0.44781965017318726,0.552180290222168
13506,1,1,1,1,train,0.21070343255996704,0.7892966270446777
13518,1,1,1,1,train,0.35061901807785034,0.6493809223175049
13524,1,1,1,1,train,0.3444414436817169,0.6555585861206055
13531,1,1,1,1,train,0.1601274460554123,0.8398725986480713
13532,1,1,1,1,train,0.15549372136592865,0.8445062637329102
13579,1,1,1,1,train,0.43320825695991516,0.5667917728424072
13626,0,0,0,0,train,0.5725919008255005,0.4274081289768219
13630,1,1,1,1,train,0.26635292172431946,0.7336469888687134
13666,1,1,1,1,train,0.4680449068546295,0.5319551229476929
13669,0,1,0,1,train,0.2391328066587448,0.760867178440094
13708,1,1,1,1,train,0.1659502387046814,0.8340497612953186
13713,1,1,1,1,train,0.4693145155906677,0.5306854844093323
13714,1,1,1,1,train,0.4049704372882843,0.5950295925140381
13719,0,1,0,1,train,0.48101747035980225,0.5189825296401978
13747,1,1,1,1,train,0.17212483286857605,0.8278751373291016
13779,1,1,1,1,train,0.18679890036582947,0.8132011294364929
13944,0,1,0,1,train,0.33261463046073914,0.6673853993415833
13982,1,1,1,1,train,0.4901970624923706,0.5098028779029846
13983,1,1,1,1,train,0.442031592130661,0.5579683780670166
13984,1,1,1,1,train,0.4432320296764374,0.5567679405212402
14013,1,1,1,1,train,0.4893092215061188,0.5106907486915588
14033,1,1,1,1,train,0.4902183711528778,0.5097815990447998
14034,0,1,0,1,train,0.49248892068862915,0.5075110793113708
14122,0,0,0,0,train,0.514248251914978,0.4857516884803772
14128,0,1,0,1,train,0.2372916042804718,0.7627084255218506
14163,1,1,1,1,train,0.41300541162490845,0.5869945883750916
14221,1,1,1,1,train,0.24733790755271912,0.7526621222496033
14222,0,0,0,0,train,0.6161921620368958,0.383807897567749
14223,1,1,1,1,train,0.25447016954421997,0.74552983045578
14234,1,1,1,1,train,0.2672352194786072,0.7327647805213928
14236,0,0,0,0,train,0.5528783798217773,0.44712162017822266
14249,1,1,1,1,train,0.3838275372982025,0.6161723732948303
14259,0,0,0,0,train,0.5251376032829285,0.4748624563217163
14268,1,1,1,1,train,0.43864119052886963,0.5613588094711304
14280,1,1,1,1,train,0.217876598238945,0.7821233868598938
14288,0,1,0,1,train,0.19342537224292755,0.8065745830535889
14314,0,1,0,1,train,0.2365909367799759,0.7634090185165405
14352,1,1,1,1,train,0.2411680966615677,0.7588319778442383
14384,1,1,1,1,train,0.32819467782974243,0.6718053817749023
14480,0,0,0,0,train,0.561779260635376,0.43822067975997925
14511,1,1,1,1,train,0.2527472674846649,0.7472527027130127
14599,1,1,1,1,train,0.36978745460510254,0.6302125453948975
14651,1,1,1,1,train,0.35010597109794617,0.6498940587043762
14669,1,1,1,1,train,0.3445699214935303,0.6554300785064697
14674,1,1,1,1,train,0.2083171159029007,0.7916828393936157
14676,1,1,1,1,train,0.3693581819534302,0.6306418180465698
14677,1,1,1,1,train,0.22867393493652344,0.7713261246681213
14694,1,1,1,1,train,0.15810978412628174,0.8418901562690735
14707,1,1,1,1,train,0.25635427236557007,0.7436457276344299
14710,1,1,1,1,train,0.4519842863082886,0.5480157732963562
14712,1,1,1,1,train,0.442574143409729,0.557425856590271
14715,1,1,1,1,train,0.4479590952396393,0.5520408749580383
14752,1,1,1,1,train,0.17199571430683136,0.8280042409896851
14753,1,1,1,1,train,0.16460508108139038,0.8353949189186096
14754,1,1,1,1,train,0.17202529311180115,0.8279747366905212
14827,1,0,1,0,train,0.5338671207427979,0.46613287925720215
14841,0,0,0,0,train,0.5926294922828674,0.40737053751945496
14862,0,1,0,1,train,0.2973342835903168,0.7026657462120056
14871,1,0,1,0,train,0.5286323428153992,0.4713676869869232
14882,1,1,1,1,train,0.3351324200630188,0.6648675799369812
14888,0,1,0,1,train,0.18288856744766235,0.8171114325523376
14894,0,1,0,1,train,0.26716896891593933,0.7328310012817383
14897,1,0,1,0,train,0.5105279684066772,0.4894719421863556
14899,1,0,1,0,train,0.5027971863746643,0.49720287322998047
14904,1,1,1,1,train,0.18538622558116913,0.8146138191223145
14907,1,1,1,1,train,0.19898106157779694,0.8010188937187195
14913,1,1,1,1,train,0.42360928654670715,0.5763906836509705
14917,0,1,0,1,train,0.18945123255252838,0.8105488419532776
14930,0,1,0,1,train,0.30242928862571716,0.6975707411766052
14939,0,1,0,1,train,0.33910202980041504,0.660897970199585
14953,1,1,1,1,train,0.43748050928115845,0.5625194907188416
14962,1,1,1,1,train,0.45744580030441284,0.5425541996955872
14963,1,1,1,1,train,0.21970467269420624,0.7802953720092773
15013,1,1,1,1,train,0.18007108569145203,0.8199288845062256
15026,0,1,0,1,train,0.22542819380760193,0.7745717763900757
15027,0,0,0,0,train,0.515654444694519,0.48434555530548096
15030,1,1,1,1,train,0.21755816042423248,0.7824419140815735
15074,1,1,1,1,train,0.4431711733341217,0.5568287968635559
15097,1,1,1,1,train,0.49053433537483215,0.5094656944274902
15116,0,1,0,1,train,0.2277795672416687,0.7722204327583313
15122,0,1,0,1,train,0.4826816916465759,0.5173183083534241
15141,1,1,1,1,train,0.40177062153816223,0.5982293486595154
15163,1,1,1,1,train,0.3978409767150879,0.6021590232849121
15177,1,1,1,1,train,0.3994782865047455,0.6005217432975769
15192,1,1,1,1,train,0.16920557618141174,0.8307944536209106
15193,1,1,1,1,train,0.19859036803245544,0.8014096617698669
15202,1,1,1,1,train,0.2472553700208664,0.7527446150779724
15210,1,1,1,1,train,0.21780593693256378,0.7821941375732422
15279,1,1,1,1,train,0.24043595790863037,0.7595640420913696
15307,1,1,1,1,train,0.21458816528320312,0.7854117751121521
15320,1,1,1,1,train,0.24402645230293274,0.7559735178947449
15343,1,1,1,1,train,0.18225756287574768,0.8177424669265747
15353,1,1,1,1,train,0.24883601069450378,0.7511640787124634
15384,1,1,1,1,train,0.4667222499847412,0.5332777500152588
15427,1,1,1,1,train,0.3973199427127838,0.6026800870895386
15431,1,1,1,1,train,0.39743852615356445,0.6025614738464355
15438,1,1,1,1,train,0.17582914233207703,0.8241708874702454
15439,1,1,1,1,train,0.14795291423797607,0.8520470857620239
15445,1,1,1,1,train,0.4898809492588043,0.5101190209388733
15456,1,1,1,1,train,0.1675630658864975,0.8324368596076965
15469,0,1,0,1,train,0.4730779826641083,0.5269219875335693
15476,1,1,1,1,train,0.3305704891681671,0.6694295406341553
15480,1,1,1,1,train,0.46661117672920227,0.5333887934684753
15482,1,1,1,1,train,0.42216408252716064,0.5778359174728394
15494,1,1,1,1,train,0.21150115132331848,0.7884988188743591
15521,1,1,1,1,train,0.2188671976327896,0.7811328172683716
15522,0,0,0,0,train,0.5505552887916565,0.4494447708129883
15541,0,1,0,1,train,0.24423150718212128,0.7557684183120728
15596,1,1,1,1,train,0.2038058638572693,0.7961941957473755
15622,0,1,0,1,train,0.29311931133270264,0.7068806886672974
15623,0,1,0,1,train,0.3219567835330963,0.6780432462692261
15635,1,1,1,1,train,0.25077319145202637,0.7492267489433289
15677,1,1,1,1,train,0.48928993940353394,0.5107100605964661
15702,1,0,1,0,train,0.5151040554046631,0.4848959445953369
15703,1,0,1,0,train,0.5549695491790771,0.4450303912162781
15704,1,0,1,0,train,0.5205137133598328,0.4794863760471344
15705,1,0,1,0,train,0.5090969800949097,0.49090301990509033
15706,0,0,0,0,train,0.5432925224304199,0.4567074477672577
15710,1,1,1,1,train,0.4972176253795624,0.50278240442276
15711,0,0,0,0,train,0.5394772291183472,0.46052271127700806
15712,1,0,1,0,train,0.5022015571594238,0.4977983832359314
15713,1,0,1,0,train,0.5163233280181885,0.48367664217948914
15715,1,1,1,1,train,0.4936668276786804,0.5063332319259644
15720,1,1,1,1,train,0.2504541277885437,0.7495458126068115
15775,0,1,0,1,train,0.21960462629795074,0.7803953886032104
15786,1,1,1,1,train,0.1840231716632843,0.8159767985343933
15842,1,1,1,1,train,0.34140491485595703,0.658595085144043
15868,1,1,1,1,train,0.2756746709346771,0.7243253588676453
15870,1,1,1,1,train,0.1698378324508667,0.8301621675491333
15928,1,1,1,1,train,0.15955014526844025,0.8404498100280762
15950,1,1,1,1,train,0.18070633709430695,0.8192936182022095
15957,1,1,1,1,train,0.3757823705673218,0.6242176294326782
15988,1,1,1,1,train,0.23253346979618073,0.7674665451049805
16004,1,1,1,1,train,0.1568184494972229,0.8431814908981323
16026,1,1,1,1,train,0.21042956411838531,0.7895704507827759
16034,1,1,1,1,train,0.37163928151130676,0.6283606886863708
16038,1,1,1,1,train,0.39227813482284546,0.6077219247817993
16040,0,1,0,1,train,0.2393958419561386,0.7606041431427002
16042,1,1,1,1,train,0.1612177938222885,0.8387821912765503
16047,1,1,1,1,train,0.38846585154533386,0.6115341782569885
16049,1,1,1,1,train,0.3737572133541107,0.6262427568435669
16062,1,1,1,1,train,0.19493137300014496,0.8050686120986938
16065,1,1,1,1,train,0.18373431265354156,0.8162656426429749
16107,1,1,1,1,train,0.17935115098953247,0.8206488490104675
16160,0,1,0,1,train,0.3003389537334442,0.6996610760688782
16177,1,1,1,1,train,0.44337573647499084,0.5566242337226868
16204,1,1,1,1,train,0.23383481800556183,0.7661651968955994
16210,1,1,1,1,train,0.2728213369846344,0.727178692817688
16211,0,1,0,1,train,0.1584286093711853,0.8415713310241699
16260,0,1,0,1,train,0.2385197877883911,0.7614802718162537
16270,1,1,1,1,train,0.20291846990585327,0.7970815300941467
16275,1,1,1,1,train,0.19331981241703033,0.8066801428794861
16368,1,1,1,1,train,0.18033024668693542,0.8196697235107422
16376,0,0,0,0,train,0.6009012460708618,0.39909878373146057
16380,1,1,1,1,train,0.3645467162132263,0.6354532241821289
16383,1,1,1,1,train,0.19399677217006683,0.8060032725334167
16423,1,1,1,1,train,0.1990087926387787,0.8009912371635437
16456,1,1,1,1,train,0.18148070573806763,0.8185192942619324
16462,0,1,0,1,train,0.4789128303527832,0.5210872292518616
16475,1,1,1,1,train,0.37939003109931946,0.6206099390983582
16488,1,1,1,1,train,0.19997355341911316,0.8000264763832092
16489,0,1,0,1,train,0.24519114196300507,0.7548089027404785
16505,0,1,0,1,train,0.4616318941116333,0.5383680462837219
16529,1,1,1,1,train,0.22442610561847687,0.7755739092826843
16573,1,1,1,1,train,0.2000245749950409,0.7999754548072815
16577,1,1,1,1,train,0.24123696982860565,0.7587630152702332
16591,1,1,1,1,train,0.437396377325058,0.5626036524772644
16622,1,1,1,1,train,0.45372557640075684,0.5462744832038879
16632,1,1,1,1,train,0.4128073453903198,0.587192714214325
16634,1,1,1,1,train,0.4169865548610687,0.5830134153366089
16652,0,0,0,0,train,0.5232071280479431,0.4767928719520569
16699,1,1,1,1,train,0.4996699392795563,0.5003300905227661
16708,0,0,0,0,train,0.5820996165275574,0.4179003834724426
16709,0,0,0,0,train,0.5402756333351135,0.4597243666648865
16710,0,0,0,0,train,0.5205936431884766,0.47940632700920105
16711,1,0,1,0,train,0.5088675618171692,0.491132527589798
16712,0,0,0,0,train,0.6057738661766052,0.3942261338233948
16713,1,0,1,0,train,0.5753133893013,0.42468664050102234
16746,1,1,1,1,train,0.19204296171665192,0.8079569935798645
16774,1,1,1,1,train,0.4033801853656769,0.5966197848320007
16789,1,1,1,1,train,0.4687657654285431,0.5312342643737793
16794,0,1,0,1,train,0.4176959991455078,0.582304060459137
16804,1,1,1,1,train,0.4343539774417877,0.5656459927558899
16833,1,1,1,1,train,0.1952667236328125,0.8047332763671875
16842,0,1,0,1,train,0.44492581486701965,0.555074155330658
16857,1,1,1,1,train,0.36958444118499756,0.6304155588150024
16881,1,1,1,1,train,0.33152687549591064,0.6684731245040894
16897,1,1,1,1,train,0.17842243611812592,0.8215776085853577
16925,1,1,1,1,train,0.19071921706199646,0.8092807531356812
16932,1,1,1,1,train,0.19515496492385864,0.8048450946807861
16967,1,1,1,1,train,0.18407204747200012,0.8159279227256775
16989,1,1,1,1,train,0.14382272958755493,0.8561773300170898
17018,1,1,1,1,train,0.18009044229984283,0.8199095726013184
17054,1,1,1,1,train,0.35321637988090515,0.6467836499214172
17056,1,1,1,1,train,0.34428903460502625,0.6557109355926514
17058,1,1,1,1,train,0.1922382265329361,0.8077617287635803
17063,1,1,1,1,train,0.23478394746780396,0.7652161121368408
17115,1,1,1,1,train,0.16831693053245544,0.8316830396652222
17128,1,1,1,1,train,0.38146230578422546,0.6185376644134521
17173,1,1,1,1,train,0.39974743127822876,0.6002525687217712
17175,1,1,1,1,train,0.2305840402841568,0.7694159150123596
17177,1,1,1,1,train,0.1536005735397339,0.8463994264602661
17180,1,1,1,1,train,0.1329759806394577,0.8670240044593811
17185,1,1,1,1,train,0.3855827748775482,0.6144171953201294
17194,0,1,0,1,train,0.21780186891555786,0.7821981310844421
17195,1,1,1,1,train,0.22997558116912842,0.7700244784355164
17197,1,1,1,1,train,0.20335185527801514,0.7966481447219849
17198,1,1,1,1,train,0.16177402436733246,0.8382259011268616
17210,1,1,1,1,train,0.3944617509841919,0.6055381894111633
17264,1,1,1,1,train,0.17087310552597046,0.8291268348693848
17278,1,1,1,1,train,0.23599006235599518,0.764009952545166
17279,1,1,1,1,train,0.22214949131011963,0.7778505682945251
17315,1,1,1,1,train,0.1982511729001999,0.8017488121986389
17322,1,1,1,1,train,0.4176851511001587,0.5823147892951965
17331,1,1,1,1,train,0.1882675141096115,0.8117324709892273
17338,0,1,0,1,train,0.4904053509235382,0.5095946788787842
17339,0,1,0,1,train,0.27241837978363037,0.7275815606117249
17372,1,1,1,1,train,0.18102964758872986,0.8189703226089478
17389,1,1,1,1,train,0.17011860013008118,0.8298814296722412
17413,1,1,1,1,train,0.18691831827163696,0.8130816221237183
17463,1,1,1,1,train,0.1709120124578476,0.829088032245636
17474,1,1,1,1,train,0.21589483320713043,0.7841051816940308
17493,1,1,1,1,train,0.2397896945476532,0.7602102756500244
17579,1,1,1,1,train,0.32729867100715637,0.6727012991905212
17592,1,1,1,1,train,0.1990075409412384,0.8009924292564392
17598,1,1,1,1,train,0.21704916656017303,0.7829508185386658
17603,1,1,1,1,train,0.19248174130916595,0.8075182437896729
17630,1,0,1,0,train,0.5859155654907227,0.41408440470695496
17639,1,1,1,1,train,0.4146769642829895,0.5853229761123657
17658,1,1,1,1,train,0.19769543409347534,0.8023045659065247
17729,1,1,1,1,train,0.23175780475139618,0.7682421803474426
17753,1,1,1,1,train,0.2278619408607483,0.7721380591392517
17759,0,1,0,1,train,0.2729684114456177,0.7270315885543823
17771,0,1,0,1,train,0.24795520305633545,0.7520447373390198
17791,1,1,1,1,train,0.3295513987541199,0.6704486012458801
17793,1,1,1,1,train,0.17244262993335724,0.827557384967804
17823,1,1,1,1,train,0.43256741762161255,0.5674325823783875
17828,1,1,1,1,train,0.19023340940475464,0.8097665905952454
17847,1,1,1,1,train,0.20885546505451202,0.7911444902420044
17857,1,1,1,1,train,0.21463659405708313,0.7853634357452393
17870,0,1,0,1,train,0.23569408059120178,0.7643059492111206
17874,1,1,1,1,train,0.17957471311092377,0.820425271987915
17916,1,1,1,1,train,0.2733994722366333,0.7266005873680115
17917,1,1,1,1,train,0.23299038410186768,0.7670096158981323
17921,1,1,1,1,train,0.429616779088974,0.5703831315040588
17926,1,1,1,1,train,0.20316223800182343,0.7968378067016602
17946,1,1,1,1,train,0.21098823845386505,0.7890117764472961
17947,1,1,1,1,train,0.2817573845386505,0.7182425856590271
17965,1,1,1,1,train,0.1983475387096405,0.8016524314880371
17967,1,1,1,1,train,0.21557211875915527,0.7844278812408447
17976,1,1,1,1,train,0.20221224427223206,0.7977877259254456
18053,1,1,1,1,train,0.15977804362773895,0.8402219414710999
18062,1,1,1,1,train,0.17794829607009888,0.8220516443252563
18073,1,1,1,1,train,0.2464970350265503,0.7535029053688049
18086,1,1,1,1,train,0.14968812465667725,0.8503118753433228
18087,1,1,1,1,train,0.39674800634384155,0.6032519340515137
18116,1,1,1,1,train,0.3702590763568878,0.629740834236145
18120,1,1,1,1,train,0.17399711906909943,0.8260028958320618
18131,1,1,1,1,train,0.1663879156112671,0.8336121439933777
18135,1,1,1,1,train,0.38164812326431274,0.618351936340332
18153,1,1,1,1,train,0.1832813173532486,0.8167186379432678
18159,1,1,1,1,train,0.1535266488790512,0.8464732766151428
18187,1,1,1,1,train,0.1654876470565796,0.8345123529434204
18216,1,1,1,1,train,0.15844784677028656,0.8415521383285522
18224,0,0,0,0,train,0.5140309929847717,0.48596900701522827
18297,1,1,1,1,train,0.17922785878181458,0.820772111415863
18313,1,1,1,1,train,0.4233091175556183,0.5766909122467041
18327,1,1,1,1,train,0.4199250340461731,0.5800749659538269
18334,1,1,1,1,train,0.43551117181777954,0.5644888281822205
18342,1,1,1,1,train,0.17518816888332367,0.8248118758201599
18356,1,1,1,1,train,0.17588257789611816,0.8241174221038818
18357,1,1,1,1,train,0.16494330763816833,0.835056722164154
18358,1,1,1,1,train,0.16460372507572174,0.8353962302207947
18361,1,1,1,1,train,0.15960879623889923,0.8403911590576172
18364,1,1,1,1,train,0.3487362861633301,0.6512637734413147
18366,1,1,1,1,train,0.2007838934659958,0.799216091632843
18367,1,1,1,1,train,0.34492775797843933,0.6550722122192383
18377,0,1,0,1,train,0.2052501142024994,0.7947498559951782
18391,1,1,1,1,train,0.19083565473556519,0.8091644048690796
18396,1,1,1,1,train,0.22011247277259827,0.7798875570297241
18424,1,1,1,1,train,0.3444979786872864,0.6555020809173584
18426,1,1,1,1,train,0.3468649983406067,0.6531350016593933
18433,1,1,1,1,train,0.40198177099227905,0.5980182886123657
18438,1,1,1,1,train,0.34773504734039307,0.6522650122642517
18444,1,1,1,1,train,0.17006833851337433,0.8299316763877869
18448,1,1,1,1,train,0.34171316027641296,0.6582868695259094
18451,1,1,1,1,train,0.3591706156730652,0.6408293843269348
18465,1,1,1,1,train,0.16021476686000824,0.8397852182388306
18499,0,1,0,1,train,0.28062188625335693,0.7193780541419983
18574,1,1,1,1,train,0.1695866584777832,0.8304133415222168
18587,1,1,1,1,train,0.3514702320098877,0.6485297679901123
18593,1,1,1,1,train,0.3542569875717163,0.6457429528236389
18607,1,1,1,1,train,0.17335811257362366,0.826641857624054
18681,1,1,1,1,train,0.47228920459747314,0.5277107954025269
18688,1,1,1,1,train,0.2744353413581848,0.7255646586418152
18695,0,1,0,1,train,0.2434108406305313,0.7565891742706299
18748,1,1,1,1,train,0.3407370150089264,0.659263014793396
18784,1,1,1,1,train,0.21845704317092896,0.7815428972244263
18804,1,1,1,1,train,0.1983964890241623,0.8016035556793213
18868,1,1,1,1,train,0.34572553634643555,0.6542745232582092
18893,1,1,1,1,train,0.16692081093788147,0.8330792188644409
18905,1,1,1,1,train,0.17661979794502258,0.8233802914619446
18911,1,1,1,1,train,0.3926996886730194,0.6073002219200134
18913,1,1,1,1,train,0.39145979285240173,0.6085402369499207
18917,1,1,1,1,train,0.39350107312202454,0.6064989566802979
18919,1,1,1,1,train,0.14372605085372925,0.8562740087509155
18923,1,1,1,1,train,0.15309831500053406,0.8469015955924988
18924,1,1,1,1,train,0.16065068542957306,0.8393493294715881
18942,1,1,1,1,train,0.3460843861103058,0.6539155840873718
18953,1,1,1,1,train,0.3305754065513611,0.6694245934486389
18962,1,1,1,1,train,0.18022741377353668,0.8197725415229797
18968,1,1,1,1,train,0.15894410014152527,0.8410558700561523
19018,1,1,1,1,train,0.20269812643527985,0.7973018288612366
19042,1,1,1,1,train,0.4358326494693756,0.5641673803329468
19054,0,0,0,0,train,0.547908365726471,0.45209163427352905
19068,1,1,1,1,train,0.19770517945289612,0.8022947907447815
19090,0,1,0,1,train,0.45684051513671875,0.5431594848632812
19110,0,1,0,1,train,0.21683767437934875,0.7831622958183289
19132,0,1,0,1,train,0.23899678885936737,0.7610031962394714
19144,1,1,1,1,train,0.4156435430049896,0.584356427192688
19157,1,1,1,1,train,0.17740392684936523,0.8225960731506348
19168,0,1,0,1,train,0.22714194655418396,0.7728580832481384
19170,1,1,1,1,train,0.18252688646316528,0.8174731135368347
19188,1,1,1,1,train,0.1424437016248703,0.8575562834739685
19241,1,1,1,1,train,0.16642582416534424,0.8335741758346558
19244,1,1,1,1,train,0.1624094396829605,0.8375905752182007
19252,1,1,1,1,train,0.16075889766216278,0.8392411470413208
19266,1,1,1,1,train,0.1602557748556137,0.8397442102432251
19271,1,1,1,1,train,0.23554101586341858,0.7644590139389038
19277,1,1,1,1,train,0.20963677763938904,0.7903632521629333
19279,1,1,1,1,train,0.214418426156044,0.7855815291404724
19320,0,1,0,1,train,0.15923669934272766,0.84076327085495
19347,1,1,1,1,train,0.15689486265182495,0.843105137348175
19352,1,1,1,1,train,0.17899304628372192,0.8210069537162781
19362,1,1,1,1,train,0.19695577025413513,0.8030441999435425
19372,1,1,1,1,train,0.18513132631778717,0.814868688583374
19386,1,1,1,1,train,0.4236313998699188,0.5763685703277588
19393,1,1,1,1,train,0.1512092798948288,0.84879070520401
19398,1,1,1,1,train,0.19465188682079315,0.8053480982780457
19399,1,1,1,1,train,0.17108502984046936,0.828914999961853
19402,1,1,1,1,train,0.342026948928833,0.657973051071167
19405,1,1,1,1,train,0.19469036161899567,0.8053096532821655
19424,1,1,1,1,train,0.1616152673959732,0.838384747505188
19439,1,1,1,1,train,0.3446122109889984,0.655387818813324
19443,1,1,1,1,train,0.1897926926612854,0.8102073073387146
19452,1,1,1,1,train,0.235770583152771,0.7642293572425842
19459,1,1,1,1,train,0.149799183011055,0.850200891494751
19473,1,1,1,1,train,0.17312635481357574,0.8268737196922302
19487,1,1,1,1,train,0.30199381709098816,0.6980061531066895
19488,0,1,0,1,train,0.4225838780403137,0.5774160623550415
19522,1,1,1,1,train,0.2280493676662445,0.7719506025314331
19525,0,1,0,1,train,0.18132036924362183,0.8186796307563782
19536,1,1,1,1,train,0.32921114563941956,0.6707888245582581
19555,1,1,1,1,train,0.21588388085365295,0.7841161489486694
19559,1,1,1,1,train,0.16243259608745575,0.8375674486160278
19561,1,1,1,1,train,0.17342698574066162,0.8265730738639832
19564,1,1,1,1,train,0.1500960886478424,0.84990394115448
19581,1,1,1,1,train,0.39478063583374023,0.6052193641662598
19582,1,1,1,1,train,0.39462998509407043,0.6053699851036072
19583,1,1,1,1,train,0.15478934347629547,0.8452106714248657
19586,1,1,1,1,train,0.39484769105911255,0.6051523089408875
19589,1,1,1,1,train,0.39491352438926697,0.6050865054130554
19597,1,1,1,1,train,0.2285851687192917,0.7714148163795471
19621,1,1,1,1,train,0.3700905740261078,0.6299093961715698
19622,1,1,1,1,train,0.37919843196868896,0.620801568031311
19631,1,1,1,1,train,0.3720572590827942,0.6279427409172058
19632,1,1,1,1,train,0.19663016498088837,0.8033698201179504
19636,1,1,1,1,train,0.38164085149765015,0.6183591485023499
19644,1,1,1,1,train,0.16476821899414062,0.8352317810058594
19653,1,1,1,1,train,0.17918027937412262,0.8208196759223938
19657,1,1,1,1,train,0.23713809251785278,0.7628619074821472
19706,1,1,1,1,train,0.1609395146369934,0.8390604853630066
19731,1,1,1,1,train,0.40997034311294556,0.5900296568870544
19733,1,1,1,1,train,0.15362444519996643,0.846375584602356
19745,1,1,1,1,train,0.2528766095638275,0.7471234798431396
19766,1,1,1,1,train,0.16606827080249786,0.8339317440986633
19768,1,1,1,1,train,0.16210560500621796,0.8378943800926208
19785,1,1,1,1,train,0.15033265948295593,0.8496673703193665
19796,1,1,1,1,train,0.38224220275878906,0.6177578568458557
19827,1,1,1,1,train,0.1705373376607895,0.8294626474380493
19870,1,1,1,1,train,0.20663730800151825,0.7933627367019653
19892,1,1,1,1,train,0.18846137821674347,0.8115386366844177
19927,1,1,1,1,train,0.3830013871192932,0.6169986128807068
19928,1,1,1,1,train,0.3706459403038025,0.6293541193008423
19929,1,1,1,1,train,0.21664640307426453,0.7833536267280579
19933,1,1,1,1,train,0.3587065637111664,0.6412934064865112
19936,1,1,1,1,train,0.37381917238235474,0.6261808276176453
19937,1,1,1,1,train,0.4071156680583954,0.592884361743927
19978,1,1,1,1,train,0.18721754848957062,0.8127825260162354
19991,1,1,1,1,train,0.16458876430988312,0.8354111909866333
19992,1,1,1,1,train,0.4174708425998688,0.5825291872024536
20000,0,0,0,0,train,0.5204522609710693,0.47954773902893066
20048,1,1,1,1,train,0.40851038694381714,0.5914895534515381
20108,1,1,1,1,train,0.34006941318511963,0.6599305868148804
20122,1,1,1,1,train,0.3251766562461853,0.6748233437538147
20124,1,1,1,1,train,0.36006972193717957,0.6399303078651428
20131,0,1,0,1,train,0.2140943557024002,0.7859055995941162
20175,1,1,1,1,train,0.22505643963813782,0.7749435305595398
20218,1,1,1,1,train,0.1492174118757248,0.850782573223114
20250,0,1,0,1,train,0.2041100710630417,0.7958899140357971
20264,0,1,0,1,train,0.18111392855644226,0.8188860416412354
20300,1,1,1,1,train,0.35664504766464233,0.6433550119400024
20306,1,1,1,1,train,0.13780663907527924,0.8621932864189148
20308,1,1,1,1,train,0.36117789149284363,0.638822078704834
20323,1,1,1,1,train,0.3533785343170166,0.6466215252876282
20358,1,1,1,1,train,0.12370926886796951,0.8762907981872559
20359,1,1,1,1,train,0.14588099718093872,0.8541189432144165
20364,1,1,1,1,train,0.3858220875263214,0.614177942276001
20365,1,1,1,1,train,0.3801249861717224,0.6198750138282776
20366,1,1,1,1,train,0.3691307306289673,0.6308692693710327
20371,1,1,1,1,train,0.3344007432460785,0.6655992269515991
20387,1,1,1,1,train,0.4357604682445526,0.5642395615577698
20392,0,1,0,1,train,0.2122442126274109,0.7877557873725891
20407,0,1,0,1,train,0.19225487112998962,0.8077451586723328
20414,1,1,1,1,train,0.18889106810092926,0.8111089468002319
20426,1,1,1,1,train,0.15983512997627258,0.8401648998260498
20437,1,1,1,1,train,0.12739574909210205,0.872604250907898
20466,0,1,0,1,train,0.17843829095363617,0.8215616941452026
20495,1,1,1,1,train,0.1647624671459198,0.8352375626564026
20501,1,1,1,1,train,0.3264789581298828,0.673521101474762
20511,1,1,1,1,train,0.42844414710998535,0.5715558528900146
20514,1,1,1,1,train,0.13572368025779724,0.8642762899398804
20562,1,1,1,1,train,0.35282227396965027,0.6471777558326721
20579,1,1,1,1,train,0.16516973078250885,0.8348302245140076
20600,1,1,1,1,train,0.1942281723022461,0.8057717680931091
20619,1,1,1,1,train,0.24521319568157196,0.7547867894172668
20637,0,1,0,1,train,0.1886628121137619,0.8113371729850769
20645,1,1,1,1,train,0.13329777121543884,0.8667021989822388
20647,1,1,1,1,train,0.1555986851453781,0.8444013595581055
20653,1,1,1,1,train,0.3852916657924652,0.6147083640098572
20656,1,1,1,1,train,0.16934065520763397,0.8306593894958496
20657,1,1,1,1,train,0.1438736915588379,0.8561263084411621
20664,1,1,1,1,train,0.19752927124500275,0.8024707436561584
20667,1,1,1,1,train,0.14722321927547455,0.8527767658233643
20673,1,1,1,1,train,0.1492338627576828,0.8507661819458008
20674,1,1,1,1,train,0.12863732874393463,0.8713627457618713
20679,1,1,1,1,train,0.15701553225517273,0.8429844975471497
20683,1,1,1,1,train,0.14748844504356384,0.8525115847587585
20709,1,1,1,1,train,0.19056768715381622,0.809432327747345
20770,1,1,1,1,train,0.13682878017425537,0.8631712198257446
20784,1,1,1,1,train,0.31109416484832764,0.6889058351516724
20799,1,1,1,1,train,0.45628318190574646,0.5437168478965759
20800,1,1,1,1,train,0.4570941627025604,0.542905867099762
20801,1,1,1,1,train,0.4570716917514801,0.5429282784461975
20819,0,1,0,1,train,0.20582570135593414,0.7941743731498718
20822,1,1,1,1,train,0.16595028340816498,0.8340497612953186
20835,1,1,1,1,train,0.38129740953445435,0.6187025904655457
20837,1,1,1,1,train,0.3813689649105072,0.6186310052871704
20838,1,1,1,1,train,0.3713316321372986,0.6286684274673462
20845,1,1,1,1,train,0.16646096110343933,0.8335390686988831
20850,1,1,1,1,train,0.37200143933296204,0.6279985904693604
20855,1,1,1,1,train,0.3937084376811981,0.6062915325164795
20925,1,1,1,1,train,0.38447389006614685,0.6155261397361755
20948,1,1,1,1,train,0.3628091514110565,0.6371908783912659
20957,1,1,1,1,train,0.38528361916542053,0.6147164106369019
20960,1,1,1,1,train,0.20724360644817352,0.7927563786506653
21005,1,1,1,1,train,0.4456511437892914,0.5543488264083862
21023,1,1,1,1,train,0.14872685074806213,0.8512731194496155
21028,1,1,1,1,train,0.3676978051662445,0.6323022246360779
21062,0,1,0,1,train,0.21208728849887848,0.7879127264022827
21071,1,1,1,1,train,0.12751495838165283,0.8724850416183472
21076,1,1,1,1,train,0.14220014214515686,0.8577998280525208
21097,1,1,1,1,train,0.1635833978652954,0.8364166021347046
21118,1,1,1,1,train,0.16661900281906128,0.8333809971809387
21122,1,1,1,1,train,0.1541651338338852,0.8458348512649536
21136,1,1,1,1,train,0.19103337824344635,0.8089665770530701
21155,1,1,1,1,train,0.36330074071884155,0.6366992592811584
21171,1,1,1,1,train,0.1496078222990036,0.85039222240448
21183,1,1,1,1,train,0.15232807397842407,0.8476719260215759
21184,1,1,1,1,train,0.16441918909549713,0.8355808258056641
21188,1,1,1,1,train,0.17520031332969666,0.8247997164726257
21199,1,1,1,1,train,0.16090765595436096,0.8390923142433167
21204,1,1,1,1,train,0.3696078956127167,0.6303920745849609
21218,1,1,1,1,train,0.18472318351268768,0.8152768015861511
21227,1,1,1,1,train,0.152915820479393,0.847084105014801
21230,1,1,1,1,train,0.15913966298103333,0.8408603668212891
21244,0,1,0,1,train,0.1681624799966812,0.83183753490448
21256,0,1,0,1,train,0.15450958907604218,0.8454904556274414
21265,1,1,1,1,train,0.4386301338672638,0.5613698363304138
21267,1,1,1,1,train,0.3475360572338104,0.6524639129638672
21334,1,1,1,1,train,0.16122287511825562,0.8387770652770996
21336,1,1,1,1,train,0.43467891216278076,0.5653210878372192
21373,1,1,1,1,train,0.18365243077278137,0.8163475394248962
21397,1,1,1,1,train,0.1862623691558838,0.8137376308441162
21398,1,1,1,1,train,0.3714316487312317,0.6285683512687683
21413,1,1,1,1,train,0.40025416016578674,0.5997458696365356
21415,1,1,1,1,train,0.3907087445259094,0.6092913150787354
21424,1,1,1,1,train,0.31189417839050293,0.6881058216094971
21445,0,1,0,1,train,0.19197328388690948,0.8080266714096069
21503,1,1,1,1,train,0.19316479563713074,0.8068352341651917
21528,0,1,0,1,train,0.16972486674785614,0.8302751183509827
21569,1,1,1,1,train,0.14324097335338593,0.8567590117454529
21604,1,1,1,1,train,0.2096157819032669,0.7903842329978943
21606,1,1,1,1,train,0.42675384879112244,0.5732461810112
21617,1,1,1,1,train,0.3354651629924774,0.664534866809845
21620,1,1,1,1,train,0.15402738749980927,0.8459725379943848
21626,1,1,1,1,train,0.16256757080554962,0.8374325037002563
21637,1,1,1,1,train,0.1489429771900177,0.8510570526123047
21668,1,1,1,1,train,0.19665831327438354,0.8033416867256165
21669,1,1,1,1,train,0.41534826159477234,0.5846517086029053
21702,1,1,1,1,train,0.4477770924568176,0.5522229075431824
21749,1,1,1,1,train,0.14970608055591583,0.8502939343452454
21751,1,1,1,1,train,0.1857796162366867,0.8142203688621521
21774,1,1,1,1,train,0.21309015154838562,0.7869098782539368
21796,0,1,0,1,train,0.44461503624916077,0.5553849935531616
21808,1,1,1,1,train,0.1310475468635559,0.8689524531364441
21809,1,1,1,1,train,0.13814030587673187,0.8618596792221069
21839,1,1,1,1,train,0.36199527978897095,0.638004720211029
21850,1,1,1,1,train,0.2497721165418625,0.7502278089523315
21861,1,1,1,1,train,0.33208703994750977,0.6679129600524902
21872,1,1,1,1,train,0.39962413907051086,0.6003758311271667
21890,1,1,1,1,train,0.16737715899944305,0.8326228857040405
21912,1,1,1,1,train,0.15832097828388214,0.8416790962219238
21913,1,1,1,1,train,0.1639036238193512,0.8360964059829712
21946,1,1,1,1,train,0.14125996828079224,0.8587400317192078
21999,1,1,1,1,train,0.14595088362693787,0.8540491461753845
22074,1,1,1,1,train,0.3995399475097656,0.6004600524902344
22080,1,1,1,1,train,0.20295949280261993,0.797040581703186
22087,1,1,1,1,train,0.1618439108133316,0.8381561040878296
22091,1,1,1,1,train,0.4118014872074127,0.5881985425949097
22107,1,1,1,1,train,0.16094091534614563,0.839059054851532
22108,1,1,1,1,train,0.15727153420448303,0.8427284955978394
22151,1,1,1,1,train,0.17404642701148987,0.8259536027908325
22198,1,1,1,1,train,0.27867141366004944,0.721328616142273
22207,1,1,1,1,train,0.12354540824890137,0.8764545917510986
22211,1,1,1,1,train,0.33973631262779236,0.66026371717453
22212,1,1,1,1,train,0.4461023211479187,0.5538976788520813
22227,1,1,1,1,train,0.16166074573993683,0.8383392691612244
22232,1,1,1,1,train,0.14287127554416656,0.8571286797523499
22234,1,1,1,1,train,0.13988369703292847,0.8601163625717163
22242,1,1,1,1,train,0.13376589119434357,0.8662341237068176
22252,1,1,1,1,train,0.1517520248889923,0.8482480049133301
22259,1,1,1,1,train,0.15985573828220367,0.8401442766189575
22262,1,1,1,1,train,0.1957758516073227,0.8042241334915161
22292,1,1,1,1,train,0.1326942890882492,0.8673056364059448
22326,1,1,1,1,train,0.3983272314071655,0.6016727685928345
22329,1,1,1,1,train,0.22688323259353638,0.7731168270111084
22347,1,1,1,1,train,0.17442333698272705,0.8255767226219177
22353,1,1,1,1,train,0.1294965296983719,0.8705035448074341
22356,1,1,1,1,train,0.3966832458972931,0.6033167839050293
22359,1,1,1,1,train,0.17187882959842682,0.8281212449073792
22363,1,1,1,1,train,0.16352666914463043,0.8364733457565308
22368,1,1,1,1,train,0.17175865173339844,0.8282413482666016
22378,1,1,1,1,train,0.18475942313671112,0.8152405619621277
22388,1,1,1,1,train,0.14139917492866516,0.8586007952690125
22391,1,1,1,1,train,0.17084676027297974,0.8291532397270203
22409,1,1,1,1,train,0.15075388550758362,0.8492461442947388
22435,1,1,1,1,train,0.20493905246257782,0.7950609922409058
22443,1,1,1,1,train,0.15961557626724243,0.8403844237327576
22450,1,1,1,1,train,0.16135545074939728,0.8386446237564087
22452,1,1,1,1,train,0.16232630610466003,0.8376737236976624
22458,1,1,1,1,train,0.14409731328487396,0.8559026718139648
22465,1,1,1,1,train,0.1386372447013855,0.8613627552986145
22472,0,1,0,1,train,0.45041269063949585,0.5495873689651489
22517,1,1,1,1,train,0.19127079844474792,0.8087291717529297
22521,1,1,1,1,train,0.16388936340808868,0.8361106514930725
22544,1,1,1,1,train,0.1381792426109314,0.8618207573890686
22545,1,1,1,1,train,0.2287493497133255,0.7712506651878357
22548,1,1,1,1,train,0.1517314463853836,0.8482685089111328
22593,0,1,0,1,train,0.15062029659748077,0.8493796586990356
22612,1,1,1,1,train,0.2014300376176834,0.798569917678833
22631,1,1,1,1,train,0.1661136895418167,0.8338863253593445
22645,1,1,1,1,train,0.15940368175506592,0.8405963182449341
22685,1,1,1,1,train,0.290189653635025,0.7098103165626526
22734,1,1,1,1,train,0.1742365062236786,0.8257635235786438
22746,1,1,1,1,train,0.16304241120815277,0.836957573890686
22778,0,1,0,1,train,0.48279809951782227,0.5172019600868225
22787,1,1,1,1,train,0.32128676772117615,0.6787132620811462
22832,1,1,1,1,train,0.13688521087169647,0.8631147742271423
22843,1,1,1,1,train,0.14135384559631348,0.8586461544036865
22847,1,1,1,1,train,0.1442832052707672,0.8557168245315552
22854,1,1,1,1,train,0.16122959554195404,0.8387703895568848
22884,1,1,1,1,train,0.247754767537117,0.7522452473640442
22895,1,1,1,1,train,0.19428077340126038,0.805719256401062
22998,1,1,1,1,train,0.3392663598060608,0.6607336401939392
23003,1,1,1,1,train,0.15182389318943024,0.848176121711731
23010,1,1,1,1,train,0.388171911239624,0.6118280291557312
23011,1,1,1,1,train,0.4359422028064728,0.5640578269958496
23063,0,1,0,1,train,0.19337061047554016,0.8066293597221375
23106,1,1,1,1,train,0.18650227785110474,0.8134977221488953
23114,1,1,1,1,train,0.1560145765542984,0.8439854979515076
23119,1,1,1,1,train,0.38023602962493896,0.619763970375061
23125,1,1,1,1,train,0.16093815863132477,0.8390618562698364
23166,1,1,1,1,train,0.37511470913887024,0.6248853206634521
23167,1,1,1,1,train,0.36657217144966125,0.6334277987480164
23172,1,1,1,1,train,0.1528797298669815,0.8471202254295349
23176,1,1,1,1,train,0.14292795956134796,0.8570720553398132
23188,1,1,1,1,train,0.3129768371582031,0.6870231032371521
23190,1,1,1,1,train,0.11747877299785614,0.8825212717056274
23198,1,1,1,1,train,0.1519671380519867,0.8480328917503357
23205,1,1,1,1,train,0.30540093779563904,0.6945990920066833
23211,1,1,1,1,train,0.15981929004192352,0.8401806950569153
23232,1,1,1,1,train,0.2025643289089203,0.7974357008934021
23233,1,1,1,1,train,0.1442577987909317,0.8557422161102295
23234,1,1,1,1,train,0.13043639063835144,0.869563639163971
23253,1,1,1,1,train,0.16579784452915192,0.8342021107673645
23264,1,1,1,1,train,0.15364474058151245,0.8463552594184875
23272,1,1,1,1,train,0.1755039393901825,0.8244960904121399
23285,1,1,1,1,train,0.37795785069465637,0.622042179107666
23290,1,1,1,1,train,0.36840328574180603,0.6315967440605164
23307,1,1,1,1,train,0.21652205288410187,0.7834780216217041
23311,1,1,1,1,train,0.34983959794044495,0.6501604318618774
23315,1,1,1,1,train,0.17559897899627686,0.8244010806083679
23320,1,1,1,1,train,0.4261237680912018,0.5738762021064758
23324,1,1,1,1,train,0.435663640499115,0.564336359500885
23341,1,1,1,1,train,0.35438817739486694,0.6456118226051331
23346,1,1,1,1,train,0.4055249094963074,0.5944750905036926
23354,1,1,1,1,train,0.4003053605556488,0.5996946692466736
23407,1,1,1,1,train,0.1459779590368271,0.8540220856666565
23425,1,1,1,1,train,0.13282744586467743,0.8671725988388062
23451,1,1,1,1,train,0.15026019513607025,0.8497398495674133
23453,1,1,1,1,train,0.14664222300052643,0.8533577919006348
23456,1,1,1,1,train,0.1696712076663971,0.8303288221359253
23490,1,1,1,1,train,0.3627655804157257,0.6372344493865967
23494,1,1,1,1,train,0.1315447837114334,0.8684552311897278
23512,1,1,1,1,train,0.16840185225009918,0.8315981030464172
23523,1,1,1,1,train,0.3607163429260254,0.6392835974693298
23529,1,1,1,1,train,0.13675528764724731,0.8632447123527527
23534,1,1,1,1,train,0.12777182459831238,0.8722281455993652
23541,1,1,1,1,train,0.233700230717659,0.7662997245788574
23605,1,1,1,1,train,0.14967836439609528,0.8503215909004211
23625,1,1,1,1,train,0.14923156797885895,0.8507683873176575
23626,1,1,1,1,train,0.16408780217170715,0.8359122276306152
23667,1,1,1,1,train,0.3899346888065338,0.6100653409957886
23679,1,1,1,1,train,0.14875631034374237,0.8512436747550964
23688,1,1,1,1,train,0.32942673563957214,0.6705732345581055
23700,1,1,1,1,train,0.14647172391414642,0.8535282611846924
23705,1,1,1,1,train,0.1433590203523636,0.8566409945487976
23707,1,1,1,1,train,0.1365036964416504,0.8634962439537048
23741,1,1,1,1,train,0.2189224809408188,0.7810775637626648
23744,1,1,1,1,train,0.14485490322113037,0.8551450967788696
23752,1,1,1,1,train,0.16644680500030518,0.83355313539505
23755,1,1,1,1,train,0.1508898138999939,0.8491101264953613
23807,0,1,0,1,train,0.21670745313167572,0.7832925319671631
23808,1,1,1,1,train,0.38366666436195374,0.6163333654403687
23809,1,1,1,1,train,0.1845363825559616,0.8154636025428772
23819,1,1,1,1,train,0.136031374335289,0.8639686107635498
23838,1,1,1,1,train,0.18820199370384216,0.8117980360984802
23840,1,1,1,1,train,0.14718998968601227,0.8528100252151489
23856,1,1,1,1,train,0.1994313895702362,0.8005686402320862
23884,1,1,1,1,train,0.1546993851661682,0.8453006148338318
23911,1,1,1,1,train,0.14082181453704834,0.8591782450675964
23924,1,1,1,1,train,0.14637689292430878,0.85362309217453
23953,1,1,1,1,train,0.3966248333454132,0.6033751964569092
23956,1,1,1,1,train,0.39869949221611023,0.6013004779815674
23968,1,1,1,1,train,0.4001372754573822,0.5998627543449402
23980,1,1,1,1,train,0.3459949791431427,0.6540050506591797
23985,1,1,1,1,train,0.14676158130168915,0.8532384037971497
24018,1,1,1,1,train,0.1329135000705719,0.8670864701271057
24058,1,1,1,1,train,0.37328335642814636,0.626716673374176
24059,1,1,1,1,train,0.31882980465888977,0.6811701655387878
24063,1,1,1,1,train,0.33440327644348145,0.6655967831611633
24079,1,1,1,1,train,0.32219019532203674,0.6778097748756409
24085,1,1,1,1,train,0.3095953166484833,0.6904046535491943
24091,1,1,1,1,train,0.14914827048778534,0.8508516550064087
24092,1,1,1,1,train,0.3253992795944214,0.6746006608009338
24111,0,1,0,1,train,0.1840660274028778,0.8159340620040894
24137,1,1,1,1,train,0.34305262565612793,0.6569473743438721
24143,1,1,1,1,train,0.12393626570701599,0.8760637044906616
24167,1,1,1,1,train,0.12513810396194458,0.8748618960380554
24169,1,1,1,1,train,0.18520376086235046,0.8147962689399719
24173,1,1,1,1,train,0.14314515888690948,0.8568548560142517
24188,1,1,1,1,train,0.14964933693408966,0.8503506779670715
24243,1,1,1,1,train,0.22879816591739655,0.7712017893791199
24250,1,1,1,1,train,0.14534199237823486,0.8546580672264099
24251,1,1,1,1,train,0.21088334918022156,0.789116621017456
24265,0,1,0,1,train,0.4371495246887207,0.5628504753112793
24275,1,1,1,1,train,0.38423463702201843,0.615765392780304
24284,1,1,1,1,train,0.42572614550590515,0.5742738246917725
24306,1,1,1,1,train,0.1317933350801468,0.8682066798210144
24336,1,1,1,1,train,0.40475255250930786,0.5952474474906921
24367,1,1,1,1,train,0.16304123401641846,0.8369587063789368
24385,0,1,0,1,train,0.4415334165096283,0.5584665536880493
24392,1,1,1,1,train,0.36703601479530334,0.6329640746116638
24404,1,1,1,1,train,0.14183013141155243,0.8581698536872864
24416,1,1,1,1,train,0.16947486996650696,0.8305251598358154
24443,1,1,1,1,train,0.18012402951717377,0.8198758959770203
24447,1,1,1,1,train,0.3682524561882019,0.6317475438117981
24478,1,1,1,1,train,0.17275217175483704,0.8272477984428406
24481,1,1,1,1,train,0.1339743733406067,0.8660256266593933
24488,1,1,1,1,train,0.18381039798259735,0.8161895871162415
24489,0,1,0,1,train,0.1814422905445099,0.8185576796531677
24491,1,1,1,1,train,0.17929382622241974,0.8207061290740967
24500,1,1,1,1,train,0.18560844659805298,0.8143914937973022
24505,1,1,1,1,train,0.20886941254138947,0.7911306023597717
24506,1,1,1,1,train,0.17319416999816895,0.826805830001831
24526,1,1,1,1,train,0.19657506048679352,0.8034249544143677
24527,0,0,0,0,train,0.5902467370033264,0.40975329279899597
24565,1,1,1,1,train,0.32833942770957947,0.6716606020927429
24570,1,1,1,1,train,0.12833817303180695,0.871661901473999
24576,1,1,1,1,train,0.12515555322170258,0.874844491481781
24589,1,1,1,1,train,0.37059757113456726,0.6294023990631104
24598,1,1,1,1,train,0.15701824426651,0.8429816961288452
24610,1,1,1,1,train,0.14280728995800018,0.8571926951408386
24616,1,1,1,1,train,0.16067706048488617,0.8393229246139526
24627,1,1,1,1,train,0.32188525795936584,0.6781147718429565
24628,1,1,1,1,train,0.1329219788312912,0.8670780062675476
24633,1,1,1,1,train,0.14230573177337646,0.8576943278312683
24637,1,1,1,1,train,0.12632809579372406,0.8736718893051147
24644,1,1,1,1,train,0.1429281234741211,0.8570718765258789
24650,1,1,1,1,train,0.16109764575958252,0.8389024138450623
24661,1,1,1,1,train,0.3712236285209656,0.6287763118743896
24698,1,1,1,1,train,0.17930784821510315,0.8206921815872192
24789,1,1,1,1,train,0.16884967684745789,0.8311502933502197
24832,1,1,1,1,train,0.3720771074295044,0.6279228329658508
24845,1,1,1,1,train,0.12896814942359924,0.8710318207740784
24893,1,1,1,1,train,0.1502346396446228,0.8497653007507324
24933,1,1,1,1,train,0.38903093338012695,0.610969066619873
24949,1,1,1,1,train,0.12095456570386887,0.8790453672409058
24953,1,1,1,1,train,0.16711924970149994,0.8328807353973389
24956,1,1,1,1,train,0.15018169581890106,0.8498182892799377
24957,1,1,1,1,train,0.3382554352283478,0.6617445945739746
24976,1,1,1,1,train,0.12856638431549072,0.8714336156845093
24990,1,0,1,0,train,0.5122132301330566,0.48778676986694336
25021,1,1,1,1,train,0.3385319709777832,0.6614680290222168
25034,1,1,1,1,train,0.3391614258289337,0.6608385443687439
25043,1,1,1,1,train,0.14725011587142944,0.8527498841285706
25045,1,1,1,1,train,0.20989999175071716,0.7901000380516052
25046,1,1,1,1,train,0.39114418625831604,0.6088557839393616
25047,1,1,1,1,train,0.39247462153434753,0.6075254082679749
25068,1,1,1,1,train,0.3799498677253723,0.6200501322746277
25076,1,1,1,1,train,0.13302595913410187,0.8669739961624146
25090,1,1,1,1,train,0.1459243893623352,0.8540756702423096
25106,1,1,1,1,train,0.17569544911384583,0.8243045806884766
25107,1,1,1,1,train,0.399368017911911,0.6006319522857666
25111,1,1,1,1,train,0.1495916247367859,0.8504084348678589
25120,1,1,1,1,train,0.13189038634300232,0.8681095838546753
25130,1,1,1,1,train,0.3745668828487396,0.6254331469535828
25133,1,1,1,1,train,0.40117380023002625,0.5988261103630066
25134,1,1,1,1,train,0.36568108201026917,0.6343188881874084
25135,1,1,1,1,train,0.38360825181007385,0.6163917779922485
25137,1,1,1,1,train,0.3727111220359802,0.627288818359375
25163,1,1,1,1,train,0.12672071158885956,0.8732792735099792
25171,1,1,1,1,train,0.13885626196861267,0.8611437678337097
25184,1,1,1,1,train,0.156941220164299,0.843058705329895
25192,1,1,1,1,train,0.14538933336734772,0.8546106815338135
25195,1,1,1,1,train,0.12955787777900696,0.8704422116279602
25222,1,1,1,1,train,0.16466103494167328,0.8353390097618103
25277,1,1,1,1,train,0.14225360751152039,0.857746422290802
25279,1,1,1,1,train,0.2080231010913849,0.7919768691062927
25280,1,1,1,1,train,0.11628596484661102,0.8837140798568726
25285,1,1,1,1,train,0.1366429328918457,0.8633570671081543
25318,1,1,1,1,train,0.33403849601745605,0.665961503982544
25320,1,1,1,1,train,0.18657393753528595,0.8134260177612305
25336,1,1,1,1,train,0.14727558195590973,0.8527243733406067
25360,1,1,1,1,train,0.1476501226425171,0.8523498177528381
25429,1,1,1,1,train,0.12723831832408905,0.8727616667747498
25431,1,1,1,1,train,0.3215341567993164,0.6784657835960388
25490,1,1,1,1,train,0.1286088228225708,0.8713911175727844
25497,1,1,1,1,train,0.45667776465415955,0.5433222651481628
25512,1,1,1,1,train,0.1589881181716919,0.8410118818283081
25514,1,1,1,1,train,0.16489557921886444,0.8351044058799744
25523,1,1,1,1,train,0.3707338869571686,0.629266083240509
25526,1,1,1,1,train,0.3921917676925659,0.6078082919120789
25531,1,1,1,1,train,0.3748834729194641,0.6251165866851807
25535,1,1,1,1,train,0.3281306326389313,0.6718693375587463
25553,1,1,1,1,train,0.34642934799194336,0.6535706520080566
25554,1,1,1,1,train,0.34928736090660095,0.6507126688957214
25563,1,1,1,1,train,0.15735335648059845,0.8426466584205627
25571,1,1,1,1,train,0.18313360214233398,0.8168663382530212
25617,1,1,1,1,train,0.14805732667446136,0.8519426584243774
25628,1,1,1,1,train,0.166030153632164,0.8339698314666748
25652,1,1,1,1,train,0.16695959866046906,0.8330404162406921
25656,0,1,0,1,train,0.20263446867465973,0.7973654866218567
25667,0,1,0,1,train,0.3910595774650574,0.6089403629302979
25670,1,1,1,1,train,0.22504590451717377,0.774954080581665
25680,0,1,0,1,train,0.3880951404571533,0.6119048595428467
25702,0,1,0,1,train,0.16306109726428986,0.8369388580322266
25757,1,1,1,1,train,0.21695905923843384,0.7830409407615662
25765,1,1,1,1,train,0.11873812973499298,0.8812618255615234
25770,1,1,1,1,train,0.29793986678123474,0.7020601630210876
25771,1,1,1,1,train,0.17033858597278595,0.8296614289283752
25788,1,1,1,1,train,0.3692043423652649,0.6307956576347351
25789,1,1,1,1,train,0.3393517732620239,0.6606481671333313
25812,1,1,1,1,train,0.49000081419944763,0.5099992156028748
25813,0,0,0,0,train,0.5609642863273621,0.4390357732772827
25815,1,1,1,1,train,0.4040628969669342,0.5959370732307434
25816,1,1,1,1,train,0.4009067714214325,0.5990932583808899
25817,1,0,1,0,train,0.5523086190223694,0.447691410779953
25820,1,1,1,1,train,0.33971354365348816,0.6602864861488342
25823,1,1,1,1,train,0.1631786972284317,0.8368213176727295
25827,1,1,1,1,train,0.1529998928308487,0.8470001220703125
25831,1,1,1,1,train,0.3383738398551941,0.6616261005401611
25843,1,1,1,1,train,0.3395892083644867,0.6604108214378357
25845,1,1,1,1,train,0.2061612904071808,0.7938387393951416
25855,1,1,1,1,train,0.11514095216989517,0.884859025478363
25858,1,1,1,1,train,0.19157536327838898,0.8084245920181274
25887,1,1,1,1,train,0.10884979367256165,0.891150176525116
25901,1,1,1,1,train,0.15318669378757477,0.8468133211135864
25904,1,1,1,1,train,0.33955276012420654,0.6604471802711487
25928,1,1,1,1,train,0.41909271478652954,0.5809072852134705
25938,1,1,1,1,train,0.12858955562114716,0.8714104294776917
25940,1,1,1,1,train,0.11933284997940063,0.8806671500205994
25980,0,0,0,0,train,0.5424162149429321,0.4575837552547455
26027,1,1,1,1,train,0.12628786265850067,0.8737121224403381
26059,1,1,1,1,train,0.1332533061504364,0.866746723651886
26071,1,1,1,1,train,0.3323391377925873,0.6676609516143799
26078,1,1,1,1,train,0.16070185601711273,0.8392981290817261
26099,1,1,1,1,train,0.13857288658618927,0.8614270687103271
26111,1,1,1,1,train,0.12591497600078583,0.874085009098053
26118,1,1,1,1,train,0.184303879737854,0.815696120262146
26121,1,1,1,1,train,0.3588150441646576,0.64118492603302
26122,1,1,1,1,train,0.154854878783226,0.8451451063156128
26128,1,1,1,1,train,0.13351765275001526,0.8664823770523071
26131,1,1,1,1,train,0.1454371213912964,0.8545628786087036
26159,1,1,1,1,train,0.46224290132522583,0.5377570390701294
26173,1,1,1,1,train,0.3669237494468689,0.6330762505531311
26222,1,1,1,1,train,0.2046676129102707,0.7953324317932129
26239,1,1,1,1,train,0.1038908138871193,0.8961091637611389
26241,1,1,1,1,train,0.19922852516174316,0.8007714748382568
26254,1,1,1,1,train,0.14866407215595245,0.8513359427452087
26275,1,1,1,1,train,0.13703104853630066,0.8629689812660217
26283,1,1,1,1,train,0.13326497375965118,0.8667349815368652
26285,1,1,1,1,train,0.1677015870809555,0.8322983980178833
26291,1,1,1,1,train,0.3171457052230835,0.6828542947769165
26294,1,1,1,1,train,0.32444751262664795,0.6755525469779968
26298,1,1,1,1,train,0.14261114597320557,0.8573887944221497
26304,1,1,1,1,train,0.12359200417995453,0.8764079809188843
26327,1,1,1,1,train,0.13264408707618713,0.8673558831214905
26347,1,1,1,1,train,0.14452384412288666,0.8554762005805969
26350,1,1,1,1,train,0.20151682198047638,0.7984831929206848
26357,1,1,1,1,train,0.1376647651195526,0.862335205078125
26369,1,1,1,1,train,0.3709099590778351,0.6290900707244873
26398,1,1,1,1,train,0.44740182161331177,0.5525981783866882
26401,1,1,1,1,train,0.1592719405889511,0.8407280445098877
26402,1,1,1,1,train,0.1643938422203064,0.8356060981750488
26405,1,1,1,1,train,0.1537363976240158,0.846263587474823
26421,1,1,1,1,train,0.16494035720825195,0.8350595831871033
26436,1,1,1,1,train,0.1273398995399475,0.8726601600646973
26439,1,1,1,1,train,0.12190127372741699,0.878098726272583
26444,1,1,1,1,train,0.12240874022245407,0.8775912523269653
26447,1,1,1,1,train,0.14433936774730682,0.8556605577468872
26452,1,1,1,1,train,0.17451448738574982,0.8254854679107666
26471,1,1,1,1,train,0.13718342781066895,0.862816572189331
26522,1,1,1,1,train,0.36945486068725586,0.6305451393127441
26523,1,1,1,1,train,0.37470921874046326,0.6252908110618591
26526,1,1,1,1,train,0.33894777297973633,0.6610521674156189
26534,1,1,1,1,train,0.33773836493492126,0.6622616052627563
26548,1,1,1,1,train,0.1319524496793747,0.8680475354194641
26571,1,1,1,1,train,0.1478295922279358,0.8521704077720642
26576,1,1,1,1,train,0.14332519471645355,0.85667484998703
26591,1,1,1,1,train,0.15152893960475922,0.8484711050987244
26595,1,1,1,1,train,0.2152269035577774,0.784773051738739
26600,1,1,1,1,train,0.17592419683933258,0.8240758180618286
26601,1,1,1,1,train,0.13051843643188477,0.86948162317276
26608,1,1,1,1,train,0.15866687893867493,0.8413331508636475
26609,1,1,1,1,train,0.13740584254264832,0.8625941276550293
26611,1,1,1,1,train,0.12925772368907928,0.8707422614097595
26616,1,1,1,1,train,0.3986782133579254,0.6013217568397522
26630,1,1,1,1,train,0.13272979855537415,0.8672702312469482
26631,1,1,1,1,train,0.12078811228275299,0.8792119026184082
26641,1,1,1,1,train,0.13242080807685852,0.8675792217254639
26643,1,1,1,1,train,0.1399935632944107,0.8600064516067505
26645,1,1,1,1,train,0.13850703835487366,0.861492931842804
26661,1,1,1,1,train,0.39161577820777893,0.6083842515945435
26670,1,1,1,1,train,0.3994930386543274,0.6005069017410278
26680,1,1,1,1,train,0.1417067050933838,0.8582932353019714
26681,1,1,1,1,train,0.32532984018325806,0.6746701598167419
26693,1,1,1,1,train,0.14714142680168152,0.8528586030006409
26761,1,1,1,1,train,0.1935064196586609,0.8064936399459839
26795,1,1,1,1,train,0.35616469383239746,0.6438353061676025
26796,1,1,1,1,train,0.1318625509738922,0.8681374192237854
26816,1,1,1,1,train,0.1379898637533188,0.8620101809501648
26820,1,1,1,1,train,0.13540829718112946,0.8645917177200317
26821,1,1,1,1,train,0.3175849914550781,0.6824150085449219
26822,1,1,1,1,train,0.13292157649993896,0.8670783638954163
26823,1,1,1,1,train,0.1339552402496338,0.8660447597503662
26824,1,1,1,1,train,0.317412406206131,0.6825876235961914
26841,1,1,1,1,train,0.12947361171245575,0.8705263733863831
26844,1,1,1,1,train,0.399973601102829,0.6000264286994934
26846,1,1,1,1,train,0.39907631278038025,0.6009237170219421
26847,1,1,1,1,train,0.16607987880706787,0.8339201807975769
26873,1,1,1,1,train,0.15186598896980286,0.8481340408325195
26959,1,1,1,1,train,0.1802726835012436,0.8197273015975952
26961,1,1,1,1,train,0.33371201157569885,0.6662879586219788
26965,1,1,1,1,train,0.35553067922592163,0.6444692611694336
26976,0,1,0,1,train,0.17924197018146515,0.8207579851150513
26984,1,1,1,1,train,0.35496485233306885,0.6450350880622864
26986,1,1,1,1,train,0.31732892990112305,0.6826711297035217
26995,1,1,1,1,train,0.29780977964401245,0.7021902203559875
26999,1,1,1,1,train,0.32912999391555786,0.6708700656890869
27020,0,1,0,1,train,0.19538259506225586,0.8046174049377441
27040,1,1,1,1,train,0.12687167525291443,0.8731282949447632
27050,1,1,1,1,train,0.32516342401504517,0.6748366355895996
27059,1,1,1,1,train,0.1471584439277649,0.8528416156768799
27063,1,1,1,1,train,0.12105235457420349,0.8789476752281189
27071,1,1,1,1,train,0.1952289491891861,0.8047710061073303
27077,1,1,1,1,train,0.3785797357559204,0.6214202642440796
27078,1,1,1,1,train,0.14387007057666779,0.8561299443244934
27102,1,1,1,1,train,0.18181349337100983,0.8181865215301514
27111,1,1,1,1,train,0.3927387297153473,0.6072612404823303
27113,1,1,1,1,train,0.1512731909751892,0.8487268090248108
27114,1,1,1,1,train,0.19522392749786377,0.8047760128974915
27176,1,1,1,1,train,0.3584398031234741,0.6415602564811707
27188,1,1,1,1,train,0.3470328748226166,0.652967095375061
27189,1,1,1,1,train,0.1537523716688156,0.8462476134300232
27190,1,1,1,1,train,0.3502952456474304,0.6497047543525696
27191,1,1,1,1,train,0.35828354954719543,0.6417164206504822
27194,1,1,1,1,train,0.13197758793830872,0.8680223822593689
27207,1,1,1,1,train,0.18072862923145294,0.8192713856697083
27212,1,1,1,1,train,0.3097534477710724,0.69024658203125
27237,1,1,1,1,train,0.13010016083717346,0.8698998689651489
27238,1,1,1,1,train,0.3594053089618683,0.6405947208404541
27239,1,1,1,1,train,0.1258782595396042,0.8741217255592346
27247,1,1,1,1,train,0.14748114347457886,0.8525188565254211
27255,0,1,0,1,train,0.428907185792923,0.5710927844047546
27287,1,1,1,1,train,0.3524332046508789,0.6475667953491211
27288,1,1,1,1,train,0.14313644170761108,0.8568634986877441
27289,1,1,1,1,train,0.1138399988412857,0.8861600160598755
27293,1,1,1,1,train,0.1121557280421257,0.8878442049026489
27312,1,1,1,1,train,0.12374347448348999,0.87625652551651
27364,1,1,1,1,train,0.1697666198015213,0.8302333354949951
27365,1,1,1,1,train,0.15200430154800415,0.8479956388473511
27372,1,1,1,1,train,0.12920746207237244,0.87079256772995
27373,1,1,1,1,train,0.3476751744747162,0.6523248553276062
27381,1,1,1,1,train,0.11632957309484482,0.8836703896522522
27382,1,1,1,1,train,0.11780959367752075,0.8821903467178345
27385,1,1,1,1,train,0.11985886842012405,0.8801410794258118
27386,1,1,1,1,train,0.2933562994003296,0.7066436409950256
27387,1,1,1,1,train,0.14413410425186157,0.8558658957481384
27388,1,1,1,1,train,0.38734787702560425,0.6126521229743958
27389,1,1,1,1,train,0.3799635171890259,0.6200365424156189
27390,1,1,1,1,train,0.36763012409210205,0.632369875907898
27415,1,1,1,1,train,0.1288466453552246,0.8711534142494202
27416,1,1,1,1,train,0.3268739581108093,0.6731260418891907
27418,1,1,1,1,train,0.12302877008914948,0.8769712448120117
27430,1,1,1,1,train,0.15442587435245514,0.845574140548706
27559,1,1,1,1,train,0.12874038517475128,0.8712596297264099
27575,0,0,0,0,train,0.6093533039093018,0.39064669609069824
27583,0,0,0,0,train,0.5665419101715088,0.43345803022384644
27584,0,0,0,0,train,0.527718186378479,0.4722817838191986
27594,0,0,0,0,train,0.6015793681144714,0.39842063188552856
27595,1,1,1,1,train,0.16001369059085846,0.8399863243103027
27606,1,1,1,1,train,0.14563332498073578,0.8543667197227478
27607,1,0,1,0,train,0.6100610494613647,0.38993892073631287
27636,1,1,1,1,train,0.3396659791469574,0.6603339910507202
27670,1,1,1,1,train,0.13312843441963196,0.8668715953826904
27681,1,1,1,1,train,0.1337200254201889,0.8662799596786499
27687,1,1,1,1,train,0.12558704614639282,0.8744129538536072
27709,1,1,1,1,train,0.14351484179496765,0.8564851880073547
27710,1,1,1,1,train,0.16464227437973022,0.8353577256202698
27711,1,1,1,1,train,0.16088250279426575,0.8391174674034119
27712,1,1,1,1,train,0.16476736962795258,0.8352326154708862
27750,1,1,1,1,train,0.13613642752170563,0.8638635873794556
27777,1,1,1,1,train,0.15149284899234772,0.8485071659088135
27782,1,1,1,1,train,0.40287554264068604,0.5971245169639587
27785,1,1,1,1,train,0.1622861623764038,0.8377137780189514
27796,1,1,1,1,train,0.37862077355384827,0.6213792562484741
27798,1,1,1,1,train,0.3632495701313019,0.6367504596710205
27802,1,1,1,1,train,0.1437975913286209,0.8562024235725403
27859,1,1,1,1,train,0.1366683542728424,0.86333167552948
27861,1,1,1,1,train,0.15205229818820953,0.8479477763175964
27863,1,1,1,1,train,0.14080706238746643,0.8591929078102112
27864,1,1,1,1,train,0.12243200093507767,0.8775680661201477
27875,1,1,1,1,train,0.14700087904930115,0.8529990911483765
27877,1,1,1,1,train,0.15546122193336487,0.8445388078689575
27883,1,1,1,1,train,0.1375894844532013,0.8624104857444763
27884,1,1,1,1,train,0.38796767592430115,0.6120322942733765
27892,1,1,1,1,train,0.12640948593616486,0.8735905885696411
27896,1,1,1,1,train,0.14254876971244812,0.8574512004852295
27898,1,1,1,1,train,0.15723960101604462,0.842760443687439
27936,1,1,1,1,train,0.13523657619953156,0.8647633790969849
27949,1,1,1,1,train,0.34741801023483276,0.6525819897651672
27951,1,1,1,1,train,0.3083604574203491,0.6916395425796509
27968,1,1,1,1,train,0.1264415979385376,0.8735583424568176
27986,1,1,1,1,train,0.3107074797153473,0.6892925500869751
27987,1,1,1,1,train,0.3122778832912445,0.6877221465110779
28021,1,1,1,1,train,0.3540925979614258,0.645907461643219
28023,1,1,1,1,train,0.36018890142440796,0.639811098575592
28044,1,1,1,1,train,0.3330536186695099,0.666946291923523
28048,1,0,1,0,train,0.5306703448295593,0.4693295657634735
28075,1,1,1,1,train,0.12991446256637573,0.8700855374336243
28140,1,1,1,1,train,0.3680017292499542,0.6319983005523682
28143,1,1,1,1,train,0.3319121301174164,0.6680878400802612
28192,1,1,1,1,train,0.33027273416519165,0.6697272658348083
28204,1,1,1,1,train,0.3244224786758423,0.6755775809288025
28205,1,1,1,1,train,0.13939911127090454,0.8606008887290955
28216,1,1,1,1,train,0.34069862961769104,0.6593014001846313
28219,1,1,1,1,train,0.16548076272010803,0.8345192074775696
28225,0,1,0,1,train,0.37093859910964966,0.6290614008903503
28254,1,1,1,1,train,0.13967278599739075,0.8603272438049316
28258,1,1,1,1,train,0.3308998644351959,0.6691000461578369
28309,1,1,1,1,train,0.35939788818359375,0.6406021118164062
28316,1,1,1,1,train,0.3764934241771698,0.6235066056251526
28321,1,1,1,1,train,0.29750242829322815,0.7024976015090942
28327,1,1,1,1,train,0.30609115958213806,0.6939088702201843
28362,1,1,1,1,train,0.32006993889808655,0.6799300909042358
28370,1,1,1,1,train,0.15168163180351257,0.848318338394165
28384,1,1,1,1,train,0.12296823412179947,0.8770317435264587
28399,1,1,1,1,train,0.15759533643722534,0.8424046039581299
28400,1,1,1,1,train,0.1572049856185913,0.8427949547767639
28401,1,1,1,1,train,0.17013417184352875,0.8298658132553101
28402,1,1,1,1,train,0.17113181948661804,0.8288681507110596
28403,1,1,1,1,train,0.1711445450782776,0.8288554549217224
28405,1,1,1,1,train,0.16656070947647095,0.833439290523529
28406,1,1,1,1,train,0.16681796312332153,0.8331820964813232
28407,1,1,1,1,train,0.1667211502790451,0.8332788348197937
28408,1,1,1,1,train,0.31744182109832764,0.6825581789016724
28420,1,1,1,1,train,0.1304405778646469,0.8695594668388367
28442,1,1,1,1,train,0.1309027075767517,0.8690972924232483
28451,1,1,1,1,train,0.14874069392681122,0.8512592911720276
28453,1,1,1,1,train,0.14990581572055817,0.850094199180603
28461,1,1,1,1,train,0.15917964279651642,0.8408204317092896
28471,1,1,1,1,train,0.14785991609096527,0.8521401286125183
28486,1,1,1,1,train,0.22191831469535828,0.7780817151069641
28515,1,1,1,1,train,0.24950014054775238,0.7504998445510864
28519,1,1,1,1,train,0.12242676317691803,0.8775731921195984
28532,1,1,1,1,train,0.18528400361537933,0.8147160410881042
28540,1,1,1,1,train,0.3690526783466339,0.6309472918510437
28551,0,1,0,1,train,0.48975101113319397,0.5102489590644836
28560,1,1,1,1,train,0.14620257914066315,0.8537973761558533
28561,1,1,1,1,train,0.14232216775417328,0.8576778173446655
28579,1,1,1,1,train,0.38800176978111267,0.6119982600212097
28592,1,1,1,1,train,0.35875749588012695,0.6412425637245178
28593,1,1,1,1,train,0.49451330304145813,0.5054866671562195
28594,1,1,1,1,train,0.49053552746772766,0.5094645023345947
28595,1,0,1,0,train,0.5662331581115723,0.43376684188842773
28598,1,0,1,0,train,0.5588653683662415,0.4411346912384033
28599,1,0,1,0,train,0.5853573679924011,0.4146426022052765
28602,1,1,1,1,train,0.4878954589366913,0.5121045708656311
28612,1,1,1,1,train,0.12228722870349884,0.8777127265930176
28616,1,1,1,1,train,0.15342110395431519,0.8465788960456848
28617,1,1,1,1,train,0.13866619765758514,0.8613337874412537
28624,1,1,1,1,train,0.11027055978775024,0.8897294998168945
28675,1,1,1,1,train,0.10413653403520584,0.89586341381073
28677,1,1,1,1,train,0.16455405950546265,0.8354459404945374
28678,1,1,1,1,train,0.11414214223623276,0.885857880115509
28679,1,1,1,1,train,0.1296151578426361,0.8703848123550415
28684,1,1,1,1,train,0.21840573847293854,0.7815942764282227
28685,1,1,1,1,train,0.13085810840129852,0.8691418766975403
28714,1,1,1,1,train,0.13765756785869598,0.862342357635498
28728,1,1,1,1,train,0.11909972876310349,0.8809002637863159
28775,1,1,1,1,train,0.12220130860805511,0.8777987360954285
28807,0,0,0,0,train,0.5832259058952332,0.41677409410476685
28829,1,1,1,1,train,0.16164101660251617,0.8383589386940002
28851,1,1,1,1,train,0.17284293472766876,0.8271570205688477
28852,1,1,1,1,train,0.34919577836990356,0.6508042812347412
28863,1,0,1,0,train,0.5128758549690247,0.48712417483329773
28872,1,1,1,1,train,0.14567214250564575,0.854327917098999
28881,1,0,1,0,train,0.5168840289115906,0.4831160008907318
28891,1,1,1,1,train,0.1470494419336319,0.8529505133628845
28954,1,1,1,1,train,0.1994495838880539,0.8005504608154297
28956,0,0,0,0,train,0.5407043099403381,0.45929569005966187
28959,1,0,1,0,train,0.537645161151886,0.46235477924346924
28964,1,0,1,0,train,0.5251325964927673,0.47486743330955505
28970,1,1,1,1,train,0.3220699727535248,0.6779299974441528
28981,1,1,1,1,train,0.11234226077795029,0.8876577615737915
28982,1,1,1,1,train,0.11777079105377197,0.8822292685508728
28987,1,1,1,1,train,0.16951268911361694,0.8304873108863831
28991,1,1,1,1,train,0.13255377113819122,0.8674463033676147
28992,1,1,1,1,train,0.1329459398984909,0.8670541048049927
28993,1,1,1,1,train,0.11797812581062317,0.8820218443870544
28994,1,1,1,1,train,0.148294135928154,0.8517059087753296
29003,1,1,1,1,train,0.1260659396648407,0.8739340305328369
29018,1,1,1,1,train,0.14238010346889496,0.8576198816299438
29039,1,1,1,1,train,0.14246231317520142,0.8575376868247986
29040,1,1,1,1,train,0.11472193151712418,0.885278046131134
29055,1,1,1,1,train,0.16043564677238464,0.8395643830299377
29084,1,1,1,1,train,0.3538799583911896,0.6461199522018433
29086,1,1,1,1,train,0.14216098189353943,0.857839047908783
29102,1,1,1,1,train,0.14469926059246063,0.8553007245063782
29108,1,1,1,1,train,0.3217363655567169,0.6782636642456055
29109,0,1,0,1,train,0.4702424108982086,0.5297576189041138
29115,1,1,1,1,train,0.3627330958843231,0.6372668743133545
29118,1,1,1,1,train,0.16055113077163696,0.8394488096237183
29119,1,1,1,1,train,0.3591185510158539,0.6408814191818237
29127,1,0,1,0,train,0.5972450971603394,0.4027549624443054
29130,1,1,1,1,train,0.17056713998317719,0.8294327855110168
29133,1,1,1,1,train,0.12126920372247696,0.8787307739257812
29136,1,1,1,1,train,0.12081561982631683,0.8791844248771667
29139,1,1,1,1,train,0.3914898633956909,0.6085101366043091
29154,1,1,1,1,train,0.16153469681739807,0.8384652733802795
29159,0,0,0,0,train,0.5129693150520325,0.48703068494796753
29160,1,1,1,1,train,0.3992626368999481,0.6007373332977295
29179,1,1,1,1,train,0.1318945735692978,0.8681054711341858
29188,1,1,1,1,train,0.2112559974193573,0.7887440323829651
29193,1,1,1,1,train,0.29344189167022705,0.706558108329773
29194,1,1,1,1,train,0.33944475650787354,0.6605552434921265
29195,1,1,1,1,train,0.325927734375,0.674072265625
29197,1,1,1,1,train,0.36234286427497864,0.6376571655273438
29204,1,1,1,1,train,0.12801846861839294,0.8719815611839294
29205,1,1,1,1,train,0.34334510564804077,0.6566548943519592
29313,1,1,1,1,train,0.37517881393432617,0.6248211860656738
29331,1,1,1,1,train,0.39363181591033936,0.6063681840896606
29336,1,1,1,1,train,0.320916086435318,0.6790838837623596
29391,1,1,1,1,train,0.3320440948009491,0.6679559350013733
29421,1,1,1,1,train,0.4693352282047272,0.5306648015975952
29449,0,0,0,0,train,0.553355872631073,0.4466441869735718
29460,1,1,1,1,train,0.10990886390209198,0.8900911808013916
29464,1,1,1,1,train,0.3595755994319916,0.6404244303703308
29502,1,1,1,1,train,0.11089915037155151,0.8891008496284485
29559,0,1,0,1,train,0.1406879425048828,0.8593120574951172
29597,1,1,1,1,train,0.14369267225265503,0.8563073873519897
29598,1,1,1,1,train,0.3529222011566162,0.6470777988433838
29599,1,1,1,1,train,0.3518995940685272,0.6481004357337952
29600,1,1,1,1,train,0.34647080302238464,0.6535292267799377
29601,1,1,1,1,train,0.3687487244606018,0.6312512755393982
29602,1,1,1,1,train,0.3480081856250763,0.6519917249679565
29623,1,1,1,1,train,0.15404117107391357,0.8459588289260864
29624,1,1,1,1,train,0.36661264300346375,0.6333873271942139
29625,1,1,1,1,train,0.3670371174812317,0.6329628825187683
29626,1,1,1,1,train,0.13608795404434204,0.8639119863510132
29627,1,1,1,1,train,0.1898125261068344,0.8101874589920044
29649,1,1,1,1,train,0.29064270853996277,0.7093572616577148
29662,1,1,1,1,train,0.33938971161842346,0.6606103181838989
29667,1,1,1,1,train,0.3147834837436676,0.68521648645401
29671,1,1,1,1,train,0.37532657384872437,0.6246734261512756
29690,1,1,1,1,train,0.11304610222578049,0.8869539499282837
29693,1,1,1,1,train,0.12720060348510742,0.8727994561195374
29694,1,1,1,1,train,0.317618727684021,0.6823812127113342
29695,1,1,1,1,train,0.15512219071388245,0.8448778390884399
29696,1,1,1,1,train,0.3148123323917389,0.6851876378059387
29704,1,1,1,1,train,0.40974557399749756,0.5902543663978577
29755,1,1,1,1,train,0.11292164027690887,0.8870784044265747
29756,1,1,1,1,train,0.16381296515464783,0.8361870050430298
29775,1,1,1,1,train,0.138606995344162,0.8613930344581604
29785,1,1,1,1,train,0.13824383914470673,0.8617562055587769
29810,1,1,1,1,train,0.12637390196323395,0.8736260533332825
29814,1,1,1,1,train,0.1571904718875885,0.8428095579147339
29834,1,1,1,1,train,0.14106078445911407,0.8589391708374023
29835,1,1,1,1,train,0.11849746108055115,0.8815025091171265
29839,0,1,0,1,train,0.4185294806957245,0.5814705491065979
29861,1,1,1,1,train,0.339013010263443,0.6609869599342346
29863,1,1,1,1,train,0.29683569073677063,0.703164279460907
29872,1,1,1,1,train,0.34474584460258484,0.6552541255950928
29873,1,1,1,1,train,0.33685263991355896,0.6631474494934082
29874,1,1,1,1,train,0.12377775460481644,0.8762221932411194
29875,1,1,1,1,train,0.1398230493068695,0.8601769208908081
29876,1,1,1,1,train,0.35011762380599976,0.6498823761940002
29895,1,1,1,1,train,0.16485348343849182,0.8351464867591858
29933,1,1,1,1,train,0.40805479884147644,0.5919451713562012
29935,1,1,1,1,train,0.15939371287822723,0.8406063318252563
29961,1,1,1,1,train,0.10886532068252563,0.8911346793174744
29962,1,1,1,1,train,0.1495857834815979,0.8504142165184021
29969,1,1,1,1,train,0.49628570675849915,0.503714382648468
29974,1,1,1,1,train,0.1979115605354309,0.8020884394645691
29983,1,1,1,1,train,0.10674872994422913,0.8932512402534485
29987,1,1,1,1,train,0.3981873095035553,0.6018126606941223
29997,1,1,1,1,train,0.18506477773189545,0.8149352073669434
30040,1,1,1,1,train,0.16950906813144684,0.8304909467697144
30092,1,1,1,1,train,0.1472410410642624,0.8527590036392212
30093,1,1,1,1,train,0.35519281029701233,0.6448072195053101
30096,1,1,1,1,train,0.4034842252731323,0.5965157747268677
30097,1,1,1,1,train,0.14844080805778503,0.8515591621398926
30112,1,1,1,1,train,0.3602965474128723,0.6397034525871277
30118,1,1,1,1,train,0.11357705295085907,0.8864229917526245
30134,1,1,1,1,train,0.14362375438213348,0.8563762903213501
30150,1,1,1,1,train,0.3465439975261688,0.6534559726715088
30168,1,1,1,1,train,0.325486958026886,0.674513041973114
30170,1,1,1,1,train,0.15450195968151093,0.8454980254173279
30171,1,1,1,1,train,0.13923275470733643,0.8607672452926636
30206,1,1,1,1,train,0.13502690196037292,0.8649731278419495
30219,1,1,1,1,train,0.13858970999717712,0.8614102602005005
30224,1,1,1,1,train,0.12987802922725677,0.870121955871582
30237,1,0,1,0,train,0.5378448367118835,0.46215519309043884
30239,1,1,1,1,train,0.3741339445114136,0.6258660554885864
30263,1,1,1,1,train,0.3096197247505188,0.6903802752494812
30267,1,1,1,1,train,0.11705249547958374,0.8829475045204163
30269,1,1,1,1,train,0.10428614914417267,0.8957138061523438
30270,1,1,1,1,train,0.20422394573688507,0.7957760691642761
30272,1,1,1,1,train,0.17115075886249542,0.8288493156433105
30273,1,1,1,1,train,0.15378934144973755,0.8462106585502625
30286,1,1,1,1,train,0.33992379903793335,0.6600762605667114
30300,1,1,1,1,train,0.34438836574554443,0.6556116342544556
30313,1,1,1,1,train,0.3301197588443756,0.6698801517486572
30314,1,1,1,1,train,0.10981772094964981,0.8901823163032532
30340,1,1,1,1,train,0.14344556629657745,0.8565544486045837
30355,1,1,1,1,train,0.10203009843826294,0.8979698419570923
30357,1,1,1,1,train,0.20520243048667908,0.7947975397109985
30403,1,1,1,1,train,0.11301471292972565,0.8869852423667908
30405,1,1,1,1,train,0.13856126368045807,0.8614387512207031
30434,1,1,1,1,train,0.162784144282341,0.8372158408164978
30441,1,1,1,1,train,0.14185956120491028,0.8581404685974121
30445,1,1,1,1,train,0.3567080497741699,0.6432919502258301
30454,1,1,1,1,train,0.38985422253608704,0.6101457476615906
30461,1,1,1,1,train,0.32170283794403076,0.6782971620559692
30478,1,1,1,1,train,0.34680259227752686,0.6531974077224731
30479,1,1,1,1,train,0.3593466281890869,0.6406533718109131
30480,1,1,1,1,train,0.1565619856119156,0.8434379696846008
30481,1,1,1,1,train,0.35950490832328796,0.6404951214790344
30482,1,1,1,1,train,0.35088908672332764,0.6491109132766724
30492,1,1,1,1,train,0.35406559705734253,0.6459344029426575
30493,1,1,1,1,train,0.3569168746471405,0.6430831551551819
30506,0,1,0,1,train,0.4015641212463379,0.5984358191490173
30511,1,1,1,1,train,0.12323828041553497,0.8767617344856262
30535,1,1,1,1,train,0.11558225005865097,0.8844177722930908
30547,1,1,1,1,train,0.34212079644203186,0.6578791737556458
30548,1,1,1,1,train,0.3379110097885132,0.6620889902114868
30549,1,1,1,1,train,0.33664295077323914,0.6633570790290833
30558,1,1,1,1,train,0.13245998322963715,0.8675400018692017
30613,1,1,1,1,train,0.1600317656993866,0.839968204498291
30614,1,1,1,1,train,0.2916069030761719,0.7083931565284729
30633,1,1,1,1,train,0.3499159514904022,0.6500840783119202
30645,1,1,1,1,train,0.12250053882598877,0.8774994611740112
30657,1,1,1,1,train,0.1289861798286438,0.8710138201713562
30672,1,1,1,1,train,0.4072219729423523,0.5927780866622925
30676,1,1,1,1,train,0.15731091797351837,0.842689037322998
30692,1,1,1,1,train,0.12317176163196564,0.8768282532691956
30701,1,1,1,1,train,0.13038133084774017,0.8696187138557434
30706,1,1,1,1,train,0.11899904906749725,0.8810009360313416
30747,1,1,1,1,train,0.349496990442276,0.6505029797554016
30751,1,1,1,1,train,0.16974744200706482,0.8302525877952576
30754,1,1,1,1,train,0.13119560480117798,0.868804395198822
30755,1,1,1,1,train,0.1240195780992508,0.8759803771972656
30801,1,1,1,1,train,0.3335702419281006,0.6664297580718994
30806,1,1,1,1,train,0.11979438364505768,0.8802056312561035
30816,1,1,1,1,train,0.47424671053886414,0.5257533192634583
30872,1,1,1,1,train,0.15217681229114532,0.8478232026100159
30904,1,1,1,1,train,0.12393293529748917,0.876067042350769
30988,1,1,1,1,train,0.12912970781326294,0.8708703517913818
31103,1,1,1,1,train,0.3229357898235321,0.6770641803741455
31169,1,1,1,1,train,0.16846345365047455,0.8315365314483643
31216,1,1,1,1,train,0.3502767086029053,0.6497232913970947
31220,1,1,1,1,train,0.13112562894821167,0.8688744306564331
31242,1,1,1,1,train,0.1277647167444229,0.8722352981567383
31247,1,1,1,1,train,0.11860840767621994,0.8813915848731995
31258,1,1,1,1,train,0.3683862090110779,0.6316137909889221
31268,0,0,0,0,train,0.6044333577156067,0.3955666124820709
31308,1,1,1,1,train,0.12458708137273788,0.8754128813743591
31312,1,1,1,1,train,0.12013815343379974,0.8798618316650391
31355,1,1,1,1,train,0.1480020433664322,0.8519979119300842
31356,1,1,1,1,train,0.16826726496219635,0.8317327499389648
31372,1,1,1,1,train,0.18364863097667694,0.8163513541221619
31373,1,1,1,1,train,0.24934761226177216,0.7506523728370667
31419,1,1,1,1,train,0.13569237291812897,0.8643075823783875
31420,1,1,1,1,train,0.3435031771659851,0.6564968228340149
31442,1,1,1,1,train,0.13205872476100922,0.8679412603378296
31445,1,1,1,1,train,0.15875113010406494,0.8412488698959351
31457,1,1,1,1,train,0.32502481341362,0.6749752163887024
31458,1,1,1,1,train,0.32791373133659363,0.6720862984657288
31464,1,1,1,1,train,0.16212643682956696,0.8378735184669495
31465,1,1,1,1,train,0.1479238122701645,0.8520761728286743
31468,1,1,1,1,train,0.16518598794937134,0.8348140120506287
31469,1,1,1,1,train,0.16456979513168335,0.8354302048683167
31479,1,1,1,1,train,0.11839177459478378,0.881608247756958
31491,1,1,1,1,train,0.36773681640625,0.6322631239891052
31524,1,1,1,1,train,0.32087039947509766,0.6791296601295471
31527,1,1,1,1,train,0.35190069675445557,0.6480992436408997
31530,1,1,1,1,train,0.36822453141212463,0.6317754983901978
31537,1,1,1,1,train,0.14248783886432648,0.8575121760368347
31538,1,1,1,1,train,0.36661291122436523,0.6333870887756348
31540,1,1,1,1,train,0.14090675115585327,0.859093189239502
31544,1,1,1,1,train,0.1672370284795761,0.8327629566192627
31552,1,1,1,1,train,0.14703451097011566,0.8529655337333679
31567,1,1,1,1,train,0.14778926968574524,0.8522107005119324
31572,1,1,1,1,train,0.1140471026301384,0.885952889919281
31592,1,1,1,1,train,0.12073193490505219,0.8792681097984314
31615,1,1,1,1,train,0.3578784763813019,0.6421214938163757
31616,1,1,1,1,train,0.3733016848564148,0.6266983151435852
31617,1,1,1,1,train,0.12551654875278473,0.8744835257530212
31622,1,1,1,1,train,0.11577454954385757,0.8842254281044006
31623,1,1,1,1,train,0.15335816144943237,0.8466418385505676
31624,1,1,1,1,train,0.3933906853199005,0.6066092848777771
31629,1,1,1,1,train,0.11134733259677887,0.8886527419090271
31646,1,1,1,1,train,0.3727009892463684,0.6272990107536316
31650,1,1,1,1,train,0.35135239362716675,0.6486476063728333
31679,1,1,1,1,train,0.3799273371696472,0.6200726628303528
31694,0,1,0,1,train,0.43847379088401794,0.5615262389183044
31711,1,1,1,1,train,0.4158576726913452,0.58414226770401
31712,1,1,1,1,train,0.4116530418395996,0.5883470177650452
31713,1,1,1,1,train,0.3877631723880768,0.6122367978096008
31723,0,1,0,1,train,0.38573387265205383,0.6142660975456238
31756,1,1,1,1,train,0.1354084610939026,0.8645915389060974
31763,1,1,1,1,train,0.12905846536159515,0.8709415793418884
31764,1,1,1,1,train,0.3238443434238434,0.6761556267738342
31774,1,1,1,1,train,0.3340015709400177,0.6659984588623047
31775,1,1,1,1,train,0.16472364962100983,0.8352763056755066
31804,1,1,1,1,train,0.3477988541126251,0.6522011756896973
31819,1,1,1,1,train,0.35852721333503723,0.6414728164672852
31822,0,0,0,0,train,0.6119703650474548,0.38802966475486755
31823,1,0,1,0,train,0.5188281536102295,0.48117175698280334
31824,0,0,0,0,train,0.5743264555931091,0.4256734848022461
31825,1,0,1,0,train,0.5087734460830688,0.49122652411460876
31826,0,0,0,0,train,0.6150522828102112,0.3849477767944336
31828,0,0,0,0,train,0.5461717844009399,0.45382821559906006
31829,0,0,0,0,train,0.5384885668754578,0.4615114629268646
31832,0,0,0,0,train,0.5449990034103394,0.45500096678733826
31833,0,0,0,0,train,0.5538755655288696,0.44612443447113037
31834,0,0,0,0,train,0.5920506119728088,0.407949298620224
31835,0,0,0,0,train,0.5203397274017334,0.4796602725982666
31836,1,0,1,0,train,0.550727128982544,0.44927290081977844
31837,1,0,1,0,train,0.5327059030532837,0.4672940671443939
31838,1,0,1,0,train,0.6183887124061584,0.38161128759384155
31839,1,0,1,0,train,0.595152735710144,0.40484729409217834
31841,1,0,1,0,train,0.5375760793685913,0.4624239206314087
31842,0,1,0,1,train,0.4839956760406494,0.5160043239593506
31843,0,0,0,0,train,0.5165306925773621,0.4834693372249603
31846,0,1,0,1,train,0.4220341444015503,0.5779658555984497
31847,0,0,0,0,train,0.6224640607833862,0.3775359094142914
31848,1,1,1,1,train,0.4416457712650299,0.5583541393280029
31849,1,0,1,0,train,0.5693817734718323,0.4306182861328125
31851,1,0,1,0,train,0.5676842331886292,0.43231576681137085
31852,0,0,0,0,train,0.5670863389968872,0.43291357159614563
31853,0,0,0,0,train,0.5330647826194763,0.4669352173805237
31854,0,0,0,0,train,0.5688816905021667,0.43111833930015564
31856,0,0,0,0,train,0.5030058026313782,0.49699413776397705
31857,1,1,1,1,train,0.4713221490383148,0.5286778807640076
31858,1,1,1,1,train,0.43692445755004883,0.5630755424499512
31859,1,0,1,0,train,0.5030115246772766,0.4969884753227234
31860,1,1,1,1,train,0.4881347119808197,0.5118651986122131
31863,0,1,0,1,train,0.49771440029144287,0.5022855401039124
31864,1,0,1,0,train,0.5047737956047058,0.4952261745929718
31866,1,0,1,0,train,0.5138184428215027,0.4861816167831421
31867,1,1,1,1,train,0.41497981548309326,0.5850201845169067
31870,1,1,1,1,train,0.4863579571247101,0.5136420130729675
31871,1,0,1,0,train,0.5194936990737915,0.4805063009262085
31872,1,0,1,0,train,0.509240984916687,0.4907589554786682
31873,1,1,1,1,train,0.4693599045276642,0.5306400656700134
31875,0,0,0,0,train,0.5650920271873474,0.4349079430103302
31876,0,0,0,0,train,0.5294795632362366,0.4705204367637634
31877,0,0,0,0,train,0.603090226650238,0.39690977334976196
31878,1,0,1,0,train,0.5481487512588501,0.45185115933418274
31879,0,0,0,0,train,0.5618103742599487,0.43818962574005127
31880,1,1,1,1,train,0.46893709897994995,0.53106290102005
31881,0,0,0,0,train,0.5061880350112915,0.4938119649887085
31882,1,1,1,1,train,0.441417396068573,0.5585826635360718
31883,1,0,1,0,train,0.573878288269043,0.42612171173095703
31884,1,1,1,1,train,0.44804510474205017,0.5519548654556274
31885,1,1,1,1,train,0.4893919825553894,0.5106079578399658
31886,1,0,1,0,train,0.5546600818634033,0.4453398883342743
31890,0,0,0,0,train,0.5597423315048218,0.4402576684951782
31891,0,0,0,0,train,0.529365062713623,0.47063496708869934
31892,0,0,0,0,train,0.5514225959777832,0.448577344417572
31895,1,0,1,0,train,0.5024649500846863,0.49753502011299133
31897,1,1,1,1,train,0.4779653251171112,0.5220346450805664
31898,1,0,1,0,train,0.5807715654373169,0.41922837495803833
31899,1,0,1,0,train,0.5806651711463928,0.41933488845825195
31900,1,0,1,0,train,0.5740188956260681,0.4259810745716095
31901,1,0,1,0,train,0.5653798580169678,0.43462011218070984
31902,1,0,1,0,train,0.5805081725120544,0.41949182748794556
31903,0,0,0,0,train,0.5785966515541077,0.42140334844589233
31904,0,0,0,0,train,0.5679030418395996,0.4320969581604004
31906,1,0,1,0,train,0.518212616443634,0.48178741335868835
31907,1,0,1,0,train,0.5603083968162537,0.43969157338142395
31908,1,1,1,1,train,0.42316171526908875,0.5768382549285889
31910,1,1,1,1,train,0.3374694883823395,0.6625304818153381
31911,0,0,0,0,train,0.5376715064048767,0.4623284339904785
31912,1,0,1,0,train,0.5378882884979248,0.4621117413043976
31913,0,0,0,0,train,0.5217887163162231,0.47821125388145447
31914,1,1,1,1,train,0.4077501595020294,0.592249870300293
31915,0,0,0,0,train,0.5667503476142883,0.43324968218803406
31916,0,1,0,1,train,0.4632816016674042,0.5367183685302734
31918,1,1,1,1,train,0.37506920099258423,0.6249308586120605
31919,1,1,1,1,train,0.4433147609233856,0.556685209274292
31923,1,1,1,1,train,0.39528709650039673,0.6047129034996033
31925,1,1,1,1,train,0.47909268736839294,0.5209072828292847
31926,1,1,1,1,train,0.48712611198425293,0.5128738880157471
31927,1,1,1,1,train,0.4559992253780365,0.5440008044242859
31928,0,1,0,1,train,0.4663059115409851,0.5336940884590149
31930,1,1,1,1,train,0.47969934344291687,0.5203006863594055
31931,1,0,1,0,train,0.5168973803520203,0.48310256004333496
31932,0,0,0,0,train,0.571303129196167,0.4286968410015106
31935,0,0,0,0,train,0.5857372283935547,0.4142628014087677
31937,0,0,0,0,train,0.5801923871040344,0.41980770230293274
31938,0,0,0,0,train,0.5743106603622437,0.42568930983543396
31939,1,0,1,0,train,0.5102758407592773,0.48972418904304504
31940,1,1,1,1,train,0.43348684906959534,0.566513180732727
31942,1,1,1,1,train,0.4883456528186798,0.5116543769836426
31943,1,1,1,1,train,0.4663105309009552,0.5336894989013672
31944,0,0,0,0,train,0.5067517161369324,0.4932482838630676
31945,1,1,1,1,train,0.4991439878940582,0.5008560419082642
31947,0,0,0,0,train,0.5328447818756104,0.4671552777290344
31948,1,0,1,0,train,0.5871602892875671,0.41283974051475525
31950,1,1,1,1,train,0.3876993954181671,0.6123005151748657
31951,1,0,1,0,train,0.5039474368095398,0.4960525929927826
31952,1,1,1,1,train,0.42779767513275146,0.5722023248672485
31953,1,0,1,0,train,0.6008819937705994,0.39911800622940063
31954,1,0,1,0,train,0.6007200479507446,0.39927995204925537
31956,1,0,1,0,train,0.5899782776832581,0.41002172231674194
31957,1,0,1,0,train,0.5563675761222839,0.44363245368003845
31958,1,0,1,0,train,0.5111110806465149,0.4888888895511627
31959,0,1,0,1,train,0.4916688799858093,0.5083311796188354
31960,0,0,0,0,train,0.5978687405586243,0.4021313190460205
31961,1,0,1,0,train,0.5012615919113159,0.4987383484840393
31963,0,0,0,0,train,0.5273862481117249,0.47261369228363037
31964,1,0,1,0,train,0.5375539660453796,0.46244609355926514
31965,1,1,1,1,train,0.42797380685806274,0.5720261931419373
31967,1,0,1,0,train,0.5592476725578308,0.4407523274421692
31968,1,0,1,0,train,0.5900572538375854,0.40994274616241455
31969,1,0,1,0,train,0.5722665190696716,0.42773351073265076
31970,1,1,1,1,train,0.45604366064071655,0.5439563393592834
31971,1,0,1,0,train,0.5222609639167786,0.4777390658855438
31972,1,1,1,1,train,0.48524579405784607,0.5147541761398315
31975,1,1,1,1,train,0.3839402496814728,0.6160598397254944
31976,1,1,1,1,train,0.3662009835243225,0.6337990760803223
31977,1,1,1,1,train,0.49407678842544556,0.5059232115745544
31978,1,0,1,0,train,0.510420024394989,0.4895800054073334
31981,1,1,1,1,train,0.486549973487854,0.513450026512146
31982,0,1,0,1,train,0.4734054505825043,0.5265946388244629
31984,0,0,0,0,train,0.5907673835754395,0.40923261642456055
31986,1,1,1,1,train,0.4603404998779297,0.5396595001220703
31987,1,1,1,1,train,0.40642112493515015,0.5935788750648499
31989,0,0,0,0,train,0.5181319713592529,0.48186805844306946
31990,1,0,1,0,train,0.5753999948501587,0.4246000349521637
31991,0,0,0,0,train,0.5863171815872192,0.4136827290058136
31992,1,1,1,1,train,0.4616128206253052,0.53838711977005
31993,1,1,1,1,train,0.449594646692276,0.5504053235054016
31994,0,0,0,0,train,0.5511460900306702,0.44885388016700745
31996,1,1,1,1,train,0.4790973663330078,0.5209025740623474
31997,1,0,1,0,train,0.5214523673057556,0.4785476624965668
31998,1,0,1,0,train,0.5298258662223816,0.470174103975296
31999,1,1,1,1,train,0.42837855219841003,0.5716214179992676
32003,1,0,1,0,train,0.5564596652984619,0.4435403048992157
32004,1,0,1,0,train,0.5057874917984009,0.4942125082015991
32005,0,0,0,0,train,0.5584567189216614,0.4415432810783386
32007,1,1,1,1,train,0.4197486340999603,0.5802513360977173
32008,0,0,0,0,train,0.5552465915679932,0.44475337862968445
32009,1,1,1,1,train,0.3937590420246124,0.6062409281730652
32010,1,1,1,1,train,0.3998037576675415,0.6001962423324585
32011,1,1,1,1,train,0.4240476191043854,0.5759523510932922
32013,0,0,0,0,train,0.5486542582511902,0.45134568214416504
32014,1,1,1,1,train,0.49422991275787354,0.5057700872421265
32015,0,0,0,0,train,0.5494478940963745,0.4505521357059479
32016,1,0,1,0,train,0.5085310339927673,0.49146902561187744
32018,0,0,0,0,train,0.5471676588058472,0.4528323709964752
32020,1,0,1,0,train,0.533454954624176,0.4665450155735016
32021,1,0,1,0,train,0.5420260429382324,0.4579739570617676
32023,0,1,0,1,train,0.4975501000881195,0.5024498105049133
32024,0,0,0,0,train,0.55999755859375,0.4400024712085724
32025,1,1,1,1,train,0.42022836208343506,0.5797716379165649
32026,1,1,1,1,train,0.4227302670478821,0.5772697329521179
32029,0,0,0,0,train,0.5397233366966248,0.46027672290802
32030,0,0,0,0,train,0.5398423671722412,0.4601576030254364
32031,0,0,0,0,train,0.5400421619415283,0.4599578380584717
32032,0,0,0,0,train,0.5285482406616211,0.4714518189430237
32033,0,0,0,0,train,0.5948943495750427,0.40510568022727966
32034,0,0,0,0,train,0.5054973363876343,0.4945026934146881
32035,1,1,1,1,train,0.4848577082157135,0.5151422023773193
32036,1,1,1,1,train,0.36546772718429565,0.6345322728157043
32037,1,1,1,1,train,0.3778454661369324,0.6221545338630676
32039,1,1,1,1,train,0.3865944445133209,0.6134055256843567
32041,1,1,1,1,train,0.3787079155445099,0.6212920546531677
32042,1,0,1,0,train,0.541373610496521,0.4586263597011566
32043,1,1,1,1,train,0.4663555324077606,0.5336444973945618
32044,1,0,1,0,train,0.5116198658943176,0.4883801341056824
32045,1,0,1,0,train,0.5376529693603516,0.46234700083732605
32048,1,0,1,0,train,0.5619211792945862,0.43807876110076904
32049,1,1,1,1,train,0.4137830436229706,0.586216926574707
32050,1,1,1,1,train,0.39761579036712646,0.6023842692375183
32051,1,1,1,1,train,0.48040512204170227,0.5195949077606201
32052,0,0,0,0,train,0.5022808313369751,0.4977192282676697
32054,1,0,1,0,train,0.5394934415817261,0.4605065584182739
32055,1,1,1,1,train,0.47917962074279785,0.5208204388618469
32058,1,1,1,1,train,0.43793559074401855,0.5620644092559814
32060,1,1,1,1,train,0.497149795293808,0.5028501749038696
32061,1,1,1,1,train,0.49571678042411804,0.5042831897735596
32062,1,1,1,1,train,0.49730443954467773,0.502695620059967
32064,0,0,0,0,train,0.5986118316650391,0.40138816833496094
32065,1,0,1,0,train,0.5369774103164673,0.4630225896835327
32066,0,0,0,0,train,0.6931188106536865,0.3068810999393463
32068,1,1,1,1,train,0.4508969485759735,0.5491030812263489
32069,1,1,1,1,train,0.39299866557121277,0.6070013642311096
32071,1,1,1,1,train,0.33609268069267273,0.6639072895050049
32072,1,1,1,1,train,0.4898804724216461,0.5101194977760315
32074,1,0,1,0,train,0.5422050952911377,0.4577948749065399
32075,0,0,0,0,train,0.5580646395683289,0.44193530082702637
32076,1,1,1,1,train,0.46955278515815735,0.5304471254348755
32078,0,0,0,0,train,0.6163221597671509,0.3836778402328491
32079,0,0,0,0,train,0.5535309910774231,0.4464690685272217
32083,1,1,1,1,train,0.42613425850868225,0.5738657116889954
32086,1,1,1,1,train,0.3747464120388031,0.6252535581588745
32088,1,1,1,1,train,0.4872664511203766,0.5127335786819458
32090,1,1,1,1,train,0.4778611361980438,0.5221388339996338
32092,0,0,0,0,train,0.5984155535697937,0.4015844166278839
32093,1,1,1,1,train,0.46843403577804565,0.5315659642219543
32095,1,1,1,1,train,0.377960741519928,0.6220393180847168
32096,1,1,1,1,train,0.3919052183628082,0.6080948114395142
32097,1,0,1,0,train,0.5196797251701355,0.4803203046321869
32099,0,0,0,0,train,0.5968775749206543,0.4031223952770233
32100,0,0,0,0,train,0.5340843200683594,0.46591565012931824
32101,0,0,0,0,train,0.5855787992477417,0.4144212305545807
32103,1,1,1,1,train,0.45927315950393677,0.5407268404960632
32104,0,0,0,0,train,0.5235249400138855,0.4764750003814697
32106,1,1,1,1,train,0.4152611494064331,0.5847388505935669
32107,0,0,0,0,train,0.5565124154090881,0.4434875249862671
32108,0,0,0,0,train,0.558009922504425,0.44199004769325256
32109,0,0,0,0,train,0.5592908263206482,0.4407091736793518
32110,0,0,0,0,train,0.5574073195457458,0.44259265065193176
32111,0,0,0,0,train,0.5585936903953552,0.44140625
32112,0,0,0,0,train,0.5583149194717407,0.44168511033058167
32115,0,0,0,0,train,0.5536174178123474,0.4463825821876526
32116,0,0,0,0,train,0.522064745426178,0.4779352843761444
32117,0,1,0,1,train,0.47234535217285156,0.5276546478271484
32118,0,0,0,0,train,0.5391486883163452,0.4608512818813324
32122,1,1,1,1,train,0.3985118567943573,0.6014881730079651
32123,1,0,1,0,train,0.5050336122512817,0.49496644735336304
32124,1,0,1,0,train,0.5014322996139526,0.49856773018836975
32125,0,0,0,0,train,0.5216794610023499,0.47832053899765015
32126,1,0,1,0,train,0.546921968460083,0.4530780017375946
32128,0,0,0,0,train,0.5206730365753174,0.4793269634246826
32129,0,0,0,0,train,0.5091935396194458,0.4908064603805542
32130,1,1,1,1,train,0.4787934422492981,0.5212065577507019
32132,1,1,1,1,train,0.4745064377784729,0.5254936218261719
32134,1,0,1,0,train,0.5630930066108704,0.43690699338912964
32135,0,0,0,0,train,0.5001190304756165,0.49988096952438354
32136,1,1,1,1,train,0.4443995952606201,0.5556004047393799
32139,1,1,1,1,train,0.42257118225097656,0.5774288773536682
32140,1,1,1,1,train,0.4742738604545593,0.5257261991500854
32141,0,0,0,0,train,0.5311059951782227,0.46889394521713257
32142,0,1,0,1,train,0.49991345405578613,0.5000865459442139
32143,0,1,0,1,train,0.4702054262161255,0.5297946333885193
32144,0,0,0,0,train,0.506774365901947,0.4932256042957306
32145,1,1,1,1,train,0.36211520433425903,0.6378847360610962
32152,0,1,0,1,train,0.4927998483181,0.5072001814842224
32155,0,0,0,0,train,0.5078622698783875,0.49213775992393494
32156,1,1,1,1,train,0.4228522479534149,0.5771477222442627
32158,1,0,1,0,train,0.5655562281608582,0.43444377183914185
32159,1,0,1,0,train,0.5587577819824219,0.4412422478199005
32162,0,0,0,0,train,0.5433847308158875,0.45661523938179016
32163,1,0,1,0,train,0.5638207197189331,0.43617933988571167
32164,1,0,1,0,train,0.5092217326164246,0.4907783269882202
32167,1,1,1,1,train,0.47152385115623474,0.5284761190414429
32168,1,1,1,1,train,0.495953768491745,0.5040462613105774
32169,1,0,1,0,train,0.5444155335426331,0.45558446645736694
32171,1,1,1,1,train,0.38099244236946106,0.6190075874328613
32172,1,1,1,1,train,0.37070614099502563,0.6292938590049744
32173,1,1,1,1,train,0.38139376044273376,0.6186062097549438
32174,1,1,1,1,train,0.4271322190761566,0.5728678107261658
32175,1,1,1,1,train,0.4124557077884674,0.587544322013855
32177,1,1,1,1,train,0.3874025046825409,0.6125975251197815
32178,1,1,1,1,train,0.3852223753929138,0.6147775650024414
32179,1,1,1,1,train,0.4228873550891876,0.57711261510849
32180,0,1,0,1,train,0.4544071555137634,0.5455928444862366
32181,1,1,1,1,train,0.38904231786727905,0.6109576225280762
32182,1,1,1,1,train,0.395333856344223,0.6046661734580994
32183,1,1,1,1,train,0.3880389332771301,0.6119610667228699
32184,1,1,1,1,train,0.4742862284183502,0.5257137417793274
32185,1,1,1,1,train,0.43219223618507385,0.5678077936172485
32188,0,0,0,0,train,0.5849677920341492,0.41503217816352844
32192,1,0,1,0,train,0.5342241525650024,0.46577587723731995
32193,0,0,0,0,train,0.5659041404724121,0.4340957701206207
32194,0,0,0,0,train,0.5896828770637512,0.4103171229362488
32195,1,1,1,1,train,0.49619343876838684,0.5038066506385803
32196,0,0,0,0,train,0.5652363300323486,0.434763640165329
32199,1,1,1,1,train,0.3727989196777344,0.6272010207176208
32200,1,1,1,1,train,0.38065096735954285,0.6193490028381348
32201,1,1,1,1,train,0.4222213327884674,0.577778697013855
32202,1,1,1,1,train,0.41161778569221497,0.5883821845054626
32205,0,0,0,0,train,0.5170987844467163,0.4829012155532837
32206,1,0,1,0,train,0.5030096173286438,0.4969903528690338
32209,1,1,1,1,train,0.49207690358161926,0.5079231858253479
32210,1,1,1,1,train,0.4987151026725769,0.5012848377227783
32215,1,1,1,1,train,0.3774853050708771,0.6225146651268005
32216,1,1,1,1,train,0.4250158667564392,0.5749841332435608
32217,1,1,1,1,train,0.4307427406311035,0.5692572593688965
32218,1,1,1,1,train,0.4896598756313324,0.51034015417099
32219,1,0,1,0,train,0.5235215425491333,0.4764784574508667
32220,0,0,0,0,train,0.5511962175369263,0.44880378246307373
32222,0,0,0,0,train,0.5172189474105835,0.48278099298477173
32225,1,1,1,1,train,0.48062819242477417,0.5193718075752258
32226,1,1,1,1,train,0.4109738767147064,0.589026153087616
32227,1,0,1,0,train,0.5189393162727356,0.4810606837272644
32231,1,0,1,0,train,0.5848986506462097,0.41510137915611267
32234,0,0,0,0,train,0.5774384140968323,0.4225616157054901
32235,0,0,0,0,train,0.5433041453361511,0.45669594407081604
32237,1,1,1,1,train,0.44715556502342224,0.5528444051742554
32238,0,0,0,0,train,0.5397277474403381,0.46027228236198425
32239,0,1,0,1,train,0.4859444200992584,0.5140555500984192
32240,1,0,1,0,train,0.5329685807228088,0.46703141927719116
32241,1,1,1,1,train,0.38449621200561523,0.6155038475990295
32242,1,1,1,1,train,0.43832892179489136,0.5616710782051086
32244,0,1,0,1,train,0.4692775011062622,0.5307224988937378
32245,1,1,1,1,train,0.37815597653388977,0.6218440532684326
32246,0,0,0,0,train,0.5051601529121399,0.4948398470878601
32247,1,0,1,0,train,0.5663476586341858,0.4336523711681366
32248,0,0,0,0,train,0.5186334252357483,0.4813666045665741
32249,1,0,1,0,train,0.514797031879425,0.48520299792289734
32250,1,0,1,0,train,0.5011241436004639,0.49887579679489136
32253,1,1,1,1,train,0.47391700744628906,0.5260829329490662
32254,0,0,0,0,train,0.5436017513275146,0.4563981890678406
32255,1,0,1,0,train,0.5326991677284241,0.4673008322715759
32256,1,1,1,1,train,0.4768957495689392,0.523104190826416
32257,1,1,1,1,train,0.49594318866729736,0.5040568113327026
32259,1,0,1,0,train,0.5419023036956787,0.4580976068973541
32260,1,0,1,0,train,0.5383124947547913,0.46168744564056396
32262,1,1,1,1,train,0.4753706455230713,0.5246293544769287
32263,1,0,1,0,train,0.5143773555755615,0.4856226146221161
32264,1,1,1,1,train,0.40583133697509766,0.5941686630249023
32265,1,1,1,1,train,0.3926647901535034,0.6073351502418518
32267,1,1,1,1,train,0.43678706884384155,0.5632129311561584
32268,1,1,1,1,train,0.4106294810771942,0.5893705487251282
32272,1,1,1,1,train,0.4378402531147003,0.5621597170829773
32273,1,1,1,1,train,0.45615455508232117,0.5438454747200012
32274,1,1,1,1,train,0.46744903922080994,0.5325509905815125
32276,1,1,1,1,train,0.46915942430496216,0.5308405756950378
32277,1,1,1,1,train,0.46477779746055603,0.5352221727371216
32278,1,1,1,1,train,0.4699944853782654,0.5300055146217346
32279,0,0,0,0,train,0.5377827286720276,0.46221724152565
32280,1,1,1,1,train,0.46975842118263245,0.5302416086196899
32281,1,1,1,1,train,0.4702349603176117,0.5297650694847107
32283,1,1,1,1,train,0.42953094840049744,0.5704690217971802
32284,0,0,0,0,train,0.5540002584457397,0.44599971175193787
32286,1,1,1,1,train,0.4686553180217743,0.5313447117805481
32287,1,1,1,1,train,0.4672967791557312,0.532703161239624
32288,1,0,1,0,train,0.5275953412055969,0.4724046289920807
32289,1,0,1,0,train,0.5167050957679749,0.48329487442970276
32290,1,1,1,1,train,0.49267274141311646,0.5073272585868835
32291,1,0,1,0,train,0.5087083578109741,0.4912916421890259
32292,1,1,1,1,train,0.47937580943107605,0.5206241607666016
32293,1,1,1,1,train,0.4777422547340393,0.5222577452659607
32294,1,1,1,1,train,0.492495596408844,0.5075044631958008
32295,0,1,0,1,train,0.44421589374542236,0.5557841062545776
32296,1,1,1,1,train,0.34546348452568054,0.6545364856719971
32297,1,1,1,1,train,0.4841575026512146,0.5158424377441406
32299,0,0,0,0,train,0.5261494517326355,0.4738505482673645
32300,1,0,1,0,train,0.526059627532959,0.4739404022693634
32301,0,0,0,0,train,0.5660200119018555,0.43397998809814453
32302,1,0,1,0,train,0.5161454677581787,0.4838544726371765
32303,0,0,0,0,train,0.5261361002922058,0.4738638997077942
32304,0,0,0,0,train,0.5386772155761719,0.46132275462150574
32305,1,0,1,0,train,0.5373333692550659,0.4626666009426117
32306,0,0,0,0,train,0.5497608184814453,0.4502391815185547
32307,1,1,1,1,train,0.4863605201244354,0.513639509677887
32308,1,0,1,0,train,0.5113745331764221,0.4886254370212555
32309,1,1,1,1,train,0.44089704751968384,0.5591030120849609
32310,1,1,1,1,train,0.43358319997787476,0.5664168000221252
32312,1,1,1,1,train,0.3802436888217926,0.6197563409805298
32313,1,1,1,1,train,0.35170164704322815,0.6482983827590942
32316,0,0,0,0,train,0.5419537425041199,0.45804622769355774
32317,0,1,0,1,train,0.47927385568618774,0.5207260847091675
32318,0,1,0,1,train,0.49228009581565857,0.5077199339866638
32321,1,1,1,1,train,0.4024408459663391,0.5975591540336609
32324,1,1,1,1,train,0.46294504404067993,0.5370550155639648
32325,1,1,1,1,train,0.3531651198863983,0.6468347907066345
32326,1,1,1,1,train,0.49608394503593445,0.5039160847663879
32327,0,1,0,1,train,0.47962433099746704,0.5203756093978882
32329,1,0,1,0,train,0.5334129333496094,0.4665870666503906
32331,1,0,1,0,train,0.5742412805557251,0.4257587194442749
32332,1,0,1,0,train,0.5333247780799866,0.4666752219200134
32333,0,0,0,0,train,0.5196638107299805,0.48033612966537476
32337,0,1,0,1,train,0.47974106669425964,0.520258903503418
32338,0,0,0,0,train,0.6265448927879333,0.37345513701438904
32339,1,1,1,1,train,0.43781381845474243,0.5621861815452576
32340,1,1,1,1,train,0.36353254318237305,0.636467456817627
32342,1,1,1,1,train,0.4338178336620331,0.5661821365356445
32343,1,0,1,0,train,0.5689176917076111,0.4310823380947113
32344,1,1,1,1,train,0.48917922377586365,0.5108208060264587
32345,0,0,0,0,train,0.5163292288780212,0.48367074131965637
32346,1,0,1,0,train,0.5672548413276672,0.432745099067688
32348,1,0,1,0,train,0.5283558368682861,0.47164416313171387
32350,1,1,1,1,train,0.43515846133232117,0.5648415684700012
32352,1,1,1,1,train,0.4439631700515747,0.5560367703437805
32353,1,1,1,1,train,0.42628616094589233,0.5737138986587524
32360,1,1,1,1,train,0.4626033902168274,0.5373966097831726
32389,1,1,1,1,train,0.3474331498146057,0.6525667905807495
32485,1,1,1,1,train,0.43621739745140076,0.5637825727462769
32521,1,1,1,1,train,0.40437206625938416,0.5956279039382935
32527,0,1,0,1,train,0.2492191046476364,0.7507809400558472
32545,0,1,0,1,train,0.28404539823532104,0.715954601764679
32570,1,1,1,1,train,0.41088759899139404,0.589112401008606
32633,1,1,1,1,train,0.29550689458847046,0.7044931054115295
32644,1,0,1,0,train,0.5662169456481934,0.43378302454948425
32648,1,1,1,1,train,0.39350995421409607,0.6064899563789368
32706,1,1,1,1,train,0.3025960624217987,0.6974039077758789
32747,1,1,1,1,train,0.3983413875102997,0.6016585826873779
32756,0,0,0,0,train,0.5893000960350037,0.41069990396499634
32784,0,1,0,1,train,0.3105158805847168,0.6894841194152832
11984,1,1,1,1,validation,0.46773868799209595,0.532261312007904
12047,1,1,1,1,validation,0.23968812823295593,0.7603119015693665
12115,1,1,1,1,validation,0.3971475660800934,0.602852463722229
12167,1,1,1,1,validation,0.17754748463630676,0.8224525451660156
12183,1,1,1,1,validation,0.21320022642612457,0.7867998480796814
12641,0,1,0,1,validation,0.3197750747203827,0.6802249550819397
12760,0,1,0,1,validation,0.4561357796192169,0.5438641905784607
12832,1,1,1,1,validation,0.2589700520038605,0.7410299777984619
12957,1,1,1,1,validation,0.19299094378948212,0.8070090413093567
12979,1,1,1,1,validation,0.21636298298835754,0.7836370468139648
12995,1,1,1,1,validation,0.34812432527542114,0.6518756747245789
13254,1,1,1,1,validation,0.18547987937927246,0.8145201802253723
13543,1,1,1,1,validation,0.15171708166599274,0.8482829332351685
13544,1,1,1,1,validation,0.3533878028392792,0.6466121673583984
13847,1,1,1,1,validation,0.45569419860839844,0.5443058013916016
13890,1,1,1,1,validation,0.49628540873527527,0.5037146210670471
13914,1,1,1,1,validation,0.1884230077266693,0.8115769624710083
13965,1,1,1,1,validation,0.44186824560165405,0.5581316947937012
13967,1,1,1,1,validation,0.44218382239341736,0.5578161478042603
14059,1,1,1,1,validation,0.1820438653230667,0.8179561495780945
14282,1,1,1,1,validation,0.2710418403148651,0.7289581298828125
14373,1,0,1,0,validation,0.5392574071884155,0.46074268221855164
14404,1,1,1,1,validation,0.22981227934360504,0.7701877951622009
14431,1,0,1,0,validation,0.5275826454162598,0.472417414188385
14528,0,1,0,1,validation,0.29829880595207214,0.7017012238502502
14548,1,1,1,1,validation,0.24334104359149933,0.7566589713096619
14601,1,1,1,1,validation,0.22845572233200073,0.771544337272644
14614,1,1,1,1,validation,0.24426445364952087,0.7557355761528015
14739,1,1,1,1,validation,0.25587430596351624,0.7441257238388062
14835,1,1,1,1,validation,0.1467738151550293,0.8532261252403259
14848,0,0,0,0,validation,0.6160669326782227,0.3839329779148102
14873,0,0,0,0,validation,0.5089055895805359,0.4910944104194641
14941,0,1,0,1,validation,0.24050897359848022,0.7594910264015198
14949,0,1,0,1,validation,0.21958908438682556,0.780410885810852
14956,0,0,0,0,validation,0.5146936774253845,0.4853062927722931
15183,1,1,1,1,validation,0.16607771813869476,0.8339223265647888
15231,1,1,1,1,validation,0.1838703751564026,0.8161296248435974
15238,0,1,0,1,validation,0.19444002211093903,0.8055599927902222
15354,0,0,0,0,validation,0.5923401713371277,0.4076598584651947
15426,1,0,1,0,validation,0.5069787502288818,0.4930212199687958
15514,0,0,0,0,validation,0.5439969897270203,0.4560030400753021
15544,1,1,1,1,validation,0.46026256680488586,0.5397374629974365
15684,1,0,1,0,validation,0.5078772902488708,0.49212273955345154
15693,1,1,1,1,validation,0.2573583722114563,0.7426416277885437
15707,0,0,0,0,validation,0.5314680337905884,0.4685319662094116
15708,1,1,1,1,validation,0.4593999981880188,0.5406000018119812
15709,1,0,1,0,validation,0.5454740524291992,0.4545259475708008
15731,1,1,1,1,validation,0.25055399537086487,0.7494460344314575
15837,1,1,1,1,validation,0.4597654938697815,0.5402344465255737
15838,1,1,1,1,validation,0.47947216033935547,0.5205278396606445
15840,1,1,1,1,validation,0.47763878107070923,0.5223612785339355
15841,1,1,1,1,validation,0.4594356119632721,0.5405644178390503
15948,1,1,1,1,validation,0.20323513448238373,0.7967648506164551
15955,1,1,1,1,validation,0.3907448351383209,0.6092551946640015
16055,1,1,1,1,validation,0.32866472005844116,0.6713352799415588
16088,1,1,1,1,validation,0.17232275009155273,0.8276772499084473
16130,1,1,1,1,validation,0.19445465505123138,0.8055453896522522
16162,1,1,1,1,validation,0.1753755807876587,0.8246244192123413
16203,1,1,1,1,validation,0.2407483011484146,0.7592517137527466
16213,1,1,1,1,validation,0.3826729953289032,0.6173270344734192
16221,1,1,1,1,validation,0.21163813769817352,0.7883617877960205
16231,1,1,1,1,validation,0.35170143842697144,0.6482985019683838
16310,1,1,1,1,validation,0.17901839315891266,0.8209816217422485
16379,1,1,1,1,validation,0.19733275473117828,0.8026672601699829
16480,1,1,1,1,validation,0.21676194667816162,0.7832380533218384
16483,0,1,0,1,validation,0.4547669589519501,0.5452330112457275
16626,0,0,0,0,validation,0.5396010875701904,0.46039897203445435
16637,1,0,1,0,validation,0.5033479332923889,0.49665212631225586
16779,1,1,1,1,validation,0.2886117994785309,0.7113882303237915
16850,1,1,1,1,validation,0.3851853013038635,0.6148146986961365
16859,1,1,1,1,validation,0.19829989969730377,0.8017000555992126
16911,1,1,1,1,validation,0.17877225577831268,0.8212277293205261
17005,1,1,1,1,validation,0.18208569288253784,0.8179143667221069
17086,1,1,1,1,validation,0.19694212079048157,0.8030579090118408
17406,1,1,1,1,validation,0.19730763137340546,0.8026923537254333
17698,1,1,1,1,validation,0.16959890723228455,0.8304010629653931
17720,1,1,1,1,validation,0.1806943416595459,0.8193057179450989
17796,1,1,1,1,validation,0.33715325593948364,0.6628467440605164
17801,1,1,1,1,validation,0.32976233959198,0.67023766040802
17939,1,1,1,1,validation,0.1763223558664322,0.8236775994300842
17948,1,1,1,1,validation,0.18294453620910645,0.8170554637908936
17963,1,1,1,1,validation,0.19423803687095642,0.8057619333267212
17977,1,1,1,1,validation,0.2571916878223419,0.7428082823753357
18012,1,1,1,1,validation,0.1761818379163742,0.8238182067871094
18058,1,1,1,1,validation,0.18533170223236084,0.8146682381629944
18069,1,1,1,1,validation,0.21626995503902435,0.7837300896644592
18109,1,1,1,1,validation,0.41724851727485657,0.5827515125274658
18202,1,1,1,1,validation,0.16911174356937408,0.8308882713317871
18580,1,1,1,1,validation,0.1927921175956726,0.8072079420089722
18603,1,1,1,1,validation,0.1771598756313324,0.8228400945663452
18651,1,1,1,1,validation,0.19372300803661346,0.8062769770622253
18769,1,1,1,1,validation,0.3385232388973236,0.6614766716957092
18803,1,1,1,1,validation,0.20007823407649994,0.7999217510223389
18809,1,1,1,1,validation,0.4465356767177582,0.5534642934799194
18811,1,1,1,1,validation,0.2132149487733841,0.7867850661277771
18872,1,1,1,1,validation,0.3434056341648102,0.6565943360328674
18930,1,1,1,1,validation,0.1795007437467575,0.8204992413520813
18967,0,1,0,1,validation,0.22916573286056519,0.7708342671394348
19013,1,1,1,1,validation,0.18598231673240662,0.8140177130699158
19071,0,1,0,1,validation,0.44420120120048523,0.5557988286018372
19137,0,1,0,1,validation,0.4400762915611267,0.5599236488342285
19224,1,1,1,1,validation,0.2602352499961853,0.7397647500038147
19556,1,1,1,1,validation,0.27238044142723083,0.7276195287704468
19754,1,1,1,1,validation,0.19202180206775665,0.8079782724380493
19774,1,1,1,1,validation,0.1389428973197937,0.8610571026802063
19846,1,1,1,1,validation,0.16599562764167786,0.8340044021606445
19873,1,1,1,1,validation,0.16968128085136414,0.8303187489509583
20057,1,1,1,1,validation,0.17393113672733307,0.8260688781738281
20127,1,1,1,1,validation,0.33260032534599304,0.6673997044563293
20169,1,1,1,1,validation,0.3382604718208313,0.6617395281791687
20356,1,1,1,1,validation,0.159186452627182,0.8408135175704956
20399,1,1,1,1,validation,0.2169800102710724,0.7830199599266052
20400,1,1,1,1,validation,0.21484613418579102,0.7851539254188538
20498,1,1,1,1,validation,0.3849662244319916,0.615033745765686
20589,1,1,1,1,validation,0.16646841168403625,0.8335316181182861
20642,1,1,1,1,validation,0.18783509731292725,0.8121649622917175
20672,1,1,1,1,validation,0.17122343182563782,0.8287765979766846
20685,1,1,1,1,validation,0.15150219202041626,0.8484978079795837
20744,1,1,1,1,validation,0.13195271790027618,0.8680473566055298
20772,1,1,1,1,validation,0.1609429121017456,0.8390570282936096
20916,1,1,1,1,validation,0.3344055414199829,0.6655944585800171
20953,1,1,1,1,validation,0.17230741679668427,0.8276925683021545
20999,1,1,1,1,validation,0.4641371965408325,0.5358628034591675
21065,1,1,1,1,validation,0.2363378256559372,0.7636621594429016
21067,1,1,1,1,validation,0.16468727588653564,0.8353127241134644
21285,1,1,1,1,validation,0.3351741433143616,0.6648258566856384
21390,1,1,1,1,validation,0.35960760712623596,0.6403924226760864
21585,1,1,1,1,validation,0.3551832139492035,0.6448168158531189
21590,1,1,1,1,validation,0.15241549909114838,0.8475844860076904
21635,1,1,1,1,validation,0.15960492193698883,0.8403950333595276
21654,1,1,1,1,validation,0.41274797916412354,0.5872520208358765
21766,1,1,1,1,validation,0.19661696255207062,0.8033829927444458
21801,1,1,1,1,validation,0.16336743533611298,0.836632490158081
21819,1,1,1,1,validation,0.3396913409233093,0.6603087186813354
21926,1,1,1,1,validation,0.3524447977542877,0.6475552320480347
21939,1,1,1,1,validation,0.16931869089603424,0.830681324005127
21941,1,1,1,1,validation,0.15268921852111816,0.8473107814788818
22120,1,1,1,1,validation,0.398382306098938,0.6016177535057068
22277,1,1,1,1,validation,0.14504162967205048,0.8549583554267883
22286,1,1,1,1,validation,0.1617649793624878,0.838235080242157
22403,1,1,1,1,validation,0.16358458995819092,0.8364154696464539
22460,1,1,1,1,validation,0.3925843834877014,0.6074156165122986
22469,1,1,1,1,validation,0.18773917853832245,0.8122608065605164
22688,1,1,1,1,validation,0.4297295808792114,0.5702704191207886
22690,1,1,1,1,validation,0.16714487969875336,0.8328551054000854
22851,1,1,1,1,validation,0.1434912532567978,0.856508731842041
22908,1,1,1,1,validation,0.3543185591697693,0.6456814408302307
22964,1,1,1,1,validation,0.46286115050315857,0.537138819694519
22995,1,1,1,1,validation,0.152936652302742,0.8470633625984192
22997,1,1,1,1,validation,0.16148726642131805,0.8385127186775208
23069,1,1,1,1,validation,0.16084127128124237,0.8391587138175964
23148,1,1,1,1,validation,0.1656377613544464,0.834362268447876
23157,1,1,1,1,validation,0.14033401012420654,0.8596659898757935
23159,1,1,1,1,validation,0.14600160717964172,0.8539984226226807
23160,1,1,1,1,validation,0.17575699090957642,0.8242430090904236
23502,1,1,1,1,validation,0.13989244401454926,0.8601075410842896
23575,1,1,1,1,validation,0.13927967846393585,0.8607203364372253
23577,1,1,1,1,validation,0.15565267205238342,0.844347357749939
23634,1,1,1,1,validation,0.22624339163303375,0.7737566232681274
23727,1,1,1,1,validation,0.13668207824230194,0.8633179068565369
23763,1,1,1,1,validation,0.1513327956199646,0.8486672639846802
23944,0,1,0,1,validation,0.1433466076850891,0.8566533923149109
23959,1,1,1,1,validation,0.37244153022766113,0.6275584697723389
24075,1,1,1,1,validation,0.31343552470207214,0.6865644454956055
24325,1,1,1,1,validation,0.15056991577148438,0.8494300842285156
24328,1,1,1,1,validation,0.394951730966568,0.6050482392311096
24366,1,1,1,1,validation,0.39069053530693054,0.6093095541000366
24479,1,1,1,1,validation,0.13033051788806915,0.8696695566177368
24568,1,1,1,1,validation,0.13333821296691895,0.8666617274284363
24609,1,1,1,1,validation,0.13542500138282776,0.8645749688148499
24792,1,1,1,1,validation,0.1563815027475357,0.8436184525489807
24798,1,1,1,1,validation,0.34600308537483215,0.6539969444274902
24800,1,1,1,1,validation,0.34887945652008057,0.6511206030845642
24802,1,1,1,1,validation,0.15565860271453857,0.8443413972854614
24860,1,1,1,1,validation,0.16521158814430237,0.83478844165802
24999,1,1,1,1,validation,0.12365006655454636,0.876349925994873
25044,1,1,1,1,validation,0.3334999680519104,0.6665000319480896
25377,1,1,1,1,validation,0.1523761749267578,0.847623884677887
25378,1,1,1,1,validation,0.15969759225845337,0.8403024077415466
25505,1,1,1,1,validation,0.14498454332351685,0.8550154566764832
25533,1,1,1,1,validation,0.3279789388179779,0.6720210313796997
25580,1,1,1,1,validation,0.16291694343090057,0.837083101272583
25724,1,1,1,1,validation,0.14234180748462677,0.8576582074165344
25754,0,1,0,1,validation,0.20493252575397491,0.795067548751831
25801,1,1,1,1,validation,0.21935224533081055,0.7806477546691895
25814,1,0,1,0,validation,0.520554780960083,0.4794451892375946
25841,1,1,1,1,validation,0.30522647500038147,0.6947735548019409
25842,1,1,1,1,validation,0.323288232088089,0.6767117381095886
25994,1,1,1,1,validation,0.35097426176071167,0.6490257382392883
26051,1,1,1,1,validation,0.1425531804561615,0.8574467897415161
26055,1,1,1,1,validation,0.4136289060115814,0.5863710641860962
26102,1,1,1,1,validation,0.14839699864387512,0.8516029715538025
26155,1,1,1,1,validation,0.3718244433403015,0.6281754970550537
26265,1,1,1,1,validation,0.12755373120307922,0.8724462389945984
26309,0,0,0,0,validation,0.5491145849227905,0.4508854150772095
26319,1,1,1,1,validation,0.3051474988460541,0.6948524713516235
26530,1,1,1,1,validation,0.14467580616474152,0.8553241491317749
26544,1,1,1,1,validation,0.20623458921909332,0.7937654256820679
26545,1,1,1,1,validation,0.3629966080188751,0.637003481388092
26551,1,1,1,1,validation,0.14949990808963776,0.8505000472068787
26552,1,1,1,1,validation,0.36746928095817566,0.6325307488441467
26570,1,1,1,1,validation,0.132928729057312,0.8670713305473328
26652,1,1,1,1,validation,0.17447233200073242,0.8255277276039124
26875,1,1,1,1,validation,0.3290538191795349,0.6709461808204651
26913,1,1,1,1,validation,0.13912272453308105,0.8608772158622742
26936,1,1,1,1,validation,0.17052604258060455,0.8294739723205566
26938,1,1,1,1,validation,0.14288727939128876,0.8571126461029053
26939,1,1,1,1,validation,0.39462515711784363,0.6053748726844788
26943,1,1,1,1,validation,0.3831528425216675,0.6168471574783325
26945,1,1,1,1,validation,0.3723428547382355,0.6276571154594421
26954,1,1,1,1,validation,0.3765298128128052,0.6234701871871948
26971,1,1,1,1,validation,0.1764705777168274,0.8235294222831726
26977,1,1,1,1,validation,0.38446536660194397,0.6155346035957336
27015,1,1,1,1,validation,0.195719912648201,0.8042800426483154
27046,1,1,1,1,validation,0.13853947818279266,0.8614605069160461
27047,1,1,1,1,validation,0.11523841321468353,0.8847616314888
27052,1,1,1,1,validation,0.13164611160755157,0.8683539032936096
27060,1,1,1,1,validation,0.15520121157169342,0.8447988033294678
27061,1,1,1,1,validation,0.3533816337585449,0.6466183066368103
27128,1,1,1,1,validation,0.1978449672460556,0.802155077457428
27279,1,1,1,1,validation,0.12970927357673645,0.8702907562255859
27299,1,1,1,1,validation,0.11817523837089539,0.8818247318267822
27471,1,1,1,1,validation,0.1835612654685974,0.8164387941360474
27520,1,1,1,1,validation,0.12053974717855453,0.8794602155685425
27525,1,1,1,1,validation,0.1318540722131729,0.8681459426879883
27558,0,0,0,0,validation,0.6154201626777649,0.38457974791526794
27572,1,1,1,1,validation,0.2249368578195572,0.775063157081604
27585,0,0,0,0,validation,0.5844430327415466,0.4155569076538086
27611,1,0,1,0,validation,0.5201582908630371,0.47984176874160767
27673,1,1,1,1,validation,0.1199481263756752,0.8800519108772278
27679,1,1,1,1,validation,0.12753711640834808,0.8724629282951355
27686,1,1,1,1,validation,0.37002289295196533,0.6299771666526794
27731,1,1,1,1,validation,0.3941571116447449,0.6058429479598999
27736,1,1,1,1,validation,0.38938087224960327,0.6106191873550415
27739,1,1,1,1,validation,0.40118828415870667,0.5988117456436157
27806,1,1,1,1,validation,0.19910737872123718,0.8008926510810852
27856,1,1,1,1,validation,0.12298625707626343,0.8770136833190918
27911,1,1,1,1,validation,0.15186403691768646,0.8481359481811523
27915,1,1,1,1,validation,0.14419449865818024,0.855805516242981
27924,1,1,1,1,validation,0.1477171778678894,0.8522828221321106
27997,1,1,1,1,validation,0.13271315395832062,0.8672868013381958
28008,1,1,1,1,validation,0.13557974994182587,0.8644202351570129
28034,1,1,1,1,validation,0.287050724029541,0.712949275970459
28038,1,1,1,1,validation,0.35074394941329956,0.6492560505867004
28255,1,1,1,1,validation,0.4942595064640045,0.5057405233383179
28465,1,1,1,1,validation,0.13273212313652039,0.867267906665802
28581,1,1,1,1,validation,0.12926557660102844,0.8707343935966492
28600,1,1,1,1,validation,0.3908676505088806,0.6091323494911194
28601,0,0,0,0,validation,0.5603008270263672,0.4396991729736328
28664,1,1,1,1,validation,0.11757205426692963,0.8824279308319092
28665,1,1,1,1,validation,0.14701443910598755,0.8529855608940125
28705,1,1,1,1,validation,0.15593869984149933,0.8440613150596619
28831,1,1,1,1,validation,0.315644770860672,0.6843551993370056
28832,1,1,1,1,validation,0.31549981236457825,0.6845002174377441
28836,1,1,1,1,validation,0.12024755030870438,0.8797523975372314
28855,1,1,1,1,validation,0.12685365974903107,0.8731463551521301
28887,1,0,1,0,validation,0.5520780086517334,0.4479219317436218
28966,1,1,1,1,validation,0.3161037862300873,0.6838961839675903
28967,1,1,1,1,validation,0.32198864221572876,0.678011417388916
29031,1,1,1,1,validation,0.16139689087867737,0.8386030793190002
29032,1,1,1,1,validation,0.33120790123939514,0.6687920689582825
29050,1,1,1,1,validation,0.12881852686405182,0.8711814284324646
29075,1,1,1,1,validation,0.12327790260314941,0.8767220377922058
29083,1,1,1,1,validation,0.10731669515371323,0.8926833868026733
29121,1,1,1,1,validation,0.14536052942276,0.85463947057724
29125,1,1,1,1,validation,0.14332014322280884,0.8566797971725464
29169,0,0,0,0,validation,0.5485374331474304,0.4514625668525696
29265,1,1,1,1,validation,0.4379063844680786,0.5620936751365662
29368,1,1,1,1,validation,0.14521095156669617,0.8547890186309814
29488,1,1,1,1,validation,0.3661355972290039,0.6338643431663513
29508,1,1,1,1,validation,0.11930186301469803,0.8806982040405273
29530,1,1,1,1,validation,0.3478500247001648,0.6521499752998352
29531,1,1,1,1,validation,0.35105112195014954,0.6489489078521729
29636,1,1,1,1,validation,0.15524233877658844,0.8447577357292175
29734,1,1,1,1,validation,0.14306046068668365,0.8569395542144775
29735,1,1,1,1,validation,0.3673419952392578,0.632658064365387
29736,1,1,1,1,validation,0.3505118191242218,0.649488091468811
29737,1,1,1,1,validation,0.36140233278274536,0.6385977268218994
29738,1,1,1,1,validation,0.3509936034679413,0.6490064263343811
29739,1,1,1,1,validation,0.3541717827320099,0.6458282470703125
29740,1,1,1,1,validation,0.34266090393066406,0.6573390960693359
29743,1,1,1,1,validation,0.13147573173046112,0.8685243129730225
29759,1,1,1,1,validation,0.17022186517715454,0.8297781348228455
29794,1,1,1,1,validation,0.13966970145702362,0.86033034324646
30041,1,1,1,1,validation,0.31762266159057617,0.6823773384094238
30042,1,1,1,1,validation,0.1587006151676178,0.8412994146347046
30043,1,1,1,1,validation,0.31261730194091797,0.687382698059082
30044,1,1,1,1,validation,0.3096044957637787,0.6903955340385437
30132,1,1,1,1,validation,0.1674681454896927,0.8325318098068237
30133,1,1,1,1,validation,0.34034571051597595,0.6596542596817017
30214,1,1,1,1,validation,0.36638081073760986,0.6336191296577454
30216,1,1,1,1,validation,0.34241533279418945,0.6575846672058105
30217,1,1,1,1,validation,0.3579607605934143,0.6420392990112305
30220,1,1,1,1,validation,0.3543907403945923,0.6456092596054077
30381,1,1,1,1,validation,0.37125083804130554,0.6287491917610168
30382,1,1,1,1,validation,0.3831946849822998,0.6168053150177002
30426,1,1,1,1,validation,0.12717029452323914,0.8728296756744385
30427,1,1,1,1,validation,0.366560161113739,0.633439838886261
30443,1,1,1,1,validation,0.1054208055138588,0.8945792317390442
30590,1,1,1,1,validation,0.14692553877830505,0.8530744910240173
30591,1,1,1,1,validation,0.37136310338974,0.62863689661026
30608,1,1,1,1,validation,0.304218053817749,0.6957820057868958
30609,1,1,1,1,validation,0.3308025300502777,0.6691974997520447
30610,1,1,1,1,validation,0.34751462936401367,0.6524853706359863
30641,1,1,1,1,validation,0.1447094827890396,0.8552905321121216
30653,1,1,1,1,validation,0.13461682200431824,0.8653831481933594
30700,1,1,1,1,validation,0.14909738302230835,0.8509026169776917
30794,1,1,1,1,validation,0.14924152195453644,0.8507584929466248
31265,1,1,1,1,validation,0.3198886215686798,0.6801113486289978
31409,1,1,1,1,validation,0.1211264580488205,0.8788735270500183
31433,1,1,1,1,validation,0.12886562943458557,0.8711344003677368
31497,1,1,1,1,validation,0.1810663640499115,0.8189336657524109
31517,1,1,1,1,validation,0.34169432520866394,0.6583057045936584
31548,1,1,1,1,validation,0.15849342942237854,0.8415066003799438
31670,1,1,1,1,validation,0.14026595652103424,0.8597339987754822
31671,1,1,1,1,validation,0.14557021856307983,0.8544297814369202
31732,1,1,1,1,validation,0.15147149562835693,0.8485285043716431
31779,1,1,1,1,validation,0.3201114237308502,0.6798885464668274
31821,0,0,0,0,validation,0.552534818649292,0.4474652111530304
31827,0,0,0,0,validation,0.5980769991874695,0.40192297101020813
31830,1,0,1,0,validation,0.5377472043037415,0.46225279569625854
31840,0,0,0,0,validation,0.6100042462348938,0.3899957835674286
31844,0,0,0,0,validation,0.5201536417007446,0.47984638810157776
31850,1,0,1,0,validation,0.5283718705177307,0.4716281592845917
31855,0,0,0,0,validation,0.583545982837677,0.4164539873600006
31861,1,1,1,1,validation,0.4885497987270355,0.5114502310752869
31862,1,0,1,0,validation,0.5003358125686646,0.49966415762901306
31865,1,1,1,1,validation,0.4449681341648102,0.5550318360328674
31868,1,0,1,0,validation,0.5535630583763123,0.44643691182136536
31874,1,1,1,1,validation,0.4717954993247986,0.5282045006752014
31889,1,0,1,0,validation,0.503085732460022,0.4969143569469452
31894,0,1,0,1,validation,0.4655611515045166,0.5344388484954834
31909,1,1,1,1,validation,0.4130614697933197,0.5869385004043579
31921,1,0,1,0,validation,0.5547308325767517,0.4452691674232483
31929,1,1,1,1,validation,0.4341373145580292,0.5658627152442932
31933,1,1,1,1,validation,0.46722227334976196,0.532777726650238
31934,1,1,1,1,validation,0.4739020764827728,0.5260979533195496
31936,1,1,1,1,validation,0.47829723358154297,0.5217027068138123
31946,1,1,1,1,validation,0.45707255601882935,0.5429273843765259
31949,1,0,1,0,validation,0.5276669859886169,0.4723329544067383
31955,1,0,1,0,validation,0.5376261472702026,0.4623737931251526
31962,1,1,1,1,validation,0.4845191538333893,0.5154808163642883
31966,0,0,0,0,validation,0.5131741762161255,0.4868257939815521
31974,1,1,1,1,validation,0.4881570637226105,0.5118429660797119
31979,1,1,1,1,validation,0.48581770062446594,0.5141823291778564
31980,0,0,0,0,validation,0.5235244035720825,0.47647565603256226
31995,1,1,1,1,validation,0.4142530858516693,0.5857468843460083
32001,1,1,1,1,validation,0.41628795862197876,0.5837120413780212
32002,0,0,0,0,validation,0.5032672882080078,0.4967327415943146
32012,1,1,1,1,validation,0.4667885899543762,0.5332114100456238
32019,1,1,1,1,validation,0.49920687079429626,0.5007931590080261
32028,1,1,1,1,validation,0.45900028944015503,0.540999710559845
32038,0,0,0,0,validation,0.5542418360710144,0.4457581043243408
32040,1,1,1,1,validation,0.40675556659698486,0.5932444334030151
32046,1,0,1,0,validation,0.5875433683395386,0.41245660185813904
32053,0,1,0,1,validation,0.4918745458126068,0.5081254839897156
32063,0,0,0,0,validation,0.5152769088745117,0.4847230613231659
32070,1,1,1,1,validation,0.4185405373573303,0.5814595222473145
32082,1,0,1,0,validation,0.5256426334381104,0.47435733675956726
32085,1,0,1,0,validation,0.5011674761772156,0.4988325536251068
32091,1,1,1,1,validation,0.41308915615081787,0.5869107842445374
32094,1,1,1,1,validation,0.404487669467926,0.595512330532074
32127,1,0,1,0,validation,0.5336390733718872,0.466360867023468
32148,1,1,1,1,validation,0.4325772523880005,0.5674227476119995
32149,0,1,0,1,validation,0.4630376100540161,0.5369623899459839
32150,1,1,1,1,validation,0.47907039523124695,0.5209296345710754
32153,1,1,1,1,validation,0.49295952916145325,0.5070404410362244
32154,0,0,0,0,validation,0.5519220232963562,0.4480780065059662
32165,1,0,1,0,validation,0.5742577314376831,0.4257422685623169
32176,1,1,1,1,validation,0.43336209654808044,0.5666379332542419
32187,1,1,1,1,validation,0.3715209662914276,0.62847900390625
32190,0,1,0,1,validation,0.4833082854747772,0.5166917443275452
32191,1,0,1,0,validation,0.5386863350868225,0.4613136053085327
32198,0,0,0,0,validation,0.5444446802139282,0.4555553197860718
32203,1,1,1,1,validation,0.46488097310066223,0.5351189970970154
32207,0,0,0,0,validation,0.5740800499916077,0.42591995000839233
32208,1,1,1,1,validation,0.47676026821136475,0.5232397317886353
32211,1,1,1,1,validation,0.48137789964675903,0.5186220407485962
32212,1,1,1,1,validation,0.49197715520858765,0.5080228447914124
32221,1,1,1,1,validation,0.4415111243724823,0.5584889054298401
32228,0,0,0,0,validation,0.5698584914207458,0.4301414489746094
32230,1,0,1,0,validation,0.520340621471405,0.47965937852859497
32243,1,1,1,1,validation,0.45068392157554626,0.5493160486221313
32251,1,0,1,0,validation,0.541022002696991,0.4589780271053314
32252,0,0,0,0,validation,0.5997339487075806,0.40026605129241943
32269,1,1,1,1,validation,0.4311475157737732,0.5688524842262268
32270,1,1,1,1,validation,0.4533218443393707,0.5466780662536621
32271,0,0,0,0,validation,0.5279499888420105,0.4720500707626343
32314,1,1,1,1,validation,0.36760514974594116,0.6323948502540588
32315,1,0,1,0,validation,0.5151849985122681,0.4848150312900543
32320,1,0,1,0,validation,0.5070313215255737,0.4929686486721039
32322,1,1,1,1,validation,0.46772897243499756,0.5322710871696472
32334,1,0,1,0,validation,0.5141146183013916,0.4858853220939636
32336,1,0,1,0,validation,0.5580122470855713,0.4419877827167511
32341,1,1,1,1,validation,0.3742240071296692,0.625775933265686
32347,1,0,1,0,validation,0.5371030569076538,0.4628969430923462
32369,0,1,0,1,validation,0.3772825598716736,0.6227174401283264
32554,0,1,0,1,validation,0.2939301133155823,0.7060698866844177
32573,1,1,1,1,validation,0.19353647530078888,0.8064635396003723
32763,1,0,1,0,validation,0.5438242554664612,0.4561757445335388
12060,1,1,1,1,test,0.25292256474494934,0.7470774054527283
12488,1,1,1,1,test,0.3170311450958252,0.6829688549041748
12528,0,1,0,1,test,0.2887327969074249,0.7112671732902527
12595,1,1,1,1,test,0.3611905574798584,0.6388094425201416
12598,1,1,1,1,test,0.2168804258108139,0.7831196188926697
12600,1,1,1,1,test,0.22562432289123535,0.7743756771087646
12857,1,1,1,1,test,0.2565837800502777,0.7434161901473999
12907,1,1,1,1,test,0.4295347332954407,0.5704653263092041
12921,0,0,0,0,test,0.5358615517616272,0.4641384780406952
13237,1,1,1,1,test,0.39715901017189026,0.6028410792350769
13323,0,1,0,1,test,0.2521559000015259,0.7478440403938293
13355,0,1,0,1,test,0.2571771740913391,0.7428228855133057
13391,1,1,1,1,test,0.4256104826927185,0.5743895173072815
13757,1,1,1,1,test,0.23444944620132446,0.7655505537986755
13766,1,1,1,1,test,0.19153158366680145,0.8084684014320374
13799,1,1,1,1,test,0.4786553680896759,0.5213446021080017
13820,1,1,1,1,test,0.19878509640693665,0.8012149333953857
13922,1,1,1,1,test,0.19491003453731537,0.8050899505615234
14019,1,1,1,1,test,0.4741593599319458,0.5258405804634094
14067,1,1,1,1,test,0.22844401001930237,0.7715559601783752
14105,0,1,0,1,test,0.219126895070076,0.78087317943573
14158,0,0,0,0,test,0.5518041253089905,0.4481958746910095
14311,1,1,1,1,test,0.25861406326293945,0.7413858771324158
14366,0,1,0,1,test,0.26848188042640686,0.7315181493759155
14414,1,1,1,1,test,0.4044366180896759,0.5955634117126465
14518,1,1,1,1,test,0.1883596032857895,0.8116403818130493
14544,1,1,1,1,test,0.2611996531486511,0.7388003468513489
14576,1,1,1,1,test,0.2480873316526413,0.7519126534461975
14590,1,1,1,1,test,0.2413644641637802,0.7586355209350586
14598,0,0,0,0,test,0.5911818742752075,0.40881818532943726
14655,1,1,1,1,test,0.25707024335861206,0.7429297566413879
14875,0,0,0,0,test,0.569769024848938,0.430230975151062
14910,1,1,1,1,test,0.1929180920124054,0.807081937789917
15022,0,1,0,1,test,0.17951200902462006,0.8204880356788635
15148,1,1,1,1,test,0.21943789720535278,0.7805621027946472
15243,1,1,1,1,test,0.1753176748752594,0.824682354927063
15269,1,1,1,1,test,0.49012327194213867,0.5098767876625061
15402,1,1,1,1,test,0.19747023284435272,0.8025298118591309
15463,1,1,1,1,test,0.23018141090869904,0.7698185443878174
15714,1,1,1,1,test,0.4593048095703125,0.5406951308250427
15726,0,1,0,1,test,0.3010847568511963,0.6989152431488037
15892,1,1,1,1,test,0.4057449698448181,0.5942550301551819
15996,1,1,1,1,test,0.15991546213626862,0.8400845527648926
16072,1,1,1,1,test,0.168583482503891,0.8314165472984314
16080,1,1,1,1,test,0.44679465889930725,0.5532053112983704
16147,1,1,1,1,test,0.13485875725746155,0.8651412725448608
16191,1,1,1,1,test,0.4504106640815735,0.5495893359184265
16329,1,1,1,1,test,0.42678898572921753,0.5732109546661377
16420,1,1,1,1,test,0.1735614836215973,0.8264385461807251
16587,1,1,1,1,test,0.21676337718963623,0.783236563205719
16636,1,1,1,1,test,0.3478870093822479,0.6521129608154297
16707,1,0,1,0,test,0.5500404238700867,0.44995954632759094
16819,0,1,0,1,test,0.26026979088783264,0.7397302389144897
17145,1,1,1,1,test,0.1868489384651184,0.8131510615348816
17272,0,1,0,1,test,0.1864788681268692,0.8135210871696472
17284,1,1,1,1,test,0.19573825597763062,0.8042616844177246
17301,1,1,1,1,test,0.2696232199668884,0.7303767800331116
17365,1,1,1,1,test,0.3988952934741974,0.6011046767234802
17425,1,1,1,1,test,0.17880219221115112,0.8211978077888489
17599,1,1,1,1,test,0.46892693638801575,0.5310730338096619
17659,1,1,1,1,test,0.21731539070606232,0.7826846241950989
17799,1,1,1,1,test,0.15078291296958923,0.8492171168327332
17911,1,1,1,1,test,0.19215203821659088,0.8078479170799255
17964,1,1,1,1,test,0.18749047815799713,0.8125095963478088
17995,1,1,1,1,test,0.41768795251846313,0.5823120474815369
18000,1,1,1,1,test,0.41565078496932983,0.5843492150306702
18003,1,1,1,1,test,0.17424266040325165,0.8257573246955872
18101,1,1,1,1,test,0.1443197876214981,0.8556802272796631
18268,1,1,1,1,test,0.19491064548492432,0.8050892949104309
18280,1,1,1,1,test,0.19824422895908356,0.8017557859420776
18301,1,1,1,1,test,0.4364811182022095,0.5635188817977905
18315,1,1,1,1,test,0.3902612626552582,0.6097387075424194
18318,1,1,1,1,test,0.2163793295621872,0.7836207151412964
18328,0,1,0,1,test,0.16104735434055328,0.8389526605606079
18340,1,1,1,1,test,0.21264947950839996,0.7873505353927612
18349,1,1,1,1,test,0.19285355508327484,0.807146430015564
18365,1,1,1,1,test,0.15869253873825073,0.8413074612617493
18397,1,1,1,1,test,0.22816306352615356,0.7718369364738464
18422,1,1,1,1,test,0.4030802249908447,0.5969197750091553
18425,1,1,1,1,test,0.3957035541534424,0.6042965054512024
18517,1,1,1,1,test,0.1842799186706543,0.8157200217247009
18570,1,1,1,1,test,0.15614649653434753,0.8438535332679749
19073,0,1,0,1,test,0.2767029106616974,0.723297119140625
19197,1,1,1,1,test,0.3541012108325958,0.6458988189697266
19200,1,1,1,1,test,0.34230390191078186,0.6576960682868958
19281,0,1,0,1,test,0.22527572512626648,0.7747243046760559
19422,1,1,1,1,test,0.173212930560112,0.8267870545387268
19466,1,1,1,1,test,0.15232709050178528,0.8476728796958923
19764,1,1,1,1,test,0.17271068692207336,0.827289342880249
19770,1,1,1,1,test,0.1407562792301178,0.8592436909675598
19993,1,1,1,1,test,0.1771579086780548,0.8228420615196228
20094,1,1,1,1,test,0.42028573155403137,0.5797142386436462
20176,0,1,0,1,test,0.3077431917190552,0.6922568082809448
20258,0,1,0,1,test,0.21177619695663452,0.7882238030433655
20363,1,1,1,1,test,0.34420111775398254,0.6557988524436951
20390,1,1,1,1,test,0.4685450792312622,0.531454861164093
20417,0,1,0,1,test,0.22227446734905243,0.7777255177497864
20632,1,1,1,1,test,0.16404849290847778,0.8359515070915222
20694,1,1,1,1,test,0.15982213616371155,0.8401778340339661
20733,1,1,1,1,test,0.3667575418949127,0.6332424879074097
20754,1,1,1,1,test,0.3595929443836212,0.6404070258140564
20823,0,1,0,1,test,0.17703981697559357,0.8229601979255676
21196,1,1,1,1,test,0.21153214573860168,0.7884678244590759
21499,1,1,1,1,test,0.15879197418689728,0.8412080407142639
21651,1,1,1,1,test,0.12955066561698914,0.8704493045806885
21694,0,1,0,1,test,0.24318335950374603,0.7568166255950928
21847,1,1,1,1,test,0.14655406773090363,0.8534459471702576
21885,1,1,1,1,test,0.13824914395809174,0.8617509007453918
22006,1,1,1,1,test,0.22252269089221954,0.7774773240089417
22008,1,1,1,1,test,0.22480863332748413,0.7751913666725159
22142,1,1,1,1,test,0.3592045307159424,0.6407955288887024
22143,1,1,1,1,test,0.3757190406322479,0.6242809295654297
22233,1,1,1,1,test,0.13575828075408936,0.8642416596412659
22263,1,1,1,1,test,0.4525793492794037,0.5474206805229187
22362,1,1,1,1,test,0.14896471798419952,0.8510352969169617
22396,1,1,1,1,test,0.18603862822055817,0.813961386680603
22514,1,1,1,1,test,0.1471572369337082,0.8528428077697754
22684,1,1,1,1,test,0.4366329312324524,0.5633670687675476
22834,1,1,1,1,test,0.1720479130744934,0.8279521465301514
22873,1,1,1,1,test,0.1856607347726822,0.814339280128479
22989,1,1,1,1,test,0.43335145711898804,0.566648542881012
23054,1,1,1,1,test,0.2155584841966629,0.7844415307044983
23098,1,1,1,1,test,0.187025249004364,0.8129746913909912
23162,1,1,1,1,test,0.12555089592933655,0.8744491338729858
23192,1,1,1,1,test,0.3086744546890259,0.6913255453109741
23194,1,1,1,1,test,0.13873611390590668,0.8612639307975769
23300,1,1,1,1,test,0.14876718819141388,0.8512327671051025
23304,1,1,1,1,test,0.4783584177494049,0.5216414928436279
23533,1,1,1,1,test,0.17964467406272888,0.8203552961349487
23560,0,1,0,1,test,0.4062211811542511,0.5937788486480713
23602,0,1,0,1,test,0.4600670039653778,0.5399329662322998
23629,1,1,1,1,test,0.13660061359405518,0.8633993864059448
23732,1,1,1,1,test,0.19795571267604828,0.8020443320274353
23742,1,1,1,1,test,0.19227275252342224,0.8077272772789001
23754,1,1,1,1,test,0.13916261494159698,0.8608373999595642
23765,1,1,1,1,test,0.21040979027748108,0.7895902395248413
23883,1,1,1,1,test,0.1409999132156372,0.859000027179718
23981,1,1,1,1,test,0.33956068754196167,0.6604393124580383
24077,1,1,1,1,test,0.39000046253204346,0.6099995374679565
24083,1,1,1,1,test,0.3103311359882355,0.6896688938140869
24154,1,1,1,1,test,0.18235784769058228,0.8176421523094177
24166,1,1,1,1,test,0.1462240368127823,0.8537760376930237
24199,1,1,1,1,test,0.16957640647888184,0.8304235935211182
24313,1,1,1,1,test,0.19162359833717346,0.8083763718605042
24425,1,1,1,1,test,0.17259106040000916,0.8274089694023132
24434,1,1,1,1,test,0.2057555764913559,0.7942444086074829
24496,1,1,1,1,test,0.14384803175926208,0.8561519980430603
24522,1,1,1,1,test,0.12949280440807343,0.8705072402954102
24542,1,1,1,1,test,0.12660633027553558,0.8733936548233032
24559,1,1,1,1,test,0.1541261076927185,0.8458739519119263
24614,1,1,1,1,test,0.195768341422081,0.8042316436767578
24787,1,1,1,1,test,0.1465691477060318,0.8534308075904846
24920,1,1,1,1,test,0.1164904534816742,0.8835095763206482
24937,1,1,1,1,test,0.34296914935112,0.6570309400558472
24948,1,1,1,1,test,0.17275777459144592,0.8272422552108765
25048,1,1,1,1,test,0.1256677657365799,0.8743323087692261
25072,1,1,1,1,test,0.13825723528862,0.8617427349090576
25108,0,0,0,0,test,0.5106227397918701,0.48937729001045227
25152,1,1,1,1,test,0.1357671022415161,0.8642328381538391
25153,1,1,1,1,test,0.13087384402751923,0.8691261410713196
25272,1,1,1,1,test,0.1420174241065979,0.8579825758934021
25324,1,1,1,1,test,0.42679786682128906,0.5732021331787109
25395,1,1,1,1,test,0.13655108213424683,0.8634489178657532
25641,1,1,1,1,test,0.1481321156024933,0.8518679141998291
25794,1,1,1,1,test,0.3427915573120117,0.6572083830833435
25796,1,1,1,1,test,0.13716498017311096,0.8628349900245667
25973,1,1,1,1,test,0.17214640974998474,0.8278535604476929
25974,1,1,1,1,test,0.1382991075515747,0.8617008924484253
25983,1,1,1,1,test,0.14778192341327667,0.8522181510925293
25984,1,1,1,1,test,0.30912351608276367,0.6908764243125916
25985,1,1,1,1,test,0.30179715156555176,0.6982027888298035
25986,1,1,1,1,test,0.15180335938930511,0.8481966257095337
26017,1,1,1,1,test,0.15213964879512787,0.8478603363037109
26143,1,1,1,1,test,0.14289158582687378,0.857108473777771
26186,1,1,1,1,test,0.2919435203075409,0.7080564498901367
26187,1,1,1,1,test,0.2896808981895447,0.7103191018104553
26188,1,1,1,1,test,0.29004135727882385,0.7099586725234985
26351,1,1,1,1,test,0.12405148893594742,0.8759485483169556
26438,1,1,1,1,test,0.125983327627182,0.8740167021751404
26486,1,1,1,1,test,0.12274705618619919,0.877252995967865
26525,1,1,1,1,test,0.3203659653663635,0.6796340942382812
26542,1,1,1,1,test,0.2031177133321762,0.7968823313713074
26562,1,1,1,1,test,0.13680025935173035,0.863199770450592
26597,1,1,1,1,test,0.14585785567760468,0.8541421890258789
26672,1,1,1,1,test,0.14297135174274445,0.857028603553772
26752,1,1,1,1,test,0.3357981741428375,0.6642017960548401
26892,1,1,1,1,test,0.35628190636634827,0.6437181830406189
26907,1,1,1,1,test,0.3167298436164856,0.6832701563835144
26911,1,1,1,1,test,0.3543833792209625,0.6456166505813599
26914,1,1,1,1,test,0.3668198883533478,0.6331800818443298
26917,1,1,1,1,test,0.31322404742240906,0.6867759227752686
26923,1,1,1,1,test,0.3258422017097473,0.6741578578948975
26926,1,1,1,1,test,0.32244619727134705,0.6775538325309753
26994,1,1,1,1,test,0.33930158615112305,0.660698413848877
27056,1,1,1,1,test,0.11921358853578568,0.8807864189147949
27096,1,1,1,1,test,0.12049766629934311,0.8795023560523987
27171,1,1,1,1,test,0.17376625537872314,0.8262338042259216
27403,1,1,1,1,test,0.3441182076931,0.6558818221092224
27404,1,1,1,1,test,0.3320474922657013,0.6679524779319763
27473,1,1,1,1,test,0.14931266009807587,0.8506873250007629
27506,1,1,1,1,test,0.3572772741317749,0.6427227854728699
27508,1,0,1,0,test,0.6126571297645569,0.3873428702354431
27609,1,1,1,1,test,0.4062245190143585,0.5937754511833191
27664,1,1,1,1,test,0.12502390146255493,0.8749761581420898
27706,1,1,1,1,test,0.11203855276107788,0.8879614472389221
27922,1,1,1,1,test,0.18736733496189117,0.81263267993927
27939,1,1,1,1,test,0.15752266347408295,0.8424773812294006
28074,1,1,1,1,test,0.12213724106550217,0.8778627514839172
28132,1,1,1,1,test,0.12558405101299286,0.874415934085846
28133,1,1,1,1,test,0.32949280738830566,0.6705072522163391
28134,1,1,1,1,test,0.34420251846313477,0.6557974219322205
28191,1,1,1,1,test,0.12564730644226074,0.8743526935577393
28197,1,1,1,1,test,0.11845945566892624,0.8815405964851379
28244,1,1,1,1,test,0.11901453137397766,0.8809854984283447
28271,1,1,1,1,test,0.11648023873567581,0.88351970911026
28272,1,1,1,1,test,0.14175406098365784,0.8582459092140198
28296,1,1,1,1,test,0.16651272773742676,0.833487331867218
28315,1,1,1,1,test,0.3556339740753174,0.6443660259246826
28473,1,1,1,1,test,0.14961403608322144,0.8503859043121338
28596,0,0,0,0,test,0.5183311700820923,0.4816688895225525
28597,0,0,0,0,test,0.5709012150764465,0.4290987551212311
28613,1,1,1,1,test,0.11497815698385239,0.8850218653678894
28786,1,0,1,0,test,0.593590497970581,0.40640947222709656
28854,1,1,1,1,test,0.13471673429012299,0.8652832508087158
28874,1,0,1,0,test,0.5438352227210999,0.45616480708122253
28968,0,1,0,1,test,0.22131769359111786,0.778682291507721
28969,1,1,1,1,test,0.1463923156261444,0.853607714176178
28977,1,1,1,1,test,0.1366884410381317,0.8633115291595459
28986,1,1,1,1,test,0.11757531017065048,0.8824247121810913
29140,1,1,1,1,test,0.14035408198833466,0.8596459031105042
29225,1,1,1,1,test,0.3923896253108978,0.6076103448867798
29262,1,1,1,1,test,0.37356165051460266,0.6264384388923645
29306,1,1,1,1,test,0.13505542278289795,0.864944577217102
29324,1,1,1,1,test,0.3125011622905731,0.6874988675117493
29545,0,1,0,1,test,0.15664179623126984,0.8433581590652466
29583,1,1,1,1,test,0.38084331154823303,0.6191566586494446
29584,1,1,1,1,test,0.37679556012153625,0.6232044100761414
29585,1,1,1,1,test,0.3795137107372284,0.620486319065094
29594,1,1,1,1,test,0.12048639357089996,0.8795135617256165
29648,1,1,1,1,test,0.30013832449913025,0.6998617053031921
29791,1,1,1,1,test,0.14502985775470734,0.8549701571464539
30048,1,1,1,1,test,0.3170245587825775,0.6829754710197449
30104,1,1,1,1,test,0.314935564994812,0.6850643754005432
30126,1,1,1,1,test,0.12350058555603027,0.8764994144439697
30142,1,1,1,1,test,0.11098875105381012,0.8890112638473511
30260,1,1,1,1,test,0.4051370322704315,0.5948629379272461
30266,1,1,1,1,test,0.12337631732225418,0.8766236305236816
30345,1,1,1,1,test,0.144203782081604,0.855796217918396
30373,1,1,1,1,test,0.1707565188407898,0.8292434811592102
30419,1,1,1,1,test,0.3264123797416687,0.6735876202583313
30496,1,1,1,1,test,0.12152788788080215,0.8784721493721008
30562,1,1,1,1,test,0.24705182015895844,0.7529482245445251
30563,1,1,1,1,test,0.1695583313703537,0.8304415941238403
30564,1,1,1,1,test,0.18567660450935364,0.814323365688324
30578,1,1,1,1,test,0.13837885856628418,0.8616211414337158
30593,1,1,1,1,test,0.14821933209896088,0.8517805933952332
30594,1,1,1,1,test,0.3593313992023468,0.6406686902046204
30627,1,1,1,1,test,0.3708636462688446,0.6291364431381226
30708,1,1,1,1,test,0.14109653234481812,0.8589034676551819
30762,1,1,1,1,test,0.12021515518426895,0.879784882068634
30772,1,1,1,1,test,0.1279008388519287,0.8720991015434265
30773,1,1,1,1,test,0.3694196939468384,0.6305803060531616
30774,1,1,1,1,test,0.13699842989444733,0.8630015254020691
31213,1,1,1,1,test,0.11561601608991623,0.884384036064148
31214,1,1,1,1,test,0.129625141620636,0.8703749179840088
31215,1,1,1,1,test,0.13990607857704163,0.8600939512252808
31339,1,1,1,1,test,0.17128275334835052,0.8287172317504883
31340,1,1,1,1,test,0.13610601425170898,0.8638939261436462
31453,1,1,1,1,test,0.14528514444828033,0.8547148108482361
31557,0,1,0,1,test,0.17013627290725708,0.8298637270927429
31575,1,1,1,1,test,0.12419242411851883,0.8758076429367065
31588,1,1,1,1,test,0.3475000858306885,0.6524999141693115
31597,1,1,1,1,test,0.15909013152122498,0.8409098386764526
31621,1,1,1,1,test,0.15001481771469116,0.8499852418899536
31635,1,1,1,1,test,0.18850573897361755,0.8114942908287048
31636,1,1,1,1,test,0.16970469057559967,0.8302953243255615
31737,1,1,1,1,test,0.18285232782363892,0.8171476125717163
31755,1,1,1,1,test,0.1271917223930359,0.8728083372116089
31786,1,1,1,1,test,0.13729025423526764,0.8627097010612488
31807,1,1,1,1,test,0.3538855314254761,0.6461145281791687
31831,0,0,0,0,test,0.5851756930351257,0.4148242771625519
31845,1,1,1,1,test,0.4587955176830292,0.5412045121192932
31869,1,1,1,1,test,0.4219883978366852,0.5780116319656372
31887,1,1,1,1,test,0.47523608803749084,0.5247638821601868
31888,0,0,0,0,test,0.5339305996894836,0.46606937050819397
31893,1,1,1,1,test,0.46748465299606323,0.532515287399292
31896,1,1,1,1,test,0.4112195074558258,0.5887804627418518
31905,0,0,0,0,test,0.5355591773986816,0.46444082260131836
31917,1,1,1,1,test,0.47266730666160583,0.5273326635360718
31920,1,1,1,1,test,0.46214917302131653,0.5378508567810059
31922,1,0,1,0,test,0.5602513551712036,0.4397486746311188
31924,1,1,1,1,test,0.43674856424331665,0.5632514953613281
31941,1,1,1,1,test,0.4344533383846283,0.5655466914176941
31973,1,1,1,1,test,0.4747770428657532,0.5252229571342468
31983,1,0,1,0,test,0.5340452194213867,0.46595484018325806
31985,0,0,0,0,test,0.597826361656189,0.40217363834381104
31988,1,1,1,1,test,0.4745748043060303,0.525425136089325
32000,0,1,0,1,test,0.4793717563152313,0.5206282734870911
32006,0,1,0,1,test,0.4575045704841614,0.5424954295158386
32017,1,1,1,1,test,0.473913311958313,0.5260867476463318
32022,1,0,1,0,test,0.537659227848053,0.4623408019542694
32027,1,1,1,1,test,0.4666595757007599,0.5333404541015625
32047,1,0,1,0,test,0.5393605828285217,0.46063941717147827
32056,1,1,1,1,test,0.42351868748664856,0.5764813423156738
32057,1,1,1,1,test,0.44573748111724854,0.5542625188827515
32059,1,1,1,1,test,0.416950523853302,0.583049476146698
32067,0,0,0,0,test,0.7196877002716064,0.28031226992607117
32073,1,1,1,1,test,0.4849109947681427,0.5150890350341797
32077,0,1,0,1,test,0.48588111996650696,0.5141189098358154
32080,1,1,1,1,test,0.4352913498878479,0.5647087097167969
32081,0,1,0,1,test,0.4010505974292755,0.5989494323730469
32084,1,1,1,1,test,0.4088261127471924,0.5911738872528076
32087,1,1,1,1,test,0.49405065178871155,0.5059493780136108
32089,1,1,1,1,test,0.44772887229919434,0.5522710680961609
32098,0,0,0,0,test,0.5488907694816589,0.4511091709136963
32102,1,0,1,0,test,0.5913154482841492,0.40868449211120605
32105,1,0,1,0,test,0.5809438824653625,0.41905608773231506
32113,0,1,0,1,test,0.49817585945129395,0.5018240809440613
32114,0,0,0,0,test,0.5664700865745544,0.43352991342544556
32119,1,0,1,0,test,0.5677372217178345,0.43226271867752075
32120,1,1,1,1,test,0.4154108464717865,0.5845891237258911
32121,1,0,1,0,test,0.5686858892440796,0.431314080953598
32131,1,1,1,1,test,0.4242456555366516,0.5757544040679932
32133,1,0,1,0,test,0.5336281657218933,0.4663717746734619
32137,1,1,1,1,test,0.42187023162841797,0.578129768371582
32138,1,1,1,1,test,0.48293641209602356,0.5170636773109436
32146,1,1,1,1,test,0.435447633266449,0.564552366733551
32147,0,0,0,0,test,0.5899731516838074,0.41002675890922546
32151,0,1,0,1,test,0.49332356452941895,0.5066763758659363
32157,1,1,1,1,test,0.46318966150283813,0.5368102788925171
32160,1,0,1,0,test,0.5363709926605225,0.46362900733947754
32161,0,0,0,0,test,0.575483500957489,0.4245164692401886
32166,1,1,1,1,test,0.44541245698928833,0.5545875430107117
32170,0,1,0,1,test,0.49930742383003235,0.50069260597229
32186,1,1,1,1,test,0.41499242186546326,0.5850076079368591
32189,0,0,0,0,test,0.5232512354850769,0.47674882411956787
32197,0,0,0,0,test,0.5282942652702332,0.4717057943344116
32204,1,1,1,1,test,0.4296412169933319,0.5703588128089905
32213,1,1,1,1,test,0.4414779245853424,0.55852210521698
32214,1,0,1,0,test,0.5216345191001892,0.4783655107021332
32223,1,1,1,1,test,0.43928828835487366,0.5607117414474487
32224,1,1,1,1,test,0.44735726714134216,0.5526427626609802
32229,1,0,1,0,test,0.5452370047569275,0.4547629952430725
32232,1,0,1,0,test,0.5250848531723022,0.4749150574207306
32233,0,1,0,1,test,0.49207067489624023,0.5079293251037598
32236,0,0,0,0,test,0.5468686819076538,0.4531313478946686
32258,1,0,1,0,test,0.5069394707679749,0.49306052923202515
32261,0,0,0,0,test,0.5751323103904724,0.42486774921417236
32266,0,0,0,0,test,0.5093784928321838,0.4906214773654938
32275,1,1,1,1,test,0.47964662313461304,0.520353376865387
32282,1,1,1,1,test,0.41486504673957825,0.5851349234580994
32285,1,1,1,1,test,0.4239937663078308,0.5760062336921692
32298,1,1,1,1,test,0.4247441589832306,0.5752558708190918
32311,1,1,1,1,test,0.4327700734138489,0.5672299265861511
32319,0,0,0,0,test,0.5187059640884399,0.48129409551620483
32323,0,1,0,1,test,0.4618777632713318,0.5381222367286682
32328,0,0,0,0,test,0.5275517702102661,0.4724482297897339
32330,1,1,1,1,test,0.3740914762020111,0.6259084939956665
32335,1,0,1,0,test,0.5276647806167603,0.47233518958091736
32349,1,0,1,0,test,0.5351995229721069,0.4648004174232483
32351,1,1,1,1,test,0.492652952671051,0.507347047328949
32425,1,1,1,1,test,0.4012416899204254,0.598758339881897
32448,1,1,1,1,test,0.369140088558197,0.6308599710464478
32536,0,0,0,0,test,0.5114090442657471,0.48859092593193054
32610,1,1,1,1,test,0.3105274736881256,0.689472496509552
