award_id,benchmark_id,project_cluster_id,y_true,y_pred,score_explicit_mmr,score_implicit_mmr,score_multi_method_not_mmr,score_no_method_signal,score_qual_only,score_quant_only
1503196,methodkg_v3_01055,projtxt_581cb0029a749608,implicit_mmr,quant_only,0.05284447217873289,-1.145147803474454,-1.1419758067327184,-1.6464162025360087,-0.6942152488020324,0.1791556011614947
1614745,methodkg_v3_01185,projtxt_8eb705654915c8db,explicit_mmr,multi_method_not_mmr,-0.0013201439400630233,-0.9466869619648399,0.037687624032443856,-1.1520861592745606,-0.930009021523105,-1.9830030070314975
1615207,methodkg_v3_01186,projtxt_8eb705654915c8db,explicit_mmr,implicit_mmr,-0.29529008516738364,-0.01362662793004571,-1.2375721441722662,-1.0166272266548455,-0.39967706360354716,-1.9676296242957256
1652825,methodkg_v3_01259,projtxt_28187647d8a3d2e2,explicit_mmr,qual_only,-0.17913871073649618,-1.3081830011635531,-2.572413818208433,-1.3434553362535868,0.9091945291054124,-0.3006147522044974
1664271,methodkg_v3_01277,projtxt_419c744c21fbb08c,implicit_mmr,qual_only,-0.06439613536678016,-1.0112924603231106,-0.9721003102360435,-1.0643166675817335,0.3052767696755833,-1.4288625041233884
1664274,methodkg_v3_01279,projtxt_419c744c21fbb08c,implicit_mmr,qual_only,-0.011566108299103373,-0.7223861975798576,-1.3381014105106914,-1.5403501010734317,0.33331135865820954,-1.3329671582130258
1719872,methodkg_v3_01320,projtxt_8088c7349e2bdc74,implicit_mmr,implicit_mmr,-0.7294489498570764,0.34747594363369394,-0.5325630774455645,-1.6099835643907328,-0.8911535435650374,-0.6342545681154201
1720838,methodkg_v3_01322,projtxt_8088c7349e2bdc74,implicit_mmr,qual_only,-0.42404847667476264,-0.7383756416773126,-1.0925543763534176,-1.052553713832449,0.02760361684093785,-0.6270973653953991
1721054,methodkg_v3_01324,projtxt_4cbc11a4f15f35b2,implicit_mmr,quant_only,0.05228171802307857,-1.1463513860830057,-1.1432477389320261,-1.6474093397553968,-0.6953556831623583,0.17853526809414505
1723884,methodkg_v3_01337,projtxt_8eb705654915c8db,explicit_mmr,implicit_mmr,-1.0395124161070943,-0.27596772806730213,-0.4723545145065419,-0.6001658176896306,-0.4253493182522962,-1.7556599445942325
1751314,methodkg_v3_01381,projtxt_1e0eac3bf43c3824,qual_only,qual_only,-0.6837988383001242,-0.5647791069418253,-1.8107524239715231,-1.415051296287526,0.8422577763090279,-1.5480254182690754
1826354,methodkg_v3_01444,projtxt_b3668904556b5a44,explicit_mmr,explicit_mmr,-0.07155157298074641,-1.301854046955758,-0.8629200611322552,-1.5123231849444403,-0.8383055964690612,-0.0804769976325215
1906172,methodkg_v3_01521,projtxt_4455eb16036684bc,explicit_mmr,explicit_mmr,-0.3777656348718421,-1.1705861928436487,-0.7168698292952849,-1.038925231938499,-0.5504694678021299,-0.5808916007720546
1908481,methodkg_v3_01540,projtxt_d637720f93037f89,implicit_mmr,multi_method_not_mmr,-0.043670316083246924,-0.7090593157661287,-0.009287947179738493,-1.4487364297678773,-1.0951886163118143,-1.3628749087396195
1914647,methodkg_v3_01553,projtxt_a69c6225838e44f4,qual_only,explicit_mmr,0.4303818838012963,-0.8846865788318745,-0.8137505276950208,-1.1824869088440622,-0.5809854477106302,-1.3364608669970794
1914735,methodkg_v3_01554,projtxt_a69c6225838e44f4,qual_only,qual_only,-1.3381883550608493,-0.37366607575556277,-0.39094413816082146,-0.6211928230163989,-0.22244495606610357,-1.395663254104204
1918847,methodkg_v3_01561,projtxt_d8d21047274dc792,implicit_mmr,qual_only,-1.124145886865101,-0.48949497745783394,-1.4655823829922145,-1.0164615250347449,0.18851596348715302,-1.323232713775836
1920753,methodkg_v3_01566,projtxt_0240ff43f165b15f,multi_method_not_mmr,implicit_mmr,-0.8816866423576972,0.7676901154911617,-0.8059438207116918,-1.964871978263565,-1.5912678567347287,-0.8409881424371505
1925188,methodkg_v3_01573,projtxt_40cb08fa8174c66a,multi_method_not_mmr,quant_only,-0.6459401022095586,-0.691404603440722,-0.9116775613999046,-1.636732423601677,-0.3334070251259366,-0.15184987550089618
1929409,methodkg_v3_01579,projtxt_84ffc186b2131bee,explicit_mmr,no_method_signal,-1.082984480304216,-1.2378140215792723,-1.8167335501618516,0.4277144573576218,-1.4465879738242773,-0.47388588071355336
1930026,methodkg_v3_01581,projtxt_db75ff96db6ad2cf,explicit_mmr,no_method_signal,-1.2732397787696565,-0.9435778839307856,-1.7400555927010164,0.18667547703382578,-0.7102608444843198,-0.8630967065195606
1930076,methodkg_v3_01582,projtxt_97dcb0d686e56278,explicit_mmr,quant_only,-0.9239558286663163,-0.7834332996770201,-1.387398912649446,-0.4695424111933013,-0.9108051190028529,-0.2155359870914407
1930132,methodkg_v3_01583,projtxt_6db1916ad653d07f,explicit_mmr,no_method_signal,-0.9549834505229953,-0.7572232189248624,-0.9698101063355693,-0.3374293124848018,-1.010875018199712,-0.5019051558098215
1930341,methodkg_v3_01584,projtxt_3f700d0b69aa9711,explicit_mmr,quant_only,-1.0160438947162655,-0.6103768161630521,-1.005745956251154,-0.911729231413403,-0.9016333443401732,-0.3018365109668391
1930373,methodkg_v3_01585,projtxt_3297f30107628541,explicit_mmr,quant_only,-0.8953067475098881,-0.8953667113088923,-1.6042146389050091,-0.6009199170783767,-0.8743899721547453,0.2634512111452462
1930419,methodkg_v3_01587,projtxt_3297f30107628541,explicit_mmr,no_method_signal,-1.0256160742181062,-0.927266014771744,-1.0334242433383065,-0.30870125250248137,-0.7323652475489064,-0.560975944278091
1930492,methodkg_v3_01589,projtxt_80ef02953667abe0,explicit_mmr,quant_only,-1.4203509280657451,-0.7330785694536612,-0.6222199770078003,-1.0910104655758628,-1.9855746034300004,0.19640383910843034
1930497,methodkg_v3_01590,projtxt_72730f2dbe5e6fed,implicit_mmr,no_method_signal,-0.7813326910217204,-1.2318009467256048,-1.032889877325894,-0.11617898001933821,-0.9112624236947429,-0.61402902063175
1930502,methodkg_v3_01591,projtxt_cf1351dd3569160f,multi_method_not_mmr,no_method_signal,-0.787672362158566,-0.873389940117689,-1.6714956184168321,-0.30337930662468005,-0.8906201280929213,-0.3108975042024507
1930539,methodkg_v3_01592,projtxt_86e777ee967b6323,implicit_mmr,no_method_signal,-0.6425319648005061,-1.1760310080200627,-1.1847988429332528,-0.2787410876947597,-1.0314225022657881,-0.5789818065955004
1930553,methodkg_v3_01593,projtxt_3297f30107628541,explicit_mmr,quant_only,-1.0429214990468585,-1.2960964450512014,-0.4005176993965954,-0.8423080636786998,-0.9128310583364271,-0.06595535209006195
1933277,methodkg_v3_01594,projtxt_0079014c8f062e74,no_method_signal,no_method_signal,-0.20915616024768874,-1.572618143564959,-1.1639926014718538,0.08356052136952546,-1.6293968406475914,-0.7503496002682825
1933717,methodkg_v3_01597,projtxt_d0c62a6072f70963,explicit_mmr,explicit_mmr,0.10482936986124447,-0.39489141939984307,-0.4822015442023682,-1.6276647685245706,-1.5070497624460606,-1.690634752416567
1934126,methodkg_v3_01598,projtxt_67725d849ee2b18d,explicit_mmr,implicit_mmr,-0.6115410942892183,0.05728080335903435,-0.4236673001962474,-1.2197435398185141,-1.9730086269148988,-1.6576932216794953
1936070,methodkg_v3_01601,projtxt_6ff4baf5c6f79d00,implicit_mmr,implicit_mmr,-1.704995881414173,0.30122984412618276,-0.726408971051661,-0.3496286404220724,-1.4418526108686254,-1.4079790469868898
1937391,methodkg_v3_01606,projtxt_2880e457027f1848,explicit_mmr,qual_only,0.014571829039550899,-0.8792728300781387,-2.5352828746955405,-1.493169010871488,0.15294047472421482,-0.4597483872283183
1937490,methodkg_v3_01607,projtxt_2880e457027f1848,explicit_mmr,explicit_mmr,-0.08331710229253164,-1.4862200596228023,-1.8564617596142396,-0.5572969354331915,-0.6138455555954486,-0.7204171692999637
1937587,methodkg_v3_01608,projtxt_e6ce90dae9e32586,explicit_mmr,qual_only,-0.6347572138548996,-0.6944769409451812,-1.2014825310396564,-1.1399220003743131,-0.5009089095974196,-0.8149402508464431
1937687,methodkg_v3_01609,projtxt_2880e457027f1848,explicit_mmr,qual_only,-0.2721600401471078,-1.0338655749258983,-1.06908609400985,-0.8853106388163393,-0.08380811840695587,-1.422627542269175
1939038,methodkg_v3_01613,projtxt_5c5ea81c45ec3bd9,multi_method_not_mmr,no_method_signal,-1.9008215645798325,-2.3841151188917755,-0.4088065906849864,-0.1752437093155653,-2.496294146908884,-0.49848147081674266
1941642,methodkg_v3_01614,projtxt_ca9778df6f48109f,qual_only,explicit_mmr,0.44567655073109474,-1.0931670975949852,-0.8843801938338147,-1.5879050745960768,0.1119844842936491,-1.2201309397898996
1941668,methodkg_v3_01615,projtxt_a6e329ed0bca9a95,implicit_mmr,implicit_mmr,-0.49155954375463645,-0.24342306426024723,-0.6449588713570764,-1.352025982785579,-1.122925868029545,-0.6002922458415264
1941952,methodkg_v3_01616,projtxt_c914da900173fc64,implicit_mmr,quant_only,-0.6877021016269196,-0.9736943505647648,-0.5074815042038499,-0.8343354218082443,-1.3072076983113734,-0.4535964809591579
1943146,methodkg_v3_01617,projtxt_ffc1ae36e51f993a,explicit_mmr,explicit_mmr,1.308400291999279,-0.964452027304264,-0.6529579601734501,-1.3626342111037342,-1.3657311914439199,-1.7600723675856111
1943285,methodkg_v3_01618,projtxt_7139c2f38e0485f8,explicit_mmr,explicit_mmr,0.0552680750502067,-0.08265570914785214,-1.046001109288084,-2.2012476386837565,-0.3569277215916979,-1.4611370029191986
1943541,methodkg_v3_01619,projtxt_edfaa35f70bc9413,explicit_mmr,qual_only,-1.1373316993937204,-0.5047955854197212,-0.36067961300811496,-0.6493411655966209,-0.2257595229813166,-1.4398116213215513
1943934,methodkg_v3_01620,projtxt_778ea6497fc9bc51,qual_only,qual_only,-1.7675359965494462,-1.889275159588023,-0.9954012087249768,-1.2690998012216828,1.1383217765157068,-0.4462916499026721
1944807,methodkg_v3_01621,projtxt_538a1cff5f8ead0a,qual_only,explicit_mmr,0.262236519193163,-1.9464523775935911,-1.5203102942721343,-1.5550491479486672,0.030008429912066294,0.011265134529273767
1945961,methodkg_v3_01622,projtxt_92bd8414ca5aa71c,explicit_mmr,implicit_mmr,-0.4242392562679986,-0.2731393877401898,-0.3300579782841072,-1.329758543821862,-1.180272258625525,-0.7710465514903379
1945963,methodkg_v3_01623,projtxt_92bd8414ca5aa71c,explicit_mmr,explicit_mmr,-0.2505884967667239,-0.7477171155409321,-0.3931377492744322,-1.1085082113563984,-1.0806596641205557,-0.8831704163122662
1946553,methodkg_v3_01624,projtxt_b31208f5a5fd0e36,no_method_signal,no_method_signal,-1.1908530185890018,-1.1989011574289237,-0.6615000556779644,-0.26405100799231074,-1.3326266547644972,-0.8738380835116305
1948981,methodkg_v3_01625,projtxt_9216304495c7afc9,qual_only,explicit_mmr,0.299249572202506,-0.11788605471489055,-0.4516927738784234,-1.4922251711844359,-2.0147471731944977,-1.020601919596822
1949241,methodkg_v3_01626,projtxt_6ee2d362b8808c62,implicit_mmr,qual_only,-0.7892566605702926,-0.7036064799778743,-0.8320997290125141,-0.8404544133572015,-0.5375077900427349,-1.481313804982546
1949454,methodkg_v3_01627,projtxt_3c0da319bbf85654,explicit_mmr,multi_method_not_mmr,-0.4340052854256061,-0.4422482278858377,0.33464926374183046,-1.3620872944702358,-0.9447402897077043,-2.3674061523987238
1949585,methodkg_v3_01628,projtxt_8ad9ba0fcf7f8329,explicit_mmr,qual_only,-0.8783209028100512,-0.6499742589838,-0.4363048054493219,-0.955988459408475,0.2909496628642805,-2.0254524587046556
1949586,methodkg_v3_01629,projtxt_3d2c55f5777f9659,explicit_mmr,implicit_mmr,-0.14700915688063843,-0.03797797549426592,-0.15415774142286437,-1.464419048193536,-0.5410418419221322,-2.4366227225423938
1949718,methodkg_v3_01630,projtxt_ab364f93b900e1d6,multi_method_not_mmr,quant_only,-2.44132507212688,-2.0501388104064255,-0.9687635749761925,-0.2457250628950692,-1.9395291707446003,0.1807359681384063
1949848,methodkg_v3_01631,projtxt_0890ed3878ad05d4,implicit_mmr,no_method_signal,-0.8531230901645155,-1.041769715306704,-0.5402453756156385,-0.38160169077817374,-1.116653773246516,-0.6851359679312458
1949990,methodkg_v3_01632,projtxt_312ecb29cb0c32e3,multi_method_not_mmr,multi_method_not_mmr,-0.6784304114148609,-1.0854005134036175,-0.2775376144822682,-0.5192393111924181,-1.15123902302237,-0.8196174669414668
1950064,methodkg_v3_01633,projtxt_c85bb658c0286871,explicit_mmr,qual_only,-0.2958786340136076,-1.4353125568987366,-0.5468897567364228,-0.9645110091554409,-0.14372083301060185,-1.167703745311166
1950304,methodkg_v3_01634,projtxt_16e774e086be968e,quant_only,no_method_signal,-1.8128173354400525,-1.752177512412433,-1.3075746560898092,0.7327843250500305,-2.048266686062724,-0.9572095064921369
1950340,methodkg_v3_01635,projtxt_b91832d5cf4e09ef,multi_method_not_mmr,multi_method_not_mmr,-0.29737271661585296,-0.778064032342467,-0.13033999009433478,-0.9558224606307634,-0.9505100527457063,-1.4238126516219032
1950351,methodkg_v3_01636,projtxt_070c0ccb61972acb,quant_only,multi_method_not_mmr,-0.8910967309847055,-1.3313720858176061,-0.1360728289991418,-0.3855682947637292,-1.2110800923504668,-0.7616276298414247
1950645,methodkg_v3_01637,projtxt_e273a609e619cf5d,no_method_signal,multi_method_not_mmr,-2.034503127565798,-1.325737721694529,-0.2670549700645949,-0.3944749177590786,-1.852678699047458,-0.45582978076492914
1953561,methodkg_v3_01640,projtxt_2d6ed7a1fc12623c,explicit_mmr,no_method_signal,-0.7410478454578335,-1.2188308487251558,-1.12141243915649,-0.5433225906448593,-1.097472622990521,-0.6570693491833418
1953640,methodkg_v3_01641,projtxt_74622fc86a95a642,explicit_mmr,explicit_mmr,-0.08825906670912503,-1.4658129629933412,-1.3170513373440642,-0.9614690439986157,-1.5210251462675044,-0.17106354429572196
1953752,methodkg_v3_01642,projtxt_ef3664245ec441f8,explicit_mmr,multi_method_not_mmr,-0.6390527985512037,-1.3474647030335514,-0.6043495384329622,-0.7388584181686102,-1.0621221707526014,-0.9159387759064049
1953762,methodkg_v3_01643,projtxt_bb48fe9fbbd8cb96,explicit_mmr,quant_only,-0.7853900379044498,-1.1053940454001951,-0.7495396156495273,-0.8472345577943169,-0.9220047515576689,-0.5244332978864799
1955792,methodkg_v3_01645,projtxt_faacaab7f2993e8b,explicit_mmr,explicit_mmr,0.08291536324144672,-2.3562215934548525,-0.5232515670593556,-0.6458683419852936,-1.060571338122153,-0.47139760501235156
1955896,methodkg_v3_01646,projtxt_4b1266e7518aee6c,qual_only,explicit_mmr,0.19153775664653055,-1.0798745845448368,-1.3726581934044784,-0.5105013269339671,-0.8768151768729079,-0.7588516390509693
2000091,methodkg_v3_01647,projtxt_ae3c4b8ecb4151b3,no_method_signal,multi_method_not_mmr,-1.7194885739992207,-1.3114569714240227,-0.6014637450749443,-0.763928140354242,-0.9274865283172159,-0.7378191719912746
2000183,methodkg_v3_01648,projtxt_88bf105227e72af5,quant_only,explicit_mmr,0.14967451340068944,-2.068330108067626,-0.7901595438563076,-0.47045728072192716,-1.4332262592609026,-0.35750430048016996
2000292,methodkg_v3_01649,projtxt_7367c279896a105a,implicit_mmr,qual_only,-1.3749852849898934,-1.5639562070243433,-1.0451442795265056,-0.018455000095140256,0.306169977231071,-1.1313614920530974
2000442,methodkg_v3_01650,projtxt_9d9897a72b84ff96,multi_method_not_mmr,no_method_signal,-0.909912419618353,-1.3732675305488158,-0.9728563942182176,-0.06881161439948355,-1.2275945908321335,-0.5246990373830667
2000487,methodkg_v3_01651,projtxt_c397cb243aa09775,multi_method_not_mmr,qual_only,-0.9149620035381654,-0.4473317241807367,-1.180105950306686,-1.09986244475418,0.08880608558022177,-0.9477907625117878
2000535,methodkg_v3_01652,projtxt_b4fd403b3ee2f755,quant_only,no_method_signal,-1.014205582553522,-1.5672476254142862,-1.0570081606623443,-0.047712266748312054,-1.21866146169956,-0.3895027293082538
2000573,methodkg_v3_01653,projtxt_bb02493e45da4e98,quant_only,no_method_signal,-0.8727719389489286,-1.4613303069379975,-0.7707906905144368,-0.07053256338408512,-1.1693147979492324,-0.8350917805334674
2000583,methodkg_v3_01654,projtxt_8db6bf522b0e4278,explicit_mmr,no_method_signal,-0.909912419618353,-1.3732675305488158,-0.9728563942182176,-0.06881161439948355,-1.2275945908321335,-0.5246990373830667
2000725,methodkg_v3_01655,projtxt_ad42f18157401191,multi_method_not_mmr,no_method_signal,-0.9696650925263106,-1.0025516464193904,-0.6501873072976985,-0.33417988651437736,-2.155032323804556,-0.35043660677345695
2000730,methodkg_v3_01656,projtxt_74961d9da4331479,explicit_mmr,quant_only,-0.9399223189653874,-0.7595177025969495,-1.5470673486192983,-0.8639014566200888,-1.1236483209919141,-0.2960708912646691
2000750,methodkg_v3_01657,projtxt_64a6cfd56cb622be,explicit_mmr,explicit_mmr,0.0326519021752687,-0.9352907561850654,-1.7775912635932065,-0.9946723133928451,-0.7555045964011157,-0.579502795917585
2000779,methodkg_v3_01658,projtxt_8352fa0c929c04f6,explicit_mmr,no_method_signal,-0.21745121300452727,-1.191804116771359,-0.6769023834986572,-0.09916514305355797,-2.162139404597965,-1.0606235742079315
2000786,methodkg_v3_01659,projtxt_d8f480b8008742d2,no_method_signal,no_method_signal,-0.93878977409554,-1.3446466407069746,-1.4081667292984408,0.04104441380110743,-1.3034963094564105,-0.5483508048094005
2000799,methodkg_v3_01660,projtxt_8db6bf522b0e4278,explicit_mmr,explicit_mmr,0.6584813452234615,-1.6379679561633247,-1.1226068609443314,-0.1869480702927022,-1.5080423993863685,-0.9630649589386651
2000847,methodkg_v3_01661,projtxt_1843f25f9fa00a82,explicit_mmr,qual_only,-0.4279849393875938,-1.2956491968597952,-2.043087928939297,-1.0050819197030554,0.26062307952591773,-0.3379736402983656
2000866,methodkg_v3_01662,projtxt_07bb8f0e1d6e4563,multi_method_not_mmr,no_method_signal,-0.2094375373255159,-1.5732199348692346,-1.1646285675715078,0.08306395275983164,-1.6299670578277543,-0.7506597668019573
2000887,methodkg_v3_01663,projtxt_8cb063097dfb6732,quant_only,no_method_signal,-0.5705783446532435,-2.3557710674362067,-0.7648695153245639,0.37240837939686044,-1.6616864596535759,-1.0130834975437129
2000888,methodkg_v3_01664,projtxt_8352fa0c929c04f6,explicit_mmr,no_method_signal,-0.6590411732740296,-1.2659542305925204,-1.3697169057354608,0.04625364486054456,-1.1179265364569462,-0.8078083338986278
2003126,methodkg_v3_01665,projtxt_a165f390e89cfe84,explicit_mmr,explicit_mmr,-0.2665758459074797,-0.5774526978270214,-0.627774295597,-0.9142897593066123,-1.4927446564330449,-1.3724786304316547
2004898,methodkg_v3_01666,projtxt_5dcabfeb784c0b83,explicit_mmr,implicit_mmr,-2.605862761023469,0.10187790792946314,-1.3728424487268922,-0.21914232027097594,-0.349433832247222,-1.6013236743097907
2005608,methodkg_v3_01667,projtxt_c11ee3f35a918c20,implicit_mmr,explicit_mmr,-0.2613798781784966,-0.7411396093416549,-0.7083757823581642,-0.7454452500733073,-0.846740458745122,-0.9766174355997597
2005812,methodkg_v3_01668,projtxt_b95b6cfe68b34891,implicit_mmr,implicit_mmr,-0.39916288189006666,-0.2093698008474883,-1.548266577465763,-1.5100860833269907,-0.5225642111369982,-0.4966673347992308
2005840,methodkg_v3_01669,projtxt_fcf5f66967f62cda,implicit_mmr,explicit_mmr,-0.19978310954317227,-0.8151167841766729,-1.0468296759829898,-0.40106558098125256,-0.45135137104312845,-1.3711265176659562
2005890,methodkg_v3_01670,projtxt_c9377c56ecceb7cd,implicit_mmr,implicit_mmr,-0.8064573859389519,-0.04711315067268029,-0.6247106974487666,-0.6014921781812502,-1.1321567351844872,-1.1925279457394486
2005898,methodkg_v3_01671,projtxt_b1f95fa3e4d238f6,quant_only,quant_only,-2.1218583968871263,-0.4944757470729378,-1.2960936629167639,-0.7124060959146289,-0.8506473118816961,-0.08462943046294404
2005973,methodkg_v3_01672,projtxt_7ed419d4bc2ba6d1,implicit_mmr,explicit_mmr,-0.33569303049647786,-0.9807963960229382,-1.2265565012851865,-0.470229879200901,-0.5849964707654991,-0.8278326630638841
2009127,methodkg_v3_01674,projtxt_43973e295db733f1,implicit_mmr,implicit_mmr,-0.9751762465142206,0.45786226817660974,-0.7386344450899118,-1.141924714273362,-1.646570952657048,-0.7607531792559427
2009977,methodkg_v3_01675,projtxt_6c58c2723d9ca28d,implicit_mmr,qual_only,-0.9096713455937113,-1.2060278509911093,-1.547189587403884,-1.225276661767948,1.1988712243427575,-1.346313005147695
2010038,methodkg_v3_01676,projtxt_5c1b2538431da6c4,quant_only,explicit_mmr,-0.2086458831102255,-0.7827701315868647,-0.7095426798347579,-1.0862535426802056,-0.6142795853322637,-0.8872772492047973
2010124,methodkg_v3_01677,projtxt_b0253048c82c9b45,explicit_mmr,multi_method_not_mmr,-2.1186321536564474,-1.7395383398163122,-0.2612202719928039,-0.3693612969377694,-0.6434898202551359,-0.7014954807871893
2010139,methodkg_v3_01678,projtxt_36e3f0e52522f5b8,qual_only,explicit_mmr,0.06271494967682834,-0.9219969958259031,-1.1321264245395088,-0.15330768033109007,-0.925793365724314,-1.2637797419401653
2010237,methodkg_v3_01679,projtxt_36e3f0e52522f5b8,qual_only,qual_only,-0.36077575844945253,-0.6348337174286507,-1.6605945021857533,-1.12510687204794,-0.20103287354438312,-0.5046989204864617
2010256,methodkg_v3_01680,projtxt_71464314de1a6ae0,explicit_mmr,explicit_mmr,-0.18817679974940305,-0.8776180285161048,-0.6317508470899078,-1.3618846361595598,-0.522329465445445,-0.6483811512305052
2010276,methodkg_v3_01681,projtxt_55a9f562e4cd53ea,explicit_mmr,explicit_mmr,0.2471681070003085,-1.0659369661788687,-0.9101929312887329,-1.1195693169739473,-0.917665764736005,-0.4862962617358459
2010312,methodkg_v3_01682,projtxt_18923a8d781d3ce1,explicit_mmr,implicit_mmr,-0.9751762465142206,0.45786226817660974,-0.7386344450899118,-1.141924714273362,-1.646570952657048,-0.7607531792559427
2010361,methodkg_v3_01683,projtxt_40ed1e613baf709d,explicit_mmr,explicit_mmr,0.24453851798613907,-0.9626393792351027,-0.9152806850861752,-1.5602533006255486,0.11472883402869899,-1.1762927391062272
2010530,methodkg_v3_01684,projtxt_f77066fb2e35b671,explicit_mmr,explicit_mmr,0.2471681070003085,-1.0659369661788687,-0.9101929312887329,-1.1195693169739473,-0.917665764736005,-0.4862962617358459
2011917,methodkg_v3_01686,projtxt_52c8cdc31ed618f7,multi_method_not_mmr,explicit_mmr,-0.5084484608967639,-0.7778244671592047,-0.8268602725705725,-0.5282906905110062,-1.5021762614228191,-1.0414393500592412
2013484,methodkg_v3_01687,projtxt_5b928720de054206,quant_only,explicit_mmr,-0.39572889412478374,-0.4450760476385585,-0.8798345247580113,-1.1331464302863188,-0.939857289947689,-0.6150861139192166
2013495,methodkg_v3_01688,projtxt_b56be3648800a044,implicit_mmr,explicit_mmr,-0.19267828566742462,-1.3376229440852803,-0.3877509400969717,-0.8580895410585959,-1.3941341496790627,-1.0081090569688527
2013504,methodkg_v3_01689,projtxt_581742c900847167,explicit_mmr,implicit_mmr,-0.46846313884134705,-0.13845701879374817,-0.33551255175307887,-1.0507170194062907,-2.0170712997664295,-1.0724182825588318
2013554,methodkg_v3_01690,projtxt_581742c900847167,explicit_mmr,explicit_mmr,0.299249572202506,-0.11788605471489055,-0.4516927738784234,-1.4922251711844359,-2.0147471731944977,-1.020601919596822
2013575,methodkg_v3_01691,projtxt_581742c900847167,explicit_mmr,explicit_mmr,-0.3560711537418952,-0.3874122448815291,-0.545581080894203,-1.4635925915149632,-1.0219225665457647,-0.7950701259223578
2013612,methodkg_v3_01692,projtxt_581742c900847167,explicit_mmr,quant_only,-0.652503421105364,-0.7144637043110385,-1.275954421268278,-1.372099513235992,-1.1004063370463275,0.022407339748060924
2017704,methodkg_v3_01694,projtxt_488cf667255d5ec6,multi_method_not_mmr,implicit_mmr,-1.8771643912053242,0.1468986290530141,-0.7864586243930352,-0.33533065691285613,-1.4772368685019006,-0.8928669079194965
2019843,methodkg_v3_01695,projtxt_3dba2fac3e4b3c7d,explicit_mmr,implicit_mmr,-0.7893152820283804,-0.07684249145227301,-0.5325254582826313,-1.2797418128096358,-0.9091936124864948,-0.5844138783903261
2021157,methodkg_v3_01696,projtxt_0e541a45c0857b90,quant_only,explicit_mmr,-0.22252555375867958,-0.6485396619745454,-0.2796220855537406,-1.4595158889724964,-0.8824228294767192,-0.9855855682348308
2021315,methodkg_v3_01697,projtxt_05d46ffd3235e167,implicit_mmr,quant_only,-0.6462214792873857,-0.6920063947449975,-0.9123135274995586,-1.6372289922113707,-0.33397724230609976,-0.15216004203457106
2021402,methodkg_v3_01698,projtxt_0e541a45c0857b90,quant_only,implicit_mmr,-0.3830943760844724,0.11477788294628777,-0.8271953460176786,-2.228669993849764,-0.3926868285377166,-0.8006161814997967
2021499,methodkg_v3_01700,projtxt_11ff25a3e026dd9e,qual_only,implicit_mmr,-1.159205030799075,0.02141117877327095,-0.36319312724182057,-1.1615473184602958,-0.7574276081549235,-1.1446487595998547
2021512,methodkg_v3_01701,projtxt_38536b8971393ae3,explicit_mmr,quant_only,-0.6462214792873857,-0.6920063947449975,-0.9123135274995586,-1.6372289922113707,-0.33397724230609976,-0.15216004203457106
2021546,methodkg_v3_01702,projtxt_c008bb331b562fae,qual_only,explicit_mmr,-0.2969668168716728,-0.5938687398085192,-0.30960166715597887,-1.3863014090391226,-1.363017756259717,-0.7218477010377187
2021585,methodkg_v3_01703,projtxt_d6f7eee5a5068c4f,quant_only,no_method_signal,-1.2476917945431831,-1.0180952316029384,-1.2154293756811665,-0.25621333621734543,-0.6745363052578879,-0.5115487944210441
2022271,methodkg_v3_01705,projtxt_3d81c81a5d40db15,qual_only,no_method_signal,-1.6250747807819395,-0.908901320025727,-0.532170204408009,-0.22758961763538674,-1.5790987349742842,-1.0527095152105819
2024394,methodkg_v3_01706,projtxt_136108f711124309,implicit_mmr,multi_method_not_mmr,-0.7646678651563625,-0.8172374986695239,0.21602690625923304,-0.8416349197450234,-1.0160576002808237,-1.5248289738158607
2025046,methodkg_v3_01707,projtxt_3273fcdf75ac2eca,explicit_mmr,multi_method_not_mmr,-1.1557037798847756,-1.226818448248801,-0.37788639353793124,-0.5754255681207183,-1.3148593161336768,-1.1518910671323395
2025181,methodkg_v3_01708,projtxt_7a37b2900802a79b,qual_only,quant_only,-1.7346958120152052,-1.4076440370851129,-1.211017731051406,-0.543568094937278,-1.1931833402973204,-0.010678727083065234
2025280,methodkg_v3_01709,projtxt_3b2c31bd8f1120e1,explicit_mmr,implicit_mmr,-2.3789110340600996,0.28814579880947216,-0.5744321822216087,-0.5628790686297418,-1.580048667565282,-0.7775316838355678
2025349,methodkg_v3_01710,projtxt_890b00eccb5490d1,explicit_mmr,no_method_signal,-0.09496589684835616,-1.5291803174420233,-1.494462172269452,-0.05009383318482133,-1.0073890891854107,-0.8977315662041084
2025682,methodkg_v3_01711,projtxt_a0b1764ed538601c,qual_only,qual_only,-0.8130411363486756,-0.6472558857844048,-1.2495326086756566,-1.3843064561308085,0.9553107838929672,-1.0472790687443272
2025685,methodkg_v3_01712,projtxt_a0b1764ed538601c,qual_only,qual_only,-0.15530449598420135,-1.5551021248427437,-0.364907133481223,-1.131355653612207,0.2710673496079807,-1.3971989872356778
2025686,methodkg_v3_01713,projtxt_a0b1764ed538601c,qual_only,qual_only,-0.32895525548547605,-1.080524397042001,-0.30182736249089803,-1.3526059860776705,0.17145475510301153,-1.2850751224137493
2025805,methodkg_v3_01714,projtxt_a1dd20a6546cdbde,quant_only,quant_only,-0.9073412113126185,-0.5151243803326206,-1.4115266877901842,-1.5045755374340861,-1.0137113440602332,-0.33307968595393417
2027470,methodkg_v3_01715,projtxt_8a0e4a26b652bcee,qual_only,no_method_signal,-0.879994976732692,-0.6295449284762278,-1.0435171665353642,-0.5393526280755631,-0.6592420325867384,-0.8187592172030443
2027506,methodkg_v3_01716,projtxt_d2c2518effb60533,explicit_mmr,implicit_mmr,-0.4529643073192774,0.07136641563707793,-0.42497769767746457,-1.7272399146452553,-2.007640092401088,-0.3104149521623473
2027637,methodkg_v3_01717,projtxt_f96090237fcd97c5,explicit_mmr,implicit_mmr,-0.7947754053156004,-0.2496598870284355,-0.6693256308532824,-1.3615844768554077,-1.6628249999082951,-0.5568954538404334
2028026,methodkg_v3_01718,projtxt_aac4d74a5538a9a4,quant_only,qual_only,-0.3471211939266704,-0.9991210075516943,-1.1260090229261621,-0.7121588410428402,0.0691975128033461,-0.8202770405433277
2028469,methodkg_v3_01719,projtxt_9a562e711cdbc5df,implicit_mmr,explicit_mmr,-0.33201250187360765,-0.9111824051885364,-0.7719899193609014,-0.7167171900909869,-0.5682306880943165,-1.0356882240680292
2028473,methodkg_v3_01720,projtxt_9a562e711cdbc5df,implicit_mmr,explicit_mmr,-0.37167024225649614,-0.9688462079455658,-1.1062433632247097,-0.38627102886234244,-0.48616541149624065,-0.855704212064888
2028811,methodkg_v3_01721,projtxt_25e4c8bf7fdeef7d,implicit_mmr,multi_method_not_mmr,-0.7690216384421946,-1.0770063479784782,-0.34281543802853714,-0.8374674361077986,-1.6103909187485075,-0.5587105064539222
2029357,methodkg_v3_01722,projtxt_e4babd675b33d7ce,explicit_mmr,no_method_signal,-1.3576386599965626,-0.8560926372683988,-1.4209033740399226,-0.06890062186850374,-1.165082742767631,-0.33928546350189553
2029642,methodkg_v3_01723,projtxt_9393236714b6150b,explicit_mmr,explicit_mmr,-0.26147129059103297,-0.4225980346449013,-0.7075036585363657,-1.2128892651505614,-1.5178253143732516,-0.5137646229835493
2029782,methodkg_v3_01724,projtxt_f1685174d1ec5ac1,explicit_mmr,qual_only,-1.0764957257532144,-1.2637740676427451,-1.9535704723287262,-1.0754163343032055,1.1551244548986745,-1.2583816684869007
2029784,methodkg_v3_01725,projtxt_f1685174d1ec5ac1,explicit_mmr,qual_only,-0.0982935326867031,-2.158595070099179,-1.9138450941555625,-0.5861150524749316,0.587272027098089,-1.7700978573316735
2029785,methodkg_v3_01726,projtxt_f1685174d1ec5ac1,explicit_mmr,qual_only,-0.9620192654243664,-1.269518277722006,-1.7390005621774665,-1.1834534663333423,0.059158434287684504,-1.0160100735638256
2029796,methodkg_v3_01727,projtxt_f1685174d1ec5ac1,explicit_mmr,qual_only,-0.8432337050464354,-1.3233738577117056,-1.729576889541371,-1.1579857397804767,0.16430585916675206,-0.9540830320940453
2030297,methodkg_v3_01728,projtxt_107809376b881e76,explicit_mmr,qual_only,-1.6554528352757518,-0.974782391251058,-2.1066064432429843,-0.025125430917072117,0.35677276955264003,-1.0547116511626693
2030313,methodkg_v3_01729,projtxt_c260f54edfa3aeea,explicit_mmr,implicit_mmr,-0.8695859412022544,-0.19449726929386074,-1.4439467875671033,-0.5065716680664011,-1.0981397912397313,-1.0767740165732922
2030485,methodkg_v3_01730,projtxt_6dcc701a6946ab7c,implicit_mmr,quant_only,-0.9242372057441435,-0.7840350909812961,-1.3880348787490995,-0.47003897980299514,-0.9113753361830158,-0.21584615362511547
2030582,methodkg_v3_01731,projtxt_3bf3ed2d72d9a7d4,explicit_mmr,explicit_mmr,-0.22376232345130626,-0.9839874953017149,-1.5798070521023897,-0.31816341264368,-1.3137478031786367,-0.4418068830440061
2030663,methodkg_v3_01732,projtxt_8776aec8d5d08fad,implicit_mmr,no_method_signal,-0.7529883709358491,-1.132021701854942,-0.9187382475055492,-0.4666900890257424,-0.7124553718707435,-0.7161340060206397
2030720,methodkg_v3_01733,projtxt_136136095b0d869c,implicit_mmr,explicit_mmr,0.0393225420042258,-0.7310490569462775,-1.3149865551719788,-0.6212909304902922,-1.6220029958450084,-0.4303922156671493
2030731,methodkg_v3_01734,projtxt_3d28a471c31c1fed,quant_only,no_method_signal,-1.1902344478971496,-0.5793455695470431,-1.4478070167442996,-0.23736628981855443,-0.9376247672961179,-0.35659396713797215
2030969,methodkg_v3_01735,projtxt_5e0dafaa586aa782,explicit_mmr,no_method_signal,-0.8870967250747188,-0.8720978673704778,-1.1859691750453187,-0.47175992878759676,-0.8530955433001147,-0.5262388967755163
2032226,methodkg_v3_01736,projtxt_a8ac78bda88a933f,qual_only,qual_only,-0.6052708092655366,-0.47506157009597666,-0.4879002938282649,-0.5208941219877141,-0.2262216459257569,-2.2619838339644036
2032737,methodkg_v3_01737,projtxt_96c5aeb928b6fc0d,explicit_mmr,explicit_mmr,0.9715371421754329,-0.4098332901663521,-1.2350297742339822,-1.3760240372351393,-1.1269474736476248,-0.8408605345797255
2032781,methodkg_v3_01738,projtxt_c2fd6d210dc4e494,quant_only,qual_only,-0.6536193579399361,-1.28773514460716,-1.5566265572553144,-0.6550445147994276,-0.34805478368806225,-0.5125099797100018
2032802,methodkg_v3_01739,projtxt_f095e6fb1d1c0b69,explicit_mmr,no_method_signal,-1.7833893876440965,-1.5050357425988614,-1.302862125879167,0.34612591856284924,-0.5701095251992169,-0.5237477520628769
2033389,methodkg_v3_01740,projtxt_90c43779a8a5720a,explicit_mmr,implicit_mmr,-2.2057137884320093,0.9355233382120622,-1.2034765967812995,-0.8178773304537043,-0.5217020291016584,-1.1922312216588957
2036549,methodkg_v3_01741,projtxt_c914da900173fc64,implicit_mmr,explicit_mmr,0.09363799878583995,-0.28344667233171583,-1.5846891855921048,-1.1057592050009564,-0.5529764761084724,-0.9646492133049961
2036870,methodkg_v3_01742,projtxt_142017d3ef898744,multi_method_not_mmr,implicit_mmr,-1.6032086941985146,0.15144756830561268,-1.2386369121488425,-0.19210611572301264,-1.1294351281627537,-1.2552961743772948
2037403,methodkg_v3_01743,projtxt_6660b04cadc1652e,multi_method_not_mmr,no_method_signal,-0.5582153750901104,-1.8505873847868377,-0.7536064693043951,-0.32475794880597697,-0.8331316954270948,-0.7949105517825465
2037809,methodkg_v3_01744,projtxt_32952c460a095f4b,explicit_mmr,no_method_signal,-1.3518281574656226,-1.6522545259158974,-0.5687295148835287,0.1813855574878761,-1.8622429109283423,-0.40141101228782794
2039583,methodkg_v3_01745,projtxt_65adfd7e3855b7b0,quant_only,explicit_mmr,0.7066666262421697,-1.7620794996029037,-1.0717055746745179,-1.0487735662089581,-0.08457807419251592,-1.463585424395178
2039864,methodkg_v3_01746,projtxt_5327f06f8a5f3e1f,explicit_mmr,explicit_mmr,-0.32199778599214923,-0.7913311561496623,-0.8461965233324187,-0.8643843117673681,-1.6221411714012302,-0.5893021325315907
2039871,methodkg_v3_01747,projtxt_5327f06f8a5f3e1f,explicit_mmr,qual_only,-0.9291658431807392,-1.182660753002239,-1.0025604093549028,-0.502649245460284,0.030104618037262776,-0.5861900785294407
2040795,methodkg_v3_01748,projtxt_41ca7e3bca25e83a,quant_only,implicit_mmr,-1.6716587496189785,-0.03256963612653438,-0.37702206790965437,-1.1784368317999416,-1.517247281757087,-0.720517378690011
2041960,methodkg_v3_01749,projtxt_375738a06ffe805e,implicit_mmr,qual_only,-0.6044064405484131,-1.1896534653634019,-0.8509085726702807,-1.049738841234736,0.4359430928176845,-1.0924521491942016
2042142,methodkg_v3_01750,projtxt_3fe01440b485bf54,explicit_mmr,multi_method_not_mmr,-0.6273812291579228,-0.9857778215282187,0.2836224031404997,-1.3160758967839918,-0.6106025468295672,-1.6747225242926593
2044243,methodkg_v3_01751,projtxt_8f732fba024f8be2,implicit_mmr,explicit_mmr,-0.37146122287278505,-0.47595263854896314,-0.9002361505591172,-1.4595308110765104,-0.3850645828282649,-0.579969108931331
2044333,methodkg_v3_01752,projtxt_85c2aa548b53e1ca,multi_method_not_mmr,quant_only,-0.8917734166560543,0.24365248033969394,-2.05329676492683,-1.286585118591591,-1.6845971138586822,0.38852664123964825
2044390,methodkg_v3_01753,projtxt_2e227719662e01a9,implicit_mmr,explicit_mmr,0.2989681951246789,-0.11848784601916651,-0.45232873997807693,-1.4927217397941297,-2.0153173903746606,-1.0209120861304968
2044473,methodkg_v3_01754,projtxt_91e9a4ecd33bbc95,implicit_mmr,multi_method_not_mmr,-0.879238925355899,-0.8824954778152365,0.05245658930062594,-1.279580382309,-1.1246249143047993,-0.6473932829971744
2044879,methodkg_v3_01755,projtxt_7b2413bc1813c48f,explicit_mmr,explicit_mmr,0.3449388756319874,-1.323123353041666,-0.47083287630945675,-1.5779491156078949,-1.5812731044295167,-0.7345493893927156
2045634,methodkg_v3_01756,projtxt_2ca1f93eb272b514,qual_only,qual_only,0.3216592297191519,-1.3681881108262424,-1.9967635758498778,-1.584069201297046,1.2004849506790114,-1.2418453591185803
2046079,methodkg_v3_01757,projtxt_b6340fda16d76b7c,explicit_mmr,implicit_mmr,-0.775605196105998,1.370125989621908,-1.1976556478140672,-0.8331850593287188,-1.8521254672694138,-1.9101115505008202
2047105,methodkg_v3_01758,projtxt_20ca67bdf7062978,explicit_mmr,implicit_mmr,-1.2089597740898257,0.18677296564825357,-0.9554607608755796,-1.1351678293927585,-1.2761593464744068,-0.9769974261640748
2047420,methodkg_v3_01759,projtxt_d28552bd7d4a26bc,explicit_mmr,explicit_mmr,0.32084152653003356,-0.6446946102121585,-0.44981522574437144,-0.9805155869304548,-1.4836493052010533,-1.3160749478521931
2048018,methodkg_v3_01760,projtxt_ca9cfb151e84a532,implicit_mmr,explicit_mmr,0.1252478152048846,-1.2350265899899275,-1.507031267534507,-1.279623888762918,-0.022400738550227513,-0.6881555460051804
2048833,methodkg_v3_01761,projtxt_22aeb2814d4aec49,implicit_mmr,implicit_mmr,-1.4021147295097647,-0.10713562005177371,-0.18321751526080615,-0.6975591343278965,-0.19933630033731173,-2.2413871265413983
2048852,methodkg_v3_01762,projtxt_8f79e7c14ab37768,implicit_mmr,explicit_mmr,-0.14316686234205067,-0.7991258782985777,-0.5662557203671637,-1.0329201816763058,-0.7672174381318945,-1.4908275053949496
2048987,methodkg_v3_01763,projtxt_fe4f7a114e28c6c1,explicit_mmr,explicit_mmr,0.4653288431428744,-0.13450332131341286,-0.96747297180323,-1.439573170932446,-0.17133163765182838,-1.815568351381403
2049044,methodkg_v3_01764,projtxt_6f8b85ebdac7ab2e,multi_method_not_mmr,no_method_signal,-1.0755655898416894,-1.4959269407686524,-0.8583574854263876,-0.33017802329890633,-0.7526816067117753,-0.9443915648102468
2049974,methodkg_v3_01765,projtxt_3aa85a70fb40c265,qual_only,qual_only,-1.155169628230718,-1.356728100520498,-1.3896162301127093,-1.5189314813357826,1.2851693767584627,-1.2345167965519994
2050443,methodkg_v3_01766,projtxt_b0b47ab564309008,qual_only,explicit_mmr,-0.4221361017710186,-1.39145455390452,-0.5010449271906934,-0.6710645352719116,-1.1796464565435985,-0.4440995463463029
2050542,methodkg_v3_01767,projtxt_00e617ceb94357a0,multi_method_not_mmr,no_method_signal,-0.851339459094429,-1.1274112462463792,-0.8588506183081865,-0.2954719922960406,-0.9086499217896469,-0.6201289952203479
2050619,methodkg_v3_01768,projtxt_1f30b70c3608c43d,implicit_mmr,implicit_mmr,-1.111389305152339,0.18817020495360326,0.03165503862725255,-1.5345683091336755,-1.1547599190287365,-1.0400961017157435
2050669,methodkg_v3_01769,projtxt_d3ae1329d07b3ae9,multi_method_not_mmr,no_method_signal,-0.851339459094429,-1.1274112462463792,-0.8588506183081865,-0.2954719922960406,-0.9086499217896469,-0.6201289952203479
2050699,methodkg_v3_01770,projtxt_c69b5cd32c68de78,no_method_signal,quant_only,-0.01869252909195862,-1.452813119433532,-1.3638212555924976,-0.8189609947819753,-1.8457538485850475,0.20430364644387738
2050899,methodkg_v3_01771,projtxt_ed8837fd99c3a98e,no_method_signal,multi_method_not_mmr,-1.229404280689935,-1.9107149028782102,-0.18787860730126948,-1.2069166773978446,-0.45481706431059893,-0.515406083085522
2050956,methodkg_v3_01772,projtxt_4b2df178340abb78,multi_method_not_mmr,quant_only,-2.500151982186375,-1.3021948635276035,0.07989919316352075,-1.1485526394598335,-2.8279485014579095,0.24216904761964797
2051156,methodkg_v3_01773,projtxt_ed8837fd99c3a98e,no_method_signal,no_method_signal,-1.6062597600206456,-1.401880921923385,-1.512609575475651,0.11354431882498003,-2.700304276147693,0.025000163366200083
2052788,methodkg_v3_01774,projtxt_fa827ef23a09221b,no_method_signal,no_method_signal,-2.4998490961601085,-2.573288597394919,-0.7433545889291224,0.10835000076718052,-1.2359590923691748,-0.7846004599694354
2054823,methodkg_v3_01775,projtxt_f71ef5460cda3eba,explicit_mmr,explicit_mmr,-0.015687146946713942,-0.21973545721945104,-1.8594128397767216,-2.274210700520549,-0.48553160107905075,-0.45842148747372985
2055250,methodkg_v3_01776,projtxt_04722a9a9f318893,no_method_signal,no_method_signal,-1.4217237741656568,-0.3912790143541995,-1.0411393234176232,0.04157338567174815,-1.3004822130664522,-1.0378001135060047
2055288,methodkg_v3_01777,projtxt_b7b708bbee0a531c,explicit_mmr,no_method_signal,-0.6287699328303697,-1.7664670301961343,-0.7708922906016782,0.12149314048936424,-1.3487821912752316,-0.8884550234208011
2055343,methodkg_v3_01778,projtxt_ddedba33ddbac6d0,quant_only,implicit_mmr,-1.9161873732935124,1.1453002908919012,-0.916948234497146,-1.909299110931012,-2.001960263732413,-0.6118502102822169
2055375,methodkg_v3_01779,projtxt_69039fc46350f034,implicit_mmr,implicit_mmr,-0.8676241486303553,1.0594797882569236,-1.6789767107459028,-2.465809794643054,-1.035351181705405,-0.5457343889153005
2055379,methodkg_v3_01780,projtxt_391b75ddbd420d32,multi_method_not_mmr,implicit_mmr,-1.0052923299817225,0.41858091144135606,-1.3881671258176866,-1.398301816546437,-1.095039091598856,-0.8330615164962814
2055534,methodkg_v3_01781,projtxt_391b75ddbd420d32,multi_method_not_mmr,implicit_mmr,-1.0517963187584585,0.5129828191948664,-0.6178347898886285,-1.6701944672512672,-1.127790850446635,-0.9553886249472217
2055550,methodkg_v3_01782,projtxt_f92fa8e3bfb31738,explicit_mmr,explicit_mmr,0.3536568273654301,-1.815988822058708,-1.077215006481987,-1.0379008645036005,-1.0235697397407124,-1.1754340937527736
2055597,methodkg_v3_01783,projtxt_a1c4736254463bc0,explicit_mmr,quant_only,-1.1552197696977975,-0.768952448373045,-1.6121103145705542,-0.6837765232337868,-0.4909001248388712,-0.4901137328594391
2055609,methodkg_v3_01784,projtxt_a1c4736254463bc0,explicit_mmr,no_method_signal,-1.8844070196030291,-0.4685487614991697,-0.9747565697145086,-0.07855640488599672,-1.2098292872534324,-0.48438959190985914
2055705,methodkg_v3_01785,projtxt_1f3a89111286dec6,implicit_mmr,multi_method_not_mmr,-1.7683615237464627,-0.5373483313351185,-0.08474096779096046,-0.6456242901130622,-1.763318654324283,-1.0560396589990975
2100017,methodkg_v3_01786,projtxt_d74f3b28b97e8bc1,explicit_mmr,explicit_mmr,0.3948332985413075,-0.06122592264534968,-1.1437111517162264,-1.2496359803118824,-1.3685143412615333,-1.6893499846383362
2100029,methodkg_v3_01787,projtxt_4777dfa70dc91073,explicit_mmr,no_method_signal,-0.5495973684488786,-1.2072899179774619,-0.579622963533057,0.002323738102809031,-1.8755676971292918,-1.3560328290133696
2100062,methodkg_v3_01788,projtxt_62d4a8b113079ea1,explicit_mmr,no_method_signal,-0.9412214185528589,-1.347659241100934,-0.5559035540039945,0.06280491569932217,-1.3282347072091552,-0.8113783726351222
2100081,methodkg_v3_01789,projtxt_24728f8115dda450,implicit_mmr,qual_only,-0.7516706439874348,-0.5127246379056991,-0.9007482280194774,-1.1787965342298787,-0.26670311964552756,-1.347021010420025
2100137,methodkg_v3_01790,projtxt_1470d9f5a722f6ac,multi_method_not_mmr,quant_only,-0.641903714904345,-1.242782832331826,-1.6280033917855823,-1.34085503199427,-0.6677479470511877,-0.1798587292865333
2100138,methodkg_v3_01791,projtxt_1470d9f5a722f6ac,multi_method_not_mmr,qual_only,0.012027572101516004,-0.6937781153871332,-1.7851542149841992,-1.2477376131414208,0.05065393877935214,-1.0676243715826597
2100139,methodkg_v3_01792,projtxt_d74f3b28b97e8bc1,explicit_mmr,quant_only,-2.0423667515673527,-0.40564092462216556,-1.1827655056657804,-0.8948800911901099,-1.7078246697398138,-0.20086197890865348
2100149,methodkg_v3_01793,projtxt_b400e59d6e899efb,qual_only,no_method_signal,-0.8730533160267555,-1.4619320982422734,-0.7714266566140904,-0.07102913199377894,-1.1698850151293951,-0.8354019470671422
2100242,methodkg_v3_01794,projtxt_65345c6a2934bdc1,qual_only,implicit_mmr,-0.6260775811336907,0.7299313846880857,-1.152777860412503,-2.464673509102686,-0.45395605320956217,-1.1338293679115352
2100296,methodkg_v3_01795,projtxt_f92fa8e3bfb31738,explicit_mmr,explicit_mmr,0.5182872547347028,-0.9968252186245088,-1.1326531810654774,-1.4909664237762879,-0.5288606774804679,-0.914490854581279
2100617,methodkg_v3_01796,projtxt_f21d59f3a22b7a7b,implicit_mmr,qual_only,0.2213066186219394,-0.5060562445393604,-1.8648003788864116,-0.9266092973452086,0.6408631342479518,-1.0619554113570502
2100823,methodkg_v3_01797,projtxt_0df2d658d9ae017c,quant_only,implicit_mmr,-0.38888019198322654,-0.14413035865118995,-1.1588158562840527,-0.9751611305688123,-0.5197668291127552,-0.8606647577912037
2100835,methodkg_v3_01798,projtxt_7d41cd094cba0959,explicit_mmr,no_method_signal,-0.81005802019227,-1.1308562006415102,-0.7701414256260115,0.25386103052379394,-2.2470964374341156,-0.8911870949031083
2101138,methodkg_v3_01799,projtxt_fa6e65c73f689323,multi_method_not_mmr,explicit_mmr,0.2945335336809222,-2.371572967274276,-0.30409873447238195,-0.44631563040170075,-1.5745988506139326,-0.6258987694068944
2101217,methodkg_v3_01800,projtxt_90e4ed2686df5f87,qual_only,qual_only,-0.5498912687996915,-1.0227962590296356,-1.0395201821672162,-0.636853610183396,-0.23952870953686559,-0.5514329543701834
2101255,methodkg_v3_01801,projtxt_8628b870f689a97f,multi_method_not_mmr,implicit_mmr,-1.8443593617910417,0.24425632281208914,-0.5757719376436101,-0.18805966996603854,-1.3228329666579057,-1.443646594090489
2101669,methodkg_v3_01802,projtxt_6363c8b5fefc3c5b,multi_method_not_mmr,explicit_mmr,0.24276305830606643,-0.3059926459831084,-0.49936688454374084,-1.5520613207105651,-0.6926306028865682,-1.432711811950639
2101670,methodkg_v3_01803,projtxt_6363c8b5fefc3c5b,multi_method_not_mmr,explicit_mmr,0.09326633410763246,-1.6778126833893494,-0.7042574707445386,-0.6438091685089536,-1.1072214642167697,-1.0655791327487174
2104782,methodkg_v3_01804,projtxt_80e2ac83636fc362,explicit_mmr,explicit_mmr,0.11942211670725073,-0.5147686831565517,-0.48135168309638593,-0.9533603815696207,-1.4814751726461666,-1.2725469137021956
2104792,methodkg_v3_01805,projtxt_80e2ac83636fc362,explicit_mmr,implicit_mmr,-0.8188122698815614,-0.24494780599657268,-0.5106561816344839,-1.1905002420055215,-0.9972968486947155,-0.7600301166644606
2104979,methodkg_v3_01806,projtxt_80e2ac83636fc362,explicit_mmr,implicit_mmr,-0.8979435022016902,0.6599204321851877,-0.20179723390025406,-1.968288291214032,-0.7701110154744434,-1.2081127998000638
2105156,methodkg_v3_01807,projtxt_a89d5fc253c3edcf,explicit_mmr,qual_only,-0.5507259242123861,-0.8716316843820722,-0.9286231275777721,-0.9196728842423071,0.14934785208039184,-0.8312937699693552
2105695,methodkg_v3_01808,projtxt_581cb0029a749608,implicit_mmr,implicit_mmr,-0.5117836059326563,-0.49001783376343006,-0.9713805215337388,-0.851859903711163,-0.6988088093282668,-0.7176323195672533
2106319,methodkg_v3_01809,projtxt_d006e28f0c25de40,explicit_mmr,qual_only,-1.0978155818457442,-0.815139747101947,-1.4847778445839446,-0.6287794226233422,0.7987759049881087,-1.085220484038159
2106670,methodkg_v3_01810,projtxt_02dd6aff64e675ab,explicit_mmr,multi_method_not_mmr,-0.7693030155200218,-1.077608139282754,-0.3434514041281907,-0.8379640047174924,-1.61096113592867,-0.559020672987597
2107631,methodkg_v3_01811,projtxt_9dfa5a67ff8d01e7,explicit_mmr,no_method_signal,-0.42616186795789956,-2.278683090351769,-1.3878537938316764,-0.14085334683466824,-1.1168688972557503,-0.5568126482907029
2109443,methodkg_v3_01812,projtxt_9cd26396189dac60,implicit_mmr,multi_method_not_mmr,-0.5989808524525846,-0.5159590437065738,-0.3656054689131885,-0.999604407382564,-0.46383125872815306,-1.891808492863901
2109942,methodkg_v3_01813,projtxt_6df75f043518ef1c,quant_only,quant_only,-2.079647020208602,-0.6927722386352844,-0.9707874291304626,-1.3182618587487451,-1.0531137582148058,-0.22887546552302515
2110641,methodkg_v3_01814,projtxt_2b3d21e0a778e78f,implicit_mmr,explicit_mmr,-0.35635253081972224,-0.38801403618580504,-0.5462170469938565,-1.4640891601246568,-1.0224927837259274,-0.7953802924560326
2110777,methodkg_v3_01815,projtxt_b6599599f28d37ea,explicit_mmr,explicit_mmr,0.8612965007795108,-0.3076577745293312,-1.4469396359173636,-1.2101458612229639,-2.2623038022543134,-1.236977733223858
2111119,methodkg_v3_01816,projtxt_457f9ffbbf2d35a3,implicit_mmr,implicit_mmr,-0.6595948994272198,-0.14432392633930038,-0.5646269075214252,-1.792507576754429,-0.563756466279825,-0.5237016107804834
2111150,methodkg_v3_01817,projtxt_a084b4bbc27abd6c,explicit_mmr,explicit_mmr,0.2989681951246789,-0.11848784601916651,-0.45232873997807693,-1.4927217397941297,-2.0153173903746606,-1.0209120861304968
2111262,methodkg_v3_01818,projtxt_029a40bc421ed1cd,implicit_mmr,multi_method_not_mmr,-0.6486014728244196,-0.7496585770838766,-0.4089462437478136,-1.1900117379969748,-1.3667394793805865,-0.8954983827511267
2111331,methodkg_v3_01819,projtxt_2b3d21e0a778e78f,implicit_mmr,multi_method_not_mmr,-0.19165834087057085,-0.3149050116693447,0.15340171956150891,-1.8270686158220226,-1.5039720318856413,-1.2712881185245297
2111377,methodkg_v3_01820,projtxt_431f920df327edc2,explicit_mmr,implicit_mmr,-0.25210765165214866,-0.05976309402708044,-0.3947131725247576,-1.755388257225477,-2.0109546593163006,-0.3545633193796945
2111386,methodkg_v3_01821,projtxt_431f920df327edc2,explicit_mmr,quant_only,-0.43544886790057413,-0.6802290117275183,-0.649625060282045,-1.3063585297839904,-0.9544237186402594,-0.4286766559507409
2111510,methodkg_v3_01822,projtxt_431f920df327edc2,explicit_mmr,explicit_mmr,-0.08028445862108191,-0.3789356169057526,-0.9623338053551616,-1.2123926181751337,-0.8536887933976457,-0.8469822605411149
2111533,methodkg_v3_01823,projtxt_2b3d21e0a778e78f,implicit_mmr,explicit_mmr,-0.35635253081972224,-0.38801403618580504,-0.5462170469938565,-1.4640891601246568,-1.0224927837259274,-0.7953802924560326
2112532,methodkg_v3_01824,projtxt_6b8610f65b9d0a26,explicit_mmr,quant_only,-1.236818275696198,-1.9153432712119196,-0.5376004276511404,-1.0322950271161588,-0.9595807580064359,-0.25658189932407727
2112689,methodkg_v3_01825,projtxt_e6ce90dae9e32586,explicit_mmr,explicit_mmr,0.7966881675175483,-1.2337913943288534,-1.942348324255989,-0.8197289962712851,-0.479209346204228,-1.023073367723904
2113261,methodkg_v3_01826,projtxt_07bb8f0e1d6e4563,multi_method_not_mmr,no_method_signal,-0.2094375373255159,-1.5732199348692346,-1.1646285675715078,0.08306395275983164,-1.6299670578277543,-0.7506597668019573
2113755,methodkg_v3_01827,projtxt_419c744c21fbb08c,implicit_mmr,qual_only,0.2015948892682633,-1.2537956147569802,-0.2792685925394368,-1.6023423766264249,0.7520018110199912,-1.081947514848955
2113844,methodkg_v3_01828,projtxt_60b916538d4596e2,implicit_mmr,explicit_mmr,0.541727946745514,-1.6804079485268353,-1.0210410553105147,-0.2670458979089573,-1.0940275785908256,-1.3433899162994385
2113845,methodkg_v3_01829,projtxt_60b916538d4596e2,implicit_mmr,quant_only,-1.328933926940012,-1.2811621109600724,-0.13413362723194294,-0.9228754412948742,-0.5408036966183207,0.023944325279560356
2113846,methodkg_v3_01830,projtxt_60b916538d4596e2,implicit_mmr,no_method_signal,-1.1452412703802084,-0.8240595819266534,-0.6582652234994106,-0.35930638730563313,-0.6804776868939045,-0.8951089007903603
2114824,methodkg_v3_01831,projtxt_cddf7e0cc0ad4502,qual_only,quant_only,-0.8479516702553447,-0.75379368861124,-0.7804339878541418,-1.1437867424760728,-1.3605074661108545,-0.4126748832522444
2115138,methodkg_v3_01832,projtxt_322477d0381a6689,explicit_mmr,no_method_signal,-0.8797914667454687,-1.191730507814307,-0.9547571633473886,-0.1881226359442347,-0.8116647503338977,-0.4497614986841773
2115160,methodkg_v3_01833,projtxt_b40ebcd25b6e91b6,implicit_mmr,explicit_mmr,-0.02567318923130754,-1.402616785512098,-0.5892820625884236,-0.3897811525126441,-0.6302823525843202,-1.1679368816752849
2115579,methodkg_v3_01834,projtxt_baf70c75a8059db2,explicit_mmr,quant_only,-0.7965281263641986,-1.3507424342966103,-0.8256333011797408,-0.795249530141272,-1.01799626818685,-0.6678417297786566
2115730,methodkg_v3_01835,projtxt_7763d695e0220998,explicit_mmr,explicit_mmr,-0.43429356902890964,-0.74955961702926,-1.0035632359071753,-0.5104718937021665,-0.6560744790055323,-0.9101916616478324
2115921,methodkg_v3_01836,projtxt_f72f6ecc2a8b5b4d,implicit_mmr,qual_only,-0.5643999744929641,-0.7317421614234387,-0.7286697715966228,-0.5610147539658815,-0.45881630095025905,-0.8691803437533447
2116110,methodkg_v3_01837,projtxt_b8b762d37efd596b,explicit_mmr,qual_only,-0.7549937601535068,-0.5532313823978402,-0.43641452054628743,-0.8960316483787044,-0.1819830545263951,-1.0974458590049594
2116118,methodkg_v3_01838,projtxt_8c65c85ff9a52003,explicit_mmr,explicit_mmr,0.4539091011928748,-1.494408272606382,-1.0424437244290088,-0.5503578865384655,-0.8613879026782331,-0.8618086468909973
2117224,methodkg_v3_01839,projtxt_a94ace5ca3dd0458,explicit_mmr,implicit_mmr,-0.897662125123863,0.6605222234894637,-0.20116126780060006,-1.967791722604338,-0.7695407982942802,-1.207802633266389
2118077,methodkg_v3_01840,projtxt_a94ace5ca3dd0458,explicit_mmr,multi_method_not_mmr,-0.3709230422101719,-0.7105840575024538,0.1250147425428539,-1.2872106889878194,-0.9695595969769847,-1.5226127795625537
2119007,methodkg_v3_01841,projtxt_e2130aa1f81e40cf,multi_method_not_mmr,quant_only,-1.8047492528914313,-0.5369654466428141,-0.5651427170696606,-1.1606220560036287,-1.4774860831940777,0.07108531464621043
2120021,methodkg_v3_01842,projtxt_a022754d031d0071,explicit_mmr,quant_only,-1.2076067904835002,-1.3781621189182551,-0.7093381789340634,-0.5831682486309058,-2.6006003626145935,-0.24948968241271574
2120742,methodkg_v3_01843,projtxt_341cbb6d07fed890,explicit_mmr,quant_only,-1.3154622554611717,-1.8276670075485018,-1.122071498086478,-0.4291193102506655,-1.3051482019746166,-0.2118214184210519
2120849,methodkg_v3_01844,projtxt_9bc6cd06b64ed5f5,explicit_mmr,multi_method_not_mmr,-0.6613452919580316,-0.32086839596402955,-0.25451598059421865,-0.853959705819855,-1.6416302116256123,-1.077517062795486
2121277,methodkg_v3_01845,projtxt_5f6ee756fe5294a3,explicit_mmr,explicit_mmr,0.720992648085115,-1.284728902693726,-0.9926540782918598,-0.8069038247431602,-1.6284400134994823,-1.0920652552614145
2121342,methodkg_v3_01846,projtxt_bd3f28e8b2018c36,explicit_mmr,explicit_mmr,-0.26175266766886,-0.42319982594917727,-0.7081396246360192,-1.2133858337602552,-1.5183955315534141,-0.5140747895172241
2121351,methodkg_v3_01847,projtxt_1af6bfc9255aa9de,explicit_mmr,implicit_mmr,-0.9382674334112944,0.07372740458932767,-0.7642632132852532,-1.3721306864841194,-1.8530943576465166,-0.9202697161135824
2121417,methodkg_v3_01848,projtxt_f2b63772d8f83b67,explicit_mmr,no_method_signal,-1.0049266419214178,-0.5531080095226166,-1.5746148410962968,-0.03219042910340056,-2.3974787699504576,-1.0920089193266218
2121503,methodkg_v3_01849,projtxt_bd3f28e8b2018c36,explicit_mmr,explicit_mmr,0.7258498055916522,-0.7458028317159688,-0.9796117686718555,-1.4183610618745988,-1.3015419602419684,-0.9009226545024133
2122212,methodkg_v3_01850,projtxt_f8eb65432ad22af1,multi_method_not_mmr,implicit_mmr,-1.1335953034084152,-0.6163183483244951,-0.6283448464691823,-0.6459994798778443,-1.1799122575425072,-0.7697830724258329
2122213,methodkg_v3_01851,projtxt_f8eb65432ad22af1,multi_method_not_mmr,multi_method_not_mmr,-1.0395337371543747,-0.7132521196549162,0.00765978308344592,-0.9802508755928895,-1.3828817350514155,-1.3047616869625995
2122367,methodkg_v3_01852,projtxt_d91ba96bf3be8dad,explicit_mmr,no_method_signal,-1.8761892718481528,-0.6404299870136907,-0.9584296398185375,-0.18725690761559652,-1.211215553804331,-0.5983723934704841
2122665,methodkg_v3_01853,projtxt_c4dc8e729fcbc512,explicit_mmr,no_method_signal,-0.7433942306835741,-1.1343929003940325,-0.8040791286632489,-0.6304454263463801,-1.3066169088077157,-0.7226966549615892
2122828,methodkg_v3_01854,projtxt_7ba11606919f2bbc,explicit_mmr,implicit_mmr,-1.593266224219302,0.059782605446942805,-0.941612276225325,-0.7354182533770581,-1.6478624207970378,-0.7446924171585871
2122874,methodkg_v3_01855,projtxt_8cd0116365c9c243,explicit_mmr,multi_method_not_mmr,-1.2484325813923027,-0.14686638576404304,-0.09547701021186655,-1.442311746788004,-2.04533328842825,-0.767797906730497
2122875,methodkg_v3_01856,projtxt_393e192b80fe79e8,explicit_mmr,implicit_mmr,-1.5309289176955607,-0.126515051618482,-0.758802819365606,-0.6005079196721648,-1.5304466919610422,-0.8235778318785091
2122924,methodkg_v3_01857,projtxt_076cf314259d5520,explicit_mmr,quant_only,-1.072960953303377,-0.7173270799319413,-0.9850283014080916,-0.504304997849044,-1.9275715348615436,-0.2656857977781836
2122934,methodkg_v3_01858,projtxt_960837423d999e65,qual_only,multi_method_not_mmr,-1.0917947585185486,-1.0622231406989537,-0.3510207330325635,-0.7094567786519921,-1.1067212299816258,-0.7430440885195302
2122985,methodkg_v3_01859,projtxt_37ffffa453bdff20,quant_only,no_method_signal,-1.0898926083120903,-0.9434282411797488,-2.6898491688383532,0.29132607944112787,-2.587979955967462,-0.5988901940602394
2124215,methodkg_v3_01860,projtxt_b156643bcfceb157,quant_only,no_method_signal,-1.2111809137818317,-1.1677933775456768,-1.518878032136548,0.29974868353294526,-0.6156629871802756,-1.2117491125219386
2125362,methodkg_v3_01861,projtxt_a6c8a502f32182e2,multi_method_not_mmr,no_method_signal,-1.4308304483228649,-0.9809392725480011,-1.240184129550548,-0.03398710422286791,-0.7072950285121379,-0.6378578175579195
2126021,methodkg_v3_01862,projtxt_6b8158a3dd06913e,explicit_mmr,implicit_mmr,-1.360004203512523,0.00018281537798237046,-0.7176186934379696,-0.8179876588543294,-2.63868101652896,-0.4403937807657314
2126023,methodkg_v3_01863,projtxt_3c8703fae94f81f4,explicit_mmr,quant_only,-1.223085414251205,-1.5203254910277006,-1.898890664183751,-0.5665288033871778,-0.8653658351706867,0.14371041885988323
2126031,methodkg_v3_01864,projtxt_1a9abc3d81e180f4,implicit_mmr,no_method_signal,-0.8211704899125651,-1.5535789022575945,-1.0160739921899047,-0.30293750150758425,-0.845619162244915,-0.761867337200444
2126056,methodkg_v3_01865,projtxt_7c7a1bdd61db30bd,explicit_mmr,implicit_mmr,-1.8107408529180202,-0.08894136613635228,-0.22574906840194942,-1.016371292734214,-1.3976574203662042,-0.7558747592599353
2126082,methodkg_v3_01866,projtxt_ee752425eda11ee3,quant_only,quant_only,-1.4380164890893696,-1.1839131463933361,-0.5413728021144169,-0.6084169898013413,-1.2245478465163426,-0.12135285699361059
2126613,methodkg_v3_01867,projtxt_07dab8f0f0dbb436,qual_only,explicit_mmr,0.30698187080369027,-0.4999036641170423,-0.9400549240509275,-1.3104926439807403,-1.4831450436044493,-0.7109482787245225
2128203,methodkg_v3_01868,projtxt_6ff4baf5c6f79d00,implicit_mmr,implicit_mmr,-1.979221671504856,0.09804332202947913,-0.7390586167767879,-0.6434530901154213,-1.6092190260304668,-0.6275720352310988
2128544,methodkg_v3_01869,projtxt_336f620aff41515b,implicit_mmr,explicit_mmr,-0.1427330846525482,-0.3956521103165532,-0.8178095463137638,-1.404242238601571,-2.156553606309887,-0.33797747149356655
2128559,methodkg_v3_01870,projtxt_336f620aff41515b,implicit_mmr,explicit_mmr,-0.25086987384455095,-0.7483189068452081,-0.39377371537408573,-1.1090047799660923,-1.0812298813007184,-0.883480582845941
2128897,methodkg_v3_01871,projtxt_955719bccc529669,explicit_mmr,quant_only,-1.2581522319352432,-1.017806957866474,-1.5346928660054984,-0.07091291762822075,-1.217991487674061,0.14494171709158116
2129282,methodkg_v3_01872,projtxt_06e5e39682f324de,explicit_mmr,explicit_mmr,0.11970349378507789,-0.5141668918522757,-0.48071571699673193,-0.9528638129599266,-1.4809049554660034,-1.2722367471685208
2129308,methodkg_v3_01873,projtxt_06e5e39682f324de,explicit_mmr,quant_only,-1.328933926940012,-1.2811621109600724,-0.13413362723194294,-0.9228754412948742,-0.5408036966183207,0.023944325279560356
2129896,methodkg_v3_01874,projtxt_9e90a87deb59d7b8,explicit_mmr,explicit_mmr,-0.22404370052913342,-0.9845892866059909,-1.5804430182020437,-0.318659981253374,-1.3143180203587996,-0.4421170495776809
2130006,methodkg_v3_01875,projtxt_39e07fdac32f948c,qual_only,quant_only,-0.7903001244621335,-0.7895537830908417,-1.3547982740232452,-0.3909987109358949,-1.100334631090279,-0.37683497651437287
2130022,methodkg_v3_01876,projtxt_de71e5fe2026e4cb,explicit_mmr,quant_only,-0.9842712557299282,-0.4139209981561467,-1.0660017579282342,-0.7359038205275831,-1.839383286335601,-0.041893889549180566
2130073,methodkg_v3_01877,projtxt_280e5108ddad2562,explicit_mmr,quant_only,-0.8167454784574351,-0.7026568628278722,-1.1229910041422355,-0.5009845573796112,-1.132175531131083,-0.46747827484092147
2130169,methodkg_v3_01878,projtxt_41729695ca7eafdf,explicit_mmr,quant_only,-0.9839898786521011,-0.41331920685187074,-1.0653657918285802,-0.735407251917889,-1.838813069155438,-0.041583723015505794
2130222,methodkg_v3_01879,projtxt_c0e74ffd4821cce5,explicit_mmr,no_method_signal,-0.18545871116815132,-1.520900173534783,-0.8813832267425761,0.19089161968030027,-1.2150357064673485,-1.3725074456844448
2130239,methodkg_v3_01880,projtxt_1988d3ee1b85435c,explicit_mmr,quant_only,-0.6216921132325439,-0.8174490973788808,-1.2670226317909508,-0.4547293399185047,-0.8485840101893268,-0.39975934046426925
2130255,methodkg_v3_01881,projtxt_c0e74ffd4821cce5,explicit_mmr,implicit_mmr,-0.8850064826020274,-0.2614970029711307,-0.8744740563033784,-0.5307823936605054,-1.21424304616276,-0.7595965365958001
2130256,methodkg_v3_01882,projtxt_43223a9f6288015f,explicit_mmr,quant_only,-1.0166066488719196,-0.611580398771604,-1.0070178884504615,-0.9127223686327909,-0.902773778700499,-0.30245684403418865
2130286,methodkg_v3_01883,projtxt_c0e74ffd4821cce5,explicit_mmr,implicit_mmr,-1.023807208823242,-0.31726694167667285,-0.7225650906960199,-0.36822028598508383,-1.0940829675917148,-0.7946437506320497
2130290,methodkg_v3_01884,projtxt_471552f65ce03187,explicit_mmr,no_method_signal,-0.8040255816014974,-0.5972646633851435,-1.2227662860259296,-0.22883730313082803,-0.9880994508660995,-0.718165429179232
2130298,methodkg_v3_01885,projtxt_471552f65ce03187,explicit_mmr,quant_only,-0.5615656143063186,-1.4827271498773065,-0.718386151682354,-0.6298070234082943,-1.1441379551142359,-0.5213858154521307
2130323,methodkg_v3_01886,projtxt_c0e74ffd4821cce5,explicit_mmr,implicit_mmr,-0.8850064826020274,-0.2614970029711307,-0.8744740563033784,-0.5307823936605054,-1.21424304616276,-0.7595965365958001
2130397,methodkg_v3_01887,projtxt_f82ee086f4412803,implicit_mmr,qual_only,-1.3806497662791264,-0.9095139733334796,-0.7867459173522373,-0.4439938448843538,-0.23772718067798995,-0.7858592582232317
2130398,methodkg_v3_01888,projtxt_471552f65ce03187,explicit_mmr,qual_only,-0.3088636540362508,-1.1855551371245645,-1.5471025859944934,-0.524020878836051,-0.20866618843265658,-0.7999767791598253
2130448,methodkg_v3_01889,projtxt_e60a72b57bf3d9ce,explicit_mmr,no_method_signal,-0.8282737652823235,-1.0791561536017436,-0.9506257274067484,-0.39496531492145037,-1.1947609501942298,-0.45332663842455184
2130461,methodkg_v3_01890,projtxt_5b14c7ec253be70a,explicit_mmr,no_method_signal,-1.2742676363908896,-1.0849194055220748,-1.8333191809976774,0.13620415402539082,-0.39641673508004666,-0.47886372972158303
2130479,methodkg_v3_01891,projtxt_7d25dee515174d75,quant_only,no_method_signal,-0.887378102152546,-0.8726996586747537,-1.1866051411449727,-0.4722564973972908,-0.8536657604802776,-0.526549063309191
2131097,methodkg_v3_01892,projtxt_4cbc11a4f15f35b2,implicit_mmr,quant_only,-1.3619868320833222,-0.6358930173552795,-0.9564055452961782,-0.6199067011055682,-1.0358269674316338,-0.5457714879982237
2133190,methodkg_v3_01893,projtxt_a0b1764ed538601c,qual_only,qual_only,-0.8725451330890386,-1.4446224063818884,-0.8901471985961662,-1.1926891574941962,1.4066969430367047,-1.1515278237539313
2133982,methodkg_v3_01894,projtxt_2880e457027f1848,explicit_mmr,implicit_mmr,-1.0088922936227278,-0.3452775787843522,-1.4391464052646323,-1.1941075435354611,-0.3744647774025937,-0.8232598253034381
2134583,methodkg_v3_01895,projtxt_4582f6cc1b98ecc0,explicit_mmr,explicit_mmr,-0.3358834474588998,-0.48286193311504516,-0.46842521424900646,-1.7397202536040113,-0.9305426638391089,-0.5564841944817405
2135431,methodkg_v3_01896,projtxt_53b19a8058734f2f,explicit_mmr,quant_only,-0.6975979165091885,-0.6280401636285762,-0.8761945493263152,-1.0146892276278479,-0.6477419079305299,-0.45953599762141856
2135438,methodkg_v3_01897,projtxt_53b19a8058734f2f,explicit_mmr,implicit_mmr,-0.7154323914900429,-0.3185652394472285,-0.6211285389596606,-1.0775798714701565,-0.9933712212920337,-0.6463437864787567
2136382,methodkg_v3_01898,projtxt_be5a0d8a4d7c1e4b,qual_only,implicit_mmr,-1.5926265405580102,0.7026131519064662,0.15314284168129688,-1.8237976523395816,-1.9073872853442608,-1.0691118080680955
2138463,methodkg_v3_01899,projtxt_af0f50a6a6e5f9b2,explicit_mmr,no_method_signal,-1.5481624357581307,-0.9568035274079911,-1.1406242345603421,-0.07908448769675278,-1.2238594069540083,-0.7018005871989638
2139106,methodkg_v3_01900,projtxt_6999f007aa5a724b,explicit_mmr,multi_method_not_mmr,-0.9365311944279704,-0.54347541655402,-0.5336645017685244,-0.7532956960074944,-1.6542360757004775,-1.192209098898323
2140246,methodkg_v3_01901,projtxt_d123840904cfc69c,explicit_mmr,explicit_mmr,0.4430870033670394,-1.2441669491567955,-0.983005978341871,-0.7183913134060725,-2.600794150791992,-0.7448610605053902
2140262,methodkg_v3_01902,projtxt_1f7f4df7e0003f37,explicit_mmr,implicit_mmr,-1.7409914272876774,0.28650472478540384,-0.6216702456068066,-0.5855121688994925,-1.807111450070304,-0.9237571661951691
2140867,methodkg_v3_01903,projtxt_d123840904cfc69c,explicit_mmr,no_method_signal,-1.8338367773512942,-1.456310148906473,-0.8384830626253739,-0.14968821271247565,-0.6261487302986498,-0.9953828402862692
2140901,methodkg_v3_01904,projtxt_f418bbf041a4242b,explicit_mmr,implicit_mmr,-0.6264923191465908,1.0582635036086319,-0.860392464687229,-1.6030868229903106,-1.862853272267141,-1.1279927707858333
2140902,methodkg_v3_01905,projtxt_f418bbf041a4242b,explicit_mmr,qual_only,-0.4514325691981306,-0.8942031638836438,-1.4201243629562503,-1.1165051565799968,-0.018751396092281325,-0.702408429773654
2140903,methodkg_v3_01906,projtxt_f418bbf041a4242b,explicit_mmr,explicit_mmr,0.033499874663310725,-0.0870269675583323,-1.0241237683265982,-1.2690605510622242,-1.3237203030347933,-0.9293731371122071
2140904,methodkg_v3_01907,projtxt_f418bbf041a4242b,explicit_mmr,implicit_mmr,-0.7568466044426532,-0.42992364722784127,-1.5703501754541982,-0.8743025710050555,-0.8905648513920027,-0.7930985482696413
2140905,methodkg_v3_01908,projtxt_f418bbf041a4242b,explicit_mmr,qual_only,-1.2121718935815822,-0.929361486019779,-1.3126323160240498,-0.4598185246988472,-0.29029526798136845,-0.303464031717592
2141682,methodkg_v3_01909,projtxt_de709f4ca1737eae,explicit_mmr,explicit_mmr,0.3805782135300371,-0.858718360228147,-0.2515175816204358,-2.1426968720703217,0.21701915893117132,-0.8309330203446056
2141716,methodkg_v3_01910,projtxt_d5e7333f244f531c,implicit_mmr,implicit_mmr,-0.4314210538138097,-0.05195756690257691,-1.6994271310613422,-1.3211091127155332,-1.557579859273786,-0.8087047674477018
2141724,methodkg_v3_01911,projtxt_d5e7333f244f531c,implicit_mmr,explicit_mmr,-0.19687357081296744,-0.7734747867917398,-0.7755422301123502,-1.1030948213171687,-1.2603859919206122,-1.2227560464840348
2141727,methodkg_v3_01912,projtxt_d5e7333f244f531c,implicit_mmr,multi_method_not_mmr,-0.24591014653871499,-0.8957418386207563,0.5230027516640392,-1.582860485259164,-1.7932535015726123,-1.7259473191873715
2141952,methodkg_v3_01913,projtxt_1f298c43c0165eef,implicit_mmr,implicit_mmr,-0.6328404636365926,0.07796836015302977,-1.7309635884133567,-1.293953907354699,-1.5554057267188988,-0.7651767332977043
2141975,methodkg_v3_01914,projtxt_9ff7049ab6a05198,explicit_mmr,explicit_mmr,-0.1926363558220182,-0.4310807694607817,-0.7180182255449308,-1.4905165537202774,-1.0840871435240416,-0.529135916522979
2142108,methodkg_v3_01915,projtxt_be97e82f9b8f895b,implicit_mmr,implicit_mmr,-0.659490253642153,-0.09526173836237034,-0.8080548886928376,-1.2296955211556146,-1.1070220077219306,-0.6257353628184885
2142214,methodkg_v3_01916,projtxt_c648beebfa74f678,explicit_mmr,explicit_mmr,-0.2511512509223781,-0.748920698149484,-0.3944096814737397,-1.1095013485757863,-1.0818000984808815,-0.8837907493796158
2142262,methodkg_v3_01917,projtxt_be97e82f9b8f895b,implicit_mmr,implicit_mmr,-0.4855810775390959,-0.12689477628265533,-0.36662979429934534,-1.9045550313601571,-1.0716008019461487,-0.5712880731810303
2142276,methodkg_v3_01918,projtxt_9ff7049ab6a05198,explicit_mmr,implicit_mmr,-0.2523890287299758,-0.060364885331356394,-0.3953491386244116,-1.7558848258351711,-2.011524876496464,-0.35487348591336926
2142277,methodkg_v3_01919,projtxt_be97e82f9b8f895b,implicit_mmr,implicit_mmr,-0.687973600119888,-0.021584976464079794,-0.750784781792921,-1.7244526195466714,-0.840181619260806,-0.255948530333101
2142311,methodkg_v3_01920,projtxt_f1f8b6c8448ac158,explicit_mmr,quant_only,-0.7423257998619541,-0.573261835490853,-0.37072444867289595,-1.5965798889359133,-0.8823973523078088,-0.3321028490463099
2142324,methodkg_v3_01921,projtxt_f1f8b6c8448ac158,explicit_mmr,implicit_mmr,-0.2735627644243279,-0.1137826235047468,-0.5836501240741216,-1.2216631030775822,-1.1580669084720754,-0.987616991393423
2142344,methodkg_v3_01922,projtxt_c648beebfa74f678,explicit_mmr,explicit_mmr,-0.033177960319672545,-0.1339736472252694,-0.3550493200124771,-1.3912328586377631,-1.7287456829059873,-1.316321340935935
2142416,methodkg_v3_01923,projtxt_9ff7049ab6a05198,explicit_mmr,explicit_mmr,-0.05573888064757501,-0.5428426536662694,-1.4335107930354154,-2.263256596150907,-0.12748046951899047,-0.24511591065101804
2142436,methodkg_v3_01924,projtxt_9ff7049ab6a05198,explicit_mmr,multi_method_not_mmr,-0.2685312854492407,-0.9418025530144978,0.1415508565082497,-1.1403899011716938,-1.2314597247882881,-1.208137712669253
2142439,methodkg_v3_01925,projtxt_2cfcd75540e543fa,implicit_mmr,explicit_mmr,-0.3566339078975494,-0.388615827490081,-0.5468530130935105,-1.464585728734351,-1.0230630009060906,-0.7956904589897074
2142490,methodkg_v3_01926,projtxt_2cfcd75540e543fa,implicit_mmr,multi_method_not_mmr,-0.9795543116730281,-1.2739105059877627,-0.4846129962772718,-0.5496376737420485,-0.940358176806832,-0.9077681223263316
2142503,methodkg_v3_01927,projtxt_2cfcd75540e543fa,implicit_mmr,multi_method_not_mmr,-0.8407535854518138,-1.2181405672822205,-0.6365219618846303,-0.7121997814174701,-1.0605182553778774,-0.8727209082900821
2142594,methodkg_v3_01928,projtxt_2cfcd75540e543fa,implicit_mmr,explicit_mmr,-0.09733386104322297,-0.40357633829269696,-1.4676662971615664,-1.275362740122392,-1.1404950091651962,-0.32849601274506063
2142628,methodkg_v3_01929,projtxt_fe73a744083b8f37,multi_method_not_mmr,implicit_mmr,-0.28600128420243837,-0.21857303164319952,-0.4832388760907734,-1.4933137887166714,-1.301572771556896,-0.7366196705214378
2142641,methodkg_v3_01930,projtxt_5938e26505138f2b,explicit_mmr,implicit_mmr,-0.7994667071900801,0.12949734329486984,-0.9161721788926118,-1.5346927941595412,-1.9732544362175621,-0.8852225020773329
2142659,methodkg_v3_01931,projtxt_eb3a2bbf1dbf5bb1,qual_only,multi_method_not_mmr,-0.4427582422798262,-0.9059434500659544,-0.07058386436546166,-1.7046205382423845,-1.1155061940414253,-0.2886138431341503
2142697,methodkg_v3_01932,projtxt_8c2e4c9a05f1ae7c,explicit_mmr,explicit_mmr,0.29868681804685177,-0.11908963732344247,-0.4529647060777309,-1.4932183084038237,-2.0158876075548235,-1.0212222526641714
2142780,methodkg_v3_01933,projtxt_2029f139e7b3d305,no_method_signal,qual_only,-0.3016890993774162,-0.9103807702546509,-1.011519060099101,-1.1428456191647125,-0.07336973609886763,-0.982531112769408
2142783,methodkg_v3_01934,projtxt_2cfcd75540e543fa,implicit_mmr,multi_method_not_mmr,-0.6117423692328221,-0.8383231447773343,-0.20751650614368672,-1.1922292555912704,-1.3090299036778485,-1.206201292435202
2143173,methodkg_v3_01935,projtxt_196bc9f4fba87290,implicit_mmr,qual_only,0.03058912853697121,-1.6977379255663092,-1.7262088315092734,-0.9866537024021999,0.7883925349115068,-1.1120118987841412
2143671,methodkg_v3_01936,projtxt_2e22a767ba55d21b,explicit_mmr,no_method_signal,-0.45258936400438765,-1.267877768755213,-0.8651815771908036,-0.4175079871329598,-2.0422807462738897,-0.5106666897998426
2144618,methodkg_v3_01937,projtxt_53252dea6039c382,explicit_mmr,explicit_mmr,-0.030267397347203906,-0.845097228821281,-1.354150937534184,-0.7115453584896335,-0.14221829763895197,-1.1150739012329178
2144698,methodkg_v3_01938,projtxt_1c4ad824abd37597,qual_only,qual_only,-0.8969589261786157,-0.9462692567661057,-1.454513319431238,-0.6569277652035644,0.7954613380728957,-1.1293688512555062
2145105,methodkg_v3_01939,projtxt_a31ae40c6a4f376a,explicit_mmr,quant_only,-0.786473218516226,-0.7994651987898549,-0.7076753760741279,-1.0088752747085186,-1.571843144920479,-0.4590112635391001
2146269,methodkg_v3_01940,projtxt_3a733e772c3d11ef,multi_method_not_mmr,no_method_signal,-0.03921536308781717,-1.321985237198106,-1.8454262779558874,0.05990760625683797,-0.4196392669439144,-1.127466358637209
2146359,methodkg_v3_01941,projtxt_3802f8a6df083c7d,no_method_signal,no_method_signal,-0.6234991963021665,-1.2091777681295803,-1.6542052251208732,-0.03265057906426497,-0.9354492662859218,-0.8854246791319016
2147625,methodkg_v3_01942,projtxt_19909884a8ed056f,explicit_mmr,qual_only,0.13794989189717471,-0.9866633677489156,-0.07090600353976786,-1.678212119328229,0.7756806839289457,-1.927361220752474
2147810,methodkg_v3_01943,projtxt_db817d794945bb64,explicit_mmr,qual_only,0.13794989189717471,-0.9866633677489156,-0.07090600353976786,-1.678212119328229,0.7756806839289457,-1.927361220752474
2147811,methodkg_v3_01944,projtxt_db817d794945bb64,explicit_mmr,implicit_mmr,-0.47004990466162755,-0.38788150524986076,-1.4814192222155231,-0.6656992951852688,-0.7069860864319453,-1.6649102498685728
2148014,methodkg_v3_01945,projtxt_a09c1ae4960793b4,implicit_mmr,explicit_mmr,-0.2092086372658797,-0.7839737141954164,-0.7108146120340655,-1.0872466798995932,-0.6154200196925895,-0.8878975822721469
2148023,methodkg_v3_01946,projtxt_5adae2fadc334014,explicit_mmr,multi_method_not_mmr,-1.3492192919481651,-1.3073149555163033,0.052497909717614366,-0.3733360935915079,-1.0764970751138196,-0.6717956593709191
2148451,methodkg_v3_01947,projtxt_36ab7101f2ed0911,explicit_mmr,multi_method_not_mmr,-0.6084162038114491,-0.4223421098683339,0.28826478936323136,-1.1982255319550321,-1.1055027402174962,-1.7920503285145792
2148543,methodkg_v3_01948,projtxt_ebebf52da73bf870,explicit_mmr,implicit_mmr,-1.0325063578168971,-0.20599108158159363,-0.35318581240127095,-0.8162501972869306,-0.3516725218490462,-1.681462411865544
2148560,methodkg_v3_01949,projtxt_3838d54ebeeaa25d,explicit_mmr,multi_method_not_mmr,-0.6471565649192741,-0.5938041184843738,-0.032072530490829865,-1.5325653279165847,-0.600084613190746,-1.0288987228300188
2148561,methodkg_v3_01950,projtxt_3838d54ebeeaa25d,explicit_mmr,implicit_mmr,-0.6664126095468709,0.18525176933019838,-1.142518093117704,-1.7934698692282616,-0.41873499895099797,-1.3530977701287776
2148680,methodkg_v3_01951,projtxt_6afba1da78ad9bd2,explicit_mmr,multi_method_not_mmr,-0.43456803958126045,-0.44345181049438936,0.3333773315425229,-1.3630804316896235,-0.9458807240680301,-2.368026485466073
2148777,methodkg_v3_01952,projtxt_132fd48ef54305c6,implicit_mmr,multi_method_not_mmr,-0.7380629557516263,-0.5723307737163918,-0.21433246940548395,-0.8375388683168362,-0.34424139733727077,-1.9271658734338253
2149356,methodkg_v3_01953,projtxt_8eb705654915c8db,explicit_mmr,explicit_mmr,-0.4998378666142588,-0.5178529077580609,-0.8517678783843554,-0.8317203538293408,-0.5019260607011227,-1.6767772668245102
2149370,methodkg_v3_01954,projtxt_0c24ad49e42496c2,multi_method_not_mmr,explicit_mmr,-0.4736426337685516,-0.8292908269920416,-0.5675431379472009,-0.5179655809509681,-1.363819033946037,-0.8913717193715874
2150045,methodkg_v3_01955,projtxt_0acd2557f2b8f9b9,explicit_mmr,implicit_mmr,-1.9395817528786454,-0.06780139110107573,-0.43186623404055596,-1.1983551434169588,-1.589832265976995,-0.4613989857520056
2150088,methodkg_v3_01956,projtxt_5339dd83bf4d38b5,multi_method_not_mmr,no_method_signal,-1.5366639003853568,-1.16389848309264,-1.638471737825998,-0.3691612887268769,-0.43975650456764565,-0.6548416838828769
2150297,methodkg_v3_01957,projtxt_a0b1764ed538601c,qual_only,qual_only,-0.5062861468005454,-1.5967242723374142,-0.43342293266014514,-1.169339394739766,0.90411450631048,-1.2783653699447342
2150323,methodkg_v3_01958,projtxt_477a46831b8c289c,explicit_mmr,quant_only,-0.84924498496481,-1.2420112025249113,-1.0554033918439745,-0.8418563383179439,-1.082382901412671,-0.08334096690299433
2150337,methodkg_v3_01959,projtxt_77e8248b1eada888,multi_method_not_mmr,multi_method_not_mmr,-2.196229789270215,-1.4753603693993054,0.3061449592980928,-0.44720235773583084,-2.2240169099717395,-0.9589078751197775
2150449,methodkg_v3_01960,projtxt_1171d7806154c2bd,quant_only,no_method_signal,-2.5290961288817697,-1.4726608265274528,-1.3940238254454311,-0.23385029200445598,-0.40861318752264447,-0.5189892188084009
2150961,methodkg_v3_01961,projtxt_55c5f2f94d21294b,multi_method_not_mmr,no_method_signal,-0.6525478115752139,-1.1735010162751385,-0.5106168165625855,-0.4102466019680896,-1.1205385573418918,-0.7295945016822677
2151012,methodkg_v3_01962,projtxt_7f920699dc4bf5ac,explicit_mmr,no_method_signal,-0.8215514971417979,-0.9974398437381791,-1.488501962139354,-0.1294509336519685,-1.1137099475204695,-0.6082619782644105
2151045,methodkg_v3_01963,projtxt_7f920699dc4bf5ac,explicit_mmr,no_method_signal,-0.8516208361722561,-1.1280130375506552,-0.8594865844078405,-0.29596856090573465,-0.90922013896981,-0.6204391617540227
2151046,methodkg_v3_01964,projtxt_888d4c5875cabefe,qual_only,no_method_signal,-0.5760339326225277,-0.9691493001273994,-0.5229337467999036,-0.44841411918000007,-0.9123406811848025,-0.9763430813545747
2151056,methodkg_v3_01965,projtxt_7f920699dc4bf5ac,explicit_mmr,qual_only,-0.9658725140636448,-1.214057775862326,-0.727343278501934,-0.45929426541081086,-0.23369713609917783,-0.6200592042687119
2151057,methodkg_v3_01966,projtxt_7f920699dc4bf5ac,explicit_mmr,no_method_signal,-1.4987462968696665,-0.8444816967868596,-0.6448514221111363,-0.2864880524435337,-0.9621366814892623,-0.6185413809284285
2151061,methodkg_v3_01967,projtxt_4cfd4b6d505f55b3,qual_only,no_method_signal,-0.7867662699350508,-1.1685841154698688,-0.5444893873880938,-0.4897834394448839,-0.9321494796147914,-0.568915845326685
2151141,methodkg_v3_01968,projtxt_fc68a9c0751b8fe4,multi_method_not_mmr,multi_method_not_mmr,-1.0009483394101883,-1.1013312565800597,-0.057558420931900056,-0.48925795427370167,-0.920642878515802,-0.7499419352402087
2151404,methodkg_v3_01969,projtxt_538a1cff5f8ead0a,qual_only,qual_only,-0.69453804995634,-1.4639021447069216,-0.8308631011603473,-0.937701406562356,0.9973126917264704,-1.213652683178952
2152260,methodkg_v3_01970,projtxt_df84d276cc743060,multi_method_not_mmr,no_method_signal,-0.4872483944088447,-1.503688009648817,-1.467262900004866,-0.22698188396401306,-1.0273996729750619,-0.5694867122081656
2152282,methodkg_v3_01971,projtxt_431f920df327edc2,explicit_mmr,explicit_mmr,-0.018032068798906203,-0.14695562838422077,-0.5885270443970254,-1.355640018941246,-1.3950264021040786,-0.8863288380704561
2152441,methodkg_v3_01972,projtxt_ad0f5b40bac18736,quant_only,qual_only,-0.848711778252587,-1.3978914482452793,-1.6273012385632477,-1.4238536719182424,0.8863020526996094,-1.0388241854628582
2154606,methodkg_v3_01973,projtxt_d0266d2f9815405a,quant_only,multi_method_not_mmr,-0.6337002383501877,-1.3737405113679722,0.27351731597566104,-1.9422449216575288,-0.05126208295534459,-0.7454825048113721
2200365,methodkg_v3_01974,projtxt_8f8962d649aef2dd,no_method_signal,explicit_mmr,0.012828292737284697,-1.979577050235509,-0.5073347702882289,-0.6376135225099363,-1.4545516845311601,-0.2627631164365095
2200748,methodkg_v3_01975,projtxt_42fcab296c9dc2ab,implicit_mmr,implicit_mmr,-1.6811360265219104,0.7123258892489426,0.17390535178387928,-1.5194620562238967,-2.707117730731901,-1.056253499510054
2200781,methodkg_v3_01976,projtxt_3bb0c94e44ae048e,quant_only,qual_only,-0.4370885152755856,-0.1506540767034409,-1.022693402310248,-1.8241757396541722,0.017130285230671317,-0.8492952706322385
2200815,methodkg_v3_01977,projtxt_8698a8eba9997145,explicit_mmr,implicit_mmr,-0.6424527655523649,-0.47340396076616037,-0.6977589894224938,-0.9033959011942659,-0.5026910656333194,-0.6772413347401152
2200830,methodkg_v3_01978,projtxt_c582ced844faf43d,explicit_mmr,explicit_mmr,0.3090035750117461,-1.2072100293759682,-0.9285641211148263,-0.8991243050460472,-0.30653171914035676,-1.0542953548203111
2200887,methodkg_v3_01979,projtxt_eda576af515214e1,qual_only,quant_only,-0.1502632001110128,-1.018832624244502,-1.1773280606826557,-1.622240408833338,-0.6954624193281232,0.22082263610944336
2200928,methodkg_v3_01980,projtxt_bb8108245d917e2c,explicit_mmr,qual_only,0.528003484161707,-1.2540762469334823,-0.4154791805609908,-1.765357823235564,0.6246621401446725,-0.923140143627045
2201051,methodkg_v3_01981,projtxt_a113c712299ea479,implicit_mmr,implicit_mmr,-0.8893877297653827,-0.4661613315232096,-0.9936121982766546,-0.548531664890066,-0.9238468200543203,-0.5434333132879037
2201545,methodkg_v3_01982,projtxt_d2b2b3789aa747bf,explicit_mmr,multi_method_not_mmr,-0.9094163597206653,-1.1165161242564718,-0.42672044179041907,-0.6460903334583606,-1.4863067314866925,-1.1578023030857278
2201576,methodkg_v3_01983,projtxt_d2b2b3789aa747bf,explicit_mmr,multi_method_not_mmr,-1.5115910692282364,-0.6434037528441165,-0.4412388981967989,-0.8248987005579923,-0.9958968026646556,-0.542521730248893
2201641,methodkg_v3_01984,projtxt_0d48f899e9cb1bd3,qual_only,explicit_mmr,0.3797583963902978,-1.0360509009756527,-1.8570954838637597,-1.3954618972000552,-1.3955074940079508,-0.3855442280515376
2201642,methodkg_v3_01985,projtxt_0d48f899e9cb1bd3,qual_only,qual_only,0.05972205968099248,-1.3739681149891603,-1.652848451610709,-1.3002737187578632,0.19327352631283404,-0.7768563415430442
2201700,methodkg_v3_01986,projtxt_20cf65e1e62e2dcc,explicit_mmr,implicit_mmr,-0.9027548357691986,0.5192899720751516,-1.1342733691873157,-1.466195605018231,-1.1688614495739396,-0.9592587157639018
2201701,methodkg_v3_01987,projtxt_20cf65e1e62e2dcc,explicit_mmr,implicit_mmr,-0.8704630148144914,0.0627490070005361,-0.5462780405541121,-2.397717895334706,-1.204895996180298,-0.4014165184432888
2201764,methodkg_v3_01988,projtxt_1219af38023ab874,explicit_mmr,qual_only,-0.5731516390077687,-0.44181494618018147,-1.6588214200127405,-1.3221446443299323,-0.43439508365553126,-0.5452262567840735
2201765,methodkg_v3_01989,projtxt_1219af38023ab874,explicit_mmr,qual_only,0.15459253790896887,-0.4438289544837087,-1.9393955977328903,-2.2143888714122992,0.39873718803542996,-1.0844228893255594
2201792,methodkg_v3_01990,projtxt_42f70d25d7c21cd4,qual_only,explicit_mmr,0.7592242221839576,-0.4922075816413445,-1.271471235710395,-1.7734665048637699,-1.1920254529993421,-0.7449115380471965
2201793,methodkg_v3_01991,projtxt_42f70d25d7c21cd4,qual_only,qual_only,-0.27361193543711815,-0.9788116802098004,-1.209799322650591,-1.4689004031957966,0.03160219728237706,-0.7746675116846039
2201794,methodkg_v3_01992,projtxt_42f70d25d7c21cd4,qual_only,qual_only,-0.1939368901597371,-0.13046447293345187,-1.4234321546075568,-2.3885163368861817,0.20668795473376236,-0.8459941081993274
2201795,methodkg_v3_01993,projtxt_42f70d25d7c21cd4,qual_only,explicit_mmr,0.5497058857865915,-0.22937649014536698,-2.2846192864561665,-1.6556541342654163,-0.20908817415009498,-0.9028590481096419
2201858,methodkg_v3_01994,projtxt_b670210f3bbfd279,qual_only,quant_only,0.01801221180352991,-0.6473861397247467,-1.365030280916453,-2.092923322617063,-0.907267647689255,0.04069420486180799
2201859,methodkg_v3_01995,projtxt_b670210f3bbfd279,qual_only,explicit_mmr,0.3485678530416358,-0.09884877178548446,-2.315519777708527,-1.628002360294888,-0.2063438244150451,-0.8590208474259695
2201929,methodkg_v3_01996,projtxt_75a2825143ef99e4,qual_only,explicit_mmr,-0.15872884480611263,-0.5393023837115288,-0.46278256496264497,-1.549856653933932,-1.4843182691910883,-0.6874208200688187
2201930,methodkg_v3_01997,projtxt_75a2825143ef99e4,qual_only,explicit_mmr,-0.297529571027327,-0.5950723224170711,-0.3108735993552864,-1.3872945462585105,-1.3641581906200428,-0.7224680341050682
2201943,methodkg_v3_01998,projtxt_81f833f7dde7cbe3,qual_only,implicit_mmr,-1.1698863896111371,1.2985803415528574,-0.9790804909634958,-1.220488914204153,-2.918474376637989,-0.6478087656413175
2201993,methodkg_v3_01999,projtxt_2f4fd8add58db18a,multi_method_not_mmr,no_method_signal,-0.699742836461484,-1.1750362978148983,-0.9525726858293349,-0.028435431353987545,-1.2089262267624703,-0.9327466064783059
2202156,methodkg_v3_02000,projtxt_c6c6e70bff78d798,qual_only,no_method_signal,-0.8027020694094718,-1.2924910936996679,-0.7084484857110072,-0.10025376058579347,-1.4489650029603638,-0.7766413251325475
2202169,methodkg_v3_02001,projtxt_f50ac8fcdd6771fb,explicit_mmr,no_method_signal,-0.9104751737740073,-1.3744711131573677,-0.9741283264175251,-0.06980475161887142,-1.2287350251924594,-0.5253193704504162
2203386,methodkg_v3_02002,projtxt_8088c7349e2bdc74,implicit_mmr,implicit_mmr,-0.45441309532710883,0.22467791631031264,-1.1993465702043147,-1.5043043360262318,-0.9946720323641539,-0.4867653202099817
2204462,methodkg_v3_02003,projtxt_3a47dd4717585fe3,multi_method_not_mmr,implicit_mmr,-2.0140106118687284,0.23565168688513138,-0.5036338508249565,-0.5024868987008653,-1.498562293772158,-0.798125723875836
2204537,methodkg_v3_02004,projtxt_f4bd10bd6dd6600d,multi_method_not_mmr,implicit_mmr,-2.145979628038531,0.1618966084468128,-0.3497994297817399,-1.3966307875400046,-2.3367236144131622,-0.06065693443702295
2205001,methodkg_v3_02005,projtxt_169a618bbc290508,explicit_mmr,explicit_mmr,-0.20349360269204547,-0.8457885274436379,-0.837408816795977,-0.8394131538241963,-1.5175639637023257,-0.5276852575954851
2205612,methodkg_v3_02006,projtxt_daf1a5e1ef2f85ac,quant_only,explicit_mmr,0.4330528828243095,-2.31640481987301,-0.4566436661793945,-0.6093743066868164,-1.695329146365141,-0.5911617219043196
2207219,methodkg_v3_02007,projtxt_514fa3d69828b903,implicit_mmr,quant_only,-2.344399086570136,-1.028757574558883,-0.3997144719243196,-0.7857529935444499,-0.9170392878871657,-0.22877475920256657
2207408,methodkg_v3_02008,projtxt_d8d21047274dc792,implicit_mmr,implicit_mmr,-0.054350026001483975,0.11070763176506793,-1.4219995188508574,-1.4840913910551021,-0.9617598916822994,-0.8730624230899061
2207795,methodkg_v3_02009,projtxt_0240ff43f165b15f,multi_method_not_mmr,implicit_mmr,-1.1998570616568458,0.4765351630845553,-0.7449832949864219,-2.2434433114856835,-1.6598456047001493,-0.22865430332745834
2211032,methodkg_v3_02010,projtxt_b3668904556b5a44,explicit_mmr,qual_only,-1.0288888962859037,-0.8205073966776402,-0.17474480021977606,-0.8959685807775167,0.12785823098501686,-1.306015148408097
2214418,methodkg_v3_02011,projtxt_66407568b973edf3,quant_only,implicit_mmr,-1.2809789585924183,-0.11364531177545388,-1.0175146322572093,-0.9643439623042528,-1.949650950128252,-0.2505159586908941
2214516,methodkg_v3_02012,projtxt_0f18cb466b6dc8db,explicit_mmr,quant_only,-0.7334113590300344,-1.2943475473980408,-0.8831457781631102,-1.488586738630065,-0.20973591548555018,-0.09040464637624675
2214740,methodkg_v3_02013,projtxt_9481330a90d987fd,explicit_mmr,no_method_signal,-0.6104934418010002,-1.2338379251348706,-0.5403001846769404,-0.4934439804089418,-1.265043585168802,-0.6464659895734117
2215050,methodkg_v3_02014,projtxt_52611599e9fa7975,implicit_mmr,implicit_mmr,-1.0692548106595035,0.27543553378261604,-1.0284169930527125,-1.6080055026708333,-1.1388209096749702,-0.19132246643873257
2215084,methodkg_v3_02015,projtxt_e8f321543b811489,explicit_mmr,implicit_mmr,-0.9088878912868523,0.1589255409088547,-1.2790351566681732,-1.3624521510943879,-0.39755666419589514,-0.533870830888265
2215166,methodkg_v3_02016,projtxt_8b002a1b0fb09175,explicit_mmr,implicit_mmr,-0.28600128420243837,-0.21857303164319952,-0.4832388760907734,-1.4933137887166714,-1.301572771556896,-0.7366196705214378
2215167,methodkg_v3_02017,projtxt_9a964ab1920e4e4d,explicit_mmr,multi_method_not_mmr,-0.7220055495676175,-0.8900476328063494,-0.3536541586114366,-0.9828176382883346,-0.40877350368098486,-1.1403642428232421
2215592,methodkg_v3_02018,projtxt_1ae2b088bd46eaee,multi_method_not_mmr,explicit_mmr,0.36506241085822594,-1.5403504625025126,-0.12220893968335877,-0.8540489439683988,-0.544297059894039,-1.3691101353690402
2215653,methodkg_v3_02019,projtxt_57dc63f6fd596822,explicit_mmr,explicit_mmr,-0.13143722328430604,-1.0429137061569707,-0.7423613603078485,-0.745362101280903,-0.5721154721896923,-1.080146757819051
2215654,methodkg_v3_02020,projtxt_57dc63f6fd596822,explicit_mmr,explicit_mmr,0.12786282357002043,-1.0578742169595867,-1.6631746443759043,-0.5561391126689439,-0.6895474804487979,-0.6129523115744044
2215655,methodkg_v3_02021,projtxt_57dc63f6fd596822,explicit_mmr,explicit_mmr,0.3595585187736287,-0.3476179834203654,-1.0876136197207737,-0.9186027155410824,-0.924787604292797,-1.1556897811628595
2215656,methodkg_v3_02022,projtxt_57dc63f6fd596822,explicit_mmr,multi_method_not_mmr,-0.7566898224591417,-1.5824967315396907,1.0503451884058783,-1.3011236938192792,-0.8966833120059264,-0.8418973738203388
2215970,methodkg_v3_02023,projtxt_8b002a1b0fb09175,explicit_mmr,implicit_mmr,-0.9341388856924691,-0.3066334083425296,-0.5186885974452313,-1.200015506399374,-1.5438053556975757,-0.5925630009440325
2216031,methodkg_v3_02024,projtxt_8b002a1b0fb09175,explicit_mmr,multi_method_not_mmr,-0.5901835129114958,-0.5105855633606189,0.0933777345750933,-2.081959587077142,-1.5231491752549264,-0.19640671985171076
2216121,methodkg_v3_02025,projtxt_8b002a1b0fb09175,explicit_mmr,explicit_mmr,-0.05444031360186441,-1.28305658798829,-0.5409318379036376,-1.0216447859534055,-1.515434662610434,-0.9736821759999529
2216351,methodkg_v3_02026,projtxt_4951c359f723d6d9,explicit_mmr,explicit_mmr,-0.5528030402048736,-0.7549337730031516,-1.1782533543096967,-0.5656079111988261,-1.6171256486104162,-0.7436476094614193
2217640,methodkg_v3_02027,projtxt_b9b032e6c70cb3f8,multi_method_not_mmr,qual_only,-0.9623006425021936,-1.270120069026282,-1.7396365282771205,-1.1839500349430363,0.05858821710752136,-1.0163202400975002
2217718,methodkg_v3_02028,projtxt_df294f347f1cb815,implicit_mmr,qual_only,-1.8627032897496663,-1.0366144568887676,-1.5876623105243175,-0.9038702867752769,1.2217977737701045,-1.291841268231231
2217745,methodkg_v3_02029,projtxt_502b37e67d421531,explicit_mmr,qual_only,-1.2883120737688194,-1.013526768807753,-1.2579754998160892,-0.8309213843574498,0.19750030647081612,-1.7510712176964405
2219012,methodkg_v3_02030,projtxt_1f9ce2cc33a9eaf7,implicit_mmr,explicit_mmr,0.38029683645220996,-0.8593201515324229,-0.2521535477200898,-2.1431934406800157,0.2164489417510084,-0.8312431868782805
2219271,methodkg_v3_02031,projtxt_fd976807f2912bb6,explicit_mmr,explicit_mmr,-0.2716137980211625,-0.9243496327358287,-1.07526498289355,-0.6871510299453157,-1.7802768884990197,-0.8996090070186745
2219389,methodkg_v3_02032,projtxt_e9834022dd097e3e,implicit_mmr,implicit_mmr,-1.8800922209916535,0.20763403740008635,-0.5762162189117992,-0.4748912026249531,-1.4631544014269857,-0.9421655484155245
2219522,methodkg_v3_02033,projtxt_35ec6a8146a5442e,multi_method_not_mmr,no_method_signal,-1.2779670615684684,-2.709906750697046,-2.9243619004165198,1.2751684787288893,-1.1225508671602222,-0.31749569004638356
2221149,methodkg_v3_02034,projtxt_f1135e05c3bdf345,explicit_mmr,no_method_signal,-0.6739287135554741,-0.6779253736335527,-1.7861673224656507,-0.3559668577623549,-0.8028477161681543,-0.49957578320802626
2221153,methodkg_v3_02035,projtxt_06904ed0cd8c86ff,explicit_mmr,quant_only,-1.0782166644259084,-1.061550677554606,-1.6543713334436057,-0.314099640591316,-0.928482726155185,-0.11667470849518552
2221163,methodkg_v3_02036,projtxt_dff26592f6d5e1cd,quant_only,no_method_signal,-1.358482791230044,-0.8578980111812267,-1.4228112723388842,-0.07039032769758544,-1.1667933943081197,-0.34021596310291996
2221177,methodkg_v3_02037,projtxt_fb65cb9f8e5d92d7,explicit_mmr,explicit_mmr,-0.17075854854879477,-0.46942154805885195,-2.3294065381170586,-0.5044716971113262,-0.6402061513560869,-0.5889600587969444
2221187,methodkg_v3_02038,projtxt_c69661694c8c0752,explicit_mmr,implicit_mmr,-0.87373325543709,-0.14669763495506732,-1.166850899377396,-0.49194936746840057,-1.4803993373455095,-0.6225316051801596
2221242,methodkg_v3_02039,projtxt_29ea6b928720fe7d,explicit_mmr,explicit_mmr,-0.22432507760696058,-0.9851910779102668,-1.5810789843016977,-0.31915654986306785,-1.3148882375389626,-0.44242721611135577
2221262,methodkg_v3_02040,projtxt_e14211b9ae068720,explicit_mmr,quant_only,-1.4209136822213995,-0.7342821520622131,-0.6234919092071078,-1.0920036027952509,-1.9867150377903262,0.1957835060410808
2221335,methodkg_v3_02041,projtxt_f7f380e59e5ba070,implicit_mmr,explicit_mmr,-0.42055408048758824,-0.9479768157387634,-1.2361221405385903,-0.4823811138890327,-0.8513283599243769,-0.44359754114794164
2221337,methodkg_v3_02042,projtxt_f7f380e59e5ba070,implicit_mmr,no_method_signal,-0.8250407956288046,-1.0589973157401784,-1.0037956842852536,-0.3373461636923972,-0.7362500316442824,-0.605434478029113
2221421,methodkg_v3_02043,projtxt_f7f380e59e5ba070,implicit_mmr,explicit_mmr,-0.16970692811712879,-1.286869966392618,-1.239531347427167,-0.23813578881674421,-0.8628181118039353,-0.5395115496503555
2221462,methodkg_v3_02044,projtxt_ea174932369e81bf,implicit_mmr,no_method_signal,-1.092196663520372,-0.811785931149273,-1.672072214321618,-0.19811741253667672,-0.8676871934164103,-0.2748553016213736
2221465,methodkg_v3_02045,projtxt_e493768a0f90ef40,quant_only,quant_only,-1.0288117457571393,-0.9786169771510422,-1.4728226112928804,-0.4494362007615177,-0.9030124242306051,-0.0809600120839774
2221538,methodkg_v3_02046,projtxt_cae88c04a54078f6,implicit_mmr,no_method_signal,-1.2740839100031378,-0.9453832578436134,-1.741963490999978,0.18518577120474408,-0.7119714960248086,-0.864027206120585
2221574,methodkg_v3_02047,projtxt_b1fb4d254bf11c24,explicit_mmr,quant_only,-1.0166066488719196,-0.611580398771604,-1.0070178884504615,-0.9127223686327909,-0.902773778700499,-0.30245684403418865
2221627,methodkg_v3_02048,projtxt_490e3f52d7d838e3,explicit_mmr,no_method_signal,-0.954223666162457,-1.2786625268955811,-1.205779614682098,0.1508270894026242,-0.9943804776633941,-0.6735674475539998
2221637,methodkg_v3_02049,projtxt_69de4b8d81f654ec,explicit_mmr,no_method_signal,-1.000413512449193,-1.2953586658392882,-0.529101762795573,-0.12040889586410555,-1.0593181346274252,-0.8951581163050643
2221696,methodkg_v3_02050,projtxt_22aa3eb7ed19be97,multi_method_not_mmr,no_method_signal,-0.8876594792303731,-0.8733014499790297,-1.1872411072446267,-0.47275306600698463,-0.8542359776604406,-0.5268592298428659
2221912,methodkg_v3_02051,projtxt_308ae7c52da37cd4,explicit_mmr,no_method_signal,-1.2908801159077896,-1.712084165272491,-2.137059626526865,0.5079228054637709,-1.328625537835332,-0.2937924422237188
2222278,methodkg_v3_02052,projtxt_8203bf28ab8d4aa8,explicit_mmr,no_method_signal,-0.8645972174418224,-1.3801734799678922,-0.9863438330496106,-0.5236081165709495,-0.6700365530142915,-0.7529626280641323
2222293,methodkg_v3_02053,projtxt_0bb696be6dfca717,explicit_mmr,qual_only,-0.9536763692303138,-0.6910839037703744,-1.4501315889331519,-1.4230992840009502,-0.1576463266620761,-0.6793131023879744
2223907,methodkg_v3_02054,projtxt_9adb1cea1888c8bf,explicit_mmr,implicit_mmr,-1.8178816986950947,0.10790916096797573,-0.3763212460833381,-0.9428976174499367,-1.4690626767536468,-0.83488532154937
2224674,methodkg_v3_02055,projtxt_80831090a6310dec,explicit_mmr,qual_only,-0.2858080648332061,-0.784476019004603,-0.9133890233311799,-1.7375010575747012,-0.21157801917674732,-0.6372195017511957
2224675,methodkg_v3_02056,projtxt_09b6ecb2255e3dd4,explicit_mmr,implicit_mmr,-0.7571279815204803,-0.4305254385321172,-1.5709861415538522,-0.8747991396147495,-0.8911350685721656,-0.7934087148033162
2224857,methodkg_v3_02057,projtxt_08508850a6de03c2,explicit_mmr,quant_only,-0.745105031391418,-1.187001105244875,-1.3258017793900863,-0.6015462455488765,-1.0439040122982293,-0.35261578100543667
2225128,methodkg_v3_02058,projtxt_148554603f3059dc,quant_only,multi_method_not_mmr,-0.9798356887508552,-1.2745122972920386,-0.4852489623769258,-0.5501342423517424,-0.9409283939869949,-0.9080782888600065
2225209,methodkg_v3_02059,projtxt_d23227e5962a0d98,multi_method_not_mmr,implicit_mmr,-1.759840967151914,0.7628872825352022,-1.2323624909586735,-1.6971677687759787,-1.5646713590469132,-0.42101292046285427
2225211,methodkg_v3_02060,projtxt_6268266e3401d245,implicit_mmr,multi_method_not_mmr,-1.3904969928397701,-0.833366082304055,-0.45016465766393915,-0.46085793275902953,-2.102709497708575,-1.138025526741898
2225255,methodkg_v3_02061,projtxt_47a01c1393e8866d,implicit_mmr,multi_method_not_mmr,-0.9798356887508552,-1.2745122972920386,-0.4852489623769258,-0.5501342423517424,-0.9409283939869949,-0.9080782888600065
2225306,methodkg_v3_02062,projtxt_cc9587b53d8ad425,implicit_mmr,quant_only,-0.5945295174204587,-1.255369477022915,-1.4313221165931413,-0.5732038021998913,-1.8163656795551788,-0.15474735091196384
2225381,methodkg_v3_02063,projtxt_f7eb77716c93e7ad,explicit_mmr,multi_method_not_mmr,-1.374289165520667,-1.07972306066968,-0.07340872994676545,-1.33194688681543,-2.193567532687926,-0.15038833893981027
2228202,methodkg_v3_02064,projtxt_4b0167847633f12f,explicit_mmr,multi_method_not_mmr,-0.7508244725318638,-0.8946948747871524,-0.05624350663598218,-1.0301637165255426,-1.189440042286966,-1.2415586730051265
2228211,methodkg_v3_02065,projtxt_8b71fb51c883a3e8,qual_only,multi_method_not_mmr,-0.5414691441948255,-0.7043913451550115,-0.34045992352018944,-1.624728231516135,-0.8857119192230215,-0.37625121626365715
2234071,methodkg_v3_02066,projtxt_42d21df784b43711,explicit_mmr,explicit_mmr,-0.15577725223042077,-0.5197453371542393,-0.516588487940804,-1.4927340713145727,-1.0263775678213034,-0.8398388262070546
2234073,methodkg_v3_02067,projtxt_42d21df784b43711,explicit_mmr,explicit_mmr,0.33521848982751407,0.17555038558236596,-0.8618407473537293,-1.6659746855747521,-1.3790496999244082,-0.9153818495508631
2234074,methodkg_v3_02068,projtxt_42d21df784b43711,explicit_mmr,quant_only,-0.16426865174341698,-0.54361597239693,-0.9354699179001482,-1.6223906282150466,-1.048242213856097,-0.05045888481996689
2234348,methodkg_v3_02069,projtxt_391b75ddbd420d32,multi_method_not_mmr,implicit_mmr,-1.1038928685141542,0.6498176904350341,-1.1651738604396762,-1.4385438310477028,-1.1661170998388894,-0.9154205150802294
2234633,methodkg_v3_02070,projtxt_8ae27e47ac8dcbf9,explicit_mmr,explicit_mmr,-0.024510278430271593,-0.45071127291480456,-0.8096578058769761,-1.3797676492680933,-2.052546615791145,-0.2766707630911358
2235227,methodkg_v3_02071,projtxt_26a36b6eaabc322f,explicit_mmr,explicit_mmr,-0.37202397702843937,-0.47715622115751505,-0.9015080827584252,-1.460523948295898,-0.38620501718859096,-0.5805894419986808
2235241,methodkg_v3_02072,projtxt_bed745f502498e13,implicit_mmr,multi_method_not_mmr,-0.89045086504423,-0.2508001121818163,0.015624252744700418,-2.0848294027420042,-2.156682495396302,-0.07366805617311042
2235345,methodkg_v3_02073,projtxt_b586781051267fb9,explicit_mmr,quant_only,-1.3124028313053735,-0.25171312670743434,-0.7188130943672277,-1.4068788684900828,-1.8300689509397416,-0.21100092764383185
2235460,methodkg_v3_02074,projtxt_bed745f502498e13,implicit_mmr,explicit_mmr,-0.35691528497537656,-0.38921761879435696,-0.5474889791931645,-1.465082297344045,-1.0236332180862535,-0.7960006255233822
2235461,methodkg_v3_02075,projtxt_55b9993e75ec32f5,multi_method_not_mmr,qual_only,-1.5694974182256856,-1.0337704736183775,-0.8136999609811515,-0.9277365952106914,-0.4476211706908703,-0.8722162506684568
2235543,methodkg_v3_02076,projtxt_bed745f502498e13,implicit_mmr,qual_only,-0.7463309208264757,-0.8785210121523694,-0.9599919491596249,-1.0093595734201894,0.29201932361843996,-0.9418240990954128
2235568,methodkg_v3_02077,projtxt_a0d87966803befbc,multi_method_not_mmr,explicit_mmr,-0.1988666064220691,-0.4008581795703633,-0.7892681511814099,-0.6953037715432568,-1.1887079748107185,-1.114875328567899
2235600,methodkg_v3_02078,projtxt_c574cc304207c493,no_method_signal,implicit_mmr,-0.6398289456197874,0.15012944853226057,-0.48290517071548283,-1.7308547374494183,-1.532279500783535,-0.5090156221601113
2235774,methodkg_v3_02079,projtxt_ca1100f3daced895,quant_only,explicit_mmr,-0.35691528497537656,-0.38921761879435696,-0.5474889791931645,-1.465082297344045,-1.0236332180862535,-0.7960006255233822
2235833,methodkg_v3_02080,projtxt_8ae27e47ac8dcbf9,explicit_mmr,explicit_mmr,0.2213177860630915,-0.7026748885484437,-0.9086223901423391,-1.517343247392499,-0.37920386321879546,-1.0697385079076913
2235957,methodkg_v3_02081,projtxt_8ae27e47ac8dcbf9,explicit_mmr,implicit_mmr,-0.6885363542755423,-0.022788559072631706,-0.752056713992229,-1.7254457567660595,-0.8413220536211321,-0.25656886340045054
2236075,methodkg_v3_02082,projtxt_29df12bcde773879,explicit_mmr,implicit_mmr,-0.18332342833227794,-0.10172002706270578,-0.727999042308755,-1.4219920280945595,-1.0621042125391655,-0.8930351184008711
2236107,methodkg_v3_02083,projtxt_bf8710b32c4feade,explicit_mmr,multi_method_not_mmr,-0.45509036785446993,-0.3299578960341594,0.4192299922690727,-2.0454179250639726,-2.4562752721296097,-1.1892937054889439
2236402,methodkg_v3_02084,projtxt_ec3d2f59d280e68b,explicit_mmr,explicit_mmr,-0.35691528497537656,-0.38921761879435696,-0.5474889791931645,-1.465082297344045,-1.0236332180862535,-0.7960006255233822
2236739,methodkg_v3_02085,projtxt_626de20d0fd560df,qual_only,multi_method_not_mmr,-0.47751928728429494,-0.5792261843020848,-0.3799543598318497,-1.3656470120693658,-0.5449381765219284,-0.699162743567069
2237053,methodkg_v3_02086,projtxt_57810f309484c98c,explicit_mmr,implicit_mmr,-0.7748823450027462,0.3255291759038994,-0.7096418521365129,-1.1710661940729719,-1.6510259539325869,-0.8055218795406395
2237151,methodkg_v3_02087,projtxt_26d4623967991373,qual_only,qual_only,-0.6358161863501959,-1.236705651759276,-0.9771110451285236,-1.39089271793622,0.24309293623882952,-0.2886022531274578
2237564,methodkg_v3_02088,projtxt_589ec4dfe8526824,implicit_mmr,no_method_signal,-0.4659349862301033,-1.6941426046496713,-1.2096552786578294,-0.39388741929447135,-0.4982153950057599,-1.1893317664381642
2237902,methodkg_v3_02089,projtxt_eafb4bbc4f09c5a3,qual_only,explicit_mmr,0.739932578355609,-1.2789687584584353,-0.5930614788866229,-1.04655207270209,-1.043649662972558,-1.2373892846034549
2240951,methodkg_v3_02090,projtxt_bed745f502498e13,implicit_mmr,implicit_mmr,-0.5617338463432027,-0.32830389126887627,-1.03295605236981,-1.1909432124834307,-1.0376546510223863,-0.5443068638355648
2241382,methodkg_v3_02091,projtxt_8d1aa629f37aedfa,multi_method_not_mmr,no_method_signal,-0.6528291886530411,-1.1741028075794144,-0.5112527826622395,-0.4107431705777834,-1.1211087745220547,-0.7299046682159426
2241766,methodkg_v3_02092,projtxt_5857929ea83a6699,explicit_mmr,explicit_mmr,0.07712187935967318,-0.7450804630631715,-1.5279435184679928,-0.9023851045205536,-1.446581891712686,-0.626609951958397
2243017,methodkg_v3_02093,projtxt_3fbe1ccc12046ed9,quant_only,implicit_mmr,-0.9008067961116899,1.8531853044909947,-1.8522597131345286,-2.430957647934093,-2.36049537363872,-0.7051091588952392
2243018,methodkg_v3_02094,projtxt_3fbe1ccc12046ed9,quant_only,implicit_mmr,-1.1077815438621514,1.1309788189284151,-1.109127017364573,-1.9835052150714485,-2.024701985835854,-0.93272640050318
2243019,methodkg_v3_02095,projtxt_3fbe1ccc12046ed9,quant_only,implicit_mmr,-0.7573160078792633,0.9737693195979371,-1.8801546895881527,-1.8178675956740096,-2.016023596024912,-0.8470618277006664
2243020,methodkg_v3_02096,projtxt_3fbe1ccc12046ed9,quant_only,implicit_mmr,-1.3497306578441697,0.9388488689906984,-0.9941330563242505,-1.9574889967142954,-1.3619902142496547,-1.3214032486540976
2243021,methodkg_v3_02097,projtxt_3fbe1ccc12046ed9,quant_only,implicit_mmr,-0.5541751118215239,1.4749866429045733,-2.2691387858743326,-2.0052573115479833,-1.916625684828151,-1.1394650178402557
2243106,methodkg_v3_02098,projtxt_482fdf554b9dcfc2,quant_only,implicit_mmr,-1.8306335818963122,1.527668922045818,-1.2173711756850591,-1.7526987166197745,-2.0942614669457575,-1.0865541972468389
2243107,methodkg_v3_02099,projtxt_482fdf554b9dcfc2,quant_only,implicit_mmr,-0.1931245920941767,0.8637735557181871,-1.787830157174057,-1.8321551330833155,-2.4385810539304646,-0.977661040008547
2243108,methodkg_v3_02100,projtxt_482fdf554b9dcfc2,quant_only,implicit_mmr,-1.176968158952966,1.9735761665972726,-1.1880200847743936,-2.538623150737369,-2.2592577535602554,-0.8538390729353769
2243109,methodkg_v3_02101,projtxt_f418bbf041a4242b,explicit_mmr,explicit_mmr,0.43780127526646856,0.28496322445900374,-0.6553003024306658,-1.8214872319978623,-1.3863737364433808,-1.1223286505778354
2243288,methodkg_v3_02102,projtxt_7fe8a40392f53130,explicit_mmr,no_method_signal,-0.8622991514429053,-1.0082934570755455,-0.13299112064284296,-0.07912538493050694,-1.8695886371327177,-1.1569669116472348
2243403,methodkg_v3_02103,projtxt_34d9f36a1f77dc33,multi_method_not_mmr,no_method_signal,-0.5709659264247777,-1.3183721977891911,-0.9863959752840854,-0.1162996356292196,-0.4012381818584157,-1.1067950739715315
2243443,methodkg_v3_02104,projtxt_4d3343968ae5a44d,explicit_mmr,no_method_signal,-0.6507641805051274,-1.2591425472148137,-0.829222059255134,-0.32411690348595645,-0.9125347058850228,-0.66458752897137
2243457,methodkg_v3_02105,projtxt_68f1b2c6cae4b73a,explicit_mmr,multi_method_not_mmr,-0.7499071663434533,-1.2572486831633265,-0.3430596497839669,-0.49200095703917934,-0.8744399039120533,-0.8796187550107607
2243484,methodkg_v3_02106,projtxt_d23ea5c8071cb425,implicit_mmr,no_method_signal,-0.6507641805051274,-1.2591425472148137,-0.829222059255134,-0.32411690348595645,-0.9125347058850228,-0.66458752897137
2243510,methodkg_v3_02107,projtxt_757ab50ed96694b5,qual_only,no_method_signal,-0.7895649067263419,-1.3149124859203558,-0.6773130936477754,-0.16155479581053492,-0.7923746273139775,-0.6996347430076195
2243553,methodkg_v3_02108,projtxt_6422bb9324018f27,multi_method_not_mmr,no_method_signal,-1.136796700581797,-1.4694684300106478,-0.9897736896366718,0.11645969438350229,-0.4171908785118223,-0.8319334214231527
2243558,methodkg_v3_02109,projtxt_3e579afe29e922bd,multi_method_not_mmr,no_method_signal,-0.2483341289355195,-1.8929820517256848,-1.0593239831330465,0.4902724180628205,-1.242251597940614,-0.8925932456152865
2244031,methodkg_v3_02110,projtxt_a05fdf0eb6d1a6a8,quant_only,no_method_signal,-1.5862700986251663,-1.489581952674197,-1.20876389519382,0.13592180583101418,-0.7645793071626074,-0.535601222001894
2244323,methodkg_v3_02111,projtxt_a883065e1c5e722c,explicit_mmr,qual_only,-0.8561436545827037,-1.3066809609496546,-0.991177031549545,-0.7081380009790171,-0.42366027166037773,-0.6576198912990556
2244342,methodkg_v3_02112,projtxt_9bf4cdedc24e7b6d,quant_only,no_method_signal,-1.5516509374027199,-1.2431176621773055,-0.9651193602527977,-0.170067977834489,-1.4310553554656307,-0.3541440548905802
2244546,methodkg_v3_02113,projtxt_bcbf862fb410faac,multi_method_not_mmr,quant_only,-1.9939210015379263,-0.9390240336166031,-0.7654642699974743,-1.2943795050063687,-1.0662337033199758,-0.48601974384173746
2246200,methodkg_v3_02114,projtxt_6b8158a3dd06913e,explicit_mmr,implicit_mmr,-2.0795801213737986,-0.15114506865316718,-1.1027998727065167,-0.2953382241172934,-1.1530888106040005,-0.9123484761440447
2247026,methodkg_v3_02115,projtxt_0079014c8f062e74,no_method_signal,no_method_signal,-0.2100002914811701,-1.5744235174777865,-1.1659004997708153,0.08207081554044376,-1.6311074921880802,-0.7512800998693069
2247282,methodkg_v3_02116,projtxt_fe58c8691ca87a2d,quant_only,multi_method_not_mmr,-0.8566784150829443,-1.2241042567952627,-0.2022200928253442,-0.9897091826428223,-1.0718909410069883,-0.6648300153238924
2247283,methodkg_v3_02117,projtxt_fe58c8691ca87a2d,quant_only,multi_method_not_mmr,-0.8410349625296409,-1.2187423585864965,-0.6371579279842843,-0.7126963500271639,-1.0610884725580403,-0.873031074823757
2247790,methodkg_v3_02118,projtxt_6e23f17c00763794,explicit_mmr,no_method_signal,-1.2202630911541035,-1.9281090963315646,-0.5077551173041814,-0.1794501523816803,-1.9061916901870422,-0.7583324417692288
2247809,methodkg_v3_02119,projtxt_d8e351755ce1a937,qual_only,explicit_mmr,-0.26280189149117283,-1.5321996283405832,-0.9982913389334591,-0.7649573000756181,-0.4166591176905822,-1.146768957208066
2247976,methodkg_v3_02120,projtxt_24dc7beb0e1aaaee,explicit_mmr,multi_method_not_mmr,-0.8410349625296409,-1.2187423585864965,-0.6371579279842843,-0.7126963500271639,-1.0610884725580403,-0.873031074823757
2300233,methodkg_v3_02121,projtxt_16ed1d2933f4d9ea,explicit_mmr,explicit_mmr,-0.2160613482344859,-0.7442798231933709,-0.8343813691484494,-0.6095295317241312,-0.378950841250519,-1.2586932564399984
2300291,methodkg_v3_02122,projtxt_a1c656e3f9ab4dff,explicit_mmr,explicit_mmr,-0.08927109712900705,-1.2034856095545021,-1.0136793679139162,-0.5748891599473007,-1.0660714030918694,-0.9634926828936544
2300322,methodkg_v3_02123,projtxt_3799a0bf00bcfdc7,explicit_mmr,implicit_mmr,-0.648194265917412,-0.6468231476465989,-0.8351951280927989,-0.9857351338497317,-1.2568926702352827,-0.6500330767238973
2300323,methodkg_v3_02124,projtxt_3799a0bf00bcfdc7,explicit_mmr,implicit_mmr,-0.25383781673780736,0.09294661534187798,-1.1697180111512622,-1.5329492472161477,-0.9985568164595299,-0.5312238539610038
2300376,methodkg_v3_02125,projtxt_26fca7ce7c5c20b9,explicit_mmr,explicit_mmr,1.160131873944514,-0.6562792286546437,-1.832538515023168,-1.5368635174909449,-0.5287131247364716,-0.886858794346606
2300618,methodkg_v3_02126,projtxt_76a7f0ea3db0569a,explicit_mmr,explicit_mmr,-0.08027768947492261,-0.6558961757387034,-1.8266283653364,-0.753341567702298,-0.8585748473963813,-0.6609993392768189
2300619,methodkg_v3_02127,projtxt_76a7f0ea3db0569a,explicit_mmr,explicit_mmr,-0.11489015119284463,-0.8197612952630646,-0.8733731557758821,-0.8370399221448853,-1.1118929847002392,-0.6069022458670132
2300676,methodkg_v3_02128,projtxt_052a1a663de4dafb,explicit_mmr,qual_only,-0.4257367391417254,-0.7419863895029677,-1.0963701729513406,-1.0555331254906122,0.024182313759960085,-0.6289583645974479
2300709,methodkg_v3_02129,projtxt_e94bbeb1a1125a69,explicit_mmr,implicit_mmr,-0.667048870041054,0.9277484872884889,-1.6493481516928503,-2.4944547058329705,-1.039235965800781,-0.5901929226663224
2300710,methodkg_v3_02130,projtxt_e94bbeb1a1125a69,explicit_mmr,implicit_mmr,0.11700244065698351,0.6298157848676187,-2.0152369244604205,-1.7328044437013088,-0.8708726164537458,-1.1913146408891993
2300725,methodkg_v3_02131,projtxt_00719ff7732e0f70,explicit_mmr,explicit_mmr,0.0743226536373327,-1.116111726668652,-0.8431308107063848,-1.6658909145298726,0.050469347033135305,-1.2889050222978709
2300744,methodkg_v3_02132,projtxt_85c7f05237212f83,quant_only,no_method_signal,-1.2600405009551745,-1.535217488715409,-1.3274209725687498,0.585916567998562,-1.0287609678540892,-1.173190256412211
2300747,methodkg_v3_02133,projtxt_e79fa56987a716f3,implicit_mmr,multi_method_not_mmr,-0.7430255944125603,-0.6461579988871518,-0.14833734619585454,-1.7074903539072468,-1.7490395141828008,-0.16587517945554994
2300927,methodkg_v3_02134,projtxt_8d720f335bd9e24e,explicit_mmr,explicit_mmr,0.5387945456106531,-1.1484410400985525,-0.6239619701389834,-1.0189002987315618,-1.0409053132375081,-1.1935510839197825
2300977,methodkg_v3_02135,projtxt_9896607b93c3c7c2,explicit_mmr,explicit_mmr,0.4656579578262206,-1.0609174366596816,-1.3251001219387146,-1.449639796951376,-1.6691436847157042,-0.5844980895310842
2301049,methodkg_v3_02136,projtxt_8c10d16fcffd4a1e,explicit_mmr,qual_only,-0.027582915776247052,-1.1878963691104356,-1.124842925254594,-1.466367339110067,0.21912784228052587,-1.175855042867979
2302112,methodkg_v3_02137,projtxt_c206e19020e530a5,implicit_mmr,no_method_signal,-1.2849638303964155,-1.307821419292731,-1.2136758028248236,0.01647146595315549,-1.057835123540092,-0.6917716713670415
2306044,methodkg_v3_02138,projtxt_c69babb23a6aa8a4,quant_only,implicit_mmr,-2.012032780642463,-0.40936990723228434,-0.5053573444596284,-0.5843096039506336,-1.4588995200910997,-1.0145581802135977
2306052,methodkg_v3_02139,projtxt_12bc47b380b0c29e,explicit_mmr,qual_only,-0.2216234224561595,-1.1741537424763064,-0.5586917350017777,-1.1794497559317338,-0.1530376806554591,-1.0071440578104855
2306053,methodkg_v3_02140,projtxt_12bc47b380b0c29e,explicit_mmr,implicit_mmr,-0.6033303663314367,-0.08308406028641807,-1.3521526143166809,-1.7185932637458454,-0.4435543062202786,-0.5083043972926081
2306099,methodkg_v3_02141,projtxt_1fe3dd1376347e50,explicit_mmr,qual_only,-0.3572387463963018,-0.8460201792533306,-1.219212281711938,-0.549523049099882,-0.016019061123959295,-1.2745016055221774
2306262,methodkg_v3_02142,projtxt_48de6294dbf2ad2b,explicit_mmr,qual_only,0.20103213511260892,-1.2549991973655321,-0.2805405247387448,-1.6033355138458125,0.7508613766596651,-1.0825678479163048
2306263,methodkg_v3_02143,projtxt_48de6294dbf2ad2b,explicit_mmr,explicit_mmr,0.06007383680840844,-1.2186335394071115,-0.1757626937644562,-1.0801889654503078,-0.9582496318733634,-1.140070633397377
2306270,methodkg_v3_02144,projtxt_c846fe1fbd12a4e8,implicit_mmr,implicit_mmr,-0.8982248792795173,0.6593186408809117,-0.20243319999990805,-1.9687848598237256,-0.7706812326546063,-1.2084229663337387
2306271,methodkg_v3_02145,projtxt_b1d93cbfb545bd53,implicit_mmr,qual_only,-1.0884339697042806,-0.2373552962285304,-1.3080580997864824,-0.8230907928698786,0.13628555353259872,-0.7855056584599641
2306658,methodkg_v3_02146,projtxt_401c199913a2594c,explicit_mmr,quant_only,-0.9204438380920148,-1.057415101618586,-0.31783520403406257,-1.050852327877987,-2.275102834386232,-0.06331974809662136
2308501,methodkg_v3_02147,projtxt_4a0795a07f73ec56,explicit_mmr,multi_method_not_mmr,-2.013340771425624,-1.39639021688916,-0.1964186693245626,-0.526382671341823,-1.100490886712613,-0.7688268543928479
2311493,methodkg_v3_02148,projtxt_7db920cec10fafc1,quant_only,multi_method_not_mmr,-0.3618890341355483,-0.7055131832886394,-0.12898505214569,-1.2979469185164627,-0.7634031852659999,-1.0212531153384299
2313240,methodkg_v3_02149,projtxt_00e910c1eddb4f1f,implicit_mmr,implicit_mmr,-0.8982248792795173,0.6593186408809117,-0.20243319999990805,-1.9687848598237256,-0.7706812326546063,-1.2084229663337387
2313241,methodkg_v3_02150,projtxt_00e910c1eddb4f1f,implicit_mmr,implicit_mmr,-0.6033303663314367,-0.08308406028641807,-1.3521526143166809,-1.7185932637458454,-0.4435543062202786,-0.5083043972926081
2313369,methodkg_v3_02151,projtxt_b4061fb215dc1e74,no_method_signal,no_method_signal,-1.2423543985012349,-1.3465913881055829,-1.5463113756665787,0.7041075336466367,-1.886512157374805,-0.811779863063794
2313418,methodkg_v3_02152,projtxt_c13f9242640134ac,explicit_mmr,quant_only,-1.4896560665225729,-1.1157421258615206,-1.2276729619843136,-0.7967596341267976,-0.8282098984026816,-0.24428114531607076
2313440,methodkg_v3_02153,projtxt_7367c279896a105a,implicit_mmr,no_method_signal,-1.0788846756989776,-1.0112959695888082,-1.2894753607987817,0.056724186688399486,-0.5005176296841246,-1.1580001642367215
2313850,methodkg_v3_02154,projtxt_7f93303f4a562a63,implicit_mmr,explicit_mmr,-0.061085976667022146,-0.8734727016143651,-0.6793831894047653,-0.7745867298729172,-0.8511954600206607,-1.0213861358844565
2313972,methodkg_v3_02155,projtxt_666093ae07390261,implicit_mmr,qual_only,-1.2756585882145643,-0.8872597817905414,-1.0807592306141265,-0.8230833542753234,-0.3122656271632443,-0.45678736649474355
2313979,methodkg_v3_02156,projtxt_a7be9f46b9ea552c,multi_method_not_mmr,qual_only,-1.6176141199547123,-0.44048217783849375,-0.1428579132046272,-1.0776039200429814,0.2620428171880046,-1.1732060983274224
2314075,methodkg_v3_02157,projtxt_112132cba0978d04,implicit_mmr,explicit_mmr,0.3196903410541588,-0.5667380118574903,-0.5328215311164854,-1.2116664479209567,-0.6510367069241599,-1.625891487098568
2314089,methodkg_v3_02158,projtxt_f00229fc4a78f15a,explicit_mmr,qual_only,-0.5379622158971502,-1.2127295448853523,-0.6488190383205092,-0.9597535786292278,-0.43090556269887076,-0.7546158431388881
2314107,methodkg_v3_02159,projtxt_ad7a80d6ea5693b4,explicit_mmr,no_method_signal,-1.160214009336153,-0.8968781544512592,-0.5462998504838321,-0.2860391306990486,-1.8442484515142867,-0.8372981024525408
2314109,methodkg_v3_02160,projtxt_acb45637fea0b0b5,multi_method_not_mmr,no_method_signal,-0.4452486182065408,-0.6640325530135831,-0.5638292885187388,-0.30533132381139616,-1.5650900728554697,-1.3139668803055278
2314112,methodkg_v3_02161,projtxt_7a6adb36ebe82ab4,qual_only,quant_only,-1.1950092650661954,-0.6099477206597459,-1.3451592518267226,-0.6044609943403091,-0.4726054749960832,-0.449980103713577
2314144,methodkg_v3_02162,projtxt_1b4a2cd60952a133,implicit_mmr,multi_method_not_mmr,-0.08278861452656444,-1.770414683760379,0.06882613824577782,-1.4180599411661736,-1.7380370816561894,-0.8418130824136284
2314238,methodkg_v3_02163,projtxt_c50f8e805323d71e,implicit_mmr,quant_only,-1.4653684575293275,-0.7384074519019028,-1.2122072002255113,-0.5535026184628561,-0.9637152609970396,-0.4205047883316276
2314844,methodkg_v3_02164,projtxt_d84773e4208b3960,explicit_mmr,multi_method_not_mmr,-0.5862472950502426,-0.42336382674924233,0.2425059849789265,-1.3829825524083081,-1.5521806867299692,-1.274434812378861
2315023,methodkg_v3_02165,projtxt_f27fc6f29a828c97,qual_only,quant_only,-0.7135964548762168,-1.2021156883374913,-1.441381755328891,-0.599168097362451,-1.922083321614409,-0.2169845589154191
2315024,methodkg_v3_02166,projtxt_f27fc6f29a828c97,qual_only,quant_only,-1.8659114136667143,-1.5496624721405636,-0.7267101391031374,-0.4206303067108704,-0.7908505902875709,0.28282445563739733
2315095,methodkg_v3_02167,projtxt_548d6f47abec1277,implicit_mmr,qual_only,-1.5993080442438585,-0.6212223038385253,-0.8460635912641121,-0.5870875407608821,-0.12964710309606936,-0.629175100636267
2315124,methodkg_v3_02168,projtxt_8b91e9357845837c,explicit_mmr,quant_only,-1.1073061988054078,-1.0070921812607903,-0.3616707312744926,-1.3877578292183255,-1.0881213150783864,0.14718318586443963
2315277,methodkg_v3_02169,projtxt_a194a843eb845cfb,explicit_mmr,explicit_mmr,0.3196903410541588,-0.5667380118574903,-0.5328215311164854,-1.2116664479209567,-0.6510367069241599,-1.625891487098568
2315353,methodkg_v3_02170,projtxt_33b4c8902ecb622e,implicit_mmr,implicit_mmr,-0.2738441415021551,-0.11438441480902276,-0.5842860901737756,-1.222159671687276,-1.1586371256522383,-0.9879271579270981
2315532,methodkg_v3_02171,projtxt_881ba9b3d7de720d,explicit_mmr,quant_only,-0.7507452730746196,-0.7887870810819575,-0.9760813306352092,-1.0439968781235687,-0.506018468411883,-0.335795917092441
2315617,methodkg_v3_02172,projtxt_2f4a35df2d947123,explicit_mmr,multi_method_not_mmr,-0.7412522930300229,-0.5778056761784605,-0.028565219548829568,-1.6331916954364643,-1.3587081390782327,-0.9824192396938747
2315626,methodkg_v3_02173,projtxt_1e1d977d23fa4774,quant_only,implicit_mmr,-0.2738441415021551,-0.11438441480902276,-0.5842860901737756,-1.222159671687276,-1.1586371256522383,-0.9879271579270981
2315647,methodkg_v3_02174,projtxt_1709b6e0111c0630,quant_only,explicit_mmr,0.2213177860630915,-0.7026748885484437,-0.9086223901423391,-1.517343247392499,-0.37920386321879546,-1.0697385079076913
2315763,methodkg_v3_02175,projtxt_38e3bcea9b2533d3,explicit_mmr,explicit_mmr,0.11318030350585812,-0.6192241623156565,-0.9475291298153115,-1.6071540060740996,-0.23255696831405123,-1.1793988422874133
2315912,methodkg_v3_02176,projtxt_edfaa35f70bc9413,explicit_mmr,implicit_mmr,-0.4019109565086538,-0.21300998734202486,-1.3206161569646664,-1.74574846910668,-0.44572843877516555,-0.5518324314426056
2317283,methodkg_v3_02177,projtxt_960837423d999e65,qual_only,no_method_signal,-1.2276431196901574,-1.4303603141295418,-1.2832360017373352,-0.10373912999478843,-0.6032692299776465,-0.8250355747024741
2317318,methodkg_v3_02178,projtxt_f53dc67e5cd4b067,qual_only,no_method_signal,-0.9497233399651139,-0.9349743278324161,-1.3739325856213973,-0.11530882400480072,-1.2185003022093897,-0.5176777134506655
2317319,methodkg_v3_02179,projtxt_f53dc67e5cd4b067,qual_only,explicit_mmr,-0.2704939973949757,-0.7296461033315933,-0.6562934468577977,-0.9076972130310555,-0.484139032886646,-0.9205355637164848
2317747,methodkg_v3_02180,projtxt_bf0cf1dd334fb31e,explicit_mmr,qual_only,-1.9495845757512187,-0.40367366931209936,-0.7281421996695356,-0.7842771960636606,-0.37451579838788923,-0.657632932874819
2317780,methodkg_v3_02181,projtxt_97888ce76f1fdec2,explicit_mmr,qual_only,-1.7097370458160484,-1.1246662795872693,-0.9055667631190023,-1.8640406304737758,0.059029545201269275,-0.7517006582433694
2317969,methodkg_v3_02182,projtxt_40cb08fa8174c66a,multi_method_not_mmr,explicit_mmr,-0.1881702481007593,-0.6552743922856314,-0.8702348977181587,-1.3538440771359845,-0.6059566663663479,-0.8162972964914608
2318158,methodkg_v3_02183,projtxt_c7a9a042d0f2db8f,explicit_mmr,multi_method_not_mmr,-0.9798356887508552,-1.2745122972920386,-0.4852489623769258,-0.5501342423517424,-0.9409283939869949,-0.9080782888600065
2318178,methodkg_v3_02184,projtxt_9dd50727bf39b021,explicit_mmr,quant_only,-0.6877912651735472,-1.426513360419903,-0.2720885322099112,-1.272812475922019,-1.1995159595755198,-0.053649338939872275
2318264,methodkg_v3_02185,projtxt_5d655b13865d8e13,implicit_mmr,no_method_signal,-0.33918054804387987,-1.853873935844579,-1.3527862952337104,0.27007359368452977,-1.428329949406438,-0.885695398894608
2318415,methodkg_v3_02186,projtxt_633fd7ad4c395fb1,explicit_mmr,multi_method_not_mmr,-0.8410349625296409,-1.2187423585864965,-0.6371579279842843,-0.7126963500271639,-1.0610884725580403,-0.873031074823757
2318849,methodkg_v3_02187,projtxt_a69c6225838e44f4,qual_only,implicit_mmr,-0.6030489892536095,-0.08248226898214212,-1.3515166482170269,-1.7180966951361518,-0.44298408904011566,-0.5079942307589332
2320947,methodkg_v3_02188,projtxt_678d48a9268d2b6a,explicit_mmr,no_method_signal,-2.3944954646435863,-1.441970862772446,-0.6545593358667501,0.0045926862126378365,-1.7100102885027608,-0.3464204458981263
2321179,methodkg_v3_02189,projtxt_38ee167b3a5815d6,explicit_mmr,multi_method_not_mmr,-1.8154909277861908,-0.6673384114943783,-0.4611727896520111,-0.4801399860293998,-1.1779913626320184,-0.8978023848642135
2321205,methodkg_v3_02190,projtxt_bff773629ee9be73,explicit_mmr,no_method_signal,-0.604041330543341,-0.9404372252462074,-0.9786215290276039,-0.5861587173986427,-1.4942753982105095,-1.1953284283577874
2321218,methodkg_v3_02191,projtxt_ce41fb04d8f8a08a,implicit_mmr,qual_only,-0.8561436545827037,-1.3066809609496546,-0.991177031549545,-0.7081380009790171,-0.42366027166037773,-0.6576198912990556
2321219,methodkg_v3_02192,projtxt_ec4807b9c54ff4df,implicit_mmr,multi_method_not_mmr,-0.9889896630318926,-1.180293572149523,0.1692572619991481,-0.7482587983145165,-1.5820296582961748,-0.80800995797701
2321243,methodkg_v3_02193,projtxt_1743888c52463398,explicit_mmr,implicit_mmr,-1.7346947127440846,0.08784882376824799,-0.4730059662243799,-0.6604755500128514,-1.7374168452233505,-0.845677103506759
2321390,methodkg_v3_02194,projtxt_4273ad208d03a706,explicit_mmr,qual_only,-0.5979683947087266,-1.5765410559538966,-1.829813406006042,-1.2965544751242701,1.836508177378776,-1.7477711099779503
2321391,methodkg_v3_02195,projtxt_4273ad208d03a706,explicit_mmr,qual_only,-1.690790086059957,-2.2625786663988112,-0.6153981165889153,-1.7678989265409764,1.9020125555027914,-1.476402891482303
2322250,methodkg_v3_02196,projtxt_98bbc7d52ee517c1,qual_only,multi_method_not_mmr,-0.8362528805698977,-0.5807436290765324,-0.34606376966190994,-1.2136607450817776,-1.7171315482455263,-0.3626300238114175
2323131,methodkg_v3_02197,projtxt_41ca7e3bca25e83a,quant_only,implicit_mmr,-2.4410202999342876,0.24579576347041038,-0.49500985977607087,-0.3807189543524686,-1.099554184329887,-1.0676866861552265
2324575,methodkg_v3_02198,projtxt_92cbb65876865905,multi_method_not_mmr,no_method_signal,-0.14648173597844202,-2.4345595634420376,-0.9373053739002886,0.259146777431293,-1.9909047565327476,-0.5214231765922971
2325989,methodkg_v3_02199,projtxt_3cc80c8b62262dee,implicit_mmr,quant_only,-0.7908628786177878,-0.7907573656993931,-1.3560702062225527,-0.39199184815528254,-1.101475065450605,-0.3774553095817225
2326588,methodkg_v3_02200,projtxt_d637720f93037f89,implicit_mmr,qual_only,-0.9578197271425395,-0.5998544202234362,-0.7503746050559783,-0.5646633273217806,-0.10520658519840795,-0.9958606252293957
2327314,methodkg_v3_02201,projtxt_5181ca2d58d6dedc,implicit_mmr,quant_only,-1.1610468831351644,-1.3170491413815568,-0.5301944744400335,-1.2768854458380219,-1.2886788905594486,-0.07541380727356334
2327420,methodkg_v3_02202,projtxt_1e73816cc89674b0,qual_only,explicit_mmr,-0.27189517509898964,-0.9249514240401047,-1.075900948993204,-0.6876475985550096,-1.7808471056791826,-0.8999191735523494
2327488,methodkg_v3_02203,projtxt_31973f3601999cc8,qual_only,no_method_signal,-1.1480274036672566,-1.564062475884541,-1.3619122250136224,0.07661437352731923,-1.4028794557106687,-1.021508881972571
2329579,methodkg_v3_02204,projtxt_52a27bd00215b5b9,multi_method_not_mmr,quant_only,-0.9774004184429972,-1.1696896972876352,-0.8540235020042102,-0.6844203587002811,-0.8375400405494114,-0.5888589273246805
2330963,methodkg_v3_02205,projtxt_02dd6aff64e675ab,explicit_mmr,explicit_mmr,0.4327715057464823,-2.317006611177286,-0.4572796322790485,-0.6098708752965102,-1.695899363545304,-0.5914718884379945
2332167,methodkg_v3_02206,projtxt_df4753fb1483de50,quant_only,explicit_mmr,0.012546915659457536,-1.980178841539785,-0.5079707363878829,-0.6381100911196301,-1.455121901711323,-0.2630732829701844
2333764,methodkg_v3_02207,projtxt_6df30b98cb3548e1,multi_method_not_mmr,qual_only,-0.9405076152198781,-0.7565869624536208,-0.6962189373453012,-0.5507010434954486,-0.0896506001129184,-1.556274364562962
2333959,methodkg_v3_02208,projtxt_626de20d0fd560df,qual_only,qual_only,-0.6030386253651228,-1.1835431764830173,-1.1394069634761106,-0.6661612606791172,-0.09780527001821887,-0.42769287384120575
2334693,methodkg_v3_02209,projtxt_e2802a44889ea669,explicit_mmr,no_method_signal,-0.3969612116576381,-1.2319620252762808,-0.9501820106385055,-0.34909299189896315,-1.1982321626019392,-0.9759256995136822
2335625,methodkg_v3_02210,projtxt_64d96a38dfeb8a6e,multi_method_not_mmr,multi_method_not_mmr,-0.41067926845709773,-0.8284509363851331,0.7106348145959209,-1.9995835056255806,-0.19500098907676314,-1.3064969770275738
2335725,methodkg_v3_02211,projtxt_a0e2d0fe05c746ef,quant_only,implicit_mmr,-0.2200142327773434,-0.01823328393716578,-0.6213354339483474,-1.3294779507997998,-1.3939927039095177,-0.8434211369878082
2336135,methodkg_v3_02212,projtxt_8b9990fc9f39f9dc,explicit_mmr,multi_method_not_mmr,-0.20856527331392632,-0.4762933335551409,-0.14859887218498713,-1.467832958716622,-2.050175800418703,-0.4770090150804011
2336136,methodkg_v3_02213,projtxt_8b9990fc9f39f9dc,explicit_mmr,explicit_mmr,0.14465775243255735,-1.0249509873567149,-1.263753312542244,-0.48280892224204486,-1.3914449121148142,-0.8089751161279081
2336456,methodkg_v3_02214,projtxt_0f2cca9707c8a7a6,no_method_signal,qual_only,-1.2756630366964599,-0.3969824114487757,-1.5391511371107924,-0.7314468518802987,0.16271560967203966,-0.6471882782260555
2336683,methodkg_v3_02215,projtxt_6e52606ba64403ab,no_method_signal,implicit_mmr,-0.3988919557557279,-0.0695206487105178,-0.43484145067749497,-2.2220025982869474,-0.7279445933313539,-0.5399613096668395
2336910,methodkg_v3_02216,projtxt_5e01f1480cb71175,implicit_mmr,no_method_signal,-0.3394619251217069,-1.8544757271488546,-1.353422261333364,0.26957702507483594,-1.428900166586601,-0.8860055654282828
2336911,methodkg_v3_02217,projtxt_5e01f1480cb71175,implicit_mmr,multi_method_not_mmr,-0.47023207234985076,-0.8124784172631669,0.10937843305658165,-1.1137312644205535,-1.229855809413564,-1.1649198450529301
2336912,methodkg_v3_02218,projtxt_5e01f1480cb71175,implicit_mmr,qual_only,-0.25743966754818504,-0.41351851791493827,-1.4656832164870834,-2.2365979593997665,-0.12587655414426643,-0.2018980430346953
2337003,methodkg_v3_02219,projtxt_cd0656ba66a64b70,explicit_mmr,explicit_mmr,-0.02998835163642316,-0.5252288634483777,-0.7073821548988526,-1.6456355814058587,-1.3305504222582878,-0.36141191645994886
2337016,methodkg_v3_02220,projtxt_9227a598df989be1,explicit_mmr,quant_only,-0.6207965229014727,-0.8633973626285762,-0.6276698683023383,-1.322878949711132,-1.332034984072968,-0.4174416841154642
2337017,methodkg_v3_02221,projtxt_9227a598df989be1,explicit_mmr,multi_method_not_mmr,-0.8907322421220571,-0.2514019034860918,0.014988286645046867,-2.0853259713516983,-2.1572527125764647,-0.0739782227067852
2337018,methodkg_v3_02222,projtxt_9227a598df989be1,explicit_mmr,multi_method_not_mmr,-0.6519628637713648,-0.897190530142915,-0.5430418822068028,-0.8627762315820134,-1.2281050614400983,-1.0268376134994108
2337019,methodkg_v3_02223,projtxt_9227a598df989be1,explicit_mmr,multi_method_not_mmr,-0.1134038596344564,-0.5027223251319219,-0.0018875500892246433,-1.494945747381895,-1.8687265192742486,-1.1184716360293716
2337020,methodkg_v3_02224,projtxt_9227a598df989be1,explicit_mmr,qual_only,-0.25743966754818504,-0.41351851791493827,-1.4656832164870834,-2.2365979593997665,-0.12587655414426643,-0.2018980430346953
2337021,methodkg_v3_02225,projtxt_9227a598df989be1,explicit_mmr,no_method_signal,-1.1236808562519607,-0.6577728400954415,-1.2439026454086235,0.04954307167755376,-1.425322593856986,-1.2849388920950284
2337142,methodkg_v3_02226,projtxt_e5970f7e308f7377,explicit_mmr,implicit_mmr,-0.46958864715265547,-0.14086418401085155,-0.33805641615169396,-1.0527032938450662,-2.019352168487081,-1.073658948693531
2337143,methodkg_v3_02227,projtxt_e5970f7e308f7377,explicit_mmr,explicit_mmr,0.8128565590195653,-0.6042830259556544,-0.9949041810900947,-1.9613467197584764,-1.2684067371881325,-0.3049578492180344
2337144,methodkg_v3_02228,projtxt_e5970f7e308f7377,explicit_mmr,explicit_mmr,-0.024791655508098642,-0.4513130642190801,-0.8102937719766297,-1.380264217877787,-2.053116832971308,-0.2769809296248106
2337145,methodkg_v3_02229,projtxt_e5970f7e308f7377,explicit_mmr,implicit_mmr,-0.4864252087725773,-0.12870015019548275,-0.3685376925983069,-1.9060447371892388,-1.0733114534866377,-0.5722185727820547
2337146,methodkg_v3_02230,projtxt_e5970f7e308f7377,explicit_mmr,explicit_mmr,0.29812406389119755,-0.12029321993199393,-0.4542366382770385,-1.4942114456232114,-2.0170280419151494,-1.0218425857315212
2337247,methodkg_v3_02231,projtxt_079343300d9ce3f3,explicit_mmr,explicit_mmr,-0.2799001168433714,-0.9010203815063333,-0.47095726502680596,-1.1079077447347065,-2.339083735743066,-0.6874917630703055
2337612,methodkg_v3_02232,projtxt_3b0647263af0a88f,implicit_mmr,qual_only,-0.9125516935426794,-0.2505689172062673,-1.1786370717813501,-1.7909412793292112,0.10376868804936412,-0.6695372911362801
2337709,methodkg_v3_02233,projtxt_20d7d766e07e52aa,qual_only,qual_only,-0.3108930437308075,-0.6307551674439247,-1.1947457693525942,-1.1249081252645234,-0.12708946702326543,-0.5791169747874403
2339289,methodkg_v3_02234,projtxt_10454af1f47df893,explicit_mmr,explicit_mmr,-0.09103994745146313,-1.2205611062454855,-0.5450770650467003,-0.7608504406069206,-0.6714325262386461,-1.1445267301324122
2339702,methodkg_v3_02235,projtxt_a9e05f3b8894b8c8,explicit_mmr,explicit_mmr,-0.12170388448067482,-0.9236642484223727,-0.8172039303790197,-0.893525791566978,-1.626596172676769,-0.6340708328162875
2340576,methodkg_v3_02236,projtxt_ecff468402eec095,implicit_mmr,implicit_mmr,-0.7473517623168013,-0.17346925785984663,-1.3677429482523193,-0.4547222460000965,-1.2668877637068823,-1.3955996929133474
2342574,methodkg_v3_02237,projtxt_a92fce89368af486,explicit_mmr,qual_only,-1.0725008605166904,-0.7112178398081317,-0.8915831002150274,-0.8694087760007979,0.4917607241944081,-1.6998107388031631
2342624,methodkg_v3_02238,projtxt_7e6b76905a25f672,implicit_mmr,multi_method_not_mmr,-0.7181566265464578,-0.6683822532541837,-0.13781256885994153,-1.1141630990155784,-0.2534317118107779,-1.688890108526883
2342625,methodkg_v3_02239,projtxt_7e6b76905a25f672,implicit_mmr,qual_only,-0.7412586272906592,-0.6236817360956901,-0.6537308373600577,-0.9782738165758725,-0.5148885740189696,-1.447149941239712
2342626,methodkg_v3_02240,projtxt_7e6b76905a25f672,implicit_mmr,multi_method_not_mmr,-0.7860198685673561,-0.31936099733402495,0.20604240136106577,-1.1795495150217965,-0.4590805250233658,-1.8365224456371785
2342627,methodkg_v3_02241,projtxt_7e6b76905a25f672,implicit_mmr,qual_only,-1.1520789670753688,0.029776950779534295,-1.0996955107868127,-0.8989605355716824,0.15996442644155348,-1.6309193643634834
2342766,methodkg_v3_02242,projtxt_0d3ed072da0a67b4,explicit_mmr,implicit_mmr,-0.8945668114559988,-0.8344715515474563,-1.116117051077569,-0.8990677169734852,-1.1689767751112439,-1.0252615078568292
2344789,methodkg_v3_02243,projtxt_f222622f4b442e93,implicit_mmr,qual_only,-0.9023184187605076,-1.109914060309388,-1.294747438234616,-0.5313508550166081,-0.46176340930433574,-0.4973505928260998
2344790,methodkg_v3_02244,projtxt_f222622f4b442e93,implicit_mmr,multi_method_not_mmr,-0.6367700123074183,-1.5165798339565597,-0.35741188592593925,-0.7190711371002371,-0.5360826688350285,-0.7959094921098422
2344791,methodkg_v3_02245,projtxt_f222622f4b442e93,implicit_mmr,quant_only,-0.4955125860557023,-1.4104895906997235,-0.5752463585899561,-0.49816152597208707,-1.1756519507609076,-0.43510973339181164
2344792,methodkg_v3_02246,projtxt_f222622f4b442e93,implicit_mmr,no_method_signal,-1.4221498881659072,-1.1119193173099164,-0.6101662722302386,-0.06248301336894599,-1.1848231880048454,-0.6494474541208172
2344793,methodkg_v3_02247,projtxt_f222622f4b442e93,implicit_mmr,multi_method_not_mmr,-1.08055512288561,-0.8662034962045697,-0.19500885444146981,-0.9053116229138453,-0.9213737895773877,-0.6119985015857607
2344794,methodkg_v3_02248,projtxt_f222622f4b442e93,implicit_mmr,no_method_signal,-1.4637962790557224,-2.327325454476473,-0.5921214158189485,0.3130066265319643,-1.6402196311678618,-0.4717018090027129
2344795,methodkg_v3_02249,projtxt_f222622f4b442e93,implicit_mmr,no_method_signal,-1.2336910928107292,-0.565751446312389,-0.9807048584606666,0.29789023863606634,-1.235929675475949,-1.2476883715983598
2344854,methodkg_v3_02250,projtxt_e01545e8f8014592,multi_method_not_mmr,multi_method_not_mmr,-0.5525648574076709,-1.4091388219933259,-0.26026113385240895,-0.5782650194581481,-1.3368356065573768,-0.7719694491572217
2344942,methodkg_v3_02251,projtxt_d07ce323e97ed540,explicit_mmr,no_method_signal,-0.653110565730868,-1.1747045988836904,-0.511888748761893,-0.41123973918747725,-1.1216789917022176,-0.7302148347496173
2344947,methodkg_v3_02252,projtxt_95accd599f78aec6,multi_method_not_mmr,multi_method_not_mmr,-0.7551622925814521,-1.5741460389618849,0.074808311163854,-0.32536214682129105,-0.6147800882719625,-1.1051814113594831
2344960,methodkg_v3_02253,projtxt_deef93ab6a8884a9,multi_method_not_mmr,qual_only,-1.1396041792723797,-1.7471538678256149,-0.756198585850081,-0.03677480172501782,0.4406424206124774,-1.025752395116466
2345042,methodkg_v3_02254,projtxt_2faf8253c48ff642,implicit_mmr,no_method_signal,-1.337751006939001,-1.1994045639723032,-0.9293184908913323,0.19309308553338353,-0.7300012897215343,-1.1732586971384822
2345094,methodkg_v3_02255,projtxt_9b207d5dca59e7ca,explicit_mmr,quant_only,-1.1424484904209693,-1.3656295988627642,-0.9777468701366336,-0.9468011616140793,-0.9185892678122559,0.6319403436422812
2345114,methodkg_v3_02256,projtxt_e1a327b3e18b3dc5,explicit_mmr,no_method_signal,-0.9463576757286047,-1.624168419980673,-0.9750959570998068,0.4064802918866516,-1.4690727687965417,-0.8278860720161474
2345129,methodkg_v3_02257,projtxt_f5913d765ad380e2,implicit_mmr,quant_only,-0.36384325397780787,-1.402507940486687,-0.5353715499639784,-0.9891371190753905,-1.3619041180620726,-0.0423146982107365
2345187,methodkg_v3_02258,projtxt_ce5841da152b849c,explicit_mmr,multi_method_not_mmr,-0.7501885434212805,-1.2578504744676025,-0.34369561588362046,-0.49249752564887317,-0.8750101210922162,-0.8799289215444355
2345204,methodkg_v3_02259,projtxt_93423a977b78552f,multi_method_not_mmr,implicit_mmr,-1.80171373423619,-0.02568666673273673,-1.1828238352138447,-0.86602151985188,-0.2588265815996795,-1.2085489826519042
2345377,methodkg_v3_02260,projtxt_a98a45b79c6d9bbf,quant_only,explicit_mmr,-0.3247831983170065,-1.502986739248754,-0.7216205916184926,-0.4514204360857832,-1.0680666913268106,-0.8424655270149239
2345378,methodkg_v3_02261,projtxt_ef13c4c256f33a95,explicit_mmr,multi_method_not_mmr,-0.9801170658286824,-1.2751140885963141,-0.4858849284765793,-0.5506308109614362,-0.9414986111671578,-0.9083884553936813
2345607,methodkg_v3_02262,projtxt_ee298a79b00d23b2,no_method_signal,explicit_mmr,-0.09789661519887718,-0.4047799209012484,-1.468938229360874,-1.2763558773417796,-1.141635443525522,-0.3291163458124103
2346653,methodkg_v3_02263,projtxt_8ae27e47ac8dcbf9,explicit_mmr,implicit_mmr,-0.86129568632783,-0.01499979058796988,-0.5967993309730937,-1.765848940003289,-0.5621525509051012,-0.4804837431641606
2346868,methodkg_v3_02264,projtxt_1c4ad824abd37597,qual_only,implicit_mmr,-0.6970868465345617,0.528790922521029,-0.17153270874754756,-1.9964366337942538,-0.7734255823896562,-1.252261167017411
2347820,methodkg_v3_02265,projtxt_2375564155052520,implicit_mmr,qual_only,-0.5613064100720571,-1.0334276456574214,-1.5716821731254331,-1.2033466525502925,0.09392653203975915,-0.3808636772582971
2347821,methodkg_v3_02266,projtxt_2375564155052520,implicit_mmr,explicit_mmr,0.7315828030955658,-0.9079776263267447,-1.4948126221353621,-1.773186984042578,-0.41276650640233314,-0.8904849834894679
2348080,methodkg_v3_02267,projtxt_17af9033f84573f6,qual_only,explicit_mmr,-0.11951856401774202,-0.9212276445363878,-1.0461262830794238,-0.6588565430066765,-1.7045723793989276,-0.5795260692402625
2348081,methodkg_v3_02268,projtxt_17af9033f84573f6,qual_only,explicit_mmr,-0.08313849006189838,-0.2354163358061413,-0.7430405937666984,-1.0045726445932532,-1.071026093773725,-1.216497834711312
2348082,methodkg_v3_02269,projtxt_17af9033f84573f6,qual_only,implicit_mmr,-1.1243585618291905,0.016255083954474447,-0.5787909815302668,-0.40835134809176654,-1.202034002324399,-1.17572764393766
2348835,methodkg_v3_02270,projtxt_4d12bed9e01e1cfb,explicit_mmr,no_method_signal,-0.7768194695698245,-1.3805915965711888,-0.9415276877913243,0.008738948638535249,-1.4182645372798857,-0.6866183598733485
2349657,methodkg_v3_02271,projtxt_a30d3abb93c733c4,multi_method_not_mmr,quant_only,-2.0153548687398652,-1.5196610275264957,-0.15095303255129305,-1.0627595918152821,-1.8322930129707793,0.3821259152359088
2349722,methodkg_v3_02272,projtxt_61d137aa84c06224,quant_only,no_method_signal,-1.9791666381821207,-1.3998564444727943,-1.5866020909546092,0.3571861261485912,-1.5910362533852143,-0.3152761866639296
2350382,methodkg_v3_02273,projtxt_3c9ef492a166a15a,explicit_mmr,implicit_mmr,-0.7778957251241356,0.16250172750344655,-0.6633306477752199,-1.8579865772620716,-0.49992045077338215,-1.3765280902731163
2350410,methodkg_v3_02274,projtxt_389dec86168b8914,explicit_mmr,implicit_mmr,-0.10918412504448696,0.9206298143797704,-1.2189597191005677,-1.8748229954668403,-1.438144792041367,-1.205067001812604
2400347,methodkg_v3_02275,projtxt_7146eafa2fbf9322,quant_only,no_method_signal,-0.7768194695698245,-1.3805915965711888,-0.9415276877913243,0.008738948638535249,-1.4182645372798857,-0.6866183598733485
2400411,methodkg_v3_02276,projtxt_94728f3bc6ecc4ed,quant_only,quant_only,-0.48394505042644,-0.7566191297678293,-0.8776979447729372,-1.7631070590685431,-1.3441846886290154,-0.20452639281211
2400428,methodkg_v3_02277,projtxt_a75a44f4828acee3,implicit_mmr,multi_method_not_mmr,-0.5582475992362004,-1.0941630957107291,-0.12557050374052509,-0.6394044303532874,-2.1261290827807757,-0.7141421704494894
2400478,methodkg_v3_02278,projtxt_ba04ce010067dfbe,explicit_mmr,no_method_signal,-0.873897447260237,-1.4637374721551009,-0.7733345549130519,-0.07251883782286064,-1.1715956666698841,-0.8363324466681666
2400767,methodkg_v3_02279,projtxt_527fd40c80a40123,multi_method_not_mmr,explicit_mmr,0.1493163804820289,-0.9271685714947655,-1.3923757881161636,-1.4091544915563878,-0.1126257845274918,-0.9639381240874051
2400781,methodkg_v3_02280,projtxt_d4b520e2168243d4,quant_only,explicit_mmr,-0.07315793589977893,-0.6696457644374687,-1.305648365425205,-1.3742253140160605,-0.9201611826422612,-0.5600730492841046
2400782,methodkg_v3_02281,projtxt_d4b520e2168243d4,quant_only,implicit_mmr,-0.26465095262802335,-0.17568131415548935,-1.0231224045663037,-1.8885759635107544,-1.409975960670098,-0.35672337846290264
2400783,methodkg_v3_02282,projtxt_d4b520e2168243d4,quant_only,explicit_mmr,-0.14728871568981872,-0.7293078716033365,-1.065933955038192,-1.9005597338598166,-0.33230831492795565,-0.602482454248621
2400784,methodkg_v3_02283,projtxt_d4b520e2168243d4,quant_only,explicit_mmr,-0.16775779905064114,-0.6344599746740964,-1.1437257877830422,-1.6249286403804624,-0.4242584348147744,-0.8413785522229131
2400805,methodkg_v3_02284,projtxt_d02f518f23aad4a1,implicit_mmr,explicit_mmr,0.30991914869059006,-0.9383139462759424,-2.0058573640388775,-1.2931085245016687,-0.6503407378359636,-0.531178430098906
2403932,methodkg_v3_02285,projtxt_af481fd83ea38e0f,explicit_mmr,explicit_mmr,-0.39927893411694454,-0.41391232977027514,-0.6497224109670026,-0.7896200239655967,-0.859580269000861,-1.0947457980258322
2403963,methodkg_v3_02286,projtxt_28187647d8a3d2e2,explicit_mmr,qual_only,-0.8083170150334265,-0.4770088797527869,-1.4095178462115798,-1.222752454725377,-0.37834956149796967,-0.8677183590544603
2404263,methodkg_v3_02287,projtxt_80f7503b914db769,explicit_mmr,implicit_mmr,-2.2243240510981486,0.017509258592168175,-0.27862048050722715,-0.7997572527818383,-1.4209173652223464,-0.6105039761139395
2404264,methodkg_v3_02288,projtxt_80f7503b914db769,explicit_mmr,implicit_mmr,-1.882833022204096,0.11119953812402572,-0.4647626569626459,-0.2544976585404528,-1.9373256830770695,-0.8278332971547779
2404553,methodkg_v3_02289,projtxt_ea8f1604b679699b,explicit_mmr,quant_only,-0.49000576124734163,-0.9468645539857989,-0.846395048773922,-0.9028574128077863,-0.5457470392321975,-0.47797607815053245
2404797,methodkg_v3_02290,projtxt_7d7d2a04c43006ad,explicit_mmr,explicit_mmr,0.1188593625515964,-0.5159722657651034,-0.4826236152956935,-0.9543535187890083,-1.4826156070064924,-1.2731672467695452
2404929,methodkg_v3_02291,projtxt_25ec796a4c83ade8,explicit_mmr,qual_only,0.22046248738845803,-0.507861618452188,-1.8667082771853731,-0.9280990031742903,0.6391524827074628,-1.0628859109580746
2405120,methodkg_v3_02292,projtxt_92738bca65feca54,multi_method_not_mmr,explicit_mmr,0.30844082085609187,-1.20841361198452,-0.9298360533141339,-0.9001174422654349,-0.3076721535006826,-1.0549156878876607
2405224,methodkg_v3_02293,projtxt_b872535ed71ace0c,implicit_mmr,explicit_mmr,0.10818079801221148,0.0609677176808579,-1.3548927203757934,-1.2569858758696337,-0.9549197653317721,-0.9361609266686205
2405225,methodkg_v3_02294,projtxt_b872535ed71ace0c,implicit_mmr,quant_only,-0.6020313384212228,-0.8929564211991299,-1.346137798486386,-1.542543453084187,-0.6601396007729551,0.6233513498472202
2405230,methodkg_v3_02295,projtxt_096ba64abf58523a,explicit_mmr,multi_method_not_mmr,-0.045077201472382505,-0.7120682722875078,-0.01246777767800758,-1.4512192728163467,-1.0980397022126291,-1.3644257414079937
2405431,methodkg_v3_02296,projtxt_01f7f6515c9209ea,qual_only,explicit_mmr,0.4455493345228673,-0.5156511066373297,-0.6181982372175934,-1.1168723967884537,-1.609385060701648,-1.1140497090139607
2405487,methodkg_v3_02297,projtxt_d128560ab5242c44,qual_only,qual_only,-0.4174807580572687,-0.6143538961377639,-0.8659178265004632,-0.5823743263632968,-0.376776708695632,-1.2151652222900007
2405747,methodkg_v3_02298,projtxt_2e4749177f55bf96,qual_only,explicit_mmr,-0.10862554227042426,-0.15532611918893646,-1.6181335412430804,-1.080093705469204,-0.5525129950940743,-0.9220516787560229
2405785,methodkg_v3_02299,projtxt_90d4875635a534ee,explicit_mmr,explicit_mmr,0.4455493345228673,-0.5156511066373297,-0.6181982372175934,-1.1168723967884537,-1.609385060701648,-1.1140497090139607
2405786,methodkg_v3_02300,projtxt_90d4875635a534ee,explicit_mmr,implicit_mmr,-0.8965545925018328,-0.5593097587972018,-0.8317048258004773,-0.7483131474281355,-0.5874117199742919,-0.7066361225107612
2406660,methodkg_v3_02301,projtxt_7fb68cdafc92f21e,quant_only,quant_only,-0.8784568202768925,-1.1312813735015903,-0.8398595977877188,-0.7114719696522561,-1.1199384826211043,-0.562948498207031
2406960,methodkg_v3_02302,projtxt_06e5e39682f324de,explicit_mmr,qual_only,-0.9297285973363936,-1.183864335610791,-1.0038323415542107,-0.5036423826796719,0.028964183676936706,-0.5868104115967905
2407013,methodkg_v3_02303,projtxt_8404b763e41854fa,explicit_mmr,implicit_mmr,-0.633354516970187,-0.3267197954131349,-0.45590853909473456,-1.1893682622498278,-1.4755085262130831,-0.5629802793350707
2407014,methodkg_v3_02304,projtxt_8404b763e41854fa,explicit_mmr,multi_method_not_mmr,-1.0155175819094988,-0.9764226749096419,-0.37445074668056494,-0.6738028182475744,-1.1827191133368695,-0.6139546848494417
2407134,methodkg_v3_02305,projtxt_3a0d7b9c99e8b94c,explicit_mmr,qual_only,-0.10622748458281284,-0.5081827775799619,-1.7311336552634728,-0.7655801251748449,0.7659219364026184,-1.2220034487136593
2407135,methodkg_v3_02306,projtxt_156b98787b7bef51,explicit_mmr,implicit_mmr,-1.0844438382518893,-0.5038609792194333,-0.8480391694859359,-0.7483563771041117,-0.5808023448501817,-0.8307064462300963
2407294,methodkg_v3_02307,projtxt_031fc59b1d51b675,explicit_mmr,explicit_mmr,-0.2092530529760243,-0.9209079092814871,-0.7357691319175075,-1.1057776545716558,-0.7961379873496311,-0.6127365774979731
2408969,methodkg_v3_02308,projtxt_20ca67bdf7062978,explicit_mmr,explicit_mmr,0.10139291642711473,-0.7091734339084201,-0.797687322903589,-1.8149457680802048,-1.6436827634616886,-1.0683829088718038
2409848,methodkg_v3_02309,projtxt_c85bb658c0286871,explicit_mmr,quant_only,-1.4469250596032979,-1.3129003803716162,-1.1534643161541067,-0.3346710128599628,-1.5723860692845553,0.0755351309646804
2409905,methodkg_v3_02310,projtxt_1e0eac3bf43c3824,qual_only,qual_only,-1.9245311785460273,-1.0783627009235537,-1.5076040219791262,-0.7212136038883094,1.7028624741856624,-1.581686104017215
2411129,methodkg_v3_02311,projtxt_21932813926024f8,qual_only,explicit_mmr,0.36166246755474235,-0.855458060234473,-2.0760632742400236,-0.6246315171401223,-0.8576935442586296,-1.1526934012263292
2411326,methodkg_v3_02312,projtxt_c1be9e81bbdf00d7,explicit_mmr,explicit_mmr,-0.20433773392552695,-0.8475939013564653,-0.8393167150949385,-0.8409028596532778,-1.5192746152428145,-0.5286157571965096
2411524,methodkg_v3_02313,projtxt_878dd6e83a126740,explicit_mmr,quant_only,-0.8488382676184643,-0.9740411693969913,-1.2881689264522629,-0.8881867900877479,-1.2890069421849275,0.03731930102131358
2411535,methodkg_v3_02314,projtxt_c074c6bcab61a1fa,qual_only,explicit_mmr,0.04834762006425175,-1.2721927707749754,-0.05788708762559058,-1.4795156535637917,-0.7371465208160658,-1.2830190351503852
2411594,methodkg_v3_02315,projtxt_6160d6f471490130,implicit_mmr,qual_only,-0.4053708066530525,-1.2408476550996625,-0.8713131158952157,-1.3574415778195636,-0.226744325350207,-1.0492006078218947
2411595,methodkg_v3_02316,projtxt_6160d6f471490130,implicit_mmr,multi_method_not_mmr,-1.1334499709890926,-1.3866861829093806,-0.20703417903884197,-0.7125820400944487,-0.4484644596709655,-1.1764896369551445
2411711,methodkg_v3_02317,projtxt_05a0836dc6a7f157,qual_only,quant_only,-0.5411519886777454,-1.3397368715301035,-1.362101156188995,-1.1561511809217482,-1.2754867131804692,0.16291667692213904
2411805,methodkg_v3_02318,projtxt_16ea68ea4c12d139,implicit_mmr,no_method_signal,-1.040532688417865,-1.6177384126755534,-0.5129218437592376,-0.30766398596204547,-0.9942450903577605,-1.043306599407433
2411987,methodkg_v3_02319,projtxt_fe92e25b242eb9e7,explicit_mmr,quant_only,-0.5393330566737919,-1.2448166069840116,-1.3990848374148106,-0.36481979321072044,-1.7703552071066255,-0.3126433279213205
2411988,methodkg_v3_02320,projtxt_fe92e25b242eb9e7,explicit_mmr,qual_only,-0.9900697060792889,-1.3339407884983463,-0.9072152123787902,-0.5632034270906049,-0.5293316109438696,-0.6281243064155244
2413063,methodkg_v3_02321,projtxt_ba6cb53797442993,explicit_mmr,quant_only,-1.0882075053506581,-1.3482202191860018,-0.613574295270682,-1.0077491865138415,-1.0411531197109667,-0.3747064173777847
2413103,methodkg_v3_02322,projtxt_bceb1b4900c5ab68,explicit_mmr,multi_method_not_mmr,-0.9553421690582307,-1.9371523269496824,-0.2619354611592654,-1.2356626330744238,-0.8974089879485694,-0.608871812440987
2413231,methodkg_v3_02323,projtxt_7b0fe22cec4e4ec6,qual_only,no_method_signal,-0.5460767700288556,-1.4289058784095436,-1.5666626469000886,0.12640569150806413,0.013552690061824281,-1.7524030936880026
2413239,methodkg_v3_02324,projtxt_f381e418308fc145,explicit_mmr,multi_method_not_mmr,-0.9094844421335713,-1.1050712927494326,-0.4222707914738422,-0.5793588709437566,-1.2200083818179632,-0.8493176669254118
2413410,methodkg_v3_02325,projtxt_bde8fae600dec1b9,explicit_mmr,multi_method_not_mmr,-0.6434112765160311,-1.3700307061122199,-0.5537234459530724,-0.7984638438364388,-1.522913958023201,-0.765071602436543
2414169,methodkg_v3_02326,projtxt_4132a57549033080,explicit_mmr,qual_only,-0.5515700554458676,-0.8734370582948998,-0.9305310258767336,-0.9211625900713888,0.14763720053990284,-0.8322242695703796
2414170,methodkg_v3_02327,projtxt_4132a57549033080,explicit_mmr,implicit_mmr,-0.633354516970187,-0.3267197954131349,-0.45590853909473456,-1.1893682622498278,-1.4755085262130831,-0.5629802793350707
2415028,methodkg_v3_02328,projtxt_bb631165989565e3,explicit_mmr,no_method_signal,-0.6310394649615767,-1.6672562134259548,-0.9216246457044406,-0.44191179664695,-0.5488469004406632,-1.087680816114539
2415197,methodkg_v3_02329,projtxt_2e1de3fcb7e9659c,explicit_mmr,implicit_mmr,-0.3989194105840056,-0.3624434732202626,-0.564409112563732,-1.2217589718169213,-1.1507122273053725,-0.6816439192984884
2415686,methodkg_v3_02330,projtxt_c93edd550d648953,qual_only,multi_method_not_mmr,-0.9234249593904005,-0.7601217057507426,-0.38519061596345067,-0.9556624329275002,-0.4065993711260979,-1.0968362086732446
2415796,methodkg_v3_02331,projtxt_ad5569f06d914980,explicit_mmr,quant_only,-0.3810323455737783,-0.9908328538791638,-0.44036487923750384,-1.2511678164540896,-0.706194694097398,-0.17370895363517141
2415797,methodkg_v3_02332,projtxt_ad5569f06d914980,explicit_mmr,quant_only,-0.8081280572721012,-1.5237178019761968,-1.2607192860610184,-0.4361195619726518,-0.8157117205918705,-0.3763395668673731
2415869,methodkg_v3_02333,projtxt_0100f8cf2e123044,implicit_mmr,qual_only,-1.3150461723275224,-0.3769057736571728,-0.975226802018136,-1.1979360821500362,0.23983983167888015,-0.7807427396942292
2415965,methodkg_v3_02334,projtxt_e93c683df8c8b252,implicit_mmr,explicit_mmr,-0.0007330036398111028,-0.9750832245260874,-1.0367026104433281,-0.6333888164538107,-1.59942495451986,-0.5175990277704821
2415989,methodkg_v3_02335,projtxt_6e4daf1a03ebab84,multi_method_not_mmr,explicit_mmr,-0.33313801018491607,-0.9135895704056398,-0.7745337837595165,-0.7187034645297624,-0.5705115568149682,-1.0369288902027285
2416024,methodkg_v3_02336,projtxt_063350ccc477e7ec,qual_only,quant_only,-0.8714736620090815,-0.175403247869985,-1.1852930248606408,-1.012049794733562,-2.3972840807518905,0.1160602454012824
2416621,methodkg_v3_02337,projtxt_bc588346a4b30def,explicit_mmr,quant_only,-0.9926606218105933,-0.7396501192700042,-0.2422747586862536,-1.4690271075248391,-1.82570229064584,0.053571215443075464
2416804,methodkg_v3_02338,projtxt_ebd9b6c4c72610c0,qual_only,implicit_mmr,-0.27412551857998213,-0.11498620611329827,-0.5849220562734292,-1.2226562402969698,-1.1592073428324012,-0.9882373244607727
2417138,methodkg_v3_02339,projtxt_40c45863380b81b3,implicit_mmr,explicit_mmr,0.11530220347880604,-0.6595739926975537,-0.9398081987452085,-0.5602847775751515,-1.3384615653935166,-1.2166514854760975
2417139,methodkg_v3_02340,projtxt_40c45863380b81b3,implicit_mmr,explicit_mmr,-0.2601186843627912,-0.30667353451472046,-0.7163180781710905,-1.3843210794923428,-1.270872305876418,-0.6465967052622389
2417140,methodkg_v3_02341,projtxt_40c45863380b81b3,implicit_mmr,implicit_mmr,-0.6395611786976965,0.17175189969669802,-1.1542336966175035,-0.702842875639327,-1.3878673393851992,-1.2079084427946538
2417149,methodkg_v3_02342,projtxt_6b1930ed85c566e0,multi_method_not_mmr,implicit_mmr,-0.6395611786976965,0.17175189969669802,-1.1542336966175035,-0.702842875639327,-1.3878673393851992,-1.2079084427946538
2417150,methodkg_v3_02343,projtxt_6b1930ed85c566e0,multi_method_not_mmr,quant_only,-1.1642134514801996,-0.193070416880939,-0.6834402564087347,-1.581472265168474,-1.33795113946913,0.17920718087155368
2417239,methodkg_v3_02344,projtxt_51aa980e3fe55399,explicit_mmr,implicit_mmr,-0.42321449719981524,-0.2731357438676096,-1.185500984076822,-1.354001888768546,-1.1583849467735945,-0.50956981633299
2417240,methodkg_v3_02345,projtxt_51aa980e3fe55399,explicit_mmr,explicit_mmr,0.29712577178811667,-0.700216376106753,-0.7229624592918749,-1.9672303978696102,-0.2979393656405038,-1.1291644826421594
2417252,methodkg_v3_02346,projtxt_37e22f946c203ab9,qual_only,explicit_mmr,0.1188593625515964,-0.5159722657651034,-0.4826236152956935,-0.9543535187890083,-1.4826156070064924,-1.2731672467695452
2417374,methodkg_v3_02347,projtxt_2e524a4a37bcb26e,no_method_signal,multi_method_not_mmr,-0.8800830565893802,-0.8843008517280639,0.0505486910016644,-1.2810700881380817,-1.1263355658452883,-0.6483237825981988
2417423,methodkg_v3_02348,projtxt_00196a282850f514,implicit_mmr,quant_only,-0.6473469875986941,-0.6944135599621009,-0.9148573918981737,-1.6392152666501463,-0.33625811102675135,-0.15340070816927026
2418374,methodkg_v3_02349,projtxt_84d785c8cc94924a,implicit_mmr,multi_method_not_mmr,-1.2415159011328118,-0.5845297752078611,-0.025148606467876117,-0.954088807451443,-1.3818480368568546,-1.2618539858799516
2418638,methodkg_v3_02350,projtxt_4a091085d7436823,qual_only,explicit_mmr,-0.24951157524509399,-1.2291027793216323,-0.4179085152094509,-0.9964470043865713,-0.791956089984842,-1.026070036754589
2418639,methodkg_v3_02351,projtxt_4a091085d7436823,qual_only,implicit_mmr,-0.756523730908605,-0.2737482912979427,-0.909296763575969,-1.1652488623069028,-0.3136058612166311,-0.5963845580565261
2418640,methodkg_v3_02352,projtxt_4a091085d7436823,qual_only,qual_only,-1.878885967912588,-0.8510922219130517,-1.248837106026119,-0.4594240145432297,0.05693384576590924,-0.593017906149692
2418715,methodkg_v3_02353,projtxt_f69b685ce8f8c152,implicit_mmr,no_method_signal,-1.5450108173031778,-0.7134087384298635,-0.5728584074158829,-0.42854724407865585,-0.7802087101260955,-0.820993373847704
2419116,methodkg_v3_02354,projtxt_d70b97ecba326162,multi_method_not_mmr,no_method_signal,-2.2079583255883244,-0.924144935775685,-0.04103719891827151,0.5667516260054245,-1.6145334837283956,-1.5385090208180652
2419117,methodkg_v3_02355,projtxt_d70b97ecba326162,multi_method_not_mmr,multi_method_not_mmr,-1.866291496190437,-1.5225931445658052,0.08540109677971319,-0.17908770059951015,-1.4318093900283222,-0.9683650022197264
2419118,methodkg_v3_02356,projtxt_d70b97ecba326162,multi_method_not_mmr,multi_method_not_mmr,-2.005092222411651,-1.5783630832713473,0.23731006238707178,-0.016525592924088534,-1.3116493114572767,-1.003412216255976
2420944,methodkg_v3_02357,projtxt_c4dafa5f179ca40a,explicit_mmr,multi_method_not_mmr,-0.9094844421335713,-1.1050712927494326,-0.4222707914738422,-0.5793588709437566,-1.2200083818179632,-0.8493176669254118
2421240,methodkg_v3_02358,projtxt_0fd5f01fc9c521a3,explicit_mmr,multi_method_not_mmr,-0.9094844421335713,-1.1050712927494326,-0.4222707914738422,-0.5793588709437566,-1.2200083818179632,-0.8493176669254118
2421241,methodkg_v3_02359,projtxt_0fd5f01fc9c521a3,explicit_mmr,multi_method_not_mmr,-0.770683715912357,-1.0493013540438905,-0.5741797570812006,-0.7419209786191782,-1.3401684603890087,-0.8142704528891622
2421279,methodkg_v3_02360,projtxt_d8fc3c74ed6e9b29,explicit_mmr,multi_method_not_mmr,-0.8413163396074679,-1.219344149890772,-0.6377938940839378,-0.7131929186368577,-1.0616586897382032,-0.8733412413574317
2421280,methodkg_v3_02361,projtxt_d8fc3c74ed6e9b29,explicit_mmr,multi_method_not_mmr,-0.8413163396074679,-1.219344149890772,-0.6377938940839378,-0.7131929186368577,-1.0616586897382032,-0.8733412413574317
2421846,methodkg_v3_02362,projtxt_341cbb6d07fed890,explicit_mmr,explicit_mmr,-0.3855023494969339,-1.5025109844827762,-0.838444145537913,-0.7465086929305996,-1.3650448691419446,-0.4723602538884803
2422009,methodkg_v3_02363,projtxt_6d8d2c4efa8c0e45,explicit_mmr,explicit_mmr,-0.2040563568476998,-0.8469921100521896,-0.8386807489952846,-0.840406291043584,-1.5187043980626516,-0.5283055906628347
2422010,methodkg_v3_02364,projtxt_6d8d2c4efa8c0e45,explicit_mmr,qual_only,-0.9300099744142207,-1.184466126915067,-1.0044683076538643,-0.5041389512893657,0.02839396649677378,-0.5871205781304651
2422287,methodkg_v3_02365,projtxt_31ed8ae7576fd7c8,qual_only,no_method_signal,-1.274560467893953,-0.9087743964615158,-0.6247382714723664,-0.5293421399315305,-0.9489297356789332,-0.6626849938254
2422319,methodkg_v3_02366,projtxt_e3c6705e7938937a,quant_only,explicit_mmr,-0.2516142507468493,-2.8333810021675867,-2.33975809409422,-0.500927425654964,-0.7198726193593739,-0.4574240218467341
2422544,methodkg_v3_02367,projtxt_0990f6400c43079d,explicit_mmr,implicit_mmr,-1.6932533412911093,0.059871095585602385,-0.4573577650531195,-0.9047920127593626,-1.6114782703645574,-0.9606541427990023
2423026,methodkg_v3_02368,projtxt_d69d5b8cd0b9ae2f,explicit_mmr,quant_only,-0.5089113330623629,-1.2808378040112196,-0.8999627207677494,-0.6278782705609061,-2.090572087443095,-0.35401137892518525
2424244,methodkg_v3_02369,projtxt_27c6887fe9ce6817,explicit_mmr,quant_only,-0.9769531491087349,-1.3090251095066563,-1.5237090286972752,-0.674537809283614,-0.16960522033598854,0.07190248682757361
2424324,methodkg_v3_02370,projtxt_b349d7f8af18dad1,explicit_mmr,quant_only,-1.0022480628367902,-1.5923132096464914,-0.8126546065192617,-0.9962159176639384,-0.6911267102311325,-0.26301013399377077
2424492,methodkg_v3_02371,projtxt_ad57567e02b54624,multi_method_not_mmr,explicit_mmr,-0.07477698155441309,-1.294867563494285,-0.7789440772902747,-0.9276794234786628,-1.6123715931027491,-0.4857993564384469
2424522,methodkg_v3_02372,projtxt_3cbd11edad6a47cb,explicit_mmr,quant_only,-1.3269264849597326,-0.7367526747344875,-1.3122575894030135,-0.3717380885668169,-1.4962788453832967,-0.2893048908282911
2424692,methodkg_v3_02373,projtxt_39a5b2bcf149f311,multi_method_not_mmr,no_method_signal,-0.8879408563082003,-0.8739032412833052,-1.1878770733442803,-0.47324963461667846,-0.8548061948406035,-0.5271693963765407
2424742,methodkg_v3_02374,projtxt_74ed65fb6ddaa0b0,explicit_mmr,qual_only,-1.4404762167753304,-0.32696366418864536,-1.9206951830185968,-0.3716126255864092,-0.22987007531057088,-0.2656599348087733
2424868,methodkg_v3_02375,projtxt_1a1e55b6dc062f99,explicit_mmr,quant_only,-1.1562515063266154,-0.6691557113899735,-0.8570168211420643,-0.7516499667864508,-0.7843243516699424,-0.3384345576714628
2424952,methodkg_v3_02376,projtxt_2b588a1154afb67d,implicit_mmr,no_method_signal,-0.7146303767429287,-0.5870074408559299,-1.3690231025595248,-0.43065593397688684,-0.8938474064736786,-0.6245140557877045
2424953,methodkg_v3_02377,projtxt_90fa5075f0981e7d,explicit_mmr,no_method_signal,-0.4989037418912805,-1.9815530790526357,-1.0434212974862853,-0.47615818322326886,-0.6728996069181674,-0.8660591358473835
2424988,methodkg_v3_02378,projtxt_454da90ad72ffbcf,explicit_mmr,qual_only,-0.4181266449047927,-1.1045115761088806,-1.5885531900660812,-0.6158179119564269,-0.064300162248564,-0.9108777796742468
2425114,methodkg_v3_02379,projtxt_237dbfc7524278d1,explicit_mmr,no_method_signal,-0.9563903359121309,-0.7602321754462418,-0.9729899368338384,-0.33991215553327114,-1.0137261041005265,-0.5034559884781956
2429274,methodkg_v3_02380,projtxt_c9d768bc9ced10ee,qual_only,qual_only,0.20075075803478176,-1.2556009886698078,-0.28117649083839835,-1.6038320824555066,0.7502911594795022,-1.0828780144499794
2429533,methodkg_v3_02381,projtxt_c9d7540e7fbc373e,qual_only,explicit_mmr,-0.47580695962709885,-0.7177001286029869,-0.9596134607179667,-1.1248227969158966,-0.8663735165847547,-1.219821942623727
2429605,methodkg_v3_02382,projtxt_97ad26f790ded639,explicit_mmr,quant_only,-1.2484858673632289,-0.6418206775705677,-1.6968472711605855,-0.930513296700087,-0.4206632840564403,-0.2995332889642748
2429624,methodkg_v3_02383,projtxt_41372a7ca942c8dc,qual_only,no_method_signal,-0.936417162211393,-1.1962707715712806,-1.6985678483164999,0.39394897747620905,-1.733782326528057,-1.021976505841217
2429832,methodkg_v3_02384,projtxt_c4e5cc1c25f1ddbf,quant_only,multi_method_not_mmr,-1.156829288196084,-1.2292256134659043,-0.38043025793654633,-0.5774118425594938,-1.3171401848543285,-1.1531317332670386
2430255,methodkg_v3_02385,projtxt_6a347d716da0a7d4,quant_only,explicit_mmr,0.2649381658152889,-1.730856456604793,-1.3440579692648207,-0.43808855875046593,-1.5962012896845361,-0.9927807548705909
2430257,methodkg_v3_02386,projtxt_6a347d716da0a7d4,quant_only,no_method_signal,-0.5970329564110821,-1.523879081844633,-0.6372595280715256,-0.5206706461537146,-1.2405558658840397,-0.9263943177110906
2430258,methodkg_v3_02387,projtxt_6a347d716da0a7d4,quant_only,no_method_signal,-1.1762861981360064,-1.6414320341093847,-1.1172852696927655,0.34834700657408857,-1.5355612588714833,-0.8563456058653932
2430463,methodkg_v3_02388,projtxt_4226cae76c289a57,qual_only,quant_only,-0.97539161351008,-1.272322688984543,-0.8362563175866247,-1.1919759394195577,-0.9242758534930426,0.18852239015599714
2430541,methodkg_v3_02389,projtxt_5938e26505138f2b,explicit_mmr,implicit_mmr,-0.9388301875669487,0.0725238219807762,-0.7655351454845607,-1.373123823703507,-1.8542347920068425,-0.9208900491809321
2430739,methodkg_v3_02390,projtxt_107c6712e6da5742,quant_only,qual_only,-0.642878253934936,-1.1310537440759976,-0.6438573893783295,-0.7706858391542576,-0.035070802620934156,-0.9815447456241216
2434875,methodkg_v3_02391,projtxt_8a293c81bbded978,quant_only,quant_only,-0.5820162927531414,-1.234304660693388,-1.558607178151994,-0.5239699300248987,-1.1790906979973088,-0.406146795112785
2435473,methodkg_v3_02392,projtxt_111e193886d067d1,quant_only,no_method_signal,-2.7253166209006374,-2.437894037631582,-1.0322333866950004,0.13200833329677406,-2.893488760925379,-0.023615493790456098
2439211,methodkg_v3_02393,projtxt_28a6821ed9491fe5,explicit_mmr,multi_method_not_mmr,-0.29802993660748545,-1.229385596539002,-0.19224018323260655,-1.447944346842244,-0.9745574526961996,-1.1669505632853057
2441096,methodkg_v3_02394,projtxt_7bd2b8b75af07f14,qual_only,explicit_mmr,0.31971601821872514,-0.6471017754292618,-0.452359090142987,-0.9825018613692303,-1.4859301739217052,-1.3173156139868925
2447200,methodkg_v3_02395,projtxt_536bd87d51d7905f,implicit_mmr,quant_only,-2.0646350640062123,-0.9842408748386404,-0.3651545199562212,-0.7944391316309415,-2.6828976187238363,0.0032509858946872944
2448306,methodkg_v3_02396,projtxt_bb05d13d9c407e12,explicit_mmr,qual_only,-1.5038619366333665,-0.5803831790130598,-1.1074142168102978,-0.3632087426480759,-0.2473296518271337,-0.5745812592929956
2448307,methodkg_v3_02397,projtxt_bb05d13d9c407e12,explicit_mmr,quant_only,-1.1984991189872538,-1.2568006167072252,-0.351012474422379,-0.7598985881650228,-0.8523304185100927,-0.33776606341479093
2448308,methodkg_v3_02398,projtxt_bb05d13d9c407e12,explicit_mmr,quant_only,-0.9995022886329257,-1.2051678308855194,-0.04106316871362231,-0.9978066722123661,-1.0085191258197588,0.02681904917311912
2448327,methodkg_v3_02399,projtxt_17af9033f84573f6,qual_only,explicit_mmr,-0.2582079707312316,-0.7739834327657049,-1.221551033373182,-0.43935514860971114,-0.39896321675163654,-1.0446926576041384
2448374,methodkg_v3_02400,projtxt_00b1508abf46cbc8,explicit_mmr,qual_only,-0.42868233769515196,-1.069024828190042,-1.14127332413243,-1.0834474625097923,-0.05372514978250064,-1.1239037582481064
2449885,methodkg_v3_02401,projtxt_e16394a53a8cda3f,explicit_mmr,multi_method_not_mmr,-1.0525179284837762,-2.3793206746576585,0.10872276025801558,-0.9143884277915081,-0.12745736054482715,-1.453209401639866
2450045,methodkg_v3_02402,projtxt_f42ce856f6e46171,explicit_mmr,multi_method_not_mmr,-0.7709650929901841,-1.0499031453481664,-0.5748157231808546,-0.742417547228872,-1.3407386775691716,-0.8145806194228371
2450400,methodkg_v3_02403,projtxt_9c704bdc46c96bd7,explicit_mmr,qual_only,-1.9700809146835376,-1.7617563977495194,-1.0294815304756064,-1.243930870299624,1.138215040349942,-0.4040042818873739
2452030,methodkg_v3_02404,projtxt_bb8108245d917e2c,explicit_mmr,explicit_mmr,1.1178369044957943,-0.8075983420887911,-1.4015352375731522,-1.0006712628391574,-0.7215853611547755,-0.9343083239968641
2500229,methodkg_v3_02405,projtxt_717c2e3061d30d7f,implicit_mmr,no_method_signal,-0.5900573178179465,-2.600184739542773,-1.1163117551508528,-0.3109860234699049,-1.0622430549769692,-0.46771608349870014
2500289,methodkg_v3_02406,projtxt_4abfde9f63924f17,implicit_mmr,qual_only,0.06105666993656783,-0.22721836926670955,-2.329883978087057,-1.4376326210749373,0.8336286345004907,-0.9722185136914939
2500508,methodkg_v3_02407,projtxt_cbd9baf56c812cbf,multi_method_not_mmr,multi_method_not_mmr,-0.9839678250323709,-0.9126560280509262,0.7986229263534899,-1.2348285025431596,-1.5536638444545747,-1.618492238559213
2500509,methodkg_v3_02408,projtxt_cbd9baf56c812cbf,multi_method_not_mmr,implicit_mmr,-0.9432612449654916,0.39469354932430195,-1.1778071664783467,-0.9548867942756517,-1.135210657374476,-0.8233066699841247
2500654,methodkg_v3_02409,projtxt_c82ca4d99a11ab0d,multi_method_not_mmr,no_method_signal,-0.9113193050074886,-1.3762764870701951,-0.9760362247164867,-0.0712944574479529,-1.2304456767329481,-0.5262498700514407
2500655,methodkg_v3_02410,projtxt_c82ca4d99a11ab0d,multi_method_not_mmr,no_method_signal,-1.0501200312287031,-1.4320464257757373,-0.8241272591091282,0.09126765022746869,-1.1102855981619026,-0.5612970840876903
2500848,methodkg_v3_02411,projtxt_3bf1ccbf90403c32,explicit_mmr,quant_only,-0.7663278399327629,-1.2032508988508146,-0.6749276134029463,-1.1253484943221406,-0.8329057175716649,-0.2870880325805618
2500849,methodkg_v3_02412,projtxt_3bf1ccbf90403c32,explicit_mmr,qual_only,-0.8135387685583355,-0.6056110827894817,-1.0336977451716185,-1.6142982345678936,-0.29504988227027257,-0.531220019598618
2506427,methodkg_v3_02413,projtxt_67f7ea03020c9600,implicit_mmr,quant_only,-0.714928828954027,-1.235576893479413,-0.3079220129319253,-1.0673643798129187,-1.4920249163699073,-0.3061240644424819
2506911,methodkg_v3_02414,projtxt_eb15ecfd88800dfe,implicit_mmr,qual_only,-1.8997631322863708,-0.6950549056873232,-0.3255441153301601,-0.5633432678508342,-0.2850004260750161,-1.04556652125917
2506912,methodkg_v3_02415,projtxt_eb15ecfd88800dfe,implicit_mmr,no_method_signal,-1.3073484823214645,-0.6601344550800843,-1.2115657485940625,-0.42372186681054835,-0.9390338078502733,-0.5712251003057386
2507129,methodkg_v3_02416,projtxt_cb033ab4a0e715a2,quant_only,no_method_signal,-1.6634028834782917,-0.7907254739384615,-0.6621609218857236,-0.5054308873908947,-1.0157297839293526,-0.6962091039267442
2508523,methodkg_v3_02417,projtxt_bd75c3d9dcb488e6,explicit_mmr,qual_only,0.01904307756567508,-0.3779356913965811,-1.8982447345373872,-0.9009437978134559,0.6413266152623498,-1.019357876808077
2508612,methodkg_v3_02418,projtxt_e1360f7d52b3ac57,qual_only,implicit_mmr,-0.603893120487091,-0.08428764289496954,-1.3534245465159884,-1.719586400965233,-0.44469474058060443,-0.5089247303599577
2508771,methodkg_v3_02419,projtxt_5c402111dd884a81,implicit_mmr,explicit_mmr,-0.674989515810011,-1.280029870733826,-0.7357335023673974,-0.678826666478879,-0.8574390395502322,-0.8432156541842107
2508834,methodkg_v3_02420,projtxt_4c166562013988b1,explicit_mmr,explicit_mmr,-0.3231232943034579,-0.7937383213667657,-0.8487403877310342,-0.8663705862061436,-1.624422040121882,-0.59054279866629
2508835,methodkg_v3_02421,projtxt_b21a0a825bc344f8,explicit_mmr,quant_only,-0.8331750078341007,-1.113151706665527,-1.307521228785202,-0.8347244294502582,-0.5688449880384855,-0.23046815395833725
2508970,methodkg_v3_02422,projtxt_ca16b00027755dac,explicit_mmr,explicit_mmr,0.04049951724980222,-0.177872092840329,-0.5328112401947169,-1.5263958211788127,-0.6921671218721702,-1.390114277401666
2508971,methodkg_v3_02423,projtxt_ca16b00027755dac,explicit_mmr,multi_method_not_mmr,-1.5928029950854954,-0.41711310543094454,-0.09042480522180618,-1.1681899667700213,-1.3466561404730286,-0.41655235214319036
2509043,methodkg_v3_02424,projtxt_63da0c897980b07e,explicit_mmr,multi_method_not_mmr,-1.5873662665552275,-0.8480126947142927,-0.024740390160954917,-0.7698409321862384,-1.7130870296573912,-0.9044097404087916
2509044,methodkg_v3_02425,projtxt_63da0c897980b07e,explicit_mmr,implicit_mmr,-1.1930098173756227,-0.108242931725816,-0.35926327321941837,-1.3170550455526546,-1.4547511758816383,-0.7856005176458981
2509474,methodkg_v3_02426,projtxt_77c8adde6631276e,explicit_mmr,quant_only,-1.2733434332034235,-0.35221131130674305,-1.3148844357522471,-0.9473387101783869,-0.5170504568593063,-0.2583512612340224
2510147,methodkg_v3_02427,projtxt_aef8dc01e881fa21,explicit_mmr,quant_only,-0.49885783268585643,-1.7878077238252097,-0.5787042120578725,-0.46345961530819557,-1.4889938876811697,-0.3571573523229499
2510214,methodkg_v3_02428,projtxt_e5541fa950470442,quant_only,explicit_mmr,0.08150847785231113,-2.359230549976232,-0.5264313975576247,-0.648351185033763,-1.0634224240229677,-0.47294843768072564
2513981,methodkg_v3_02429,projtxt_2b01a191b2fcc9d4,explicit_mmr,no_method_signal,-0.7985663303302608,-1.0670018670543058,-2.286238975410972,-0.3256064752979354,-1.0317475439144046,-0.4477993034162318
2514338,methodkg_v3_02430,projtxt_6f0fbf5e538cd414,explicit_mmr,quant_only,-2.043492259878661,-0.40804808983926893,-1.185309370064396,-0.8968663656288857,-1.7101055384604655,-0.2021026450433528
2514349,methodkg_v3_02431,projtxt_297e7f72817f53d2,explicit_mmr,no_method_signal,-0.8686743183288226,-1.4021376917422848,-0.935081774470067,-0.582716973629084,-1.130258123104728,-0.6017852880605957
2514491,methodkg_v3_02432,projtxt_391b75ddbd420d32,multi_method_not_mmr,implicit_mmr,-0.842490411943444,0.14864625555374872,-0.8267722000303115,-1.4987422458856037,-0.8442525945096113,-0.9312044413099748
2515040,methodkg_v3_02433,projtxt_af2587d33bd3e7a0,explicit_mmr,no_method_signal,-0.7093683243548596,-1.1238803201831844,-0.9132696168056802,-0.39803787813681724,-0.9453495898671782,-1.2090897014890336
2515088,methodkg_v3_02434,projtxt_c29dfcdd4e374ed3,explicit_mmr,quant_only,-0.8787381973547197,-1.1318831648058663,-0.8404955638873728,-0.71196853826195,-1.1205086998012672,-0.5632586647407058
2515127,methodkg_v3_02435,projtxt_638ddb38aaf7f828,explicit_mmr,quant_only,-0.9830313602898884,-1.3258632596713367,-0.9246473303314995,-0.6908691906107784,-1.1115755706686936,-0.428062356665893
2515148,methodkg_v3_02436,projtxt_be9def8de7aa0356,explicit_mmr,quant_only,-0.9830313602898884,-1.3258632596713367,-0.9246473303314995,-0.6908691906107784,-1.1115755706686936,-0.428062356665893
2515191,methodkg_v3_02437,projtxt_ababc7617af15170,quant_only,multi_method_not_mmr,-2.0647425704365974,-2.178605597546949,0.44688955497814437,-0.36064929260928,-2.674277493977541,-1.4108390051507218
2515226,methodkg_v3_02438,projtxt_922196c0e1718a5c,explicit_mmr,quant_only,-0.8787381973547197,-1.1318831648058663,-0.8404955638873728,-0.71196853826195,-1.1205086998012672,-0.5632586647407058
2515308,methodkg_v3_02439,projtxt_1424adbb8c39d847,no_method_signal,no_method_signal,-1.644371812986395,-2.703810979817097,-0.5534475417980351,0.1968378092208288,-2.4826408934865305,-0.7169032346878457
2516391,methodkg_v3_02440,projtxt_287ba724ce7fabeb,explicit_mmr,quant_only,-1.2272896086496998,-1.4045919491958199,-0.46230129576297735,-0.8456836474481136,-0.9215632583200842,-0.41006379794770914
2516409,methodkg_v3_02441,projtxt_01accc3116d27f88,implicit_mmr,explicit_mmr,0.2516455601366105,-1.366287719463603,-1.0758880800799848,-0.5246923870067128,-0.8609244216638351,-0.8192111123420243
2516863,methodkg_v3_02442,projtxt_00a2f5d6c3dc8511,explicit_mmr,explicit_mmr,-0.4015874897888466,-0.7999185045685762,-0.5596466472490746,-0.5853659854463551,-0.7294314660748914,-1.0132154823043833
2517189,methodkg_v3_02443,projtxt_36ab7101f2ed0911,explicit_mmr,explicit_mmr,-0.33974151378624323,-0.8831510460283698,-0.8031263246083802,-1.5637396161159185,-0.5483286596392257,-0.8278569747670078
2517316,methodkg_v3_02444,projtxt_ff8c94538898affe,explicit_mmr,no_method_signal,-1.4265301041363727,-0.3067391447299582,-0.8941305956141055,-0.16810759430882236,-0.575226266619742,-1.291875200240755
2517445,methodkg_v3_02445,projtxt_c699e960299be839,quant_only,no_method_signal,-0.44581137236219515,-0.6652361356221346,-0.5651012207180464,-0.3063244610307838,-1.5662305072157956,-1.3145872133728775
2518485,methodkg_v3_02446,projtxt_138a5e28d82e4a11,multi_method_not_mmr,explicit_mmr,0.30585636249238185,-0.5023108293341456,-0.942598788449543,-1.3124789184195158,-1.4854259123251015,-0.7121889448592218
2518486,methodkg_v3_02447,projtxt_138a5e28d82e4a11,multi_method_not_mmr,explicit_mmr,-0.3971357795139193,-0.44808500415993785,-0.8830143552562804,-1.1356292733347881,-0.9427083758485035,-0.6166369465875907
2518487,methodkg_v3_02448,projtxt_138a5e28d82e4a11,multi_method_not_mmr,explicit_mmr,-0.14374727345613184,-0.19504512505743138,-1.147687126613496,-1.3492892263188028,-0.9733853909542932,-0.7693375119558923
2518685,methodkg_v3_02449,projtxt_655924a0ba1756e5,quant_only,quant_only,-0.7510266501524467,-0.7893888723862335,-0.9767172967348632,-1.0444934467332627,-0.506588685592046,-0.3361060836261159
2518693,methodkg_v3_02450,projtxt_ea865128f9db5ca5,explicit_mmr,explicit_mmr,0.2978426868133704,-0.12089501123626989,-0.45487260437669247,-1.4947080142329052,-2.0175982590953123,-1.022152752265196
2518732,methodkg_v3_02451,projtxt_79dd328095cf9dc0,multi_method_not_mmr,implicit_mmr,-0.7162765227235243,-0.3203706133600559,-0.6230364372586221,-1.079069577299238,-0.9950818728325225,-0.6472742860797813
2518733,methodkg_v3_02452,projtxt_79dd328095cf9dc0,multi_method_not_mmr,implicit_mmr,-0.28254799967734623,-0.2508150637629736,-0.9957781610061376,-1.1867271186433812,-0.8532253123832477,-0.8043847259921418
2518804,methodkg_v3_02453,projtxt_974055dd88dbbecc,explicit_mmr,explicit_mmr,-0.46389492967316204,-0.7359764895471641,-0.6161063784593284,-1.3110403345981545,-0.5700534547097539,-0.7305302511197724
2518892,methodkg_v3_02454,projtxt_d478227b7736bd86,explicit_mmr,multi_method_not_mmr,-1.0061351114877195,-1.2390961896734867,-0.6373807897850394,-0.772136973590182,-0.7925555883638039,-0.7466169170716106
2518893,methodkg_v3_02455,projtxt_d478227b7736bd86,explicit_mmr,implicit_mmr,-1.0331271846687275,1.3107880149872706,-0.724224573674173,-2.1392771180670067,-2.207317519014839,-1.271342900725692
2519136,methodkg_v3_02456,projtxt_eb4cc4cb2133e828,explicit_mmr,qual_only,-0.6370994665663243,-0.5250382079844105,-0.6200962140282589,-1.4229560551990375,-0.2705629480343085,-0.9305750909651609
2520318,methodkg_v3_02457,projtxt_88e6dc834692189d,explicit_mmr,explicit_mmr,-0.18478799852346595,-1.000665285166424,-0.37564367675133964,-0.7214541259023395,-1.5970541391474178,-0.7179372797597476
2524227,methodkg_v3_02458,projtxt_5bdcd3dcfb65961c,explicit_mmr,multi_method_not_mmr,-0.841597716685295,-1.219945941195048,-0.6384298601835918,-0.7136894872465516,-1.0622289069183661,-0.8736514078911066
2524228,methodkg_v3_02459,projtxt_5bdcd3dcfb65961c,explicit_mmr,multi_method_not_mmr,-0.841597716685295,-1.219945941195048,-0.6384298601835918,-0.7136894872465516,-1.0622289069183661,-0.8736514078911066
2524359,methodkg_v3_02460,projtxt_d3e516a094f559ef,explicit_mmr,no_method_signal,-0.6782048486108245,-2.1701566403987993,-0.48059971938636054,-0.10818643679018444,-1.434440490051664,-1.0866903389376015
2525692,methodkg_v3_02461,projtxt_6954fe741da15043,no_method_signal,no_method_signal,-0.7424547308469691,-1.2218398052465351,-1.124592269654759,-0.5458054336933287,-1.1003237088913356,-0.6586201818517159
2526720,methodkg_v3_02462,projtxt_77d563f63a9dea53,quant_only,implicit_mmr,-1.4913700719186467,0.915160104274044,-0.7366678811351326,-0.9913638565580892,-1.9737716878384197,-1.2508440023707739
2526755,methodkg_v3_02463,projtxt_22149b5c00104760,explicit_mmr,multi_method_not_mmr,-0.9895524171875467,-1.1814971547580744,0.16798532979984054,-0.7492519355339041,-1.5831700926565007,-0.8086302910443597
2526759,methodkg_v3_02464,projtxt_c3eaa978a3f03143,explicit_mmr,multi_method_not_mmr,-1.528840528419785,0.13237832879778694,0.24162503540259192,-1.268268037066422,-2.093527735704434,-1.4368721354011742
2526905,methodkg_v3_02465,projtxt_24a3b3b1cd4ddbb1,no_method_signal,no_method_signal,-1.0450187878872113,-2.579355766169284,-2.013647580587459,0.16278964532663512,-1.326546827594404,-0.15992771183155605
2527473,methodkg_v3_02466,projtxt_4fc6cf7fb13c7d62,explicit_mmr,no_method_signal,-0.5860286390903424,-1.7689457930857901,-1.1825918642540614,-0.030805260445426724,-1.3477480737251097,-0.7054712799204611
2527743,methodkg_v3_02467,projtxt_f7700d96362d96d6,multi_method_not_mmr,qual_only,-1.167843660821321,-1.0091220391690832,-1.2598483420797209,-0.43062682386197715,-0.10116570760849561,-0.6614336952846446
2530060,methodkg_v3_02468,projtxt_9f44400497ac04a9,explicit_mmr,quant_only,-1.4068348737157392,-1.3866054157931946,-0.969000012577383,-0.4080900352329633,-1.4820910463698855,-0.2413269446995953
2530299,methodkg_v3_02469,projtxt_133efbaccf99f9cc,explicit_mmr,multi_method_not_mmr,-1.1754038602462724,-0.4829731334352936,-0.18197413922569755,-1.636429880570901,-0.44237864110665,-1.1478203015344801
2530457,methodkg_v3_02470,projtxt_d4a055ebbb1c6d6a,explicit_mmr,qual_only,-0.8920636034096008,-0.999015489247921,-0.5765886088405743,-1.4132646572039709,-0.5242164328387593,-0.6498635086140574
2530458,methodkg_v3_02471,projtxt_d4a055ebbb1c6d6a,explicit_mmr,implicit_mmr,-0.4363275888898831,0.1972785567225585,-1.9515389032399184,-2.391142328255631,-0.3764178253025693,-0.2588296288041173
2533639,methodkg_v3_02472,projtxt_9e9b8ba0e901db20,explicit_mmr,multi_method_not_mmr,-0.688442147722135,-0.9010937666887029,-0.012052452031113658,-1.530510122657128,-0.5838407129265315,-0.4984580728130401
2533640,methodkg_v3_02473,projtxt_9e9b8ba0e901db20,explicit_mmr,explicit_mmr,0.11857798547376924,-0.5165740570693791,-0.48325958139534747,-0.9548500873987021,-1.4831858241866553,-1.27347741330322
2534091,methodkg_v3_02474,projtxt_1fe3dd1376347e50,explicit_mmr,explicit_mmr,-0.2924593572742462,-1.0906351791898785,-0.5766135223987148,-0.7336952352460863,-0.6692583936837592,-1.1009986959824147
2534873,methodkg_v3_02475,projtxt_e5e2da47012f36ef,explicit_mmr,no_method_signal,-1.4640776561335496,-2.327927245780749,-0.5927573819186025,0.3125100579222705,-1.6407898483480248,-0.4720119755363878
2541364,methodkg_v3_02476,projtxt_ebfc22aa8c313a8b,explicit_mmr,qual_only,-1.339876617527812,-0.3772768235812176,-0.39475993475874455,-0.6241722346745621,-0.22586625914708133,-1.3975242533062529
2545312,methodkg_v3_02477,projtxt_57810f309484c98c,explicit_mmr,explicit_mmr,0.5482909619794984,-1.2350922893007656,-0.9435408836399426,-1.0066916385285987,-0.9520580821694413,-0.6617693525854048
2603026,methodkg_v3_02478,projtxt_a66819d223cd105f,explicit_mmr,explicit_mmr,-0.20953443005385147,-0.9215097005857629,-0.7364050980171615,-1.1062742231813496,-0.7967082045297941,-0.6130467440316479
