award_id,y_true,y_pred,y_true_label,y_pred_label,score_explicit_mmr,score_implicit_mmr,score_multi_method_not_mmr,score_no_method_signal,score_qual_only,score_quant_only
1503196,1,1,implicit_mmr,implicit_mmr,0.01003660217222586,0.9885122855418975,0.0011340416617588874,9.95407634369082e-10,0.00015846577883250114,0.00015860384987771963
1614745,0,1,explicit_mmr,implicit_mmr,0.020807642458401738,0.9338785692392112,0.00024351418637067127,3.377035271398943e-05,4.9590476556875265e-05,0.04498691328674548
1615207,0,1,explicit_mmr,implicit_mmr,0.003931359249272453,0.9921865723583649,8.980757894831751e-06,1.9470405806752093e-06,1.6013928123548287e-06,0.0038695392010749613
1652825,0,0,explicit_mmr,explicit_mmr,0.9996630733102257,6.525513000980993e-06,3.052556067781595e-09,2.8986935793120944e-10,0.0003095390639797578,2.0858770367894055e-05
1664271,1,4,implicit_mmr,qual_only,0.07803600167787715,0.03737629840039886,0.0001452856305282018,8.409661141192635e-05,0.8843581656562881,1.5202349587219867e-07
1664274,1,4,implicit_mmr,qual_only,0.22198788631733588,0.00037359182930564347,2.1590914845184145e-06,1.747112862383698e-06,0.7776345737512089,4.189780255591321e-08
1719872,1,1,implicit_mmr,implicit_mmr,0.2636046640689493,0.5902877577714666,0.06537917467535512,1.8100267141060038e-06,0.07681432378548175,0.003912269672033194
1720838,1,4,implicit_mmr,qual_only,0.055714077884539796,0.1558245077477537,0.018069654118480643,7.020643982453986e-05,0.7684368109932276,0.0018847428161738082
1721054,1,0,implicit_mmr,explicit_mmr,0.632402390766504,0.13814416489695577,0.0759807217344025,0.0013043190484005028,0.11028498561074056,0.04188341794299665
1723884,0,1,explicit_mmr,implicit_mmr,0.0027964924689936723,0.9761964055570045,1.7331951101254595e-05,1.1491048085727947e-05,0.00028702598503804933,0.020691252989776875
1751314,4,1,qual_only,implicit_mmr,0.3521335278720203,0.3833700224055307,0.0011842916166148521,0.20002857044986247,0.01527798973457665,0.04800559792139502
1826354,0,2,explicit_mmr,multi_method_not_mmr,0.016350173095248725,0.0567216670778411,0.8619628981360361,0.04781648073651663,0.017122854965785687,2.5925988571965905e-05
1906172,0,3,explicit_mmr,no_method_signal,0.02739734422979098,0.0005286503147761383,0.0013408082026652357,0.9660680275413225,0.0015454093271016142,0.003119760384343738
1908481,1,0,implicit_mmr,explicit_mmr,0.9304627495486053,0.06947552530740703,8.203191333221624e-07,1.4973813806852555e-08,1.6916619616580024e-05,4.397323142423123e-05
1914647,4,4,qual_only,qual_only,0.2646305807918736,8.419185160959e-06,4.241383852153953e-05,0.2709737503414232,0.45887695769741105,0.005467878145609669
1914735,4,4,qual_only,qual_only,0.021722069349087793,5.769777068515845e-05,3.106261911521173e-05,0.001684433193354002,0.9621535012923492,0.014351235775408594
1918847,1,1,implicit_mmr,implicit_mmr,0.000674310804873783,0.9920875224588557,4.015709202124181e-07,1.0510947328677696e-05,0.007216704340174441,1.0549877847166061e-05
1920753,2,0,multi_method_not_mmr,explicit_mmr,0.4179721604103907,0.17313017862594765,0.0001344659912773699,3.157695059767933e-07,0.002237320088189911,0.40652555911468835
1925188,2,4,multi_method_not_mmr,qual_only,0.03267318326047909,0.0005284859132775492,0.00036072794964216436,0.00010088370276190655,0.9663348001378106,1.919036028842243e-06
1929409,0,5,explicit_mmr,quant_only,8.293174771218535e-05,1.4121600318357797e-06,1.6040583975687753e-08,0.008680381507580347,2.429321988277388e-06,0.9912328292221033
1930026,0,3,explicit_mmr,no_method_signal,6.34267717479064e-05,1.6969256778164686e-05,5.333600516116951e-05,0.9782613505275773,0.014749130457452578,0.006855786981282952
1930076,0,3,explicit_mmr,no_method_signal,0.0007604461010067738,0.3102325760325519,1.2992815112010992e-08,0.6775562299290925,0.0008587758910000439,0.010591959053533634
1930132,0,2,explicit_mmr,multi_method_not_mmr,0.29163242792751337,0.016035238482723833,0.3660030166340065,0.04622584357269788,0.21350734813403774,0.06659612524902075
1930341,0,1,explicit_mmr,implicit_mmr,2.1106189599845716e-07,0.9999468498486598,2.363945632467908e-05,5.187269340320274e-06,2.163450646395647e-05,2.4778573151963493e-06
1930373,0,4,explicit_mmr,qual_only,0.08708848730883986,0.009145230187640201,4.7209802485798876e-05,0.3676003154210265,0.4712937685256693,0.06482498875433836
1930419,0,3,explicit_mmr,no_method_signal,0.3222065840113454,0.021911071314324765,2.2573060251116833e-07,0.6505782752577616,0.0002682440072039385,0.005035599678761811
1930492,0,0,explicit_mmr,explicit_mmr,0.9946126742849982,3.838417066333174e-07,2.051025882728876e-06,2.3561464617497987e-06,4.086547220618498e-05,0.005341669228744528
1930497,1,3,implicit_mmr,no_method_signal,0.011811754766492986,0.00019569920102064506,4.298259816069067e-06,0.9877990248751828,9.676881443641164e-05,9.24540830509396e-05
1930502,2,1,multi_method_not_mmr,implicit_mmr,0.10869102508268692,0.6039940219512792,0.0004954472615525952,1.1315050983177863e-05,0.02616999684750016,0.2606381938059978
1930539,1,2,implicit_mmr,multi_method_not_mmr,0.006204656304908155,0.00026572703525987987,0.9425589764936807,0.03172425936546293,0.016573780443441676,0.0026726003572464995
1930553,0,0,explicit_mmr,explicit_mmr,0.5005734816710617,0.0021444694436854577,2.6599457861509327e-05,0.49445760306510295,0.00011521806680420183,0.002682628295484062
1933277,3,3,no_method_signal,no_method_signal,7.902009118687913e-05,0.0015557447653844233,0.17868140222206688,0.8187149740443,2.3471490748388475e-06,0.0009665117279869272
1933717,0,1,explicit_mmr,implicit_mmr,0.013063916554519472,0.9862714833667522,0.0003370109917087275,0.00031430020199111464,1.205514261791912e-05,1.2337424106406032e-06
1934126,0,1,explicit_mmr,implicit_mmr,0.014175054197574808,0.8443431585314225,0.0849684167252078,3.354538080083622e-08,0.056497705898228445,1.5631102185661716e-05
1936070,1,5,implicit_mmr,quant_only,5.5758414441274976e-05,0.24434658671245274,0.0014650726845450138,0.00022896047375214532,0.0010520707810125329,0.7528515509337963
1937391,0,5,explicit_mmr,quant_only,0.00011783095395787296,4.8066388034995646e-05,2.3362856688805624e-08,2.5132195176276404e-10,0.008816038579971383,0.991018040463857
1937490,0,5,explicit_mmr,quant_only,2.7144249580155154e-05,0.0003746731656623073,1.6237091357556547e-08,6.3394819221349335e-06,0.000673557710255425,0.9989182691554886
1937587,0,0,explicit_mmr,explicit_mmr,0.9828951512775319,6.2929301022146005e-06,3.910159389370916e-06,5.925330936909803e-10,0.016994330740954626,0.00010031429948873422
1937687,0,5,explicit_mmr,quant_only,0.002098625717281782,0.0001874232947395738,6.415446984033015e-07,1.1345926164997243e-08,0.35521137666745745,0.6425019214298967
1939038,2,5,multi_method_not_mmr,quant_only,3.588385711648867e-08,9.517189024991417e-05,0.0003101355297289413,2.975654440959542e-09,4.117314515897601e-05,0.9995534805753507
1941642,4,3,qual_only,no_method_signal,0.09315859286301574,0.03475873079645012,2.5338178365584523e-06,0.5692091786386622,0.3028709627917503,1.0922850737377526e-09
1941668,1,0,implicit_mmr,explicit_mmr,0.49929028803688263,0.00047467098133965587,0.49668225864451376,0.0005071539402776662,0.003024965252110305,2.066314487583428e-05
1941952,1,0,implicit_mmr,explicit_mmr,0.9999436412557219,3.9146574540329755e-05,1.1866003526272556e-06,8.624412226507434e-07,1.1075811898008508e-05,4.0873162643231206e-06
1943146,0,1,explicit_mmr,implicit_mmr,0.003121098459667597,0.9957735253120948,0.00021816648971955202,3.3513105031239665e-09,0.00034082385845614116,0.000546382528751541
1943285,0,1,explicit_mmr,implicit_mmr,0.15948725944760528,0.8357706125901111,5.803573035872585e-06,9.626877720123648e-07,0.0047349615400181415,4.00161457774939e-07
1943541,0,4,explicit_mmr,qual_only,0.04520580726718672,1.6236973681329062e-06,0.002611637627324133,0.0025683319330191677,0.949015289395771,0.0005973100793308988
1943934,4,2,qual_only,multi_method_not_mmr,0.0583963680086209,0.3426480806574683,0.488634581334904,6.263875008220457e-05,0.09340076719033945,0.01685756405858501
1944807,4,0,qual_only,explicit_mmr,0.999217748484704,4.619824719076502e-06,1.0947041317278656e-05,0.0007566884695010252,9.96033270627368e-06,3.584705255085847e-08
1945961,0,1,explicit_mmr,implicit_mmr,8.735168780817513e-06,0.9999508431733176,1.9752841270961786e-06,3.5904525082330983e-07,8.521772644651399e-07,3.7235151259320944e-05
1945963,0,1,explicit_mmr,implicit_mmr,3.621733713678523e-06,0.9995237577567008,3.869504305026741e-05,0.0001368232789783652,0.00024785489359027815,4.92472939667482e-05
1946553,3,3,no_method_signal,no_method_signal,0.00025561242228641624,0.001167898169139503,6.835642600820011e-07,0.8236125652134141,0.17184444834761892,0.0031187922832811325
1948981,4,0,qual_only,explicit_mmr,0.99985756636622,1.851342686680033e-06,8.914997067058374e-05,1.1994815178332835e-05,3.1029966043955014e-06,3.633450863993265e-05
1949241,1,2,implicit_mmr,multi_method_not_mmr,0.11234530900645064,0.0003717785168091022,0.8697886207576256,2.1186537835492973e-05,0.0008358220011164816,0.016637283180162655
1949454,0,0,explicit_mmr,explicit_mmr,0.9999967338653208,3.0337154564552197e-06,1.4476531971815752e-07,1.314429972126243e-10,8.488686409929433e-08,2.635596114723822e-09
1949585,0,3,explicit_mmr,no_method_signal,0.22106349895534497,0.006064665267429132,0.0024737399532797242,0.700592048412193,0.023470784842731744,0.046335262569021374
1949586,0,0,explicit_mmr,explicit_mmr,0.9989787656620885,9.80371988101773e-05,2.7952704235038702e-05,0.0004813396432358327,9.504911618893761e-09,0.00041389528671897615
1949718,2,5,multi_method_not_mmr,quant_only,1.2784158971149985e-07,5.317969525455729e-07,2.3595604518450444e-10,7.164256200019309e-07,8.062277640841808e-10,0.9999986228936538
1949848,1,0,implicit_mmr,explicit_mmr,0.5185952162444852,0.29414577380676554,4.060603016874653e-05,0.0005505616647145384,0.1866663084047737,1.533849092328595e-06
1949990,2,4,multi_method_not_mmr,qual_only,8.606682275196543e-06,0.12106996861203509,0.0030748271218242057,0.04539286322863469,0.8300849133502161,0.00036882100501468243
1950064,0,0,explicit_mmr,explicit_mmr,0.9891401890799524,0.005698732041561318,4.110193471038114e-05,0.0050598409382372304,5.8718392031629994e-05,1.4176135069813604e-06
1950304,5,3,quant_only,no_method_signal,0.058791580815550526,0.00031150448597302836,2.4607863529672763e-06,0.9364600151092085,0.004167526066530699,0.00026691273638416036
1950340,2,0,multi_method_not_mmr,explicit_mmr,0.9980381024699934,0.0016762277527357626,6.079555751190119e-07,0.0002829184004361411,3.05896475287164e-08,2.1128316121594326e-06
1950351,5,3,quant_only,no_method_signal,0.030413623825757102,1.7771293676304954e-05,1.3833674257548733e-05,0.9674731162334007,0.0020815985799757394,5.639293257687905e-08
1950645,3,3,no_method_signal,no_method_signal,0.027554917178504446,0.0008019213563641879,0.024287004759030107,0.856788807343545,2.233459283588427e-05,0.09054501476972049
1953561,0,0,explicit_mmr,explicit_mmr,0.9997994402174099,0.00016616624315842675,3.586206186520816e-06,1.1784696726863436e-09,1.4110678794107335e-06,2.939508689628701e-05
1953640,0,0,explicit_mmr,explicit_mmr,0.5041035543186931,0.43680928565287974,0.01235319659198389,2.7960639096825197e-06,0.015983367635900112,0.03074779973663337
1953752,0,0,explicit_mmr,explicit_mmr,0.9708552751772378,0.0003688393924552351,1.5251265650387467e-05,1.3020008189927527e-06,0.026115589530187902,0.0026437426336498437
1953762,0,0,explicit_mmr,explicit_mmr,0.9855673003280091,5.5206633717269734e-05,0.0014777935847957076,0.00044252860417345495,0.01234997794051059,0.00010719290879385998
1955792,0,0,explicit_mmr,explicit_mmr,0.9999985576371938,2.545216953870871e-07,2.7051389141563936e-11,1.2168940612498375e-07,8.825489364583578e-11,1.0660363983265225e-06
1955896,4,3,qual_only,no_method_signal,0.33669047851370953,0.05551956595290926,2.3711243036687577e-06,0.4888657979723337,0.0030217921249743695,0.11589999431176955
2000091,3,2,no_method_signal,multi_method_not_mmr,0.001482328796119889,0.0005428556414668809,0.9458999423691693,0.017057483110395174,0.0006606711077685571,0.03435671897508002
2000183,5,3,quant_only,no_method_signal,2.0584967255929046e-06,3.3937020091784833e-07,1.6933394071176175e-08,0.9999966418131789,1.2445207612908945e-12,9.433852558618321e-07
2000292,1,1,implicit_mmr,implicit_mmr,0.3961417194596995,0.4867412268901443,0.06094028191510948,1.3146041475108738e-08,0.011596471662830588,0.044580286926174696
2000442,2,1,multi_method_not_mmr,implicit_mmr,0.0003239883604073391,0.5737483254171182,3.2257299872062375e-05,0.4258896600477908,2.1402419157295219e-07,5.5548506199765465e-06
2000487,2,5,multi_method_not_mmr,quant_only,0.004413364725969451,0.1380166269029631,7.579935380150512e-09,4.697849538179741e-09,0.0011435194592418544,0.8564264766340407
2000535,5,5,quant_only,quant_only,8.415388908364081e-11,1.7697600793982759e-07,5.294709760897718e-07,1.8135074996125657e-07,5.593691311681354e-11,0.9999991120621752
2000573,5,1,quant_only,implicit_mmr,0.04017765324791405,0.8016307848038959,0.011371764130042818,0.127375981117077,0.005321244702983238,0.014122571998086992
2000583,0,0,explicit_mmr,explicit_mmr,0.8794663786095277,0.024287628266816935,2.2171595271813e-06,0.00020733617492384884,7.291856597543365e-06,0.09602914793260707
2000725,2,5,multi_method_not_mmr,quant_only,0.00042879567170584317,0.00010859626428782572,0.03005431957325179,0.2770471651221912,7.877784991735447e-06,0.6923532455835717
2000730,0,5,explicit_mmr,quant_only,0.004189588350647655,0.0004222746194194516,3.6502948326802466e-05,0.0022714232077470703,7.176404737747761e-07,0.9930794932333852
2000750,0,0,explicit_mmr,explicit_mmr,0.9020445422107263,0.0004311252171941649,1.3409688301292796e-07,1.164855547311062e-10,6.301366235761872e-06,0.09751789699247522
2000779,0,5,explicit_mmr,quant_only,0.11119207074613525,0.17845758209451584,0.005312822453367356,0.007804874466086204,3.0968120428879426e-05,0.6972016821194664
2000786,3,3,no_method_signal,no_method_signal,3.56539798208492e-05,5.589136620191878e-06,0.09517216228241852,0.6587819595166499,3.6552676667131304e-06,0.24600097981682392
2000799,0,0,explicit_mmr,explicit_mmr,0.9517398952026619,0.04820061797101821,7.640539411316658e-07,2.397385946701232e-06,3.1200546049010105e-05,2.5124840383168113e-05
2000847,0,3,explicit_mmr,no_method_signal,0.1374581178916742,0.021334989233648738,0.2856031425057646,0.39026844675377664,0.00013955941670667653,0.16519574419842922
2000866,2,1,multi_method_not_mmr,implicit_mmr,0.08261631674008932,0.5571355346556475,0.0016993009562806481,0.30788245935569003,0.0001613543439112286,0.05050503394838135
2000887,5,5,quant_only,quant_only,0.11524045578933634,7.392224517316121e-05,0.0002787406167693874,4.2358486797721765e-05,4.660778980833083e-08,0.8843644762541335
2000888,0,5,explicit_mmr,quant_only,0.0003861540290068313,0.0014466662505753537,2.250693408587077e-05,0.0009784887334479992,1.9595394126499642e-06,0.9971642245134714
2003126,0,3,explicit_mmr,no_method_signal,0.008042348880255358,0.00010669129225396407,0.001988526611789952,0.9898596297819695,9.119919831429239e-07,1.8914417480671175e-06
2004898,0,3,explicit_mmr,no_method_signal,0.001642492021282231,0.0014852312948596853,0.0006691612120109557,0.9345624657536615,0.056856515971021954,0.004784133747163485
2005608,1,0,implicit_mmr,explicit_mmr,0.99965877062106,9.156819739521963e-07,0.00014851740030009868,0.000190350895734591,8.613684232903399e-07,5.840325080784772e-07
2005812,1,5,implicit_mmr,quant_only,0.08609097284659972,0.008934068403230949,7.936801339634378e-05,7.851294942514152e-09,3.8486391725563855e-05,0.9048570964937523
2005840,1,5,implicit_mmr,quant_only,0.3554273022766936,0.00024190378452608035,0.0006032634292860889,0.003868303074542961,6.68321232834656e-06,0.6398525442226228
2005890,1,0,implicit_mmr,explicit_mmr,0.9935766563875708,0.00324273690838282,1.3473856324448052e-08,0.003180304504951451,3.0247054021717994e-08,2.5847818467190735e-07
2005898,5,4,quant_only,qual_only,4.288742358555004e-06,0.00037219940439475225,3.58742642725571e-06,3.295814788355238e-07,0.9996173519587452,2.2428865953305507e-06
2005973,1,0,implicit_mmr,explicit_mmr,0.9984001127167572,0.00010867930435079196,1.3180048116693418e-07,0.0009212206726368231,0.0004737910536735228,9.606445210041014e-05
2009127,1,1,implicit_mmr,implicit_mmr,1.8459257390966988e-06,0.9999644759283925,1.0992316374392487e-06,2.5688049966179417e-05,6.838552810190475e-06,5.231145442390023e-08
2009977,1,0,implicit_mmr,explicit_mmr,0.3437536551493783,0.0671950956867244,0.32301308379627786,8.940815076709096e-09,0.04628288454817522,0.21975527187862923
2010038,5,5,quant_only,quant_only,0.06636970191746909,0.005021134678445446,0.0016958868648753863,3.185997642794504e-06,7.132418136349269e-05,0.9268387663602037
2010124,0,5,explicit_mmr,quant_only,0.4785294254805647,1.491727791769904e-08,0.00834912026509989,3.349941869250282e-05,2.489897124030092e-06,0.513085450021241
2010139,4,0,qual_only,explicit_mmr,0.9999821308142296,1.3619874895921772e-05,7.47680749772888e-08,2.199038342966936e-07,3.9546389633128535e-06,2.0999519567566293e-15
2010237,4,0,qual_only,explicit_mmr,0.9994400019729851,0.0001627339073467248,2.941252624642065e-06,1.6038972089865888e-07,0.0003941624764851359,8.375625092352843e-13
2010256,0,2,explicit_mmr,multi_method_not_mmr,0.07915960807390288,3.344121360392113e-05,0.8898893501874329,0.021319925526816972,3.94860717599372e-05,0.009558188926483295
2010276,0,1,explicit_mmr,implicit_mmr,0.0003767641078285199,0.9996179145843855,2.4569586763974167e-07,1.045114806934458e-06,1.181346133513961e-06,2.8491509778491134e-06
2010312,0,1,explicit_mmr,implicit_mmr,0.09367866005363745,0.9037882044373391,0.00010148064840774436,0.00033004451322617725,0.002064079326103681,3.753102128567267e-05
2010361,0,0,explicit_mmr,explicit_mmr,0.9685804686724507,0.031104321254431726,7.860523500545731e-05,0.00019031581871579236,4.25791071915364e-05,3.709912204680027e-06
2010530,0,1,explicit_mmr,implicit_mmr,0.4249236362227405,0.5149501070807685,2.755168820628221e-05,1.436312480816781e-06,0.060077954522691955,1.931417311181635e-05
2011917,2,3,multi_method_not_mmr,no_method_signal,4.6698739446308645e-06,4.800530194295129e-06,1.4686261590569015e-05,0.9986597805998924,2.2769502696540314e-07,0.0013158350393513026
2013484,5,0,quant_only,explicit_mmr,0.9977561473897151,5.159153774246261e-06,2.9739633546481573e-06,0.0001808420595488937,0.0020541365684424643,7.408651645106984e-07
2013495,1,4,implicit_mmr,qual_only,7.759517224159675e-07,6.865148595460754e-07,5.989437282572066e-05,9.001157107666004e-05,0.9998486292472984,2.34221717454922e-09
2013504,0,1,explicit_mmr,implicit_mmr,0.09996734367972641,0.5724888093052144,0.030701957495195213,0.0005402182058285368,0.017882033595347756,0.27841963771868766
2013554,0,1,explicit_mmr,implicit_mmr,0.13933049097588976,0.40167011175937267,0.3461595219833738,0.0003471219395581606,0.00347548134806687,0.1090172719937387
2013575,0,4,explicit_mmr,qual_only,5.038489486935169e-05,0.3773270042871442,0.07029424598232449,6.815902255049998e-05,0.46193560852513843,0.09032459728797305
2013612,0,5,explicit_mmr,quant_only,0.0023562600488016014,0.03643657581263239,0.005610587897226064,0.0006825881421303117,0.019094162443180004,0.9358198256560296
2017704,2,1,multi_method_not_mmr,implicit_mmr,0.000307556659447261,0.9994601579571091,9.279026895352478e-08,8.400995363891412e-08,0.00023209943184011522,9.151380979644583e-09
2019843,0,0,explicit_mmr,explicit_mmr,0.8502190055966431,0.1358239393808802,0.0001507409735581666,0.010571255579022809,0.002187211564433928,0.0010478469054617614
2021157,5,2,quant_only,multi_method_not_mmr,0.04665445473027507,9.086908150618628e-05,0.7415481723883728,0.16892309575986364,4.9665166260612916e-05,0.04273374287372177
2021315,1,5,implicit_mmr,quant_only,0.41729159850056274,0.00018499735281623614,0.00021365478551563095,4.46679197306375e-08,0.0004788055218653315,0.5818308991713204
2021402,5,1,quant_only,implicit_mmr,0.07211301027009247,0.9172596578437736,0.002014791059594466,0.00032115225770103895,0.00094103343261469,0.007350355136223629
2021499,4,5,qual_only,quant_only,0.003657371420260858,2.9056135376319784e-08,0.00036168451370107693,3.7359156849762145e-07,6.3124147960898065e-06,0.995974229003538
2021512,0,0,explicit_mmr,explicit_mmr,0.5421636223522486,0.000894176449569152,0.00017462499772620289,0.0006988411777032861,0.42484479363968825,0.031223941383064564
2021546,4,5,qual_only,quant_only,0.39676896046763827,0.007030372110258145,0.01943079720174421,0.005859357382445276,0.0573510903549142,0.5135594224829998
2021585,5,1,quant_only,implicit_mmr,0.000344950578592743,0.9994084188344448,1.72472517092701e-07,2.9002831972118935e-05,6.711552065792851e-05,0.00015033976181543185
2022271,4,4,qual_only,qual_only,0.0002114366412244556,5.495390817943188e-06,0.21195913203433842,0.0005033013835696532,0.7873201567126218,4.778374277251402e-07
2024394,1,2,implicit_mmr,multi_method_not_mmr,0.0037911475214553237,0.017608408224246152,0.9444320914809022,0.0004174334526350015,0.033748642331613225,2.27698914789216e-06
2025046,0,5,explicit_mmr,quant_only,0.23215319296908613,2.3323842451909133e-05,0.2563088035060829,0.003031171560082943,0.1292805966577606,0.3792029114645356
2025181,4,1,qual_only,implicit_mmr,0.49243025536016033,0.5074595386826936,5.498868950558068e-07,5.707365782413099e-05,1.0016403328262207e-05,4.2566009098691844e-05
2025280,0,0,explicit_mmr,explicit_mmr,0.9281099606711601,0.00017538893334519403,5.530422512020202e-05,1.1231849977665161e-06,7.996964965488165e-10,0.07165822218568034
2025349,0,0,explicit_mmr,explicit_mmr,0.9998920022341657,1.1579304809036676e-05,6.120527159887861e-06,4.4498454895997485e-08,4.298218278823666e-09,9.024913719223252e-05
2025682,4,5,qual_only,quant_only,2.4012677386372687e-07,7.579723198147963e-06,5.24477409695818e-09,0.0004719672259521232,2.954246671078178e-05,0.9994906652125911
2025685,4,3,qual_only,no_method_signal,0.001782898006819161,0.010262963948521648,0.00011934006327793025,0.6168393256260416,0.0034511031405056736,0.367544369214834
2025686,4,5,qual_only,quant_only,1.4014580428224148e-07,3.541119237992262e-05,0.0002768554057190839,0.0076860972900171165,5.011842521832301e-06,0.9919964841235578
2025805,5,1,quant_only,implicit_mmr,0.00018167523061898144,0.6526239553096413,0.34427436058387856,0.0006056593662877803,0.0019809332618970998,0.0003334162476763042
2027470,4,2,qual_only,multi_method_not_mmr,0.26245858547804035,0.011684165002988996,0.6566557214031321,0.06091098332945076,0.00822422555869727,6.631922769059522e-05
2027506,0,0,explicit_mmr,explicit_mmr,0.8867720798943852,0.04921230123374928,0.004588008154915763,0.0008788437049807742,0.002625847128382029,0.05592291988358718
2027637,0,5,explicit_mmr,quant_only,0.02714918226376656,0.25605946206751745,0.0009479221027523174,0.020527501473795628,0.26666104954444736,0.42865488254772066
2028026,5,3,quant_only,no_method_signal,0.009182666026966728,2.619927224428785e-05,0.02746862847808743,0.9629567438026887,0.0003653624615681757,3.9995844488922573e-07
2028469,1,3,implicit_mmr,no_method_signal,0.04099631208573793,0.022366136662209848,0.12132778620880716,0.8113356598890926,0.0034084144550555326,0.0005656906990969432
2028473,1,0,implicit_mmr,explicit_mmr,0.8219017920338144,0.013134092524957395,6.973689293715809e-05,0.15650355652272524,0.00838154086349114,9.281162074575487e-06
2028811,1,0,implicit_mmr,explicit_mmr,0.9987765290416665,0.0005230797797281412,8.470808751987021e-07,0.00021274824997742222,0.00047853388686840956,8.261960884256153e-06
2029357,0,0,explicit_mmr,explicit_mmr,0.6188218642591355,0.004031592006535624,1.3411716043125416e-05,0.15627506352210432,0.22018664631048065,0.0006714221857007492
2029642,0,0,explicit_mmr,explicit_mmr,0.8210330602905466,0.1769552110334398,0.0002721754013043862,2.9235346535429866e-08,8.525427725075917e-09,0.0017395155139348804
2029782,0,4,explicit_mmr,qual_only,1.1370038802906494e-06,2.949234312305314e-06,7.4159116118812695e-06,1.3201162328142514e-09,0.9999847991004448,3.697429634292637e-06
2029784,0,4,explicit_mmr,qual_only,0.2116197178183917,3.8252546458783036e-07,2.3805173327283686e-07,4.4993762415686676e-08,0.7883779848689549,1.6317416930452717e-06
2029785,0,4,explicit_mmr,qual_only,0.053691134407850644,0.00027485898228396435,0.00010362304944801845,1.1706604302369697e-07,0.9456073563966184,0.00032291009775600586
2029796,0,4,explicit_mmr,qual_only,0.4892461921244705,0.00023836713363777526,0.000603493935119187,1.0576498240977757e-05,0.5049006903019572,0.00500068000657441
2030297,0,3,explicit_mmr,no_method_signal,0.0017724753535703932,0.047228628345436896,6.426140012682315e-08,0.9478867054781941,0.002117741063407346,0.0009943854979910828
2030313,0,4,explicit_mmr,qual_only,0.23642919153781014,0.30332236759188436,0.003841674279413823,0.006098277311164421,0.45029890844520154,9.580834525763594e-06
2030485,1,3,implicit_mmr,no_method_signal,0.17720798142538866,0.04599376096167121,4.643724276693801e-07,0.49677572380360696,0.0018312071378829048,0.2781908622990227
2030582,0,3,explicit_mmr,no_method_signal,0.06534422574437797,0.0031314375167533466,0.0008647897461332922,0.8629402448921039,0.018182562722080742,0.04953673937855066
2030663,1,0,implicit_mmr,explicit_mmr,0.3024804135604215,0.18765876903699544,0.0012719503715505347,0.26137955392504636,0.18955625672092793,0.0576530563850582
2030720,1,3,implicit_mmr,no_method_signal,7.100785334994302e-05,0.008002857527496004,6.225755870374972e-05,0.9905593886827466,0.0009053037727299011,0.0003991846049738758
2030731,5,1,quant_only,implicit_mmr,0.0001439130124325895,0.9991335629786117,3.775462250926487e-07,3.38047779696922e-05,0.0001735878234271671,0.0005147538613336714
2030969,0,3,explicit_mmr,no_method_signal,0.13644958750872566,1.23708548211454e-06,0.0003425664723325157,0.4366720856557124,6.533748869831265e-05,0.4264691857890489
2032226,4,2,qual_only,multi_method_not_mmr,0.00028399431861595906,0.002125657358235074,0.9969569752136455,0.00010011497809450952,0.0005165214941577707,1.6736637251135412e-05
2032737,0,0,explicit_mmr,explicit_mmr,0.48501478903917306,0.0029221944521584478,0.11692466006859407,0.3908751070928648,0.004100733088273576,0.00016251625893613748
2032781,5,5,quant_only,quant_only,0.03433670987830661,0.0001738539242677773,0.010507520891430153,0.050731424444471485,5.7232408687266304e-05,0.9041932584528367
2032802,0,2,explicit_mmr,multi_method_not_mmr,0.033925564361573325,0.016591933891133403,0.5401565894355477,0.0018775980729822692,0.4074325757100305,1.5738528732788367e-05
2033389,0,0,explicit_mmr,explicit_mmr,0.996064037626963,0.003931821269834761,8.988784495355681e-08,8.354885983445684e-08,3.936748569111279e-06,3.0917928159769276e-08
2036549,1,0,implicit_mmr,explicit_mmr,0.9665257153782258,0.03280055338642965,3.7506269824165105e-07,1.7919719949694783e-06,0.0006671223274725502,4.441873178930247e-06
2036870,2,1,multi_method_not_mmr,implicit_mmr,0.0001005309253729554,0.9994471248530638,5.103020612515735e-06,0.0004456241883213539,1.4776999380681654e-06,1.3931269130959725e-07
2037403,2,1,multi_method_not_mmr,implicit_mmr,0.17434669721757795,0.8243663356947816,0.0010780462437270462,2.0700091776267967e-05,5.050861104893122e-05,0.0001377121410882422
2037809,0,0,explicit_mmr,explicit_mmr,0.9078813848832593,3.84968481269415e-05,2.704492324636719e-05,0.08756730573245303,0.00047519341270927247,0.004010574200205053
2039583,5,5,quant_only,quant_only,0.00016265928779742123,0.22065330335249056,1.5614904643137686e-05,2.8024970982027595e-05,1.0562160491768717e-05,0.779129835323595
2039864,0,5,explicit_mmr,quant_only,0.0016155254883492645,8.968684357428982e-05,3.1167141816019775e-07,0.00012718719010275018,0.0015244521758636,0.996642836630692
2039871,0,1,explicit_mmr,implicit_mmr,0.0007122374659943883,0.8778680924977341,8.135328936658914e-05,0.10160383611548204,6.53527046844471e-05,0.019669127926738295
2040795,5,5,quant_only,quant_only,0.0008526787024227913,0.24558248973009555,6.911201440012601e-06,4.780804703298135e-06,1.6643919113907574e-06,0.753551475169427
2041960,1,2,implicit_mmr,multi_method_not_mmr,6.902364702715342e-06,0.026930879340425536,0.8604588402291887,0.10322237007231648,0.009365311370119216,1.5696623247384413e-05
2042142,0,1,explicit_mmr,implicit_mmr,0.20152410265829127,0.798031666965635,1.4970010731454164e-09,4.1648694048649006e-08,0.00043413295163496473,1.0054278743863714e-05
2044243,1,1,implicit_mmr,implicit_mmr,0.025002576393676482,0.9179314329953107,0.018891743789646125,9.908106853301725e-06,3.6105364079906225e-05,0.038128233350433575
2044333,2,3,multi_method_not_mmr,no_method_signal,0.09905258070130486,4.782286117997298e-06,0.0018994769593781917,0.8988282179285766,4.44924189413187e-06,0.00021049288272816834
2044390,1,0,implicit_mmr,explicit_mmr,0.9903171657322399,0.008306728709717059,0.0008885253907855277,6.740190918277409e-08,0.00047473847331730743,1.2774292030822433e-05
2044473,1,3,implicit_mmr,no_method_signal,0.05876246593898672,0.0027900135021211962,0.004995317434216285,0.93329711533282,2.564225157928816e-10,0.00015508753543322056
2044879,0,0,explicit_mmr,explicit_mmr,0.7836815860332457,0.02245659323979075,0.19248383272038078,2.990214940743465e-06,4.329719324629332e-05,0.001331700598395879
2045634,4,0,qual_only,explicit_mmr,0.7215692300932612,0.2559734953703038,1.1282277627848586e-07,0.007028982052277341,0.0011283530141982397,0.014299826647183083
2046079,0,0,explicit_mmr,explicit_mmr,0.9923274453113814,0.007278409190346473,1.216700339118659e-08,5.172430546056991e-07,1.9959226822942124e-06,0.00039162016553145944
2047105,0,1,explicit_mmr,implicit_mmr,0.49411731144155124,0.5058746803159283,7.891625718011305e-07,4.160605699673091e-13,6.973380315688288e-06,2.456992168863104e-07
2047420,0,0,explicit_mmr,explicit_mmr,0.9957581443859121,0.0037804622486290324,4.487379545502756e-10,8.175697490434486e-09,3.9882354745493493e-14,0.00046138474098369325
2048018,1,0,implicit_mmr,explicit_mmr,0.5971376300092647,0.3257784163241557,0.0001422474203549495,3.4286658206992894e-05,0.07677920041436559,0.0001282191736518928
2048833,1,1,implicit_mmr,implicit_mmr,0.003038785441259107,0.925664931657562,0.002121011773481618,0.0004828112825981482,0.0685657444852857,0.00012671535981342795
2048852,1,1,implicit_mmr,implicit_mmr,0.04710117095284646,0.8767366922468103,4.832171346891745e-07,0.00299527852332765,0.07316571831379944,6.567460817124529e-07
2048987,0,1,explicit_mmr,implicit_mmr,0.0036212826278687535,0.9961014082777018,3.32301042384248e-08,1.0747080020452987e-07,0.000277160991420696,7.40210403753094e-09
2049044,2,3,multi_method_not_mmr,no_method_signal,1.1721442107171377e-06,0.00028925576184550246,0.06203569720774547,0.9348478281768199,0.0026919347557308043,0.00013411195364755127
2049974,4,3,qual_only,no_method_signal,3.751164208531582e-05,7.119334824553761e-05,0.013661669709028938,0.9861662933910613,2.012898528922716e-05,4.3202924289584124e-05
2050443,4,0,qual_only,explicit_mmr,0.9820735322343775,2.3327767544792374e-05,4.025800247679743e-06,1.0999947665527374e-05,0.01788734893067989,7.653194846099915e-07
2050542,2,1,multi_method_not_mmr,implicit_mmr,0.010357310761304181,0.9893376709933139,7.788041166988066e-07,0.000296038772746723,7.301418828444674e-07,7.470526635670763e-06
2050619,1,0,implicit_mmr,explicit_mmr,0.9985054562757694,0.0014764515743836844,1.9139525306680686e-06,4.8297085909106496e-08,2.610290491746891e-06,1.351960973846322e-05
2050669,2,3,multi_method_not_mmr,no_method_signal,0.00036815254886543613,4.67269196344848e-05,2.736592923955893e-06,0.9994793037500636,2.770325310086384e-05,7.537693541164237e-05
2050699,3,3,no_method_signal,no_method_signal,0.004462988039407966,8.510041743078277e-07,1.6172101417732444e-07,0.9953839735794634,7.967840000363637e-05,7.234725593660324e-05
2050899,3,0,no_method_signal,explicit_mmr,0.9332898072974537,0.06634904644937219,4.433054608566925e-07,6.164656387132138e-05,0.00025545496570418444,4.360141813783907e-05
2050956,2,3,multi_method_not_mmr,no_method_signal,4.723080860001004e-05,5.117640209743039e-07,0.035937151863259555,0.9640041310998665,7.126913799608864e-06,3.847550453293617e-06
2051156,3,0,no_method_signal,explicit_mmr,0.9979871712080263,0.0002082039882323942,1.5815816414653184e-05,4.42698595428848e-05,0.0009812546648534622,0.0007632844629303131
2052788,3,2,no_method_signal,multi_method_not_mmr,5.2430829583353903e-08,2.8470391893527105e-09,0.37436509335351764,0.343678693473927,0.2819518960170334,4.261877653161046e-06
2054823,0,0,explicit_mmr,explicit_mmr,0.7112400122007916,0.029490300218538695,0.0004586948688129312,7.00185894670703e-10,0.005459185914744644,0.25335180609692615
2055250,3,1,no_method_signal,implicit_mmr,2.888098584328752e-06,0.5203589989513434,1.395416410246713e-06,0.4425239802744276,0.0005261524580891123,0.03658658480114532
2055288,0,1,explicit_mmr,implicit_mmr,1.946008404429737e-09,0.952871968437413,1.2372612537905458e-09,4.9500313681237876e-05,4.185024541915809e-07,0.04707810956318186
2055343,5,1,quant_only,implicit_mmr,5.9316954860192115e-05,0.9999405914706789,5.715632758412603e-09,9.871141291748967e-15,3.18728880537685e-08,5.3985930162783264e-08
2055375,1,0,implicit_mmr,explicit_mmr,0.9220477778525517,0.0774866050111845,1.7239186011999492e-08,1.3917535017573804e-08,5.154973849177065e-08,0.00046553442980448625
2055379,2,0,multi_method_not_mmr,explicit_mmr,0.9996862536633228,0.00010376953193536635,3.4489320734617144e-09,5.8191068156451085e-08,0.00017501602509549757,3.4899139646265985e-05
2055534,2,0,multi_method_not_mmr,explicit_mmr,0.9961360427785403,0.003259891508517391,3.7706219325875377e-07,5.577332283952795e-07,1.6031838241680975e-05,0.0005870990792791221
2055550,0,5,explicit_mmr,quant_only,0.07057323284052427,0.01796993921738294,1.0244759190962538e-07,3.889347243320713e-06,5.181942548110054e-10,0.9114528356290634
2055597,0,1,explicit_mmr,implicit_mmr,0.001144148217851322,0.9957490439432548,2.5158413698599194e-05,3.135550326993138e-11,0.0030815578388437054,9.155499599337387e-08
2055609,0,1,explicit_mmr,implicit_mmr,0.007527683085356312,0.9918375583534861,0.00026483173847962444,6.2902719783876585e-09,0.0003551113314675756,1.4809200938791104e-05
2055705,1,1,implicit_mmr,implicit_mmr,0.0010661248687315304,0.9512697799120254,0.026139751721669994,0.020494918666157234,0.0010280971551364228,1.3276762791972183e-06
2100017,0,0,explicit_mmr,explicit_mmr,0.9999590021845325,2.1077600112334396e-06,3.841493311239166e-07,3.362227071636364e-09,9.2343517199879e-13,3.850254297467342e-05
2100029,0,0,explicit_mmr,explicit_mmr,0.9987395018142455,1.7386851620484706e-05,1.424330456946469e-08,0.0012429726602746663,1.955745594056238e-08,1.0487309894950821e-07
2100062,0,0,explicit_mmr,explicit_mmr,0.7025248837456669,0.01493551001772906,0.005084446910384786,0.00028248676229892394,0.009388647430674286,0.26778402513324595
2100081,1,5,implicit_mmr,quant_only,0.00011814517183014793,0.14429697461971688,0.0040955696457278725,2.415528137985851e-10,0.05322027616095888,0.7982690341602134
2100137,2,1,multi_method_not_mmr,implicit_mmr,0.12085098578339666,0.8791390534803112,6.800089167003019e-12,1.7232723828329815e-10,9.82264980795052e-06,1.379073571192386e-07
2100138,2,0,multi_method_not_mmr,explicit_mmr,0.963977043687896,0.03279679321549136,1.593867655223824e-10,8.888035476466318e-13,0.0032261627866306095,1.4970677022745053e-10
2100139,0,0,explicit_mmr,explicit_mmr,0.47842535076483994,0.14794004662945273,1.1011683161585543e-05,3.9725406624117676e-08,6.847683484275194e-11,0.37362355112866236
2100149,4,3,qual_only,no_method_signal,1.9597879937295616e-06,8.919650498196807e-07,0.00257614221819127,0.9974163489074181,1.652764230456499e-07,4.491844924019665e-06
2100242,4,0,qual_only,explicit_mmr,0.9937298413685023,0.0048603951999895735,8.538099901903101e-07,1.0969372651281439e-11,0.0010715453822603787,0.0003373642282883092
2100296,0,0,explicit_mmr,explicit_mmr,0.9866712882473176,0.0019733111189821455,1.9378999222565033e-10,1.507026010511219e-08,3.3833051972923708e-09,0.011355381986345075
2100617,1,0,implicit_mmr,explicit_mmr,0.7776244499140428,0.11364378697168487,1.6413509225118534e-05,0.00020436876756821428,0.10589198249751683,0.002618998339962282
2100823,5,0,quant_only,explicit_mmr,0.6956613991345395,0.20581184010944303,1.9158593080147336e-06,3.011721737025082e-08,0.09852365072501598,1.1640544761104228e-06
2100835,0,0,explicit_mmr,explicit_mmr,0.9999604465253301,1.0874144542993442e-05,9.05502865942174e-07,1.0847296769051993e-07,3.5787028542979404e-08,2.7629567264621387e-05
2101138,2,2,multi_method_not_mmr,multi_method_not_mmr,0.19626472681697582,0.0004235136352782304,0.7630240676933459,0.033264772119034926,0.0005855272092434457,0.006437392526121754
2101217,4,0,qual_only,explicit_mmr,0.9999330025400707,5.302994693565971e-08,3.3832730514791276e-06,2.9167041243786518e-06,6.062361144140702e-05,2.084136522362056e-08
2101255,2,1,multi_method_not_mmr,implicit_mmr,0.016863718192958538,0.9831010520847872,2.9186051279467192e-05,9.976328835314981e-10,2.0083270457807642e-07,5.841840637433403e-06
2101669,2,0,multi_method_not_mmr,explicit_mmr,0.871863900947052,0.06620378175194472,8.605643335099035e-05,1.056005055141887e-05,3.071742182074145e-07,0.06183539364288256
2101670,2,0,multi_method_not_mmr,explicit_mmr,0.9885640197210714,0.0005541525407080811,1.0803979543264247e-06,8.148345504531945e-05,1.3334534354694917e-05,0.010785929350866254
2104782,0,0,explicit_mmr,explicit_mmr,0.9983338166427527,2.907325596109555e-05,0.001114332414173814,4.962232248191572e-13,6.073515368459338e-07,0.0005221703350791781
2104792,0,0,explicit_mmr,explicit_mmr,0.7628801777729853,0.016253749805605698,0.0005664237135464837,6.42525534663507e-10,0.011808648119402607,0.20849099994593437
2104979,0,2,explicit_mmr,multi_method_not_mmr,0.06766560199914304,0.37223786910408846,0.5460129281796775,1.018855233250397e-12,0.0013469449522556859,0.01273665576381643
2105156,0,2,explicit_mmr,multi_method_not_mmr,0.2252242878054841,0.02358617452587696,0.4606348612156188,0.010046578377883723,0.2786004280788843,0.0019076699962521548
2105695,1,1,implicit_mmr,implicit_mmr,0.00805348577139872,0.9647284792320544,0.026422122672874374,1.1983865501347166e-08,0.0003140526032927262,0.00048184773651438803
2106319,0,0,explicit_mmr,explicit_mmr,0.9672185530608899,0.0002166009120392035,1.4916928287064707e-09,0.031069547462854532,0.0014949180802167228,3.789923067895802e-07
2106670,0,0,explicit_mmr,explicit_mmr,0.9983316016348839,0.0016600604850678122,1.5974006173994897e-08,5.459305043706901e-06,4.3840286936470664e-07,2.4241981288688834e-06
2107631,0,5,explicit_mmr,quant_only,0.3788760210994181,8.177157825694336e-05,5.115295499279601e-05,1.922069360433582e-05,1.4801725722182481e-09,0.6209718321935553
2109443,1,0,implicit_mmr,explicit_mmr,0.9110476774454731,0.08882781384988571,9.508969380325897e-05,2.078018771957039e-05,2.2138833438128663e-07,8.417434783879175e-06
2109942,5,5,quant_only,quant_only,0.021630152128016025,1.5054969502446868e-06,0.00449128041816901,7.106706349332475e-06,8.946784269411631e-06,0.9738610084662459
2110641,1,1,implicit_mmr,implicit_mmr,1.00527147780088e-06,0.9772103135681288,3.9126327216428906e-07,4.572698022847515e-08,4.2482581168001676e-07,0.02278781934432912
2110777,0,0,explicit_mmr,explicit_mmr,0.7419507437320139,0.014615103441323229,0.24157981403969142,3.000617431151504e-05,0.0003374960873223052,0.0014868365253377406
2111119,1,0,implicit_mmr,explicit_mmr,0.9904655383549059,0.00022896355599839185,0.006736430684038077,3.332908726108782e-06,0.0025638127317218957,1.9217646097264195e-06
2111150,0,0,explicit_mmr,explicit_mmr,0.9927597383171762,0.007094975455678814,8.770024189777959e-05,4.3782887898849746e-07,9.783871152519908e-07,5.6169769252948196e-05
2111262,1,5,implicit_mmr,quant_only,0.2769693101810659,0.000620521253095165,0.01287684717626013,5.969183112537464e-06,0.00645009241085391,0.7030772597956123
2111331,1,1,implicit_mmr,implicit_mmr,4.66725983487162e-06,0.9999261331908303,8.195075123679227e-07,1.0691950333071193e-12,1.2995062813395691e-11,6.838002775804714e-05
2111377,0,0,explicit_mmr,explicit_mmr,0.9999677535367211,1.4437183769744392e-05,9.98343250196905e-09,5.946150156640775e-09,8.613518214800315e-08,1.7707214744332314e-05
2111386,0,0,explicit_mmr,explicit_mmr,0.9999970159759264,1.1750602874350365e-07,2.303367058044151e-09,1.935733904149483e-06,7.933286909772629e-07,1.3515208265779154e-07
2111510,0,0,explicit_mmr,explicit_mmr,0.9999949434525018,3.3336526643298964e-07,2.235938155300059e-09,3.405845569212043e-07,8.083449721734119e-07,3.572016764424015e-06
2111533,1,5,implicit_mmr,quant_only,1.4943815075679299e-05,0.30017002873286214,9.43368028519243e-08,2.0329535704529613e-09,7.838560326031476e-06,0.6998070925219797
2112532,0,2,explicit_mmr,multi_method_not_mmr,0.0028790384814589834,0.0028838379200981697,0.9881459759066132,2.02734628896186e-06,8.227454980684092e-05,0.006006845795733762
2112689,0,0,explicit_mmr,explicit_mmr,0.9995009333947198,2.4922158892939962e-06,1.6827137205050462e-07,4.935492930687785e-11,0.0004934575614612137,2.9485072027450187e-06
2113261,2,1,multi_method_not_mmr,implicit_mmr,0.01998186223950952,0.9599953002494587,1.039156021378103e-05,0.0124794360282477,0.00010243310829360865,0.007430576814276687
2113755,1,1,implicit_mmr,implicit_mmr,0.2751023417554594,0.49762850164956635,3.1883731706887686e-05,2.185514302210195e-05,0.2272130003491147,2.417371130683389e-06
2113844,1,0,implicit_mmr,explicit_mmr,0.5263355302219727,4.868872503860463e-07,0.47331078008704436,6.345962553470805e-05,0.00018023891497607303,0.00010950426322182488
2113845,1,2,implicit_mmr,multi_method_not_mmr,4.747034325883337e-06,8.611865791540745e-08,0.9999000353756521,1.4265877812164123e-07,9.085824200131582e-07,9.408023016610824e-05
2113846,1,2,implicit_mmr,multi_method_not_mmr,0.0001717388579557056,9.213481543759545e-08,0.999510601868931,4.018310674764468e-06,0.0001900680414763819,0.00012348078614668047
2114824,4,1,qual_only,implicit_mmr,7.2046846491146835e-06,0.9950023154261465,8.278332532684566e-05,5.800107617340116e-07,3.735222718653905e-05,0.004869764325929235
2115138,0,0,explicit_mmr,explicit_mmr,0.9028223852521735,0.02401448394786666,0.05943836635430008,0.003917393624868001,0.007756019125475749,0.0020513516953160334
2115160,1,4,implicit_mmr,qual_only,0.04060096416618544,0.03861437451652054,0.0034752694799887935,0.001959644102586163,0.8823187127813605,0.03303103495335845
2115579,0,0,explicit_mmr,explicit_mmr,0.9873602845126671,0.012106215541897244,0.00013580895470914072,0.0001174939685766244,2.3792535308599807e-05,0.0002564044868413559
2115730,0,0,explicit_mmr,explicit_mmr,0.999033606049062,6.0570695201912826e-05,2.258055060999502e-06,0.0008842845935063536,8.089116236649632e-06,1.1191490932171617e-05
2115921,1,0,implicit_mmr,explicit_mmr,0.9999364904385869,1.4492230930867581e-05,1.0778498278692258e-09,4.094711671625814e-10,4.881789836296577e-05,1.979447983612427e-07
2116110,0,1,explicit_mmr,implicit_mmr,0.008294370042111126,0.990538991207467,4.165517012170125e-07,5.392356792361671e-08,2.7836277642037052e-05,0.0011383319975108324
2116118,0,0,explicit_mmr,explicit_mmr,0.9222713332581093,0.00028385927525684235,5.167483730913854e-07,0.002065118515346022,0.07537891430948852,2.5789342641540447e-07
2117224,0,1,explicit_mmr,implicit_mmr,0.0020107958389839215,0.9416598828056634,0.00797007046451536,0.00017517394605704413,0.048124099417016834,5.9977527763527574e-05
2118077,0,1,explicit_mmr,implicit_mmr,0.03259218218156148,0.7548173929045124,0.003910207259290285,2.488204385369371e-05,0.20865506802250272,2.675882791968606e-07
2119007,2,1,multi_method_not_mmr,implicit_mmr,4.2949428080235183e-10,0.9987715120337407,6.857577671069016e-09,1.2214685666966015e-10,3.742493003144403e-07,0.0012281063077403001
2120021,0,0,explicit_mmr,explicit_mmr,0.9866190070049266,0.013353539704070353,1.994043904932322e-05,4.561060342752665e-06,3.5719781870348524e-07,2.594593792419328e-06
2120742,0,1,explicit_mmr,implicit_mmr,0.1837779893604787,0.7731753861582178,5.164483097043826e-08,4.619480625261933e-07,0.041755891582306845,0.0012902193061031927
2120849,0,2,explicit_mmr,multi_method_not_mmr,0.019155685508588465,0.18008190757044062,0.7891435213743893,1.5715449985182087e-07,7.876155920848894e-05,0.011539966832873462
2121277,0,0,explicit_mmr,explicit_mmr,0.9999989029286446,3.8117212701930576e-10,9.472090641236241e-07,1.230810637886656e-07,3.9884388122645103e-10,2.600121150744618e-08
2121342,0,5,explicit_mmr,quant_only,3.406367557103682e-05,0.0009481752760381714,0.10594623503028569,0.027183655557114703,0.011373970328954966,0.8545139001320354
2121351,0,0,explicit_mmr,explicit_mmr,0.9943254704288614,0.003936705745432151,0.000154871588083118,0.0014648079829083591,0.00010968096101151896,8.4632937031951e-06
2121417,0,3,explicit_mmr,no_method_signal,5.7430855188621655e-06,0.0003405148812271643,3.4438671659920196e-06,0.9996485009642565,5.986772613813969e-09,1.791215058958944e-06
2121503,0,5,explicit_mmr,quant_only,0.14027269840800666,5.702558932079608e-05,0.2293039208597143,0.004885824682108325,0.030746809883771948,0.594733720577078
2122212,2,0,multi_method_not_mmr,explicit_mmr,0.9773138435344964,3.0034743283573952e-05,0.018240728922038554,0.004383649396329731,3.8292607062893444e-07,3.136047778120365e-05
2122213,2,0,multi_method_not_mmr,explicit_mmr,0.9966564554406898,0.0032269414731529267,1.7672346678546603e-06,0.00011443114514339493,1.6392954403831992e-08,3.883133918202636e-07
2122367,0,2,explicit_mmr,multi_method_not_mmr,0.0026356799704860957,0.023774723226763637,0.9735832085506552,3.96532856023382e-06,1.4602182163365567e-06,9.627053185778297e-07
2122665,0,5,explicit_mmr,quant_only,0.12999952352217525,0.014100771428445267,0.0008006824857186854,0.0024052575492690288,0.32560341123554587,0.5270903537788458
2122828,0,0,explicit_mmr,explicit_mmr,0.478821262485546,0.46810266215427937,8.485328008547811e-05,0.0012844132046374503,0.0012578971575151106,0.05044891171793656
2122874,0,0,explicit_mmr,explicit_mmr,0.8495126632330123,0.1271920637659525,0.006422014206546325,3.4338293598579394e-08,0.016857463544421317,1.576091177401942e-05
2122875,0,0,explicit_mmr,explicit_mmr,0.9383510902215418,0.0611360995630314,2.5233468913719034e-06,2.764722576386851e-07,4.629612697507454e-05,0.0004637142693027222
2122924,0,0,explicit_mmr,explicit_mmr,0.9995771888356383,0.0003550721661654986,2.781669233867249e-06,4.887154806365038e-05,9.031402026668204e-06,7.054378871851859e-06
2122934,4,0,qual_only,explicit_mmr,0.8984702536457161,0.100640618781649,2.9266975195088503e-09,2.7913403483827053e-05,7.375591153886499e-06,0.0008538356512997715
2122985,5,4,quant_only,qual_only,9.264798878346339e-10,0.006131217741533492,0.0004683330461303559,2.9867236651547344e-05,0.8548792902184518,0.13849129083075293
2124215,5,0,quant_only,explicit_mmr,0.9409948278223113,0.0004304565157803524,1.0642768797707574e-09,0.05776583001140502,0.0008088840206665237,5.655601703727061e-10
2125362,2,3,multi_method_not_mmr,no_method_signal,1.5683497179268613e-05,0.0988255020776134,0.00014647088550735543,0.5865615232778526,0.30799261464915323,0.006458205612694229
2126021,0,1,explicit_mmr,implicit_mmr,0.24256790911519968,0.756377611643533,1.0400889139222742e-07,4.1301863400239414e-07,1.3017785843500461e-08,0.0010539491959560526
2126023,0,0,explicit_mmr,explicit_mmr,0.9992787349898252,3.0665680709519444e-05,0.0006680364979807401,2.196935871615844e-09,4.30588050582635e-06,1.8254754042805414e-05
2126031,1,0,implicit_mmr,explicit_mmr,0.5292034666493618,0.4554228627554577,1.711820448449634e-08,8.207799993708184e-11,0.00012665614687652345,0.015246997248021575
2126056,0,0,explicit_mmr,explicit_mmr,0.9043997869896809,0.09538232612714376,0.00019969253997440017,2.2026320749824146e-06,1.596308777246062e-05,2.8623353475267104e-08
2126082,5,4,quant_only,qual_only,0.02161347639669554,0.004320518188291547,0.00593271892488397,0.0036297267171919493,0.9451600776590929,0.019343482113844086
2126613,4,2,qual_only,multi_method_not_mmr,8.342643544860406e-07,7.009214188870354e-07,0.5789530226160584,9.574422532253843e-08,0.22555591454038032,0.19548943191356252
2128203,1,1,implicit_mmr,implicit_mmr,5.58989421708126e-07,0.5235687788736411,1.15692133776504e-05,1.6034014369302456e-06,0.00013081796264384512,0.4762866715594788
2128544,1,1,implicit_mmr,implicit_mmr,0.002754140975135528,0.9960167501237555,2.7685504258191013e-06,0.00019131037622229955,0.0009763680309268026,5.866194353410348e-05
2128559,1,1,implicit_mmr,implicit_mmr,0.009668113588249686,0.679138152388716,2.575977320810863e-07,0.0012712082675017178,0.3098023908109144,0.00011987734688620837
2128897,0,5,explicit_mmr,quant_only,0.14745099986149707,0.00012369311346987198,0.00010762864508810357,0.006217773254504483,0.2225998426378243,0.6235000624876161
2129282,0,0,explicit_mmr,explicit_mmr,0.9970478339725881,5.034169838114856e-07,6.401239070803341e-05,0.002843751683934183,4.384449219961524e-05,5.4043586052398707e-08
2129308,0,3,explicit_mmr,no_method_signal,0.06307771674111834,6.281187052292415e-05,0.12436623867393538,0.7162691215427841,0.07605261612824518,0.02017149504339403
2129896,0,5,explicit_mmr,quant_only,0.0016181210616685604,1.7245075343987595e-05,1.78654447784207e-05,6.592015068196994e-06,0.0020465123111837557,0.9962936640919571
2130006,4,0,qual_only,explicit_mmr,0.9998166722357233,8.957669605701972e-07,6.16279419129638e-07,4.910640323174662e-05,1.3704940347951153e-05,0.00011900437431744434
2130022,0,1,explicit_mmr,implicit_mmr,0.4255266517761342,0.5720790823796965,5.029479314262243e-09,5.214136218447278e-06,5.202571854986174e-07,0.002388526421285868
2130073,0,5,explicit_mmr,quant_only,4.210792198039411e-05,3.1053647170056554e-05,8.401957670050746e-08,0.0024596216103311194,2.4550701173640095e-05,0.9974425820997681
2130169,0,1,explicit_mmr,implicit_mmr,0.05623157583900702,0.897083480113213,0.00013771859257264116,9.483603761566153e-05,0.005435358768804611,0.04101703064878716
2130222,0,3,explicit_mmr,no_method_signal,0.3398904625473194,0.020050895427025203,0.00014871512393535197,0.6031265496105367,0.03677753655854341,5.840732639878641e-06
2130239,0,0,explicit_mmr,explicit_mmr,0.9978425996179539,3.457628486865574e-05,2.701977005078982e-05,0.0006569560273196275,0.0014139934784236179,2.4854821383505218e-05
2130255,0,0,explicit_mmr,explicit_mmr,0.6537844646372216,0.00012353437283409873,6.698693769074936e-07,0.34584527318947833,0.00011895886864062931,0.00012709906244835927
2130256,0,0,explicit_mmr,explicit_mmr,0.9625040252211684,0.0006138221612072082,0.00014280002360900047,0.02683170365954377,0.009902243331865209,5.40560260659809e-06
2130286,0,0,explicit_mmr,explicit_mmr,0.9952141470372642,0.0002567963440494306,6.58889015736338e-07,0.0041553655579563515,0.0003730191643507032,1.300736360628581e-08
2130290,0,5,explicit_mmr,quant_only,0.002468707151212189,0.002055361316833646,6.870995753779985e-07,0.006504804670921274,0.0001714892552897953,0.9887989505061677
2130298,0,5,explicit_mmr,quant_only,4.9988152136698316e-05,9.654170942904643e-05,0.029870299508287162,0.0017798995130323774,3.720031170589497e-05,0.9681660708054087
2130323,0,4,explicit_mmr,qual_only,0.016492095553831344,0.3717979671244447,3.848134376121602e-06,0.010204830291775383,0.6014899654359382,1.129345963426167e-05
2130397,1,1,implicit_mmr,implicit_mmr,0.00025241499045064426,0.9041433037924472,0.0007347326868306547,0.00013626819212164841,0.0944564122165756,0.00027686812157426004
2130398,0,5,explicit_mmr,quant_only,1.5111296873495066e-05,1.6176554847985457e-06,1.3940221059111827e-06,0.00017985822022534542,1.5880559700871208e-06,0.9998004307493403
2130448,0,0,explicit_mmr,explicit_mmr,0.9638285566597848,0.0023862644175127634,2.3354344455371596e-07,6.158112208707068e-08,1.1858401811290736e-07,0.03378476521411775
2130461,0,0,explicit_mmr,explicit_mmr,0.6679122610168235,0.009469551718269678,1.0524221549749981e-10,0.3193100519842941,0.0032877108339608753,2.042434140967353e-05
2130479,5,3,quant_only,no_method_signal,0.20099014762727593,0.0053993338553039606,2.945053977282522e-07,0.7921707257997047,2.8274984415301937e-05,0.0014112232279022985
2131097,1,2,implicit_mmr,multi_method_not_mmr,0.0021566325954985818,0.1630388319250961,0.6534277991450359,0.00014621808913572003,0.002725547867713225,0.17850497037752042
2133190,4,3,qual_only,no_method_signal,0.0005954576253430344,0.0008537787179756503,8.759533628069751e-07,0.567868815325601,0.0007039152092159774,0.4299771571685016
2133982,0,4,explicit_mmr,qual_only,0.0008293129850121797,0.018635590629905618,1.2709592557226981e-05,2.1688521254164425e-08,0.6429884420654859,0.33753392303851776
2134583,0,3,explicit_mmr,no_method_signal,0.000676904798589149,5.505264436847395e-05,1.4898489356408982e-05,0.9964443632566233,0.0027830760017248032,2.570480933789793e-05
2135431,0,0,explicit_mmr,explicit_mmr,0.9190830910827,0.04422976276078693,0.025930074840133575,0.00044188934017937734,0.002378586968636436,0.007936595007563529
2135438,0,0,explicit_mmr,explicit_mmr,0.9988502010531575,0.0006027087718396523,5.5400712246846433e-05,2.3791813969894716e-06,0.00010726540844424777,0.000382044872914839
2136382,4,5,qual_only,quant_only,0.002101249546038201,0.0003102032690826554,0.0002714841119681601,1.4672742270519817e-06,2.7358370972909738e-05,0.997288237427711
2138463,0,4,explicit_mmr,qual_only,5.967087654339883e-07,0.3613865661627961,8.298349933061248e-08,4.72593210554662e-06,0.5371279731710287,0.10148005504180484
2139106,0,0,explicit_mmr,explicit_mmr,0.9929451199181645,7.89134756029412e-05,0.005444999549279345,1.4693499543181623e-09,0.0015268215717880104,4.1440158152483635e-06
2140246,0,0,explicit_mmr,explicit_mmr,0.9752424146096037,0.015085428552405843,1.429952204427061e-05,1.911724135389835e-05,1.2349089795627488e-05,0.009626390984796628
2140262,0,0,explicit_mmr,explicit_mmr,0.5553461082491661,0.3991616693866925,0.03436504897772449,3.8944751566373176e-06,0.010783798861405878,0.0003394800498544386
2140867,0,0,explicit_mmr,explicit_mmr,0.9999740977133224,6.006948375650288e-06,5.921796605003265e-07,1.875199468087601e-05,5.33786973218462e-07,1.7376987696904847e-08
2140901,0,0,explicit_mmr,explicit_mmr,0.9843636501834057,0.01414263300896749,3.3773819922075175e-07,5.912983168498475e-09,9.975906385105624e-06,0.0014833972500593257
2140902,0,0,explicit_mmr,explicit_mmr,0.9727014184219519,0.02684826067662261,1.0888098395208805e-07,5.693672475977618e-06,0.0004442208645579061,2.9748340751895423e-07
2140903,0,0,explicit_mmr,explicit_mmr,0.7697484400707447,0.22801823146712916,2.092345978051204e-05,8.368337513655707e-08,0.002106796416379468,0.00010552490259113268
2140904,0,0,explicit_mmr,explicit_mmr,0.9104280021589924,0.06099843996120885,0.0001340167266597646,1.275762658000379e-07,0.024749202375265917,0.00369021120160733
2140905,0,0,explicit_mmr,explicit_mmr,0.9998655364360424,0.00010354204437148013,4.21925225147198e-09,3.7908274512755404e-08,1.0589491448366277e-06,2.982044291469567e-05
2141682,0,2,explicit_mmr,multi_method_not_mmr,0.0002855416196823564,2.0160145646185423e-05,0.9663089190371638,0.00028151689773749046,0.03310381722721827,4.507255195337304e-08
2141716,1,5,implicit_mmr,quant_only,0.38615531928190483,0.0086230383938064,6.902551319485284e-08,3.4501616136258498e-06,0.0006453768197498292,0.6045727463174122
2141724,1,5,implicit_mmr,quant_only,0.1176664001270225,0.002857181704534691,1.2482594567058944e-07,2.772662996131999e-07,0.0004089242750219088,0.8790670918011756
2141727,1,0,implicit_mmr,explicit_mmr,0.9978136301059047,0.0007616764282216416,3.820409377344798e-07,1.8451417050703655e-09,2.9291007382726864e-05,0.0013950185724113224
2141952,1,1,implicit_mmr,implicit_mmr,0.0007221792285317564,0.9976881067704605,1.6316852558888603e-08,0.0002448637275305353,1.0691669993781226e-07,0.0013447270399249125
2141975,0,0,explicit_mmr,explicit_mmr,0.8270881983426698,0.00039518808717084773,0.0007263980900093386,0.0009499864285535479,0.002562354041392572,0.16827787501020403
2142108,1,0,implicit_mmr,explicit_mmr,0.6782679835714761,0.30636510621205904,6.171011542276464e-07,0.01208808568960747,0.0005211654902344138,0.002757041935468733
2142214,0,5,explicit_mmr,quant_only,4.801667264282698e-06,2.3021420695524395e-05,0.00010309224768627285,2.907690449643284e-07,0.0007263261296639844,0.9991424677656449
2142262,1,0,implicit_mmr,explicit_mmr,0.8795405911244333,0.1165902935788497,5.7082870382760225e-06,3.2502444579504776e-05,0.002999776751038112,0.0008311278140612335
2142276,0,5,explicit_mmr,quant_only,0.4201403197856256,0.0038524876088027516,0.0003848905712312958,1.3522789716299868e-05,4.44007025990234e-06,0.5756043391743642
2142277,1,0,implicit_mmr,explicit_mmr,0.9996020781812123,0.0002289431389676351,2.0499785000173444e-07,2.4480929627655104e-05,3.3903928842068977e-06,0.00014090235945837188
2142311,0,5,explicit_mmr,quant_only,0.000906110850570589,0.00019543517574929897,0.21222863426537253,5.851998493813099e-07,0.02716701005299171,0.7595022244554664
2142324,0,2,explicit_mmr,multi_method_not_mmr,0.009572667425069615,0.08311452793023111,0.8406372014506137,1.0418525666196197e-06,0.027715359480095274,0.03895920186142367
2142344,0,5,explicit_mmr,quant_only,0.2787215530498309,0.007918768560233783,0.2557298827033321,3.678617755742999e-05,0.0005158867922790869,0.45707712271676654
2142416,0,0,explicit_mmr,explicit_mmr,0.9963419199431434,0.0026979447681635175,3.9314392056379293e-07,7.582710271631258e-06,0.0006541526879680396,0.000298006746532998
2142436,0,0,explicit_mmr,explicit_mmr,0.8481289545017268,0.0030459549636532696,0.0002796867096544191,0.008034647677452633,0.1152791492572999,0.025231606890212928
2142439,1,1,implicit_mmr,implicit_mmr,0.00042496682442609557,0.9989585152846568,0.00047142014430283553,1.211012638479441e-06,8.683908261467617e-05,5.704765136120582e-05
2142490,1,1,implicit_mmr,implicit_mmr,0.00021841228650138208,0.9990631346697437,5.578597050413831e-06,2.6528114633121782e-05,0.0006274773257554767,5.88690063158889e-05
2142503,1,1,implicit_mmr,implicit_mmr,0.001756251722778074,0.9965110536595395,5.781938338216144e-06,5.160870134773222e-05,0.0001561931463284003,0.0015191108316682587
2142594,1,1,implicit_mmr,implicit_mmr,0.011155814569296128,0.7797814568013973,0.04161785443486507,0.006374047193633953,0.03949350926932783,0.12157731773147974
2142628,2,1,multi_method_not_mmr,implicit_mmr,0.006780025435135767,0.9767139112959479,1.3436785582150041e-05,6.110007960130743e-05,5.879480710665459e-05,0.016372731596626326
2142641,0,0,explicit_mmr,explicit_mmr,0.47127935379599073,0.006267226021630153,0.12041590009479837,1.694176436658495e-05,0.006562612530717263,0.3954579657924968
2142659,4,0,qual_only,explicit_mmr,0.9959438489856797,0.0001501790190476947,5.84329657546888e-06,2.8280227555199273e-05,0.0038717350945913567,1.1337655066982426e-07
2142697,0,0,explicit_mmr,explicit_mmr,0.8056276966692767,0.1941796496492508,3.3967773607143133e-06,3.434471324552372e-07,3.08050418903752e-10,0.00018891314892877664
2142780,3,3,no_method_signal,no_method_signal,0.11820669744369838,0.014447581192814805,0.00019814933103522197,0.6691333927215122,0.002961939256128703,0.19505224005481078
2142783,1,0,implicit_mmr,explicit_mmr,0.5858820747589335,0.3702985711527676,0.026208552888999374,0.011355193063599521,0.001915640370675442,0.004339967765024613
2143173,1,0,implicit_mmr,explicit_mmr,0.9998965624558516,1.2844846728219958e-05,1.908117505814333e-05,5.333549620552185e-05,8.451569937517417e-06,9.724456218924421e-06
2143671,0,0,explicit_mmr,explicit_mmr,0.9996059230883094,0.00039379936137870264,1.3196220643435297e-08,2.6399786293471384e-07,2.4489895795154824e-10,1.1132913761534416e-10
2144618,0,0,explicit_mmr,explicit_mmr,0.9768997532335069,0.023033958444875973,2.184871106026317e-08,9.006011155164964e-07,2.0641123908066934e-05,4.4724747882590026e-05
2144698,4,0,qual_only,explicit_mmr,0.9734282126380198,0.0021716181710346844,3.773042270052751e-08,0.0002972901602636415,0.02402830452807026,7.453677218873418e-05
2145105,0,0,explicit_mmr,explicit_mmr,0.8177029267566682,0.0013536501726997632,1.6153700690895496e-05,2.2032247104646285e-06,0.0009674045438646703,0.17995766160136611
2146269,2,3,multi_method_not_mmr,no_method_signal,0.014974032557882124,0.0006220168234543813,1.2740916643708034e-05,0.9843708663165602,9.534216754488052e-06,1.0809168704921124e-05
2146359,3,3,no_method_signal,no_method_signal,6.258319983357271e-05,0.009856948454218946,1.0127594438587958e-07,0.9810598313470749,0.008990623401706097,2.9912321222198327e-05
2147625,0,1,explicit_mmr,implicit_mmr,0.02407009540320288,0.5898302076205565,0.025950030650972546,2.2852085249317128e-05,0.35956315649454335,0.0005636577454755075
2147810,0,0,explicit_mmr,explicit_mmr,0.9998932817856531,5.066569161707431e-07,9.516785249433787e-08,9.792369477867315e-08,0.00010589867934938227,1.1978653437421417e-07
2147811,0,0,explicit_mmr,explicit_mmr,0.9998424393934364,7.005496402524746e-06,0.0001475714164721087,9.27314409900463e-08,2.875573430690835e-06,1.5388817127837367e-08
2148014,1,0,implicit_mmr,explicit_mmr,0.9390373669610022,0.0603417778278381,1.9582112171125657e-06,2.6458338773633383e-06,0.0006134844751349592,2.76669093045759e-06
2148023,0,3,explicit_mmr,no_method_signal,2.4344404338354726e-06,0.1969726913641724,0.008566840173783511,0.7935660432426797,0.0008919474888213447,4.329010925908531e-08
2148451,0,0,explicit_mmr,explicit_mmr,0.9078637224474606,0.014307041266482341,0.0011096439220391033,0.06158636175960076,0.00017620042496270164,0.014957030179454486
2148543,0,0,explicit_mmr,explicit_mmr,0.8992998333080513,0.04760732923135214,0.0004600036980371078,0.007966286475259238,0.014554668286958073,0.030111879000342134
2148560,0,0,explicit_mmr,explicit_mmr,0.7666574876117013,0.002342014665935312,0.09818398040333515,3.637555457040927e-05,0.132774458740092,5.683024365706757e-06
2148561,0,0,explicit_mmr,explicit_mmr,0.9999823304556307,1.3622189558322853e-05,3.702753818016339e-06,2.508647017439962e-09,3.04231290921309e-07,3.7861055020232565e-08
2148680,0,0,explicit_mmr,explicit_mmr,0.9999663084637319,3.295405023604444e-06,4.1392940841622164e-07,2.7462914344000123e-05,2.518925289029298e-06,3.622030932045538e-10
2148777,1,1,implicit_mmr,implicit_mmr,0.007484739298977596,0.8011289012779415,6.053638797981576e-07,0.1912018727443763,0.00016865370157709438,1.5227613247618893e-05
2149356,0,1,explicit_mmr,implicit_mmr,0.003810075386080949,0.9956608632643822,1.520458758314363e-07,2.7494991349520193e-05,6.574996282858941e-06,0.0004948393160287186
2149370,2,4,multi_method_not_mmr,qual_only,0.1378381797258106,0.007246113928093873,0.24447823801845717,0.060310282686205904,0.5499879400073291,0.0001392456341032937
2150045,0,5,explicit_mmr,quant_only,0.21697324750601496,0.08812294082922163,6.745654738813915e-06,9.876113903967855e-07,0.18447340293769984,0.5104226754609344
2150088,2,0,multi_method_not_mmr,explicit_mmr,0.7450502706179427,0.0004979973002544875,1.906992699612211e-05,0.25113353034313557,0.0012659174484947332,0.002033214363176576
2150297,4,5,qual_only,quant_only,3.76373894294399e-07,3.659090470989587e-05,4.439489788657269e-07,0.0017070787189825889,1.1566062770061345e-06,0.9982543534471573
2150323,0,0,explicit_mmr,explicit_mmr,0.9999248052718172,5.352780301360901e-05,2.641280889579517e-07,3.235454280332332e-08,1.9133983416380184e-05,2.2364591209882114e-06
2150337,2,2,multi_method_not_mmr,multi_method_not_mmr,4.677988046969763e-06,1.1998761939002818e-07,0.9988705593991486,0.0009869378180677665,6.763784665459833e-05,7.006696046268469e-05
2150449,5,5,quant_only,quant_only,0.000965383022789712,1.8169039180803836e-05,0.0002591951944924424,0.0548968223804408,7.318399055935457e-05,0.9437872463725369
2150961,2,3,multi_method_not_mmr,no_method_signal,0.003980184622695379,0.0031971859840641496,3.62166628292855e-05,0.6831101811167505,0.00029246178975988975,0.3093837698239007
2151012,0,0,explicit_mmr,explicit_mmr,0.7174360449593572,0.28256150241271066,7.637682815827713e-08,2.039175269591003e-07,2.491552691423389e-07,1.9231783079789395e-06
2151045,0,0,explicit_mmr,explicit_mmr,0.9168510301483761,0.08305859080667799,6.375433011628753e-08,5.0622982089262016e-05,1.3986895879621327e-06,3.829361893845172e-05
2151046,4,2,qual_only,multi_method_not_mmr,0.01060910611414285,0.0015658259101639558,0.6161635232707164,0.24334213844815603,0.04582034582240083,0.08249906043442003
2151056,0,0,explicit_mmr,explicit_mmr,0.8343505402806551,0.16556086824964036,4.2799357887284465e-08,6.301747203944693e-05,2.0354035444911576e-07,2.532765795265471e-05
2151057,0,0,explicit_mmr,explicit_mmr,0.9551083563413472,0.04476058434998889,1.2316714640141775e-06,8.533740285641132e-06,1.451263119813391e-05,0.00010678126571617284
2151061,4,3,qual_only,no_method_signal,9.346718320936436e-06,9.349052816479812e-08,0.013499434278809699,0.9864498539075848,3.984038146910225e-05,1.4312232871521295e-06
2151141,2,0,multi_method_not_mmr,explicit_mmr,0.9883630954313722,0.00010444582847109635,5.0822915143008874e-05,0.010767305812890475,1.1929018401652235e-06,0.0007131371102829275
2151404,4,0,qual_only,explicit_mmr,0.9832122196569935,0.001774580697355143,2.0037993131923543e-05,0.014146506811313138,0.0008463512230115508,3.036181949012145e-07
2152260,2,5,multi_method_not_mmr,quant_only,0.11633724826988058,0.14485871015387572,1.3494918643870874e-07,0.0014376637982624393,0.005627120381341042,0.7317391224474538
2152282,0,0,explicit_mmr,explicit_mmr,0.9999427981886052,4.996519532753975e-07,2.6975972811654377e-09,1.2493219786485615e-09,5.609996615354027e-05,5.982463687608145e-07
2152441,5,5,quant_only,quant_only,0.04972670377362811,2.7115556058201312e-05,1.970690425379977e-05,5.526862650528523e-07,0.0010108197271749006,0.94921510135262
2154606,5,0,quant_only,explicit_mmr,0.571648521487975,0.22976279051639617,0.00016151794638592337,0.185002060582865,0.0008678810631704901,0.012557228403207533
2200365,3,5,no_method_signal,quant_only,9.329773004166626e-05,5.4235450684779195e-05,0.0002815681570097721,0.016483998963435248,1.003749007924492e-05,0.9830768622087493
2200748,1,1,implicit_mmr,implicit_mmr,0.0002126836579095795,0.9997872295996264,2.3721549196216162e-08,5.609047472923656e-10,2.943383452374623e-09,5.951662650461676e-08
2200781,5,1,quant_only,implicit_mmr,0.047590562183671824,0.8368765080335898,1.0631336429537916e-09,0.007888892931985782,0.002637005157950207,0.10500703062966868
2200815,0,0,explicit_mmr,explicit_mmr,0.5139077236981466,3.636777136426783e-05,0.4801982215169997,2.4336461393224688e-05,0.005833347166609491,3.3854866226609903e-09
2200830,0,1,explicit_mmr,implicit_mmr,0.057045090663176534,0.406691939448014,0.3454523170274403,0.0019296570461876457,0.18887121371966153,9.78209552010942e-06
2200887,4,0,qual_only,explicit_mmr,0.9889932433039931,2.1319445708174948e-05,2.2352738816332393e-06,1.2659629370223256e-08,6.870934192130747e-08,0.010983120607446002
2200928,0,0,explicit_mmr,explicit_mmr,0.9875016300110081,0.010828181649108511,5.434385144705411e-06,5.931836346250496e-07,0.0016602334800062107,3.9272910981405196e-06
2201051,1,5,implicit_mmr,quant_only,0.046257242083916954,0.0018499010455700308,1.003127674964623e-05,1.5530355361888665e-07,1.0897852633023522e-08,0.9518826593923571
2201545,0,0,explicit_mmr,explicit_mmr,0.9999937533480826,6.390182504315368e-07,2.0833004823805403e-07,3.9244319811445447e-07,6.142332002087075e-08,4.945437100782772e-06
2201576,0,2,explicit_mmr,multi_method_not_mmr,0.04154061790985985,0.0010289347183061264,0.9544208911190113,1.4910426086202902e-06,6.504797345303156e-05,0.00294301723676118
2201641,4,4,qual_only,qual_only,0.2774524408008756,0.355812575210342,8.191248753608785e-05,1.1635934274291655e-06,0.3666518908208261,1.7086992816640595e-08
2201642,4,1,qual_only,implicit_mmr,0.003188429666968202,0.9200977981663574,2.4796972623956612e-05,3.64294146149043e-06,0.07668528418371393,4.806887517176739e-08
2201700,0,0,explicit_mmr,explicit_mmr,0.8409100482277854,0.02906581478733718,0.0002826963381901476,3.5160626833397866e-05,3.399294199530272e-08,0.12970624602691194
2201701,0,0,explicit_mmr,explicit_mmr,0.9966712599782444,0.002449680473942124,0.0001790619851283107,0.00016525625238482657,8.749456641193627e-09,0.0005347325608434682
2201764,0,1,explicit_mmr,implicit_mmr,0.023211278849171926,0.9268751180016598,0.0020456787697321005,7.168438661982749e-07,0.0029403882186133964,0.044926819316956954
2201765,0,0,explicit_mmr,explicit_mmr,0.7159987410368986,0.27905257023445335,3.915462443624896e-06,5.863780999298652e-09,0.001655466083264944,0.003289301319158439
2201792,4,1,qual_only,implicit_mmr,0.007668872776676774,0.8458063076753348,1.6295698671470192e-05,4.3453709801731185e-10,2.7985421657306392e-05,0.14648053799312274
2201793,4,5,qual_only,quant_only,0.06854967744964412,0.4410688923504305,0.00011486295108783596,5.4399893848967385e-09,9.822846403026356e-07,0.4902655795242079
2201794,4,1,qual_only,implicit_mmr,0.01582368081164893,0.97751553731178,9.611143971275677e-06,6.13399965297066e-14,3.744851665954777e-06,0.006647425880872103
2201795,4,1,qual_only,implicit_mmr,0.20714010665909136,0.7707156908659903,1.9907401620643763e-06,7.405135367854113e-10,6.1083297448047964e-06,0.022136102664497732
2201858,4,0,qual_only,explicit_mmr,0.999982246238788,1.5643701385449278e-05,2.083101826276918e-06,9.367383810759322e-09,1.6012558700003824e-08,1.5780577328287694e-09
2201859,4,0,qual_only,explicit_mmr,0.99966788970999,0.0003171751066114427,1.0720255755465223e-07,5.431263338504329e-08,1.477250160764904e-05,1.1665999425901254e-09
2201929,4,1,qual_only,implicit_mmr,0.0895523082575079,0.6138448871393456,0.0005933350242183316,6.80295607716248e-06,0.0005434970575129031,0.29545916956533824
2201930,4,1,qual_only,implicit_mmr,0.031075316871566734,0.5002702577831899,1.0984050656146702e-05,9.912208061621056e-05,0.06962720379406617,0.3989171154199049
2201943,4,0,qual_only,explicit_mmr,0.9341506595361553,0.05142137746243719,2.0360897473742134e-07,1.3392238269556468e-05,0.014411891619460169,2.4755347028074737e-06
2201993,2,5,multi_method_not_mmr,quant_only,9.949377756585132e-07,2.2056942434040703e-07,3.4017229483594293e-08,0.03876720015966086,1.6187801436570358e-11,0.9612315502997218
2202156,4,3,qual_only,no_method_signal,0.003064141565530755,2.521728872352463e-05,8.940308668406269e-07,0.9964892552265432,1.0677315930538798e-13,0.0004204918882287556
2202169,0,0,explicit_mmr,explicit_mmr,0.9907208344000205,0.0014070131563343618,8.047056844426033e-07,0.00787048476252705,2.5432495304171756e-08,8.375429383734427e-07
2203386,1,4,implicit_mmr,qual_only,0.02667657993312488,0.021405065875585987,0.008560724485978206,2.194206976698421e-06,0.9432940154935695,6.142000476461395e-05
2204462,2,0,multi_method_not_mmr,explicit_mmr,0.9999600278163713,3.993183088950993e-05,3.403759522629557e-08,4.082639314374465e-11,5.036263199661317e-09,1.2380543837382986e-09
2204537,2,5,multi_method_not_mmr,quant_only,6.65483781439122e-05,0.07500704542691278,7.636893884160881e-09,3.9093845577751725e-11,3.045436928805791e-11,0.9249263984885012
2205001,0,0,explicit_mmr,explicit_mmr,0.8920594113537413,0.032364628964795056,2.1346933960983556e-08,0.00043266869820770924,1.627832826396662e-07,0.07514310685303924
2205612,5,5,quant_only,quant_only,0.2353136108352337,0.12232176520627913,0.04618400616114605,5.397764721674021e-05,7.316251942250364e-10,0.5961266394184992
2207219,1,5,implicit_mmr,quant_only,0.005765765446160401,3.5509656058563666e-10,0.00450121706753993,0.0024575240355840097,3.384979051844321e-05,0.9872416433051007
2207408,1,1,implicit_mmr,implicit_mmr,8.576775165915279e-05,0.9998904957970249,4.6429728369789756e-10,1.2971673614034483e-07,2.306885403243347e-05,5.374162499807772e-07
2207795,2,1,multi_method_not_mmr,implicit_mmr,0.000699182509199433,0.9990726501079714,2.402698448869416e-07,4.504327560595128e-11,1.623171683461165e-07,0.0002277647507727389
2211032,0,1,explicit_mmr,implicit_mmr,0.016795116424345027,0.5046708589897465,0.09810621180339446,0.08223525882729546,0.29818367875778096,8.875197437575035e-06
2214418,5,1,quant_only,implicit_mmr,0.3517224732060462,0.6031910730111545,0.00020306383356935437,2.2807986892682127e-08,0.04400826293195847,0.0008751042092844131
2214516,0,0,explicit_mmr,explicit_mmr,0.9999942540053318,3.411196587410345e-06,2.629291117238657e-07,1.0726230750107356e-07,6.971334465179862e-10,1.9639095279569963e-06
2214740,0,0,explicit_mmr,explicit_mmr,0.971103403980747,0.0002485846858604623,0.0017770796586274468,0.002315993745961068,0.02413435236693122,0.0004205855618728702
2215050,1,4,implicit_mmr,qual_only,0.0005304924830032334,6.144238789010389e-05,8.780754171784312e-05,1.6551241303807935e-08,0.9991542052715493,0.00016603576459826505
2215084,0,0,explicit_mmr,explicit_mmr,0.9998939485090276,0.00010386493498988254,8.888711632582318e-08,4.1429122041607685e-09,4.74626377217448e-08,2.046063316243385e-06
2215166,0,1,explicit_mmr,implicit_mmr,0.13752142998747735,0.8384333257323277,0.006536614402984501,5.008256592465525e-07,0.014564126591041397,0.0029440024605099577
2215167,0,5,explicit_mmr,quant_only,0.00045928701414343274,7.932285741489028e-06,4.7017416959682795e-07,2.0081065200293766e-06,2.341087740269558e-08,0.999530279008548
2215592,2,2,multi_method_not_mmr,multi_method_not_mmr,0.02000404720759416,0.009917090351983647,0.8672154408257075,3.331401482878391e-05,0.051731586860744826,0.05109852073914112
2215653,0,0,explicit_mmr,explicit_mmr,0.9999892717659838,2.4273807959549027e-06,5.795050954396238e-06,5.5410638003759496e-11,2.49429322220108e-06,1.1453632936555578e-08
2215654,0,0,explicit_mmr,explicit_mmr,0.9288905329074706,0.00036083259666948894,0.021495082716834178,7.77202793060648e-08,0.0447889706385495,0.004464503420196635
2215655,0,0,explicit_mmr,explicit_mmr,0.9999836515978986,1.4701170947602294e-05,1.2783586240658049e-06,7.581084817321417e-11,3.2046711948942177e-07,4.832959953371023e-08
2215656,0,0,explicit_mmr,explicit_mmr,0.9927857751886987,0.000574700004659464,0.006480013532772632,4.0181802934197015e-10,0.00015835012303667511,1.1607490145106176e-06
2215970,0,1,explicit_mmr,implicit_mmr,0.27445680161867125,0.6435507258849196,0.00013716669802688706,1.9431334383146043e-09,0.05306976178040127,0.0287855420748476
2216031,0,0,explicit_mmr,explicit_mmr,0.8545060168046251,0.12866077169208862,0.0006920629935904032,2.8118306250821175e-07,0.007004596987504885,0.009136270339128423
2216121,0,4,explicit_mmr,qual_only,7.639271768316916e-06,0.4736620804645738,0.0006908673698392092,4.399384055916113e-06,0.5246742097260393,0.0009608037837235524
2216351,0,0,explicit_mmr,explicit_mmr,0.47565586093065343,2.9326374762048283e-06,0.3702442182074641,0.0158649306427207,0.13795915076903031,0.00027290681265516436
2217640,2,2,multi_method_not_mmr,multi_method_not_mmr,0.005267207547146332,0.004838094742953034,0.610213261877569,3.700955242342311e-05,0.1726517039677989,0.20699272231210936
2217718,1,1,implicit_mmr,implicit_mmr,0.14023284200241543,0.6482613942738128,0.003347994276810572,0.00033839346565435935,0.20744001778347812,0.0003793581978288237
2217745,0,4,explicit_mmr,qual_only,0.0001158220969771147,0.003532860439659409,0.009173278419794866,2.096956250289353e-08,0.9871771666869702,8.513870359535735e-07
2219012,1,0,implicit_mmr,explicit_mmr,0.9798457710159874,0.019925588037890657,1.0694778801798993e-06,3.2203359764512305e-06,0.00022329389674674265,1.0572355186096724e-06
2219271,0,0,explicit_mmr,explicit_mmr,0.9998019564816961,9.945913596293531e-05,5.403270770219769e-07,2.476637630706996e-10,8.581735938912603e-05,1.2226448210931895e-05
2219389,1,0,implicit_mmr,explicit_mmr,0.9763600618365855,0.023638614789467112,1.2244661010280313e-06,9.774564375751313e-08,1.075821637814512e-09,8.638085334472606e-11
2219522,2,5,multi_method_not_mmr,quant_only,7.087544531125846e-06,0.007853608260345547,0.042880489178046766,0.08056913317206081,0.003862315385167846,0.8648273664598479
2221149,0,1,explicit_mmr,implicit_mmr,8.311922260652928e-07,0.5648194283222076,5.860454248130738e-07,0.00018413900158672957,0.08942975796261289,0.34556525747594186
2221153,0,3,explicit_mmr,no_method_signal,0.2205862989238191,0.0005823226391884576,2.8766518667217695e-06,0.7787059007371134,4.504197227970108e-05,7.755907573257351e-05
2221163,5,1,quant_only,implicit_mmr,0.0004152564837892151,0.9754830691024198,1.8270891172283497e-08,0.022436590843585714,0.0015705929632987925,9.447233601521833e-05
2221177,0,3,explicit_mmr,no_method_signal,0.0009012476033771673,1.579535675758762e-05,2.2692853189472568e-06,0.8454002004431717,0.0005676958081590086,0.15311279150321577
2221187,0,4,explicit_mmr,qual_only,0.006386559796126518,0.11539094597719637,0.005621996317543586,3.38435530421881e-06,0.8559653173938878,0.016631796159941568
2221242,0,0,explicit_mmr,explicit_mmr,0.9276145188816846,0.003125352938912079,6.194759195901277e-07,0.06917802670773292,1.2119994187082826e-05,6.936200156359461e-05
2221262,0,0,explicit_mmr,explicit_mmr,0.8077289148554635,0.0062066345642269845,0.003095010256706615,0.13846158769223033,0.012552203020834755,0.03195564961053784
2221335,1,0,implicit_mmr,explicit_mmr,0.9043282410513656,0.0002556445542375915,2.8588812567855305e-05,3.679439704724762e-06,9.604650655372573e-08,0.09538375009561768
2221337,1,5,implicit_mmr,quant_only,0.005915238711488534,2.5536790369039616e-05,1.9007869837502813e-08,1.7744596393820707e-06,8.946786865540911e-08,0.9940573415627646
2221421,1,5,implicit_mmr,quant_only,0.03063180072225418,0.0005129180333751785,4.845198982240622e-07,0.00017308961107506373,5.582054659798249e-10,0.9686817065551919
2221462,1,3,implicit_mmr,no_method_signal,0.001426738837611598,2.2152390276760122e-05,1.71588717303607e-09,0.9984920146739165,5.3631581091190515e-06,5.3729224198974476e-05
2221465,5,5,quant_only,quant_only,0.2897670711116075,0.04725026322836358,3.5581208339064146e-06,0.05607190558013327,7.394888525306228e-05,0.6068332530738088
2221538,1,5,implicit_mmr,quant_only,0.0037923049797624637,0.0028302901910193614,4.450042473199372e-07,0.3127264869087745,9.697277776773816e-05,0.6805535001384285
2221574,0,3,explicit_mmr,no_method_signal,0.0809637128053004,3.2434621412110484e-05,9.111637133671179e-05,0.9125723040142164,1.9134607683231053e-06,0.006338518726965996
2221627,0,0,explicit_mmr,explicit_mmr,0.7958678653130954,0.0006856180045200794,0.00015874038793128024,0.07054989871595284,0.0033224594453688887,0.12941541813313143
2221637,0,4,explicit_mmr,qual_only,0.001219614138259594,2.2729668932877175e-08,1.0237673292751655e-08,0.00018293551272596797,0.9984253329200665,0.00017208446160577696
2221696,2,0,multi_method_not_mmr,explicit_mmr,0.6840441757032553,0.1790202171930752,0.03582870173555577,0.09060991357610873,0.00035247195776884186,0.010144519834236018
2221912,0,1,explicit_mmr,implicit_mmr,0.018976314031216152,0.9129224920169335,2.657305050802665e-08,0.0011150859549065337,0.06612493504833197,0.0008611463755614209
2222278,0,0,explicit_mmr,explicit_mmr,0.999999992261955,5.233286801806312e-10,1.665956582430763e-10,5.6663551235473695e-09,1.2866386180680788e-09,9.512694156515074e-11
2222293,0,4,explicit_mmr,qual_only,0.38723048402139254,0.02086141835271128,0.00014507127801638862,7.752740405831084e-05,0.4279963808543499,0.16368911808947156
2223907,0,0,explicit_mmr,explicit_mmr,0.7410484941899195,0.22636754753859903,0.026651049800885163,5.390911180622783e-07,0.001022238278571417,0.004910131100906834
2224674,0,0,explicit_mmr,explicit_mmr,0.9990409884526357,0.0008947061420427539,2.6049755786883477e-05,2.4821889999430285e-08,3.80823840821937e-05,1.4844356235809686e-07
2224675,0,0,explicit_mmr,explicit_mmr,0.9879603002628263,0.009705854167684198,1.5153888002988842e-05,1.4863492914817456e-07,1.1542604258431199e-06,0.0023173887861310627
2224857,0,0,explicit_mmr,explicit_mmr,0.9999097570194263,8.919704962139744e-05,3.885207563231084e-10,1.1532071177460769e-07,9.280416013859239e-07,2.180118512571187e-09
2225128,5,1,quant_only,implicit_mmr,0.0019251381142648954,0.9909723700840172,9.277257018817048e-10,0.0028459192362217654,0.0038897780107346935,0.0003667936270358314
2225209,2,1,multi_method_not_mmr,implicit_mmr,0.4130774724586005,0.5788785026464092,2.493872441881181e-08,3.406850651786801e-11,9.58316038580094e-09,0.008043990339036956
2225211,1,1,implicit_mmr,implicit_mmr,0.003638737075831866,0.9963302098418927,7.994395624848617e-09,1.0529415765488252e-07,2.7138826615306223e-05,3.8009671071297603e-06
2225255,1,2,implicit_mmr,multi_method_not_mmr,0.2591263529270231,0.00010766287162770828,0.4792376059522223,2.7912872699508776e-07,0.0005464463164161122,0.260981652803984
2225306,1,0,implicit_mmr,explicit_mmr,0.9999962242614081,3.7413929767913984e-06,4.6915374186348906e-11,1.6461370914011617e-12,6.273017988803933e-11,3.423432305837878e-08
2225381,0,0,explicit_mmr,explicit_mmr,0.9991896832920107,0.0007003847356248701,9.20467687835327e-08,5.464716785763471e-08,2.0419135965982844e-06,0.00010774336483102909
2228202,0,0,explicit_mmr,explicit_mmr,0.9997888069356518,6.760528696764748e-07,9.621065688539757e-06,4.3048811722363836e-05,1.440808434457366e-05,0.00014343904972341926
2228211,4,1,qual_only,implicit_mmr,0.03820279746222971,0.41668378954533225,0.0028913251940576755,5.045084463009114e-05,0.3107032706778588,0.23146836627589149
2234071,0,0,explicit_mmr,explicit_mmr,0.6968390313256844,0.009687422937320401,0.2780919825172373,3.195015424390197e-07,0.011646786558678943,0.003734457159536718
2234073,0,0,explicit_mmr,explicit_mmr,0.9987827374472397,0.000520308068666601,1.589480404552128e-05,4.019378595819431e-06,9.73756146767669e-05,0.0005796646867757304
2234074,0,0,explicit_mmr,explicit_mmr,0.66014819956361,0.2662257548760836,0.0004837648933694413,1.7692565990566338e-06,0.06283001583577666,0.010310495574561047
2234348,2,0,multi_method_not_mmr,explicit_mmr,0.9964912894500983,0.000597689394804303,2.7034777704072823e-08,4.312832277585894e-07,2.6199917559678713e-05,0.002884362919532372
2234633,0,0,explicit_mmr,explicit_mmr,0.9999994734960956,5.261939388404073e-07,4.9886338770227435e-12,2.689324149129768e-13,2.986378339538567e-10,6.070108157683485e-12
2235227,0,2,explicit_mmr,multi_method_not_mmr,0.0010975757329593858,0.013118160746001594,0.9837241725297274,1.4317794966727434e-10,0.0019436041774858223,0.00011648667064771886
2235241,1,5,implicit_mmr,quant_only,0.2921817072032553,0.016566661435560223,4.991243403687359e-06,7.272069212193176e-10,4.735049653214225e-06,0.6912419043409206
2235345,0,0,explicit_mmr,explicit_mmr,0.4996222318812647,0.006826734429014689,8.295437769625075e-05,0.04903398893689528,0.4159938114931161,0.02844027888201299
2235460,1,5,implicit_mmr,quant_only,0.0008480957403879057,0.001514270589808308,1.6538750224899242e-07,1.7791760659291586e-08,3.3745017889026885e-07,0.9976371130403621
2235461,2,0,multi_method_not_mmr,explicit_mmr,0.7353182248940955,0.0003599605847438409,0.0009009714792363385,0.001618555117571057,0.2617026905543101,9.959737004319115e-05
2235543,1,5,implicit_mmr,quant_only,0.043011426486002584,1.777486081892591e-05,8.310984454641111e-07,5.757403422473063e-11,1.7240981794077907e-06,0.9569682433989796
2235568,2,2,multi_method_not_mmr,multi_method_not_mmr,0.29010698325756057,0.11890731226336795,0.5280218105159259,0.020207242356610707,0.013288712737269098,0.02946793886926579
2235600,3,5,no_method_signal,quant_only,8.536567207517822e-05,0.0020781003422931216,2.7506619181787954e-06,0.49112750017522117,8.683402360285574e-06,0.506697599746132
2235774,5,0,quant_only,explicit_mmr,0.5323259122909119,0.46610785352521816,1.0452393097913452e-05,6.272180300238695e-08,4.258717724395135e-09,0.0015557148102514047
2235833,0,0,explicit_mmr,explicit_mmr,0.9999998519065052,1.2603875580204266e-08,4.4439188799722977e-13,2.822184167543425e-15,1.3548879428928822e-07,3.778008904622232e-13
2235957,0,0,explicit_mmr,explicit_mmr,0.9999983870402342,4.218970158870659e-09,8.135098371376297e-12,2.529748360985509e-13,1.6087105559606137e-06,2.1851730312985063e-11
2236075,0,1,explicit_mmr,implicit_mmr,0.22971583858894234,0.49758470862415544,1.2604263301985454e-06,8.148677857080833e-08,0.27269811084428985,2.950350204876785e-11
2236107,0,1,explicit_mmr,implicit_mmr,0.44826254134269145,0.5516680225662078,6.399329823028226e-05,3.279773296453174e-07,4.874263907995253e-06,2.40551632790443e-07
2236402,0,5,explicit_mmr,quant_only,0.0679885763338691,0.0001346480137118407,0.00025434325285971974,0.0018516046065048047,3.934524496309089e-06,0.9297668932685582
2236739,4,4,qual_only,qual_only,0.012984477941510579,0.10653736892981243,0.2068016410517942,1.6438657927027475e-05,0.6725570065332629,0.0011030668856930517
2237053,0,1,explicit_mmr,implicit_mmr,0.09230129414793233,0.9072885249871988,0.00019413983695367059,3.334830990816947e-07,7.031273937733952e-05,0.00014539480543879492
2237151,4,1,qual_only,implicit_mmr,0.04159367948977328,0.9574037297374464,8.079865721220677e-06,0.00032277354114329163,0.0006431694330320242,2.8567932883899615e-05
2237564,1,0,implicit_mmr,explicit_mmr,0.9624904165420339,0.030483407946561014,1.7069714763845906e-06,4.854904880011571e-06,1.8266857827453112e-05,0.007001346777220881
2237902,4,1,qual_only,implicit_mmr,0.17241883667748134,0.827522092249342,7.887345670558615e-06,1.6458947089741845e-06,1.722505492734291e-05,3.231277786967008e-05
2240951,1,0,implicit_mmr,explicit_mmr,0.8678273267417473,0.011585725923100976,4.540760543616642e-10,6.014777968650258e-08,2.4440770512947787e-07,0.1205866423255907
2241382,2,4,multi_method_not_mmr,qual_only,0.2828570937932839,0.0008959128134475189,0.00024215323485941162,0.00014187201764624533,0.7157905714895415,7.239665122143395e-05
2241766,0,2,explicit_mmr,multi_method_not_mmr,0.26456901987207,1.5818419759896821e-07,0.7343125614590073,0.0009795663988089727,5.358768210278146e-06,0.000133335317705859
2243017,5,1,quant_only,implicit_mmr,0.4327813979618452,0.5671082888286758,5.856901323842506e-09,4.790904640014299e-05,6.23961332546679e-05,2.1729227933871634e-09
2243018,5,0,quant_only,explicit_mmr,0.8976621895781519,0.09799184167089006,5.154367909895233e-06,0.004094248306593492,0.000245895785570022,6.702908847991795e-07
2243019,5,1,quant_only,implicit_mmr,0.0055865699817378165,0.9691875336930806,4.116687827513686e-09,0.024033551464227046,0.001190748435127374,1.592309139238376e-06
2243020,5,1,quant_only,implicit_mmr,0.005718168798813329,0.9919036729069967,9.568527090669849e-12,0.0023721037064716763,6.037704262520828e-06,1.687388716475476e-08
2243021,5,0,quant_only,explicit_mmr,0.5836638770274702,0.4161890625535847,3.5461851129128864e-09,0.00013861225256457693,7.983350231060888e-06,4.6126996436432076e-07
2243106,5,1,quant_only,implicit_mmr,0.02392580281383387,0.9760295523596652,9.241607734302952e-11,2.7127667498495604e-05,1.751706499215698e-05,1.5941477053750181e-12
2243107,5,0,quant_only,explicit_mmr,0.40464510152537136,0.2062521063183111,1.4200845484210535e-07,3.011922406028098e-05,0.3890714419818263,1.0889419761107941e-06
2243108,5,1,quant_only,implicit_mmr,0.008972114468662253,0.9909861483156738,4.067328322700066e-11,2.3183903445640492e-06,3.9418663116134934e-05,1.2152999082438167e-10
2243109,0,0,explicit_mmr,explicit_mmr,0.9605431120088963,0.039289599912428676,1.4152667139717927e-06,3.1696784381859795e-09,8.170178488593425e-06,0.00015769946379404174
2243288,0,0,explicit_mmr,explicit_mmr,0.9999734726699067,1.5940425893785792e-06,2.3564684083764302e-05,1.3684317254519254e-06,2.3826187297827972e-11,1.4786867112719093e-10
2243403,2,3,multi_method_not_mmr,no_method_signal,0.24972136064466352,0.21123033698099838,0.0002311725885790416,0.5323576456421476,0.006290030650947875,0.0001694534926634976
2243443,0,3,explicit_mmr,no_method_signal,0.00114472007487146,0.01295510777177253,5.624531565316017e-05,0.9764911536267754,4.472966549577512e-09,0.009352768737960907
2243457,0,0,explicit_mmr,explicit_mmr,0.9733396598175323,0.0001466994059020966,0.000316934051396123,0.02619219732509058,6.904394821769985e-07,3.818960596701898e-06
2243484,1,1,implicit_mmr,implicit_mmr,0.00022832601733729308,0.957342096878733,1.3162719093775323e-05,0.04088706113410576,0.0003996867171870288,0.0011296665335430798
2243510,4,0,qual_only,explicit_mmr,0.9969755475691864,0.0019420520053701088,8.325485743715498e-05,1.6016894470666264e-05,2.701018630776182e-07,0.000982858571672976
2243553,2,0,multi_method_not_mmr,explicit_mmr,0.9739716513626006,0.0005581983971199524,8.661188016948022e-07,0.025349143104807657,0.0001157633783444633,4.3776383255122875e-06
2243558,2,3,multi_method_not_mmr,no_method_signal,0.040971280556535955,4.289112477634532e-07,0.001471631629598117,0.9575381691315534,1.5966281682439508e-06,1.6893142896739274e-05
2244031,5,3,quant_only,no_method_signal,1.135873802944551e-10,0.0784307743402086,0.0008167814055170967,0.7600847021541147,2.093455171650524e-06,0.1606656485314005
2244323,0,5,explicit_mmr,quant_only,0.2840224630211294,0.04615573604102355,0.021586426413342755,0.0001225828643110102,0.06201685705010398,0.5860959346100894
2244342,5,4,quant_only,qual_only,7.626867100166957e-05,0.005136858525055569,1.2620460765362212e-06,0.04672697473519166,0.9295883021260486,0.018470333896626043
2244546,2,1,multi_method_not_mmr,implicit_mmr,0.004465844313781473,0.9510509601160653,0.0002013925065257874,0.004458543194457176,0.013019640476204153,0.026803619392966334
2246200,0,1,explicit_mmr,implicit_mmr,0.4585328451241077,0.5395517403109377,3.3103767530104405e-07,3.6291783514212065e-06,4.830547777264086e-06,0.001906623801150724
2247026,3,1,no_method_signal,implicit_mmr,0.00024397668318870653,0.9786669812715386,0.021024987612058843,1.875002217006464e-05,1.8437606555424854e-05,2.6866804488549237e-05
2247282,5,5,quant_only,quant_only,4.934343293768363e-05,8.677287995875327e-06,0.0018859264259237355,0.010795324557613818,3.201295135090969e-05,0.9872287153441779
2247283,5,5,quant_only,quant_only,1.477090783163581e-06,1.0164898856177201e-05,0.0367407239001151,0.0002451975064141037,1.0256917206908316e-05,0.9629921796866246
2247790,0,1,explicit_mmr,implicit_mmr,0.0012214234020535065,0.9960926757443477,0.0002849187465594651,1.7952717646322912e-05,9.20760512130896e-08,0.002382937313341864
2247809,4,0,qual_only,explicit_mmr,0.9933352970119591,8.57452286447112e-05,2.404864380531172e-07,7.494256364691939e-08,0.006577937913854875,7.044165396984757e-07
2247976,0,0,explicit_mmr,explicit_mmr,0.9433922802664837,0.0002316759238849911,0.011340904398772604,0.028519723877659196,0.01648983590008435,2.55796331151888e-05
2300233,0,0,explicit_mmr,explicit_mmr,0.5808992112128393,0.4038272284286438,0.00016553387931939113,6.271386791321566e-07,0.0004628039498236677,0.014644595390694815
2300291,0,0,explicit_mmr,explicit_mmr,0.9997610541397904,1.5464889462104806e-05,2.6609695155299217e-07,4.693462363121489e-12,9.921791798017234e-07,0.00022222268992234015
2300322,0,4,explicit_mmr,qual_only,0.23274906104136367,0.16639094699968873,0.0023103146052522667,0.0004953185936273897,0.5980519143934339,2.4443666340988345e-06
2300323,0,1,explicit_mmr,implicit_mmr,0.017106732527794002,0.49467933964458644,0.011142531185974405,7.743409104152209e-06,0.47706238878062207,1.2644519188818566e-06
2300376,0,4,explicit_mmr,qual_only,0.0068389029571325165,0.13249613685478348,0.016253894409644736,4.416680364556899e-11,0.8296898334613484,0.014721232272924
2300618,0,0,explicit_mmr,explicit_mmr,0.970645349479053,9.992886476528638e-05,0.027336777229911208,7.819215764839397e-05,0.0018397521553373103,1.1328479182380882e-10
2300619,0,0,explicit_mmr,explicit_mmr,0.9829195185048532,0.009182617511245111,0.00012297683752022462,6.574468261987581e-05,0.007709058321236783,8.414252474561438e-08
2300676,0,0,explicit_mmr,explicit_mmr,0.9894396037123765,0.004229386723018029,1.6073724406318534e-06,0.0009054310720747865,0.005331294727637682,9.267639245242888e-05
2300709,0,0,explicit_mmr,explicit_mmr,0.7644224490618935,0.2351307245278146,1.8804300594076763e-10,2.2455552530623143e-13,4.751399766442017e-07,0.00044635108204766954
2300710,0,0,explicit_mmr,explicit_mmr,0.9621362489831926,0.03729600329907071,1.5668015617586224e-08,1.145780380966201e-09,0.00033691824591077993,0.00023081265802986654
2300725,0,0,explicit_mmr,explicit_mmr,0.9953663173264938,0.004279258589236736,8.840287591340875e-05,7.596110422443467e-05,4.115570139762772e-06,0.00018594453399200115
2300744,5,5,quant_only,quant_only,0.0055370774283767426,0.08147603227963537,7.5020455218234615e-06,0.11239062597720581,8.281109919631045e-07,0.8005879341582682
2300747,1,0,implicit_mmr,explicit_mmr,0.9928778853997234,8.578221067111109e-05,0.007017200483339114,5.535376131294819e-06,1.3596518347572757e-05,1.1787210286473186e-11
2300927,0,0,explicit_mmr,explicit_mmr,0.9999991306839094,3.631521182431665e-08,1.23143946515551e-07,8.564875223029896e-11,7.097384390014808e-07,3.284432276864919e-11
2300977,0,4,explicit_mmr,qual_only,0.0013023221264252083,0.026321526177417082,1.5585411382628182e-06,2.0590872642674953e-10,0.9722527184656612,0.00012187448344943288
2301049,0,0,explicit_mmr,explicit_mmr,0.9886761222084347,1.920394396063179e-05,0.0033857544234289732,1.548853768427301e-08,0.00513644455419402,0.002782459381444203
2302112,1,1,implicit_mmr,implicit_mmr,0.013585788472216453,0.984790665993644,0.001615620175899057,7.254845306412844e-06,3.991431227699528e-07,2.713698113316154e-07
2306044,5,2,quant_only,multi_method_not_mmr,0.4551002361473114,0.002768673672597218,0.4568330061818292,0.03950448411357842,0.037165463210219164,0.00862813667446478
2306052,0,0,explicit_mmr,explicit_mmr,0.9349924121179164,2.2107930357020956e-05,0.0012457228304112084,8.55393687647552e-06,0.0637110035666524,2.0199617786268788e-05
2306053,0,0,explicit_mmr,explicit_mmr,0.999998005880787,1.3138573910369096e-06,2.442651585798557e-07,1.2172109199576753e-07,1.7800895263946615e-07,1.362666186838737e-07
2306099,0,0,explicit_mmr,explicit_mmr,0.9471919493800266,3.289855555070055e-05,5.342931936332317e-10,0.05154818241097233,0.0012235219064085858,3.4472127486109694e-06
2306262,0,0,explicit_mmr,explicit_mmr,0.9963252939638036,0.0025621020071868294,0.0003178755750608553,0.000216347236123312,2.63399687060677e-07,0.0005781178181385957
2306263,0,0,explicit_mmr,explicit_mmr,0.9974830532435677,2.5847165601224077e-05,9.747572664604402e-05,0.0008822576287417598,4.53975864508113e-07,0.001510912259578824
2306270,1,1,implicit_mmr,implicit_mmr,0.4101798649460959,0.5229351996289165,0.06459631140156932,0.0016965756302509474,0.0004552302099951062,0.00013681818317198125
2306271,1,5,implicit_mmr,quant_only,4.1035173063925904e-07,1.116178265194788e-05,5.403442603163843e-06,1.0845961805307018e-08,0.004676338397343879,0.9953066751797086
2306658,0,3,explicit_mmr,no_method_signal,0.03627292951904973,2.226846623411942e-06,0.0016574369940723025,0.6537564890666586,3.788744920814526e-06,0.3083071288286751
2308501,0,2,explicit_mmr,multi_method_not_mmr,2.8871425035789622e-06,2.6801450732184058e-09,0.9047132790560733,0.09413333711423907,0.00020537852140739747,0.0009451154856316147
2311493,5,3,quant_only,no_method_signal,0.07603364158030466,7.70587704477454e-06,4.965497455290422e-05,0.9193673737076214,0.003792180119909993,0.0007494437405662095
2313240,1,2,implicit_mmr,multi_method_not_mmr,0.4755454900569567,0.001765906158092706,0.5226343267907406,1.1117348724435642e-05,3.633130158531263e-05,6.828343900279928e-06
2313241,1,0,implicit_mmr,explicit_mmr,0.9969716489706661,3.894506203936538e-05,0.0029745869306294853,1.9114475775733254e-06,5.925323531476283e-07,1.2315056734441287e-05
2313369,3,3,no_method_signal,no_method_signal,0.12239561077624364,0.0037652944448693503,0.0018843511954930747,0.7796026006393679,0.09234218076911221,9.962174913877994e-06
2313418,0,3,explicit_mmr,no_method_signal,0.0027766885075920077,0.013355923445969156,6.59665717530128e-05,0.7181106517262501,0.1778793427388754,0.08781142700956038
2313440,1,0,implicit_mmr,explicit_mmr,0.9682531182960343,0.031404628986596524,5.650056522793896e-05,7.945173862846395e-09,0.0001023998372426133,0.0001833443697248152
2313850,1,0,implicit_mmr,explicit_mmr,0.6653607154618594,0.33411302088234285,4.338794121676951e-08,0.0004472695702999717,4.158046379870445e-05,3.7370233757923564e-05
2313972,1,0,implicit_mmr,explicit_mmr,0.9978242156567524,6.178930231635308e-05,0.0007270544368143321,3.444358500687392e-07,0.0013785674186824466,8.02874958429082e-06
2313979,2,1,multi_method_not_mmr,implicit_mmr,8.515152550519352e-05,0.9990804196382916,1.2948079693586865e-07,3.0180383757688244e-05,0.0003842552480694952,0.0004198637235791478
2314075,1,0,implicit_mmr,explicit_mmr,0.9666695383508593,0.03325418141545145,4.380513587414293e-09,1.2729400951112576e-06,8.09491506957467e-09,7.499481816547517e-05
2314089,0,0,explicit_mmr,explicit_mmr,0.9997271750895457,0.00027143828741121146,1.0957101411439835e-10,1.5134587837470055e-08,2.071694529878136e-09,1.3693071896065244e-06
2314107,0,0,explicit_mmr,explicit_mmr,0.9602880794149996,4.2129454511204275e-06,0.0306242185314563,6.687770995251945e-05,0.00901586283570953,7.48562431050171e-07
2314109,2,1,multi_method_not_mmr,implicit_mmr,0.0478401738174463,0.9301470184828058,2.070528994100781e-06,0.0037093125318744635,1.603746380293982e-07,0.01830126426424115
2314112,4,4,qual_only,qual_only,0.0022067099008853228,0.0006116635637990591,0.0002595631348705947,0.00048505533239349643,0.9964369921469497,1.5921101738545417e-08
2314144,1,0,implicit_mmr,explicit_mmr,0.46343588798949364,0.14971254488703445,0.01706723464848892,0.0003097895712207714,0.36933685388694276,0.00013768901681952044
2314238,1,0,implicit_mmr,explicit_mmr,0.8926380464098903,0.02535028382521503,2.9004125245688605e-06,7.834838907166767e-08,0.07941331303301924,0.0025953779709616373
2314844,0,0,explicit_mmr,explicit_mmr,0.9025889150652691,0.00015940876163589968,0.02970124061905414,2.9486630122348743e-08,7.857931599568366e-06,0.06754254813581104
2315023,4,0,qual_only,explicit_mmr,0.9996884765912034,0.0003097716148925396,1.4472803094137593e-10,2.5556603721632655e-09,4.271848702751263e-07,1.3219086454669124e-06
2315024,4,0,qual_only,explicit_mmr,0.997762917494982,7.0569494288707874e-06,1.990765173099084e-06,2.0744007014156589e-07,6.378303564650092e-05,0.0021640443146992714
2315095,1,0,implicit_mmr,explicit_mmr,0.9925040617911558,0.0026232837597412045,1.5330816513871974e-08,6.389678216731816e-08,0.004872571390863856,3.830640524070938e-09
2315124,0,4,explicit_mmr,qual_only,0.03127689158669334,0.060972695351203025,0.0007008616542555868,0.0029383665021144416,0.845941378213421,0.05816980669231264
2315277,0,0,explicit_mmr,explicit_mmr,0.9999830270731096,1.5918817441569772e-05,4.128916899070477e-07,1.5152464004177097e-07,2.2520836998169682e-07,2.644847491202124e-07
2315353,1,1,implicit_mmr,implicit_mmr,0.0014623108755773663,0.9951396025516261,3.505137776846025e-05,0.0014716869619973247,0.001735907496777088,0.00015544073625372594
2315532,0,0,explicit_mmr,explicit_mmr,0.8595272578375018,0.1279964020670664,0.00010382837319611194,1.4885220982930662e-07,0.011871196673011076,0.0005011661970149991
2315617,0,1,explicit_mmr,implicit_mmr,0.0008948049980655113,0.9982760279120785,0.00042895996431240046,3.973456157848796e-06,0.00017402841254068692,0.0002222052568449527
2315626,5,5,quant_only,quant_only,1.9139387705613844e-05,4.753306713118323e-06,1.5162260372598522e-06,1.3315956413839673e-07,8.78260970019827e-08,0.999974370093883
2315647,5,5,quant_only,quant_only,0.0002766349454605659,0.0015723181937154272,0.00041346927714523815,0.0001407293499155739,2.590001440324059e-07,0.9975965892336192
2315763,0,0,explicit_mmr,explicit_mmr,0.999731717472226,0.0002555686343021981,1.7734297789352608e-06,2.0112018465607613e-06,2.60364401161611e-08,8.903225405989044e-06
2315912,0,4,explicit_mmr,qual_only,0.1144164137784103,0.010308479615557208,0.007633350780363186,0.01241177287005238,0.8394647360406452,0.015765246914971706
2317283,4,0,qual_only,explicit_mmr,0.9984085362364177,0.0015709233594596395,1.0606330661319647e-12,1.556307402304681e-05,4.040053877318011e-06,9.372751617167798e-07
2317318,4,4,qual_only,qual_only,3.946046722299737e-05,2.360035717815831e-06,3.168598907634747e-08,0.0006297622617400169,0.9993281283468308,2.572024993667857e-07
2317319,4,4,qual_only,qual_only,0.0029648785920018176,0.00041640945279535684,1.8512382466478902e-06,2.2349509641121486e-06,0.9966146174168632,8.349128890220846e-09
2317747,0,0,explicit_mmr,explicit_mmr,0.9963566248312199,3.801370878234305e-05,0.0030996930850983994,0.000505140327024003,4.6821978746727305e-07,5.982808794384031e-08
2317780,0,0,explicit_mmr,explicit_mmr,0.9834577808011142,6.5270011747587354e-06,3.867188109572215e-06,2.493338498331182e-05,0.016506495400686466,3.9622393186597727e-07
2317969,2,4,multi_method_not_mmr,qual_only,0.09347377432877142,0.004175286840502447,0.000417882325123475,3.089253571342297e-05,0.9019015082384052,6.557314838857316e-07
2318158,0,1,explicit_mmr,implicit_mmr,0.0007295416710259885,0.9773029618300226,1.0189862157061915e-06,0.01994863510168276,0.0008385669753281604,0.001179275435724603
2318178,0,1,explicit_mmr,implicit_mmr,0.2775086061810842,0.7087317900316961,8.393904518113769e-06,8.790213693789099e-07,0.006216207721489089,0.0075341231398429395
2318264,1,0,implicit_mmr,explicit_mmr,0.8234505348813321,0.09486143754056285,2.3319579095533674e-08,1.6961703421515435e-06,4.699274705033441e-05,0.08163931534113321
2318415,0,1,explicit_mmr,implicit_mmr,0.013214289151602924,0.9718129088244392,1.499512508332491e-06,0.007287875689249803,0.00760696746990318,7.645935229675464e-05
2318849,4,4,qual_only,qual_only,0.2803478196784889,0.010495316320458995,2.5093462835864654e-05,0.0035397214942779497,0.6548875522692823,0.050704496774656105
2320947,0,1,explicit_mmr,implicit_mmr,0.20937074985048656,0.7688655925187269,0.0020311057512677807,1.3926048881717513e-05,0.019611736138871873,0.00010688969176490033
2321179,0,1,explicit_mmr,implicit_mmr,0.017643057657459927,0.781038619752289,1.2829680123567291e-05,6.850364921492527e-09,1.8811075866043306e-05,0.2012866749838966
2321205,0,0,explicit_mmr,explicit_mmr,0.9957568157818677,0.00022389280485972613,0.0040186324968680895,4.313024749019156e-07,1.839263722296047e-07,4.368755721428137e-08
2321218,1,0,implicit_mmr,explicit_mmr,0.9773399502249593,0.0033506582967525824,7.521100506473082e-06,4.0465860241831896e-07,0.01930071744069601,7.482784832294356e-07
2321219,1,0,implicit_mmr,explicit_mmr,0.9886342217747351,0.002004460847596865,3.375012501075518e-05,1.4004736346433404e-06,0.009319354134092614,6.8126449299258685e-06
2321243,0,0,explicit_mmr,explicit_mmr,0.9740121120729264,0.025987209179237362,4.539133714610856e-08,8.541344816205689e-11,5.789172581684706e-07,5.4353827482523984e-08
2321390,0,5,explicit_mmr,quant_only,0.03828022342110669,0.010303411178810793,1.3965923760667377e-05,0.0006012535459020203,6.778794717464443e-08,0.9508010781424726
2321391,0,5,explicit_mmr,quant_only,0.13602876371012323,0.1888371009407077,8.428881241803289e-08,6.423955205899898e-05,1.9831141877659818e-07,0.6750696131968789
2322250,4,4,qual_only,qual_only,0.007245230773126514,0.4393227740195947,0.003181126679732969,0.0006161374780210871,0.45975595521594986,0.08987877583357486
2323131,5,1,quant_only,implicit_mmr,0.012162853755102381,0.6972224938024797,5.1840501238536704e-08,6.130199451371008e-06,0.0028576303825418366,0.2877508400199235
2324575,2,2,multi_method_not_mmr,multi_method_not_mmr,0.11451407717212896,1.1687260317688489e-07,0.8836178445416276,0.0008309615244843712,3.023263220495157e-07,0.001036697562833842
2325989,1,4,implicit_mmr,qual_only,7.702854188161449e-05,0.230424767657816,1.8256548957828867e-05,0.2825342263641049,0.4722037369154512,0.014741983971788495
2326588,1,5,implicit_mmr,quant_only,0.04005606342491216,0.20119447663644818,5.889930279326093e-07,7.638887531193913e-08,0.002299746938924912,0.7564490476178114
2327314,1,0,implicit_mmr,explicit_mmr,0.9998019778479144,9.225314409489725e-05,5.825875746317461e-06,1.1595263791273113e-05,1.191863606515711e-05,7.642923238789866e-05
2327420,4,0,qual_only,explicit_mmr,0.9999834760914104,7.131596469117259e-06,3.5275275861542177e-07,1.9045809708551943e-06,5.11634378108968e-06,2.018634609766855e-06
2327488,4,0,qual_only,explicit_mmr,0.9988225372749482,5.405939293252718e-06,7.338111193136955e-08,2.4796513291265305e-07,0.0009308991747129907,0.0002408362648006285
2329579,2,0,multi_method_not_mmr,explicit_mmr,0.7912118129714923,0.002347445474345647,0.13046259182711367,0.0005488307534464837,0.07525391304550204,0.00017540592809987802
2330963,0,0,explicit_mmr,explicit_mmr,0.9997473891944288,0.00017945947582579232,4.447302952792089e-09,5.526062495382821e-06,4.173421066731561e-08,6.757908573639988e-05
2332167,5,0,quant_only,explicit_mmr,0.9699750491205124,0.02939841200013002,0.00021460433163739357,0.00041048834404636283,1.4252077841903846e-08,1.4319515961152704e-06
2333764,2,4,multi_method_not_mmr,qual_only,3.8435911341420484e-06,1.0570015201110909e-05,6.53327341342314e-06,0.07665311830656876,0.9233257703016247,1.6451205786416414e-07
2333959,4,1,qual_only,implicit_mmr,0.05501298531944164,0.8310665441096478,0.10290475141165814,0.00044307697630556356,0.009031106714586725,0.0015415354683602188
2334693,0,0,explicit_mmr,explicit_mmr,0.9629065706618901,0.036934738920520176,0.00015536509522591377,1.0694030949784966e-06,2.2556772654359978e-06,2.42003629183909e-10
2335625,2,2,multi_method_not_mmr,multi_method_not_mmr,9.43896553880322e-06,0.00030975128563895344,0.9120446192698055,4.862411129515868e-05,0.08758708015317507,4.862145465579334e-07
2335725,5,5,quant_only,quant_only,0.30541563429222685,0.028712668639671295,6.226268003885808e-05,5.413942813086073e-09,0.008620794949278188,0.657188634024842
2336135,0,0,explicit_mmr,explicit_mmr,0.9999858109740934,4.093020916558399e-06,1.2449233269221988e-07,3.476035229542595e-11,6.1501094412376746e-12,9.971471746666124e-06
2336136,0,0,explicit_mmr,explicit_mmr,0.9930659484365363,0.00017790661896587983,1.5086077656404231e-06,2.7317327350372747e-09,8.43401201852837e-09,0.006754625170987539
2336456,3,3,no_method_signal,no_method_signal,0.12231158877815754,0.0016456047532195388,2.479253714130636e-07,0.6542783995166352,0.21204338193747937,0.009720777089137012
2336683,3,5,no_method_signal,quant_only,0.0003777683016009473,9.473637742915359e-06,0.04317453339421808,2.0738588970511003e-06,8.169064914871109e-05,0.9563544601583923
2336910,1,0,implicit_mmr,explicit_mmr,0.9997441191241891,0.00025198731839442466,1.9725186784361914e-06,1.5526238724655062e-07,1.3775559253067888e-07,1.6280207581220835e-06
2336911,1,0,implicit_mmr,explicit_mmr,0.9999969871236825,1.5551011818291319e-06,5.1420289073871467e-08,1.553087734572584e-08,1.2358273190082046e-06,1.5499665029701565e-07
2336912,1,0,implicit_mmr,explicit_mmr,0.9999839642978241,1.5460662063757703e-05,1.7380668635242085e-08,8.788765244146014e-10,4.874056015804303e-07,6.9374965412118e-08
2337003,0,4,explicit_mmr,qual_only,0.2774126307089726,0.005548502959378073,0.0006274627275382387,2.884637161749068e-08,0.7163531233984805,5.825135925909524e-05
2337016,0,4,explicit_mmr,qual_only,0.04162653392872806,0.1362168818312068,0.0006207005747040304,5.668991277967057e-06,0.7698075350388693,0.05172267963521373
2337017,0,1,explicit_mmr,implicit_mmr,0.26543874845882365,0.7341489051232988,6.438762120222245e-06,3.2522577181364078e-06,0.00021105171991155465,0.00019160367812748365
2337018,0,5,explicit_mmr,quant_only,0.020840664995845463,0.02753395434265267,0.0006275414925108664,2.1285759581932024e-06,0.0006723770814654617,0.9503233335115674
2337019,0,0,explicit_mmr,explicit_mmr,0.4546179547111169,0.41281118063013494,0.00011067848367031075,0.0010579955503797606,0.0002450017810273209,0.1311571888436708
2337020,0,1,explicit_mmr,implicit_mmr,0.04184373471219086,0.9557432512560808,5.9775156943672645e-06,2.607560305341174e-06,0.0018939740874999815,0.0005104548682285754
2337021,0,1,explicit_mmr,implicit_mmr,0.005533794610967663,0.9936524087809133,9.76440823119721e-07,4.54668357039865e-05,0.00025587137203955164,0.000511481959552489
2337142,0,0,explicit_mmr,explicit_mmr,0.9923053070934434,0.0001079260051025004,0.007585589233945991,6.86008192772292e-09,1.3590527943926617e-10,1.1706715210430064e-06
2337143,0,2,explicit_mmr,multi_method_not_mmr,0.31568716371728406,0.0001323158443870926,0.6820459995219588,2.9771581515851736e-08,7.773288956252108e-07,0.002133713815893034
2337144,0,0,explicit_mmr,explicit_mmr,0.9980813640415275,3.12235166232188e-05,0.0018522131945545729,7.067538887627798e-08,4.737503369391029e-09,3.512383440250505e-05
2337145,0,2,explicit_mmr,multi_method_not_mmr,0.021930920819214945,0.00038056316722982547,0.9775956025506091,1.4910289680445533e-06,9.301835544358858e-07,9.049225042367816e-05
2337146,0,0,explicit_mmr,explicit_mmr,0.9998530280365959,6.909867293740193e-07,0.0001455835025552258,1.6675912085167294e-11,1.9711779395350014e-10,6.972603258439347e-07
2337247,0,1,explicit_mmr,implicit_mmr,0.03356682928097853,0.966305146501494,8.159091304658238e-09,7.206076072748654e-05,2.824722256742368e-05,2.7708075141065773e-05
2337612,1,0,implicit_mmr,explicit_mmr,0.9982563936265916,0.0017417815153064212,1.8107601466284181e-06,1.209965940785402e-11,9.463831231163904e-09,4.622024622700116e-09
2337709,4,4,qual_only,qual_only,0.00022139125363468631,0.0010657972949751125,1.9376909630217453e-08,4.3582242441945564e-07,0.9987123554060214,8.460347041305716e-10
2339289,0,2,explicit_mmr,multi_method_not_mmr,4.522638391515662e-06,3.5384582405503256e-06,0.7624756975263208,0.167773339855939,3.1361845547875617e-06,0.06973976533655317
2339702,0,1,explicit_mmr,implicit_mmr,0.00048012490672141194,0.6892615195136237,1.197362020917021e-05,6.033669227223492e-06,0.004022070047151089,0.30621827824306747
2340576,1,0,implicit_mmr,explicit_mmr,0.9999646008100213,3.536384312590411e-05,2.752833490543001e-10,1.8183200294101146e-10,1.8338765665968826e-08,1.655097176026129e-08
2342574,0,1,explicit_mmr,implicit_mmr,0.02746500333543269,0.96922751851053,9.244527732585126e-05,0.001491835483235298,0.0017207842098830527,2.413183593238887e-06
2342624,1,0,implicit_mmr,explicit_mmr,0.9769408254111505,0.023058866666872582,7.932221301296147e-10,1.1355308464937707e-08,2.208885998893954e-07,7.488484641045748e-08
2342625,1,0,implicit_mmr,explicit_mmr,0.942227067038041,0.057770179184850265,3.7182458814343476e-09,2.992486650702385e-07,1.0311459906461053e-07,2.3476955984534382e-06
2342626,1,1,implicit_mmr,implicit_mmr,0.3211274008988512,0.6779623692777151,3.366757075349793e-07,9.133586031968887e-08,3.768734389507892e-07,0.0009094249384270532
2342627,1,0,implicit_mmr,explicit_mmr,0.8007489887043445,0.19923672059341307,8.316293350262163e-08,3.865065713447714e-07,1.174667931602959e-05,2.0743534213754002e-06
2342766,0,0,explicit_mmr,explicit_mmr,0.9714042107614757,0.027477117544835356,2.4720467632435152e-05,1.1987570931389844e-05,1.5966277866913096e-08,0.0010819476888470065
2344789,1,0,implicit_mmr,explicit_mmr,0.9998559144208911,0.00011957026392758962,5.876543698764931e-07,2.9603153046493917e-09,2.391881980746826e-05,5.880688628662364e-09
2344790,1,0,implicit_mmr,explicit_mmr,0.999947950880535,3.118629735082471e-05,1.058228483537745e-06,3.298106204524575e-09,1.980117851329704e-05,1.1701088967259682e-10
2344791,1,0,implicit_mmr,explicit_mmr,0.998001956126048,0.0017597624916843811,6.694658969798993e-08,1.597231612671504e-09,0.00023821273902378928,9.942268986377665e-11
2344792,1,0,implicit_mmr,explicit_mmr,0.9925192103141597,0.0032507343338800503,0.0027768727333556857,1.8989540248561579e-06,0.001451210709506006,7.295507370851759e-08
2344793,1,0,implicit_mmr,explicit_mmr,0.9959508310328762,0.0040433228037451766,1.2980620316408231e-06,9.181499167245704e-07,3.629623674374558e-06,3.277558768856086e-10
2344794,1,0,implicit_mmr,explicit_mmr,0.9993388084967829,0.0006275596534755324,1.1040153613881385e-05,1.2134410092080205e-07,2.231697221290561e-05,1.5337981400427635e-07
2344795,1,0,implicit_mmr,explicit_mmr,0.9970317183747762,0.0023385345500624593,0.00024967168950219154,6.947774756805199e-07,0.0003790777637917669,3.028443917557774e-07
2344854,2,0,multi_method_not_mmr,explicit_mmr,0.9993068812079766,0.00014421501339446878,0.00015441986800256936,3.413994906736401e-07,0.0003481816664505314,4.596084468485231e-05
2344942,0,0,explicit_mmr,explicit_mmr,0.5773496535411526,0.4196438356133448,8.958510492450339e-05,6.365578317143598e-08,0.002724812132634503,0.00019204995216046128
2344947,2,2,multi_method_not_mmr,multi_method_not_mmr,0.11977009011114718,0.005898615821367205,0.582669999962698,0.0011842804314259197,0.28924065484895395,0.0012363588244079014
2344960,2,4,multi_method_not_mmr,qual_only,0.011032798854185325,9.635549814748724e-05,0.04715589993832453,0.000261717286692631,0.829869827028463,0.11158340139418689
2345042,1,4,implicit_mmr,qual_only,0.0013861008668075475,0.0003219048772793433,7.602568353276761e-09,0.012543881267460866,0.9857480936504187,1.1735465146669161e-08
2345094,0,3,explicit_mmr,no_method_signal,0.007905000178752076,0.0006227241370054702,6.838036538829219e-05,0.9386313368740133,0.05255679164289673,0.000215766801944274
2345114,0,5,explicit_mmr,quant_only,0.020150732313594183,0.02131302820215807,0.41991524452174267,0.09384251960480852,0.008804378352971516,0.435974097004725
2345129,1,0,implicit_mmr,explicit_mmr,0.999983163141676,1.372916828552766e-07,9.038353670890111e-08,1.2657757284126325e-09,2.0313651079330122e-08,1.658760367753899e-05
2345187,0,0,explicit_mmr,explicit_mmr,0.9999980838173563,2.7596029701230212e-08,1.519609894439687e-06,3.6861156875012204e-07,1.8372115111175746e-10,1.8142971795157446e-10
2345204,2,0,multi_method_not_mmr,explicit_mmr,0.9188724785246917,9.272625320564583e-05,7.392043432836921e-08,1.544844557001639e-08,0.018806414904581965,0.06222829094864076
2345377,5,0,quant_only,explicit_mmr,0.9989169841392311,0.0005690274658006105,9.149787039582687e-05,1.0624427270356595e-06,0.00040472011248949603,1.6707969356026364e-05
2345378,0,0,explicit_mmr,explicit_mmr,0.9976983625609684,0.00023644909550839062,0.00012366731173189122,6.775555851248434e-10,1.237099396744476e-05,0.0019291493602681697
2345607,3,4,no_method_signal,qual_only,0.0036596533475995556,0.0013683767106572114,0.14574181335044498,0.014931984437530339,0.7421652379481776,0.09213293420559038
2346653,0,0,explicit_mmr,explicit_mmr,0.9999990094522739,8.093302753728252e-07,9.865648201227146e-12,2.9952137970409244e-13,1.8120724067636085e-07,4.4915933704010325e-14
2346868,4,0,qual_only,explicit_mmr,0.9637797608269543,0.020632435510670104,5.202193241402139e-07,4.087451289895907e-05,0.01554501496743086,1.3939627219146513e-06
2347820,1,0,implicit_mmr,explicit_mmr,0.7541461368295646,0.244613457227603,0.0012305698187784543,1.425409806870031e-06,6.599484170858302e-06,1.8112300762828224e-06
2347821,1,0,implicit_mmr,explicit_mmr,0.9496157264929883,0.050381484991398474,2.6249613154682926e-06,3.377525184432495e-08,1.2806602232540462e-07,1.7130234421945782e-09
2348080,4,5,qual_only,quant_only,0.32045039038049344,0.2955019609807147,2.6864956729609567e-05,0.0008738147280358429,0.0002884096028150775,0.3828585593512115
2348081,4,1,qual_only,implicit_mmr,0.00011457703169830194,0.9902919381496816,1.0637055775354194e-06,0.000623480189514569,3.5053955943469403e-06,0.008965435527933547
2348082,4,0,qual_only,explicit_mmr,0.5912005750837759,0.035236878343888105,2.4380477150906487e-08,0.001289645638327949,0.0009044536827705889,0.3713684228707604
2348835,0,1,explicit_mmr,implicit_mmr,0.003506053034018884,0.9277866377531769,1.6669480757402082e-06,0.06386385925478606,3.1432749780354044e-06,0.0048386397349642046
2349657,2,3,multi_method_not_mmr,no_method_signal,5.33946733767616e-05,3.4849681944341574e-06,0.006667323924708064,0.9924179367532681,7.78534035352746e-06,0.0008500743400992756
2349722,5,3,quant_only,no_method_signal,5.199296206343738e-06,5.783800441571581e-05,7.330720998075996e-05,0.9881297883360435,0.00011326133912793069,0.011620605814225717
2350382,0,1,explicit_mmr,implicit_mmr,0.00897154143679196,0.990926756992777,8.017258824732463e-05,2.5090523777054687e-07,2.127081826293382e-05,7.258682785615913e-09
2350410,0,1,explicit_mmr,implicit_mmr,0.06489019806049308,0.9336895980335339,7.310805424788144e-09,1.0801195791483783e-07,0.0013306187344364708,8.946984877323034e-05
2400347,5,3,quant_only,no_method_signal,0.2747856432379165,0.24202333459174522,5.124161573441375e-09,0.47726446161175423,1.4258342790584778e-07,0.005926412850994683
2400411,5,4,quant_only,qual_only,6.384527172477228e-06,1.0779738130432847e-06,2.2972215453529214e-09,1.3064731252207938e-11,0.9984565523579754,0.0015359828307528807
2400428,1,1,implicit_mmr,implicit_mmr,0.12107085771072133,0.5592152468514395,2.9038989810686354e-06,1.3890200189748423e-06,2.4081284922086093e-05,0.3196855212339169
2400478,0,5,explicit_mmr,quant_only,2.4358281982985826e-05,0.12212283651409665,6.309585734011365e-05,0.3047383192861507,2.2207896869392337e-05,0.5730291821635602
2400767,2,1,multi_method_not_mmr,implicit_mmr,0.002232493635961923,0.9641838716287144,2.4774639921695447e-05,1.181143493142604e-08,0.03350615060233341,5.2697681633591314e-05
2400781,5,1,quant_only,implicit_mmr,0.2781172521856684,0.5574560138515364,1.6588921828211842e-06,4.273215828149935e-09,5.572803147595409e-05,0.16436934276592058
2400782,5,5,quant_only,quant_only,0.05048191456712176,0.16374288901535616,7.213835709547549e-07,3.6057978633806955e-11,1.4271853536994228e-07,0.7857743322793578
2400783,5,5,quant_only,quant_only,0.00385372300310522,0.09410141997083059,2.4766061488419325e-06,8.741274140500267e-09,0.0003338573455417298,0.9017085143330995
2400784,5,1,quant_only,implicit_mmr,0.07653098960651569,0.8235806915206862,9.039313161989411e-08,3.211023022412515e-08,0.004874145502990524,0.09501405086644549
2400805,1,1,implicit_mmr,implicit_mmr,0.006383882049675092,0.9549070629167407,0.0011430512547277263,0.01887095598258514,0.00508112651118365,0.013613921285087495
2403932,0,0,explicit_mmr,explicit_mmr,0.9996166026828713,1.6194624337854026e-09,3.1208329579427015e-08,1.2238078250291958e-10,0.0003806344799030421,2.7298870526614666e-06
2403963,0,0,explicit_mmr,explicit_mmr,0.9998934906835887,7.553633056797241e-05,1.175661188183168e-10,9.746629425739466e-13,3.072983327554522e-05,2.43034026979645e-07
2404263,0,5,explicit_mmr,quant_only,0.00042136334278374834,0.16832579082479063,4.529717780401023e-05,2.2395369409652158e-05,0.001632612787315018,0.829552540497897
2404264,0,1,explicit_mmr,implicit_mmr,2.7854264662801923e-05,0.8338178514419639,1.467971932483381e-05,7.554127353500903e-06,7.910111797986171e-07,0.16613126943551512
2404553,0,0,explicit_mmr,explicit_mmr,0.9972692639226189,0.00017268437662578865,0.0011538240570068102,1.956132853699063e-09,0.0014034225803431749,8.031072725871907e-07
2404797,0,0,explicit_mmr,explicit_mmr,0.979856891848411,0.0023693838904519024,0.0015249091072111105,0.0005440713831924546,0.011053490698303088,0.004651253072430428
2404929,0,0,explicit_mmr,explicit_mmr,0.9856346657724542,0.00013986678822276925,2.862180021521454e-05,3.3037430890246604e-07,0.014196502743853302,1.2520945483638152e-08
2405120,2,1,multi_method_not_mmr,implicit_mmr,0.28213158735377103,0.6758456644592132,3.055420113807343e-05,3.346701763356092e-07,0.03840005242315937,0.0035918068925419994
2405224,1,0,implicit_mmr,explicit_mmr,0.8047979681766204,0.1951006750578919,9.82745718952377e-06,2.3026534317150776e-08,3.8970414973001634e-05,5.2535866790833626e-05
2405225,1,1,implicit_mmr,implicit_mmr,0.0026206548849065105,0.9972965492668813,8.783860975991941e-08,2.8419690543748783e-08,7.80713855746083e-05,4.608204337349202e-06
2405230,0,0,explicit_mmr,explicit_mmr,0.9065533365858381,0.09344513896968355,6.613701118495711e-08,1.2389702441435572e-06,2.1922401171889665e-07,1.1321118343275389e-10
2405431,4,0,qual_only,explicit_mmr,0.9999894545151506,5.0059718255773625e-08,1.0411503687246035e-05,1.106833262412516e-09,8.280871253218942e-08,5.898062713866421e-12
2405487,4,1,qual_only,implicit_mmr,0.00018858085772301196,0.9996967534019172,9.287933536795981e-07,5.647354894308508e-09,0.00011291431935842265,8.169802928355084e-07
2405747,4,0,qual_only,explicit_mmr,0.9984089730376946,3.132301521598569e-05,4.039509684434773e-09,2.672812987765637e-05,0.0015328999948937567,7.178280835667892e-08
2405785,0,0,explicit_mmr,explicit_mmr,0.9998170617000126,5.620756144005e-05,0.0001266464412921249,7.163546769958049e-08,9.050156711774258e-09,3.6116304369336226e-09
2405786,0,1,explicit_mmr,implicit_mmr,0.330530989143355,0.6694610760390584,2.524149090893904e-07,7.5104949478825905e-06,1.5349754350412964e-08,1.5655797532533194e-07
2406660,5,5,quant_only,quant_only,5.814575318087554e-06,2.5894197299849287e-06,0.0021923621101231873,5.390947781771549e-07,2.8793376447649147e-09,0.9977986919207129
2406960,0,4,explicit_mmr,qual_only,0.12290571271285675,0.0009318191664656501,0.0809876479940946,0.16392853111929234,0.6273084541304829,0.003937834876807741
2407013,0,1,explicit_mmr,implicit_mmr,0.130015272608544,0.8699766154988502,1.1300945640644357e-06,2.9995371668853044e-07,1.2648577775443016e-10,6.68171783905361e-06
2407014,0,1,explicit_mmr,implicit_mmr,0.13958229091198382,0.860319140058585,3.415865353964809e-05,2.367043021412091e-06,5.020076777570997e-07,6.154132519230506e-05
2407134,0,4,explicit_mmr,qual_only,0.02517693868860503,1.8358422066381858e-06,2.7804225214402212e-05,0.004984612996643578,0.9698082637408826,5.445064478407654e-07
2407135,0,4,explicit_mmr,qual_only,0.011866415222315166,1.1124963016553934e-05,0.00011466998660704203,0.00023522025182003898,0.9877715097318269,1.0598444143346822e-06
2407294,0,1,explicit_mmr,implicit_mmr,0.18575803773647767,0.562337441370899,0.00012046720075676669,0.00032291662705008365,0.15650384539458995,0.09495729167022647
2408969,0,0,explicit_mmr,explicit_mmr,0.9964610362827391,0.003530732887452672,6.64234486837108e-06,2.3927132373937833e-12,8.616955737630453e-07,7.267869737585607e-07
2409848,0,0,explicit_mmr,explicit_mmr,0.9935424632604735,0.005195774441961064,6.419074864650368e-07,0.0009875012619758768,7.495688730720446e-06,0.0002661234393725232
2409905,4,5,qual_only,quant_only,0.13777174460881955,0.12317328473046661,0.00010090329166632855,0.0061429918379151335,0.04771417479137031,0.685096900739762
2411129,4,0,qual_only,explicit_mmr,0.9999999694838078,1.0031946752720308e-08,4.69358550301051e-11,5.38861448733395e-12,2.8093860422626053e-10,2.015098243342547e-08
2411326,0,3,explicit_mmr,no_method_signal,0.0010202715139552192,0.005093067957394253,2.2593909766038246e-06,0.9878797350562797,0.0003511395394475686,0.005653526541946764
2411524,0,0,explicit_mmr,explicit_mmr,0.9999994932323487,1.7978591125776426e-08,2.9291063910471663e-13,9.020012110057934e-15,4.885021746336947e-07,2.865835508258101e-10
2411535,4,0,qual_only,explicit_mmr,0.4007403398487643,0.0001684204361762181,0.0004346701817066052,0.37435924741071613,0.223931787074335,0.00036553504830184994
2411594,1,0,implicit_mmr,explicit_mmr,0.9159028391018876,0.003486068624683337,2.5217654880842767e-07,1.3445732248405834e-05,0.0805973848572638,9.507368171082353e-09
2411595,1,0,implicit_mmr,explicit_mmr,0.8549648362559603,0.10306219621207784,0.00021162393312314435,3.7515726574402505e-06,0.041695475078079025,6.211694810234101e-05
2411711,4,0,qual_only,explicit_mmr,0.5899235750876195,0.001362579012148517,5.568752671828883e-06,8.635222414466812e-09,0.17362297739061996,0.2350852911217179
2411805,1,5,implicit_mmr,quant_only,0.004701588249838952,0.4195404233648227,4.45106144691701e-05,0.06319181268796789,0.042327919554560674,0.47019374552834065
2411987,0,1,explicit_mmr,implicit_mmr,0.17520943231789232,0.8158983163504385,2.0953316120070626e-07,3.1692952230657433e-06,0.008882525035977622,6.347467307581839e-06
2411988,0,4,explicit_mmr,qual_only,0.08193777826887103,0.024614283056671356,2.9429293064461183e-06,5.422899442584706e-06,0.893434719039614,4.853806094544047e-06
2413063,0,5,explicit_mmr,quant_only,0.05869338004394403,0.0005536009329423897,0.00499827600370073,0.0011264685430617104,0.030739023432248932,0.9038892510441022
2413103,0,5,explicit_mmr,quant_only,0.014143787989649787,0.0002883521406521892,2.5231265873144067e-05,3.0954128542514306e-06,8.815729645430813e-07,0.985538651618006
2413231,4,1,qual_only,implicit_mmr,4.8577570794693066e-05,0.9978386048949561,0.0018208958386942567,8.646686349399496e-07,0.00026132636799351683,2.973065892642054e-05
2413239,0,0,explicit_mmr,explicit_mmr,0.9837731200326241,0.00013425050000844468,7.884114994446166e-07,2.650303421235793e-07,0.006524784449627431,0.009566791575898273
2413410,0,0,explicit_mmr,explicit_mmr,0.8364837247682498,0.1605385174480543,2.201633582445554e-09,0.0028300086698209033,1.540226957483272e-07,0.00014759288954533078
2414169,0,5,explicit_mmr,quant_only,0.04980770114089648,0.0019751841881685745,0.0003927743107282633,0.008187276668127522,0.026172513365147518,0.9134645503269316
2414170,0,5,explicit_mmr,quant_only,0.03786034338213451,0.023568480125723705,6.519712813942491e-05,5.7951297780560404e-05,1.0601465584264885e-05,0.9384374266006377
2415028,0,0,explicit_mmr,explicit_mmr,0.9934023107136727,2.185472356529294e-08,5.784668115731333e-08,9.281839844287283e-05,0.005663135580810776,0.0008416556056687021
2415197,0,0,explicit_mmr,explicit_mmr,0.9813939191610821,0.013821930009755333,2.0987266674852452e-05,5.8221360724304906e-08,1.6312679632135102e-08,0.004763089028447317
2415686,4,0,qual_only,explicit_mmr,0.7940595239822257,3.8869867701755333e-07,0.20141978189427168,0.00028886498817609407,0.004179892712370107,5.154772427943222e-05
2415796,0,4,explicit_mmr,qual_only,0.3364466768193319,0.08803166446924496,5.035708217866926e-05,0.009271264810197102,0.5654860902599222,0.0007139465591250794
2415797,0,1,explicit_mmr,implicit_mmr,0.08365420746007962,0.8717056509200081,9.713197374181157e-08,0.04349342469861091,0.0009653234640274523,0.00018129632530010655
2415869,1,0,implicit_mmr,explicit_mmr,0.6347826641511808,0.038854581701480435,7.28798526150953e-05,0.32616558767327597,0.000123667858089929,6.187633579456105e-07
2415965,1,0,implicit_mmr,explicit_mmr,0.9963223359501854,1.6274956928332917e-05,4.920978169175727e-10,2.5640567562152736e-12,1.1578010572204242e-11,0.0036613885866466273
2415989,2,0,multi_method_not_mmr,explicit_mmr,0.991122743513469,0.003434762296935825,1.1445025593613193e-05,0.0049948082736112195,0.00016606431623391392,0.00027017657415655066
2416024,4,0,qual_only,explicit_mmr,0.9994004898530469,0.00037095456607562133,2.0097745351281402e-08,1.5443788168619347e-05,3.27069770309417e-06,0.00020982099726061482
2416621,0,5,explicit_mmr,quant_only,1.2275143090542531e-05,0.000385898039133949,1.0745512960725666e-07,6.800406644401165e-09,1.5722633811081855e-10,0.9996017124050129
2416804,4,5,qual_only,quant_only,0.010432863971314951,0.051236905365796406,0.04647824690687048,0.0021192382291247303,0.008669949365602468,0.881062796161291
2417138,1,0,implicit_mmr,explicit_mmr,0.99787677427036,0.00022914540379404967,7.153026990034639e-05,1.7599012220584271e-06,2.5166707129897123e-07,0.0018205384876522305
2417139,1,5,implicit_mmr,quant_only,0.17296772073127348,0.004731731036116804,0.10189235500084562,0.00014657409725282858,1.5067490889442339e-06,0.7202601123854224
2417140,1,5,implicit_mmr,quant_only,0.025130212623602058,0.014048545242906956,0.030634511722808927,0.00016471963617734612,3.7301418102444418e-06,0.9300182806326945
2417149,2,5,multi_method_not_mmr,quant_only,7.632816809878233e-06,0.002660583978703725,0.05768868354998296,3.823020295355028e-06,6.7431644443181586e-06,0.9396325334697638
2417150,2,5,multi_method_not_mmr,quant_only,0.00022805199433134735,0.00403359305802732,0.15494764295246446,9.619943961571795e-06,0.00015084375786664656,0.8406302482933485
2417239,0,5,explicit_mmr,quant_only,0.0068359435098876,0.0003506051880397818,5.1619614379296225e-05,8.535386773185924e-07,9.283233981843691e-07,0.9927600498256177
2417240,0,1,explicit_mmr,implicit_mmr,0.21260332319352218,0.7522396417179869,0.0031590117330987048,6.198604210494189e-05,0.0020700724933960376,0.029865964819891264
2417252,4,1,qual_only,implicit_mmr,0.33303121550890336,0.5432904051973177,0.0018891126664191524,0.10455027425151901,0.014486578441811683,0.002752413934029098
2417374,3,1,no_method_signal,implicit_mmr,3.766290764603041e-05,0.5922954333232109,1.1539757981151305e-05,0.39942628736603913,1.3682281917446861e-06,0.008227708416930884
2417423,1,4,implicit_mmr,qual_only,1.575349647052966e-05,0.04454080875776142,2.568029458169504e-07,2.6718370655563506e-08,0.9554394660642903,3.688160161188115e-06
2418374,1,1,implicit_mmr,implicit_mmr,0.0008153243687186902,0.9987227205408412,0.0002553749096476459,1.5791337506267905e-06,0.00014126199849154783,6.373904855044973e-05
2418638,4,1,qual_only,implicit_mmr,0.0006154482589825162,0.7293973740922225,0.019408218475052984,2.5560708886521394e-06,0.24368892006948212,0.0068874830333711095
2418639,4,4,qual_only,qual_only,0.010920941488275606,0.01192789019055233,0.002280518445652565,1.84117030996475e-05,0.9667558782707577,0.008096359901662218
2418640,4,4,qual_only,qual_only,0.0022632678453653157,0.3403100783864302,0.0015619276121405434,2.2340779360317818e-05,0.6555683326863805,0.00027405269032325586
2418715,1,4,implicit_mmr,qual_only,0.00021430084428556792,0.09588956109688541,7.87375571800684e-05,1.0332256854661025e-06,0.8980360111189263,0.00578035615703723
2419116,2,0,multi_method_not_mmr,explicit_mmr,0.9354967491722216,0.006604171316903833,0.0007730045190165705,0.05505945071226197,0.002033793176870828,3.283110272497648e-05
2419117,2,2,multi_method_not_mmr,multi_method_not_mmr,0.005940111698798305,2.257995652834274e-06,0.9921995973014583,0.00014638737420614444,0.0009177174006332875,0.0007939282292512169
2419118,2,0,multi_method_not_mmr,explicit_mmr,0.5822341040110903,0.12129045803677058,0.06690849833472538,0.01641919699454945,0.21226759635887363,0.0008801462639907178
2420944,0,2,explicit_mmr,multi_method_not_mmr,5.19881794998384e-07,0.17812739852000029,0.6722166220427879,0.05738658652136671,0.023997989457865097,0.06827088357618499
2421240,0,0,explicit_mmr,explicit_mmr,0.9998741480701627,0.00010679221703459494,2.8883429404448335e-07,5.561814762401434e-06,1.1471618047577647e-05,1.7374456989397058e-06
2421241,0,0,explicit_mmr,explicit_mmr,0.9999559717986076,2.9320784553435395e-05,1.4365033274437746e-07,1.0492246314454161e-05,3.4656356476316974e-06,6.058845443382031e-07
2421279,0,0,explicit_mmr,explicit_mmr,0.826253194529877,0.005486119037961445,0.006482643922060995,1.0861227601573066e-06,1.2989382415591646e-07,0.16177682649351632
2421280,0,5,explicit_mmr,quant_only,0.02281243340137699,0.0011303351654911593,0.00014640885390522935,1.3867582290617115e-07,4.5180802107448964e-08,0.9759106387226016
2421846,0,0,explicit_mmr,explicit_mmr,0.5673269547419068,0.16306618051496707,3.047212300436667e-08,1.3901498542520388e-09,0.2695753123473299,3.1520533523529565e-05
2422009,0,0,explicit_mmr,explicit_mmr,0.9998119152822899,6.320781709678123e-05,4.134817286830443e-08,2.4817407577728407e-06,5.0527063618921904e-05,7.182674806361706e-05
2422010,0,0,explicit_mmr,explicit_mmr,0.7051449488156392,0.15515406741660745,0.0003442071116016033,2.198620340119441e-06,0.12943938974846383,0.009915188287347738
2422287,4,2,qual_only,multi_method_not_mmr,0.3037288345585893,0.1740666406996773,0.522095500244951,9.03228733568852e-10,5.690508368280554e-07,0.00010845454271681203
2422319,5,1,quant_only,implicit_mmr,5.877104561801021e-12,0.9999983039554889,1.3045728000758058e-10,2.686715962190064e-11,1.6115077308761396e-06,8.437357886158431e-08
2422544,0,1,explicit_mmr,implicit_mmr,0.011453587913210255,0.9854644418634233,8.22789917429536e-09,7.501051110395902e-09,0.00039090556971592313,0.00269104892470046
2423026,0,5,explicit_mmr,quant_only,0.37938823733876553,0.020747080325754397,1.362374221570942e-09,6.605928277173768e-05,1.6344661841896915e-09,0.599798620055868
2424244,0,0,explicit_mmr,explicit_mmr,0.9984435959989043,2.8168304279246678e-05,1.0718809040784052e-09,0.0010818871153939534,0.0004463388292619698,8.680279664811034e-09
2424324,0,3,explicit_mmr,no_method_signal,0.035952993751918585,0.3225046648161743,1.6407536717246226e-05,0.6368568187907244,0.0006422432419151008,0.004026871862550375
2424492,2,0,multi_method_not_mmr,explicit_mmr,0.944337970680148,0.02814676788090919,0.00023745882254747213,0.011920645760984576,1.538176131204335e-05,0.015341775094098625
2424522,0,1,explicit_mmr,implicit_mmr,0.47498414764316793,0.5153787403600207,6.336503907851362e-06,0.0044684286422406625,0.0016611406134171831,0.0035012062372455116
2424692,2,0,multi_method_not_mmr,explicit_mmr,0.5606356584492468,0.00010173873797851732,0.0004859950969394275,0.02348928374741481,3.022540922075071e-05,0.41525709855919973
2424742,0,4,explicit_mmr,qual_only,0.2842156466020467,0.039975366268550895,0.00010907216442758253,0.0055214851745673576,0.6361471218546914,0.0340313079357161
2424868,0,0,explicit_mmr,explicit_mmr,0.6919249417121062,0.031884539845037765,0.00011915422250111022,0.2734298395336798,0.002266390467589366,0.0003751342190856125
2424952,1,0,implicit_mmr,explicit_mmr,0.8311292249355385,0.16482196367775379,2.904941912964416e-09,0.00012856957351150888,3.518082224214647e-05,0.0038850580860121157
2424953,0,0,explicit_mmr,explicit_mmr,0.9959816134286469,4.322521013299465e-05,2.5600682293348767e-06,0.0018793718898341086,0.0020709416839467306,2.2287719210018623e-05
2424988,0,0,explicit_mmr,explicit_mmr,0.9982184649014308,0.0014189773197226105,8.480060212854902e-11,0.000348386141349066,2.2038976724411528e-06,1.1967655024339194e-05
2425114,0,0,explicit_mmr,explicit_mmr,0.9860225922326163,0.00011489622447422602,3.8624473586032956e-12,3.265627469524073e-05,3.875930481388775e-06,0.013825979333870465
2429274,4,0,qual_only,explicit_mmr,0.9991728694511938,5.922962124118038e-06,2.2060696980888307e-10,2.6886326859661836e-06,0.0008185136815556769,5.051833577906702e-09
2429533,4,1,qual_only,implicit_mmr,0.008860801737849235,0.991089003496044,6.2664229630469775e-06,1.4667225485107896e-05,2.5697517018574124e-05,3.56360063982618e-06
2429605,0,5,explicit_mmr,quant_only,0.11805238714812774,0.004434975241407623,9.405770738610645e-07,3.845680812069233e-05,0.0030667075838300487,0.8744065326414401
2429624,4,0,qual_only,explicit_mmr,0.5126471412065428,0.487089645854121,2.7059486244325453e-08,5.818932541870452e-05,0.00020499490476556445,1.6496656571305306e-09
2429832,5,5,quant_only,quant_only,1.1994433017507654e-05,0.03152607079997346,1.3206290867727025e-05,0.00029131693360427805,0.0857488686862419,0.8824085428562951
2430255,5,1,quant_only,implicit_mmr,0.4611076993599935,0.5355502125661589,0.00010747848310426843,0.0030039103160126837,8.831981811214447e-05,0.00014237945661855497
2430257,5,1,quant_only,implicit_mmr,0.03863482723232742,0.919773582233982,0.0010029071299961622,0.022142853855162736,0.008656408197667132,0.009789421350864443
2430258,5,0,quant_only,explicit_mmr,0.5669901249155641,0.42555717810096816,7.324029541810315e-07,0.007004804932085268,0.00015541520035616143,0.0002917444480721546
2430463,4,4,qual_only,qual_only,0.0415556917950862,1.4688286277913822e-05,1.1206520784166116e-05,2.5484936148080284e-07,0.9561804652780568,0.002237693270433324
2430541,0,5,explicit_mmr,quant_only,0.18149913317598387,0.10239082407521785,0.04748778502539778,4.4992551961542084e-05,0.13894490372493903,0.5296323614464998
2430739,5,0,quant_only,explicit_mmr,0.8376648135615791,0.0013385240422197063,1.454641613426379e-05,0.0033684190050889806,1.3335909809568077e-05,0.15760036106516803
2434875,5,2,quant_only,multi_method_not_mmr,7.82875319499357e-05,0.02656400022235603,0.5009885415240825,0.39902402375772905,0.0005186689151323335,0.07282647804875017
2435473,5,5,quant_only,quant_only,6.695885094758535e-10,2.2963451882542197e-09,2.2482478171075895e-08,1.29186177891777e-05,2.5198661623722644e-08,0.9999870307351374
2439211,0,3,explicit_mmr,no_method_signal,0.0075686829865480604,3.881514022750611e-05,0.002033376752484047,0.9902881848172086,3.0142869225018034e-06,6.792601660935331e-05
2441096,4,2,qual_only,multi_method_not_mmr,0.3807636676562884,0.04791152870957714,0.5167884833245807,0.054484494381937476,1.6201206121677113e-05,3.562472149453138e-05
2447200,1,5,implicit_mmr,quant_only,0.08486884366701421,0.039575568802286,0.000598082680444117,0.007288830448017376,1.5847122580986295e-05,0.8676528272796573
2448306,0,0,explicit_mmr,explicit_mmr,0.9999232504835494,4.785025477180673e-07,1.7469834727044747e-06,6.197185345256635e-06,6.824916326743167e-05,7.768181742242398e-08
2448307,0,0,explicit_mmr,explicit_mmr,0.9998360464390077,2.2062559108174512e-05,1.6487487167999046e-07,0.00012634312767409588,1.5329537653856544e-05,5.34616846161904e-08
2448308,0,0,explicit_mmr,explicit_mmr,0.886864148773179,0.003036425374452802,9.001120625009539e-05,0.0010098249399332485,0.10896552087386954,3.406883231517041e-05
2448327,4,0,qual_only,explicit_mmr,0.9055031746267906,0.027616762287090237,7.963467672369639e-08,0.0018207789551097071,0.00013013389451031366,0.06492907060182239
2448374,0,0,explicit_mmr,explicit_mmr,0.9991099004539461,6.870877523264711e-05,2.9138901296804178e-08,3.286315163443195e-06,0.0004976928580996932,0.0003203824586567837
2449885,0,4,explicit_mmr,qual_only,0.047208228001817114,4.1527231471782636e-05,0.02398147609983417,1.504504784878177e-06,0.9287306232721144,3.664088997750989e-05
2450045,0,5,explicit_mmr,quant_only,0.019013358035080495,0.45457520288419206,9.972725346665617e-06,1.0990395523972303e-05,0.0007072472822223482,0.5256832286776344
2450400,0,5,explicit_mmr,quant_only,0.010273045344193241,0.0033969800415271944,0.0058772952225524125,2.120885583351711e-06,0.00450395903040356,0.9759465994757403
2452030,0,0,explicit_mmr,explicit_mmr,0.9984248435256852,0.0012288364347138483,1.5189635884257273e-06,1.0116540137733853e-06,0.00034287633981752323,9.130821811531218e-07
2500229,1,1,implicit_mmr,implicit_mmr,0.02841642688682053,0.9370712429149497,1.6622813823185957e-07,0.004789863601615954,0.029721704756937806,5.956115375701735e-07
2500289,1,0,implicit_mmr,explicit_mmr,0.6391867444656322,0.21119909497916725,1.144161546182627e-06,1.326572283614939e-10,0.08650129868311626,0.06311171757788085
2500508,2,0,multi_method_not_mmr,explicit_mmr,0.9996914569099902,0.00029318072086185223,1.5166562805446537e-05,1.7857864722240305e-07,8.338643906754089e-11,1.7144308982051495e-08
2500509,2,0,multi_method_not_mmr,explicit_mmr,0.8668887219235961,0.018246874245484896,0.11002964598145108,1.2686495896498658e-05,3.5231855480825858e-09,0.004822067830385784
2500654,2,5,multi_method_not_mmr,quant_only,0.000461295309885234,0.016173187838905204,7.440008374766973e-05,2.7382087019755547e-05,2.3997408114084377e-07,0.983263494706361
2500655,2,1,multi_method_not_mmr,implicit_mmr,0.014501479601424783,0.982914126278505,1.7706878505001162e-06,0.00032325452420326763,1.7804169711263625e-06,0.0022575884910451052
2500848,0,1,explicit_mmr,implicit_mmr,0.19978253463333207,0.6042875365936821,0.001326855920986415,0.05984117612667356,0.0001165528992224155,0.1346453438261034
2500849,0,0,explicit_mmr,explicit_mmr,0.9974216614357553,0.002271641659320668,1.8803781511955624e-06,8.515840059522581e-08,7.658949751783517e-05,0.0002281418708544447
2506427,1,0,implicit_mmr,explicit_mmr,0.5664238062969382,0.2404641854181547,0.19297189235740939,2.2273687869473796e-08,6.174958647998675e-05,7.83440673300257e-05
2506911,1,2,implicit_mmr,multi_method_not_mmr,0.18209374007280144,0.32901771041933575,0.4840028097644336,4.228491664843452e-07,0.004847334830394919,3.798206386778888e-05
2506912,1,1,implicit_mmr,implicit_mmr,0.46367261740029264,0.49303781747897496,0.041234605333078767,4.0092517540572486e-07,0.0020417258647258104,1.283299775249669e-05
2507129,5,5,quant_only,quant_only,0.0009777016291276715,0.4886780994564837,0.000236043424681149,1.1678924608912411e-07,0.00026609414369258065,0.5098419445567688
2508523,0,0,explicit_mmr,explicit_mmr,0.9818149822901268,0.017514565620026918,1.7432307275693413e-11,2.1249637722450092e-08,0.0006699990627663308,4.31760009897472e-07
2508612,4,4,qual_only,qual_only,7.536164785709708e-05,0.008631958065280656,0.0019904966899231004,0.007466296044590041,0.7014148878592903,0.28042099969305884
2508771,1,2,implicit_mmr,multi_method_not_mmr,0.1926845882656271,0.011614137726605894,0.7903787991544131,0.005134201569636368,8.140506593411317e-06,0.00018013277712425148
2508834,0,0,explicit_mmr,explicit_mmr,0.630193008381763,0.00013483233032024038,0.009483011834398258,0.11205823110657481,0.2474847152600343,0.0006462010869093121
2508835,0,4,explicit_mmr,qual_only,0.042256870355147476,0.0009063676504858229,5.64927077248142e-05,0.12532756308921797,0.8314241559034596,2.855029396418799e-05
2508970,0,1,explicit_mmr,implicit_mmr,0.02067924340797497,0.974344395242552,0.00484097035455159,1.0604966945967693e-05,1.6040688931166719e-07,0.00012462562108617558
2508971,0,1,explicit_mmr,implicit_mmr,0.40507668343652253,0.5586123226106672,0.0020689424376944187,3.177418314986406e-05,0.03088208419441866,0.0033281931375472073
2509043,0,3,explicit_mmr,no_method_signal,0.03500321891599414,0.3024452089622353,0.0008859045275311408,0.6611323766878612,0.000528753233924074,4.537672454104781e-06
2509044,0,1,explicit_mmr,implicit_mmr,0.19920610820003215,0.7356520012357796,0.006018092731749084,0.05806222705827354,0.001055446404610442,6.124369555370097e-06
2509474,0,0,explicit_mmr,explicit_mmr,0.5441797177478462,7.821361746214957e-05,2.3370715663460526e-07,7.015216115991847e-05,0.4556710646138593,6.181525158454001e-07
2510147,0,0,explicit_mmr,explicit_mmr,0.9999997722465682,1.1073367065678029e-07,3.2350595276193247e-13,8.8499099522177e-09,3.853534786312089e-12,1.0816567424651188e-07
2510214,5,5,quant_only,quant_only,0.04126632342077207,4.950897290105047e-06,2.433239702274712e-07,0.0052513899373197006,8.802035446956379e-07,0.9534762122171032
2513981,0,0,explicit_mmr,explicit_mmr,0.818440982485138,0.0007680133635184752,6.14288408574722e-07,1.9792186655101325e-09,0.027087300237141617,0.15370308764657462
2514338,0,1,explicit_mmr,implicit_mmr,0.05189386082218082,0.9477068040894874,1.4047706343569343e-06,6.217719395791556e-07,0.00039729409931672625,1.4446441535790491e-08
2514349,0,0,explicit_mmr,explicit_mmr,0.9395062413818644,1.6993785164240175e-05,9.771158445817726e-05,3.735676875996084e-12,0.0001737693334037548,0.06020528391137375
2514491,2,0,multi_method_not_mmr,explicit_mmr,0.9957457456909617,0.004130328792695423,9.339172652678933e-10,7.385228646725727e-07,9.581010935374e-05,2.7375950207293516e-05
2515040,0,1,explicit_mmr,implicit_mmr,0.00013932373187190833,0.9993526985460643,4.056583543530566e-07,4.517210674303434e-08,4.921724068094212e-08,0.0005074776743619642
2515088,0,1,explicit_mmr,implicit_mmr,0.3260975642681279,0.6658778204080922,0.0006874513794365574,0.0027272577193202066,6.6884229725639e-06,0.004603217802050546
2515127,0,0,explicit_mmr,explicit_mmr,0.9774170359020876,2.3488037111840598e-05,6.134295949111766e-05,0.007773265811418129,0.009844815740500026,0.004880051549391328
2515148,0,1,explicit_mmr,implicit_mmr,1.2832470481832541e-05,0.9999734881669589,7.918878233366575e-12,1.8867708389911586e-08,1.3184304117975551e-05,4.761828143322275e-07
2515191,5,3,quant_only,no_method_signal,3.307636531072395e-05,9.511402374985277e-08,0.4400183755623642,0.5589153122703423,0.00041262577127222,0.0006205149166868695
2515226,0,1,explicit_mmr,implicit_mmr,0.18809549311074544,0.699253513517065,0.002843468096760362,0.04208958538463315,0.009499068592715362,0.05821887129808072
2515308,3,2,no_method_signal,multi_method_not_mmr,9.222875000856345e-05,3.1743645338161984e-06,0.9999041587573848,4.2393276605595694e-07,1.3817888733599733e-08,3.774181047825737e-10
2516391,0,3,explicit_mmr,no_method_signal,0.015802708583804358,0.03399428190820761,9.725897582866759e-06,0.8309691550917384,0.00024391987897777513,0.1189802086396889
2516409,1,0,implicit_mmr,explicit_mmr,0.9999971404085237,2.857307809059411e-06,2.0185894303269784e-12,6.992686238595292e-11,2.9645129285797346e-13,2.2114254524663787e-09
2516863,0,1,explicit_mmr,implicit_mmr,0.016164190042228025,0.9761409778580841,4.4933801788895793e-07,0.0007667109010509918,0.0069208416822407305,6.830178378263233e-06
2517189,0,1,explicit_mmr,implicit_mmr,0.15260049556361505,0.8466456716567582,9.446272501600751e-07,0.0007292760600349009,6.44650418572491e-06,1.7165588155886816e-05
2517316,0,0,explicit_mmr,explicit_mmr,0.8154584622012904,0.03237481998419539,2.662596594058875e-06,0.15199784642361036,0.0001500702716843715,1.613852262524455e-05
2517445,5,0,quant_only,explicit_mmr,0.9975288643167249,0.0015820847186220396,3.42799629327844e-05,0.0008452121925651454,6.386755157534285e-08,9.494941603581846e-06
2518485,2,0,multi_method_not_mmr,explicit_mmr,0.8433885280444312,4.502168989977182e-06,8.79945224385238e-06,2.0059465234180361e-07,0.15659690579910376,1.0639405788797419e-06
2518486,2,0,multi_method_not_mmr,explicit_mmr,0.9967065425407655,0.0018450271681955477,3.327342924765368e-05,1.0387580361065772e-06,0.0014136913374906946,4.267662647015979e-07
2518487,2,0,multi_method_not_mmr,explicit_mmr,0.9956170792176878,6.741342364191015e-09,1.977989525514738e-06,1.9205857475463187e-07,0.004370013908168676,1.0730084700693903e-05
2518685,5,5,quant_only,quant_only,0.2509690481434783,0.05369694697249411,7.375645974080015e-05,8.59494665692084e-06,1.4739963638560567e-07,0.6952515060779935
2518693,0,0,explicit_mmr,explicit_mmr,0.6965474552572892,0.008857955493725632,0.0023991929598663783,0.0017188564267956903,0.00032730616476004916,0.29014923369756296
2518732,2,5,multi_method_not_mmr,quant_only,0.0009799019515854684,0.0006089324052205641,0.03359439245870639,0.4599993972402576,0.00032560786392945874,0.5044917680803005
2518733,2,5,multi_method_not_mmr,quant_only,8.340480781885837e-07,3.48104451523534e-05,0.01872802920620732,0.019500587793558687,5.722990576917445e-05,0.9616785086012343
2518804,0,0,explicit_mmr,explicit_mmr,0.9999784032281573,1.3704924840247367e-05,1.4659109708657286e-09,7.136040823112542e-08,1.137886576677433e-08,7.807641817464476e-06
2518892,0,0,explicit_mmr,explicit_mmr,0.9191789191390207,0.00012559555218552695,3.9304873121766014e-07,3.24213964224468e-06,2.2154096399476765e-06,0.08068963471078061
2518893,0,0,explicit_mmr,explicit_mmr,0.8786552029330572,0.00017972089006328931,3.947289833800801e-06,1.1922374186864016e-06,2.2285206623212606e-07,0.12115971379756076
2519136,0,0,explicit_mmr,explicit_mmr,0.9999095655858983,7.1142474622072e-08,6.7329549221603096e-09,4.465243375135285e-07,7.931152105866468e-05,1.0598493275966712e-05
2520318,0,0,explicit_mmr,explicit_mmr,0.9997844897791188,0.00021512223786648456,1.2162325118533437e-07,1.1198897209910764e-08,7.387453883725241e-08,1.8128632734476596e-07
2524227,0,0,explicit_mmr,explicit_mmr,0.6795613573793076,0.000604264516037733,2.9985715799142127e-06,7.451203185836707e-05,0.00020753866469153776,0.3195493288365248
2524228,0,0,explicit_mmr,explicit_mmr,0.9521023350268758,0.0005147307492211027,5.197695389783104e-05,0.0004751270417831293,1.3555685566953897e-05,0.04684227454265506
2524359,0,0,explicit_mmr,explicit_mmr,0.9895778985676855,0.002629279857474015,0.002043815688648774,9.060431654015567e-08,0.00020966553462113091,0.00553924974725429
2525692,3,5,no_method_signal,quant_only,0.03660463677862705,5.219806530727068e-07,9.006677336740693e-05,0.00011756885590418174,0.12472749998537001,0.8384597056260782
2526720,5,0,quant_only,explicit_mmr,0.9385924373982917,0.028301953616420152,7.563913431386092e-05,1.6955742332891956e-07,0.022508130990768302,0.010521669302782763
2526755,0,0,explicit_mmr,explicit_mmr,0.9999895625700355,5.435118749033684e-08,1.0261506855057107e-05,5.329344974035048e-10,3.711253769731185e-08,8.392644977973501e-08
2526759,0,0,explicit_mmr,explicit_mmr,0.9990030179844278,9.89657334779312e-06,4.5738515779398813e-05,1.1555232127074826e-07,0.00045445540827001045,0.0004867759658534674
2526905,3,3,no_method_signal,no_method_signal,0.19748779553981619,4.323859262905912e-06,0.0018338182142497825,0.7766665228283471,0.007158089039019762,0.016849450519304185
2527473,0,5,explicit_mmr,quant_only,0.00556566542565391,0.010775343942482505,8.83751995095374e-06,0.04180867616350811,0.15681428309582504,0.7850271938525795
2527743,2,0,multi_method_not_mmr,explicit_mmr,0.9994485099032918,1.153107769194114e-06,4.689715422913748e-08,4.5364212648176853e-07,6.769889712442455e-08,0.0005497687507610821
2530060,0,0,explicit_mmr,explicit_mmr,0.9999849395305506,1.1815940397589827e-06,2.4413618039266376e-08,1.096732793527685e-09,3.931360926188886e-08,1.3814051449245672e-05
2530299,0,0,explicit_mmr,explicit_mmr,0.9968002904154037,0.0031980132309357475,1.6020799656261542e-06,1.4312927898656097e-08,7.995839614826298e-08,2.3708675642977104e-12
2530457,0,0,explicit_mmr,explicit_mmr,0.8894337246308206,0.10883557683469179,6.805563006370353e-05,2.309362205656588e-09,0.0016626342948320959,6.300229243835643e-09
2530458,0,0,explicit_mmr,explicit_mmr,0.9952762269403091,0.0019651665203748903,1.455449094424455e-07,4.7834259516185725e-11,0.0027340954900562722,2.4365456516004593e-05
2533639,0,4,explicit_mmr,qual_only,0.04699301308142755,1.026469696269378e-06,0.00012908746291473194,0.0020930203172955463,0.9500753640731852,0.0007084885954807636
2533640,0,0,explicit_mmr,explicit_mmr,0.7950808310464241,0.000384573710333307,0.0014673206681488833,0.15648410797833123,0.0426981295870255,0.00388503700973702
2534091,0,3,explicit_mmr,no_method_signal,0.22684033654244976,0.00290666046951227,3.202433772775567e-09,0.4112818480081037,0.35896002873266747,1.1123044832896288e-05
2534873,0,5,explicit_mmr,quant_only,0.03338987344386027,0.10681517546022166,0.00017065435538288044,0.002656663541711608,0.16138539845686936,0.6955822347419544
2541364,0,4,explicit_mmr,qual_only,0.01750269319402921,1.7038256819112183e-07,0.004196762749306425,0.4391776102360204,0.537264211702836,0.001858551735239721
2545312,0,1,explicit_mmr,implicit_mmr,0.11622438752838452,0.8830819053056411,2.6809388068890187e-05,7.585261977608969e-07,0.0006187193968934996,4.7419854814358594e-05
2603026,0,4,explicit_mmr,qual_only,0.01798930486789956,0.00015367832570297363,7.6028806756422695e-06,2.5611471588931703e-05,0.9796647900407337,0.002159012413399193
