award_node_idx,true_id,pred_id,true_label,pred_label,eval_split,prob_explicit_mmr,prob_implicit_mmr,prob_multi_method_not_mmr,prob_no_method_signal,prob_qual_only,prob_quant_only
11903,2,5,multi_method_not_mmr,quant_only,train,0.0007535277982242405,0.002478258917108178,0.2057713270187378,0.1864696592092514,0.0029135874938219786,0.6016136407852173
11907,3,3,no_method_signal,no_method_signal,train,3.5400025808485225e-05,0.0002474983921274543,0.03948773443698883,0.915880560874939,0.003222984727472067,0.04112573340535164
11951,3,3,no_method_signal,no_method_signal,train,2.6108147721970454e-05,0.00011925052240258083,0.029128210619091988,0.957901656627655,0.0023879134096205235,0.010436853393912315
11960,3,3,no_method_signal,no_method_signal,train,4.878631079918705e-05,0.00024830870097503066,0.08316288143396378,0.8404163122177124,0.00591062568128109,0.07021310180425644
11971,2,5,multi_method_not_mmr,quant_only,train,0.0017972413916140795,0.012628834694623947,0.321807861328125,0.04096465930342674,0.003992218989878893,0.6188092827796936
11984,5,2,quant_only,multi_method_not_mmr,train,0.005082895513623953,0.01366795040667057,0.5172969102859497,0.08254709094762802,0.0017427254933863878,0.37966248393058777
12047,0,4,explicit_mmr,qual_only,train,0.08240973204374313,0.3394662141799927,0.012171880342066288,0.00011452046601334587,0.562492311000824,0.003345387289300561
12060,2,2,multi_method_not_mmr,multi_method_not_mmr,train,0.0022562716621905565,0.004936050157994032,0.521853506565094,0.041614994406700134,0.2858620882034302,0.14347709715366364
12140,4,4,qual_only,qual_only,train,0.0009384516743011773,0.01129991840571165,0.2614491879940033,0.017961909994482994,0.6164482831954956,0.09190228581428528
12141,3,3,no_method_signal,no_method_signal,train,3.440607906668447e-05,0.0003522359183989465,0.01743539795279503,0.9460468888282776,0.0027397964149713516,0.03339134156703949
12148,3,3,no_method_signal,no_method_signal,train,2.556370964157395e-05,0.00018938952416647226,0.01893271505832672,0.9678405523300171,0.0028088565450161695,0.010202973149716854
12150,5,5,quant_only,quant_only,train,0.0006019422435201705,0.013525846414268017,0.21507184207439423,0.23201337456703186,0.014616327360272408,0.5241706371307373
12151,5,3,quant_only,no_method_signal,train,2.1727439161622897e-05,0.00014345103409141302,0.012342770583927631,0.9725916385650635,0.00124480074737221,0.013655636459589005
12160,1,1,implicit_mmr,implicit_mmr,train,0.09475209563970566,0.6359381079673767,0.012724559754133224,0.00016105527174659073,0.2476125806570053,0.008811557665467262
12166,2,3,multi_method_not_mmr,no_method_signal,train,8.25887982500717e-05,0.0003121500485576689,0.13189557194709778,0.8116274476051331,0.03019106015563011,0.025891145691275597
12168,3,3,no_method_signal,no_method_signal,train,3.331583502586e-05,0.00033276923932135105,0.02202104590833187,0.9550288915634155,0.002572439843788743,0.02001161128282547
12183,2,1,multi_method_not_mmr,implicit_mmr,train,0.16177970170974731,0.6165603399276733,0.026965996250510216,8.360904757864773e-05,0.1794883757829666,0.015121890231966972
12184,0,1,explicit_mmr,implicit_mmr,train,0.1464916169643402,0.7344018816947937,0.007769648917019367,8.118814002955332e-05,0.1051473468542099,0.006108289584517479
12186,4,2,qual_only,multi_method_not_mmr,train,0.0007357076392509043,0.007228655740618706,0.39332154393196106,0.039054326713085175,0.35335832834243774,0.20630139112472534
12324,4,4,qual_only,qual_only,train,0.009743111208081245,0.05499391257762909,0.07488808780908585,0.0005342084332369268,0.8448916077613831,0.014949056319892406
12362,3,3,no_method_signal,no_method_signal,train,5.013758345739916e-05,0.00013291771756485105,0.010831711813807487,0.981629490852356,0.0004524607502389699,0.0069032046012580395
12394,4,4,qual_only,qual_only,train,0.0003210096911061555,0.002610263414680958,0.2904818654060364,0.0841728076338768,0.5608531832695007,0.06156091019511223
12402,3,3,no_method_signal,no_method_signal,train,3.2466901757288724e-05,0.0001406383962603286,0.010532903485000134,0.9822564721107483,0.0006672555464319885,0.006370255723595619
12404,1,1,implicit_mmr,implicit_mmr,train,0.08028405904769897,0.4336998760700226,0.19600282609462738,0.0006861709407530725,0.020562751218676567,0.26876428723335266
12409,1,5,implicit_mmr,quant_only,train,0.057192642241716385,0.23714880645275116,0.2626895010471344,0.0028468784876167774,0.015132836066186428,0.424989253282547
12440,5,5,quant_only,quant_only,train,0.001975629013031721,0.005231834016740322,0.27520304918289185,0.07491347938776016,0.0008165230974555016,0.6418594717979431
12442,5,5,quant_only,quant_only,train,0.0026045895647257566,0.007552862633019686,0.30138394236564636,0.06157809868454933,0.0008844092371873558,0.6259961128234863
12445,5,5,quant_only,quant_only,train,0.005450204946100712,0.010294172912836075,0.2534754276275635,0.031229080632328987,0.0007149610319174826,0.6988361477851868
12528,3,3,no_method_signal,no_method_signal,train,2.9100281608407386e-05,0.00013171019963920116,0.017439018934965134,0.9743931293487549,0.002314656740054488,0.005692380480468273
12529,3,3,no_method_signal,no_method_signal,train,5.5657277698628604e-05,0.00023723846243228763,0.08762689679861069,0.8417370319366455,0.005182298365980387,0.0651608258485794
12598,5,5,quant_only,quant_only,train,0.016201339662075043,0.05970907211303711,0.18344879150390625,0.009051721543073654,0.0028766312170773745,0.7287124395370483
12600,5,5,quant_only,quant_only,train,0.01110116858035326,0.04650847241282463,0.1895652562379837,0.010334359481930733,0.00223210989497602,0.7402586340904236
12610,3,3,no_method_signal,no_method_signal,train,2.8616304916795343e-05,0.00015523075126111507,0.016414394602179527,0.9696313738822937,0.0010595560306683183,0.012710804119706154
12641,3,3,no_method_signal,no_method_signal,train,0.00016312113439198583,0.0005559197743423283,0.20572808384895325,0.5880807042121887,0.002983603160828352,0.20248857140541077
12693,3,3,no_method_signal,no_method_signal,train,3.2347939850296825e-05,0.0001683117006905377,0.02330927364528179,0.9575873613357544,0.0008999312412925065,0.018002694472670555
12746,3,3,no_method_signal,no_method_signal,train,3.0186578442226164e-05,0.00010946360271191224,0.013054433278739452,0.9798060059547424,0.0008511150954291224,0.006148760672658682
12747,1,1,implicit_mmr,implicit_mmr,train,0.15478883683681488,0.6465520858764648,0.00793591421097517,6.426839536288753e-05,0.18736489117145538,0.0032939782831817865
12760,3,3,no_method_signal,no_method_signal,train,2.739225237746723e-05,0.00016873680579010397,0.02436496503651142,0.9624095559120178,0.0054676649160683155,0.007561581674963236
12771,1,4,implicit_mmr,qual_only,train,0.02657860890030861,0.08379779011011124,0.019647179171442986,0.00018034216191153973,0.8667489886283875,0.0030471207574009895
12812,5,5,quant_only,quant_only,train,0.00799156166613102,0.08523023873567581,0.2295985072851181,0.011920109391212463,0.06387097388505936,0.6013886332511902
12830,2,3,multi_method_not_mmr,no_method_signal,train,0.00023197928385343403,0.000946085958275944,0.31860437989234924,0.36570703983306885,0.2575888931751251,0.0569215826690197
12856,1,2,implicit_mmr,multi_method_not_mmr,train,0.047256823629140854,0.2581547498703003,0.3194897174835205,0.0011389398714527488,0.13053880631923676,0.24342098832130432
12897,3,3,no_method_signal,no_method_signal,train,2.4008602849789895e-05,0.0001387843512929976,0.01969180628657341,0.9676281213760376,0.0028149003628641367,0.00970242265611887
12907,1,1,implicit_mmr,implicit_mmr,train,0.23755957186222076,0.7451527714729309,0.002079081954434514,5.9115431213285774e-05,0.0139773515984416,0.0011721791233867407
12914,3,3,no_method_signal,no_method_signal,train,3.669815487228334e-05,0.00015242502558976412,0.04876120388507843,0.9274399280548096,0.006724380888044834,0.016885465011000633
12921,3,3,no_method_signal,no_method_signal,train,5.760023486800492e-05,0.0002642053586896509,0.04041191563010216,0.9432067275047302,0.007620195858180523,0.008439318276941776
12922,3,3,no_method_signal,no_method_signal,train,0.00011726858065230772,0.0022774836979806423,0.0548434853553772,0.6916518211364746,0.011393277905881405,0.23971661925315857
12941,4,4,qual_only,qual_only,train,0.009684802033007145,0.05749336630105972,0.12773919105529785,0.0008801606600172818,0.7845168709754944,0.019685670733451843
12946,5,2,quant_only,multi_method_not_mmr,train,0.0037813587114214897,0.035401809960603714,0.4695899188518524,0.014601151458919048,0.15632189810276031,0.32030385732650757
12957,4,5,qual_only,quant_only,train,0.08940503746271133,0.2216373234987259,0.2953833043575287,0.003145762486383319,0.04496493190526962,0.3454636335372925
12965,1,1,implicit_mmr,implicit_mmr,train,0.23267480731010437,0.5894769430160522,0.0740312933921814,0.00030547205824404955,0.006261164788156748,0.0972503051161766
12979,4,4,qual_only,qual_only,train,0.0009680673247203231,0.004530406557023525,0.1870427429676056,0.009833665564656258,0.7666648030281067,0.030960315838456154
12995,0,1,explicit_mmr,implicit_mmr,train,0.4247284531593323,0.5059092044830322,0.03590576350688934,0.0004435523587744683,0.0028384155593812466,0.030174607411026955
13089,3,3,no_method_signal,no_method_signal,train,4.7514975449303165e-05,0.0004540719382930547,0.04163769632577896,0.9006325602531433,0.0016342716990038753,0.05559384450316429
13108,3,3,no_method_signal,no_method_signal,train,0.00018271848966833204,0.0013814351987093687,0.07186052203178406,0.6013510823249817,0.004630362614989281,0.32059380412101746
13168,4,4,qual_only,qual_only,train,0.04887831211090088,0.08977126330137253,0.011914640665054321,0.0001493746676715091,0.8476735353469849,0.0016128865536302328
13177,0,4,explicit_mmr,qual_only,train,0.02392219379544258,0.09152351319789886,0.04431390017271042,0.0003382329596206546,0.8316192030906677,0.0082829799503088
13180,2,3,multi_method_not_mmr,no_method_signal,train,3.63066719728522e-05,0.00017917153309099376,0.03089633211493492,0.9547125697135925,0.006105444859713316,0.008070070296525955
13223,3,3,no_method_signal,no_method_signal,train,2.9707758585573174e-05,0.00012363356654532254,0.012728426605463028,0.9762263894081116,0.0005695806466974318,0.010322260670363903
13229,3,3,no_method_signal,no_method_signal,train,2.9582564820884727e-05,0.00013189722085371614,0.02364896796643734,0.9541605114936829,0.0010425588116049767,0.020986521616578102
13236,1,1,implicit_mmr,implicit_mmr,train,0.2084839642047882,0.5650428533554077,0.08028446137905121,0.0004032592987641692,0.009364589117467403,0.13642098009586334
13249,4,4,qual_only,qual_only,train,0.0028690274339169264,0.00699606304988265,0.0303056500852108,0.001410381169989705,0.956422746181488,0.0019961618818342686
13254,2,5,multi_method_not_mmr,quant_only,train,0.02483600564301014,0.05113470181822777,0.21667052805423737,0.006296583916991949,0.0021246226970106363,0.6989375352859497
13323,3,3,no_method_signal,no_method_signal,train,2.2082207578932866e-05,0.00013337140262592584,0.022982031106948853,0.9614485502243042,0.0022640901152044535,0.013149873353540897
13329,0,1,explicit_mmr,implicit_mmr,train,0.37025871872901917,0.3709166944026947,0.1243489533662796,0.0007443089270964265,0.048598382622003555,0.085132896900177
13356,4,4,qual_only,qual_only,train,0.00041500243241898715,0.0016260620905086398,0.24563737213611603,0.07887934148311615,0.6493346691131592,0.024107588455080986
13385,5,5,quant_only,quant_only,train,0.08396695554256439,0.22782064974308014,0.23654040694236755,0.0027609325479716063,0.014270748943090439,0.43464037775993347
13387,5,5,quant_only,quant_only,train,0.005253104027360678,0.03875773772597313,0.18620941042900085,0.019877921789884567,0.002626225119456649,0.7472755908966064
13390,0,1,explicit_mmr,implicit_mmr,train,0.11626197397708893,0.31102505326271057,0.2546454668045044,0.0016547046834602952,0.01868167705833912,0.2977311909198761
13393,1,4,implicit_mmr,qual_only,train,0.04580330103635788,0.15380063652992249,0.004747685976326466,0.00019185668497812003,0.7943549156188965,0.001101588481105864
13403,5,5,quant_only,quant_only,train,0.004507295787334442,0.03741966933012009,0.16577006876468658,0.025750000029802322,0.003237399971112609,0.7633156180381775
13449,2,5,multi_method_not_mmr,quant_only,train,0.013680724427103996,0.11108290404081345,0.3305582106113434,0.006061055697500706,0.12179841101169586,0.41681864857673645
13450,0,1,explicit_mmr,implicit_mmr,train,0.3033275902271271,0.6575377583503723,0.0011670677922666073,4.549729055725038e-05,0.03728406876325607,0.000638109864667058
13453,0,1,explicit_mmr,implicit_mmr,train,0.1933748871088028,0.7645893692970276,0.0020028571598231792,0.00012191005225759,0.03882121667265892,0.001089767785742879
13454,0,0,explicit_mmr,explicit_mmr,train,0.5259179472923279,0.4405229389667511,0.0008291112608276308,5.5423646699637175e-05,0.03211597353219986,0.0005586944753304124
13473,1,1,implicit_mmr,implicit_mmr,train,0.14620722830295563,0.7944008708000183,0.004595090169459581,7.862576603656635e-05,0.051180653274059296,0.0035374413710087538
13499,3,3,no_method_signal,no_method_signal,train,3.8139423850225285e-05,0.00048080351552926004,0.047452230006456375,0.9047240614891052,0.006526850629597902,0.04077790305018425
13504,3,3,no_method_signal,no_method_signal,train,3.895815461874008e-05,0.0001635897351661697,0.01607334427535534,0.9755077958106995,0.00098465196788311,0.0072317118756473064
13506,0,1,explicit_mmr,implicit_mmr,train,0.4363153278827667,0.5527719855308533,0.001752080162987113,7.260315032908693e-05,0.008229914121329784,0.0008580720168538392
13518,0,1,explicit_mmr,implicit_mmr,train,0.2969051003456116,0.6790344715118408,0.0012952451361343265,5.214610791881569e-05,0.022012364119291306,0.0007006891537457705
13524,0,1,explicit_mmr,implicit_mmr,train,0.30276015400886536,0.6618643999099731,0.0010331182274967432,9.838509140536189e-05,0.033715009689331055,0.0005288730026222765
13531,0,1,explicit_mmr,implicit_mmr,train,0.28504782915115356,0.4549191892147064,0.10408157855272293,0.0004983125836588442,0.05111401155591011,0.1043391153216362
13532,2,1,multi_method_not_mmr,implicit_mmr,train,0.180395245552063,0.7814092636108398,0.007219342049211264,5.778390550403856e-05,0.02477237395942211,0.006146156694740057
13543,0,1,explicit_mmr,implicit_mmr,train,0.47363153100013733,0.4994901716709137,0.01364811696112156,0.0001354100531898439,0.004041492938995361,0.009053335525095463
13544,0,1,explicit_mmr,implicit_mmr,train,0.3495347499847412,0.6322670578956604,0.008230968378484249,0.00010371179814683273,0.00396249582991004,0.005901109427213669
13579,0,1,explicit_mmr,implicit_mmr,train,0.31626954674720764,0.6654128432273865,0.0063415528275072575,4.4055570469936356e-05,0.006844110321253538,0.005087990779429674
13626,3,3,no_method_signal,no_method_signal,train,2.9074730264255777e-05,0.00012195952876936644,0.010517600923776627,0.9818536639213562,0.0007987149292603135,0.006678969599306583
13630,5,5,quant_only,quant_only,train,0.0009600650519132614,0.003808781737461686,0.1558823585510254,0.14861874282360077,0.0009316079667769372,0.6897984147071838
13666,2,5,multi_method_not_mmr,quant_only,train,0.0013686416205018759,0.01925288513302803,0.3160819411277771,0.08766951411962509,0.009373639710247517,0.5662533044815063
13669,3,3,no_method_signal,no_method_signal,train,9.274998592445627e-05,0.000624697539024055,0.07065097242593765,0.6858079433441162,0.0024452616926282644,0.24037840962409973
13708,5,5,quant_only,quant_only,train,0.20153149962425232,0.17082460224628448,0.2390947788953781,0.002682201564311981,0.0331568606197834,0.3527100086212158
13713,4,4,qual_only,qual_only,train,0.0044639031402766705,0.08211161941289902,0.21386584639549255,0.02514873631298542,0.40504327416419983,0.26936665177345276
13719,3,3,no_method_signal,no_method_signal,train,6.740236858604476e-05,0.00020744152425322682,0.0185391902923584,0.9732219576835632,0.0006835198146291077,0.007280411198735237
13757,2,4,multi_method_not_mmr,qual_only,train,0.000697606592439115,0.0022483952343463898,0.2369651347398758,0.29527196288108826,0.4553237557411194,0.009493133053183556
13766,0,0,explicit_mmr,explicit_mmr,train,0.39896970987319946,0.33329182863235474,0.003963136579841375,5.890678949072026e-05,0.2625722289085388,0.0011441224487498403
13779,2,2,multi_method_not_mmr,multi_method_not_mmr,train,0.007615833077579737,0.052099548280239105,0.4666707217693329,0.0033138522412627935,0.35887017846107483,0.11142991483211517
13799,5,2,quant_only,multi_method_not_mmr,train,0.0004997546202503145,0.0067227790132164955,0.45482137799263,0.1015419065952301,0.1913575977087021,0.24505659937858582
13820,4,1,qual_only,implicit_mmr,train,0.3845785856246948,0.4287751317024231,0.06897929310798645,0.000245369941694662,0.07977798581123352,0.03764362633228302
13847,5,5,quant_only,quant_only,train,0.007799331098794937,0.04197567328810692,0.16799944639205933,0.022369081154465675,0.0021727015264332294,0.7576837539672852
13890,4,4,qual_only,qual_only,train,0.006055045407265425,0.01599828153848648,0.01718662492930889,0.0004871537967119366,0.958827018737793,0.0014458944788202643
13914,2,2,multi_method_not_mmr,multi_method_not_mmr,train,0.001917532761581242,0.008660626597702503,0.44519904255867004,0.08856682479381561,0.04188712313771248,0.41376882791519165
13922,0,0,explicit_mmr,explicit_mmr,train,0.45127323269844055,0.4159948229789734,0.06623837351799011,0.000225387659156695,0.014866393059492111,0.05140170454978943
13944,3,3,no_method_signal,no_method_signal,train,0.00034067928208969533,0.0032391073182225227,0.07790220528841019,0.45870113372802734,0.0017991230124607682,0.4580177068710327
13965,5,5,quant_only,quant_only,train,0.004775005858391523,0.031871505081653595,0.13515044748783112,0.030963219702243805,0.0019338710699230433,0.7953059673309326
13967,5,5,quant_only,quant_only,train,0.005466400180011988,0.03395400196313858,0.13635540008544922,0.02728891745209694,0.001864573103375733,0.7950707077980042
13983,2,5,multi_method_not_mmr,quant_only,train,0.013342080637812614,0.07127226889133453,0.15390977263450623,0.014727662317454815,0.002505082869902253,0.7442431449890137
13984,2,5,multi_method_not_mmr,quant_only,train,0.008817221969366074,0.061605386435985565,0.16177909076213837,0.018853768706321716,0.003385402960702777,0.7455590963363647
14105,3,3,no_method_signal,no_method_signal,train,3.990310869994573e-05,0.00016856600996106863,0.0671469047665596,0.8995857238769531,0.006278401240706444,0.026780419051647186
14158,3,3,no_method_signal,no_method_signal,train,2.9790411645080894e-05,0.0002609838265925646,0.01776611991226673,0.9514722228050232,0.0011872645700350404,0.02928362414240837
14163,0,0,explicit_mmr,explicit_mmr,train,0.548107922077179,0.41977015137672424,0.013986734673380852,7.538675708929077e-05,0.006131887901574373,0.011927885003387928
14221,2,1,multi_method_not_mmr,implicit_mmr,train,0.2987060546875,0.5066532492637634,0.08889061957597733,0.0002721607743296772,0.011562136001884937,0.09391584992408752
14223,0,1,explicit_mmr,implicit_mmr,train,0.2135750949382782,0.5017987489700317,0.13305208086967468,0.00040446865023113787,0.017053844407200813,0.13411574065685272
14234,5,5,quant_only,quant_only,train,0.011581736616790295,0.0979408323764801,0.18952828645706177,0.02109466679394245,0.014863559976220131,0.6649909615516663
14236,3,3,no_method_signal,no_method_signal,train,4.306021219235845e-05,0.00017666610074229538,0.025840219110250473,0.9630991220474243,0.004347598645836115,0.006493260618299246
14249,0,1,explicit_mmr,implicit_mmr,train,0.2971247732639313,0.39589208364486694,0.0014255743008106947,0.0001862421922851354,0.3046439588069916,0.0007273219525814056
14259,3,3,no_method_signal,no_method_signal,train,2.940345621027518e-05,0.0002503017312847078,0.015907809138298035,0.9610784649848938,0.0012744222767651081,0.021459514275193214
14268,1,1,implicit_mmr,implicit_mmr,train,0.21402250230312347,0.5164145231246948,0.11514609307050705,0.000630421272944659,0.005152729339897633,0.14863362908363342
14282,5,5,quant_only,quant_only,train,0.0010970996227115393,0.005503893829882145,0.12907832860946655,0.1370552033185959,0.0017277182778343558,0.7255377769470215
14311,5,3,quant_only,no_method_signal,train,0.00027681372012011707,0.0019290216732770205,0.27158528566360474,0.36322221159935,0.032626714557409286,0.33035996556282043
14314,3,3,no_method_signal,no_method_signal,train,7.378048030659556e-05,0.0007184309069998562,0.0796889066696167,0.8295285105705261,0.017713163048028946,0.07227730005979538
14352,5,5,quant_only,quant_only,train,0.00969808641821146,0.016950733959674835,0.14236827194690704,0.02485472336411476,0.0034748688340187073,0.8026532530784607
14373,2,5,multi_method_not_mmr,quant_only,train,0.002520669251680374,0.023601951077580452,0.1240234524011612,0.06818065792322159,0.003354483051225543,0.7783187031745911
14404,5,5,quant_only,quant_only,train,0.003718465566635132,0.009893611073493958,0.24154230952262878,0.05043244734406471,0.0009173558210022748,0.6934958100318909
14414,5,5,quant_only,quant_only,train,0.012202897109091282,0.06059844791889191,0.18526017665863037,0.011913569644093513,0.002161921001970768,0.7278630137443542
14511,2,1,multi_method_not_mmr,implicit_mmr,train,0.1768985539674759,0.5544575452804565,0.1255287528038025,0.0003903791948687285,0.030340014025568962,0.11238481849431992
14548,0,5,explicit_mmr,quant_only,train,0.0009311501053161919,0.004079233389347792,0.19237352907657623,0.19319336116313934,0.0065148393623530865,0.6029078960418701
14576,1,5,implicit_mmr,quant_only,train,0.031103840097784996,0.16964510083198547,0.2757227122783661,0.003830468514934182,0.02600252255797386,0.49369537830352783
14590,5,5,quant_only,quant_only,train,0.0009886865736916661,0.017451152205467224,0.41803786158561707,0.033088404685258865,0.04225458204746246,0.4881793260574341
14598,3,3,no_method_signal,no_method_signal,train,3.3892425562953576e-05,0.00025169007130898535,0.01844755746424198,0.9546957612037659,0.0008648731745779514,0.02570631541311741
14599,0,1,explicit_mmr,implicit_mmr,train,0.19369061291217804,0.7622637152671814,0.0019861466716974974,0.00012371980119496584,0.040866464376449585,0.0010692114010453224
14614,0,5,explicit_mmr,quant_only,train,0.06884590536355972,0.10125675052404404,0.3862972557544708,0.0037688836455345154,0.02364407479763031,0.4161871373653412
14655,4,1,qual_only,implicit_mmr,train,0.1508944034576416,0.631014883518219,0.007667262107133865,8.550439088139683e-05,0.20498640835285187,0.0053515806794166565
14707,1,4,implicit_mmr,qual_only,train,0.04807516932487488,0.2376745641231537,0.04181737080216408,0.00024236278841271996,0.6603071689605713,0.011883380822837353
14710,0,5,explicit_mmr,quant_only,train,0.06239642947912216,0.18558067083358765,0.25511959195137024,0.00717952148988843,0.005819049198180437,0.4839046895503998
14712,0,5,explicit_mmr,quant_only,train,0.031002705916762352,0.12638536095619202,0.2753259539604187,0.010851149447262287,0.0056414734572172165,0.5507933497428894
14739,5,4,quant_only,qual_only,train,0.006193885114043951,0.02556694485247135,0.4018429219722748,0.00751456618309021,0.4220321774482727,0.13684947788715363
14752,0,0,explicit_mmr,explicit_mmr,train,0.5057070851325989,0.48236918449401855,0.0026155293453484774,4.238125620759092e-05,0.007288152817636728,0.001977714244276285
14753,0,0,explicit_mmr,explicit_mmr,train,0.4979248046875,0.48929092288017273,0.001283799996599555,5.937334572081454e-05,0.010760586708784103,0.0006804581498727202
14754,0,0,explicit_mmr,explicit_mmr,train,0.6576482653617859,0.3266792893409729,0.0064966753125190735,8.587432967033237e-05,0.004552091471850872,0.004537809640169144
14862,3,3,no_method_signal,no_method_signal,train,4.811069811694324e-05,0.00016881528426893055,0.01787465438246727,0.971803605556488,0.0006091539980843663,0.009495683945715427
14871,5,5,quant_only,quant_only,train,0.0018273093737661839,0.02036679908633232,0.14831790328025818,0.08410714566707611,0.003796927398070693,0.7415839433670044
14873,3,5,no_method_signal,quant_only,train,0.0005852393223904073,0.009835615754127502,0.16803133487701416,0.2680797576904297,0.005141108762472868,0.5483269095420837
14875,3,3,no_method_signal,no_method_signal,train,2.337113255634904e-05,0.0001267376501346007,0.012070244178175926,0.9777029156684875,0.0009827292524278164,0.0090938750654459
14882,0,1,explicit_mmr,implicit_mmr,train,0.4328009784221649,0.5276708602905273,0.006184326950460672,3.2061794627225026e-05,0.029798664152622223,0.0035130633041262627
14888,3,5,no_method_signal,quant_only,train,0.0003869811480399221,0.0011949138715863228,0.3329715430736542,0.22458434104919434,0.015469595789909363,0.42539262771606445
14897,2,5,multi_method_not_mmr,quant_only,train,0.0007787660579197109,0.009865596890449524,0.41062304377555847,0.09244825690984726,0.00786853302270174,0.47841569781303406
14899,1,3,implicit_mmr,no_method_signal,train,0.0002073432842735201,0.004516439512372017,0.10884618014097214,0.6749386787414551,0.013605679385364056,0.1978856921195984
14904,1,0,implicit_mmr,explicit_mmr,train,0.5921087265014648,0.38041257858276367,0.0008933699573390186,6.897173443576321e-05,0.025800762698054314,0.000715612608473748
14907,2,4,multi_method_not_mmr,qual_only,train,0.0008906506700441241,0.0027949418872594833,0.13616842031478882,0.008863517083227634,0.8396356701850891,0.011646756902337074
14910,2,2,multi_method_not_mmr,multi_method_not_mmr,train,0.015838146209716797,0.06115185096859932,0.4623696506023407,0.005043774377554655,0.2884061634540558,0.1671903431415558
14941,3,3,no_method_signal,no_method_signal,train,7.342806929955259e-05,0.0001990970631595701,0.018907159566879272,0.9720684885978699,0.0006320497486740351,0.008119755424559116
14949,3,3,no_method_signal,no_method_signal,train,0.00017417484195902944,0.0004924357053823769,0.19126228988170624,0.5460808873176575,0.0020410260185599327,0.2599491775035858
14953,2,5,multi_method_not_mmr,quant_only,train,0.0033527680207043886,0.016766982153058052,0.12357411533594131,0.04891796410083771,0.0011406538542360067,0.8062475323677063
14956,3,3,no_method_signal,no_method_signal,train,5.2192295697750524e-05,0.0003657195484265685,0.031076127663254738,0.9170016050338745,0.000757550005801022,0.05074677616357803
15013,2,4,multi_method_not_mmr,qual_only,train,0.0033921285066753626,0.026459859684109688,0.3779613971710205,0.006152003537863493,0.4833955764770508,0.1026390790939331
15022,3,3,no_method_signal,no_method_signal,train,0.0002533726510591805,0.0010430732509121299,0.3004686236381531,0.337328165769577,0.2924748659133911,0.06843199580907822
15026,3,3,no_method_signal,no_method_signal,train,6.439707067329437e-05,0.0002611872332636267,0.1019391119480133,0.8524094223976135,0.021948523819446564,0.023377370089292526
15030,2,3,multi_method_not_mmr,no_method_signal,train,2.9914406695752405e-05,0.00013978697825223207,0.03923711180686951,0.9423869252204895,0.004496424924582243,0.013709738850593567
15074,4,4,qual_only,qual_only,train,0.0011282942723482847,0.0026140562258660793,0.12240665405988693,0.00656959367915988,0.8587746024131775,0.008506848476827145
15097,2,4,multi_method_not_mmr,qual_only,train,0.005865356884896755,0.017888648435473442,0.26115989685058594,0.005217858590185642,0.6429507732391357,0.0669175386428833
15116,3,3,no_method_signal,no_method_signal,train,4.3487387301865965e-05,0.0002928486792370677,0.051380597054958344,0.8525111079216003,0.0022649152670055628,0.09350708872079849
15122,3,3,no_method_signal,no_method_signal,train,3.8344260246958584e-05,0.0004470374551601708,0.028874844312667847,0.9064898490905762,0.0016004585195332766,0.06254944205284119
15141,1,1,implicit_mmr,implicit_mmr,train,0.25488314032554626,0.5550603866577148,0.08481871336698532,0.00025889239623211324,0.014307660982012749,0.09067118912935257
15148,5,5,quant_only,quant_only,train,0.00047484581591561437,0.0011958075920119882,0.1848132312297821,0.2361963987350464,0.001298081362619996,0.5760215520858765
15163,4,4,qual_only,qual_only,train,0.004392728209495544,0.013463127426803112,0.0344257727265358,0.0007344784680753946,0.9434925317764282,0.0034914351999759674
15183,5,5,quant_only,quant_only,train,0.00644667400047183,0.04622650146484375,0.3878317177295685,0.006525901146233082,0.03351876884698868,0.5194503664970398
15192,1,1,implicit_mmr,implicit_mmr,train,0.3018729090690613,0.6483022570610046,0.014436832629144192,7.345665653701872e-05,0.008183639496564865,0.027130981907248497
15202,5,5,quant_only,quant_only,train,0.0021012560464441776,0.020134709775447845,0.11938121169805527,0.0359349250793457,0.0024368048179894686,0.8200111389160156
15210,2,2,multi_method_not_mmr,multi_method_not_mmr,train,0.014444291591644287,0.11678354442119598,0.4367230534553528,0.002654701005667448,0.033197712153196335,0.3961966931819916
15231,5,2,quant_only,multi_method_not_mmr,train,0.0017304787179455161,0.007666637655347586,0.5148929357528687,0.00842315424233675,0.0152436513453722,0.45204317569732666
15238,3,3,no_method_signal,no_method_signal,train,3.1994521123124287e-05,0.00015014484233688563,0.025259265676140785,0.9637868404388428,0.0046997470781207085,0.006071924697607756
15269,2,3,multi_method_not_mmr,no_method_signal,train,0.00018184636428486556,0.0015373732894659042,0.05232514068484306,0.7496343851089478,0.0010232952190563083,0.195297971367836
15279,5,5,quant_only,quant_only,train,0.00155913969501853,0.012241814285516739,0.12730900943279266,0.06331802904605865,0.00437184376642108,0.7912001609802246
15307,4,3,qual_only,no_method_signal,train,0.0001865085359895602,0.001533300499431789,0.20661672949790955,0.4550393223762512,0.0977073386311531,0.23891673982143402
15320,5,5,quant_only,quant_only,train,0.0025309298653155565,0.022042488679289818,0.15496669709682465,0.0317591093480587,0.0028012648690491915,0.7858995199203491
15353,1,0,implicit_mmr,explicit_mmr,train,0.5392866134643555,0.2993067502975464,0.0695224478840828,0.0004417742311488837,0.005179353523999453,0.0862630158662796
15354,3,3,no_method_signal,no_method_signal,train,3.098952220170759e-05,0.00014413413009606302,0.013220274820923805,0.9731022119522095,0.0005649697268381715,0.012937398627400398
15384,5,5,quant_only,quant_only,train,0.0014378774212673306,0.013867988251149654,0.14750543236732483,0.11629240959882736,0.004238406661897898,0.7166578769683838
15402,0,0,explicit_mmr,explicit_mmr,train,0.6274850964546204,0.3301854133605957,0.02064991369843483,0.00011050852481275797,0.004099397454410791,0.017469722777605057
15438,1,1,implicit_mmr,implicit_mmr,train,0.17132742702960968,0.7770141959190369,0.01770278625190258,7.54280190449208e-05,0.01947185769677162,0.014408369548618793
15439,5,5,quant_only,quant_only,train,0.008255983702838421,0.03464609384536743,0.23967653512954712,0.005836617201566696,0.0025780841242522,0.709006667137146
15456,1,1,implicit_mmr,implicit_mmr,train,0.28386861085891724,0.6096652746200562,0.044513504952192307,0.00018713953613769263,0.005179671570658684,0.056585803627967834
15469,3,3,no_method_signal,no_method_signal,train,0.00022160724620334804,0.000875381869263947,0.19026558101177216,0.6400434970855713,0.13743248581886292,0.03116137534379959
15480,2,4,multi_method_not_mmr,qual_only,train,0.0066796038299798965,0.042225759476423264,0.21822652220726013,0.0017296377336606383,0.6875495314598083,0.04358896613121033
15482,0,4,explicit_mmr,qual_only,train,0.0034112350549548864,0.0070971050299704075,0.03445737063884735,0.0009571224800311029,0.9517027735710144,0.002374378964304924
15494,5,5,quant_only,quant_only,train,0.0018030843930318952,0.003789024893194437,0.2122087925672531,0.07865281403064728,0.0017571243224665523,0.701789140701294
15514,3,3,no_method_signal,no_method_signal,train,8.212476677726954e-05,0.00028658975497819483,0.05968724936246872,0.9152511358261108,0.017057426273822784,0.0076355054043233395
15521,2,2,multi_method_not_mmr,multi_method_not_mmr,train,0.00023085717111825943,0.0014123419532552361,0.501420259475708,0.23596929013729095,0.010746660642325878,0.25022056698799133
15522,3,3,no_method_signal,no_method_signal,train,5.216197678237222e-05,0.0001440738415112719,0.020103543996810913,0.9732296466827393,0.0017960674595087767,0.004674518946558237
15541,3,5,no_method_signal,quant_only,train,0.002323390915989876,0.004535078536719084,0.11717993021011353,0.10513816028833389,0.0013621995458379388,0.7694612145423889
15544,2,3,multi_method_not_mmr,no_method_signal,train,0.0002556796825956553,0.0006441791192628443,0.16929961740970612,0.753224790096283,0.06256330013275146,0.014012360945343971
15635,0,1,explicit_mmr,implicit_mmr,train,0.2458018660545349,0.5432644486427307,0.0695834532380104,0.00042386044515296817,0.011661289259791374,0.12926509976387024
15677,2,2,multi_method_not_mmr,multi_method_not_mmr,train,0.005064449273049831,0.012675030156970024,0.5860499739646912,0.05112176761031151,0.0028827039059251547,0.34220612049102783
15684,5,5,quant_only,quant_only,train,0.0017988705076277256,0.009181968867778778,0.16158469021320343,0.12739866971969604,0.0011775761377066374,0.6988582015037537
15693,5,5,quant_only,quant_only,train,0.0009250828297808766,0.003367738099768758,0.14790135622024536,0.13670149445533752,0.001240378594957292,0.7098639011383057
15702,5,5,quant_only,quant_only,train,0.0034553755540400743,0.057407036423683167,0.24916671216487885,0.02536384016275406,0.034079410135746,0.630527675151825
15703,5,5,quant_only,quant_only,train,0.0019968904089182615,0.03297172486782074,0.16696536540985107,0.03768504410982132,0.01051937136799097,0.7498615980148315
15708,5,5,quant_only,quant_only,train,0.0009842637227848172,0.026303205639123917,0.3511506915092468,0.029874341562390327,0.12613685429096222,0.4655506908893585
15709,4,4,qual_only,qual_only,train,0.000847507850266993,0.004605154041200876,0.14853830635547638,0.00805631559342146,0.8193165063858032,0.018636291846632957
15710,5,5,quant_only,quant_only,train,0.008747626096010208,0.12660576403141022,0.31237396597862244,0.0033866676967591047,0.10365184396505356,0.4452340602874756
15711,3,3,no_method_signal,no_method_signal,train,0.00013470104022417217,0.0009498398285359144,0.07633142918348312,0.7442432641983032,0.15308065712451935,0.025259990245103836
15712,4,5,qual_only,quant_only,train,0.028090042993426323,0.29310351610183716,0.2578238546848297,0.001396405277773738,0.07252221554517746,0.34706395864486694
15713,5,5,quant_only,quant_only,train,0.00455933203920722,0.0751236155629158,0.2961549758911133,0.009780418127775192,0.049647629261016846,0.5647339820861816
15714,4,5,qual_only,quant_only,train,0.0015973513945937157,0.03893960639834404,0.31751546263694763,0.029357649385929108,0.057388193905353546,0.5552017092704773
15720,2,5,multi_method_not_mmr,quant_only,train,0.0013336701085790992,0.0035681130830198526,0.4318046569824219,0.09362896531820297,0.0023250682279467583,0.46733951568603516
15726,3,3,no_method_signal,no_method_signal,train,6.759610550943762e-05,0.0001657766115386039,0.01405048742890358,0.9796542525291443,0.0005922116688452661,0.005469705443829298
15837,1,5,implicit_mmr,quant_only,train,0.03051065281033516,0.1037239283323288,0.23165439069271088,0.011073263362050056,0.0030161498580127954,0.620021641254425
15838,1,5,implicit_mmr,quant_only,train,0.020787935703992844,0.08548175543546677,0.22425882518291473,0.01389999408274889,0.002772353822365403,0.6527990698814392
15840,1,5,implicit_mmr,quant_only,train,0.040621716529130936,0.24346645176410675,0.16983577609062195,0.00706974184140563,0.006809237413108349,0.5321970582008362
15841,1,5,implicit_mmr,quant_only,train,0.030416268855333328,0.10051606595516205,0.22725772857666016,0.011364700272679329,0.002716710092499852,0.6277285218238831
15868,2,2,multi_method_not_mmr,multi_method_not_mmr,train,0.02408313937485218,0.1476074904203415,0.3983118236064911,0.0059389276430010796,0.04111348092556,0.38294517993927
15928,0,0,explicit_mmr,explicit_mmr,train,0.6331557035446167,0.34887245297431946,0.0009448042255826294,6.214169843588024e-05,0.01645461842417717,0.0005102803697809577
15948,4,4,qual_only,qual_only,train,0.014309841208159924,0.04604973644018173,0.00881434790790081,0.00028037274023517966,0.9290968179702759,0.0014489626046270132
15955,4,4,qual_only,qual_only,train,0.020677220076322556,0.05929039791226387,0.005217291414737701,0.000269684853265062,0.913617730140686,0.0009276161435991526
15988,5,5,quant_only,quant_only,train,0.0003731769975274801,0.001147039933130145,0.2701333463191986,0.1738094836473465,0.002709566382691264,0.5518274307250977
15996,0,4,explicit_mmr,qual_only,train,0.04667523130774498,0.1036733090877533,0.15231828391551971,0.0008144658640958369,0.6593673825263977,0.0371512770652771
16004,0,0,explicit_mmr,explicit_mmr,train,0.46917861700057983,0.4253498315811157,0.0019372804090380669,4.909414565190673e-05,0.10253797471523285,0.0009470715303905308
16026,1,1,implicit_mmr,implicit_mmr,train,0.17586153745651245,0.7697179317474365,0.006528045516461134,3.587089668144472e-05,0.04392296075820923,0.003933539614081383
16040,3,3,no_method_signal,no_method_signal,train,3.29212452925276e-05,0.00017010144074447453,0.03983895853161812,0.9392157196998596,0.004786540288478136,0.015955764800310135
16062,1,1,implicit_mmr,implicit_mmr,train,0.2456085979938507,0.6692537069320679,0.01705516315996647,4.177702430752106e-05,0.05787988752126694,0.010160883888602257
16072,0,1,explicit_mmr,implicit_mmr,train,0.2574843466281891,0.727641224861145,0.003285198239609599,0.0001053296509780921,0.009390790946781635,0.0020931637845933437
16080,5,5,quant_only,quant_only,train,0.042492855340242386,0.3111814260482788,0.2059624195098877,0.002688759472221136,0.006382539868354797,0.43129196763038635
16088,1,1,implicit_mmr,implicit_mmr,train,0.41342195868492126,0.5626354217529297,0.008530414663255215,4.407218148116954e-05,0.009305445477366447,0.006062758155167103
16107,1,1,implicit_mmr,implicit_mmr,train,0.25674957036972046,0.3909221589565277,0.1675940304994583,0.0007204029825516045,0.08408977836370468,0.09992402791976929
16130,1,1,implicit_mmr,implicit_mmr,train,0.2687527537345886,0.6956607699394226,0.017895584926009178,0.00010402112093288451,0.005666628014296293,0.011920367367565632
16147,0,4,explicit_mmr,qual_only,train,0.2632034718990326,0.32315000891685486,0.0018786333967000246,0.00012424643500708044,0.41098296642303467,0.0006606079405173659
16160,3,3,no_method_signal,no_method_signal,train,4.9952868721447885e-05,0.0004090342263225466,0.04897086322307587,0.9275718331336975,0.010873372666537762,0.012124890461564064
16177,2,2,multi_method_not_mmr,multi_method_not_mmr,train,0.0029660090804100037,0.03303982689976692,0.41907888650894165,0.00630684569478035,0.3180595338344574,0.22054891288280487
16191,4,4,qual_only,qual_only,train,0.014379763044416904,0.0992896556854248,0.31917324662208557,0.0020657582208514214,0.42827823758125305,0.13681334257125854
16203,0,5,explicit_mmr,quant_only,train,0.050873130559921265,0.11017262190580368,0.19225631654262543,0.007668697740882635,0.003213954623788595,0.6358153223991394
16210,2,5,multi_method_not_mmr,quant_only,train,0.009497896768152714,0.02979566715657711,0.1893303394317627,0.02089538238942623,0.0021564976777881384,0.7483242154121399
16211,3,5,no_method_signal,quant_only,train,0.0006868139607831836,0.0018673179438337684,0.14965352416038513,0.15615305304527283,0.0015750231686979532,0.6900642514228821
16213,2,4,multi_method_not_mmr,qual_only,train,0.0005529192276299,0.00294875493273139,0.23610205948352814,0.033637531101703644,0.678768515586853,0.04799024015665054
16231,0,1,explicit_mmr,implicit_mmr,train,0.3685600459575653,0.6134071946144104,0.008388589136302471,0.00010987075802404433,0.003703771624714136,0.005830461159348488
16270,4,4,qual_only,qual_only,train,0.0024286294355988503,0.008865970186889172,0.14417408406734467,0.0031239271629601717,0.8232536315917969,0.018153734505176544
16275,2,5,multi_method_not_mmr,quant_only,train,0.03210524097084999,0.035243917256593704,0.401038259267807,0.012896809726953506,0.02332967147231102,0.49538618326187134
16310,1,4,implicit_mmr,qual_only,train,0.2224675565958023,0.2223818600177765,0.0033851442858576775,9.421516733709723e-05,0.5508882403373718,0.0007830218528397381
16329,5,5,quant_only,quant_only,train,0.044984426349401474,0.09514641016721725,0.19415736198425293,0.005940193310379982,0.0016147141577675939,0.6581568717956543
16376,3,3,no_method_signal,no_method_signal,train,3.371855564182624e-05,0.00013443811621982604,0.009638901799917221,0.9820801019668579,0.0005591287626884878,0.007553675677627325
16379,0,0,explicit_mmr,explicit_mmr,train,0.5454734563827515,0.2642510235309601,0.0880669578909874,0.00038622572901658714,0.004727161955088377,0.09709510952234268
16380,0,1,explicit_mmr,implicit_mmr,train,0.3764294385910034,0.5329116582870483,0.05255770683288574,0.00023083030828274786,0.0057208361104130745,0.03214947506785393
16383,0,5,explicit_mmr,quant_only,train,0.19601675868034363,0.19696858525276184,0.26349329948425293,0.0012802479322999716,0.0036835256032645702,0.338557630777359
16420,5,5,quant_only,quant_only,train,0.00041381650953553617,0.0011941301636397839,0.29171454906463623,0.19634351134300232,0.013725479133427143,0.49660852551460266
16423,5,5,quant_only,quant_only,train,0.005769167561084032,0.04785153269767761,0.3847495913505554,0.014217937365174294,0.019562244415283203,0.527849555015564
16456,2,1,multi_method_not_mmr,implicit_mmr,train,0.16753774881362915,0.7777033448219299,0.00646425923332572,5.1080616685794666e-05,0.043439555913209915,0.004803955554962158
16462,3,3,no_method_signal,no_method_signal,train,2.7119353035232052e-05,0.00012197967589600012,0.017142903059720993,0.9753323197364807,0.002031235955655575,0.005344410426914692
16480,5,5,quant_only,quant_only,train,0.0034038368612527847,0.025075072422623634,0.10130619257688522,0.03907497227191925,0.0018132401164621115,0.8293266892433167
16483,3,3,no_method_signal,no_method_signal,train,8.959610568126664e-05,0.0006000727880746126,0.08195248246192932,0.8211567997932434,0.07189887762069702,0.024302184581756592
16488,4,4,qual_only,qual_only,train,0.023759128525853157,0.03940591961145401,0.007973698899149895,0.0002048120804829523,0.9277401566505432,0.0009162510395981371
16489,3,4,no_method_signal,qual_only,train,0.0006717719952575862,0.0021006304305046797,0.18480892479419708,0.026462653651833534,0.7707816362380981,0.015174344182014465
16505,3,3,no_method_signal,no_method_signal,train,2.2469514078693464e-05,0.0001513495371909812,0.014948166906833649,0.9732910990715027,0.00217917887493968,0.009407827630639076
16529,0,0,explicit_mmr,explicit_mmr,train,0.5726596713066101,0.2924008071422577,0.051509223878383636,0.00028470467077568173,0.05867292732000351,0.024472713470458984
16573,0,0,explicit_mmr,explicit_mmr,train,0.5475098490715027,0.37535369396209717,0.017222046852111816,0.00010074673627968878,0.048432353883981705,0.011381221003830433
16587,1,5,implicit_mmr,quant_only,train,0.21917946636676788,0.17937205731868744,0.18054580688476562,0.001915660104714334,0.004975881427526474,0.414011150598526
16591,2,5,multi_method_not_mmr,quant_only,train,0.0030213843565434217,0.01642955094575882,0.12632958590984344,0.05145127698779106,0.0012065365444868803,0.8015616536140442
16632,0,0,explicit_mmr,explicit_mmr,train,0.6321401000022888,0.33930742740631104,0.0014845294645056129,2.976834002765827e-05,0.026379134505987167,0.0006589808035641909
16634,0,0,explicit_mmr,explicit_mmr,train,0.635802686214447,0.3173368573188782,0.0010557074565440416,5.12932165293023e-05,0.04515376687049866,0.00059956667246297
16636,4,4,qual_only,qual_only,train,0.007833082228899002,0.021189967170357704,0.013228465802967548,0.00038366694934666157,0.9560579061508179,0.0013069412671029568
16637,5,5,quant_only,quant_only,train,0.04061362147331238,0.19068224728107452,0.14519384503364563,0.00695180706679821,0.005922013893723488,0.6106364130973816
16699,2,5,multi_method_not_mmr,quant_only,train,0.0057612936943769455,0.01597980596125126,0.2420298159122467,0.04714854434132576,0.0008782783406786621,0.6882023215293884
16708,3,3,no_method_signal,no_method_signal,train,2.630529888847377e-05,0.00022755212557967752,0.017951585352420807,0.965080738067627,0.0038644701708108187,0.01284947618842125
16709,3,3,no_method_signal,no_method_signal,train,3.069729427807033e-05,0.0001853272842708975,0.021728744730353355,0.9660868048667908,0.004787130281329155,0.0071813673712313175
16711,4,4,qual_only,qual_only,train,0.0014826722908765078,0.015735559165477753,0.33947664499282837,0.006992409471422434,0.5739434957504272,0.06236928328871727
16712,3,3,no_method_signal,no_method_signal,train,3.8331061659846455e-05,0.00020818276971112937,0.014917145483195782,0.9769631624221802,0.0012249976862221956,0.006648301612585783
16746,1,2,implicit_mmr,multi_method_not_mmr,train,0.05997512489557266,0.0823919028043747,0.46813371777534485,0.003841394791379571,0.023350989446043968,0.36230695247650146
16774,5,5,quant_only,quant_only,train,0.011764992959797382,0.04374359920620918,0.20345991849899292,0.020956208929419518,0.0017305165529251099,0.7183447480201721
16779,5,5,quant_only,quant_only,train,0.0003945775097236037,0.003992140293121338,0.09582339972257614,0.4339892864227295,0.002201333874836564,0.4635992646217346
16789,5,5,quant_only,quant_only,train,0.001661372254602611,0.018472477793693542,0.1373692750930786,0.1090698093175888,0.004417780786752701,0.7290093302726746
16794,3,3,no_method_signal,no_method_signal,train,4.6842480514897034e-05,0.0004176669754087925,0.04412359744310379,0.9026878476142883,0.003694472834467888,0.04902958497405052
16819,3,3,no_method_signal,no_method_signal,train,2.6556461307336576e-05,0.00014624939649365842,0.01873980462551117,0.9703173637390137,0.001650375546887517,0.009119600057601929
16833,4,4,qual_only,qual_only,train,0.0013070135610178113,0.005918807815760374,0.2130725234746933,0.00860570278018713,0.7268822193145752,0.044213708490133286
16850,4,4,qual_only,qual_only,train,0.011978763155639172,0.04620515555143356,0.007078333757817745,0.0003633741580415517,0.933199405670166,0.0011749856639653444
16857,0,1,explicit_mmr,implicit_mmr,train,0.2007601410150528,0.7250952124595642,0.015554113313555717,5.9379482991062105e-05,0.050951432436704636,0.0075796800665557384
16859,1,1,implicit_mmr,implicit_mmr,train,0.2347652167081833,0.5873437523841858,0.00165821542032063,0.00018762687977869064,0.17531238496303558,0.000732763553969562
16881,5,5,quant_only,quant_only,train,0.04595069959759712,0.19605012238025665,0.2725642919540405,0.00290991785004735,0.00834187027066946,0.4741830825805664
16897,5,5,quant_only,quant_only,train,0.01036418043076992,0.09945737570524216,0.24591995775699615,0.0054850648157298565,0.00883672758936882,0.6299366354942322
16911,5,5,quant_only,quant_only,train,0.002385804895311594,0.008396539837121964,0.19741013646125793,0.02968393824994564,0.0015161432093009353,0.7606073617935181
16925,1,1,implicit_mmr,implicit_mmr,train,0.17849048972129822,0.7422385811805725,0.0024735326878726482,0.00019195991626475006,0.07501977682113647,0.0015857338439673185
16932,4,4,qual_only,qual_only,train,0.015973474830389023,0.017371414229273796,0.08087970316410065,0.0015545309288427234,0.876700758934021,0.007520084735006094
16967,0,0,explicit_mmr,explicit_mmr,train,0.6174947023391724,0.3381001353263855,0.02362123690545559,0.00018355164502281696,0.00397965032607317,0.016620701178908348
17005,5,0,quant_only,explicit_mmr,train,0.6500255465507507,0.33772897720336914,0.0038652298972010612,7.715519313933328e-05,0.005488273687660694,0.0028147848788648844
17018,4,4,qual_only,qual_only,train,0.05154530331492424,0.15282931923866272,0.007628515362739563,0.000144827165058814,0.7864376306533813,0.0014143541920930147
17054,1,1,implicit_mmr,implicit_mmr,train,0.3602575957775116,0.49515387415885925,0.05438517779111862,0.0006056799320504069,0.0026351686101406813,0.08696255832910538
17056,0,0,explicit_mmr,explicit_mmr,train,0.6149551272392273,0.3740340769290924,0.0009139820467680693,6.952435796847567e-05,0.00945310853421688,0.0005741720087826252
17058,0,0,explicit_mmr,explicit_mmr,train,0.507977306842804,0.4743935763835907,0.0034083642531186342,2.8252086849533953e-05,0.012027609162032604,0.002164871897548437
17063,0,1,explicit_mmr,implicit_mmr,train,0.16188181936740875,0.6845541596412659,0.05867188423871994,0.0001813215931179002,0.03849514573812485,0.05621572211384773
17115,5,5,quant_only,quant_only,train,0.15799160301685333,0.2024616152048111,0.21850407123565674,0.0023783808574080467,0.1457679569721222,0.2728964388370514
17145,1,5,implicit_mmr,quant_only,train,0.14443537592887878,0.24957725405693054,0.1892538219690323,0.0023561452981084585,0.007254673168063164,0.4071226716041565
17180,4,4,qual_only,qual_only,train,0.04325072467327118,0.10450156033039093,0.006714151240885258,0.00016322157171089202,0.8440975546836853,0.0012726634740829468
17185,0,5,explicit_mmr,quant_only,train,0.2550657093524933,0.2607099711894989,0.1442040354013443,0.002132558263838291,0.0022263459395617247,0.3356614410877228
17197,0,1,explicit_mmr,implicit_mmr,train,0.34024009108543396,0.4037884473800659,0.06599859893321991,0.001144426641985774,0.0038180912379175425,0.18501031398773193
17264,4,4,qual_only,qual_only,train,0.00045791291631758213,0.0023235827684402466,0.35621780157089233,0.09348013997077942,0.48935478925704956,0.05816573649644852
17272,3,5,no_method_signal,quant_only,train,0.008856086060404778,0.04256017506122589,0.39528176188468933,0.011753774248063564,0.015121416188776493,0.5264267325401306
17278,5,5,quant_only,quant_only,train,0.003832119982689619,0.008247577585279942,0.12253768742084503,0.04749653488397598,0.0008932274067774415,0.8169928193092346
17279,5,5,quant_only,quant_only,train,0.0010593077167868614,0.003913199994713068,0.1444489061832428,0.09240800142288208,0.0013946093386039138,0.7567760348320007
17315,0,5,explicit_mmr,quant_only,train,0.002013807650655508,0.003188065020367503,0.2645312547683716,0.04579642415046692,0.0016599685186520219,0.6828104853630066
17322,1,1,implicit_mmr,implicit_mmr,train,0.2754863500595093,0.6952728033065796,0.003442625980824232,2.7646543458104134e-05,0.023752903565764427,0.0020175795070827007
17331,0,0,explicit_mmr,explicit_mmr,train,0.5184838175773621,0.35200169682502747,0.041309211403131485,0.00026880233781412244,0.058477431535720825,0.02945905365049839
17338,3,3,no_method_signal,no_method_signal,train,3.0309665817185305e-05,0.0001348481309833005,0.013149839825928211,0.9758232235908508,0.0005990107310935855,0.010262717492878437
17339,3,3,no_method_signal,no_method_signal,train,2.9775330403936096e-05,0.0001368527882732451,0.014204027131199837,0.9734887480735779,0.000605630804784596,0.011534941382706165
17365,4,4,qual_only,qual_only,train,0.0018011726206168532,0.004575081169605255,0.09482293576002121,0.002665954176336527,0.8893662095069885,0.00676872581243515
17389,2,2,multi_method_not_mmr,multi_method_not_mmr,train,0.003506367327645421,0.010607769712805748,0.656506359577179,0.014033515006303787,0.07460635155439377,0.2407395988702774
17406,5,5,quant_only,quant_only,train,0.00046038051368668675,0.0016379766166210175,0.12334191799163818,0.2275858372449875,0.005239303223788738,0.6417346000671387
17413,0,0,explicit_mmr,explicit_mmr,train,0.55208420753479,0.4168095588684082,0.012739254161715508,5.8106918004341424e-05,0.00864720344543457,0.009661618620157242
17425,0,1,explicit_mmr,implicit_mmr,train,0.27793237566947937,0.3183772563934326,0.13581551611423492,0.000772397848777473,0.1805914342403412,0.08651091903448105
17474,4,4,qual_only,qual_only,train,0.00278897094540298,0.00744671979919076,0.13150358200073242,0.002152801724150777,0.843348503112793,0.012759442441165447
17579,1,1,implicit_mmr,implicit_mmr,train,0.2643965184688568,0.6931715607643127,0.0014441307866945863,0.00011382867523934692,0.040207721292972565,0.0006661643274128437
17592,2,5,multi_method_not_mmr,quant_only,train,0.0005175967235118151,0.0034022685140371323,0.32776886224746704,0.06542318314313889,0.005629459861665964,0.5972585678100586
17598,2,2,multi_method_not_mmr,multi_method_not_mmr,train,0.001622942159883678,0.01957891695201397,0.6056132316589355,0.011059491895139217,0.18665777146816254,0.1754675805568695
17599,2,2,multi_method_not_mmr,multi_method_not_mmr,train,0.0011394340544939041,0.017405923455953598,0.49376359581947327,0.03724147379398346,0.04594344645738602,0.4045061469078064
17603,5,5,quant_only,quant_only,train,0.03266021981835365,0.06597292423248291,0.27325549721717834,0.004690040834248066,0.003062214469537139,0.6203590631484985
17639,2,4,multi_method_not_mmr,qual_only,train,0.0018118132138624787,0.004103211686015129,0.06300823390483856,0.0028835926204919815,0.924196183681488,0.003997007384896278
17659,1,0,implicit_mmr,explicit_mmr,train,0.5613190531730652,0.38262778520584106,0.024152526631951332,0.00012123830674681813,0.01503303274512291,0.016746386885643005
17729,2,5,multi_method_not_mmr,quant_only,train,0.02847008965909481,0.03897615522146225,0.28590303659439087,0.019144104793667793,0.005848631262779236,0.6216580271720886
17753,2,3,multi_method_not_mmr,no_method_signal,train,0.0004170082393102348,0.001956115709617734,0.2622905671596527,0.4580516815185547,0.0012141687329858541,0.2760704457759857
17759,3,3,no_method_signal,no_method_signal,train,0.00011438129149610177,0.0008491860935464501,0.08962377905845642,0.8415437936782837,0.00257322215475142,0.06529562175273895
17771,3,5,no_method_signal,quant_only,train,0.002119094831869006,0.007100760005414486,0.3252437114715576,0.1088213101029396,0.0013117153430357575,0.5554033517837524
17791,4,4,qual_only,qual_only,train,0.2157062590122223,0.24423298239707947,0.0019807498902082443,0.00023449270520359278,0.5372090935707092,0.0006363500724546611
17793,4,4,qual_only,qual_only,train,0.03847116604447365,0.06186176836490631,0.005664912983775139,0.00017288338858634233,0.8930059671401978,0.0008232740219682455
17796,4,4,qual_only,qual_only,train,0.09929745644330978,0.15653593838214874,0.005847088526934385,0.00010803540499182418,0.7371325492858887,0.0010788760846480727
17799,4,4,qual_only,qual_only,train,0.14614291489124298,0.20198626816272736,0.0030337641946971416,0.00013803638285025954,0.6478786468505859,0.0008203276665881276
17801,4,4,qual_only,qual_only,train,0.0652766302227974,0.10441412776708603,0.004292873665690422,0.0001479765778640285,0.8250846862792969,0.0007836984004825354
17847,2,3,multi_method_not_mmr,no_method_signal,train,0.000132282410049811,0.00030341316596604884,0.24081911146640778,0.6480192542076111,0.007005177903920412,0.1037207767367363
17857,4,3,qual_only,no_method_signal,train,0.0003530880785547197,0.0016591295134276152,0.12184087187051773,0.6240827441215515,0.0013304047752171755,0.25073379278182983
17874,0,1,explicit_mmr,implicit_mmr,train,0.40855804085731506,0.5522968173027039,0.001517720753327012,8.149815403157845e-05,0.03700488060712814,0.0005410359590314329
17916,5,5,quant_only,quant_only,train,0.0015559394378215075,0.004784271586686373,0.1018187403678894,0.13101650774478912,0.0009546845103614032,0.7598698735237122
17917,5,5,quant_only,quant_only,train,0.0012980381725355983,0.005244901403784752,0.08013781905174255,0.10028620809316635,0.0013233304489403963,0.8117097020149231
17939,1,1,implicit_mmr,implicit_mmr,train,0.19944334030151367,0.7302665710449219,0.007064697332680225,4.099980287719518e-05,0.05747765302658081,0.0057066138833761215
17947,5,5,quant_only,quant_only,train,0.0057831816375255585,0.022461194545030594,0.15321364998817444,0.0497782938182354,0.0015835011145099998,0.7671802639961243
17948,1,1,implicit_mmr,implicit_mmr,train,0.17443042993545532,0.7927171587944031,0.005501726176589727,4.9935570132220164e-05,0.02307448349893093,0.0042263506911695
17963,1,1,implicit_mmr,implicit_mmr,train,0.06307946890592575,0.44728559255599976,0.2299085557460785,0.0005603496683761477,0.08687030524015427,0.17229576408863068
17964,1,1,implicit_mmr,implicit_mmr,train,0.3321995735168457,0.593710720539093,0.001175585901364684,0.00010210515756625682,0.07212740927934647,0.0006845109746791422
17965,0,1,explicit_mmr,implicit_mmr,train,0.2819923162460327,0.5890572667121887,0.057882729917764664,0.00018135157006327063,0.009656434878706932,0.061229802668094635
17976,4,1,qual_only,implicit_mmr,train,0.13035383820533752,0.5602245330810547,0.0049170819111168385,0.00023393231094814837,0.3009900152683258,0.003280579810962081
17977,0,0,explicit_mmr,explicit_mmr,train,0.46224403381347656,0.4375019669532776,0.04704718664288521,0.0002759441267699003,0.004569175187498331,0.048361632972955704
17995,2,3,multi_method_not_mmr,no_method_signal,train,0.00025905933580361307,0.0034952107816934586,0.32662367820739746,0.4084683060646057,0.03096824884414673,0.23018552362918854
18000,2,5,multi_method_not_mmr,quant_only,train,0.0010812546825036407,0.013625996187329292,0.23830562829971313,0.11508239060640335,0.04198174923658371,0.5899229645729065
18012,4,1,qual_only,implicit_mmr,train,0.4370792806148529,0.4412827789783478,0.04441458359360695,0.00014830158033873886,0.05075443908572197,0.02632063813507557
18058,2,5,multi_method_not_mmr,quant_only,train,0.0007740091532468796,0.0026358570903539658,0.11584517359733582,0.19364091753959656,0.0022668030578643084,0.6848372220993042
18062,0,0,explicit_mmr,explicit_mmr,train,0.48312363028526306,0.38861533999443054,0.06324152648448944,0.00013379857409745455,0.013720364309847355,0.051165394484996796
18073,0,1,explicit_mmr,implicit_mmr,train,0.27106785774230957,0.6589962244033813,0.012593470513820648,3.433543679420836e-05,0.05064821615815163,0.006659870035946369
18087,4,4,qual_only,qual_only,train,0.004343695938587189,0.012055989354848862,0.03196892514824867,0.0007385325734503567,0.9479026794433594,0.0029902111273258924
18101,2,1,multi_method_not_mmr,implicit_mmr,train,0.15849646925926208,0.2656024694442749,0.24694837629795074,0.0009150460828095675,0.06763157993555069,0.260405957698822
18116,1,1,implicit_mmr,implicit_mmr,train,0.21728500723838806,0.7678793668746948,0.002269815420731902,0.00010604912677081302,0.01104069221764803,0.0014191590016707778
18120,0,0,explicit_mmr,explicit_mmr,train,0.6284403800964355,0.3224223256111145,0.012742476537823677,8.218526636483148e-05,0.030467944219708443,0.005844815168529749
18131,0,0,explicit_mmr,explicit_mmr,train,0.5490513443946838,0.42733848094940186,0.011194772087037563,0.0001050545834004879,0.005587908439338207,0.006722448393702507
18135,1,1,implicit_mmr,implicit_mmr,train,0.15518128871917725,0.8147256970405579,0.012440415099263191,0.0001081068767234683,0.007008897606283426,0.0105356490239501
18153,4,1,qual_only,implicit_mmr,train,0.38648781180381775,0.5481778383255005,0.024699974805116653,8.596965199103579e-05,0.025166628882288933,0.01538166031241417
18159,1,1,implicit_mmr,implicit_mmr,train,0.43090641498565674,0.5038377046585083,0.0009011160000227392,5.818291538162157e-05,0.06382983922958374,0.00046670681331306696
18187,0,0,explicit_mmr,explicit_mmr,train,0.587308943271637,0.3982216715812683,0.0024386285804212093,3.8340156606864184e-05,0.010279378853738308,0.0017129953484982252
18216,4,4,qual_only,qual_only,train,0.005332842003554106,0.010653280653059483,0.040965087711811066,0.0007643194985575974,0.9387587904930115,0.003525699023157358
18224,3,3,no_method_signal,no_method_signal,train,3.860780634568073e-05,0.00026908304425887764,0.03748444840312004,0.9456529021263123,0.0036714861635118723,0.012883452698588371
18301,0,5,explicit_mmr,quant_only,train,0.002750087296590209,0.02173948474228382,0.31236976385116577,0.05270327255129814,0.003508142428472638,0.6069292426109314
18313,1,1,implicit_mmr,implicit_mmr,train,0.20336434245109558,0.7697650194168091,0.008697489276528358,3.37906603817828e-05,0.011789725162088871,0.006349683273583651
18315,4,4,qual_only,qual_only,train,0.003960005473345518,0.011091906577348709,0.04851951450109482,0.0007830839022062719,0.9315533638000488,0.0040921615436673164
18318,4,4,qual_only,qual_only,train,0.0024308767169713974,0.008674115873873234,0.07235191017389297,0.0013361753663048148,0.906573474407196,0.008633408695459366
18327,1,1,implicit_mmr,implicit_mmr,train,0.3125787675380707,0.6650062799453735,0.00807078555226326,3.088675293838605e-05,0.00911521352827549,0.005198042839765549
18334,1,1,implicit_mmr,implicit_mmr,train,0.4380377233028412,0.5445963144302368,0.0041821799241006374,2.674461757123936e-05,0.01026289351284504,0.0028941472992300987
18342,0,0,explicit_mmr,explicit_mmr,train,0.5608620643615723,0.3946932852268219,0.016320396214723587,7.0742164098192e-05,0.019001517444849014,0.009052056819200516
18349,4,4,qual_only,qual_only,train,0.00308859976939857,0.010090705938637257,0.06940842419862747,0.0011761304922401905,0.9065294861793518,0.009706705808639526
18356,0,0,explicit_mmr,explicit_mmr,train,0.7033510804176331,0.26727917790412903,0.005743828602135181,3.642900628619827e-05,0.020243439823389053,0.003346036421135068
18357,0,0,explicit_mmr,explicit_mmr,train,0.7865967154502869,0.18452607095241547,0.007123913615942001,5.0062484660884365e-05,0.017559750005602837,0.004143488127738237
18358,0,0,explicit_mmr,explicit_mmr,train,0.7413035035133362,0.24133466184139252,0.003349550999701023,4.5982858864590526e-05,0.011649101972579956,0.0023171170614659786
18361,5,5,quant_only,quant_only,train,0.0015001308638602495,0.0018131904071196914,0.2990766167640686,0.060812681913375854,0.0013680625706911087,0.635429322719574
18365,1,0,implicit_mmr,explicit_mmr,train,0.548941433429718,0.16931606829166412,0.14161206781864166,0.0009213589364662766,0.019127773120999336,0.12008129060268402
18366,0,0,explicit_mmr,explicit_mmr,train,0.6435010433197021,0.32491534948349,0.0020629800856113434,3.0638570024166256e-05,0.02853437513113022,0.0009556518634781241
18377,3,5,no_method_signal,quant_only,train,0.0008579190471209586,0.0031292333733290434,0.09459207952022552,0.14886963367462158,0.0014569859486073256,0.7510941028594971
18391,0,0,explicit_mmr,explicit_mmr,train,0.6204456686973572,0.20756232738494873,0.06309670954942703,0.0006550521939061582,0.0037822008598595858,0.10445805639028549
18396,2,5,multi_method_not_mmr,quant_only,train,0.0005119590787217021,0.0015082211466506124,0.13598741590976715,0.19259518384933472,0.001529862405732274,0.6678673624992371
18397,5,5,quant_only,quant_only,train,0.0003533574636094272,0.0020842019002884626,0.06937211751937866,0.4165169298648834,0.001717615406960249,0.5099557638168335
18422,1,1,implicit_mmr,implicit_mmr,train,0.24732109904289246,0.49068203568458557,0.006669463589787483,7.39047463866882e-05,0.2526233196258545,0.0026301436591893435
18424,0,0,explicit_mmr,explicit_mmr,train,0.558652400970459,0.35373759269714355,0.044516731053590775,0.0003527725348249078,0.002435356378555298,0.04030512645840645
18425,1,0,implicit_mmr,explicit_mmr,train,0.4415152668952942,0.401327908039093,0.0024794740602374077,4.707382686319761e-05,0.15354867279529572,0.001081579364836216
18438,5,5,quant_only,quant_only,train,0.12740883231163025,0.27866020798683167,0.20249317586421967,0.0032522245310246944,0.002699801465496421,0.38548579812049866
18444,1,5,implicit_mmr,quant_only,train,0.04878275468945503,0.1486036777496338,0.192327618598938,0.00353260594420135,0.0033432713244110346,0.6034100651741028
18451,0,1,explicit_mmr,implicit_mmr,train,0.4685165584087372,0.5092032551765442,0.011218216270208359,0.00021032124641351402,0.0025648276787251234,0.008286786265671253
18465,0,0,explicit_mmr,explicit_mmr,train,0.5658166408538818,0.36290794610977173,0.021359531208872795,8.870756573742256e-05,0.036528054624795914,0.013299116864800453
18499,3,3,no_method_signal,no_method_signal,train,7.08892839611508e-05,0.00020835836767219007,0.015539353713393211,0.9757034182548523,0.0005273933056741953,0.00795070268213749
18517,2,2,multi_method_not_mmr,multi_method_not_mmr,train,0.004926728084683418,0.013603657484054565,0.6095294952392578,0.018696710467338562,0.031012633815407753,0.3222307860851288
18580,1,5,implicit_mmr,quant_only,train,0.06356693804264069,0.2369322031736374,0.2854970097541809,0.0016498755430802703,0.007723513524979353,0.40463051199913025
18587,4,4,qual_only,qual_only,train,0.041893910616636276,0.09583262354135513,0.004367360845208168,0.00018499167344998568,0.8569896221160889,0.0007314881077036262
18593,4,4,qual_only,qual_only,train,0.0621604397892952,0.11143632233142853,0.004411948379129171,0.00014182657469063997,0.8211081027984619,0.0007413506391458213
18651,1,4,implicit_mmr,qual_only,train,0.04359572008252144,0.0887560173869133,0.01862442120909691,0.0001795260759536177,0.8459389209747314,0.0029053634498268366
18681,5,5,quant_only,quant_only,train,0.0011513035278767347,0.0060796537436544895,0.2458302229642868,0.15270045399665833,0.001102504669688642,0.5931358933448792
18688,5,5,quant_only,quant_only,train,0.008915753103792667,0.020056718960404396,0.23732483386993408,0.033318810164928436,0.0016773872775956988,0.6987065076828003
18695,3,3,no_method_signal,no_method_signal,train,3.6573357647284865e-05,0.00020682194735854864,0.04567433148622513,0.9312848448753357,0.007569973822683096,0.01522738765925169
18748,0,1,explicit_mmr,implicit_mmr,train,0.21607403457164764,0.6737455129623413,0.006705327890813351,4.729684587800875e-05,0.10011645406484604,0.0033113393001258373
18784,2,5,multi_method_not_mmr,quant_only,train,0.0021722796373069286,0.0056995064951479435,0.2863138020038605,0.11668794602155685,0.007089786231517792,0.5820367336273193
18803,1,2,implicit_mmr,multi_method_not_mmr,train,0.0004685887251980603,0.00241314759477973,0.37324628233909607,0.288368821144104,0.1637679636478424,0.17173521220684052
18804,4,4,qual_only,qual_only,train,0.012372283264994621,0.018695782870054245,0.04157661274075508,0.0007412680424749851,0.9236811399459839,0.0029329743701964617
18809,5,5,quant_only,quant_only,train,0.007108766119927168,0.025539103895425797,0.2395743429660797,0.045337382704019547,0.0016992755699902773,0.6807411313056946
18811,5,5,quant_only,quant_only,train,0.004703521728515625,0.013515482656657696,0.24218738079071045,0.028979504480957985,0.0017655674600973725,0.7088484764099121
18868,1,1,implicit_mmr,implicit_mmr,train,0.2381722778081894,0.7139545679092407,0.02055673487484455,0.00012725005217362195,0.004284438211470842,0.022904759272933006
18872,0,1,explicit_mmr,implicit_mmr,train,0.4351532459259033,0.5216876268386841,0.02308051288127899,0.0003498747537378222,0.0026608172338455915,0.017068015411496162
18893,1,0,implicit_mmr,explicit_mmr,train,0.7730131149291992,0.2121485024690628,0.004944710526615381,6.896998092997819e-05,0.006647153291851282,0.003177529200911522
18905,0,0,explicit_mmr,explicit_mmr,train,0.6403219103813171,0.32938140630722046,0.001301343203522265,3.7399113352876157e-05,0.02850927785038948,0.0004486374673433602
18911,4,4,qual_only,qual_only,train,0.01166649628430605,0.025492168962955475,0.009084507822990417,0.00029156700475141406,0.9522839188575745,0.0011813347227871418
18913,4,4,qual_only,qual_only,train,0.012229735031723976,0.030763763934373856,0.008232063613831997,0.00028039843891747296,0.9473413228988647,0.0011526915477588773
18917,4,4,qual_only,qual_only,train,0.014288772828876972,0.030849726870656013,0.008389352820813656,0.00026074727065861225,0.9450578093528748,0.0011536036618053913
18919,1,0,implicit_mmr,explicit_mmr,train,0.6225973963737488,0.3675667345523834,0.0021878890693187714,8.021387475309893e-05,0.0059793912805616856,0.0015883130254223943
18923,0,0,explicit_mmr,explicit_mmr,train,0.5335266590118408,0.45057570934295654,0.0011827716371044517,4.27426966780331e-05,0.014021161943674088,0.0006509281229227781
18924,0,0,explicit_mmr,explicit_mmr,train,0.652622401714325,0.3217042088508606,0.011281493119895458,0.00011272603296674788,0.003880984615534544,0.010398173704743385
18930,0,0,explicit_mmr,explicit_mmr,train,0.6787301898002625,0.2227099984884262,0.041708119213581085,0.00032610067864879966,0.0044195158407092094,0.05210617184638977
18942,1,1,implicit_mmr,implicit_mmr,train,0.3677295744419098,0.59043288230896,0.0011694958666339517,4.392069604364224e-05,0.04002970829606056,0.0005943861324340105
18953,1,0,implicit_mmr,explicit_mmr,train,0.5074582099914551,0.4424751102924347,0.0015064567560330033,3.306530197733082e-05,0.047954756766557693,0.000572345161344856
18962,0,0,explicit_mmr,explicit_mmr,train,0.5884436368942261,0.2709478437900543,0.06310407817363739,0.0003773906792048365,0.022299442440271378,0.05482752248644829
18968,2,4,multi_method_not_mmr,qual_only,train,0.10957496613264084,0.060297757387161255,0.26950716972351074,0.01074591837823391,0.3797612488269806,0.1701129525899887
19018,0,0,explicit_mmr,explicit_mmr,train,0.6694393754005432,0.2806865870952606,0.021608009934425354,0.000106672196125146,0.012553547509014606,0.015605797991156578
19042,1,1,implicit_mmr,implicit_mmr,train,0.4422590434551239,0.5404849648475647,0.0046687922440469265,2.794137799355667e-05,0.00921623781323433,0.0033430468756705523
19054,3,3,no_method_signal,no_method_signal,train,2.2794443793827668e-05,0.00013197463704273105,0.013274116441607475,0.9761092662811279,0.0011039547389373183,0.009357922710478306
19068,0,0,explicit_mmr,explicit_mmr,train,0.6576510667800903,0.2999054491519928,0.004105207044631243,4.8879508540267125e-05,0.037056323140859604,0.00123307341709733
19071,3,5,no_method_signal,quant_only,train,0.0020816323813050985,0.013998833484947681,0.15187005698680878,0.07721276581287384,0.001926381723023951,0.7529103755950928
19073,3,3,no_method_signal,no_method_signal,train,0.00021537243446800858,0.001595502719283104,0.14141246676445007,0.5499972105026245,0.004053843207657337,0.30272558331489563
19090,3,3,no_method_signal,no_method_signal,train,7.299327262444422e-05,0.00030564452754333615,0.021493155509233475,0.9584726095199585,0.00043749064207077026,0.019218076020479202
19110,3,2,no_method_signal,multi_method_not_mmr,train,0.0009445641189813614,0.007940064184367657,0.5813242793083191,0.06909725815057755,0.042229559272527695,0.29846423864364624
19132,3,3,no_method_signal,no_method_signal,train,4.2951927753165364e-05,0.00036673113936558366,0.05301253870129585,0.8899024128913879,0.002822407754138112,0.053853001445531845
19144,5,4,quant_only,qual_only,train,0.0003357831737957895,0.0021180021576583385,0.39255204796791077,0.10709952563047409,0.43492522835731506,0.06296942383050919
19170,1,1,implicit_mmr,implicit_mmr,train,0.3719141185283661,0.4292343556880951,0.08887843042612076,0.00020466952992137522,0.061652425676584244,0.0481160432100296
19188,0,0,explicit_mmr,explicit_mmr,train,0.7016230225563049,0.2425166368484497,0.022367404773831367,0.00010237646347377449,0.015375139191746712,0.018015414476394653
19197,2,0,multi_method_not_mmr,explicit_mmr,train,0.5805286169052124,0.3928147852420807,0.010031026788055897,0.00012259669892955571,0.0031144716776907444,0.013388401828706264
19200,2,1,multi_method_not_mmr,implicit_mmr,train,0.3192547857761383,0.5335057973861694,0.06688357144594193,0.000714139430783689,0.0024126581847667694,0.07722898572683334
19224,2,5,multi_method_not_mmr,quant_only,train,0.001506573986262083,0.012638364918529987,0.18279582262039185,0.06931356340646744,0.004437187686562538,0.7293084859848022
19252,5,5,quant_only,quant_only,train,0.012859765440225601,0.01946302317082882,0.20793674886226654,0.013738702982664108,0.0027552188839763403,0.7432464957237244
19266,4,4,qual_only,qual_only,train,0.0010424409992992878,0.0034752008505165577,0.2263578474521637,0.014549804851412773,0.7180187702178955,0.036555953323841095
19271,2,3,multi_method_not_mmr,no_method_signal,train,0.0002313742006663233,0.0012987862573936582,0.37025830149650574,0.39296290278434753,0.20063132047653198,0.034617308527231216
19277,0,1,explicit_mmr,implicit_mmr,train,0.3392094671726227,0.6398403644561768,0.0021874692756682634,3.420516077312641e-05,0.017516998574137688,0.0012114500859752297
19347,0,0,explicit_mmr,explicit_mmr,train,0.33355236053466797,0.21981362998485565,0.18028698861598969,0.0012519299052655697,0.008181790821254253,0.2569132447242737
19352,0,0,explicit_mmr,explicit_mmr,train,0.5297572612762451,0.44894757866859436,0.00968342088162899,0.00020516406220849603,0.0038454399909824133,0.00756107596680522
19362,0,1,explicit_mmr,implicit_mmr,train,0.1637817621231079,0.7806122303009033,0.023406945168972015,0.00011008667934220284,0.010783564299345016,0.021305376663804054
19372,5,5,quant_only,quant_only,train,0.033492933958768845,0.059544555842876434,0.20495449006557465,0.013293631374835968,0.0025593347381800413,0.6861550807952881
19386,1,1,implicit_mmr,implicit_mmr,train,0.20210829377174377,0.770878791809082,0.008719071745872498,3.376740642124787e-05,0.011898177675902843,0.006361884996294975
19393,5,5,quant_only,quant_only,train,0.005017620511353016,0.01740535907447338,0.21853099763393402,0.01640167459845543,0.0028603135142475367,0.7397840619087219
19402,5,5,quant_only,quant_only,train,0.0028101152274757624,0.01715797930955887,0.21169453859329224,0.03362485021352768,0.0018657539039850235,0.732846736907959
19405,1,1,implicit_mmr,implicit_mmr,train,0.16175153851509094,0.7416897416114807,0.03333209455013275,0.00011072326014982536,0.03174269199371338,0.03137325122952461
19422,0,1,explicit_mmr,implicit_mmr,train,0.4424000084400177,0.517828643321991,0.013490877114236355,5.476933438330889e-05,0.014865915291011333,0.01135971862822771
19424,4,4,qual_only,qual_only,train,0.0009293649927712977,0.003602910554036498,0.20485760271549225,0.01245816145092249,0.7557324171066284,0.022419532760977745
19439,0,1,explicit_mmr,implicit_mmr,train,0.37448176741600037,0.5413201451301575,0.0446460135281086,0.00043057510629296303,0.00321321003139019,0.0359082967042923
19452,5,5,quant_only,quant_only,train,0.00589712243527174,0.01752462424337864,0.1764087975025177,0.028590410947799683,0.001517780707217753,0.770061194896698
19466,0,0,explicit_mmr,explicit_mmr,train,0.5504321455955505,0.366287499666214,0.040662843734025955,0.00021374874631874263,0.0072032068856060505,0.035200588405132294
19487,5,5,quant_only,quant_only,train,0.0029804666992276907,0.01409226842224598,0.128375843167305,0.06283614039421082,0.0016948275733739138,0.7900204658508301
19488,3,5,no_method_signal,quant_only,train,0.0026189337950199842,0.011273566633462906,0.09446333348751068,0.09522594511508942,0.001209037727676332,0.7952092289924622
19522,2,2,multi_method_not_mmr,multi_method_not_mmr,train,0.0016907112440094352,0.020453013479709625,0.5128118991851807,0.010479395277798176,0.2821923494338989,0.17237265408039093
19556,2,5,multi_method_not_mmr,quant_only,train,0.0010555980261415243,0.0033832737244665623,0.29268139600753784,0.21785873174667358,0.0010876511223614216,0.48393329977989197
19559,0,0,explicit_mmr,explicit_mmr,train,0.55145663022995,0.3680258095264435,0.035082004964351654,0.00012557971058413386,0.010070708580315113,0.03523924946784973
19561,0,1,explicit_mmr,implicit_mmr,train,0.392068088054657,0.4610012173652649,0.06611695885658264,0.0001773760304786265,0.009976726956665516,0.07065967470407486
19564,0,0,explicit_mmr,explicit_mmr,train,0.4878886938095093,0.33269619941711426,0.08266020566225052,0.00023753326968289912,0.006751661188900471,0.08976574242115021
19621,0,1,explicit_mmr,implicit_mmr,train,0.3713492751121521,0.5824885368347168,0.0009704651893116534,5.747181421611458e-05,0.04467898607254028,0.0004552141181193292
19653,0,0,explicit_mmr,explicit_mmr,train,0.4660375118255615,0.4415096640586853,0.036718398332595825,0.00013856474834028631,0.025745142251253128,0.029850812628865242
19706,4,4,qual_only,qual_only,train,0.010788414627313614,0.021768435835838318,0.17127805948257446,0.0021826650481671095,0.7345709204673767,0.05941152200102806
19731,2,2,multi_method_not_mmr,multi_method_not_mmr,train,0.015931548550724983,0.018514471128582954,0.5426182746887207,0.01581285148859024,0.003182443557307124,0.40394043922424316
19733,0,4,explicit_mmr,qual_only,train,0.015142882242798805,0.03415193781256676,0.00765408156439662,0.00026594928931444883,0.9418309926986694,0.0009541373001411557
19754,2,4,multi_method_not_mmr,qual_only,train,0.009884556755423546,0.013623026199638844,0.0461847148835659,0.0006788161117583513,0.9264766573905945,0.003152201883494854
19764,0,0,explicit_mmr,explicit_mmr,train,0.5215590000152588,0.45694053173065186,0.004431642591953278,3.898848808603361e-05,0.014144173823297024,0.002885649213567376
19766,0,1,explicit_mmr,implicit_mmr,train,0.260177880525589,0.6020594239234924,0.0581691600382328,0.00023542057897429913,0.010557884350419044,0.068800188601017
19770,0,1,explicit_mmr,implicit_mmr,train,0.29229071736335754,0.6875165104866028,0.0019662766717374325,7.304370956262574e-05,0.017007850110530853,0.0011457045329734683
19774,1,1,implicit_mmr,implicit_mmr,train,0.4247187674045563,0.5358965396881104,0.0015568535309284925,4.484030796447769e-05,0.036642733961343765,0.0011402829550206661
19827,4,4,qual_only,qual_only,train,0.08399298042058945,0.17580194771289825,0.1511317491531372,0.0004560491943266243,0.5468091368675232,0.04180804267525673
19846,4,0,qual_only,explicit_mmr,train,0.37767404317855835,0.19791416823863983,0.1827489286661148,0.0019361894810572267,0.09676086902618408,0.14296585321426392
19870,1,0,implicit_mmr,explicit_mmr,train,0.713969349861145,0.24791382253170013,0.017426392063498497,0.00011200521839782596,0.006800065282732248,0.013778317719697952
19937,0,0,explicit_mmr,explicit_mmr,train,0.47421127557754517,0.3075733780860901,0.10994648188352585,0.0005611655069515109,0.00506890332326293,0.10263876616954803
19978,1,1,implicit_mmr,implicit_mmr,train,0.37630757689476013,0.4393002688884735,0.08733705431222916,0.000331472372636199,0.008801935240626335,0.08792176842689514
19991,1,0,implicit_mmr,explicit_mmr,train,0.5618406534194946,0.27418023347854614,0.07318250089883804,0.00035950474557466805,0.028736727312207222,0.06170041486620903
19992,1,1,implicit_mmr,implicit_mmr,train,0.3659055233001709,0.42773547768592834,0.08714260160923004,0.0005974866799078882,0.004323189612478018,0.11429568380117416
19993,1,5,implicit_mmr,quant_only,train,0.09339325875043869,0.17022009193897247,0.2915395498275757,0.004499791655689478,0.019375164061784744,0.42097216844558716
20048,0,5,explicit_mmr,quant_only,train,0.03147977218031883,0.04419923946261406,0.21734625101089478,0.015904424712061882,0.0009530649404041469,0.6901172399520874
20108,4,1,qual_only,implicit_mmr,train,0.03848396986722946,0.3527638614177704,0.243362158536911,0.001098777400329709,0.16962507367134094,0.19466611742973328
20122,0,0,explicit_mmr,explicit_mmr,train,0.6561636924743652,0.33166974782943726,0.0013955648755654693,4.9396567192161456e-05,0.009549246169626713,0.0011723206844180822
20124,0,0,explicit_mmr,explicit_mmr,train,0.6442602276802063,0.342866986989975,0.0018459322163835168,3.9859300159150735e-05,0.009951075538992882,0.001035909284837544
20127,1,4,implicit_mmr,qual_only,train,0.09152734279632568,0.09064580500125885,0.025337789207696915,0.0001906954130390659,0.7889634966850281,0.0033349040895700455
20131,3,5,no_method_signal,quant_only,train,0.0005952087230980396,0.0027165180072188377,0.2671821415424347,0.22603817284107208,0.005188919138163328,0.49827900528907776
20175,5,5,quant_only,quant_only,train,0.0006560650654137135,0.002595218364149332,0.259657084941864,0.2626573443412781,0.0014069430762901902,0.4730273187160492
20176,3,3,no_method_signal,no_method_signal,train,3.1023337214719504e-05,0.00015605473890900612,0.012563674710690975,0.978820264339447,0.0007819733000360429,0.007647044025361538
20218,1,0,implicit_mmr,explicit_mmr,train,0.6595036387443542,0.3232303261756897,0.003480656770989299,4.280447683413513e-05,0.011962464079260826,0.0017802589572966099
20250,3,3,no_method_signal,no_method_signal,train,5.954897642368451e-05,0.0003001439617946744,0.08549650013446808,0.8459759950637817,0.006876706145703793,0.06129114702343941
20258,3,3,no_method_signal,no_method_signal,train,0.00028457361622713506,0.0010218460811302066,0.11211782693862915,0.4929565489292145,0.0014162218431010842,0.39220288395881653
20306,0,0,explicit_mmr,explicit_mmr,train,0.4731430113315582,0.46285930275917053,0.027087964117527008,0.00010345584450988099,0.012950608506798744,0.023855676874518394
20356,4,4,qual_only,qual_only,train,0.1350630521774292,0.18685872852802277,0.0030134390108287334,0.00017635706171859056,0.6741963624954224,0.0006921027670614421
20358,0,0,explicit_mmr,explicit_mmr,train,0.7771718502044678,0.17910067737102509,0.01884545013308525,8.425892156083137e-05,0.01178319938480854,0.013014663010835648
20359,4,4,qual_only,qual_only,train,0.01621326431632042,0.04062482714653015,0.006958669051527977,0.0002436090144328773,0.9350541234016418,0.0009055834379978478
20365,1,1,implicit_mmr,implicit_mmr,train,0.28870639204978943,0.5173032879829407,0.001357685192488134,0.00011483486741781235,0.1920304000377655,0.00048740976490080357
20371,5,5,quant_only,quant_only,train,0.005247415974736214,0.025830790400505066,0.22226862609386444,0.023442618548870087,0.002036122139543295,0.721174418926239
20387,1,1,implicit_mmr,implicit_mmr,train,0.42931610345840454,0.5530301928520203,0.003708694828674197,2.466759724484291e-05,0.011331991292536259,0.002588356612250209
20392,3,3,no_method_signal,no_method_signal,train,2.8079999538022093e-05,0.0002190996747231111,0.025218158960342407,0.936816394329071,0.002430953783914447,0.03528731316328049
20400,4,4,qual_only,qual_only,train,0.0016406470676884055,0.005280673503875732,0.3858643174171448,0.02657373994588852,0.5466605424880981,0.03398005664348602
20414,2,2,multi_method_not_mmr,multi_method_not_mmr,train,0.0009013758390210569,0.0024580738972872496,0.6165187358856201,0.08163733780384064,0.03492147475481033,0.26356303691864014
20426,0,0,explicit_mmr,explicit_mmr,train,0.6173851490020752,0.3661695420742035,0.0026777032762765884,5.0056194595526904e-05,0.012523625046014786,0.0011938842944800854
20437,0,0,explicit_mmr,explicit_mmr,train,0.7252658605575562,0.2639663517475128,0.0036429252941161394,0.0001131663957494311,0.004935349803417921,0.0020762255880981684
20466,3,5,no_method_signal,quant_only,train,0.002170068910345435,0.004630164708942175,0.11633535474538803,0.09781897813081741,0.0020168342161923647,0.7770286202430725
20495,0,0,explicit_mmr,explicit_mmr,train,0.62804114818573,0.2939234972000122,0.03778539597988129,0.00014328057295642793,0.008067295886576176,0.032039351761341095
20498,1,1,implicit_mmr,implicit_mmr,train,0.047172099351882935,0.4930780827999115,0.21399055421352386,0.0006524853524751961,0.04028327390551567,0.20482352375984192
20511,1,1,implicit_mmr,implicit_mmr,train,0.34042981266975403,0.5918338298797607,0.031078455969691277,0.0001694937818683684,0.004442051984369755,0.032046396285295486
20514,1,1,implicit_mmr,implicit_mmr,train,0.43316414952278137,0.5439534783363342,0.006406566593796015,2.6498999432078563e-05,0.011943913996219635,0.00450535211712122
20562,0,1,explicit_mmr,implicit_mmr,train,0.25748443603515625,0.6521978974342346,0.0013516501057893038,0.0002029406896326691,0.08821352571249008,0.0005495343939401209
20589,0,0,explicit_mmr,explicit_mmr,train,0.4530063271522522,0.4403358995914459,0.052310146391391754,0.00010588294389890507,0.01337055116891861,0.04087116941809654
20600,1,1,implicit_mmr,implicit_mmr,train,0.4477960467338562,0.45186910033226013,0.04787319526076317,0.00012935609265696257,0.01780708134174347,0.034525252878665924
20619,5,5,quant_only,quant_only,train,0.0007058980991132557,0.006125025916844606,0.1871883124113083,0.11762983351945877,0.0024168400559574366,0.6859341263771057
20632,0,2,explicit_mmr,multi_method_not_mmr,train,0.1658928543329239,0.07997041940689087,0.37820687890052795,0.0071989623829722404,0.06290381401777267,0.3058271110057831
20637,3,5,no_method_signal,quant_only,train,0.0009822527645155787,0.003548045875504613,0.11229296773672104,0.17795638740062714,0.0032026944682002068,0.702017605304718
20642,0,5,explicit_mmr,quant_only,train,0.1874208152294159,0.11491613835096359,0.31496405601501465,0.004151598550379276,0.007389059290289879,0.3711583614349365
20653,0,0,explicit_mmr,explicit_mmr,train,0.6310151219367981,0.35056301951408386,0.0016674349317327142,3.622667645686306e-05,0.015766363590955734,0.0009517649305053055
20656,0,1,explicit_mmr,implicit_mmr,train,0.31115826964378357,0.4909830391407013,0.09736054390668869,0.00026720171445049345,0.03827805817127228,0.06195295229554176
20664,0,1,explicit_mmr,implicit_mmr,train,0.38085994124412537,0.555698812007904,0.021695608273148537,6.520649185404181e-05,0.029295887798070908,0.012384626083076
20667,4,4,qual_only,qual_only,train,0.07752780616283417,0.32165709137916565,0.0056439293548464775,0.0001666969619691372,0.5931759476661682,0.001828509266488254
20672,1,1,implicit_mmr,implicit_mmr,train,0.2832311689853668,0.672947108745575,0.02097540721297264,8.280484325950965e-05,0.0060809096321463585,0.016682736575603485
20679,1,0,implicit_mmr,explicit_mmr,train,0.31077834963798523,0.3010367453098297,0.18900567293167114,0.0009235170437023044,0.08001907169818878,0.11823668330907822
20683,1,0,implicit_mmr,explicit_mmr,train,0.5121745467185974,0.4724562168121338,0.0035313493572175503,4.216674278723076e-05,0.009733479470014572,0.002062274608761072
20685,1,1,implicit_mmr,implicit_mmr,train,0.3781190812587738,0.6030572056770325,0.0012628595577552915,7.253156945807859e-05,0.01683809794485569,0.0006501555326394737
20709,2,5,multi_method_not_mmr,quant_only,train,0.002845398150384426,0.00871741957962513,0.18940161168575287,0.04063113406300545,0.00126450858078897,0.7571399807929993
20733,1,1,implicit_mmr,implicit_mmr,train,0.45924779772758484,0.48602062463760376,0.0009249259019270539,4.302192974137142e-05,0.05325556546449661,0.0005080035771243274
20754,1,1,implicit_mmr,implicit_mmr,train,0.21983122825622559,0.6861441731452942,0.001740586245432496,0.00013046854292042553,0.09119121730327606,0.0009622281068004668
20770,0,1,explicit_mmr,implicit_mmr,train,0.3700439929962158,0.3897739052772522,0.11084873229265213,0.0003408291668165475,0.006748717278242111,0.12224380671977997
20772,1,1,implicit_mmr,implicit_mmr,train,0.404273122549057,0.5686119794845581,0.007720517460256815,5.61393826501444e-05,0.013423177413642406,0.005915102083235979
20784,2,5,multi_method_not_mmr,quant_only,train,0.0035465958062559366,0.012927250005304813,0.19708262383937836,0.04639597237110138,0.0012680919608101249,0.7387794256210327
20799,5,5,quant_only,quant_only,train,0.0025328013580292463,0.008692086674273014,0.2442570924758911,0.10553599894046783,0.002198405796661973,0.6367835998535156
20800,5,5,quant_only,quant_only,train,0.004748915787786245,0.015582824125885963,0.22526010870933533,0.05005974322557449,0.0013573160395026207,0.7029911279678345
20801,5,5,quant_only,quant_only,train,0.003382208524271846,0.013452739454805851,0.22125540673732758,0.06663744151592255,0.0016482631908729672,0.6936239004135132
20819,3,3,no_method_signal,no_method_signal,train,4.4288826757110655e-05,0.00014814532187301666,0.019432308152318,0.9732681512832642,0.001183150103315711,0.005923908669501543
20823,3,5,no_method_signal,quant_only,train,0.0008656540303491056,0.0033619545865803957,0.30459654331207275,0.2893858850002289,0.04633760079741478,0.3554523289203644
20835,5,5,quant_only,quant_only,train,0.0028767383191734552,0.01521255448460579,0.14139875769615173,0.02409561164677143,0.0007880143239162862,0.8156283497810364
20837,5,5,quant_only,quant_only,train,0.0027459445409476757,0.01493741013109684,0.14252078533172607,0.023997390642762184,0.0008444890845566988,0.8149539828300476
20838,5,5,quant_only,quant_only,train,0.0032760908361524343,0.016085268929600716,0.14814037084579468,0.02000661939382553,0.0007960483781062067,0.8116956353187561
20845,4,4,qual_only,qual_only,train,0.0035818051546812057,0.013735243119299412,0.07171981781721115,0.001238394994288683,0.9022873640060425,0.007437441498041153
20850,2,4,multi_method_not_mmr,qual_only,train,0.001286197337321937,0.004180130083113909,0.3523961007595062,0.015398644842207432,0.5921949744224548,0.03454388305544853
20855,0,1,explicit_mmr,implicit_mmr,train,0.1538608819246292,0.8196450471878052,0.007354495115578175,6.245844269869849e-05,0.013060382567346096,0.006016760598868132
20925,0,0,explicit_mmr,explicit_mmr,train,0.564896285533905,0.39546918869018555,0.01834489218890667,8.489952597301453e-05,0.005013079382479191,0.01619170792400837
20953,0,0,explicit_mmr,explicit_mmr,train,0.7365646958351135,0.2356744408607483,0.012493353337049484,0.00010601544636301696,0.0052962880581617355,0.009865145199000835
20957,0,0,explicit_mmr,explicit_mmr,train,0.5625060200691223,0.40492159128189087,0.014819920994341373,6.511854735435918e-05,0.0058293454349040985,0.01185797993093729
21005,2,2,multi_method_not_mmr,multi_method_not_mmr,train,0.0890728160738945,0.11239784955978394,0.4839867949485779,0.008336269296705723,0.0040804133750498295,0.3021259009838104
21062,3,2,no_method_signal,multi_method_not_mmr,train,0.000328764203004539,0.002825204748660326,0.46513256430625916,0.2752745449542999,0.040817372500896454,0.21562162041664124
21067,0,0,explicit_mmr,explicit_mmr,train,0.6901627779006958,0.2609413266181946,0.020554881542921066,0.00010391441901447251,0.011768064461648464,0.01646907441318035
21071,0,5,explicit_mmr,quant_only,train,0.24040772020816803,0.0708874836564064,0.2798234820365906,0.0019627930596470833,0.005241405684500933,0.40167710185050964
21076,2,2,multi_method_not_mmr,multi_method_not_mmr,train,0.005538163240998983,0.0023781186901032925,0.4842210114002228,0.060041848570108414,0.003049522638320923,0.444771409034729
21097,2,2,multi_method_not_mmr,multi_method_not_mmr,train,0.008779971860349178,0.0495913065969944,0.5240007042884827,0.006391185335814953,0.17040808498859406,0.240828737616539
21118,4,0,qual_only,explicit_mmr,train,0.7002220749855042,0.26146942377090454,0.017331261187791824,0.00011133949737995863,0.00941078457981348,0.01145517360419035
21122,0,0,explicit_mmr,explicit_mmr,train,0.6703508496284485,0.2669338881969452,0.0223806481808424,0.00014372376608662307,0.025492601096630096,0.014698234386742115
21155,1,1,implicit_mmr,implicit_mmr,train,0.14940549433231354,0.823710024356842,0.008114145137369633,4.706014442490414e-05,0.011691290885210037,0.007031987886875868
21171,0,0,explicit_mmr,explicit_mmr,train,0.7101669311523438,0.21611277759075165,0.03528658300638199,0.000189859390957281,0.012118002399802208,0.026125824078917503
21184,0,0,explicit_mmr,explicit_mmr,train,0.7030513286590576,0.2505696415901184,0.020436966791749,0.00011822905071312562,0.010647498071193695,0.015176255255937576
21196,1,0,implicit_mmr,explicit_mmr,train,0.5156484246253967,0.4673469066619873,0.004832420032471418,3.631314029917121e-05,0.009209124371409416,0.0029267859645187855
21199,1,0,implicit_mmr,explicit_mmr,train,0.619229257106781,0.2835279405117035,0.024433046579360962,0.00015260816144291312,0.05998481065034866,0.01267241034656763
21204,1,1,implicit_mmr,implicit_mmr,train,0.12809781730175018,0.8508371710777283,0.00555079523473978,7.530497532570735e-05,0.010536011308431625,0.004902960266917944
21218,0,0,explicit_mmr,explicit_mmr,train,0.6527656316757202,0.312244176864624,0.011600754223763943,7.117384666344151e-05,0.014698870480060577,0.00861944817006588
21227,0,0,explicit_mmr,explicit_mmr,train,0.7014792561531067,0.268483966588974,0.01156859751790762,7.86272285040468e-05,0.009147439152002335,0.009242096915841103
21230,0,0,explicit_mmr,explicit_mmr,train,0.6692084074020386,0.28972530364990234,0.017961779609322548,0.00010893507715081796,0.009626570157706738,0.013369018211960793
21244,3,5,no_method_signal,quant_only,train,0.0651257336139679,0.08651703596115112,0.27953797578811646,0.004034668207168579,0.0032798212487250566,0.5615047216415405
21265,0,0,explicit_mmr,explicit_mmr,train,0.5554781556129456,0.30924955010414124,0.07423101365566254,0.00029874927713535726,0.014537072740495205,0.046205416321754456
21267,5,5,quant_only,quant_only,train,0.1254236400127411,0.27506065368652344,0.20270177721977234,0.0031706183217465878,0.0026699998416006565,0.3909732699394226
21334,1,1,implicit_mmr,implicit_mmr,train,0.15203231573104858,0.6968469023704529,0.007125752046704292,8.310882549267262e-05,0.1405036300420761,0.0034083863720297813
21336,1,5,implicit_mmr,quant_only,train,0.06090177223086357,0.23321904242038727,0.2915394902229309,0.004268263466656208,0.015864478424191475,0.3942070007324219
21373,5,5,quant_only,quant_only,train,0.0006032559322193265,0.0015583285130560398,0.19731786847114563,0.1886681616306305,0.0012497189454734325,0.6106027364730835
21390,4,4,qual_only,qual_only,train,0.00914989784359932,0.01785498857498169,0.011637222953140736,0.00040210297447629273,0.9600224494934082,0.0009333193302154541
21445,3,3,no_method_signal,no_method_signal,train,5.8602934586815536e-05,0.00013893375580664724,0.04905470088124275,0.9315633773803711,0.001808572094887495,0.017375770956277847
21499,2,2,multi_method_not_mmr,multi_method_not_mmr,train,0.006128610577434301,0.016897479072213173,0.6275245547294617,0.016047978773713112,0.14139187335968018,0.19200937449932098
21585,0,1,explicit_mmr,implicit_mmr,train,0.26261085271835327,0.6040825843811035,0.0023977993987500668,5.932623753324151e-05,0.1298970878124237,0.0009523453190922737
21590,0,1,explicit_mmr,implicit_mmr,train,0.44439640641212463,0.5076226592063904,0.004931871313601732,3.602615470299497e-05,0.040665771812200546,0.0023472881875932217
21604,1,5,implicit_mmr,quant_only,train,0.12216836214065552,0.26150399446487427,0.17985539138317108,0.002999973716214299,0.0031463629566133022,0.430325984954834
21620,4,4,qual_only,qual_only,train,0.02668793871998787,0.055904582142829895,0.03658847138285637,0.0002423823461867869,0.8759557604789734,0.004620919469743967
21626,0,0,explicit_mmr,explicit_mmr,train,0.5629167556762695,0.4009400010108948,0.0030755847692489624,3.430483411648311e-05,0.0314953550696373,0.0015380160184577107
21635,1,0,implicit_mmr,explicit_mmr,train,0.491013765335083,0.2892049252986908,0.10652145743370056,0.0003351254854351282,0.0177445225417614,0.0951802134513855
21637,0,0,explicit_mmr,explicit_mmr,train,0.6879576444625854,0.13094878196716309,0.09417954832315445,0.0007447038078680634,0.0037982920184731483,0.08237108588218689
21651,0,0,explicit_mmr,explicit_mmr,train,0.5280279517173767,0.4572085440158844,0.0016941409558057785,4.2548010242171586e-05,0.011880720034241676,0.0011461693793535233
21654,0,0,explicit_mmr,explicit_mmr,train,0.7207603454589844,0.2557997405529022,0.009060785174369812,0.00013165955897420645,0.0030902018770575523,0.011157399043440819
21668,0,2,explicit_mmr,multi_method_not_mmr,train,0.28282254934310913,0.079081229865551,0.41379550099372864,0.0013068023836240172,0.05115089565515518,0.17184311151504517
21694,3,3,no_method_signal,no_method_signal,train,2.4570430468884297e-05,0.00015511168749071658,0.01659717969596386,0.9663306474685669,0.0008509553736075759,0.01604151912033558
21702,2,3,multi_method_not_mmr,no_method_signal,train,0.00019225325377192348,0.0016417166916653514,0.12143094092607498,0.5667016506195068,0.0021973249968141317,0.3078361749649048
21751,5,2,quant_only,multi_method_not_mmr,train,0.009185641072690487,0.012917901389300823,0.5206157565116882,0.03178972378373146,0.01767297275364399,0.407818078994751
21766,2,3,multi_method_not_mmr,no_method_signal,train,0.00021065202599857002,0.00047414316213689744,0.3461810350418091,0.4360218644142151,0.008876803331077099,0.20823560655117035
21796,3,3,no_method_signal,no_method_signal,train,4.204424112685956e-05,0.00015055760741233826,0.01742156222462654,0.9754794239997864,0.0010501387296244502,0.005856117233633995
21801,1,0,implicit_mmr,explicit_mmr,train,0.5030199885368347,0.1998806893825531,0.1274900585412979,0.00044668640475720167,0.10088131576776505,0.06828128546476364
21809,0,0,explicit_mmr,explicit_mmr,train,0.6512334942817688,0.25047457218170166,0.024449631571769714,0.00012110796524211764,0.059885431081056595,0.013835698366165161
21839,4,1,qual_only,implicit_mmr,train,0.22087788581848145,0.5105773210525513,0.009771609678864479,6.0325703088892624e-05,0.25515472888946533,0.0035581360571086407
21847,0,0,explicit_mmr,explicit_mmr,train,0.5660977959632874,0.4177306294441223,0.0039534070529043674,5.1387902203714475e-05,0.009100843220949173,0.0030659905169159174
21850,5,1,quant_only,implicit_mmr,train,0.17255772650241852,0.5313196778297424,0.14053639769554138,0.0004080836079083383,0.01960173062980175,0.13557644188404083
21861,0,1,explicit_mmr,implicit_mmr,train,0.399198442697525,0.5662645697593689,0.0011578000849112868,4.4611635530600324e-05,0.032890401780605316,0.00044409773545339704
21872,1,4,implicit_mmr,qual_only,train,0.06297246366739273,0.15235333144664764,0.0045746006071567535,0.00015462684677913785,0.7789517641067505,0.000993258086964488
21912,0,1,explicit_mmr,implicit_mmr,train,0.21981844305992126,0.5838069915771484,0.0020766945090144873,0.00013843143824487925,0.1929497867822647,0.0012096588034182787
21913,0,1,explicit_mmr,implicit_mmr,train,0.44005823135375977,0.4529380202293396,0.05255237594246864,0.00016904939548112452,0.008641903288662434,0.04564039409160614
21926,2,1,multi_method_not_mmr,implicit_mmr,train,0.20003342628479004,0.6348081231117249,0.07906246185302734,0.0002067497989628464,0.02314072474837303,0.06274847686290741
21939,2,1,multi_method_not_mmr,implicit_mmr,train,0.141520693898201,0.34133437275886536,0.24366657435894012,0.0012624049559235573,0.012671172618865967,0.25954481959342957
21941,5,1,quant_only,implicit_mmr,train,0.2027597576379776,0.3554283082485199,0.18064355850219727,0.0005225244676694274,0.008471200242638588,0.25217464566230774
21999,2,5,multi_method_not_mmr,quant_only,train,0.0021564096678048372,0.00822696927934885,0.3145917057991028,0.01697518676519394,0.001711361575871706,0.6563382744789124
22006,2,5,multi_method_not_mmr,quant_only,train,0.0029780433978885412,0.0038143955171108246,0.4733085334300995,0.031995296478271484,0.0019412438850849867,0.485962450504303
22008,2,5,multi_method_not_mmr,quant_only,train,0.0033265419770032167,0.0041495454497635365,0.46212244033813477,0.0318199060857296,0.0018076351843774319,0.49677392840385437
22074,1,1,implicit_mmr,implicit_mmr,train,0.40462562441825867,0.572253406047821,0.010916640982031822,8.203180186683312e-05,0.004160820506513119,0.007961600087583065
22080,1,0,implicit_mmr,explicit_mmr,train,0.4906342923641205,0.4880690574645996,0.004431828390806913,3.1948900868883356e-05,0.01394545380026102,0.0028874496929347515
22087,1,0,implicit_mmr,explicit_mmr,train,0.6042587757110596,0.37044674158096313,0.006902259774506092,5.009265441913158e-05,0.0135786859318614,0.004763467703014612
22091,1,1,implicit_mmr,implicit_mmr,train,0.38282763957977295,0.5933892726898193,0.010916575789451599,7.238649413920939e-05,0.004353538155555725,0.00844061654061079
22107,2,5,multi_method_not_mmr,quant_only,train,0.009520617313683033,0.01635029911994934,0.28014126420021057,0.008229218423366547,0.0013000568142160773,0.6844585537910461
22108,2,5,multi_method_not_mmr,quant_only,train,0.022435922175645828,0.02938065491616726,0.27042773365974426,0.005279019474983215,0.00183676031883806,0.6706398725509644
22120,0,2,explicit_mmr,multi_method_not_mmr,train,0.18464075028896332,0.2293093502521515,0.3085390329360962,0.003136718412861228,0.028686409816145897,0.245687797665596
22198,5,3,quant_only,no_method_signal,train,4.4076663471059874e-05,0.0004120499943383038,0.03866247460246086,0.898749053478241,0.003867305815219879,0.05826506391167641
22207,0,5,explicit_mmr,quant_only,train,0.0219065360724926,0.009103034622967243,0.32431548833847046,0.009994077496230602,0.006034855265170336,0.6286460757255554
22211,2,4,multi_method_not_mmr,qual_only,train,0.022659748792648315,0.10175260156393051,0.21208277344703674,0.00134842109400779,0.601620078086853,0.06053634732961655
22212,2,2,multi_method_not_mmr,multi_method_not_mmr,train,0.000582089473027736,0.002427461324259639,0.452021986246109,0.17648237943649292,0.2367970049381256,0.13168904185295105
22227,0,0,explicit_mmr,explicit_mmr,train,0.7872128486633301,0.18210184574127197,0.005194244906306267,5.041737313149497e-05,0.023078981786966324,0.002361633814871311
22233,0,0,explicit_mmr,explicit_mmr,train,0.8188745379447937,0.16316506266593933,0.004952747840434313,5.499194230651483e-05,0.01021118089556694,0.002741587581112981
22252,0,0,explicit_mmr,explicit_mmr,train,0.45531541109085083,0.20275595784187317,0.1613914519548416,0.0010776194976642728,0.0431046336889267,0.13635490834712982
22259,5,5,quant_only,quant_only,train,0.002908373950049281,0.0047877090983092785,0.12928487360477448,0.060929615050554276,0.0020816493779420853,0.8000077605247498
22262,0,5,explicit_mmr,quant_only,train,0.012176654301583767,0.010041339322924614,0.19677884876728058,0.03443033620715141,0.002322835149243474,0.7442499399185181
22277,5,5,quant_only,quant_only,train,0.13591206073760986,0.04447323456406593,0.26277977228164673,0.00600685179233551,0.0022028200328350067,0.5486252903938293
22286,5,5,quant_only,quant_only,train,0.058982934802770615,0.03993856906890869,0.24636994302272797,0.00973246805369854,0.0011603346792981029,0.6438157558441162
22292,4,4,qual_only,qual_only,train,0.0023324969224631786,0.003962054383009672,0.1248178705573082,0.006168748252093792,0.8448828458786011,0.017835963517427444
22353,0,0,explicit_mmr,explicit_mmr,train,0.7409268021583557,0.2228822112083435,0.017227796837687492,0.00010703720181481913,0.008351714350283146,0.010504422709345818
22356,2,5,multi_method_not_mmr,quant_only,train,0.027929089963436127,0.08343816548585892,0.3437406122684479,0.008172333240509033,0.0028433329425752163,0.5338764786720276
22362,1,0,implicit_mmr,explicit_mmr,train,0.7516046762466431,0.22581711411476135,0.010066946968436241,0.00010064556408906356,0.0053524840623140335,0.007058124057948589
22363,2,5,multi_method_not_mmr,quant_only,train,0.007722336798906326,0.012256832793354988,0.3122939467430115,0.013230377808213234,0.0019632065668702126,0.6525332927703857
22368,0,0,explicit_mmr,explicit_mmr,train,0.6360610723495483,0.3264235854148865,0.017574753612279892,7.194000500021502e-05,0.006251299753785133,0.013617439195513725
22378,0,0,explicit_mmr,explicit_mmr,train,0.6054677963256836,0.22024819254875183,0.08472289890050888,0.000568151066545397,0.008607800118625164,0.08038511127233505
22435,2,5,multi_method_not_mmr,quant_only,train,0.00536989513784647,0.008924009278416634,0.19909289479255676,0.04370518773794174,0.0012629078701138496,0.741645097732544
22443,2,0,multi_method_not_mmr,explicit_mmr,train,0.6959633231163025,0.20930145680904388,0.04253397136926651,0.0002671839902177453,0.008701665326952934,0.043232470750808716
22450,0,0,explicit_mmr,explicit_mmr,train,0.6278209686279297,0.29588496685028076,0.028953898698091507,0.00012988122762180865,0.028462190181016922,0.01874803937971592
22452,0,0,explicit_mmr,explicit_mmr,train,0.7383906245231628,0.21493516862392426,0.02150101028382778,0.00013531462172977626,0.012246963568031788,0.012790857814252377
22458,2,0,multi_method_not_mmr,explicit_mmr,train,0.68553626537323,0.1996975988149643,0.048232659697532654,0.00032612550421617925,0.03603008762001991,0.0301772840321064
22460,1,1,implicit_mmr,implicit_mmr,train,0.3052479028701782,0.5600337386131287,0.05636969953775406,0.0005856279749423265,0.0027386476285755634,0.07502422481775284
22469,5,5,quant_only,quant_only,train,0.13396871089935303,0.08119289577007294,0.22616776823997498,0.004305505193769932,0.0016363539034500718,0.5527287125587463
22472,3,3,no_method_signal,no_method_signal,train,5.9359794249758124e-05,0.0001773182157194242,0.01593615487217903,0.9761310815811157,0.0006252432358451188,0.0070708435960114
22514,0,0,explicit_mmr,explicit_mmr,train,0.5025831460952759,0.449129581451416,0.018184831365942955,7.256388198584318e-05,0.016557618975639343,0.013472181744873524
22517,4,4,qual_only,qual_only,train,0.015371432527899742,0.04928359389305115,0.00891454890370369,0.00024770217714831233,0.9248278737068176,0.001354813575744629
22544,1,5,implicit_mmr,quant_only,train,0.10706555098295212,0.15469302237033844,0.30774804949760437,0.0031668615993112326,0.015419982373714447,0.41190651059150696
22545,1,1,implicit_mmr,implicit_mmr,train,0.1468624770641327,0.5044887661933899,0.09077929705381393,0.0003996964660473168,0.21951769292354584,0.037952229380607605
22548,1,5,implicit_mmr,quant_only,train,0.08693123608827591,0.15460878610610962,0.313094824552536,0.0031511886045336723,0.011640922166407108,0.43057310581207275
22593,3,5,no_method_signal,quant_only,train,0.001447313348762691,0.0017936989897862077,0.4257231652736664,0.07840606570243835,0.0019983849488198757,0.4906313121318817
22612,2,5,multi_method_not_mmr,quant_only,train,0.004911862313747406,0.007080751936882734,0.2822139263153076,0.033175740391016006,0.0008851892780512571,0.6717325448989868
22631,5,5,quant_only,quant_only,train,0.0016809860244393349,0.0018282411620020866,0.34952664375305176,0.08263910561800003,0.0014067288720980287,0.5629183650016785
22645,2,5,multi_method_not_mmr,quant_only,train,0.001876592868939042,0.0026273124385625124,0.3156798779964447,0.06132835894823074,0.0011202710447832942,0.6173675656318665
22684,5,5,quant_only,quant_only,train,0.0050291926600039005,0.011876333504915237,0.25951266288757324,0.0405513197183609,0.0007971643935889006,0.6822333931922913
22685,5,5,quant_only,quant_only,train,0.0015711255837231874,0.005276230629533529,0.2437298446893692,0.11720114946365356,0.0009096546564251184,0.6313120126724243
22688,2,5,multi_method_not_mmr,quant_only,train,0.0031945116352289915,0.009875408373773098,0.264763742685318,0.06222924590110779,0.0009759402018971741,0.6589611172676086
22690,2,5,multi_method_not_mmr,quant_only,train,0.0018954443512484431,0.0029479649383574724,0.44310566782951355,0.10491039603948593,0.0015294336481019855,0.4456111192703247
22734,5,4,quant_only,qual_only,train,0.005122934468090534,0.015195592306554317,0.3147132396697998,0.006274685729295015,0.5827999711036682,0.07589352130889893
22746,5,5,quant_only,quant_only,train,0.0014000239316374063,0.004013730213046074,0.2323514074087143,0.06652985513210297,0.00241307751275599,0.6932919025421143
22778,3,3,no_method_signal,no_method_signal,train,2.6059804440592416e-05,0.00013476442836690694,0.01470897812396288,0.9749719500541687,0.0009613656438887119,0.009196851402521133
22787,0,1,explicit_mmr,implicit_mmr,train,0.4861586391925812,0.49169397354125977,0.0008644467452540994,5.540043275686912e-05,0.020847318693995476,0.0003801939310505986
22834,0,1,explicit_mmr,implicit_mmr,train,0.34460511803627014,0.5200284123420715,0.06977914273738861,0.0003240125661250204,0.0050139292143285275,0.060249362140893936
22847,0,0,explicit_mmr,explicit_mmr,train,0.5292602181434631,0.41669684648513794,0.03016146458685398,0.00013656432565767318,0.007524775806814432,0.016220083460211754
22851,5,0,quant_only,explicit_mmr,train,0.6207273602485657,0.25595375895500183,0.061451688408851624,0.00027833436615765095,0.010335302911698818,0.05125352740287781
22854,1,1,implicit_mmr,implicit_mmr,train,0.42281991243362427,0.4831949770450592,0.050402749329805374,0.00016666790179442614,0.011421974748373032,0.03199373185634613
22873,2,2,multi_method_not_mmr,multi_method_not_mmr,train,0.0057758972980082035,0.005396659020334482,0.6114341616630554,0.1193562000989914,0.0035372988786548376,0.25449973344802856
22908,0,1,explicit_mmr,implicit_mmr,train,0.26257285475730896,0.6056511998176575,0.002378842793405056,5.937770401942544e-05,0.12838906049728394,0.0009487567003816366
22989,5,5,quant_only,quant_only,train,0.0031741189304739237,0.015247148461639881,0.3321790099143982,0.03861534968018532,0.0025902017951011658,0.6081941723823547
23010,0,0,explicit_mmr,explicit_mmr,train,0.6099637746810913,0.3749265968799591,0.0060027604922652245,7.475027814507484e-05,0.0037751207128167152,0.005256987642496824
23011,1,1,implicit_mmr,implicit_mmr,train,0.34837988018989563,0.43491777777671814,0.11968781799077988,0.00031321332789957523,0.024151811376214027,0.07254946976900101
23106,2,2,multi_method_not_mmr,multi_method_not_mmr,train,0.0004316121921874583,0.0016268109902739525,0.5061013102531433,0.16816452145576477,0.004877081140875816,0.3187987506389618
23114,2,5,multi_method_not_mmr,quant_only,train,0.00040216982597485185,0.001013320405036211,0.25520437955856323,0.22722364962100983,0.005288649350404739,0.5108678340911865
23119,1,1,implicit_mmr,implicit_mmr,train,0.2819426953792572,0.5105561017990112,0.0013957766350358725,0.00011789709969889373,0.20549580454826355,0.0004917938495054841
23125,1,1,implicit_mmr,implicit_mmr,train,0.2452593296766281,0.3799057602882385,0.1557939499616623,0.0003458478895481676,0.005615210626274347,0.21307995915412903
23157,0,0,explicit_mmr,explicit_mmr,train,0.7491909861564636,0.2215673327445984,0.016294917091727257,0.00020895399211440235,0.0031042916234582663,0.00963355042040348
23162,0,0,explicit_mmr,explicit_mmr,train,0.686633825302124,0.24278493225574493,0.0379817895591259,0.0001678585249464959,0.005925619974732399,0.026506010442972183
23166,1,0,implicit_mmr,explicit_mmr,train,0.5653520226478577,0.4174782931804657,0.004106092266738415,3.639723581727594e-05,0.010477334260940552,0.002549800556153059
23167,1,1,implicit_mmr,implicit_mmr,train,0.24201622605323792,0.6803333759307861,0.039451248943805695,0.00015860216808505356,0.007665653713047504,0.030374737456440926
23172,1,4,implicit_mmr,qual_only,train,0.2120722085237503,0.2737176716327667,0.0018905578181147575,0.00020573523943312466,0.5114808082580566,0.0006330226897262037
23176,0,1,explicit_mmr,implicit_mmr,train,0.44344648718833923,0.5255105495452881,0.0011402247473597527,3.251242742408067e-05,0.02929259091615677,0.000577587983570993
23194,4,2,qual_only,multi_method_not_mmr,train,0.0005612073000520468,0.0036810124292969704,0.4657728970050812,0.06576840579509735,0.36598989367485046,0.09822656959295273
23232,0,0,explicit_mmr,explicit_mmr,train,0.49734926223754883,0.4811754524707794,0.0052981190383434296,4.12419976782985e-05,0.013327887281775475,0.0028080716729164124
23233,0,1,explicit_mmr,implicit_mmr,train,0.40787822008132935,0.5085857510566711,0.03925453498959541,0.00013056387251708657,0.013889594003558159,0.030261334031820297
23234,1,1,implicit_mmr,implicit_mmr,train,0.24723221361637115,0.3809567987918854,0.16328369081020355,0.00038810164551250637,0.13099496066570282,0.07714421302080154
23253,1,0,implicit_mmr,explicit_mmr,train,0.4970265328884125,0.4651506841182709,0.014562959782779217,9.277276694774628e-05,0.00852728821337223,0.014639724045991898
23264,4,4,qual_only,qual_only,train,0.0062953270971775055,0.017558032646775246,0.04798911511898041,0.0007654744549654424,0.9229595065116882,0.004432544112205505
23272,0,5,explicit_mmr,quant_only,train,0.03073514625430107,0.04242924600839615,0.1755874902009964,0.019323809072375298,0.0031357095576822758,0.7287886738777161
23300,0,0,explicit_mmr,explicit_mmr,train,0.7909753918647766,0.18404579162597656,0.011879513040184975,0.00012511233217082918,0.0055857072584331036,0.007388361729681492
23304,2,5,multi_method_not_mmr,quant_only,train,0.009930768050253391,0.025705978274345398,0.23106828331947327,0.025539614260196686,0.0012645884416997433,0.7064907550811768
23307,5,5,quant_only,quant_only,train,0.005494039040058851,0.009891949594020844,0.15732848644256592,0.033295195549726486,0.0008172688540071249,0.79317307472229
23311,0,0,explicit_mmr,explicit_mmr,train,0.6714383363723755,0.3113219141960144,0.0009632058790884912,6.362933345371857e-05,0.015460549853742123,0.0007523815147578716
23315,5,5,quant_only,quant_only,train,0.004903161432594061,0.004557411652058363,0.18642686307430267,0.05032231658697128,0.002766937017440796,0.7510233521461487
23324,4,5,qual_only,quant_only,train,0.005645690951496363,0.022592371329665184,0.1835787296295166,0.04200117290019989,0.001377851702272892,0.7448042631149292
23341,0,0,explicit_mmr,explicit_mmr,train,0.582493007183075,0.375153124332428,0.0008680472965352237,5.028293890063651e-05,0.04092385992407799,0.0005116543616168201
23407,0,0,explicit_mmr,explicit_mmr,train,0.7155981659889221,0.26690492033958435,0.004762285389006138,4.304434696678072e-05,0.009327767416834831,0.0033638181630522013
23425,0,0,explicit_mmr,explicit_mmr,train,0.7056976556777954,0.2722321152687073,0.007889149710536003,5.07852018927224e-05,0.00844523310661316,0.0056850784458220005
23453,0,0,explicit_mmr,explicit_mmr,train,0.8420658111572266,0.13464851677417755,0.008748932741582394,0.0001008774561341852,0.008084794506430626,0.00635119853541255
23456,5,3,quant_only,no_method_signal,train,0.00028606876730918884,0.0008498695096932352,0.17824745178222656,0.43626484274864197,0.0013553703902289271,0.3829963505268097
23490,1,1,implicit_mmr,implicit_mmr,train,0.14560849964618683,0.8273072242736816,0.007546775043010712,4.564251139527187e-05,0.012942624278366566,0.006549152545630932
23494,1,0,implicit_mmr,explicit_mmr,train,0.615750253200531,0.3569335341453552,0.007349110208451748,4.407771484693512e-05,0.016096610575914383,0.003826526692137122
23502,1,1,implicit_mmr,implicit_mmr,train,0.3164299726486206,0.4366214871406555,0.054122019559144974,0.0001774767297320068,0.16437755525112152,0.028271453455090523
23512,0,0,explicit_mmr,explicit_mmr,train,0.7408684492111206,0.21196909248828888,0.02191714011132717,0.0001294920948566869,0.004397456534206867,0.02071833238005638
23523,5,1,quant_only,implicit_mmr,train,0.21091744303703308,0.552446186542511,0.10342211276292801,0.000467825448140502,0.0046370672062039375,0.1281093806028366
23529,0,0,explicit_mmr,explicit_mmr,train,0.5243346691131592,0.46328848600387573,0.0021047252230346203,4.806501601706259e-05,0.008896621875464916,0.0013274563243612647
23533,2,5,multi_method_not_mmr,quant_only,train,0.26896873116493225,0.16243839263916016,0.25675269961357117,0.0011796324979513884,0.00394346471875906,0.3067170977592468
23534,1,0,implicit_mmr,explicit_mmr,train,0.45221883058547974,0.33490198850631714,0.10719196498394012,0.0005792028387077153,0.003784740576520562,0.1013232097029686
23541,0,0,explicit_mmr,explicit_mmr,train,0.6440144777297974,0.3410117030143738,0.0023499401286244392,3.5071199818048626e-05,0.011315958574414253,0.0012728541623800993
23602,3,3,no_method_signal,no_method_signal,train,5.705614239559509e-05,0.00018498959252610803,0.02633148804306984,0.9652741551399231,0.002046436769887805,0.006105952896177769
23625,0,0,explicit_mmr,explicit_mmr,train,0.8295924067497253,0.15210957825183868,0.00632081925868988,8.453915506834164e-05,0.005647412501275539,0.006245237309485674
23629,0,4,explicit_mmr,qual_only,train,0.19422456622123718,0.21427728235721588,0.0029625720344483852,0.00011696499859681353,0.5876941084861755,0.0007245058659464121
23634,5,5,quant_only,quant_only,train,0.0021718440111726522,0.0028465543873608112,0.36005470156669617,0.06087378039956093,0.0013220926048234105,0.5727310180664062
23667,2,5,multi_method_not_mmr,quant_only,train,0.013727606274187565,0.027030138298869133,0.22927388548851013,0.022620201110839844,0.0009510067175142467,0.7063971161842346
23679,0,0,explicit_mmr,explicit_mmr,train,0.7733224630355835,0.19731202721595764,0.013197172433137894,0.000131348249851726,0.007730676326900721,0.008306300267577171
23688,1,0,implicit_mmr,explicit_mmr,train,0.4960532784461975,0.44446468353271484,0.0014611537335440516,3.598265175241977e-05,0.05743339657783508,0.0005516193341463804
23700,0,0,explicit_mmr,explicit_mmr,train,0.7085953950881958,0.2457185834646225,0.016469908878207207,0.00010373922123108059,0.018000520765781403,0.011111820116639137
23705,0,0,explicit_mmr,explicit_mmr,train,0.7136889696121216,0.23374105989933014,0.021645033732056618,0.00013018905883654952,0.015681350603699684,0.015113419853150845
23707,0,0,explicit_mmr,explicit_mmr,train,0.7716168761253357,0.18020205199718475,0.02085220068693161,0.00017377545009367168,0.01348591223359108,0.013669216074049473
23727,0,0,explicit_mmr,explicit_mmr,train,0.7470808029174805,0.2162982076406479,0.014349761418998241,0.00011353432637406513,0.012652390636503696,0.009505189023911953
23732,0,0,explicit_mmr,explicit_mmr,train,0.6254488229751587,0.33925893902778625,0.015551771968603134,6.129737448645756e-05,0.009025714360177517,0.010653375647962093
23741,0,0,explicit_mmr,explicit_mmr,train,0.7135493159294128,0.26931843161582947,0.007116551976650953,8.993017399916425e-05,0.005501055158674717,0.004424762446433306
23742,0,0,explicit_mmr,explicit_mmr,train,0.6685339212417603,0.2952898144721985,0.016945378854870796,7.656486559426412e-05,0.006058975122869015,0.013095238246023655
23744,0,0,explicit_mmr,explicit_mmr,train,0.6278969049453735,0.23285873234272003,0.06302547454833984,0.00034020087332464755,0.035989172756671906,0.03988943621516228
23754,1,0,implicit_mmr,explicit_mmr,train,0.743270218372345,0.22533173859119415,0.011418295092880726,9.635247988626361e-05,0.01222267746925354,0.0076607284136116505
23755,2,0,multi_method_not_mmr,explicit_mmr,train,0.7415654063224792,0.2095695585012436,0.024834278970956802,0.00015674298629164696,0.007578862365335226,0.01629520393908024
23763,1,0,implicit_mmr,explicit_mmr,train,0.7004976868629456,0.23634837567806244,0.021656014025211334,0.00014495737559627742,0.02838272601366043,0.012970292940735817
23765,0,0,explicit_mmr,explicit_mmr,train,0.5533865690231323,0.41378137469291687,0.01589193008840084,6.569691322511062e-05,0.006597128231078386,0.010277196764945984
23807,3,3,no_method_signal,no_method_signal,train,4.9601152568357065e-05,0.00015347625594586134,0.015270642004907131,0.9770107865333557,0.0007468157564289868,0.0067687369883060455
23808,1,0,implicit_mmr,explicit_mmr,train,0.5397950410842896,0.37073594331741333,0.000998040079139173,6.333893543342128e-05,0.08793266862630844,0.00047501278459094465
23809,1,0,implicit_mmr,explicit_mmr,train,0.6396960616111755,0.3173794448375702,0.0014137228718027472,3.653086969279684e-05,0.04078945145010948,0.0006848114426247776
23819,0,2,explicit_mmr,multi_method_not_mmr,train,0.255346417427063,0.1559978723526001,0.2902243435382843,0.0012640447821468115,0.00850090105086565,0.28866642713546753
23838,0,1,explicit_mmr,implicit_mmr,train,0.2845883369445801,0.6828071475028992,0.009360681287944317,3.827461841865443e-05,0.01563667133450508,0.0075689032673835754
23856,4,4,qual_only,qual_only,train,0.00675132405012846,0.01410658098757267,0.07270404696464539,0.0009240721701644361,0.898796796798706,0.006717253476381302
23883,1,0,implicit_mmr,explicit_mmr,train,0.5458974242210388,0.2375018447637558,0.10267406702041626,0.00045958516420796514,0.021024027839303017,0.09244296699762344
23884,4,5,qual_only,quant_only,train,0.020830823108553886,0.011346133425831795,0.37782496213912964,0.019843047484755516,0.034617479890584946,0.5355375409126282
23944,3,5,no_method_signal,quant_only,train,0.0004133436887059361,0.0009307411382906139,0.3139227330684662,0.31209421157836914,0.001610725885257125,0.37102827429771423
23953,0,0,explicit_mmr,explicit_mmr,train,0.593570351600647,0.37555789947509766,0.0011646117782220244,4.197867383481935e-05,0.029133444651961327,0.0005317681352607906
23956,0,0,explicit_mmr,explicit_mmr,train,0.6684761047363281,0.29222190380096436,0.0012935951817780733,4.737624112749472e-05,0.03733476996421814,0.0006261275848373771
23968,0,0,explicit_mmr,explicit_mmr,train,0.6427608132362366,0.3155522346496582,0.0011671733809635043,4.513432941166684e-05,0.03990516811609268,0.000569487048778683
23980,0,0,explicit_mmr,explicit_mmr,train,0.6628585457801819,0.3219258189201355,0.0010218858951702714,6.819616100983694e-05,0.013259800150990486,0.000865780864842236
23985,5,5,quant_only,quant_only,train,0.005936003290116787,0.004865269176661968,0.2478807270526886,0.023879587650299072,0.0013066763058304787,0.7161317467689514
24018,2,5,multi_method_not_mmr,quant_only,train,0.0033725793473422527,0.003266413463279605,0.30200985074043274,0.036357901990413666,0.0008511324413120747,0.6541421413421631
24058,4,4,qual_only,qual_only,train,0.006203911732882261,0.018984472379088402,0.04406819865107536,0.0007115828339010477,0.9256045818328857,0.004427279345691204
24059,1,4,implicit_mmr,qual_only,train,0.029059339314699173,0.08300040662288666,0.005719578359276056,0.0002327367983525619,0.8808237910270691,0.0011642023455351591
24063,1,1,implicit_mmr,implicit_mmr,train,0.4468719959259033,0.5162525177001953,0.0008918490493670106,4.295093458495103e-05,0.03543493524193764,0.0005057152011431754
24075,0,0,explicit_mmr,explicit_mmr,train,0.5693579316139221,0.4111698567867279,0.000840610999148339,4.968613575329073e-05,0.018185775727033615,0.00039615153218619525
24083,4,4,qual_only,qual_only,train,0.02755279280245304,0.04946030676364899,0.004851160105317831,0.00024430773919448256,0.917281985282898,0.0006093950942158699
24085,4,4,qual_only,qual_only,train,0.036674972623586655,0.0693962499499321,0.003941621631383896,0.00022128570708446205,0.8891095519065857,0.0006562803755514324
24137,4,4,qual_only,qual_only,train,0.022667013108730316,0.07545994222164154,0.008465166203677654,0.00019894317665603012,0.8918307423591614,0.0013783014146611094
24154,0,0,explicit_mmr,explicit_mmr,train,0.6786254048347473,0.30740615725517273,0.0012429439229890704,5.450162279885262e-05,0.011861702427268028,0.000809243880212307
24166,0,0,explicit_mmr,explicit_mmr,train,0.5261220932006836,0.27073928713798523,0.11170768737792969,0.0003910413070116192,0.0065737757831811905,0.08446609228849411
24167,0,0,explicit_mmr,explicit_mmr,train,0.6293782591819763,0.35817673802375793,0.0013919922057539225,5.5275049817282706e-05,0.010401575826108456,0.0005961672286503017
24169,2,2,multi_method_not_mmr,multi_method_not_mmr,train,0.004279559012502432,0.007295349612832069,0.4777349531650543,0.07194985449314117,0.0013676987728103995,0.4373725652694702
24173,1,0,implicit_mmr,explicit_mmr,train,0.5636691451072693,0.2158156782388687,0.10642741620540619,0.000572612218093127,0.04076480492949486,0.07275033742189407
24188,2,2,multi_method_not_mmr,multi_method_not_mmr,train,0.001363305957056582,0.0036847407463937998,0.5886130332946777,0.06054775416851044,0.21916313469409943,0.1266280561685562
24199,0,0,explicit_mmr,explicit_mmr,train,0.41195666790008545,0.14002758264541626,0.22415784001350403,0.0018202607752755284,0.008278202265501022,0.2137594223022461
24243,5,2,quant_only,multi_method_not_mmr,train,0.002278599888086319,0.005522018764168024,0.601651132106781,0.1365393102169037,0.00463024340569973,0.24937871098518372
24250,2,2,multi_method_not_mmr,multi_method_not_mmr,train,0.011776422150433064,0.016233373433351517,0.6225504875183105,0.010633319616317749,0.018770834431052208,0.32003557682037354
24251,5,5,quant_only,quant_only,train,0.00162554404232651,0.006532768718898296,0.20786987245082855,0.11371777206659317,0.0015489245997741818,0.6687051653862
24265,3,5,no_method_signal,quant_only,train,0.003962816670536995,0.009852493181824684,0.3486068546772003,0.08996625244617462,0.0010034784208983183,0.546608030796051
24275,0,0,explicit_mmr,explicit_mmr,train,0.5694217085838318,0.40132567286491394,0.01281434390693903,5.985863390378654e-05,0.00558914989233017,0.010789338499307632
24284,4,4,qual_only,qual_only,train,0.026819106191396713,0.04288392513990402,0.010480520315468311,0.00019340524158906192,0.9184633493423462,0.0011596835684031248
24306,0,0,explicit_mmr,explicit_mmr,train,0.668961226940155,0.3082844316959381,0.006103991996496916,4.9225207476411015e-05,0.012885726056993008,0.0037153877783566713
24313,0,0,explicit_mmr,explicit_mmr,train,0.737428605556488,0.24126753211021423,0.00847020372748375,7.325974729610607e-05,0.006810655351728201,0.00594968581572175
24328,0,1,explicit_mmr,implicit_mmr,train,0.47788354754447937,0.5000521540641785,0.005144333466887474,2.892390693887137e-05,0.014164991676807404,0.002725984901189804
24336,0,0,explicit_mmr,explicit_mmr,train,0.5486193299293518,0.16824957728385925,0.1572793573141098,0.0010988627327606082,0.00504372688010335,0.11970917135477066
24366,0,0,explicit_mmr,explicit_mmr,train,0.6142528057098389,0.2933771312236786,0.002680528908967972,5.526690438273363e-05,0.08874496072530746,0.0008892074110917747
24385,3,5,no_method_signal,quant_only,train,0.0021190589759498835,0.012118014506995678,0.12701238691806793,0.08945002406835556,0.0012079108273610473,0.7680925726890564
24392,5,5,quant_only,quant_only,train,0.0012220990611240268,0.008262919262051582,0.16268886625766754,0.08511912822723389,0.0014787737745791674,0.7412282228469849
24404,1,0,implicit_mmr,explicit_mmr,train,0.659574031829834,0.3293387293815613,0.004786576144397259,8.88088034116663e-05,0.004035297315567732,0.0021765735000371933
24425,2,5,multi_method_not_mmr,quant_only,train,0.11927372962236404,0.3033391237258911,0.2434045523405075,0.000801350804977119,0.00814022310078144,0.3250410258769989
24434,5,5,quant_only,quant_only,train,0.009449097327888012,0.014429247006773949,0.22552615404129028,0.019834894686937332,0.0009337408700957894,0.7298268675804138
24447,0,0,explicit_mmr,explicit_mmr,train,0.6517040729522705,0.33151939511299133,0.000912053044885397,6.475975533248857e-05,0.015113264322280884,0.000686408719047904
24481,0,0,explicit_mmr,explicit_mmr,train,0.7899770736694336,0.16271786391735077,0.022981466725468636,0.00018251467554364353,0.006506005767732859,0.017635013908147812
24488,0,0,explicit_mmr,explicit_mmr,train,0.5093817114830017,0.3865627646446228,0.001080730464309454,7.501427171519026e-05,0.1025484949350357,0.0003512771218083799
24491,0,0,explicit_mmr,explicit_mmr,train,0.5799489617347717,0.40693673491477966,0.0021282099187374115,5.825353218824603e-05,0.009916482493281364,0.0010112988529726863
24496,0,0,explicit_mmr,explicit_mmr,train,0.743651807308197,0.2101585417985916,0.021445993334054947,0.00012152829731348902,0.0044077662751078606,0.02021433785557747
24500,2,2,multi_method_not_mmr,multi_method_not_mmr,train,0.0016500380588695407,0.0033902109134942293,0.5245546102523804,0.10994791239500046,0.02012273482978344,0.3403345048427582
24505,5,5,quant_only,quant_only,train,0.002979219425469637,0.009139183908700943,0.2587408125400543,0.05633251741528511,0.0016540845390409231,0.6711541414260864
24506,0,0,explicit_mmr,explicit_mmr,train,0.47329217195510864,0.33324646949768066,0.001158605795353651,0.0001362048787996173,0.1916789412498474,0.0004875712329521775
24522,0,0,explicit_mmr,explicit_mmr,train,0.6639245748519897,0.323164701461792,0.002043880056589842,4.702907972387038e-05,0.00987667590379715,0.0009431281359866261
24526,0,5,explicit_mmr,quant_only,train,0.06862246990203857,0.05257021263241768,0.259612113237381,0.0077718691900372505,0.006060292944312096,0.6053630113601685
24527,3,3,no_method_signal,no_method_signal,train,3.529185414663516e-05,0.0001271947694476694,0.012265428900718689,0.977908194065094,0.0005349137936718762,0.00912898126989603
24542,1,0,implicit_mmr,explicit_mmr,train,0.4858722686767578,0.48099544644355774,0.0010561069939285517,3.870786167681217e-05,0.03150048479437828,0.0005369671853259206
24559,1,0,implicit_mmr,explicit_mmr,train,0.6728694438934326,0.30842822790145874,0.0010777204297482967,5.258052988210693e-05,0.01698019914329052,0.0005918196402490139
24565,1,0,implicit_mmr,explicit_mmr,train,0.554169774055481,0.43562230467796326,0.0036028800532221794,8.608150528743863e-05,0.004959408659487963,0.0015595072181895375
24568,1,0,implicit_mmr,explicit_mmr,train,0.5457130074501038,0.4438720941543579,0.0019293981604278088,6.107534863986075e-05,0.00746185751631856,0.0009626877726987004
24570,5,4,quant_only,qual_only,train,0.004551169462502003,0.011605901643633842,0.11206895112991333,0.0018256112234666944,0.8570511341094971,0.01289722416549921
24576,1,0,implicit_mmr,explicit_mmr,train,0.5584540963172913,0.4273974895477295,0.0017472256440669298,5.9679223340936005e-05,0.01094063837081194,0.0014008664293214679
24609,1,0,implicit_mmr,explicit_mmr,train,0.5597628355026245,0.14659999310970306,0.13840632140636444,0.0005800759536214173,0.006659775041043758,0.14799100160598755
24610,5,5,quant_only,quant_only,train,0.024004017934203148,0.04639628902077675,0.386355996131897,0.0107383131980896,0.013296813704073429,0.5192086100578308
24614,0,5,explicit_mmr,quant_only,train,0.01708817109465599,0.018825655803084373,0.23113414645195007,0.019212383776903152,0.0014147296315059066,0.7123249769210815
24616,4,4,qual_only,qual_only,train,0.011957056820392609,0.03291892260313034,0.008590123616158962,0.00032368028769269586,0.9449785947799683,0.001231626607477665
24627,4,4,qual_only,qual_only,train,0.008048071525990963,0.025415530428290367,0.01092665083706379,0.00043219616054557264,0.9537350535392761,0.0014425379922613502
24628,0,0,explicit_mmr,explicit_mmr,train,0.6169589161872864,0.29538920521736145,0.03769947588443756,0.00015909035573713481,0.03395757079124451,0.01583569310605526
24633,0,0,explicit_mmr,explicit_mmr,train,0.4742062985897064,0.4372072219848633,0.0008780336938798428,7.928806735435501e-05,0.0871570035815239,0.00047214629012160003
24637,0,0,explicit_mmr,explicit_mmr,train,0.5676204562187195,0.3961915373802185,0.0007842905470170081,7.533005555160344e-05,0.03484153747558594,0.0004869419790338725
24644,0,0,explicit_mmr,explicit_mmr,train,0.6504597663879395,0.2677059769630432,0.024495359510183334,0.00010426105291116983,0.04659966006875038,0.010634927079081535
24661,2,2,multi_method_not_mmr,multi_method_not_mmr,train,0.001128414529375732,0.003386428812518716,0.5414239168167114,0.04456439986824989,0.3531653583049774,0.05633149296045303
24787,5,5,quant_only,quant_only,train,0.0017650369554758072,0.0023816311731934547,0.3394020199775696,0.030589397996664047,0.002310219220817089,0.6235516667366028
24789,1,0,implicit_mmr,explicit_mmr,train,0.6449949145317078,0.30047133564949036,0.021949399262666702,7.996169733814895e-05,0.01918037049472332,0.013323988765478134
24792,0,1,explicit_mmr,implicit_mmr,train,0.4585677683353424,0.5145183205604553,0.008493742905557156,2.7034249796997756e-05,0.01364992931485176,0.004743166267871857
24798,0,1,explicit_mmr,implicit_mmr,train,0.34678539633750916,0.6346117258071899,0.0021980369929224253,2.8165768526378088e-05,0.01518002524971962,0.0011966947931796312
24800,0,1,explicit_mmr,implicit_mmr,train,0.3165074288845062,0.6604443192481995,0.006726699415594339,2.609471994219348e-05,0.012680986896157265,0.0036144934128969908
24802,0,1,explicit_mmr,implicit_mmr,train,0.4308096468448639,0.5361488461494446,0.012025383301079273,3.085298158111982e-05,0.014136184938251972,0.006849107798188925
24832,0,5,explicit_mmr,quant_only,train,0.0970543771982193,0.21594953536987305,0.23231232166290283,0.0038945740088820457,0.0026383590884506702,0.44815078377723694
24845,2,5,multi_method_not_mmr,quant_only,train,0.03352123871445656,0.010865145362913609,0.3264378011226654,0.011163786984980106,0.004466969519853592,0.6135450601577759
24893,5,5,quant_only,quant_only,train,0.003162866458296776,0.005004250444471836,0.4044264256954193,0.01757396198809147,0.0036675813607871532,0.5661648511886597
24920,1,0,implicit_mmr,explicit_mmr,train,0.6642975807189941,0.3191680610179901,0.007781286258250475,0.00010942725202767178,0.0044466047547757626,0.004196982365101576
24933,5,5,quant_only,quant_only,train,0.03440844640135765,0.1251939833164215,0.26948440074920654,0.0036562574096024036,0.002769922371953726,0.5644870400428772
24953,4,0,qual_only,explicit_mmr,train,0.5431749224662781,0.42627936601638794,0.004902839660644531,2.8407353966031224e-05,0.02287164144217968,0.0027427251916378736
24976,4,4,qual_only,qual_only,train,0.0026287254877388477,0.005240533966571093,0.20427168905735016,0.00593922846019268,0.7580804824829102,0.023839294910430908
25043,0,0,explicit_mmr,explicit_mmr,train,0.3657689690589905,0.18174685537815094,0.23409418761730194,0.0012791334884241223,0.019080840051174164,0.19802993535995483
25044,0,0,explicit_mmr,explicit_mmr,train,0.6827027797698975,0.2995811700820923,0.0009976619621738791,7.658707909286022e-05,0.015800131484866142,0.0008416364435106516
25048,5,5,quant_only,quant_only,train,0.0038950552698224783,0.0037994275335222483,0.4704397916793823,0.012525474652647972,0.004675606731325388,0.5046646595001221
25068,4,4,qual_only,qual_only,train,0.013131281360983849,0.029724467545747757,0.045525602996349335,0.0004810534883290529,0.9058886766433716,0.005248907022178173
25072,0,0,explicit_mmr,explicit_mmr,train,0.7115045785903931,0.2728230059146881,0.005699649453163147,5.0525206461315975e-05,0.007336810231208801,0.0025852653197944164
25090,5,2,quant_only,multi_method_not_mmr,train,0.0021889249328523874,0.010482213459908962,0.6081483960151672,0.01304872240871191,0.04546824470162392,0.3206634521484375
25108,3,3,no_method_signal,no_method_signal,train,4.226813689456321e-05,0.0004249046614859253,0.038335785269737244,0.9212360978126526,0.02366780675947666,0.016293054446578026
25111,1,0,implicit_mmr,explicit_mmr,train,0.5460730791091919,0.40879544615745544,0.018502527847886086,0.00016664827126078308,0.008173714391887188,0.018288521096110344
25120,0,0,explicit_mmr,explicit_mmr,train,0.6971208453178406,0.2667419910430908,0.012602104805409908,9.361713455291465e-05,0.016540808603167534,0.006900565233081579
25133,0,0,explicit_mmr,explicit_mmr,train,0.5657562613487244,0.3346177041530609,0.02615293674170971,6.594545266125351e-05,0.06654680520296097,0.0068602836690843105
25134,0,0,explicit_mmr,explicit_mmr,train,0.4830290377140045,0.3441954255104065,0.0033323136158287525,5.4878717492101714e-05,0.16857126355171204,0.0008171109366230667
25135,0,0,explicit_mmr,explicit_mmr,train,0.38984188437461853,0.35361364483833313,0.033526040613651276,0.00011415355402277783,0.218015655875206,0.004888674709945917
25137,0,0,explicit_mmr,explicit_mmr,train,0.5618909597396851,0.3088472783565521,0.002114956732839346,5.6436987506458536e-05,0.12633273005485535,0.0007576728821732104
25152,0,5,explicit_mmr,quant_only,train,0.22415469586849213,0.07342316210269928,0.284146249294281,0.0030670566484332085,0.008446170948445797,0.4067627489566803
25153,0,0,explicit_mmr,explicit_mmr,train,0.6681017279624939,0.161173015832901,0.08331236988306046,0.0003272118919994682,0.03581804409623146,0.05126769840717316
25163,1,0,implicit_mmr,explicit_mmr,train,0.740841805934906,0.22177059948444366,0.018789945170283318,0.00013942331133875996,0.008862386457622051,0.009595857933163643
25184,1,0,implicit_mmr,explicit_mmr,train,0.6788229942321777,0.2339927852153778,0.04180853068828583,0.00018128340889234096,0.007822830229997635,0.03737162798643112
25192,1,0,implicit_mmr,explicit_mmr,train,0.6857803463935852,0.2838208079338074,0.008941689506173134,7.231618656078354e-05,0.015737108886241913,0.005647601559758186
25222,0,0,explicit_mmr,explicit_mmr,train,0.7236427068710327,0.23234684765338898,0.020222822204232216,0.0001450556592317298,0.005152630619704723,0.01848994567990303
25272,4,4,qual_only,qual_only,train,0.17522934079170227,0.21999752521514893,0.002999332034960389,0.00012184711522422731,0.6009511947631836,0.0007008027168922126
25277,0,0,explicit_mmr,explicit_mmr,train,0.5089374780654907,0.43360888957977295,0.011544521898031235,4.479747076402418e-05,0.04162229225039482,0.004241988528519869
25280,0,0,explicit_mmr,explicit_mmr,train,0.6265023946762085,0.15509666502475739,0.10651963204145432,0.0004965676343999803,0.013062098063528538,0.09832258522510529
25318,1,1,implicit_mmr,implicit_mmr,train,0.44670596718788147,0.5162553787231445,0.0008926308364607394,4.300720684113912e-05,0.03559828922152519,0.0005047598970122635
25320,2,5,multi_method_not_mmr,quant_only,train,0.03679425269365311,0.024214062839746475,0.32523515820503235,0.006991415750235319,0.0018399236723780632,0.6049250960350037
25324,2,5,multi_method_not_mmr,quant_only,train,0.013565079309046268,0.042301956564188004,0.3543427884578705,0.019788309931755066,0.0019672156777232885,0.5680345892906189
25336,0,0,explicit_mmr,explicit_mmr,train,0.6080153584480286,0.18405306339263916,0.09546086937189102,0.0003921426541637629,0.09028860181570053,0.021789995953440666
25360,5,5,quant_only,quant_only,train,0.0024654841981828213,0.0027029153425246477,0.25725266337394714,0.034969512373209,0.0010262016439810395,0.7015832662582397
25377,0,0,explicit_mmr,explicit_mmr,train,0.5366194248199463,0.19885410368442535,0.10881292819976807,0.00033067556796595454,0.1141204982995987,0.04126240313053131
25378,0,0,explicit_mmr,explicit_mmr,train,0.6319442391395569,0.32179099321365356,0.003872676519677043,5.171228986000642e-05,0.0401516854763031,0.0021886934991925955
25395,5,5,quant_only,quant_only,train,0.002390968380495906,0.0023615695536136627,0.3508007228374481,0.03768453747034073,0.0029822359792888165,0.6037799119949341
25431,0,1,explicit_mmr,implicit_mmr,train,0.43921202421188354,0.5243781805038452,0.001698988489806652,4.294859536457807e-05,0.034067507833242416,0.0006003365269862115
25490,1,0,implicit_mmr,explicit_mmr,train,0.6707108020782471,0.306880921125412,0.009932438842952251,6.389793998096138e-05,0.006450537592172623,0.005961540155112743
25497,2,5,multi_method_not_mmr,quant_only,train,0.00211510737426579,0.006176229566335678,0.33658474683761597,0.11035516113042831,0.0044515966437757015,0.540317177772522
25505,1,0,implicit_mmr,explicit_mmr,train,0.5779706239700317,0.39798620343208313,0.005569080822169781,3.876460323226638e-05,0.01419566199183464,0.004239736590534449
25512,1,1,implicit_mmr,implicit_mmr,train,0.4379867911338806,0.48702549934387207,0.0310465469956398,5.9661586419679224e-05,0.025515248998999596,0.018366340547800064
25514,0,0,explicit_mmr,explicit_mmr,train,0.5902199745178223,0.3877028226852417,0.006204729899764061,3.547161759342998e-05,0.012415029108524323,0.00342197110876441
25523,4,4,qual_only,qual_only,train,0.05974707007408142,0.1079944521188736,0.003930683713406324,0.00016014085849747062,0.8274978399276733,0.0006697559147141874
25526,0,0,explicit_mmr,explicit_mmr,train,0.6702016592025757,0.2821638882160187,0.02798212505877018,0.00013631387264467776,0.005681768525391817,0.013834306970238686
25531,0,0,explicit_mmr,explicit_mmr,train,0.6198055744171143,0.33842968940734863,0.001253065885975957,4.2693816794781014e-05,0.039877552539110184,0.0005914936191402376
25533,0,0,explicit_mmr,explicit_mmr,train,0.4541863799095154,0.18889552354812622,0.1466393917798996,0.00093557417858392,0.0025488261599093676,0.20679432153701782
25535,1,0,implicit_mmr,explicit_mmr,train,0.7014034390449524,0.28731638193130493,0.0010773662943392992,6.83686084812507e-05,0.009595709852874279,0.0005386603297665715
25553,1,1,implicit_mmr,implicit_mmr,train,0.3505476415157318,0.618179202079773,0.014967178925871849,9.429486817680299e-05,0.004942380357533693,0.01126925554126501
25554,1,1,implicit_mmr,implicit_mmr,train,0.4039575755596161,0.5775313377380371,0.0077102272771298885,6.471084634540603e-05,0.004973674193024635,0.005762420129030943
25563,0,0,explicit_mmr,explicit_mmr,train,0.7077366709709167,0.2802893817424774,0.0026422766968607903,4.787862781086005e-05,0.00782159436494112,0.0014622908784076571
25571,2,5,multi_method_not_mmr,quant_only,train,0.001609627972356975,0.0033666626550257206,0.3289802074432373,0.0969146341085434,0.0012333628255873919,0.5678955316543579
25580,4,4,qual_only,qual_only,train,0.2319827377796173,0.09498714655637741,0.21266089379787445,0.0011067986488342285,0.4300743043422699,0.02918822318315506
25617,4,4,qual_only,qual_only,train,0.00853409431874752,0.023905226960778236,0.4060855209827423,0.005516629666090012,0.4847791790962219,0.0711793303489685
25628,2,5,multi_method_not_mmr,quant_only,train,0.00665317103266716,0.009212889708578587,0.2557655870914459,0.031706951558589935,0.0012236481998115778,0.6954377293586731
25652,2,5,multi_method_not_mmr,quant_only,train,0.0025384207256138325,0.003470112569630146,0.42938432097435,0.08800556510686874,0.010216527618467808,0.4663850665092468
25656,3,5,no_method_signal,quant_only,train,0.002907160436734557,0.01092031691223383,0.3606709837913513,0.05681580305099487,0.0031967132817953825,0.5654889941215515
25667,3,3,no_method_signal,no_method_signal,train,0.0010653805220499635,0.00407555652782321,0.24418693780899048,0.6252745985984802,0.004094382748007774,0.12130322307348251
25680,3,3,no_method_signal,no_method_signal,train,0.00039077518158592284,0.002433203626424074,0.25213006138801575,0.6499294638633728,0.015055094845592976,0.08006134629249573
25724,0,1,explicit_mmr,implicit_mmr,train,0.4276380240917206,0.5464255809783936,0.0010545039549469948,6.695232877973467e-05,0.024323059245944023,0.0004918586928397417
25757,0,0,explicit_mmr,explicit_mmr,train,0.5834535956382751,0.2339819073677063,0.10997261106967926,0.00035070398007519543,0.008725518360733986,0.06351567059755325
25765,5,5,quant_only,quant_only,train,0.08750774711370468,0.08296837657690048,0.3268849551677704,0.001894586719572544,0.0051478673703968525,0.4955965578556061
25770,1,4,implicit_mmr,qual_only,train,0.017393575981259346,0.05212356895208359,0.008598326705396175,0.0002575321705080569,0.9202178120613098,0.0014092158526182175
25771,2,5,multi_method_not_mmr,quant_only,train,0.23662522435188293,0.1128576472401619,0.21160390973091125,0.002428865758702159,0.0025348239578306675,0.4339495599269867
25788,2,5,multi_method_not_mmr,quant_only,train,0.09260870516300201,0.11207523941993713,0.24252374470233917,0.0060328347608447075,0.001472019823268056,0.5452874302864075
25789,0,0,explicit_mmr,explicit_mmr,train,0.6645230650901794,0.3215180039405823,0.004954347386956215,9.356693044537678e-05,0.003771743969991803,0.005139327608048916
25794,0,1,explicit_mmr,implicit_mmr,train,0.10393686592578888,0.6936448216438293,0.06836379319429398,0.000504592782817781,0.005917052738368511,0.12763287127017975
25796,0,1,explicit_mmr,implicit_mmr,train,0.2978088855743408,0.3102028965950012,0.1468939483165741,0.0007904166704975069,0.003946071024984121,0.24035781621932983
25801,1,2,implicit_mmr,multi_method_not_mmr,train,0.01793828047811985,0.015094476751983166,0.48169541358947754,0.022379601374268532,0.00138522544875741,0.46150702238082886
25813,3,3,no_method_signal,no_method_signal,train,2.9542499760282226e-05,0.00017255134298466146,0.016667740419507027,0.9734073877334595,0.001567710773088038,0.008155083283782005
25814,2,4,multi_method_not_mmr,qual_only,train,0.0019530837889760733,0.00928796548396349,0.17497524619102478,0.0035397885367274284,0.7897801399230957,0.020463798195123672
25815,5,5,quant_only,quant_only,train,0.0078289695084095,0.08281347155570984,0.15847750008106232,0.012564882636070251,0.009712949395179749,0.7286022305488586
25816,5,5,quant_only,quant_only,train,0.0047284080646932125,0.06345037370920181,0.14954064786434174,0.01864924095571041,0.010571110993623734,0.7530602216720581
25831,1,5,implicit_mmr,quant_only,train,0.1480245292186737,0.21054252982139587,0.2520968019962311,0.0018779956735670567,0.002806835575029254,0.3846513032913208
25845,4,4,qual_only,qual_only,train,0.0041872006841003895,0.006886529270559549,0.36538493633270264,0.039842378348112106,0.49008554220199585,0.09361334890127182
25855,4,4,qual_only,qual_only,train,0.01981545425951481,0.05579100549221039,0.008615373633801937,0.00022199683007784188,0.9140514135360718,0.0015047790948301554
25858,0,0,explicit_mmr,explicit_mmr,train,0.5891491770744324,0.3989568054676056,0.00338792079128325,7.507872942369431e-05,0.005683767609298229,0.0027473019436001778
25887,1,1,implicit_mmr,implicit_mmr,train,0.27500292658805847,0.624422013759613,0.0011905748397111893,0.00015901711594779044,0.09847477078437805,0.0007507712580263615
25901,5,5,quant_only,quant_only,train,0.004937624093145132,0.02422306127846241,0.27957165241241455,0.05314981937408447,0.032048556953668594,0.6060692667961121
25928,2,5,multi_method_not_mmr,quant_only,train,0.0014094443758949637,0.008042211644351482,0.15853692591190338,0.11238647997379303,0.0015574829885736108,0.718067467212677
25938,4,4,qual_only,qual_only,train,0.0143849803134799,0.04802269488573074,0.0070423283614218235,0.0003254682815168053,0.929012656211853,0.0012119006132707
25940,2,0,multi_method_not_mmr,explicit_mmr,train,0.6995231509208679,0.21368831396102905,0.04545857012271881,0.00016550124564673752,0.008517283946275711,0.032647229731082916
25973,2,5,multi_method_not_mmr,quant_only,train,0.02402496710419655,0.08940505236387253,0.32308176159858704,0.0033917149994522333,0.004285560920834541,0.5558109283447266
25974,2,5,multi_method_not_mmr,quant_only,train,0.008826716803014278,0.01605289988219738,0.3358871340751648,0.007360460702329874,0.0020135443191975355,0.6298591494560242
25983,0,0,explicit_mmr,explicit_mmr,train,0.6503151655197144,0.33517828583717346,0.0020749312825500965,4.0658749639987946e-05,0.011011915281414986,0.0013790804659947753
25984,0,0,explicit_mmr,explicit_mmr,train,0.6959798336029053,0.2674548625946045,0.001058682450093329,6.708329601678997e-05,0.03479348123073578,0.0006460791919380426
25985,0,0,explicit_mmr,explicit_mmr,train,0.7396713495254517,0.24364368617534637,0.0017477773362770677,5.861122190253809e-05,0.014148027636110783,0.0007304764585569501
25994,1,1,implicit_mmr,implicit_mmr,train,0.1569836288690567,0.7621185183525085,0.003062295727431774,0.0001159180756076239,0.07548385113477707,0.0022357339039444923
26017,0,0,explicit_mmr,explicit_mmr,train,0.39086630940437317,0.2772587835788727,0.003282715566456318,7.322923192987218e-05,0.3276742696762085,0.0008446613210253417
26027,0,0,explicit_mmr,explicit_mmr,train,0.8040479421615601,0.12745092809200287,0.0337410569190979,0.0003150348784402013,0.005089739337563515,0.029355274513363838
26051,0,0,explicit_mmr,explicit_mmr,train,0.6130862832069397,0.2028108835220337,0.08190757781267166,0.000519493711180985,0.003943782765418291,0.09773191809654236
26055,1,1,implicit_mmr,implicit_mmr,train,0.14026163518428802,0.8380318284034729,0.005568000953644514,9.154081635642797e-05,0.011173570528626442,0.004873454570770264
26059,5,5,quant_only,quant_only,train,0.29911038279533386,0.09733724594116211,0.24678175151348114,0.0027052329387515783,0.023436691612005234,0.33062872290611267
26071,1,0,implicit_mmr,explicit_mmr,train,0.6224346160888672,0.3671607971191406,0.002102900529280305,4.370170063339174e-05,0.006697567645460367,0.0015603633364662528
26078,0,1,explicit_mmr,implicit_mmr,train,0.42350533604621887,0.49696847796440125,0.001356048509478569,5.280483310343698e-05,0.07733725756406784,0.0007802429609000683
26099,1,0,implicit_mmr,explicit_mmr,train,0.5728464126586914,0.39212509989738464,0.001724964240565896,2.8618193027796224e-05,0.03236149996519089,0.0009133662097156048
26102,0,1,explicit_mmr,implicit_mmr,train,0.34782281517982483,0.492484450340271,0.0685679093003273,0.0001471848227083683,0.036875221878290176,0.05410242825746536
26111,1,0,implicit_mmr,explicit_mmr,train,0.7467610239982605,0.21431691944599152,0.018859021365642548,0.00012159100879216567,0.006599890999495983,0.013341596350073814
26118,1,1,implicit_mmr,implicit_mmr,train,0.3416792154312134,0.644777774810791,0.0015787973534315825,5.6550768931629136e-05,0.010893759317696095,0.0010138762881979346
26121,0,0,explicit_mmr,explicit_mmr,train,0.5038501620292664,0.4468364715576172,0.0009949452942237258,4.0221799281425774e-05,0.04785848781466484,0.0004197455709800124
26122,0,0,explicit_mmr,explicit_mmr,train,0.7241693735122681,0.2618217468261719,0.003420604858547449,3.963457129430026e-05,0.008405815809965134,0.0021428666077554226
26128,0,0,explicit_mmr,explicit_mmr,train,0.6985317468643188,0.25821205973625183,0.02084467187523842,8.17999170976691e-05,0.012496828101575375,0.009832948446273804
26131,1,0,implicit_mmr,explicit_mmr,train,0.6121385097503662,0.3660425543785095,0.010488967411220074,5.936835805187002e-05,0.004890107549726963,0.006380515173077583
26159,2,2,multi_method_not_mmr,multi_method_not_mmr,train,0.0032209381461143494,0.020588835701346397,0.5238897204399109,0.05943728983402252,0.005547980312258005,0.38731518387794495
26186,1,4,implicit_mmr,qual_only,train,0.03732682019472122,0.08857447654008865,0.004390024580061436,0.00020768029207829386,0.8687641620635986,0.0007367907091975212
26187,1,4,implicit_mmr,qual_only,train,0.04818754270672798,0.0968436747789383,0.004038035403937101,0.00018286076374351978,0.8500394821166992,0.0007084583630785346
26188,1,4,implicit_mmr,qual_only,train,0.08982783555984497,0.14067232608795166,0.002780288690701127,0.0002031214244198054,0.7658704519271851,0.0006460371077992022
26222,4,4,qual_only,qual_only,train,0.002043536864221096,0.007313121575862169,0.10252291709184647,0.002747628604993224,0.8720341920852661,0.013338667340576649
26239,0,0,explicit_mmr,explicit_mmr,train,0.7770013809204102,0.20975245535373688,0.002397507196292281,5.5367119784932584e-05,0.009769896045327187,0.0010233573848381639
26241,1,1,implicit_mmr,implicit_mmr,train,0.3332960903644562,0.6393730640411377,0.002776185516268015,3.1871222745394334e-05,0.022539179772138596,0.001983604859560728
26254,0,1,explicit_mmr,implicit_mmr,train,0.37039387226104736,0.4062512516975403,0.0030642941128462553,5.3157025831751525e-05,0.21920429170131683,0.0010330533841624856
26265,0,0,explicit_mmr,explicit_mmr,train,0.5822253227233887,0.29738324880599976,0.051521092653274536,0.000229508092161268,0.038108255714178085,0.030532466247677803
26275,1,1,implicit_mmr,implicit_mmr,train,0.29472893476486206,0.37124526500701904,0.0015443767188116908,0.00012652497389353812,0.3317102789878845,0.0006446557817980647
26283,0,1,explicit_mmr,implicit_mmr,train,0.42210623621940613,0.4897347092628479,0.001050286227837205,6.997805758146569e-05,0.08650219440460205,0.0005366250406950712
26285,0,0,explicit_mmr,explicit_mmr,train,0.5884189605712891,0.32573747634887695,0.04413527250289917,0.00019311772484797984,0.005325385369360447,0.0361897274851799
26298,2,5,multi_method_not_mmr,quant_only,train,0.00500504532828927,0.021252574399113655,0.452879399061203,0.004179643001407385,0.01524575799703598,0.5014376044273376
26327,0,0,explicit_mmr,explicit_mmr,train,0.5579461455345154,0.4220219552516937,0.004591251257807016,3.4029624657705426e-05,0.012603968381881714,0.002802587579935789
26347,0,1,explicit_mmr,implicit_mmr,train,0.2081979364156723,0.4554499685764313,0.14148995280265808,0.0007647314923815429,0.08688002824783325,0.10721732676029205
26351,0,0,explicit_mmr,explicit_mmr,train,0.5644398331642151,0.36034342646598816,0.0008943323045969009,0.00010379130981164053,0.07375910133123398,0.00045948338811285794
26398,1,1,implicit_mmr,implicit_mmr,train,0.12734158337116241,0.5293134450912476,0.16880376636981964,0.0004937874036841094,0.09604229032993317,0.07800513505935669
26401,2,5,multi_method_not_mmr,quant_only,train,0.003684154711663723,0.00800222996622324,0.3111582398414612,0.046532392501831055,0.0036844077985733747,0.6269385814666748
26402,2,5,multi_method_not_mmr,quant_only,train,0.00833792146295309,0.014422026462852955,0.2837523818016052,0.015856603160500526,0.0014927622396498919,0.6761382818222046
26405,0,1,explicit_mmr,implicit_mmr,train,0.24067194759845734,0.264815092086792,0.2300274819135666,0.0010280002607032657,0.010793806053698063,0.2526637315750122
26436,0,0,explicit_mmr,explicit_mmr,train,0.5962861180305481,0.1978043168783188,0.10115227103233337,0.0005085523007437587,0.008493746630847454,0.09575503319501877
26438,0,0,explicit_mmr,explicit_mmr,train,0.6836382150650024,0.20361733436584473,0.008740834891796112,8.948078902903944e-05,0.10048715025186539,0.0034269823227077723
26447,4,0,qual_only,explicit_mmr,train,0.780344545841217,0.20147544145584106,0.006981763523072004,7.696542888879776e-05,0.007374138105660677,0.0037472201511263847
26452,5,5,quant_only,quant_only,train,0.0060740988701581955,0.014534248039126396,0.2535201907157898,0.03319967910647392,0.0021896231919527054,0.6904821395874023
26471,5,5,quant_only,quant_only,train,0.003426725510507822,0.002750028157606721,0.3164338767528534,0.03852170705795288,0.001025454606860876,0.6378421783447266
26486,2,5,multi_method_not_mmr,quant_only,train,0.002488360507413745,0.0015130802057683468,0.3205621540546417,0.04981376603245735,0.002365941647440195,0.6232567429542542
26522,0,0,explicit_mmr,explicit_mmr,train,0.5640854239463806,0.41745907068252563,0.00236422847956419,4.2786181438714266e-05,0.015283474698662758,0.000765061704441905
26523,0,0,explicit_mmr,explicit_mmr,train,0.6918393969535828,0.2922298312187195,0.0009525709319859743,6.187659892020747e-05,0.014508208259940147,0.00040820176945999265
26525,1,0,implicit_mmr,explicit_mmr,train,0.6874828338623047,0.29726964235305786,0.0011684715282171965,7.47011654311791e-05,0.012947676703333855,0.0010567280696704984
26526,0,0,explicit_mmr,explicit_mmr,train,0.7548000812530518,0.22508001327514648,0.0021610527765005827,5.205807974562049e-05,0.016656743362545967,0.0012499659787863493
26530,5,5,quant_only,quant_only,train,0.015181881375610828,0.008043168112635612,0.4111025929450989,0.03830307349562645,0.0013183706905692816,0.526050865650177
26542,1,0,implicit_mmr,explicit_mmr,train,0.37976670265197754,0.32153910398483276,0.14512768387794495,0.0007556542404927313,0.005854982417076826,0.14695577323436737
26562,0,0,explicit_mmr,explicit_mmr,train,0.7144204378128052,0.2179061323404312,0.03228740394115448,0.000149230778333731,0.015077960677444935,0.020158931612968445
26571,0,0,explicit_mmr,explicit_mmr,train,0.7842841744422913,0.18358154594898224,0.015005610883235931,0.0001387508527841419,0.006298435851931572,0.010691515170037746
26576,0,0,explicit_mmr,explicit_mmr,train,0.6033051609992981,0.17625093460083008,0.09044679254293442,0.0006335768848657608,0.005868086591362953,0.12349551171064377
26591,0,0,explicit_mmr,explicit_mmr,train,0.6450308561325073,0.3322291076183319,0.00617264723405242,5.2313756896182895e-05,0.013149846345186234,0.003365354146808386
26595,0,0,explicit_mmr,explicit_mmr,train,0.526221513748169,0.42085057497024536,0.024777332320809364,0.00013013019633945078,0.004334797151386738,0.02368556708097458
26597,0,0,explicit_mmr,explicit_mmr,train,0.7474736571311951,0.1866840124130249,0.030894864350557327,0.00017509993631392717,0.014644477516412735,0.020128030329942703
26600,0,0,explicit_mmr,explicit_mmr,train,0.6825173497200012,0.2590465843677521,0.027399320155382156,0.0001444849040126428,0.005387675482779741,0.025504501536488533
26601,0,0,explicit_mmr,explicit_mmr,train,0.7852344512939453,0.18341302871704102,0.014281733892858028,0.00013607933942694217,0.007499103434383869,0.009435564279556274
26608,0,0,explicit_mmr,explicit_mmr,train,0.7065614461898804,0.24845346808433533,0.01907169632613659,9.355116344522685e-05,0.010667121037840843,0.01515256892889738
26609,0,0,explicit_mmr,explicit_mmr,train,0.7733005285263062,0.19976994395256042,0.012560563161969185,0.00012066744238836691,0.005503490101546049,0.008744810707867146
26611,0,0,explicit_mmr,explicit_mmr,train,0.7196557521820068,0.2623634934425354,0.005521089304238558,6.0826023400295526e-05,0.009026728570461273,0.0033722156658768654
26616,0,0,explicit_mmr,explicit_mmr,train,0.5213204622268677,0.4251420795917511,0.02362067997455597,0.0002144878963008523,0.002823574235662818,0.02687876671552658
26630,1,0,implicit_mmr,explicit_mmr,train,0.7040196657180786,0.24976497888565063,0.01864710822701454,0.00010079634375870228,0.01302762795239687,0.014439862221479416
26631,0,0,explicit_mmr,explicit_mmr,train,0.6369361877441406,0.34823206067085266,0.0032224711030721664,6.283316179178655e-05,0.009140641428530216,0.0024057200644165277
26643,0,0,explicit_mmr,explicit_mmr,train,0.7610594630241394,0.18768012523651123,0.023860953748226166,0.00015826828894205391,0.012247756123542786,0.01499351765960455
26652,1,1,implicit_mmr,implicit_mmr,train,0.3628747761249542,0.6148629188537598,0.00506249675527215,4.302327579353005e-05,0.013133851811289787,0.004022923763841391
26670,0,0,explicit_mmr,explicit_mmr,train,0.6168055534362793,0.3336451053619385,0.0011440120870247483,4.4769811211153865e-05,0.047801513224840164,0.0005590036162175238
26672,0,0,explicit_mmr,explicit_mmr,train,0.6758780479431152,0.24688032269477844,0.03967421501874924,0.00015348686429206282,0.010791248641908169,0.026622656732797623
26841,0,0,explicit_mmr,explicit_mmr,train,0.4849948585033417,0.46897509694099426,0.0018788905581459403,3.757645026780665e-05,0.043017856776714325,0.0010955537436529994
26844,1,1,implicit_mmr,implicit_mmr,train,0.31457018852233887,0.6426414847373962,0.007222787477076054,3.0186423828126863e-05,0.03210430592298508,0.003431077115237713
26846,1,1,implicit_mmr,implicit_mmr,train,0.31411248445510864,0.6419404149055481,0.008334118872880936,3.2581006962573156e-05,0.03167656064033508,0.0039038178510963917
26847,1,1,implicit_mmr,implicit_mmr,train,0.4246699810028076,0.5252442955970764,0.011531936004757881,4.572767284116708e-05,0.031188666820526123,0.00731947086751461
26875,0,0,explicit_mmr,explicit_mmr,train,0.6201695203781128,0.36424052715301514,0.0014536622911691666,3.4506370866438374e-05,0.013170965947210789,0.0009307910804636776
26892,1,0,implicit_mmr,explicit_mmr,train,0.45141246914863586,0.43122753500938416,0.0009144776850007474,8.457680814899504e-05,0.11588989198207855,0.0004709521308541298
26907,0,0,explicit_mmr,explicit_mmr,train,0.5676769614219666,0.4057832360267639,0.000712761131580919,6.0968039178987965e-05,0.02540922909975052,0.0003567408421076834
26911,1,1,implicit_mmr,implicit_mmr,train,0.43694010376930237,0.45080459117889404,0.0008828719728626311,9.241946099791676e-05,0.11082533746957779,0.00045460398541763425
26913,0,0,explicit_mmr,explicit_mmr,train,0.6457769274711609,0.3261278569698334,0.012619683519005775,4.596513099386357e-05,0.006794204004108906,0.008635382167994976
26914,1,1,implicit_mmr,implicit_mmr,train,0.30335551500320435,0.6032490134239197,0.0011725728400051594,0.00010486339306226,0.09157586842775345,0.0005421154201030731
26917,0,1,explicit_mmr,implicit_mmr,train,0.4134177267551422,0.46233412623405457,0.001162977423518896,5.939975744695403e-05,0.12247355282306671,0.000552249897737056
26923,0,1,explicit_mmr,implicit_mmr,train,0.3459007740020752,0.5568373203277588,0.0012107201619073749,5.727843745262362e-05,0.0953747108578682,0.000619162863586098
26926,0,0,explicit_mmr,explicit_mmr,train,0.5197449326515198,0.4510751962661743,0.0006825740565545857,6.330143514787778e-05,0.028066759929060936,0.00036727869883179665
26936,0,1,explicit_mmr,implicit_mmr,train,0.4803737699985504,0.5046467781066895,0.004515659064054489,3.8162615965120494e-05,0.00778244249522686,0.0026432094164192677
26938,0,0,explicit_mmr,explicit_mmr,train,0.5510438084602356,0.4327807128429413,0.004239250440150499,3.370152990100905e-05,0.009076121263206005,0.002826415002346039
26959,2,5,multi_method_not_mmr,quant_only,train,0.012602856382727623,0.017348511144518852,0.32280248403549194,0.01350698247551918,0.0013171399477869272,0.6324220299720764
26961,0,0,explicit_mmr,explicit_mmr,train,0.5412514805793762,0.40387773513793945,0.0007348530343733728,8.712487760931253e-05,0.05358875170350075,0.0004600939864758402
26971,0,0,explicit_mmr,explicit_mmr,train,0.6783689856529236,0.30269378423690796,0.006716166157275438,5.3991829190636054e-05,0.0079440176486969,0.004222881980240345
26984,1,0,implicit_mmr,explicit_mmr,train,0.6449121832847595,0.3085622787475586,0.0011283834464848042,4.80342423543334e-05,0.04498639330267906,0.0003627919650170952
26986,0,0,explicit_mmr,explicit_mmr,train,0.5955554246902466,0.3761644959449768,0.0009403434814885259,4.8904603318078443e-05,0.026981212198734283,0.00030963020981289446
26994,0,0,explicit_mmr,explicit_mmr,train,0.6026420593261719,0.3570365011692047,0.0009097583242692053,5.6776745623210445e-05,0.038882479071617126,0.00047241212450899184
26999,0,0,explicit_mmr,explicit_mmr,train,0.5977926850318909,0.37569332122802734,0.012518513016402721,6.158875476103276e-05,0.007414098829030991,0.006519866641610861
27015,2,5,multi_method_not_mmr,quant_only,train,0.00039913205546326935,0.0008165750768966973,0.334470272064209,0.2864672541618347,0.0024807679001241922,0.3753660023212433
27020,3,3,no_method_signal,no_method_signal,train,4.6705918066436425e-05,0.00017370772548019886,0.029018724337220192,0.9368953704833984,0.000677928444929421,0.03318757936358452
27040,0,1,explicit_mmr,implicit_mmr,train,0.2588837146759033,0.3136146366596222,0.20639608800411224,0.0006220336072146893,0.019323332235217094,0.20116016268730164
27059,0,0,explicit_mmr,explicit_mmr,train,0.5103734135627747,0.46093764901161194,0.0033344936091452837,4.350447125034407e-05,0.022748099640011787,0.0025628432631492615
27060,0,0,explicit_mmr,explicit_mmr,train,0.65296870470047,0.320028692483902,0.014769827015697956,0.0001847240055212751,0.003339203307405114,0.008708910085260868
27061,0,0,explicit_mmr,explicit_mmr,train,0.6114177703857422,0.37769705057144165,0.0015378202078863978,5.698735185433179e-05,0.008342687971889973,0.0009477674029767513
27063,0,0,explicit_mmr,explicit_mmr,train,0.5410946607589722,0.4300668239593506,0.010090961121022701,5.555938696488738e-05,0.014140017330646515,0.004552086815237999
27071,1,1,implicit_mmr,implicit_mmr,train,0.23326490819454193,0.6891491413116455,0.03538791462779045,0.00012677398626692593,0.014698549173772335,0.027372684329748154
27077,0,1,explicit_mmr,implicit_mmr,train,0.17489732801914215,0.7961240410804749,0.008279161527752876,5.459196472656913e-05,0.014768042601644993,0.0058768317103385925
27096,0,0,explicit_mmr,explicit_mmr,train,0.5429891347885132,0.1326906681060791,0.14779335260391235,0.0010213034693151712,0.010763648897409439,0.1647418737411499
27102,2,5,multi_method_not_mmr,quant_only,train,0.004315197467803955,0.004912540782243013,0.3935672640800476,0.054762955754995346,0.0009824917651712894,0.5414595007896423
27113,0,2,explicit_mmr,multi_method_not_mmr,train,0.2283659279346466,0.197483628988266,0.2964349389076233,0.0025327231269329786,0.03836628049612045,0.23681648075580597
27128,5,5,quant_only,quant_only,train,0.008062059059739113,0.008597898297011852,0.314423531293869,0.02998034842312336,0.0008026879513636231,0.6381334662437439
27176,0,0,explicit_mmr,explicit_mmr,train,0.6711875796318054,0.310523122549057,0.0010504251113161445,4.928133785142563e-05,0.016521308571100235,0.0006682444363832474
27188,0,0,explicit_mmr,explicit_mmr,train,0.6146265864372253,0.3747364282608032,0.003511018818244338,0.00012204845552332699,0.006048495415598154,0.0009554287535138428
27189,4,5,qual_only,quant_only,train,0.14576466381549835,0.09229712188243866,0.34459611773490906,0.004679006524384022,0.01218036562204361,0.40048277378082275
27190,0,0,explicit_mmr,explicit_mmr,train,0.6117488741874695,0.3792954683303833,0.0019582840614020824,8.102577703539282e-05,0.006014254409819841,0.0009021505829878151
27191,0,0,explicit_mmr,explicit_mmr,train,0.6713536977767944,0.31056034564971924,0.0010505279060453176,4.947957495460287e-05,0.016314422711730003,0.0006715402705594897
27194,4,0,qual_only,explicit_mmr,train,0.6973100900650024,0.18994343280792236,0.052986323833465576,0.0002819928922690451,0.037190355360507965,0.022287825122475624
27207,2,5,multi_method_not_mmr,quant_only,train,0.05920637026429176,0.04654371738433838,0.341663122177124,0.006352283991873264,0.003691738471388817,0.5425428152084351
27212,4,4,qual_only,qual_only,train,0.036256708204746246,0.06960880756378174,0.0039611998945474625,0.00022071189596317708,0.8892879486083984,0.0006646020337939262
27237,2,5,multi_method_not_mmr,quant_only,train,0.0011171462247148156,0.0010608416050672531,0.35488104820251465,0.09532204270362854,0.0029284032061696053,0.5446904897689819
27238,0,0,explicit_mmr,explicit_mmr,train,0.5062137246131897,0.4459690451622009,0.0009932344546541572,3.992076017311774e-05,0.04636324942111969,0.0004208361788187176
27239,5,5,quant_only,quant_only,train,0.035473693162202835,0.024509567767381668,0.2115504890680313,0.006834850180894136,0.0011046231957152486,0.7205267548561096
27247,5,5,quant_only,quant_only,train,0.002425359096378088,0.0019095182651653886,0.3580567240715027,0.04177305847406387,0.002077994402498007,0.5937573313713074
27255,3,3,no_method_signal,no_method_signal,train,4.322354288888164e-05,0.0003719915694091469,0.028219854459166527,0.9325190186500549,0.0009079184965230525,0.03793805465102196
27279,1,0,implicit_mmr,explicit_mmr,train,0.6360397338867188,0.22121606767177582,0.073430635035038,0.00027948993374593556,0.022993776947259903,0.04604020342230797
27287,5,5,quant_only,quant_only,train,0.001427251729182899,0.008617367595434189,0.20633701980113983,0.07046285271644592,0.0015812586061656475,0.7115742564201355
27289,0,0,explicit_mmr,explicit_mmr,train,0.7018943428993225,0.27834486961364746,0.006571263540536165,4.7772002290003e-05,0.010619939304888248,0.0025217689108103514
27293,4,1,qual_only,implicit_mmr,train,0.2491641342639923,0.602496862411499,0.002093500690534711,0.00016622940893284976,0.14498788118362427,0.0010915276361629367
27299,0,0,explicit_mmr,explicit_mmr,train,0.6214960217475891,0.3642909526824951,0.0029450308065861464,4.8279063776135445e-05,0.009217582643032074,0.002002096502110362
27312,1,0,implicit_mmr,explicit_mmr,train,0.5425469279289246,0.39903271198272705,0.03173476830124855,0.00016814122500363737,0.005141428671777248,0.021376008167862892
27364,0,0,explicit_mmr,explicit_mmr,train,0.6003049612045288,0.3803795278072357,0.008531320840120316,0.0001019929550238885,0.004762494936585426,0.005919702351093292
27365,0,0,explicit_mmr,explicit_mmr,train,0.5020486116409302,0.48088449239730835,0.0049848114140331745,5.2792514907196164e-05,0.009225123561918736,0.002804212272167206
27385,0,1,explicit_mmr,implicit_mmr,train,0.37422749400138855,0.5522879362106323,0.0009039054275490344,0.00010839392780326307,0.07193370163440704,0.0005385965923778713
27386,0,1,explicit_mmr,implicit_mmr,train,0.33845436573028564,0.5693153738975525,0.0009332461631856859,0.00016517858603037894,0.09065627306699753,0.0004755220143124461
27387,4,4,qual_only,qual_only,train,0.018486149609088898,0.05202944949269295,0.009440374560654163,0.00020766021043527871,0.9183188080787659,0.0015175752341747284
27388,4,4,qual_only,qual_only,train,0.013739299960434437,0.05203675106167793,0.011894013732671738,0.00028893593116663396,0.9199628829956055,0.00207807426340878
27389,4,4,qual_only,qual_only,train,0.011957400478422642,0.04642931744456291,0.011272081173956394,0.0003216406621504575,0.9281047582626343,0.0019148039864376187
27390,4,4,qual_only,qual_only,train,0.015024393796920776,0.046884600073099136,0.008871483616530895,0.00027141495957039297,0.9274888634681702,0.001459273393265903
27403,4,4,qual_only,qual_only,train,0.05783175677061081,0.1273443102836609,0.004475217778235674,0.00017815348110161722,0.8091151118278503,0.001055378932505846
27404,4,4,qual_only,qual_only,train,0.027011655271053314,0.08394233137369156,0.00877098087221384,0.00020831286383327097,0.8783990144729614,0.0016676492523401976
27415,4,4,qual_only,qual_only,train,0.01476855669170618,0.032969072461128235,0.016941051930189133,0.0002643401676323265,0.9331643581390381,0.0018926931079477072
27416,4,4,qual_only,qual_only,train,0.04548782482743263,0.08551540225744247,0.004107540939003229,0.0001965204137377441,0.8639451861381531,0.0007475377642549574
27418,4,4,qual_only,qual_only,train,0.05107295513153076,0.07231593132019043,0.008854296989738941,0.00014510309847537428,0.8661908507347107,0.001420812215656042
27430,2,3,multi_method_not_mmr,no_method_signal,train,0.00019066208915319294,0.0004530470469035208,0.24965329468250275,0.661016583442688,0.020515982061624527,0.06817036122083664
27471,4,4,qual_only,qual_only,train,0.0048380945809185505,0.006036877166479826,0.18005837500095367,0.02981022745370865,0.7553866505622864,0.023869726806879044
27473,0,0,explicit_mmr,explicit_mmr,train,0.6805649995803833,0.2699200510978699,0.027068685740232468,0.00013420770119410008,0.007768916431814432,0.014543191529810429
27506,1,1,implicit_mmr,implicit_mmr,train,0.22078831493854523,0.6783730983734131,0.0017090693581849337,0.00014148393529467285,0.09804930537939072,0.0009386784513480961
27508,1,5,implicit_mmr,quant_only,train,0.007480610627681017,0.04186715558171272,0.11219555139541626,0.03810221701860428,0.002707601757720113,0.7976468801498413
27520,2,5,multi_method_not_mmr,quant_only,train,0.0564885251224041,0.040220148861408234,0.40493646264076233,0.002505736192688346,0.017216436564922333,0.4786326587200165
27525,2,2,multi_method_not_mmr,multi_method_not_mmr,train,0.03596489503979683,0.016050277277827263,0.47072339057922363,0.007955644279718399,0.010296178981661797,0.45900964736938477
27559,0,0,explicit_mmr,explicit_mmr,train,0.7836041450500488,0.1733110547065735,0.01906311698257923,0.00017687240324448794,0.0038539436645805836,0.0199908334761858
27575,3,3,no_method_signal,no_method_signal,train,2.3545115254819393e-05,0.0001846418745117262,0.013800383545458317,0.9713811874389648,0.0014372527366504073,0.013172908686101437
27583,3,3,no_method_signal,no_method_signal,train,2.8233829652890563e-05,0.00022401599562726915,0.013267750851809978,0.9635948538780212,0.0017231192905455828,0.021161969751119614
27584,3,3,no_method_signal,no_method_signal,train,5.9850222896784544e-05,0.00014079477114137262,0.012164756655693054,0.9811716079711914,0.0005128858610987663,0.005950156133621931
27594,3,3,no_method_signal,no_method_signal,train,3.908377038897015e-05,0.0003621881769504398,0.014730480499565601,0.9521740078926086,0.0015381420962512493,0.031156158074736595
27595,1,5,implicit_mmr,quant_only,train,0.0641632080078125,0.06183993071317673,0.24866947531700134,0.0073763784021139145,0.004374072887003422,0.6135769486427307
27606,1,0,implicit_mmr,explicit_mmr,train,0.4990619719028473,0.46293798089027405,0.001531329588033259,3.06452602671925e-05,0.03570258989930153,0.0007355072884820402
27609,2,1,multi_method_not_mmr,implicit_mmr,train,0.3056139349937439,0.37493565678596497,0.15312397480010986,0.0007070765714161098,0.003301791148260236,0.16231754422187805
27611,4,5,qual_only,quant_only,train,0.0008146915934048593,0.02220192179083824,0.29692286252975464,0.10926666110754013,0.06692486256361008,0.5038689374923706
27664,5,5,quant_only,quant_only,train,0.018102053552865982,0.013272947631776333,0.2765413224697113,0.009825117886066437,0.0011993512744084,0.6810591816902161
27670,0,0,explicit_mmr,explicit_mmr,train,0.5125885009765625,0.4008389115333557,0.044322554022073746,0.0001275535032618791,0.009536422789096832,0.03258609026670456
27673,0,0,explicit_mmr,explicit_mmr,train,0.3823278248310089,0.3663010597229004,0.0012244521640241146,0.0002209600352216512,0.2493138164281845,0.0006119593163020909
27679,1,1,implicit_mmr,implicit_mmr,train,0.4353390336036682,0.5525850653648376,0.0018745240522548556,9.850648348219693e-05,0.009045478887856007,0.0010573742911219597
27681,0,0,explicit_mmr,explicit_mmr,train,0.7386963367462158,0.23791749775409698,0.009738621301949024,8.703752973815426e-05,0.009330750443041325,0.004229875281453133
27686,0,0,explicit_mmr,explicit_mmr,train,0.6323990225791931,0.34263134002685547,0.0008162587182596326,5.7899516832549125e-05,0.023586759343743324,0.0005087435129098594
27709,0,0,explicit_mmr,explicit_mmr,train,0.553512692451477,0.42474082112312317,0.007993609644472599,5.31123841938097e-05,0.009621328674256802,0.004078451544046402
27710,0,0,explicit_mmr,explicit_mmr,train,0.6553284525871277,0.32929402589797974,0.006548149045556784,0.00011117635585833341,0.0038657630793750286,0.004852504935115576
27711,0,0,explicit_mmr,explicit_mmr,train,0.6283998489379883,0.3387775719165802,0.01825156807899475,9.58941163844429e-05,0.005037742666900158,0.009437339380383492
27712,0,0,explicit_mmr,explicit_mmr,train,0.6791762709617615,0.29525911808013916,0.012628222815692425,9.184793452732265e-05,0.004663846921175718,0.008180683478713036
27731,0,1,explicit_mmr,implicit_mmr,train,0.3437505066394806,0.6209275722503662,0.0009613513830117881,7.087752601364627e-05,0.033817779272794724,0.0004719091230072081
27736,0,1,explicit_mmr,implicit_mmr,train,0.45042601227760315,0.5082637667655945,0.0008557301480323076,4.6068595111137256e-05,0.04002184048295021,0.00038665244937874377
27739,0,1,explicit_mmr,implicit_mmr,train,0.3273921012878418,0.6318175792694092,0.0010766766499727964,7.784305489622056e-05,0.03914013132452965,0.000495612679515034
27750,0,0,explicit_mmr,explicit_mmr,train,0.4033833146095276,0.08674817532300949,0.2441086322069168,0.002050518523901701,0.010653679259121418,0.2530555725097656
27777,2,2,multi_method_not_mmr,multi_method_not_mmr,train,0.1135869026184082,0.031815722584724426,0.4996497631072998,0.006508084014058113,0.0812399685382843,0.2671995759010315
27796,1,1,implicit_mmr,implicit_mmr,train,0.2949082553386688,0.4514291286468506,0.001324786338955164,0.0001265607716049999,0.2516726851463318,0.0005386047996580601
27802,1,1,implicit_mmr,implicit_mmr,train,0.4493456184864044,0.47510430216789246,0.0365196168422699,0.00011014945630449802,0.010978767648339272,0.027941608801484108
27875,0,0,explicit_mmr,explicit_mmr,train,0.7532436847686768,0.21150213479995728,0.015955930575728416,9.443665476283059e-05,0.009242396801710129,0.009961399249732494
27877,0,0,explicit_mmr,explicit_mmr,train,0.7103186845779419,0.2018309235572815,0.04284791275858879,0.00019958021584898233,0.011721130460500717,0.03308187797665596
27883,1,0,implicit_mmr,explicit_mmr,train,0.6861751079559326,0.28573083877563477,0.009180176071822643,5.9991310990881175e-05,0.013066397979855537,0.0057875486090779305
27884,1,0,implicit_mmr,explicit_mmr,train,0.5829394459724426,0.4042448401451111,0.004665156360715628,6.509369995910674e-05,0.004159337375313044,0.003926075529307127
27892,1,0,implicit_mmr,explicit_mmr,train,0.7200319170951843,0.24526692926883698,0.013907470740377903,9.397202666150406e-05,0.012366210110485554,0.008333464153110981
27896,1,0,implicit_mmr,explicit_mmr,train,0.6837589740753174,0.27724435925483704,0.014606045559048653,9.699322254164144e-05,0.014740554615855217,0.00955312978476286
27898,5,0,quant_only,explicit_mmr,train,0.6575047373771667,0.17238186299800873,0.07806462794542313,0.0005048881866969168,0.005548352375626564,0.08599559962749481
27915,0,0,explicit_mmr,explicit_mmr,train,0.68364018201828,0.2814008295536041,0.00992518663406372,6.309687159955502e-05,0.019290588796138763,0.005680177826434374
27922,0,0,explicit_mmr,explicit_mmr,train,0.6546542048454285,0.3000115156173706,0.017212331295013428,8.161205914802849e-05,0.016492880880832672,0.011547445319592953
27924,0,0,explicit_mmr,explicit_mmr,train,0.663547694683075,0.3093605637550354,0.00873649213463068,6.332708289846778e-05,0.012511034496128559,0.005780884996056557
27936,2,0,multi_method_not_mmr,explicit_mmr,train,0.7285273671150208,0.17836084961891174,0.0469050258398056,0.00024496339028701186,0.009576662443578243,0.03638511896133423
27939,0,2,explicit_mmr,multi_method_not_mmr,train,0.08414580672979355,0.028629068285226822,0.5499117374420166,0.0051305582746863365,0.010171229019761086,0.3220116198062897
27949,0,0,explicit_mmr,explicit_mmr,train,0.6760044097900391,0.301014244556427,0.0008478423696942627,8.142054139170796e-05,0.021447990089654922,0.0006041141459718347
27986,0,1,explicit_mmr,implicit_mmr,train,0.4097948968410492,0.41287121176719666,0.0010267330799251795,0.0001716508559184149,0.1755782961845398,0.0005572562222369015
27987,0,0,explicit_mmr,explicit_mmr,train,0.4182446002960205,0.4055851995944977,0.0010427961824461818,0.00016635548672638834,0.1744062453508377,0.0005548142362385988
27997,0,0,explicit_mmr,explicit_mmr,train,0.7061032056808472,0.1880563497543335,0.005073464009910822,8.484930003760383e-05,0.09868962317705154,0.001992590958252549
28021,2,4,multi_method_not_mmr,qual_only,train,0.028700731694698334,0.05869869142770767,0.009700070135295391,0.00018983120389748365,0.9013118743896484,0.0013988582650199533
28023,1,0,implicit_mmr,explicit_mmr,train,0.6916961073875427,0.2621517479419708,0.0018366554286330938,5.2780731493839994e-05,0.04342716932296753,0.0008355156169272959
28044,0,0,explicit_mmr,explicit_mmr,train,0.6453568935394287,0.34301379323005676,0.0010988814756274223,6.583690264960751e-05,0.009961467236280441,0.0005031527834944427
28132,0,0,explicit_mmr,explicit_mmr,train,0.6117849946022034,0.3568888306617737,0.0025840355083346367,3.541354089975357e-05,0.027102045714855194,0.0016046407399699092
28133,0,0,explicit_mmr,explicit_mmr,train,0.40222105383872986,0.33176496624946594,0.0014191779773682356,0.00010922723595285788,0.26394349336624146,0.0005421482492238283
28134,0,1,explicit_mmr,implicit_mmr,train,0.332401841878891,0.4987647235393524,0.0015172547427937388,7.999699300853536e-05,0.16663162410259247,0.0006045813788659871
28140,2,5,multi_method_not_mmr,quant_only,train,0.07632581144571304,0.09041930735111237,0.30052265524864197,0.007478953804820776,0.0019713938236236572,0.5232818722724915
28191,0,1,explicit_mmr,implicit_mmr,train,0.3724428415298462,0.5979594588279724,0.0010045169619843364,7.438134343829006e-05,0.02797182835638523,0.000547015864867717
28197,0,0,explicit_mmr,explicit_mmr,train,0.5273302793502808,0.16259801387786865,0.01170248445123434,0.00013569521252065897,0.29547983407974243,0.002753720385953784
28219,2,5,multi_method_not_mmr,quant_only,train,0.11264096200466156,0.09584775567054749,0.3429987132549286,0.0035661107394844294,0.002237783744931221,0.44270870089530945
28255,2,3,multi_method_not_mmr,no_method_signal,train,0.00019752135267481208,0.0012367425952106714,0.22536344826221466,0.5185112953186035,0.2143155038356781,0.04037555679678917
28272,0,0,explicit_mmr,explicit_mmr,train,0.6517435312271118,0.21054264903068542,0.038238078355789185,0.00020289022359065711,0.08525188267230988,0.014021037146449089
28296,0,0,explicit_mmr,explicit_mmr,train,0.7037005424499512,0.2686079740524292,0.013450794853270054,9.15570926736109e-05,0.00442348700016737,0.009725663810968399
28309,4,4,qual_only,qual_only,train,0.08195488899946213,0.14536118507385254,0.0030337171629071236,0.00019603519467636943,0.7686827778816223,0.0007714531966485083
28315,0,0,explicit_mmr,explicit_mmr,train,0.5494215488433838,0.36199259757995605,0.0017626817570999265,4.695490497397259e-05,0.08611046522855759,0.0006657206104137003
28316,4,4,qual_only,qual_only,train,0.0075539411045610905,0.016923436895012856,0.01695038005709648,0.0004536128253675997,0.9564583897590637,0.0016602732939645648
28321,1,4,implicit_mmr,qual_only,train,0.02168632112443447,0.06398426741361618,0.004580256529152393,0.00030769986915402114,0.9085933566093445,0.000848129391670227
28327,4,0,qual_only,explicit_mmr,train,0.459971159696579,0.45404115319252014,0.0009372727363370359,6.083482730900869e-05,0.0845116674900055,0.0004779685114044696
28370,2,5,multi_method_not_mmr,quant_only,train,0.019114796072244644,0.00779454642906785,0.3695267140865326,0.020918412134051323,0.0057216426357626915,0.5769238471984863
28399,5,5,quant_only,quant_only,train,0.018297525122761726,0.015511578880250454,0.2533229887485504,0.016167378053069115,0.001301794545724988,0.69539874792099
28400,5,5,quant_only,quant_only,train,0.00645904615521431,0.00695587694644928,0.23020856082439423,0.02238401398062706,0.0008493750356137753,0.7331430912017822
28401,5,5,quant_only,quant_only,train,0.019024129956960678,0.019285565242171288,0.2611228823661804,0.01406616810709238,0.001149210729636252,0.6853520274162292
28402,5,5,quant_only,quant_only,train,0.02054930105805397,0.018758278340101242,0.265326589345932,0.013841825537383556,0.0011660988675430417,0.6803579330444336
28403,5,5,quant_only,quant_only,train,0.08250150084495544,0.05075281858444214,0.24166490137577057,0.007872038520872593,0.001606826321221888,0.6156018972396851
28420,0,0,explicit_mmr,explicit_mmr,train,0.6896443367004395,0.2973916232585907,0.002458619186654687,6.078745354898274e-05,0.009544203989207745,0.0009004874154925346
28442,2,2,multi_method_not_mmr,multi_method_not_mmr,train,0.009292390197515488,0.009544376283884048,0.5739477276802063,0.008835215121507645,0.33014175295829773,0.06823854893445969
28453,0,2,explicit_mmr,multi_method_not_mmr,train,0.09625104814767838,0.038364339619874954,0.43257009983062744,0.006979619152843952,0.010890720412135124,0.41494420170783997
28486,5,5,quant_only,quant_only,train,0.0014129941118881106,0.0017505183350294828,0.2925461530685425,0.1464223712682724,0.0012141113402321935,0.5566537976264954
28515,0,0,explicit_mmr,explicit_mmr,train,0.5730269551277161,0.412476509809494,0.006841902621090412,0.00011578894918784499,0.003923295997083187,0.003615541849285364
28540,0,0,explicit_mmr,explicit_mmr,train,0.5778318643569946,0.4047708809375763,0.0024557113647460938,4.600268948706798e-05,0.01412246748805046,0.0007730743382126093
28551,3,3,no_method_signal,no_method_signal,train,5.2044950280105695e-05,0.00018322862160857767,0.015850327908992767,0.9755731225013733,0.0006341295083984733,0.007707106415182352
28560,5,5,quant_only,quant_only,train,0.15468408167362213,0.08167358487844467,0.2740862965583801,0.0026129649486392736,0.0015633745351806283,0.4853796660900116
28561,5,5,quant_only,quant_only,train,0.10870617628097534,0.05309212952852249,0.28870460391044617,0.0037532334681600332,0.0013162512332201004,0.5444275140762329
28579,0,1,explicit_mmr,implicit_mmr,train,0.13104963302612305,0.4483191967010498,0.19381296634674072,0.0009993130806833506,0.015053418464958668,0.2107655107975006
28581,4,0,qual_only,explicit_mmr,train,0.5184074640274048,0.34242045879364014,0.0019440019968897104,5.8179481129627675e-05,0.1365564465522766,0.0006135529838502407
28593,2,2,multi_method_not_mmr,multi_method_not_mmr,train,0.0013585628475993872,0.023097936064004898,0.504917562007904,0.015041760168969631,0.2970706820487976,0.15851348638534546
28594,1,2,implicit_mmr,multi_method_not_mmr,train,0.031147802248597145,0.25248223543167114,0.3344494700431824,0.0014464807463809848,0.13069890439510345,0.24977509677410126
28595,4,3,qual_only,no_method_signal,train,7.23634148016572e-05,0.0011511272750794888,0.06094265356659889,0.8519952297210693,0.007009344175457954,0.07882923632860184
28596,3,3,no_method_signal,no_method_signal,train,0.00012899840658064932,0.0022227580193430185,0.06835216283798218,0.6926856637001038,0.02208762988448143,0.2145228236913681
28597,3,3,no_method_signal,no_method_signal,train,2.9241677111713216e-05,0.00016342099115718156,0.012820150703191757,0.9777335524559021,0.0009523906628601253,0.008301331661641598
28598,4,4,qual_only,qual_only,train,0.00043881923193112016,0.0015958767617121339,0.22051189839839935,0.09284951537847519,0.6662201285362244,0.018383698537945747
28599,2,3,multi_method_not_mmr,no_method_signal,train,2.5391116651007906e-05,0.00014758037286810577,0.014435726217925549,0.9736716747283936,0.0010572043247520924,0.01066248957067728
28601,3,3,no_method_signal,no_method_signal,train,5.6226788728963584e-05,0.00024125103664118797,0.0399332232773304,0.9438018202781677,0.007458542473614216,0.008508902974426746
28602,5,5,quant_only,quant_only,train,0.0018785189604386687,0.041371941566467285,0.26736021041870117,0.03302788361907005,0.018594732508063316,0.6377667188644409
28612,0,0,explicit_mmr,explicit_mmr,train,0.6110231876373291,0.36248865723609924,0.00994767528027296,8.528211037628353e-05,0.009696017019450665,0.006759093143045902
28613,0,2,explicit_mmr,multi_method_not_mmr,train,0.1785680055618286,0.13184060156345367,0.3555886149406433,0.0012383488938212395,0.01541065238416195,0.3173537254333496
28616,0,1,explicit_mmr,implicit_mmr,train,0.22962987422943115,0.44340744614601135,0.002598525257781148,0.0002019604726228863,0.32304173707962036,0.0011205386836081743
28617,0,1,explicit_mmr,implicit_mmr,train,0.2764687240123749,0.4603206217288971,0.0019284423906356096,0.00015874010568950325,0.26027557253837585,0.000847848888952285
28624,0,0,explicit_mmr,explicit_mmr,train,0.4989158809185028,0.25869807600975037,0.10713654011487961,0.00045038547250442207,0.004376976750791073,0.13042211532592773
28664,0,1,explicit_mmr,implicit_mmr,train,0.2512781023979187,0.5283746719360352,0.001697560423053801,0.0001867168612079695,0.21762007474899292,0.0008428643341176212
28665,0,4,explicit_mmr,qual_only,train,0.056097861379384995,0.1537054181098938,0.0038340790197253227,0.00021276978077366948,0.7852830290794373,0.0008667319780215621
28675,0,4,explicit_mmr,qual_only,train,0.06358374655246735,0.12154298275709152,0.003092056605964899,0.00022974850435275584,0.810788631439209,0.0007628710009157658
28677,0,0,explicit_mmr,explicit_mmr,train,0.7630935907363892,0.22126518189907074,0.006976247299462557,8.516033267369494e-05,0.005679646506905556,0.002900174120441079
28678,0,0,explicit_mmr,explicit_mmr,train,0.7931186556816101,0.1248692199587822,0.04689912497997284,0.0003001570585183799,0.0064614745788276196,0.02835138700902462
28684,5,2,quant_only,multi_method_not_mmr,train,0.002917154226452112,0.005286282394081354,0.49675899744033813,0.09597815573215485,0.1932155191898346,0.20584392547607422
28685,1,0,implicit_mmr,explicit_mmr,train,0.7614437937736511,0.22781015932559967,0.0031406425405293703,8.557917317375541e-05,0.005490403156727552,0.0020293318666517735
28705,0,4,explicit_mmr,qual_only,train,0.10356930643320084,0.21688050031661987,0.0032723858021199703,0.0001814404095057398,0.6752174496650696,0.0008788775303401053
28728,0,0,explicit_mmr,explicit_mmr,train,0.7831494808197021,0.1970299780368805,0.008950507268309593,0.00013314250099938363,0.004521495196968317,0.0062154908664524555
28786,2,5,multi_method_not_mmr,quant_only,train,0.007988170720636845,0.052950840443372726,0.1491251438856125,0.02662859857082367,0.004431862384080887,0.7588754296302795
28807,3,3,no_method_signal,no_method_signal,train,3.2074920454761013e-05,0.00012097688886569813,0.01612366922199726,0.9760162830352783,0.001349161146208644,0.006357833743095398
28829,5,5,quant_only,quant_only,train,0.004562330897897482,0.0052375467494130135,0.3043987452983856,0.027474915608763695,0.0014763764338567853,0.6568500995635986
28831,0,4,explicit_mmr,qual_only,train,0.06556688249111176,0.0999637320637703,0.0032303817570209503,0.00019791156228166074,0.8304096460342407,0.0006314878119155765
28832,0,4,explicit_mmr,qual_only,train,0.0702102854847908,0.10598183423280716,0.0031401326414197683,0.00019807061471510679,0.8198325634002686,0.0006371449562720954
28855,1,4,implicit_mmr,qual_only,train,0.040524572134017944,0.06836690753698349,0.004135210067033768,0.00020721500914078206,0.8861052989959717,0.000660784775391221
28872,0,5,explicit_mmr,quant_only,train,0.1109640896320343,0.05352446436882019,0.28375139832496643,0.004875843413174152,0.0036707385443150997,0.543213427066803
28874,5,5,quant_only,quant_only,train,0.010676316916942596,0.033313196152448654,0.1675243377685547,0.018152689561247826,0.0019409540109336376,0.7683925032615662
28887,2,5,multi_method_not_mmr,quant_only,train,0.0029162177816033363,0.01587253250181675,0.3663846254348755,0.07886330038309097,0.0024350089952349663,0.5335283279418945
28954,5,2,quant_only,multi_method_not_mmr,train,0.001320107956416905,0.0028272662311792374,0.6402910947799683,0.03267945349216461,0.021712685003876686,0.30116939544677734
28956,3,3,no_method_signal,no_method_signal,train,3.0198578315321356e-05,0.00021966634085401893,0.022909998893737793,0.9619860649108887,0.006972332950681448,0.007881782948970795
28968,3,3,no_method_signal,no_method_signal,train,3.504665073705837e-05,0.0001520848018117249,0.01747763156890869,0.9749016761779785,0.0013871501432731748,0.006046369206160307
28969,0,0,explicit_mmr,explicit_mmr,train,0.6680646538734436,0.30883461236953735,0.0119284363463521,0.00011833119060611352,0.0040581114590168,0.006995840929448605
28970,1,0,implicit_mmr,explicit_mmr,train,0.6564977169036865,0.32640647888183594,0.0011077923700213432,5.767154652858153e-05,0.01550212875008583,0.00042825337732210755
28977,1,2,implicit_mmr,multi_method_not_mmr,train,0.19989608228206635,0.25264763832092285,0.2993943393230438,0.001652848906815052,0.09041424840688705,0.15599486231803894
28981,1,0,implicit_mmr,explicit_mmr,train,0.6466449499130249,0.33578240871429443,0.0014464639825746417,4.2833242332562804e-05,0.015393543057143688,0.0006898374413140118
28986,1,0,implicit_mmr,explicit_mmr,train,0.600881040096283,0.3866709768772125,0.004128398839384317,6.926526839379221e-05,0.006178407929837704,0.002071832772344351
28987,0,1,explicit_mmr,implicit_mmr,train,0.34760573506355286,0.5958739519119263,0.0011235416168347,8.765973325353116e-05,0.05485130846500397,0.0004577779909595847
28991,0,0,explicit_mmr,explicit_mmr,train,0.6273977756500244,0.34352922439575195,0.010149913839995861,4.868628457188606e-05,0.013570677489042282,0.005303800106048584
28992,2,5,multi_method_not_mmr,quant_only,train,0.04908444359898567,0.0632978230714798,0.42249131202697754,0.0025112975854426622,0.0036959212739020586,0.4589191973209381
28994,1,4,implicit_mmr,qual_only,train,0.16804714500904083,0.19024798274040222,0.0029677213169634342,0.00015608477406203747,0.6377813816070557,0.0007995992782525718
29018,0,0,explicit_mmr,explicit_mmr,train,0.5942544341087341,0.3720959424972534,0.017550675198435783,0.00024568004300817847,0.0035163997672498226,0.012336915358901024
29039,1,0,implicit_mmr,explicit_mmr,train,0.365296334028244,0.3176107406616211,0.0017201337032020092,0.00010146848217118531,0.31482478976249695,0.00044654333032667637
29055,1,0,implicit_mmr,explicit_mmr,train,0.6706235408782959,0.3160971999168396,0.00474515138193965,4.6143086365191266e-05,0.005313917063176632,0.0031740455888211727
29075,0,0,explicit_mmr,explicit_mmr,train,0.7085913419723511,0.28135931491851807,0.0016867612721398473,8.029605669435114e-05,0.007692734710872173,0.0005895229405723512
29083,0,0,explicit_mmr,explicit_mmr,train,0.7178031802177429,0.21446679532527924,0.016137268394231796,9.898572170641273e-05,0.044270146638154984,0.007223698776215315
29102,0,0,explicit_mmr,explicit_mmr,train,0.6563364267349243,0.2747892439365387,0.0016043717041611671,4.461114440346137e-05,0.06656381487846375,0.0006616181344725192
29109,3,3,no_method_signal,no_method_signal,train,4.506349432631396e-05,0.00017765481607057154,0.02179376222193241,0.9713954925537109,0.0025814371183514595,0.004006645642220974
29115,4,0,qual_only,explicit_mmr,train,0.6687496900558472,0.3166736662387848,0.0011127421166747808,4.858287866227329e-05,0.012858078815042973,0.0005572953377850354
29118,4,4,qual_only,qual_only,train,0.017860280349850655,0.03548732027411461,0.009564588777720928,0.00022228040324989706,0.9357494115829468,0.0011161266593262553
29119,4,4,qual_only,qual_only,train,0.020078977569937706,0.044219810515642166,0.006678940262645483,0.00021986779756844044,0.9279934763908386,0.0008089267066679895
29125,0,0,explicit_mmr,explicit_mmr,train,0.8549741506576538,0.09376615285873413,0.010526204481720924,0.00014515013026539236,0.03547899052500725,0.005109406542032957
29133,0,5,explicit_mmr,quant_only,train,0.1888035535812378,0.05376438423991203,0.27433139085769653,0.002569689182564616,0.00349575188010931,0.4770352244377136
29136,0,0,explicit_mmr,explicit_mmr,train,0.7879651784896851,0.19353242218494415,0.00800985749810934,0.00010081648360937834,0.0059148892760276794,0.004476948641240597
29139,5,5,quant_only,quant_only,train,0.002189778024330735,0.01971176080405712,0.10299616307020187,0.0390191487967968,0.0021526000928133726,0.833930492401123
29140,1,0,implicit_mmr,explicit_mmr,train,0.6880037188529968,0.2981387972831726,0.005995891988277435,0.00010593147453619167,0.004788260441273451,0.002967334119603038
29154,0,2,explicit_mmr,multi_method_not_mmr,train,0.27480727434158325,0.08333145827054977,0.3792433738708496,0.0020982041023671627,0.007991292513906956,0.2525283396244049
29159,3,3,no_method_signal,no_method_signal,train,2.7272893930785358e-05,0.00023404363309964538,0.02052285522222519,0.9638083577156067,0.006247679237276316,0.009159894660115242
29179,0,2,explicit_mmr,multi_method_not_mmr,train,0.0016864672070369124,0.0024172586854547262,0.612999439239502,0.04750966653227806,0.19396984577178955,0.14141729474067688
29188,0,0,explicit_mmr,explicit_mmr,train,0.5289688110351562,0.4529254734516144,0.0032432666048407555,3.606338577810675e-05,0.012536552734673023,0.00228983536362648
29194,1,0,implicit_mmr,explicit_mmr,train,0.6370406150817871,0.3433275818824768,0.0008148883352987468,8.455802162643522e-05,0.018117405474185944,0.0006150026456452906
29195,1,0,implicit_mmr,explicit_mmr,train,0.48575544357299805,0.4202219545841217,0.0007995531195774674,0.00011222718603676185,0.09261530637741089,0.0004954702453687787
29225,4,4,qual_only,qual_only,train,0.10769347101449966,0.3865635395050049,0.004811475519090891,0.00013929411943536252,0.49922382831573486,0.0015684141544625163
29262,5,5,quant_only,quant_only,train,0.014303919859230518,0.03264417499303818,0.4358709454536438,0.014944958500564098,0.003554742317646742,0.49868127703666687
29265,2,5,multi_method_not_mmr,quant_only,train,0.0051130508072674274,0.018222784623503685,0.2067749798297882,0.03696510195732117,0.0009426990291103721,0.7319813370704651
29313,1,1,implicit_mmr,implicit_mmr,train,0.34274986386299133,0.4527951180934906,0.09096551686525345,0.0006090574897825718,0.003163727466017008,0.1097167357802391
29324,1,0,implicit_mmr,explicit_mmr,train,0.7080239653587341,0.27514612674713135,0.0011213135439902544,6.852481601526961e-05,0.0147626344114542,0.0008774452144280076
29331,4,4,qual_only,qual_only,train,0.050451334565877914,0.07069112360477448,0.0038406741805374622,0.0001934254396473989,0.8741930723190308,0.0006303464178927243
29336,4,4,qual_only,qual_only,train,0.027750598266720772,0.04950866475701332,0.005038069095462561,0.0002230866375612095,0.9166474938392639,0.0008321154746226966
29391,0,0,explicit_mmr,explicit_mmr,train,0.6925578117370605,0.29850858449935913,0.0013869659742340446,6.175935413921252e-05,0.0066015408374369144,0.0008833243628032506
29421,5,5,quant_only,quant_only,train,0.005102507304400206,0.01340828463435173,0.1458040028810501,0.041024867445230484,0.0007338572759181261,0.793926477432251
29449,3,3,no_method_signal,no_method_signal,train,2.2329433704726398e-05,0.00014297822781372815,0.0131417540833354,0.9753990173339844,0.0014288759557530284,0.00986499059945345
29460,2,2,multi_method_not_mmr,multi_method_not_mmr,train,0.11812655627727509,0.08875436335802078,0.4122847616672516,0.001838778262026608,0.008133997209370136,0.37086158990859985
29464,4,4,qual_only,qual_only,train,0.08157432824373245,0.1447516530752182,0.0030343697872012854,0.00019628963491413742,0.7696731090545654,0.0007702174480073154
29502,2,5,multi_method_not_mmr,quant_only,train,0.004969417117536068,0.0027593353297561407,0.42446964979171753,0.019234899431467056,0.0032237437553703785,0.5453430414199829
29508,5,5,quant_only,quant_only,train,0.003682781243696809,0.0025407858192920685,0.2026492953300476,0.034474700689315796,0.0012063035974279046,0.755446195602417
29530,0,5,explicit_mmr,quant_only,train,0.13431477546691895,0.27001288533210754,0.2217269390821457,0.0015160739421844482,0.0027910328935831785,0.36963826417922974
29531,0,5,explicit_mmr,quant_only,train,0.13144928216934204,0.29933828115463257,0.21179385483264923,0.001420318498276174,0.0030849394388496876,0.3529132902622223
29545,3,5,no_method_signal,quant_only,train,0.0005547923501580954,0.0009339377284049988,0.14284412562847137,0.22440510988235474,0.002976006828248501,0.6282860636711121
29559,3,5,no_method_signal,quant_only,train,0.004015754908323288,0.002962896367534995,0.2298155128955841,0.03272445127367973,0.0012191396672278643,0.7292622327804565
29583,1,1,implicit_mmr,implicit_mmr,train,0.21987594664096832,0.75825434923172,0.00698853749781847,4.651978815672919e-05,0.010670112445950508,0.004164480604231358
29584,1,1,implicit_mmr,implicit_mmr,train,0.10648907721042633,0.7212689518928528,0.08892256021499634,0.00043487627408467233,0.00939860101789236,0.07348593324422836
29585,1,1,implicit_mmr,implicit_mmr,train,0.315977543592453,0.6618973016738892,0.008135277777910233,3.627364640124142e-05,0.008132915943861008,0.0058206673711538315
29594,0,0,explicit_mmr,explicit_mmr,train,0.47791725397109985,0.25615546107292175,0.1243579238653183,0.0003191550786141306,0.01640906371176243,0.1248411238193512
29597,0,1,explicit_mmr,implicit_mmr,train,0.4174484610557556,0.5046802759170532,0.0011295087169855833,8.13613150967285e-05,0.07616268843412399,0.0004977278294973075
29598,0,1,explicit_mmr,implicit_mmr,train,0.42048391699790955,0.5186031460762024,0.0007981308735907078,9.644374222261831e-05,0.05968065187335014,0.00033771805465221405
29599,0,0,explicit_mmr,explicit_mmr,train,0.5032060742378235,0.4594973623752594,0.0007004191866144538,7.295578689081594e-05,0.036176763474941254,0.00034641174715943635
29600,0,0,explicit_mmr,explicit_mmr,train,0.592026948928833,0.3677176535129547,0.0007453396683558822,8.762934157857671e-05,0.03892577067017555,0.0004966235719621181
29601,0,1,explicit_mmr,implicit_mmr,train,0.3992641270160675,0.5635430216789246,0.0007443202193826437,8.842275565257296e-05,0.03592922165989876,0.00043080109753645957
29602,0,0,explicit_mmr,explicit_mmr,train,0.5084905624389648,0.45405176281929016,0.0007204316207207739,7.725587056484073e-05,0.03633900359272957,0.00032109819585457444
29648,1,5,implicit_mmr,quant_only,train,0.16595673561096191,0.3135688304901123,0.18628397583961487,0.0015523693291470408,0.002846934599801898,0.32979118824005127
29671,1,5,implicit_mmr,quant_only,train,0.23987188935279846,0.18203233182430267,0.22188322246074677,0.003022385761141777,0.0020779112819582224,0.35111236572265625
29693,1,1,implicit_mmr,implicit_mmr,train,0.477655291557312,0.49057087302207947,0.0009000911959446967,5.205322668189183e-05,0.030416157096624374,0.0004054600140079856
29694,1,1,implicit_mmr,implicit_mmr,train,0.35084953904151917,0.5683923959732056,0.0010876880260184407,8.968917973106727e-05,0.07915501296520233,0.00042561060399748385
29695,1,1,implicit_mmr,implicit_mmr,train,0.30855658650398254,0.5479834675788879,0.002175609115511179,0.00010594193008728325,0.14033780992031097,0.000840483233332634
29696,1,0,implicit_mmr,explicit_mmr,train,0.4707000255584717,0.40402892231941223,0.0009364617289975286,0.00010895843297475949,0.12378904968500137,0.000436575646745041
29756,2,5,multi_method_not_mmr,quant_only,train,0.013480573892593384,0.013065766543149948,0.3836043179035187,0.02046981081366539,0.004225487355142832,0.5651540160179138
29759,2,2,multi_method_not_mmr,multi_method_not_mmr,train,0.005740602035075426,0.006159888580441475,0.5715708136558533,0.023369455710053444,0.014259572140872478,0.3788997232913971
29794,1,0,implicit_mmr,explicit_mmr,train,0.609997034072876,0.36668384075164795,0.0012740028323605657,6.72012974973768e-05,0.021565062925219536,0.00041278594289906323
29810,0,0,explicit_mmr,explicit_mmr,train,0.6701563000679016,0.30623123049736023,0.00793126504868269,4.536065171123482e-05,0.010372468270361423,0.005263302940875292
29814,2,5,multi_method_not_mmr,quant_only,train,0.009074128232896328,0.007713177241384983,0.3156237304210663,0.0190303772687912,0.0014397165505215526,0.647118866443634
29834,5,5,quant_only,quant_only,train,0.012787355110049248,0.010359253734350204,0.2291691154241562,0.017988955602049828,0.0012031755177304149,0.7284921407699585
29835,0,0,explicit_mmr,explicit_mmr,train,0.7019931077957153,0.18119236826896667,0.06178275868296623,0.00028486765222623944,0.00540910754352808,0.04933778569102287
29839,3,3,no_method_signal,no_method_signal,train,5.091334242024459e-05,0.0003545063955243677,0.038662783801555634,0.9072356820106506,0.0010863067582249641,0.052609749138355255
29872,1,1,implicit_mmr,implicit_mmr,train,0.15120218694210052,0.8069270849227905,0.003228279296308756,7.210890180431306e-05,0.036036618053913116,0.0025338386185467243
29873,1,1,implicit_mmr,implicit_mmr,train,0.19805185496807098,0.7798748016357422,0.0037670491728931665,3.724324778886512e-05,0.015367339365184307,0.002901516854763031
29895,0,5,explicit_mmr,quant_only,train,0.006885589566081762,0.006146943662315607,0.2531389594078064,0.025235168635845184,0.0011950330808758736,0.7073982954025269
29933,2,5,multi_method_not_mmr,quant_only,train,0.0008568987250328064,0.003490213304758072,0.28097251057624817,0.24588541686534882,0.0011660457821562886,0.46762892603874207
29935,5,5,quant_only,quant_only,train,0.0016908016987144947,0.0030168297234922647,0.23585771024227142,0.08385135978460312,0.0010053371079266071,0.6745779514312744
29961,0,0,explicit_mmr,explicit_mmr,train,0.48757874965667725,0.12579575181007385,0.1660885065793991,0.0009925129124894738,0.004152568522840738,0.21539193391799927
29962,0,0,explicit_mmr,explicit_mmr,train,0.7322103381156921,0.25236526131629944,0.0015972357941791415,5.40039072802756e-05,0.012830423191189766,0.0009427907061763108
29969,2,3,multi_method_not_mmr,no_method_signal,train,9.277884237235412e-05,0.00031856069108471274,0.0695519745349884,0.9023472666740417,0.01912509649991989,0.008564366959035397
29974,5,5,quant_only,quant_only,train,0.007631068117916584,0.007970348000526428,0.33312100172042847,0.023460861295461655,0.0016628956655040383,0.6261537671089172
29983,5,5,quant_only,quant_only,train,0.004191042855381966,0.005932208616286516,0.3040768504142761,0.014898194931447506,0.0013467429671436548,0.6695550084114075
29997,0,5,explicit_mmr,quant_only,train,0.08140531182289124,0.03519017621874809,0.35427045822143555,0.006837379187345505,0.002140229567885399,0.5201564431190491
30041,5,5,quant_only,quant_only,train,0.009871698915958405,0.03364118933677673,0.16572077572345734,0.012823319062590599,0.001183717860840261,0.7767592668533325
30042,5,5,quant_only,quant_only,train,0.016324710100889206,0.05293414741754532,0.16879382729530334,0.009111250750720501,0.001749063958413899,0.7510870695114136
30043,5,5,quant_only,quant_only,train,0.014243247918784618,0.04149160534143448,0.17230738699436188,0.01067606545984745,0.0012178266188129783,0.7600638270378113
30044,5,5,quant_only,quant_only,train,0.015098275616765022,0.04293893650174141,0.16487686336040497,0.011298132129013538,0.0011892004404217005,0.764598548412323
30048,1,1,implicit_mmr,implicit_mmr,train,0.31017282605171204,0.3926951587200165,0.001411532168276608,0.00013814012345392257,0.29497990012168884,0.0006023731548339128
30092,0,4,explicit_mmr,qual_only,train,0.1680431216955185,0.19010590016841888,0.0022803109604865313,0.00019294080266263336,0.6387537121772766,0.0006239970680326223
30093,0,0,explicit_mmr,explicit_mmr,train,0.7253392338752747,0.26325616240501404,0.0017864250112324953,5.0870130507973954e-05,0.008647906593978405,0.0009194298763759434
30096,0,4,explicit_mmr,qual_only,train,0.21373674273490906,0.18917520344257355,0.0030988638754934072,0.00013495046005118638,0.5931592583656311,0.0006949414382688701
30097,0,0,explicit_mmr,explicit_mmr,train,0.5997362732887268,0.1583070009946823,0.020283276215195656,0.00016944050730671734,0.21561317145824432,0.005890798754990101
30104,0,0,explicit_mmr,explicit_mmr,train,0.4905630648136139,0.4837329089641571,0.010437329299747944,0.00010160252713831142,0.0039444188587367535,0.011220648884773254
30118,0,0,explicit_mmr,explicit_mmr,train,0.5714136362075806,0.3541640043258667,0.028751319274306297,0.00010396805737400427,0.0312331710010767,0.014333970844745636
30132,1,4,implicit_mmr,qual_only,train,0.10347296297550201,0.26918724179267883,0.003178466809913516,0.0001835120638133958,0.6229106783866882,0.0010671307099983096
30133,1,4,implicit_mmr,qual_only,train,0.08883997052907944,0.3032609224319458,0.0031086739618331194,0.00025639665545895696,0.6035490036010742,0.0009850834030658007
30134,0,1,explicit_mmr,implicit_mmr,train,0.2299344837665558,0.651221513748169,0.0026410676073282957,0.00012159168545622379,0.11449898779392242,0.0015822907444089651
30142,4,4,qual_only,qual_only,train,0.00896362029016018,0.02170829102396965,0.017333226278424263,0.0004292924131732434,0.949355959892273,0.0022095933090895414
30150,4,4,qual_only,qual_only,train,0.022000528872013092,0.05762605741620064,0.011533292010426521,0.00022615720808971673,0.9067896008491516,0.0018243201775476336
30168,4,4,qual_only,qual_only,train,0.05504591390490532,0.12784142792224884,0.0033540555741637945,0.00022768968483433127,0.8127148151397705,0.0008161757723428309
30170,0,0,explicit_mmr,explicit_mmr,train,0.5078253149986267,0.47491833567619324,0.0019347425550222397,3.800621925620362e-05,0.014261935837566853,0.0010217599337920547
30171,0,0,explicit_mmr,explicit_mmr,train,0.7662740349769592,0.2121148258447647,0.010405207984149456,8.565899770474061e-05,0.006704953499138355,0.004415253642946482
30216,0,0,explicit_mmr,explicit_mmr,train,0.7874208092689514,0.1975274533033371,0.002369458554312587,4.910992720397189e-05,0.01114103477448225,0.0014922348782420158
30217,0,0,explicit_mmr,explicit_mmr,train,0.6694550514221191,0.31546226143836975,0.005789005197584629,3.942866896977648e-05,0.0066055417992174625,0.002648739842697978
30224,0,4,explicit_mmr,qual_only,train,0.12021753937005997,0.1303558200597763,0.005574407521635294,0.00011396261106710881,0.74287348985672,0.0008647959912195802
30237,2,3,multi_method_not_mmr,no_method_signal,train,7.298372656805441e-05,0.0003597730246838182,0.03479555621743202,0.9440501928329468,0.0007663550204597414,0.01995520293712616
30239,0,0,explicit_mmr,explicit_mmr,train,0.6550975441932678,0.30937182903289795,0.0012994548305869102,4.530756996246055e-05,0.033590272068977356,0.0005955196102149785
30260,0,0,explicit_mmr,explicit_mmr,train,0.6967611312866211,0.2832968533039093,0.002928625326603651,5.0286998884985223e-05,0.015495551750063896,0.001467569381929934
30266,4,4,qual_only,qual_only,train,0.10074201226234436,0.17348845303058624,0.002552935853600502,0.0002333664451725781,0.7222506403923035,0.0007326200720854104
30269,0,0,explicit_mmr,explicit_mmr,train,0.6678860783576965,0.28899529576301575,0.0010471913265064359,6.863245653221384e-05,0.041525948792696,0.0004768343351315707
30270,4,4,qual_only,qual_only,train,0.0005500561092048883,0.0015541189350187778,0.2379571497440338,0.11191859096288681,0.6099507212638855,0.03806934878230095
30272,1,0,implicit_mmr,explicit_mmr,train,0.6567855477333069,0.3192065358161926,0.0015920789446681738,3.472296521067619e-05,0.02165580727159977,0.0007254324737004936
30273,1,0,implicit_mmr,explicit_mmr,train,0.6337700486183167,0.34898754954338074,0.0016637078952044249,3.6067343899048865e-05,0.014736521989107132,0.0008061824482865632
30286,4,4,qual_only,qual_only,train,0.03712094575166702,0.07202479243278503,0.0045600775629282,0.00020336720626801252,0.8852368593215942,0.0008539230329915881
30300,1,4,implicit_mmr,qual_only,train,0.08885206282138824,0.15123891830444336,0.004779917653650045,0.00013471014972310513,0.7539718151092529,0.0010225631995126605
30313,0,0,explicit_mmr,explicit_mmr,train,0.46001625061035156,0.39421701431274414,0.0010938206687569618,8.887777948984876e-05,0.1441686451435089,0.00041549172601662576
30314,0,0,explicit_mmr,explicit_mmr,train,0.6973554491996765,0.2205234318971634,0.0023143969010561705,5.829901419929229e-05,0.07866503298282623,0.0010834385175257921
30340,0,0,explicit_mmr,explicit_mmr,train,0.6798263788223267,0.2963118553161621,0.00932413898408413,5.9024237998528406e-05,0.009733309037983418,0.0047453418374061584
30355,4,1,qual_only,implicit_mmr,train,0.28227588534355164,0.38181790709495544,0.007233894895762205,9.556773875374347e-05,0.3261622488498688,0.0024145846255123615
30357,0,0,explicit_mmr,explicit_mmr,train,0.6928287148475647,0.2883547842502594,0.005680262576788664,4.432716013980098e-05,0.009428653866052628,0.0036632323171943426
30373,0,0,explicit_mmr,explicit_mmr,train,0.56846684217453,0.407918781042099,0.002513356739655137,3.723271220223978e-05,0.01998988911509514,0.0010738673154264688
30381,0,0,explicit_mmr,explicit_mmr,train,0.7163751125335693,0.1765231192111969,0.00775429792702198,7.831175025785342e-05,0.09728129953145981,0.0019878745079040527
30382,0,0,explicit_mmr,explicit_mmr,train,0.766498327255249,0.16486991941928864,0.016941947862505913,0.00010536778427194804,0.046668559312820435,0.004915950354188681
30403,0,0,explicit_mmr,explicit_mmr,train,0.6671481132507324,0.3191951811313629,0.0019209354650229216,4.576124410959892e-05,0.010719111189246178,0.0009710053564049304
30405,0,0,explicit_mmr,explicit_mmr,train,0.6566257476806641,0.17403076589107513,0.09114225953817368,0.00033682514913380146,0.008614368736743927,0.06925006955862045
30419,4,4,qual_only,qual_only,train,0.19776754081249237,0.24992001056671143,0.0024798030499368906,0.00015218148473650217,0.5488794445991516,0.0008010240271687508
30426,0,0,explicit_mmr,explicit_mmr,train,0.7387280464172363,0.2503717243671417,0.0035142204724252224,7.290861685760319e-05,0.005745893809944391,0.001567180035635829
30427,0,1,explicit_mmr,implicit_mmr,train,0.41609126329421997,0.5572344064712524,0.0009005781612358987,6.58934804960154e-05,0.02535208873450756,0.00035576458321884274
30434,1,1,implicit_mmr,implicit_mmr,train,0.336478054523468,0.6300310492515564,0.011927186511456966,4.267925032763742e-05,0.012005206197500229,0.009515856392681599
30441,1,0,implicit_mmr,explicit_mmr,train,0.6157695055007935,0.36530640721321106,0.00113548687659204,5.255996438791044e-05,0.01729969121515751,0.0004362917097751051
30445,4,0,qual_only,explicit_mmr,train,0.6430655121803284,0.3061376214027405,0.0009275826741941273,7.401475886581466e-05,0.049345605075359344,0.00044960278319194913
30461,4,4,qual_only,qual_only,train,0.17652389407157898,0.36579757928848267,0.002299895277246833,0.00013828313967678696,0.45450031757354736,0.0007399744936265051
30481,2,0,multi_method_not_mmr,explicit_mmr,train,0.4154159724712372,0.39363908767700195,0.013784442096948624,6.678350473521277e-05,0.17254780232906342,0.0045458413660526276
30482,2,1,multi_method_not_mmr,implicit_mmr,train,0.29948458075523376,0.356036901473999,0.019902370870113373,9.492849494563416e-05,0.3194003105163574,0.005080945789813995
30492,0,0,explicit_mmr,explicit_mmr,train,0.47912299633026123,0.24725669622421265,0.12471494823694229,0.0013783234171569347,0.0023034261539578438,0.14522366225719452
30493,0,0,explicit_mmr,explicit_mmr,train,0.6332828998565674,0.2584328055381775,0.047365956008434296,0.0004383460618555546,0.002360058482736349,0.05811997130513191
30496,4,4,qual_only,qual_only,train,0.09638573974370956,0.1020866185426712,0.0063723172061145306,0.00013245454465504736,0.7940921187400818,0.0009306885185651481
30506,3,5,no_method_signal,quant_only,train,0.0023618380073457956,0.011159789748489857,0.20805063843727112,0.048776205629110336,0.0012780274264514446,0.7283734679222107
30511,1,0,implicit_mmr,explicit_mmr,train,0.5034099221229553,0.48121556639671326,0.004675422329455614,7.01721801306121e-05,0.007768641691654921,0.0028603682294487953
30547,4,4,qual_only,qual_only,train,0.052455902099609375,0.11252445727586746,0.0038983081467449665,0.0001862408098531887,0.8301291465759277,0.0008059014799073339
30548,4,4,qual_only,qual_only,train,0.05325520783662796,0.11077797412872314,0.0037468092050403357,0.0001914968015626073,0.8312592506408691,0.0007692474173381925
30549,4,4,qual_only,qual_only,train,0.03943907842040062,0.0960296243429184,0.004204875323921442,0.0002133925590896979,0.8592257499694824,0.0008873204933479428
30562,2,2,multi_method_not_mmr,multi_method_not_mmr,train,0.007550470530986786,0.005216678604483604,0.5641007423400879,0.04562513530254364,0.0021369641181081533,0.37536996603012085
30563,2,2,multi_method_not_mmr,multi_method_not_mmr,train,0.0038446777034550905,0.003736780723556876,0.48419561982154846,0.05056032910943031,0.0014414998004212976,0.4562211036682129
30564,2,2,multi_method_not_mmr,multi_method_not_mmr,train,0.005393484607338905,0.004711715970188379,0.543704628944397,0.04372544214129448,0.0019254247890785336,0.4005393385887146
30590,0,0,explicit_mmr,explicit_mmr,train,0.7567455768585205,0.22173449397087097,0.002227034419775009,3.7255900679156184e-05,0.01811324432492256,0.001142468536272645
30591,0,0,explicit_mmr,explicit_mmr,train,0.551535427570343,0.3909556269645691,0.0009946480859071016,4.451988934306428e-05,0.05605733022093773,0.0004124449915252626
30593,0,0,explicit_mmr,explicit_mmr,train,0.5172627568244934,0.21176375448703766,0.11370038241147995,0.0005377150373533368,0.0034239799715578556,0.15331138670444489
30594,0,0,explicit_mmr,explicit_mmr,train,0.5423923134803772,0.33308058977127075,0.0455860011279583,0.000503011979162693,0.002069104928523302,0.07636900246143341
30609,0,0,explicit_mmr,explicit_mmr,train,0.35622668266296387,0.32012107968330383,0.0013853374402970076,0.00017891594325192273,0.32158905267715454,0.0004989538574591279
30610,0,1,explicit_mmr,implicit_mmr,train,0.35411226749420166,0.557762861251831,0.0009253798052668571,0.00012418262485880405,0.08668071776628494,0.00039466997259296477
30613,4,1,qual_only,implicit_mmr,train,0.238664910197258,0.5006469488143921,0.0016691564815118909,0.00019925404922105372,0.25809669494628906,0.0007229780894704163
30614,5,5,quant_only,quant_only,train,0.0019284335430711508,0.010835698805749416,0.16181564331054688,0.04615550488233566,0.0010401669424027205,0.778224527835846
30627,0,0,explicit_mmr,explicit_mmr,train,0.4476340413093567,0.2242927998304367,0.13974829018115997,0.0011629691580310464,0.002653324045240879,0.1845085471868515
30641,0,0,explicit_mmr,explicit_mmr,train,0.6470766067504883,0.33585119247436523,0.00592129398137331,8.235073619289324e-05,0.007665570825338364,0.0034030380193144083
30645,0,0,explicit_mmr,explicit_mmr,train,0.7568600177764893,0.20997528731822968,0.015714747831225395,0.00012699991930276155,0.00803725142031908,0.009285729378461838
30672,2,5,multi_method_not_mmr,quant_only,train,0.00635665375739336,0.015897713601589203,0.19285935163497925,0.04254988580942154,0.0007283213781192899,0.7416080832481384
30676,0,0,explicit_mmr,explicit_mmr,train,0.726921558380127,0.24267984926700592,0.013172448612749577,0.00010503268276806921,0.009614177979528904,0.007506913039833307
30700,1,0,implicit_mmr,explicit_mmr,train,0.7347684502601624,0.1871630698442459,0.04112042486667633,0.00025068543618544936,0.005974987056106329,0.030722452327609062
30701,0,0,explicit_mmr,explicit_mmr,train,0.7590218782424927,0.18078847229480743,0.03137976676225662,0.0001904420932987705,0.009595566429197788,0.01902380771934986
30706,0,0,explicit_mmr,explicit_mmr,train,0.7908031940460205,0.1617576628923416,0.025200575590133667,0.0002222172770416364,0.006099028047174215,0.01591726392507553
30747,4,4,qual_only,qual_only,train,0.0897558405995369,0.14623337984085083,0.002988348715007305,0.0001751254458213225,0.7601950764656067,0.000652260787319392
30751,4,4,qual_only,qual_only,train,0.04377433657646179,0.05507707595825195,0.005443384870886803,0.00016364692419301718,0.8947772979736328,0.0007643044809810817
30754,0,5,explicit_mmr,quant_only,train,0.0868445634841919,0.033042166382074356,0.42820343375205994,0.003263387130573392,0.004677583463490009,0.44396883249282837
30755,4,4,qual_only,qual_only,train,0.17323413491249084,0.1826169192790985,0.0024201087653636932,0.0001614473876543343,0.6409251093864441,0.0006423486629500985
30762,5,5,quant_only,quant_only,train,0.0075148832984268665,0.004945362918078899,0.30789732933044434,0.016477227210998535,0.0017718109302222729,0.6613933444023132
30772,5,5,quant_only,quant_only,train,0.001586472149938345,0.002047400688752532,0.270304411649704,0.03911079093813896,0.0014148548943921924,0.6855360865592957
30773,5,5,quant_only,quant_only,train,0.0027177489828318357,0.010507285594940186,0.3199714422225952,0.04580511897802353,0.002108748536556959,0.6188896298408508
30774,5,5,quant_only,quant_only,train,0.0021796724759042263,0.0033624316565692425,0.2788989245891571,0.029629062861204147,0.0013269734336063266,0.6846029162406921
30801,0,0,explicit_mmr,explicit_mmr,train,0.5111422538757324,0.41803574562072754,0.0007580330711789429,9.581211634213105e-05,0.06949224323034286,0.000475981185445562
30806,5,5,quant_only,quant_only,train,0.012149376794695854,0.006193892564624548,0.27805960178375244,0.01599636673927307,0.0011756246676668525,0.6864251494407654
30816,2,4,multi_method_not_mmr,qual_only,train,0.0038704220205545425,0.03322375938296318,0.36571231484413147,0.0030110799707472324,0.5023787021636963,0.09180369973182678
30872,5,5,quant_only,quant_only,train,0.005098572000861168,0.004958367440849543,0.21616984903812408,0.032143108546733856,0.000974502763710916,0.7406556010246277
30904,5,5,quant_only,quant_only,train,0.004941110033541918,0.0029241275042295456,0.23721563816070557,0.05198275297880173,0.0008387750713154674,0.7020975947380066
30988,0,0,explicit_mmr,explicit_mmr,train,0.664840817451477,0.19538931548595428,0.07371414452791214,0.0004115880583412945,0.005970160476863384,0.05967402830719948
31103,4,4,qual_only,qual_only,train,0.24800193309783936,0.19099852442741394,0.00210137153044343,0.00018953038670588285,0.558186411857605,0.0005222258623689413
31169,1,0,implicit_mmr,explicit_mmr,train,0.4857524633407593,0.0738723948597908,0.2804103493690491,0.002661989303305745,0.003218358848243952,0.1540844440460205
31213,0,0,explicit_mmr,explicit_mmr,train,0.7384759783744812,0.2433968186378479,0.008502006530761719,0.000110761342511978,0.006441875360906124,0.0030725449323654175
31214,0,0,explicit_mmr,explicit_mmr,train,0.8085395097732544,0.17376898229122162,0.008456370793282986,0.00011127759353257716,0.004718931391835213,0.004404855892062187
31215,0,0,explicit_mmr,explicit_mmr,train,0.7694596648216248,0.21765078604221344,0.003976687788963318,5.685354699380696e-05,0.007403985597193241,0.0014519745018333197
31220,0,0,explicit_mmr,explicit_mmr,train,0.7390050888061523,0.137752503156662,0.07459860295057297,0.0003668629506137222,0.006636140868067741,0.041640862822532654
31247,0,0,explicit_mmr,explicit_mmr,train,0.7608634233474731,0.17499202489852905,0.03602181375026703,0.00018173636635765433,0.008506828919053078,0.019434116780757904
31265,0,1,explicit_mmr,implicit_mmr,train,0.4183124303817749,0.47508344054222107,0.0010118293575942516,6.922872125869617e-05,0.10504098981618881,0.0004821336187887937
31268,3,3,no_method_signal,no_method_signal,train,3.0394154237001203e-05,0.00013690139167010784,0.010336422361433506,0.9820734262466431,0.0006686701090075076,0.006754150614142418
31308,1,0,implicit_mmr,explicit_mmr,train,0.8144369125366211,0.14570368826389313,0.019015872851014137,0.00014144013402983546,0.013380068354308605,0.007322009187191725
31312,1,5,implicit_mmr,quant_only,train,0.08803469687700272,0.04520187899470329,0.26635271310806274,0.005334086250513792,0.0016019695904105902,0.5934746265411377
31339,2,0,multi_method_not_mmr,explicit_mmr,train,0.4965474605560303,0.35874906182289124,0.087520532310009,0.0006667132256552577,0.0033154787961393595,0.05320081487298012
31340,2,0,multi_method_not_mmr,explicit_mmr,train,0.6006119847297668,0.2979555130004883,0.05545033887028694,0.0003614537708926946,0.0029472538735717535,0.042673509567976
31355,2,5,multi_method_not_mmr,quant_only,train,0.05177382752299309,0.014858205802738667,0.4019629657268524,0.015668785199522972,0.0018488302594050765,0.513887345790863
31356,2,2,multi_method_not_mmr,multi_method_not_mmr,train,0.08638425916433334,0.03006528690457344,0.4566009044647217,0.01074888277798891,0.0017739820759743452,0.4144267141819
31372,0,0,explicit_mmr,explicit_mmr,train,0.8634825944900513,0.10719925910234451,0.010418021120131016,0.00011685257777571678,0.016142873093485832,0.0026404187083244324
31373,0,0,explicit_mmr,explicit_mmr,train,0.8041993379592896,0.16537660360336304,0.0032578399404883385,7.358453149208799e-05,0.026367824524641037,0.0007248071487993002
31409,1,1,implicit_mmr,implicit_mmr,train,0.3490103483200073,0.3621635138988495,0.14983268082141876,0.0009774754289537668,0.002681327983736992,0.13533470034599304
31419,1,0,implicit_mmr,explicit_mmr,train,0.7848591208457947,0.19215402007102966,0.012406460009515285,0.00010071216820506379,0.005147324874997139,0.005332431755959988
31420,1,0,implicit_mmr,explicit_mmr,train,0.7031113505363464,0.26900970935821533,0.0013079078635200858,6.058597136870958e-05,0.02604972943663597,0.0004607828159350902
31442,0,0,explicit_mmr,explicit_mmr,train,0.736717700958252,0.24381054937839508,0.0015356929507106543,6.881661829538643e-05,0.017484150826931,0.00038301851600408554
31445,4,0,qual_only,explicit_mmr,train,0.5697250366210938,0.20458288490772247,0.0017057944787666202,0.0001489283167757094,0.22331854701042175,0.0005188139621168375
31458,0,0,explicit_mmr,explicit_mmr,train,0.75661700963974,0.188749298453331,0.0015033690724521875,0.00013449876860249788,0.05250377953052521,0.0004920741193927824
31464,0,0,explicit_mmr,explicit_mmr,train,0.5625485181808472,0.4204444885253906,0.0010849136160686612,6.144974031485617e-05,0.015437299385666847,0.0004233674262650311
31465,0,0,explicit_mmr,explicit_mmr,train,0.7930601239204407,0.19206158816814423,0.0072538480162620544,0.00011775453458540142,0.00558400247246027,0.0019225229043513536
31468,0,0,explicit_mmr,explicit_mmr,train,0.664915144443512,0.23777063190937042,0.06603750586509705,0.0003704047412611544,0.007070205640047789,0.023836160078644753
31469,0,0,explicit_mmr,explicit_mmr,train,0.6977561116218567,0.28149521350860596,0.0038316280115395784,5.427872747532092e-05,0.015442331321537495,0.0014203251339495182
31479,0,0,explicit_mmr,explicit_mmr,train,0.6134394407272339,0.36846405267715454,0.001090509002096951,6.991960981395096e-05,0.016623899340629578,0.00031218689400702715
31491,0,0,explicit_mmr,explicit_mmr,train,0.7893000245094299,0.1990850418806076,0.004355238750576973,8.788984268903732e-05,0.003930015489459038,0.0032417653128504753
31517,0,0,explicit_mmr,explicit_mmr,train,0.790229320526123,0.16740183532238007,0.001482407096773386,0.00011489984899526462,0.04026975482702255,0.0005017865332774818
31524,0,0,explicit_mmr,explicit_mmr,train,0.8408673405647278,0.14605924487113953,0.004239900503307581,8.806146797724068e-05,0.006917969789355993,0.0018273850437253714
31527,0,0,explicit_mmr,explicit_mmr,train,0.8531333804130554,0.12031779438257217,0.0029952393379062414,0.00016652657359372824,0.022570358589291573,0.0008168055792339146
31530,2,5,multi_method_not_mmr,quant_only,train,0.0860171839594841,0.10372108966112137,0.24642612040042877,0.006058065686374903,0.0014080696273595095,0.556369423866272
31537,0,0,explicit_mmr,explicit_mmr,train,0.7425108551979065,0.14940693974494934,0.0602414533495903,0.0004129346052650362,0.00340423290617764,0.04402356594800949
31538,0,0,explicit_mmr,explicit_mmr,train,0.7817251086235046,0.20692847669124603,0.0019860409665852785,6.149584805825725e-05,0.008364097215235233,0.0009347947197966278
31544,0,0,explicit_mmr,explicit_mmr,train,0.8169995546340942,0.15494515001773834,0.014133688062429428,0.00012744669220410287,0.005634128116071224,0.008159922435879707
31548,5,5,quant_only,quant_only,train,0.011722586117684841,0.006342463660985231,0.3010200262069702,0.028367361053824425,0.0007782959728501737,0.6517692804336548
31552,0,0,explicit_mmr,explicit_mmr,train,0.7840771079063416,0.19413350522518158,0.010723554529249668,0.00013298593694344163,0.004289618227630854,0.006643250584602356
31557,3,3,no_method_signal,no_method_signal,train,3.103827475570142e-05,0.00016570054867770523,0.02408616431057453,0.9549473524093628,0.0008577436092309654,0.01991197094321251
31575,0,0,explicit_mmr,explicit_mmr,train,0.5433511137962341,0.4339531362056732,0.0008604464819654822,0.0001260654826182872,0.021437931805849075,0.0002713381254579872
31592,0,0,explicit_mmr,explicit_mmr,train,0.6583437323570251,0.32152798771858215,0.0009718954097479582,8.776956383371726e-05,0.0187583789229393,0.0003102178161498159
31597,5,0,quant_only,explicit_mmr,train,0.5420566201210022,0.19844341278076172,0.14243699610233307,0.0007857113960199058,0.004335472825914621,0.11194179952144623
31621,5,5,quant_only,quant_only,train,0.021701479330658913,0.010556657798588276,0.25229281187057495,0.01634855754673481,0.0007474787416867912,0.6983529925346375
31622,0,0,explicit_mmr,explicit_mmr,train,0.8521185517311096,0.12518998980522156,0.01184476912021637,0.00011194371472811326,0.0058688027784228325,0.004865925759077072
31623,2,2,multi_method_not_mmr,multi_method_not_mmr,train,0.010621394030749798,0.00662605743855238,0.5001539587974548,0.05226355791091919,0.0015470680082216859,0.4287879168987274
31624,2,2,multi_method_not_mmr,multi_method_not_mmr,train,0.00608351593837142,0.011112847365438938,0.6098811030387878,0.24676358699798584,0.005173340905457735,0.12098557502031326
31629,0,0,explicit_mmr,explicit_mmr,train,0.7746950387954712,0.12559138238430023,0.056619495153427124,0.0003551811387296766,0.009381608106195927,0.033357225358486176
31635,0,0,explicit_mmr,explicit_mmr,train,0.7377867102622986,0.23512111604213715,0.014858358539640903,0.00015236758918035775,0.003779802704229951,0.008301778696477413
31636,0,0,explicit_mmr,explicit_mmr,train,0.7868474125862122,0.1604817658662796,0.029726428911089897,0.0002117188269039616,0.004124332685023546,0.01860831305384636
31650,0,0,explicit_mmr,explicit_mmr,train,0.603378176689148,0.3252470791339874,0.0008932633209042251,8.886498835636303e-05,0.07006768882274628,0.0003249681612942368
31670,0,0,explicit_mmr,explicit_mmr,train,0.7360318303108215,0.11497355997562408,0.09321663528680801,0.0004967382992617786,0.007160918787121773,0.04812028631567955
31671,0,0,explicit_mmr,explicit_mmr,train,0.7577391266822815,0.12021848559379578,0.07476384192705154,0.00043864737381227314,0.006058453116565943,0.040781326591968536
31679,0,0,explicit_mmr,explicit_mmr,train,0.7663700580596924,0.2228950411081314,0.0048409728333354,0.00017334056610707194,0.004530574660748243,0.0011900130193680525
31694,3,3,no_method_signal,no_method_signal,train,4.652539792004973e-05,0.000207277771551162,0.02172623574733734,0.969520092010498,0.0012482942547649145,0.007251418195664883
31712,0,0,explicit_mmr,explicit_mmr,train,0.8963173627853394,0.08317434042692184,0.00937886442989111,0.0003291665925644338,0.006915923207998276,0.003884262405335903
31713,0,0,explicit_mmr,explicit_mmr,train,0.8404392004013062,0.13111749291419983,0.003258169163018465,0.00011566236207727343,0.02400904893875122,0.0010603562695905566
31723,3,3,no_method_signal,no_method_signal,train,2.869121999538038e-05,0.000195926841115579,0.017468681558966637,0.9657493233680725,0.0009900666773319244,0.015567261725664139
31732,0,0,explicit_mmr,explicit_mmr,train,0.7764491438865662,0.15935221314430237,0.03417924791574478,0.0002334398595849052,0.006583256181329489,0.02320278249680996
31755,0,5,explicit_mmr,quant_only,train,0.14687006175518036,0.031512342393398285,0.3219396770000458,0.005782504566013813,0.0018311586463823915,0.4920642375946045
31763,0,0,explicit_mmr,explicit_mmr,train,0.7681267261505127,0.17491209506988525,0.0018818521639332175,0.0001011491403914988,0.05457420274615288,0.00040412438102066517
31764,0,0,explicit_mmr,explicit_mmr,train,0.5921905636787415,0.26454904675483704,0.0011377492919564247,0.00013905181549489498,0.14157700538635254,0.00040656840428709984
31774,0,0,explicit_mmr,explicit_mmr,train,0.8104384541511536,0.05587616562843323,0.09274666756391525,0.005155831575393677,0.009351514279842377,0.026431385427713394
31775,0,0,explicit_mmr,explicit_mmr,train,0.8295409083366394,0.1525697112083435,0.004075378179550171,0.00010277338151354343,0.01146079320460558,0.002250382211059332
31786,0,0,explicit_mmr,explicit_mmr,train,0.8173531889915466,0.1420028656721115,0.025076182559132576,0.00017697305884212255,0.005561444908380508,0.009829390794038773
31804,0,0,explicit_mmr,explicit_mmr,train,0.7222846150398254,0.09200531989336014,0.10918368399143219,0.002030163537710905,0.0026642335578799248,0.07183193415403366
31807,0,0,explicit_mmr,explicit_mmr,train,0.771523118019104,0.2082858681678772,0.0027973575051873922,6.670139555353671e-05,0.016384365037083626,0.0009426363394595683
31819,0,0,explicit_mmr,explicit_mmr,train,0.7799108624458313,0.1755548119544983,0.00155916647054255,9.466685150982812e-05,0.04227123036980629,0.0006093503325246274
31821,3,3,no_method_signal,no_method_signal,train,0.0001080377769540064,0.00036148473736830056,0.08625581860542297,0.8725801706314087,0.031333379447460175,0.009361069649457932
31822,3,3,no_method_signal,no_method_signal,train,2.4767921786406077e-05,0.0001507207634858787,0.015775449573993683,0.9738934636116028,0.0022891275584697723,0.007866539992392063
31823,2,2,multi_method_not_mmr,multi_method_not_mmr,train,0.0038618275430053473,0.04943220689892769,0.47576960921287537,0.005508832633495331,0.28495386242866516,0.18047365546226501
31824,3,3,no_method_signal,no_method_signal,train,3.1963361834641546e-05,0.00028100775671191514,0.01882924698293209,0.9607020020484924,0.002852343488484621,0.017303433269262314
31825,2,5,multi_method_not_mmr,quant_only,train,0.0006793538341298699,0.009617169387638569,0.4007517397403717,0.1094173863530159,0.009392295964062214,0.47014203667640686
31826,3,3,no_method_signal,no_method_signal,train,3.50810878444463e-05,0.00020311385742388666,0.014684243127703667,0.9665300250053406,0.0007558681536465883,0.01779172569513321
31828,3,3,no_method_signal,no_method_signal,train,0.00037396213156171143,0.003394308965653181,0.050964295864105225,0.6102884411811829,0.0019795172847807407,0.3329995274543762
31829,3,3,no_method_signal,no_method_signal,train,3.6958008422516286e-05,0.00037801338476128876,0.02276846207678318,0.9467939734458923,0.006960299797356129,0.02306225337088108
31830,5,5,quant_only,quant_only,train,0.000893385149538517,0.01437005028128624,0.12614919245243073,0.11571556329727173,0.008952380158007145,0.7339194416999817
31836,5,5,quant_only,quant_only,train,0.0008374046301469207,0.013884452171623707,0.10286075621843338,0.18016140162944794,0.0266885943710804,0.6755673885345459
31837,5,5,quant_only,quant_only,train,0.0008830062579363585,0.018994664773344994,0.2002444714307785,0.1277322769165039,0.026280608028173447,0.6258649826049805
31838,5,5,quant_only,quant_only,train,0.00255737011320889,0.01455606147646904,0.0671488419175148,0.15207776427268982,0.001847381005063653,0.7618125677108765
31839,4,3,qual_only,no_method_signal,train,0.00010980108345393091,0.0008792488370090723,0.10771683603525162,0.7672943472862244,0.09546682983636856,0.02853301726281643
31841,4,4,qual_only,qual_only,train,0.0007674533990211785,0.003213360905647278,0.17261956632137299,0.012235336937010288,0.7931675314903259,0.01799669861793518
31843,3,3,no_method_signal,no_method_signal,train,3.049608858418651e-05,0.0001942827511811629,0.017336498945951462,0.9715393781661987,0.0015067224157974124,0.009392607025802135
31844,3,3,no_method_signal,no_method_signal,train,9.102348849410191e-05,0.00037003259058110416,0.07847326248884201,0.8804112076759338,0.031028933823108673,0.009625542908906937
31845,5,5,quant_only,quant_only,train,0.00911701750010252,0.1075672134757042,0.2120128720998764,0.011031675152480602,0.01042596623301506,0.6498452425003052
31846,3,3,no_method_signal,no_method_signal,train,6.621298234676942e-05,0.0009425451862625778,0.08311693370342255,0.8338873386383057,0.030546652153134346,0.05144043266773224
31847,3,3,no_method_signal,no_method_signal,train,3.284952254034579e-05,0.0001218156612594612,0.012708163820207119,0.9793336987495422,0.0007039654883556068,0.0070995790883898735
31849,1,5,implicit_mmr,quant_only,train,0.0064109559170901775,0.07361015677452087,0.2801424562931061,0.0196362417191267,0.053294580429792404,0.5669056177139282
31850,2,5,multi_method_not_mmr,quant_only,train,0.0016850485699251294,0.03407193347811699,0.32184654474258423,0.06757978349924088,0.025280538946390152,0.5495361089706421
31851,1,1,implicit_mmr,implicit_mmr,train,0.06839659065008163,0.5530540347099304,0.1176542267203331,0.0005826253327541053,0.15179859101772308,0.10851393640041351
31852,3,3,no_method_signal,no_method_signal,train,4.4888460251968354e-05,0.0006079201120883226,0.02332002855837345,0.9254363179206848,0.009050833061337471,0.041540034115314484
31853,3,3,no_method_signal,no_method_signal,train,5.293728463584557e-05,0.00018337440269533545,0.03260762244462967,0.9553471207618713,0.005783850327134132,0.0060251085087656975
31854,3,3,no_method_signal,no_method_signal,train,5.368902566260658e-05,0.00017853282042779028,0.0325716994702816,0.9559273719787598,0.00523958308622241,0.0060292077250778675
31855,3,3,no_method_signal,no_method_signal,train,0.0001708787604002282,0.0005349247949197888,0.1370239108800888,0.786952555179596,0.06500689685344696,0.010310872457921505
31856,3,3,no_method_signal,no_method_signal,train,0.0005778853083029389,0.006981015671044588,0.25693783164024353,0.4558286964893341,0.003296076552942395,0.2763785421848297
31858,4,4,qual_only,qual_only,train,0.007400132715702057,0.06525195389986038,0.06322982907295227,0.0007900779019109905,0.8501700162887573,0.013158049434423447
31860,4,4,qual_only,qual_only,train,0.0047461711801588535,0.03594804182648659,0.26146823167800903,0.0019979923963546753,0.6255567073822021,0.07028286904096603
31865,5,1,quant_only,implicit_mmr,train,0.06573930382728577,0.5999939441680908,0.06339001655578613,0.00025473014102317393,0.23190513253211975,0.03871680423617363
31866,5,5,quant_only,quant_only,train,0.0008353990851901472,0.008241064846515656,0.09601256996393204,0.23281389474868774,0.002935654018074274,0.659161388874054
31867,2,5,multi_method_not_mmr,quant_only,train,0.0125124491751194,0.04741114750504494,0.34879741072654724,0.005991816520690918,0.008078860118985176,0.5772082805633545
31868,2,4,multi_method_not_mmr,qual_only,train,0.003983678296208382,0.018595565110445023,0.4170701503753662,0.005045720376074314,0.48724451661109924,0.06806039065122604
31870,4,4,qual_only,qual_only,train,0.00041700221481733024,0.0024156540166586637,0.17115388810634613,0.040902651846408844,0.7536270618438721,0.031483616679906845
31871,4,3,qual_only,no_method_signal,train,0.000109629581857007,0.0006808753241784871,0.12617997825145721,0.7745795845985413,0.07193116098642349,0.02651871368288994
31873,5,4,quant_only,qual_only,train,0.015441905707120895,0.12153907865285873,0.32916074991226196,0.0017397480551153421,0.39447757601737976,0.13764096796512604
31875,3,3,no_method_signal,no_method_signal,train,2.7347732611815445e-05,0.00016455259174108505,0.012645041570067406,0.975811779499054,0.0008249075617641211,0.010526496917009354
31876,3,3,no_method_signal,no_method_signal,train,0.00019191512546967715,0.0028282415587455034,0.1363811045885086,0.5348527431488037,0.0075759016908705235,0.31817007064819336
31877,3,3,no_method_signal,no_method_signal,train,2.3857659471104853e-05,0.00013003368803765625,0.01276383362710476,0.9772307276725769,0.0010185929713770747,0.008832850493490696
31878,2,3,multi_method_not_mmr,no_method_signal,train,2.402939207968302e-05,0.00013638462405651808,0.015249326825141907,0.9753647446632385,0.0017059326637536287,0.007519526872783899
31880,5,5,quant_only,quant_only,train,0.0037685756105929613,0.0600777305662632,0.3427855372428894,0.010872486978769302,0.1851252019405365,0.3973705470561981
31881,3,3,no_method_signal,no_method_signal,train,6.362971907947212e-05,0.0008858924848027527,0.07546376436948776,0.8740290403366089,0.00955288764089346,0.04000476375222206
31882,2,2,multi_method_not_mmr,multi_method_not_mmr,train,0.002388143679127097,0.025976503267884254,0.43594086170196533,0.00714081572368741,0.33162304759025574,0.19693061709403992
31883,2,3,multi_method_not_mmr,no_method_signal,train,8.696932491147891e-05,0.0006915490375831723,0.03868725150823593,0.8948426842689514,0.0011919508688151836,0.06449957937002182
31884,0,5,explicit_mmr,quant_only,train,0.06698530912399292,0.2598363757133484,0.17331597208976746,0.0031135077588260174,0.007400013040751219,0.48934873938560486
31885,1,5,implicit_mmr,quant_only,train,0.0034531988203525543,0.061676885932683945,0.23228193819522858,0.02137957140803337,0.023251833394169807,0.6579565405845642
31886,2,5,multi_method_not_mmr,quant_only,train,0.000616727804299444,0.006623574998229742,0.0741834044456482,0.37629440426826477,0.004327714443206787,0.5379542112350464
31888,3,3,no_method_signal,no_method_signal,train,2.379063153057359e-05,0.00012170207628514618,0.01358263660222292,0.9782246351242065,0.0017549266340211034,0.0062923431396484375
31890,3,3,no_method_signal,no_method_signal,train,3.331867992528714e-05,0.00032167244353331625,0.021288027986884117,0.9544238448143005,0.007879682816565037,0.01605352759361267
31891,3,3,no_method_signal,no_method_signal,train,2.2884441932546906e-05,0.0001453720178687945,0.014039184898138046,0.9752503633499146,0.002681607147678733,0.007860640995204449
31892,3,3,no_method_signal,no_method_signal,train,2.7373780540074222e-05,0.00011227016511838883,0.013142811134457588,0.9794396758079529,0.0009956698631867766,0.006282168906182051
31894,3,5,no_method_signal,quant_only,train,0.002824042458087206,0.033107951283454895,0.15515829622745514,0.03615424036979675,0.0059915571473538876,0.7667639255523682
31896,4,2,qual_only,multi_method_not_mmr,train,0.0019741628784686327,0.022597195580601692,0.4148642420768738,0.008847193792462349,0.34997203946113586,0.20174525678157806
31897,1,5,implicit_mmr,quant_only,train,0.025516919791698456,0.12495692819356918,0.18592919409275055,0.009828925132751465,0.006618788931518793,0.6471492052078247
31905,3,3,no_method_signal,no_method_signal,train,9.741618123371154e-05,0.0012017436092719436,0.03137234225869179,0.8544832468032837,0.0017808907432481647,0.1110643669962883
31906,2,2,multi_method_not_mmr,multi_method_not_mmr,train,0.018200060352683067,0.14539022743701935,0.3335112929344177,0.003071541665121913,0.23121428489685059,0.2686125338077545
31907,5,5,quant_only,quant_only,train,0.0010830308310687542,0.025850849226117134,0.23074226081371307,0.0910913348197937,0.020447930321097374,0.6307845115661621
31908,0,1,explicit_mmr,implicit_mmr,train,0.16080312430858612,0.662372887134552,0.025025688111782074,9.172469435725361e-05,0.1360437273979187,0.015662822872400284
31909,0,4,explicit_mmr,qual_only,train,0.056564562022686005,0.35286566615104675,0.03366544842720032,0.00023829762358218431,0.5421658754348755,0.014500201679766178
31910,0,1,explicit_mmr,implicit_mmr,train,0.17700441181659698,0.7092792391777039,0.0021571319084614515,0.00022668724704999477,0.11040664464235306,0.0009259009966626763
31912,5,5,quant_only,quant_only,train,0.0018494502874091268,0.015552916564047337,0.0899830088019371,0.12673741579055786,0.0038082068786025047,0.7620689868927002
31913,3,3,no_method_signal,no_method_signal,train,0.00011088160681538284,0.0008120291167870164,0.0436628982424736,0.8634341359138489,0.001009363797493279,0.0909707322716713
31914,1,1,implicit_mmr,implicit_mmr,train,0.2522605359554291,0.5020717978477478,0.05419229716062546,0.00013023556675761938,0.17054864764213562,0.02079644240438938
31915,3,3,no_method_signal,no_method_signal,train,2.9914443075540476e-05,0.00011455027561169118,0.01291635725647211,0.9790953397750854,0.0008703852654434741,0.006973485928028822
31917,2,4,multi_method_not_mmr,qual_only,train,0.0037357243709266186,0.034358397126197815,0.37259018421173096,0.0037188627757132053,0.475492000579834,0.11010483652353287
31918,1,1,implicit_mmr,implicit_mmr,train,0.261099636554718,0.7267817258834839,0.0029114284552633762,6.72850655973889e-05,0.007294366601854563,0.0018454446690157056
31919,1,5,implicit_mmr,quant_only,train,0.03275109827518463,0.2961999177932739,0.280662477016449,0.0013962385710328817,0.06403425335884094,0.32495608925819397
31921,1,3,implicit_mmr,no_method_signal,train,8.847009303281084e-05,0.0003882244345732033,0.07954913377761841,0.8825134634971619,0.025381699204444885,0.012079070322215557
31922,2,3,multi_method_not_mmr,no_method_signal,train,2.947851135104429e-05,0.00013783446047455072,0.01776132918894291,0.9731840491294861,0.0016737659461796284,0.007213504984974861
31923,2,4,multi_method_not_mmr,qual_only,train,0.0004027537943329662,0.004960307851433754,0.3274924159049988,0.07348832488059998,0.4281879961490631,0.16546817123889923
31925,5,5,quant_only,quant_only,train,0.002643739804625511,0.041322704404592514,0.2074769288301468,0.02398882992565632,0.011362481862306595,0.7132052779197693
31926,5,5,quant_only,quant_only,train,0.002257692161947489,0.037525348365306854,0.1820298284292221,0.03443887457251549,0.01274122018367052,0.7310069799423218
31927,2,5,multi_method_not_mmr,quant_only,train,0.0037422068417072296,0.04546396806836128,0.2255810797214508,0.017656682059168816,0.013202494010329247,0.6943535208702087
31928,3,3,no_method_signal,no_method_signal,train,3.650100916274823e-05,0.00023330441035795957,0.03617763891816139,0.9476367831230164,0.008212731219828129,0.007703019771724939
31929,2,4,multi_method_not_mmr,qual_only,train,0.014917021617293358,0.13276199996471405,0.3298613429069519,0.002002531662583351,0.371076762676239,0.14938029646873474
31930,4,4,qual_only,qual_only,train,0.0004422111960593611,0.007142405025660992,0.3574344217777252,0.0836196020245552,0.36273717880249023,0.18862421810626984
31932,3,3,no_method_signal,no_method_signal,train,5.390654769144021e-05,0.0005758548504672945,0.02112112008035183,0.9224210977554321,0.004635263700038195,0.051192786544561386
31935,3,3,no_method_signal,no_method_signal,train,3.2417727197753266e-05,0.00020602768927346915,0.024720817804336548,0.9597786068916321,0.00695636635646224,0.008305655792355537
31937,3,3,no_method_signal,no_method_signal,train,3.644592652563006e-05,0.00013015579315833747,0.013008817099034786,0.9782949090003967,0.0005713176797144115,0.0079582454636693
31938,3,3,no_method_signal,no_method_signal,train,3.2278159778798e-05,0.00015084522601682693,0.015338554978370667,0.972936749458313,0.0006761110271327198,0.010865533724427223
31940,1,5,implicit_mmr,quant_only,train,0.04089447855949402,0.31425899267196655,0.24710628390312195,0.0014197237323969603,0.05428420007228851,0.34203633666038513
31941,5,5,quant_only,quant_only,train,0.035544514656066895,0.18006812036037445,0.20837143063545227,0.004467797465622425,0.006319963838905096,0.5652281641960144
31942,0,5,explicit_mmr,quant_only,train,0.014272253960371017,0.10686761885881424,0.2498343139886856,0.009793476201593876,0.009278074838221073,0.609954297542572
31943,2,5,multi_method_not_mmr,quant_only,train,0.018053846433758736,0.14318132400512695,0.286160945892334,0.007082684896886349,0.014113334007561207,0.53140789270401
31946,5,5,quant_only,quant_only,train,0.00324064283631742,0.04302574694156647,0.13951124250888824,0.028097571805119514,0.00605683634057641,0.7800679206848145
31947,3,3,no_method_signal,no_method_signal,train,5.348184276954271e-05,0.00018351532344240695,0.03282922878861427,0.9550259709358215,0.00592838367447257,0.005979372654110193
31949,4,4,qual_only,qual_only,train,0.0006025354377925396,0.002616554731503129,0.12466136366128922,0.012105225585401058,0.8472234606742859,0.01279086247086525
31950,0,1,explicit_mmr,implicit_mmr,train,0.48426303267478943,0.5016493201255798,0.0008835016051307321,6.0114438383607194e-05,0.01261874008923769,0.000525248353369534
31951,5,3,quant_only,no_method_signal,train,0.00011839711805805564,0.0007429128745570779,0.09906188398599625,0.7502203583717346,0.11864420771598816,0.03121216595172882
31953,2,3,multi_method_not_mmr,no_method_signal,train,3.573415961000137e-05,0.0001307073689531535,0.014607468619942665,0.9767392873764038,0.0006785162840969861,0.007808337453752756
31954,2,3,multi_method_not_mmr,no_method_signal,train,3.47091190633364e-05,0.00012770542525686324,0.014244784601032734,0.9771003723144531,0.0006683380925096571,0.007824095897376537
31955,5,5,quant_only,quant_only,train,0.010125289671123028,0.08551500737667084,0.2233080416917801,0.018261367455124855,0.0087449224665761,0.6540453433990479
31956,5,5,quant_only,quant_only,train,0.0005518298130482435,0.010405977256596088,0.1159452423453331,0.3782212436199188,0.011388189159333706,0.4834875762462616
31957,2,5,multi_method_not_mmr,quant_only,train,0.0008512221393175423,0.009985730983316898,0.08862054347991943,0.22664368152618408,0.004861730150878429,0.6690371036529541
31959,3,3,no_method_signal,no_method_signal,train,2.6956004148814827e-05,0.00017114933871198446,0.020262666046619415,0.9673306345939636,0.004643833264708519,0.007564816623926163
31960,3,3,no_method_signal,no_method_signal,train,2.8468051823438145e-05,0.0001570621388964355,0.02086053602397442,0.9689264893531799,0.0041276090778410435,0.0058998712338507175
31962,5,5,quant_only,quant_only,train,0.0053903646767139435,0.04342307150363922,0.21190927922725677,0.03651050478219986,0.006385503802448511,0.6963812708854675
31963,3,3,no_method_signal,no_method_signal,train,3.87385516660288e-05,0.0003628094564191997,0.017121683806180954,0.949151337146759,0.0008982035215012729,0.032427363097667694
31965,5,5,quant_only,quant_only,train,0.00272774207405746,0.042086340487003326,0.19316937029361725,0.032330743968486786,0.008946264162659645,0.7207396030426025
31966,3,3,no_method_signal,no_method_signal,train,0.0002476986264809966,0.002901372266933322,0.04936062544584274,0.6330133676528931,0.003993261605501175,0.31048378348350525
31967,1,5,implicit_mmr,quant_only,train,0.00234426511451602,0.042601507157087326,0.21985116600990295,0.04377014562487602,0.016878830268979073,0.6745540499687195
31969,1,5,implicit_mmr,quant_only,train,0.006396259646862745,0.07222654670476913,0.22728468477725983,0.016555633395910263,0.010159313678741455,0.6673775911331177
31971,5,5,quant_only,quant_only,train,0.0033958193380385637,0.05311449617147446,0.21395547688007355,0.027003558352589607,0.012505961582064629,0.6900246739387512
31972,4,4,qual_only,qual_only,train,0.019605034962296486,0.08380474150180817,0.015859754756093025,0.0003108006785623729,0.8782565593719482,0.002163076540455222
31976,5,5,quant_only,quant_only,train,0.07367280125617981,0.21038201451301575,0.14820536971092224,0.0027794346679002047,0.004445267375558615,0.5605151057243347
31977,4,4,qual_only,qual_only,train,0.0003780674305744469,0.0024449764750897884,0.13144104182720184,0.07270342856645584,0.7565885782241821,0.03644388169050217
31978,4,4,qual_only,qual_only,train,0.0003111697733402252,0.0016289334744215012,0.21663358807563782,0.25591376423835754,0.4798448383808136,0.04566774517297745
31979,2,5,multi_method_not_mmr,quant_only,train,0.01073994766920805,0.10959560424089432,0.28502628207206726,0.010251663625240326,0.016716092824935913,0.5676704049110413
31980,3,3,no_method_signal,no_method_signal,train,0.0002985171740874648,0.0027778923977166414,0.06262649595737457,0.7498293519020081,0.0018928383942693472,0.1825748234987259
31981,5,3,quant_only,no_method_signal,train,0.00015338510274887085,0.0019710189662873745,0.050514206290245056,0.7562659978866577,0.003617012407630682,0.1874784231185913
31982,3,3,no_method_signal,no_method_signal,train,0.00022824268671683967,0.0033637352753430605,0.08562187850475311,0.5890469551086426,0.0025285377632826567,0.3192107081413269
31983,2,5,multi_method_not_mmr,quant_only,train,0.0007755643455311656,0.009093591943383217,0.11480992287397385,0.20577533543109894,0.0035925554111599922,0.6659530401229858
31987,2,5,multi_method_not_mmr,quant_only,train,0.04155662655830383,0.26717764139175415,0.2719745934009552,0.001990795601159334,0.042138759046792984,0.3751615583896637
31989,3,3,no_method_signal,no_method_signal,train,3.4161046642111614e-05,0.00019025610527023673,0.015894515439867973,0.9735531210899353,0.0009614499867893755,0.009366502054035664
31990,5,3,quant_only,no_method_signal,train,5.3176165238255635e-05,0.0005423360853455961,0.023310009390115738,0.9191664457321167,0.004195263609290123,0.05273282155394554
31991,3,3,no_method_signal,no_method_signal,train,5.5878223065519705e-05,0.00016461485938634723,0.028034692630171776,0.9629338383674622,0.0037864164914935827,0.005024570040404797
31992,2,2,multi_method_not_mmr,multi_method_not_mmr,train,0.015591888688504696,0.11845441907644272,0.4333646297454834,0.0031398022547364235,0.07656249403953552,0.3528866767883301
31993,2,2,multi_method_not_mmr,multi_method_not_mmr,train,0.011255337856709957,0.10143819451332092,0.44348686933517456,0.0039702849462628365,0.07750079780817032,0.3623485565185547
31994,3,3,no_method_signal,no_method_signal,train,6.665627006441355e-05,0.0006593083962798119,0.03570556640625,0.8820498585700989,0.0010350095108151436,0.08048366010189056
31995,0,1,explicit_mmr,implicit_mmr,train,0.1862565577030182,0.5481269359588623,0.11208071559667587,0.0004295083926990628,0.012377025559544563,0.14072929322719574
31996,1,1,implicit_mmr,implicit_mmr,train,0.35742875933647156,0.5921384692192078,0.011193896643817425,3.874153480865061e-05,0.0327712744474411,0.006428791210055351
31997,4,4,qual_only,qual_only,train,0.0018460950814187527,0.01588764227926731,0.3131468892097473,0.006811567582190037,0.6012426018714905,0.06106516718864441
31998,2,5,multi_method_not_mmr,quant_only,train,0.0026062913239002228,0.04036527872085571,0.35323894023895264,0.02555266208946705,0.011878897435963154,0.5663579702377319
31999,4,1,qual_only,implicit_mmr,train,0.07473473250865936,0.40191975235939026,0.200688436627388,0.00042615379788912833,0.21741393208503723,0.10481701046228409
32000,3,3,no_method_signal,no_method_signal,train,8.49210555315949e-05,0.0011564367450773716,0.051287196576595306,0.8236006498336792,0.034770164638757706,0.08910065144300461
32001,2,5,multi_method_not_mmr,quant_only,train,0.0024333714973181486,0.029558362439274788,0.21827398240566254,0.03988176956772804,0.0052252779714763165,0.704627275466919
32002,3,3,no_method_signal,no_method_signal,train,2.737307659117505e-05,0.00012007855548290536,0.013462860137224197,0.9786834716796875,0.0013939142227172852,0.0063123684376478195
32006,3,3,no_method_signal,no_method_signal,train,4.2999825382139534e-05,0.0004893948207609355,0.03566482290625572,0.9301090836524963,0.002163270488381386,0.03153048828244209
32008,3,3,no_method_signal,no_method_signal,train,3.24311331496574e-05,0.00017516496882308275,0.01641632430255413,0.9736326932907104,0.001043885131366551,0.008699458092451096
32009,4,4,qual_only,qual_only,train,0.03100663609802723,0.13064046204090118,0.006123345345258713,0.000246018054895103,0.8305094242095947,0.0014740671031177044
32011,1,1,implicit_mmr,implicit_mmr,train,0.4319670498371124,0.5242395997047424,0.015781568363308907,3.754543649847619e-05,0.019508590921759605,0.008465676568448544
32013,3,3,no_method_signal,no_method_signal,train,4.708939741249196e-05,0.00018180525512434542,0.013302743434906006,0.9776124358177185,0.000672754948027432,0.008183086290955544
32014,2,3,multi_method_not_mmr,no_method_signal,train,4.1387262172065675e-05,0.0002340469800401479,0.03529266268014908,0.9475917220115662,0.00500165019184351,0.011838515289127827
32015,3,3,no_method_signal,no_method_signal,train,2.9931716198916547e-05,0.00020823047088924795,0.02541506476700306,0.959534764289856,0.005812722258269787,0.008999315090477467
32017,2,5,multi_method_not_mmr,quant_only,train,0.004624059423804283,0.04444245994091034,0.2285291850566864,0.04092666879296303,0.004306165501475334,0.6771714091300964
32018,3,3,no_method_signal,no_method_signal,train,3.284186095697805e-05,0.00011641639866866171,0.013151937164366245,0.9792405962944031,0.0007126619457267225,0.006745527498424053
32021,4,3,qual_only,no_method_signal,train,0.0002556063700467348,0.001029998529702425,0.22220265865325928,0.48479652404785156,0.2654131054878235,0.02630200795829296
32023,3,3,no_method_signal,no_method_signal,train,8.468546730000526e-05,0.0015620534541085362,0.05349661409854889,0.7683335542678833,0.01401604525744915,0.1625070422887802
32024,3,3,no_method_signal,no_method_signal,train,2.5820341761573218e-05,0.00025949807604774833,0.0169327724725008,0.9601998329162598,0.002877315506339073,0.01970473676919937
32025,0,1,explicit_mmr,implicit_mmr,train,0.06588789820671082,0.44272831082344055,0.22959266602993011,0.0005146055482327938,0.0838964655995369,0.1773800253868103
32026,0,1,explicit_mmr,implicit_mmr,train,0.03412967175245285,0.32728952169418335,0.3064240515232086,0.0009409868507646024,0.07140923291444778,0.2598065435886383
32027,5,5,quant_only,quant_only,train,0.010971130803227425,0.1236075758934021,0.20367611944675446,0.00892976950854063,0.018444838002324104,0.6343705654144287
32028,4,4,qual_only,qual_only,train,0.001399534405209124,0.005238148383796215,0.06626071780920029,0.0021092481911182404,0.9188013672828674,0.00619093794375658
32029,3,3,no_method_signal,no_method_signal,train,3.1483705242862925e-05,0.00020499201491475105,0.01716519705951214,0.9660079479217529,0.0008363358210772276,0.01575404964387417
32030,3,3,no_method_signal,no_method_signal,train,3.083530828007497e-05,0.00019786467601079494,0.01652299240231514,0.967582106590271,0.000862566230352968,0.014803722500801086
32031,3,3,no_method_signal,no_method_signal,train,2.9798737159580924e-05,0.00018314080080017447,0.015248152427375317,0.9702216386795044,0.0008452123147435486,0.013471952639520168
32032,3,3,no_method_signal,no_method_signal,train,0.00015199871268123388,0.0026186457835137844,0.08008183538913727,0.5671052932739258,0.00529874162748456,0.34474343061447144
32034,3,3,no_method_signal,no_method_signal,train,0.00018597798771224916,0.0027942138258367777,0.09168711304664612,0.6466385722160339,0.00834354106336832,0.25035059452056885
32036,0,1,explicit_mmr,implicit_mmr,train,0.3740997612476349,0.4468502402305603,0.08407765626907349,0.0006421777652576566,0.003608233993873,0.09072195738554001
32037,1,1,implicit_mmr,implicit_mmr,train,0.46549564599990845,0.5190092921257019,0.001280436059460044,3.688358629005961e-05,0.013461369089782238,0.0007163635455071926
32038,3,3,no_method_signal,no_method_signal,train,2.9390555937425233e-05,0.0002326189714949578,0.01829669065773487,0.9572802782058716,0.0012587567325681448,0.02290230616927147
32039,2,5,multi_method_not_mmr,quant_only,train,0.08792232722043991,0.2592429220676422,0.17464251816272736,0.0027240703348070383,0.004014596808701754,0.4714534878730774
32040,0,0,explicit_mmr,explicit_mmr,train,0.5975805521011353,0.3883100152015686,0.002441937569528818,4.1151906771119684e-05,0.009631155990064144,0.0019951185677200556
32041,1,0,implicit_mmr,explicit_mmr,train,0.5267413854598999,0.4527890980243683,0.0009725720155984163,3.7938090827083215e-05,0.018850281834602356,0.0006087886868044734
32043,5,1,quant_only,implicit_mmr,train,0.07686664164066315,0.5507272481918335,0.1682623028755188,0.000588166294619441,0.03259827941656113,0.17095732688903809
32044,2,4,multi_method_not_mmr,qual_only,train,0.0004293820238672197,0.0018682818626984954,0.2890300154685974,0.0943479984998703,0.5870308876037598,0.027293430641293526
32045,4,4,qual_only,qual_only,train,0.0009499882580712438,0.0036114100366830826,0.14788216352462769,0.007802349515259266,0.8263829946517944,0.013371097855269909
32046,5,3,quant_only,no_method_signal,train,2.60886263276916e-05,0.00015084222832228988,0.01726525090634823,0.968347430229187,0.0009745205752551556,0.013235928490757942
32047,1,1,implicit_mmr,implicit_mmr,train,0.11072980612516403,0.36436817049980164,0.15963079035282135,0.00250347051769495,0.005585185252130032,0.3571825325489044
32049,2,5,multi_method_not_mmr,quant_only,train,0.05732682719826698,0.2986631691455841,0.23289063572883606,0.0019423958146944642,0.011559032835066319,0.39761796593666077
32050,2,5,multi_method_not_mmr,quant_only,train,0.03469821438193321,0.2549477517604828,0.25611796975135803,0.002298498060554266,0.014987029135227203,0.4369504451751709
32051,5,5,quant_only,quant_only,train,0.00320582021959126,0.05744465813040733,0.3118596374988556,0.009859476238489151,0.09370310604572296,0.5239273309707642
32052,3,3,no_method_signal,no_method_signal,train,5.272501221043058e-05,0.0005558625562116504,0.04363064467906952,0.9165193438529968,0.005810492672026157,0.03343087062239647
32053,3,3,no_method_signal,no_method_signal,train,6.761970143998042e-05,0.0009880022844299674,0.03657675161957741,0.8266425132751465,0.0032212259247899055,0.13250386714935303
32055,1,1,implicit_mmr,implicit_mmr,train,0.1297362744808197,0.5230057239532471,0.03080018237233162,9.986008080886677e-05,0.30451810359954834,0.011839830316603184
32057,4,4,qual_only,qual_only,train,0.0005293198628351092,0.0022595138289034367,0.20896479487419128,0.033558983355760574,0.7273385524749756,0.027348805218935013
32058,5,5,quant_only,quant_only,train,0.04689881578087807,0.2372661978006363,0.16059382259845734,0.005110021214932203,0.005327408201992512,0.5448036789894104
32059,5,5,quant_only,quant_only,train,0.0024370355531573296,0.023875873535871506,0.25171658396720886,0.04755574092268944,0.007116107270121574,0.6672986745834351
32060,4,4,qual_only,qual_only,train,0.0007006320520304143,0.0031807164195924997,0.1377149522304535,0.008756494149565697,0.8348472118377686,0.014800002798438072
32061,4,4,qual_only,qual_only,train,0.0009534595883451402,0.003908822312951088,0.1851663589477539,0.009980138391256332,0.7683929204940796,0.03159826248884201
32062,4,4,qual_only,qual_only,train,0.0008284954237751663,0.0037591673899441957,0.1477590948343277,0.007343787234276533,0.8212558627128601,0.01905355043709278
32063,3,3,no_method_signal,no_method_signal,train,2.2891601474839263e-05,0.00014913853374309838,0.010242798365652561,0.9757574200630188,0.0009974068962037563,0.012830272316932678
32067,3,3,no_method_signal,no_method_signal,train,4.487390106078237e-05,0.00012200748460600153,0.01173980999737978,0.9813016653060913,0.0005267710657790303,0.006264848634600639
32068,2,5,multi_method_not_mmr,quant_only,train,0.009929198771715164,0.021142590790987015,0.37430331110954285,0.014988446608185768,0.002892725169658661,0.5767437219619751
32069,0,1,explicit_mmr,implicit_mmr,train,0.35178419947624207,0.5826218724250793,0.01654644124209881,3.690620724228211e-05,0.03997090458869934,0.009039775468409061
32070,5,5,quant_only,quant_only,train,0.06214514374732971,0.15786613523960114,0.2980167865753174,0.0016455261502414942,0.006690592970699072,0.473635733127594
32071,0,1,explicit_mmr,implicit_mmr,train,0.22547470033168793,0.6950143575668335,0.0015534983249381185,0.00019668655295390636,0.07704222947359085,0.0007185235153883696
32072,1,5,implicit_mmr,quant_only,train,0.01499495841562748,0.0687052458524704,0.2088572382926941,0.016510678455233574,0.002498047659173608,0.6884338855743408
32074,4,3,qual_only,no_method_signal,train,3.178162660333328e-05,0.00028156518237665296,0.01958153210580349,0.9542171359062195,0.006998199038207531,0.01888967491686344
32076,2,5,multi_method_not_mmr,quant_only,train,0.06162973493337631,0.17954285442829132,0.22935478389263153,0.0047348360531032085,0.003365560667589307,0.5213721990585327
32077,3,3,no_method_signal,no_method_signal,train,0.00012338290980551392,0.0005868059233762324,0.1361950784921646,0.7535804510116577,0.0846232920885086,0.02489103376865387
32078,3,3,no_method_signal,no_method_signal,train,3.476341953501105e-05,0.0001128951262217015,0.012303424067795277,0.9810726642608643,0.0007623216370120645,0.005713926628232002
32079,3,3,no_method_signal,no_method_signal,train,2.3078619051375426e-05,0.00016125469119288027,0.01415548101067543,0.9724768996238708,0.001485333195887506,0.011697891168296337
32080,5,5,quant_only,quant_only,train,0.02494773268699646,0.1409239023923874,0.17458081245422363,0.007565362378954887,0.0040299855172634125,0.6479522585868835
32082,4,4,qual_only,qual_only,train,0.0017381024081259966,0.007948284037411213,0.16535216569900513,0.0033238912001252174,0.8066287040710449,0.015008887276053429
32083,0,1,explicit_mmr,implicit_mmr,train,0.4306720495223999,0.5410550832748413,0.010891635902225971,4.542088208836503e-05,0.010990169830620289,0.0063457186333835125
32084,1,5,implicit_mmr,quant_only,train,0.03968194127082825,0.16941048204898834,0.15897919237613678,0.00564428698271513,0.0029735644347965717,0.6233105659484863
32085,1,1,implicit_mmr,implicit_mmr,train,0.1719653457403183,0.3665372431278229,0.15486036241054535,0.0017407411942258477,0.005613811779767275,0.2992825210094452
32086,0,1,explicit_mmr,implicit_mmr,train,0.22626341879367828,0.7247479557991028,0.0015878393314778805,9.15791533770971e-05,0.04654558375477791,0.0007636335794813931
32088,5,5,quant_only,quant_only,train,0.0014971151249483228,0.025120122358202934,0.13375245034694672,0.0627351626753807,0.006601519417017698,0.770293653011322
32089,5,5,quant_only,quant_only,train,0.00027708924608305097,0.0067228651605546474,0.22265376150608063,0.2726841866970062,0.0505705364048481,0.44709154963493347
32090,5,5,quant_only,quant_only,train,0.0013636270305141807,0.028475340455770493,0.1987989842891693,0.06460743397474289,0.017429523169994354,0.6893250942230225
32091,2,5,multi_method_not_mmr,quant_only,train,0.003841720288619399,0.04875916615128517,0.20821349322795868,0.01746089942753315,0.0035497117787599564,0.7181749939918518
32092,3,3,no_method_signal,no_method_signal,train,3.5098721127724275e-05,0.00012612598948180676,0.01280270703136921,0.9776079058647156,0.0005450581084005535,0.008883102796971798
32094,4,4,qual_only,qual_only,train,0.060729775577783585,0.41088494658470154,0.008670039474964142,0.0003558855678420514,0.5150632262229919,0.004296091850847006
32096,2,4,multi_method_not_mmr,qual_only,train,0.002529020421206951,0.008373083546757698,0.07666024565696716,0.0024319877848029137,0.9025958180427551,0.007409808691591024
32097,4,3,qual_only,no_method_signal,train,7.689829362789169e-05,0.0009486458147875965,0.07152984291315079,0.8511249423027039,0.027470573782920837,0.04884922131896019
32098,3,3,no_method_signal,no_method_signal,train,3.2724798074923456e-05,0.00027600876637734473,0.015448515303432941,0.9505735039710999,0.0011516499798744917,0.03251758590340614
32099,3,3,no_method_signal,no_method_signal,train,2.2626094505540095e-05,0.00014051106700208038,0.013459263369441032,0.9749640226364136,0.0012472363887354732,0.010166403837502003
32100,3,3,no_method_signal,no_method_signal,train,0.0001911800354719162,0.0027692115399986506,0.07457253336906433,0.6453641057014465,0.0029621897265315056,0.27414074540138245
32101,3,3,no_method_signal,no_method_signal,train,2.3647846319363452e-05,0.00012307404540479183,0.012250075116753578,0.9780005216598511,0.0009647207334637642,0.008637966588139534
32102,5,3,quant_only,no_method_signal,train,3.1420921004610136e-05,0.00022508595429826528,0.014567986130714417,0.9594404101371765,0.0009292472386732697,0.024805823341012
32103,1,1,implicit_mmr,implicit_mmr,train,0.10034897923469543,0.843735933303833,0.018143124878406525,6.987981760175899e-05,0.02349068410694599,0.014211325906217098
32107,3,3,no_method_signal,no_method_signal,train,2.835305713233538e-05,0.00011438603542046621,0.01293482817709446,0.9798691868782043,0.00092958880122751,0.006123714614659548
32108,3,3,no_method_signal,no_method_signal,train,2.872428740374744e-05,0.00011558767437236384,0.012923034839332104,0.979794442653656,0.0009084607008844614,0.006229787599295378
32109,3,3,no_method_signal,no_method_signal,train,2.7115613193018362e-05,0.00011997148249065503,0.01274872850626707,0.9792657494544983,0.0009294766350649297,0.006909030489623547
32110,3,3,no_method_signal,no_method_signal,train,2.8561766157508828e-05,0.00011649716179817915,0.01292678527534008,0.9795611500740051,0.0008691778057254851,0.00649779848754406
32111,3,3,no_method_signal,no_method_signal,train,2.858321568055544e-05,0.00011663012992357835,0.012812918983399868,0.979766845703125,0.0008863479015417397,0.006388671230524778
32112,3,3,no_method_signal,no_method_signal,train,2.690299334062729e-05,0.00011823383101727813,0.012824923731386662,0.9793530106544495,0.0009666959522292018,0.006710221525281668
32115,3,3,no_method_signal,no_method_signal,train,2.6773679564939812e-05,0.00012182373029645532,0.013114921748638153,0.9794788956642151,0.001160069601610303,0.006097504403442144
32116,3,3,no_method_signal,no_method_signal,train,9.269486326957121e-05,0.001517394557595253,0.06048855558037758,0.7432703375816345,0.010797129012644291,0.18383389711380005
32117,3,3,no_method_signal,no_method_signal,train,0.0002670904214028269,0.0024963689502328634,0.3204946219921112,0.3467680513858795,0.12049053609371185,0.20948335528373718
32118,3,3,no_method_signal,no_method_signal,train,3.554851355147548e-05,0.0001222148712258786,0.01344755943864584,0.9795417189598083,0.000798357417806983,0.006054712925106287
32120,1,1,implicit_mmr,implicit_mmr,train,0.3843522071838379,0.5780513882637024,0.01009871531277895,3.705368362716399e-05,0.020607657730579376,0.006853014230728149
32122,5,5,quant_only,quant_only,train,0.005758883897215128,0.032382782548666,0.16166818141937256,0.02175395004451275,0.0016086456598713994,0.7768275737762451
32123,2,3,multi_method_not_mmr,no_method_signal,train,0.00021703630045522004,0.0005941882845945656,0.1619499772787094,0.751405656337738,0.07309097796678543,0.012742132879793644
32124,2,3,multi_method_not_mmr,no_method_signal,train,0.00022239667305257171,0.0005290523404255509,0.14668184518814087,0.799664318561554,0.04223792999982834,0.010664442554116249
32126,5,5,quant_only,quant_only,train,0.0014580548740923405,0.02297992818057537,0.16831088066101074,0.13262197375297546,0.014613615348935127,0.6600154638290405
32127,4,4,qual_only,qual_only,train,0.0011450918391346931,0.005114127416163683,0.08302073180675507,0.002539008855819702,0.9004466533660889,0.007734417449682951
32129,3,3,no_method_signal,no_method_signal,train,5.937727837590501e-05,0.000683142221532762,0.02902734838426113,0.8856129050254822,0.00276104174554348,0.0818561390042305
32130,1,1,implicit_mmr,implicit_mmr,train,0.27482280135154724,0.6676780581474304,0.00631561828777194,2.609739385661669e-05,0.04756316542625427,0.0035941717214882374
32131,4,4,qual_only,qual_only,train,0.01707836240530014,0.04759413003921509,0.01990978606045246,0.00022333826927933842,0.9124845266342163,0.0027098567225039005
32132,5,5,quant_only,quant_only,train,0.0017709602834656835,0.013901381753385067,0.08905431628227234,0.06098353862762451,0.00156842649448663,0.8327214121818542
32134,2,3,multi_method_not_mmr,no_method_signal,train,5.227434667176567e-05,0.0005392949678935111,0.04527733847498894,0.9026859402656555,0.016105910763144493,0.03533928841352463
32135,3,3,no_method_signal,no_method_signal,train,2.910723560489714e-05,0.00023747787054162472,0.024040287360548973,0.9547783136367798,0.007341884076595306,0.013572949916124344
32137,5,5,quant_only,quant_only,train,0.0022218648809939623,0.018524169921875,0.13886795938014984,0.048444654792547226,0.0019976941403001547,0.7899436950683594
32138,2,2,multi_method_not_mmr,multi_method_not_mmr,train,0.005062876734882593,0.05127539113163948,0.4768672585487366,0.014437972567975521,0.06183366850018501,0.3905228078365326
32139,0,1,explicit_mmr,implicit_mmr,train,0.41526779532432556,0.5096815824508667,0.032086942344903946,0.00016707829490769655,0.006214826367795467,0.03658176213502884
32141,3,3,no_method_signal,no_method_signal,train,3.3769178116926923e-05,0.00033475086092948914,0.022381071001291275,0.9281572103500366,0.0017082073027268052,0.04738490283489227
32142,3,3,no_method_signal,no_method_signal,train,2.2919120965525508e-05,0.00017347850371152163,0.010420650243759155,0.97275710105896,0.0013505425304174423,0.015275299549102783
32143,3,3,no_method_signal,no_method_signal,train,7.446879317285493e-05,0.0008622009190730751,0.029600435867905617,0.863008439540863,0.006140648387372494,0.10031379014253616
32144,3,3,no_method_signal,no_method_signal,train,4.396083750179969e-05,0.00045055171358399093,0.05249856784939766,0.8929829001426697,0.020786529406905174,0.03323747217655182
32146,0,1,explicit_mmr,implicit_mmr,train,0.404314786195755,0.5471259355545044,0.0020432076416909695,2.8317786927800626e-05,0.045554667711257935,0.0009331476758234203
32148,1,1,implicit_mmr,implicit_mmr,train,0.10897570103406906,0.5809431672096252,0.018429171293973923,9.390564082423225e-05,0.2835633158683777,0.007994651794433594
32149,3,3,no_method_signal,no_method_signal,train,3.160655978717841e-05,0.00024293255410157144,0.018888045102357864,0.9609659314155579,0.0010226336307823658,0.018848786130547523
32150,5,3,quant_only,no_method_signal,train,2.7039162887376733e-05,0.0001768440706655383,0.012761658057570457,0.9690894484519958,0.0008174758404493332,0.01712750643491745
32152,3,3,no_method_signal,no_method_signal,train,3.1937521271174774e-05,0.00019032890850212425,0.024324389174580574,0.9587377309799194,0.008440730161964893,0.008274992927908897
32156,0,1,explicit_mmr,implicit_mmr,train,0.41617855429649353,0.5077930688858032,0.03264378383755684,0.00016648462042212486,0.006284990813583136,0.03693313151597977
32157,4,4,qual_only,qual_only,train,0.002552382182329893,0.008643372915685177,0.16779962182044983,0.0027165927458554506,0.8034343123435974,0.01485360600054264
32159,5,5,quant_only,quant_only,train,0.0002639356243889779,0.004294136073440313,0.09638219326734543,0.4174481928348541,0.004319801460951567,0.47729170322418213
32160,4,3,qual_only,no_method_signal,train,0.00026645351317711174,0.005954548250883818,0.2810920476913452,0.3374163806438446,0.04389730840921402,0.3313732445240021
32161,3,3,no_method_signal,no_method_signal,train,6.978814781177789e-05,0.0007572188624180853,0.029988868162035942,0.8952289819717407,0.0015032901428639889,0.07245180010795593
32162,3,3,no_method_signal,no_method_signal,train,2.5418148652534e-05,0.00015807936142664403,0.012364795431494713,0.9711007475852966,0.000963559141382575,0.015387473627924919
32163,5,3,quant_only,no_method_signal,train,0.00011641302262432873,0.0019621881656348705,0.07371629029512405,0.6843451857566833,0.00539957033470273,0.23446038365364075
32164,5,5,quant_only,quant_only,train,0.00660829059779644,0.04784313216805458,0.194231316447258,0.028003379702568054,0.002833171747624874,0.7204806804656982
32165,0,1,explicit_mmr,implicit_mmr,train,0.10791579633951187,0.36312541365623474,0.20749126374721527,0.002296957653015852,0.009700334630906582,0.3094702959060669
32166,5,5,quant_only,quant_only,train,0.006460710894316435,0.06710422039031982,0.1895006000995636,0.008245207369327545,0.0027531622909009457,0.7259361147880554
32167,0,1,explicit_mmr,implicit_mmr,train,0.06987299770116806,0.3435232937335968,0.28819823265075684,0.0014918476808816195,0.055902279913425446,0.24101126194000244
32169,4,4,qual_only,qual_only,train,0.0005826700944453478,0.001968810334801674,0.2348291575908661,0.04000145196914673,0.7015579342842102,0.021060043945908546
32170,3,3,no_method_signal,no_method_signal,train,2.9475235351128504e-05,0.00015802231791894883,0.025239087641239166,0.9612568616867065,0.004752958193421364,0.008563581854104996
32171,5,5,quant_only,quant_only,train,0.004686574451625347,0.04416612163186073,0.19087712466716766,0.030256297439336777,0.0043977112509310246,0.7256162166595459
32172,5,5,quant_only,quant_only,train,0.0022815854754298925,0.025904076173901558,0.19636370241641998,0.03478075563907623,0.002410462126135826,0.7382594347000122
32173,5,5,quant_only,quant_only,train,0.0616949237883091,0.2248915582895279,0.16749179363250732,0.004007481038570404,0.0038941719103604555,0.5380200743675232
32174,0,1,explicit_mmr,implicit_mmr,train,0.18942424654960632,0.6317396759986877,0.06460724025964737,0.0006880523869767785,0.0037441938184201717,0.10979649424552917
32175,1,1,implicit_mmr,implicit_mmr,train,0.18342599272727966,0.751170814037323,0.0020338245667517185,8.693778363522142e-05,0.06200174242258072,0.0012806733138859272
32176,1,1,implicit_mmr,implicit_mmr,train,0.27132779359817505,0.5966621041297913,0.056583382189273834,0.00027642850182019174,0.006885336246341467,0.06826488673686981
32177,2,4,multi_method_not_mmr,qual_only,train,0.001092302962206304,0.012820208445191383,0.24151411652565002,0.008263079449534416,0.6362922191619873,0.10001809149980545
32178,2,4,multi_method_not_mmr,qual_only,train,0.0005709560355171561,0.007543350104242563,0.2697819769382477,0.01802840828895569,0.6067478656768799,0.09732753038406372
32179,5,5,quant_only,quant_only,train,0.003565559396520257,0.020715413615107536,0.13156259059906006,0.03080851212143898,0.0015163833741098642,0.811831533908844
32180,3,3,no_method_signal,no_method_signal,train,4.272255682735704e-05,0.00031350168865174055,0.03501875698566437,0.9307752251625061,0.01944311521947384,0.014406692236661911
32181,2,4,multi_method_not_mmr,qual_only,train,0.0008127774344757199,0.010356489568948746,0.2779558300971985,0.012177961878478527,0.5941874980926514,0.10450951009988785
32182,5,5,quant_only,quant_only,train,0.0005080485134385526,0.0070228539407253265,0.15430980920791626,0.1860974133014679,0.0030137186404317617,0.6490480899810791
32183,4,4,qual_only,qual_only,train,0.041712433099746704,0.17017129063606262,0.006192559842020273,0.00021637481404468417,0.7799254059791565,0.0017819032073020935
32185,4,4,qual_only,qual_only,train,0.004318961873650551,0.01234489120543003,0.022538913413882256,0.0007403180352412164,0.9579437375068665,0.0021131837274879217
32187,0,1,explicit_mmr,implicit_mmr,train,0.380045086145401,0.6005037426948547,0.0011239013401791453,4.835547224502079e-05,0.017750579863786697,0.000528374221175909
32188,3,3,no_method_signal,no_method_signal,train,2.717230745474808e-05,0.0001973067264771089,0.019864939153194427,0.9645905494689941,0.0030803726986050606,0.012239515781402588
32191,2,5,multi_method_not_mmr,quant_only,train,0.010804479941725731,0.04768533632159233,0.24082472920417786,0.021421801298856735,0.002767300233244896,0.6764963865280151
32192,5,5,quant_only,quant_only,train,0.0004810056125279516,0.004054459743201733,0.08627887815237045,0.41791969537734985,0.0015938063152134418,0.48967215418815613
32194,3,3,no_method_signal,no_method_signal,train,2.6043238904094324e-05,0.00012371127377264202,0.01222178339958191,0.9783840179443359,0.0008536932873539627,0.008390690200030804
32195,2,2,multi_method_not_mmr,multi_method_not_mmr,train,0.0004613134078681469,0.008281834423542023,0.4758055508136749,0.12330092489719391,0.11056043952703476,0.2815898656845093
32196,3,3,no_method_signal,no_method_signal,train,2.4309734726557508e-05,0.00020019988005515188,0.015849491581320763,0.968376874923706,0.0015302706742659211,0.014018816873431206
32198,3,3,no_method_signal,no_method_signal,train,8.2611724792514e-05,0.001027366379275918,0.044458143413066864,0.8409662246704102,0.0015872558578848839,0.11187837272882462
32199,0,0,explicit_mmr,explicit_mmr,train,0.6005570292472839,0.3794177770614624,0.008247829042375088,5.142330701346509e-05,0.005604906007647514,0.006121050100773573
32200,0,0,explicit_mmr,explicit_mmr,train,0.5570550560951233,0.4283110797405243,0.004485692363232374,3.7067326047690585e-05,0.006734426133334637,0.0033766592387109995
32201,0,0,explicit_mmr,explicit_mmr,train,0.4512202739715576,0.41709476709365845,0.055157165974378586,0.00016288674669340253,0.005015774630010128,0.07134917378425598
32203,2,4,multi_method_not_mmr,qual_only,train,0.000746244506444782,0.0031503501813858747,0.13304224610328674,0.009466616436839104,0.8372712135314941,0.01632334478199482
32204,5,5,quant_only,quant_only,train,0.014459052123129368,0.03498446196317673,0.17014490067958832,0.014414722099900246,0.0009672461310401559,0.7650296092033386
32205,3,3,no_method_signal,no_method_signal,train,9.094357665162534e-05,0.0007107657729648054,0.08212380856275558,0.7952585816383362,0.09293199330568314,0.028883948922157288
32206,4,4,qual_only,qual_only,train,0.04040485620498657,0.08195153623819351,0.00963497906923294,0.0001487572881160304,0.8665186166763306,0.0013413180131465197
32207,3,3,no_method_signal,no_method_signal,train,3.165761154377833e-05,0.00013506505638360977,0.013459060341119766,0.9752514958381653,0.0006100049358792603,0.010512775741517544
32208,1,1,implicit_mmr,implicit_mmr,train,0.2718794643878937,0.6956684589385986,0.0023749307729303837,2.2604395780945197e-05,0.028653716668486595,0.0014008055441081524
32209,2,5,multi_method_not_mmr,quant_only,train,0.00087149249156937,0.015853842720389366,0.21258383989334106,0.12318508327007294,0.006690432783216238,0.6408153176307678
32211,1,1,implicit_mmr,implicit_mmr,train,0.25179845094680786,0.7201185822486877,0.0015267679700627923,3.9202375774038956e-05,0.025631893426179886,0.0008850368321873248
32212,1,1,implicit_mmr,implicit_mmr,train,0.4172346293926239,0.5580949783325195,0.0016600992530584335,2.343397864024155e-05,0.02184886299073696,0.0011379019124433398
32213,4,4,qual_only,qual_only,train,0.016796084120869637,0.10795477032661438,0.034385569393634796,0.00031386155751533806,0.833840012550354,0.006709722336381674
32214,1,1,implicit_mmr,implicit_mmr,train,0.3579915165901184,0.6152162551879883,0.003990412224084139,2.2638929294771515e-05,0.02017979696393013,0.0025993436574935913
32215,0,1,explicit_mmr,implicit_mmr,train,0.1730199158191681,0.7308873534202576,0.014239899814128876,4.0858270949684083e-05,0.07247795164585114,0.009334031492471695
32216,4,4,qual_only,qual_only,train,0.015116811729967594,0.10339011251926422,0.05655419081449509,0.0003932961553800851,0.8114759922027588,0.013069570064544678
32217,4,4,qual_only,qual_only,train,0.0226078312844038,0.12883260846138,0.05194401368498802,0.0003485465713310987,0.7828000783920288,0.013466834090650082
32219,2,3,multi_method_not_mmr,no_method_signal,train,2.5938128601410426e-05,0.00018906228069681674,0.019091710448265076,0.9646196365356445,0.004672540817409754,0.011401099152863026
32220,3,3,no_method_signal,no_method_signal,train,3.98440970457159e-05,0.00042647510417737067,0.02702116221189499,0.9366798996925354,0.004837684333324432,0.030994977802038193
32221,0,4,explicit_mmr,qual_only,train,0.0742647722363472,0.2904590368270874,0.0215618833899498,0.0001379357127007097,0.6075000762939453,0.0060763880610466
32222,3,3,no_method_signal,no_method_signal,train,4.913443262921646e-05,0.00018582477059680969,0.014924351125955582,0.9757172465324402,0.0006615712773054838,0.008461900055408478
32223,1,1,implicit_mmr,implicit_mmr,train,0.22419121861457825,0.7595402002334595,0.002581407083198428,5.508550748345442e-05,0.012123552151024342,0.001508604735136032
32224,1,1,implicit_mmr,implicit_mmr,train,0.18446074426174164,0.796606183052063,0.0028842813335359097,6.430682697100565e-05,0.014281448908150196,0.0017029516166076064
32225,2,5,multi_method_not_mmr,quant_only,train,0.0011364262318238616,0.02477007918059826,0.38712725043296814,0.04669557511806488,0.03322533890604973,0.5070452690124512
32229,1,1,implicit_mmr,implicit_mmr,train,0.25745248794555664,0.6751617193222046,0.021142391487956047,5.1856663048965856e-05,0.033208172768354416,0.012983396649360657
32232,2,3,multi_method_not_mmr,no_method_signal,train,0.00031559402123093605,0.0037113185971975327,0.11280766874551773,0.5427007675170898,0.004083994776010513,0.33638066053390503
32233,3,3,no_method_signal,no_method_signal,train,4.042646469315514e-05,0.00025423531769774854,0.017354488372802734,0.9717748165130615,0.0015971923712641,0.00897892750799656
32234,3,3,no_method_signal,no_method_signal,train,3.612043656175956e-05,0.0001289733627345413,0.012957624159753323,0.9781376123428345,0.0005571952206082642,0.00818239338696003
32235,3,3,no_method_signal,no_method_signal,train,2.46853414864745e-05,0.00014913923223502934,0.014349469915032387,0.9738962650299072,0.0013527264818549156,0.010227628983557224
32237,5,5,quant_only,quant_only,train,0.010343892499804497,0.04510293900966644,0.17520225048065186,0.014956559985876083,0.001710776356048882,0.7526835799217224
32238,3,3,no_method_signal,no_method_signal,train,2.19702906179009e-05,0.00013358311844058335,0.009481455199420452,0.9803339838981628,0.0010937380138784647,0.008935236372053623
32240,2,4,multi_method_not_mmr,qual_only,train,0.0004531359300017357,0.0031659838277846575,0.3111681044101715,0.04008341208100319,0.6124428510665894,0.032686520367860794
32242,1,1,implicit_mmr,implicit_mmr,train,0.11145207285881042,0.8533605337142944,0.005836926866322756,8.8455606601201e-05,0.02456577494740486,0.0046961624175310135
32243,1,1,implicit_mmr,implicit_mmr,train,0.4030640125274658,0.5680307149887085,0.012217920273542404,0.00010164982086280361,0.005075247958302498,0.011510487645864487
32246,3,3,no_method_signal,no_method_signal,train,2.749813393165823e-05,0.0001903887459775433,0.019486773759126663,0.9652354121208191,0.0064689284190535545,0.008591017685830593
32247,2,3,multi_method_not_mmr,no_method_signal,train,0.0001606722507858649,0.003772544674575329,0.3017200529575348,0.4999468922615051,0.07743368297815323,0.11696609109640121
32248,3,3,no_method_signal,no_method_signal,train,3.002841185661964e-05,0.0002158621500711888,0.022929241880774498,0.9602918028831482,0.007264780346304178,0.009268307127058506
32249,2,5,multi_method_not_mmr,quant_only,train,0.0030764038674533367,0.02917180396616459,0.16010074317455292,0.04676802456378937,0.0038473624736070633,0.7570356726646423
32251,5,5,quant_only,quant_only,train,0.001389240031130612,0.021174998953938484,0.1702461540699005,0.06665147095918655,0.007550456095486879,0.7329877018928528
32252,3,3,no_method_signal,no_method_signal,train,2.5309951524832286e-05,0.00012300613161642104,0.012966291047632694,0.9791896343231201,0.0011530786287039518,0.006542698014527559
32253,5,5,quant_only,quant_only,train,0.0006390057387761772,0.012321490794420242,0.18227021396160126,0.23576423525810242,0.014840202406048775,0.5541648864746094
32254,3,3,no_method_signal,no_method_signal,train,2.6815367164090276e-05,0.00024841621052473783,0.019023805856704712,0.9604198932647705,0.005850606132298708,0.014430470764636993
32255,4,4,qual_only,qual_only,train,0.0004168417362961918,0.003061281517148018,0.15908926725387573,0.04646290838718414,0.7507035136222839,0.0402662418782711
32256,1,1,implicit_mmr,implicit_mmr,train,0.09900635480880737,0.6327486038208008,0.08989013731479645,0.0003165381494909525,0.03066146746277809,0.14737685024738312
32257,2,5,multi_method_not_mmr,quant_only,train,0.025141503661870956,0.15626753866672516,0.32972005009651184,0.004860713146626949,0.01502053439617157,0.46898967027664185
32258,5,5,quant_only,quant_only,train,0.0031476400326937437,0.04526973143219948,0.3701359033584595,0.013798082247376442,0.03306910768151283,0.5345795750617981
32259,4,4,qual_only,qual_only,train,0.001522487262263894,0.010965614579617977,0.3221317231655121,0.005917712114751339,0.5995239019393921,0.05993855372071266
32260,0,5,explicit_mmr,quant_only,train,0.05524163320660591,0.20176279544830322,0.3100537955760956,0.003792957868427038,0.012500031851232052,0.4166486859321594
32263,2,3,multi_method_not_mmr,no_method_signal,train,0.00010025708616012707,0.0002969244960695505,0.07285282015800476,0.9007667303085327,0.018523789942264557,0.0074595496989786625
32264,0,1,explicit_mmr,implicit_mmr,train,0.22841794788837433,0.6914988160133362,0.03165256232023239,0.00011308356624795124,0.007041085511445999,0.0412764735519886
32265,0,1,explicit_mmr,implicit_mmr,train,0.2529270350933075,0.6284278631210327,0.04807724803686142,0.00016269534535240382,0.006703827530145645,0.06370128691196442
32266,3,3,no_method_signal,no_method_signal,train,3.0416542358580045e-05,0.00016953291196841747,0.01738235354423523,0.9699787497520447,0.0009624288068152964,0.011476533487439156
32267,1,4,implicit_mmr,qual_only,train,0.032485246658325195,0.11076150089502335,0.013324428349733353,0.00017987006867770106,0.8407748341560364,0.002474182052537799
32269,2,5,multi_method_not_mmr,quant_only,train,0.008039893582463264,0.04374265298247337,0.18957409262657166,0.015141252428293228,0.0023967314045876265,0.7411053776741028
32271,3,3,no_method_signal,no_method_signal,train,3.218777783331461e-05,0.00012351424084044993,0.014956352300941944,0.9776867628097534,0.000884426583070308,0.006316839717328548
32272,1,1,implicit_mmr,implicit_mmr,train,0.14177149534225464,0.6387651562690735,0.0024942925665527582,0.0002496540255378932,0.21529805660247803,0.0014213154790923
32273,4,4,qual_only,qual_only,train,0.0017687102081254125,0.009321562945842743,0.18457762897014618,0.004016931168735027,0.7750861048698425,0.02522905543446541
32274,4,4,qual_only,qual_only,train,0.009152846410870552,0.0394565612077713,0.06305862963199615,0.0006835446693003178,0.8765290379524231,0.011119377799332142
32275,2,4,multi_method_not_mmr,qual_only,train,0.000926669395994395,0.016609957441687584,0.30646663904190063,0.01779639534652233,0.5121736526489258,0.14602670073509216
32278,4,4,qual_only,qual_only,train,0.002056075492873788,0.030340855941176414,0.2857792377471924,0.009476365521550179,0.46336233615875244,0.20898516476154327
32282,1,1,implicit_mmr,implicit_mmr,train,0.3864489793777466,0.5780988335609436,0.008258217014372349,3.2620650017634034e-05,0.02156110852956772,0.00560030248016119
32284,3,3,no_method_signal,no_method_signal,train,2.660537211340852e-05,0.00017165087047033012,0.01819518208503723,0.9684605598449707,0.002347331726923585,0.010798667557537556
32285,0,0,explicit_mmr,explicit_mmr,train,0.6270663142204285,0.3437242805957794,0.0016738191479817033,2.914360629802104e-05,0.026523597538471222,0.000982788042165339
32286,0,1,explicit_mmr,implicit_mmr,train,0.29690226912498474,0.4169544279575348,0.10099964588880539,0.0005956001114100218,0.004868493415415287,0.17967946827411652
32287,1,5,implicit_mmr,quant_only,train,0.010303381830453873,0.0939997062087059,0.3164379596710205,0.011707043275237083,0.017023401334881783,0.5505284667015076
32288,5,5,quant_only,quant_only,train,0.001596470596268773,0.009901260957121849,0.1004166454076767,0.09332423657178879,0.0015276503982022405,0.7932336926460266
32289,2,5,multi_method_not_mmr,quant_only,train,0.001208041445352137,0.011145510710775852,0.16762450337409973,0.11878670006990433,0.00303091062232852,0.6982043385505676
32296,0,0,explicit_mmr,explicit_mmr,train,0.5183076858520508,0.3976425230503082,0.0009368835017085075,7.369158993242308e-05,0.08250372111797333,0.0005353759042918682
32298,4,4,qual_only,qual_only,train,0.019608208909630775,0.05171966180205345,0.018044795840978622,0.00020337763999123126,0.9079864621162415,0.002437506802380085
32301,3,3,no_method_signal,no_method_signal,train,3.560543336789124e-05,0.0004023452347610146,0.021806469187140465,0.9412559866905212,0.010054511949419975,0.0264451764523983
32303,3,3,no_method_signal,no_method_signal,train,2.9753477065241896e-05,0.00025895016733556986,0.018284711986780167,0.9588909149169922,0.0022624246776103973,0.020273268222808838
32305,2,5,multi_method_not_mmr,quant_only,train,0.0025965941604226828,0.02180427312850952,0.20507106184959412,0.05749204382300377,0.0030918666161596775,0.7099441885948181
32307,5,5,quant_only,quant_only,train,0.0036523984745144844,0.010461432859301567,0.20475494861602783,0.04406755417585373,0.0011369111016392708,0.7359267473220825
32308,5,5,quant_only,quant_only,train,0.00159798888489604,0.006017266307026148,0.21020232141017914,0.08852189034223557,0.0013221293920651078,0.6923384666442871
32310,5,5,quant_only,quant_only,train,0.00038170686457306147,0.0023997516836971045,0.19642788171768188,0.30073779821395874,0.0022011427208781242,0.49785175919532776
32311,0,1,explicit_mmr,implicit_mmr,train,0.3913397490978241,0.5800307989120483,0.0021041356958448887,2.2877684386912733e-05,0.025211088359355927,0.001291368156671524
32312,0,0,explicit_mmr,explicit_mmr,train,0.5544355511665344,0.43084630370140076,0.004439082928001881,3.6352237657411024e-05,0.0069426558911800385,0.0033001492265611887
32314,0,1,explicit_mmr,implicit_mmr,train,0.32166481018066406,0.4021473824977875,0.10756409913301468,0.0008538739057257771,0.0032536028884351254,0.16451619565486908
32315,5,3,quant_only,no_method_signal,train,4.7691872168798e-05,0.00022181309759616852,0.037926170974969864,0.9449380040168762,0.008870476856827736,0.007995826192200184
32316,3,3,no_method_signal,no_method_signal,train,2.7242980650044046e-05,0.00015089339285623282,0.01923835091292858,0.969894289970398,0.0040432303212583065,0.006646015681326389
32317,3,3,no_method_signal,no_method_signal,train,2.702189340197947e-05,0.00012433627853170037,0.017212968319654465,0.9751173853874207,0.0021766109857708216,0.005341668147593737
32318,3,3,no_method_signal,no_method_signal,train,2.6701898605097085e-05,0.00012173580034868792,0.0170748233795166,0.9753690361976624,0.0021527009084820747,0.005254913121461868
32322,1,1,implicit_mmr,implicit_mmr,train,0.1981222927570343,0.7126749157905579,0.014719131402671337,3.781314808293246e-05,0.0648164302110672,0.009629395790398121
32325,1,1,implicit_mmr,implicit_mmr,train,0.24801991879940033,0.6559818387031555,0.0013573720352724195,0.00014517577074002475,0.09387322515249252,0.0006224606768228114
32326,5,5,quant_only,quant_only,train,0.0012136679142713547,0.019693616777658463,0.14976783096790314,0.08153343200683594,0.006021910812705755,0.741769552230835
32328,3,3,no_method_signal,no_method_signal,train,8.448135486105457e-05,0.0004722124431282282,0.08118701726198196,0.8291658759117126,0.07467401772737503,0.014416404999792576
32329,5,5,quant_only,quant_only,train,0.0034124262165278196,0.017500238493084908,0.13256947696208954,0.03475203365087509,0.0016318190610036254,0.8101339936256409
32330,1,1,implicit_mmr,implicit_mmr,train,0.19180847704410553,0.6810508966445923,0.008948155678808689,3.580223346943967e-05,0.1133040115237236,0.00485266512259841
32332,5,5,quant_only,quant_only,train,0.0029423129744827747,0.015239769592881203,0.12815254926681519,0.04061654582619667,0.0016303431475535035,0.8114184737205505
32333,3,3,no_method_signal,no_method_signal,train,2.4051611035247333e-05,0.00014808549894951284,0.016844991594552994,0.970977783203125,0.0030779794324189425,0.00892703328281641
32335,2,5,multi_method_not_mmr,quant_only,train,0.00691363587975502,0.033892422914505005,0.18464899063110352,0.019223561510443687,0.002190787112340331,0.7531306147575378
32336,5,5,quant_only,quant_only,train,0.0008417168282903731,0.009964183904230595,0.09581974893808365,0.29083654284477234,0.0027736686170101166,0.5997641682624817
32338,3,3,no_method_signal,no_method_signal,train,2.3428670829162e-05,0.0001389735407428816,0.013369620777666569,0.9755563139915466,0.001319671981036663,0.009591885842382908
32339,5,3,quant_only,no_method_signal,train,0.00014101168198976666,0.0022498120088130236,0.23131407797336578,0.5581896305084229,0.028725549578666687,0.17938001453876495
32340,0,1,explicit_mmr,implicit_mmr,train,0.16630440950393677,0.6841554641723633,0.023275218904018402,5.957523171673529e-05,0.11120111495256424,0.015004169195890427
32342,0,0,explicit_mmr,explicit_mmr,train,0.536978006362915,0.3928509056568146,0.035186026245355606,6.570143159478903e-05,0.01154788676649332,0.02337150275707245
32343,5,5,quant_only,quant_only,train,0.0029625236056745052,0.04151446744799614,0.377482146024704,0.021674707531929016,0.023431165143847466,0.5329349637031555
32344,5,5,quant_only,quant_only,train,0.001306863152422011,0.011425289325416088,0.11300470679998398,0.1386190950870514,0.0024829155299812555,0.7331610918045044
32345,3,3,no_method_signal,no_method_signal,train,2.6151163183385506e-05,0.00020748453971464187,0.01350658293813467,0.9601343274116516,0.0011344607919454575,0.024990959092974663
32346,5,3,quant_only,no_method_signal,train,2.754432898655068e-05,0.00025340408319607377,0.01825125515460968,0.9565263390541077,0.0023928966838866472,0.022548584267497063
32347,5,5,quant_only,quant_only,train,0.001973638078197837,0.011523453518748283,0.11487226188182831,0.06520690768957138,0.001222850987687707,0.8052009344100952
32348,5,5,quant_only,quant_only,train,0.0004364268679637462,0.004931858275085688,0.0947568416595459,0.28683847188949585,0.002486138604581356,0.6105501651763916
32349,5,5,quant_only,quant_only,train,0.0013523668749257922,0.011751769110560417,0.14170463383197784,0.12324685603380203,0.0023697244469076395,0.7195746302604675
32350,4,4,qual_only,qual_only,train,0.029936442151665688,0.07422435283660889,0.013458785600960255,0.0002335633325856179,0.8803697228431702,0.0017771893180906773
32351,5,2,quant_only,multi_method_not_mmr,train,0.0003612858708947897,0.005880416836589575,0.4531542658805847,0.15040186047554016,0.15696360170841217,0.23323854804039001
32352,5,5,quant_only,quant_only,train,0.003118127351626754,0.0357559397816658,0.22883446514606476,0.07173217833042145,0.007789963856339455,0.6527693271636963
32353,0,0,explicit_mmr,explicit_mmr,train,0.5876218676567078,0.39848288893699646,0.001481194980442524,3.360288610565476e-05,0.01126146037131548,0.0011190813966095448
32360,2,5,multi_method_not_mmr,quant_only,train,0.008612067438662052,0.07729627937078476,0.3568468987941742,0.011847521178424358,0.007898281328380108,0.537498950958252
32425,5,5,quant_only,quant_only,train,0.0003659617796074599,0.002369161695241928,0.1164587065577507,0.3183632791042328,0.011524299159646034,0.5509185791015625
32448,2,5,multi_method_not_mmr,quant_only,train,0.00017562056018505245,0.0019857466686517,0.12575234472751617,0.4096721112728119,0.003597070463001728,0.4588170349597931
32485,2,4,multi_method_not_mmr,qual_only,train,0.04156757518649101,0.2182793766260147,0.2732803523540497,0.0006849161582067609,0.40245184302330017,0.06373589485883713
32521,2,5,multi_method_not_mmr,quant_only,train,0.0020661847665905952,0.01922616735100746,0.17793062329292297,0.03992166370153427,0.004153865855187178,0.7567014694213867
32536,3,3,no_method_signal,no_method_signal,train,5.432507168734446e-05,0.00047689623897895217,0.05603697523474693,0.8846763372421265,0.03643536567687988,0.022320153191685677
32545,3,3,no_method_signal,no_method_signal,train,3.331082552904263e-05,0.00021684628154616803,0.044860489666461945,0.9191505312919617,0.004982365760952234,0.030756518244743347
32554,3,3,no_method_signal,no_method_signal,train,0.00017597699479665607,0.0013291975483298302,0.13436700403690338,0.4612810015678406,0.009411267004907131,0.39343559741973877
32573,5,5,quant_only,quant_only,train,0.0003184636007063091,0.0017800977220758796,0.23224033415317535,0.14170809090137482,0.0028339033015072346,0.6211190819740295
32610,5,5,quant_only,quant_only,train,0.0003369709593243897,0.0017532738856971264,0.3441449701786041,0.08595859259366989,0.007174152880907059,0.560632050037384
32644,2,3,multi_method_not_mmr,no_method_signal,train,8.636069833301008e-05,0.0011361148208379745,0.1077747717499733,0.7760660648345947,0.055395644158124924,0.05954107642173767
32706,5,5,quant_only,quant_only,train,0.001295211841352284,0.005314737558364868,0.18791167438030243,0.10019194334745407,0.004507248289883137,0.700779139995575
32756,3,3,no_method_signal,no_method_signal,train,2.5147139240289107e-05,0.00018448139599058777,0.01719331182539463,0.9682322144508362,0.001892257365398109,0.012472670525312424
32784,3,3,no_method_signal,no_method_signal,train,8.212307875510305e-05,0.0005932602798566222,0.06393979489803314,0.825826108455658,0.0013015089789405465,0.10825718939304352
12115,0,1,explicit_mmr,implicit_mmr,validation,0.18724481761455536,0.7935799360275269,0.002790659898892045,9.172911813948303e-05,0.014331260696053505,0.0019615364726632833
12136,4,4,qual_only,qual_only,validation,0.0006519390735775232,0.0065320623107254505,0.24665166437625885,0.049710847437381744,0.49594053626060486,0.20051297545433044
12167,0,1,explicit_mmr,implicit_mmr,validation,0.1814488172531128,0.7287622690200806,0.002594923134893179,0.0001572321489220485,0.08532840013504028,0.001708357478491962
12444,3,3,no_method_signal,no_method_signal,validation,4.630946204997599e-05,0.00021416894742287695,0.02170848660171032,0.9623799324035645,0.0006239588255994022,0.01502710860222578
12448,3,3,no_method_signal,no_method_signal,validation,0.00017574346566107124,0.0010198570089414716,0.17817603051662445,0.5176681280136108,0.0015286500565707684,0.30143165588378906
12453,3,3,no_method_signal,no_method_signal,validation,8.201945456676185e-05,0.0004724619793705642,0.09166596829891205,0.7974116802215576,0.0012112162075936794,0.10915669053792953
12608,2,2,multi_method_not_mmr,multi_method_not_mmr,validation,0.22778120636940002,0.16094473004341125,0.3561747074127197,0.0006442549638450146,0.03231296315789223,0.22214210033416748
12626,4,2,qual_only,multi_method_not_mmr,validation,0.0003647619450930506,0.0031201483216136694,0.4095151424407959,0.23669053614139557,0.04170263931155205,0.30860674381256104
12629,4,3,qual_only,no_method_signal,validation,0.0002792085288092494,0.002414307789877057,0.35517391562461853,0.3566419780254364,0.036958348006010056,0.2485322505235672
13133,1,0,implicit_mmr,explicit_mmr,validation,0.5591114163398743,0.41654086112976074,0.005617168266326189,3.826278407359496e-05,0.014881201088428497,0.0038110269233584404
13146,3,3,no_method_signal,no_method_signal,validation,2.5804267352214083e-05,0.00017928289889823645,0.014608731493353844,0.9721338152885437,0.001038128393702209,0.012014247477054596
13176,5,5,quant_only,quant_only,validation,0.0005675122956745327,0.012605156749486923,0.26212459802627563,0.1454235017299652,0.0399792343378067,0.5392999649047852
13237,4,5,qual_only,quant_only,validation,0.00023259605222847313,0.004773715045303106,0.14224128425121307,0.2606954276561737,0.007364392746239901,0.584692656993866
13355,3,3,no_method_signal,no_method_signal,validation,5.529244299395941e-05,0.0004031028365716338,0.07758082449436188,0.8340466618537903,0.003010600572451949,0.08490346372127533
13386,0,0,explicit_mmr,explicit_mmr,validation,0.5761284232139587,0.40889376401901245,0.004909018985927105,6.138507160358131e-05,0.005566680803894997,0.004440607037395239
13402,0,1,explicit_mmr,implicit_mmr,validation,0.47187066078186035,0.49089401960372925,0.016076799482107162,8.359710045624524e-05,0.006879777181893587,0.014195218682289124
13498,0,1,explicit_mmr,implicit_mmr,validation,0.2806119918823242,0.6935933232307434,0.001246772357262671,8.151143993018195e-05,0.02381822094321251,0.0006481665186583996
13714,1,1,implicit_mmr,implicit_mmr,validation,0.3055390417575836,0.41329339146614075,0.10054139047861099,0.0013165631098672748,0.0028236082289367914,0.17648598551750183
13982,2,3,multi_method_not_mmr,no_method_signal,validation,3.306012513348833e-05,0.00025672896299511194,0.0306718610227108,0.9455084800720215,0.009980466216802597,0.013549395836889744
14013,2,3,multi_method_not_mmr,no_method_signal,validation,3.493516851449385e-05,0.00027061576838605106,0.034854769706726074,0.9399048089981079,0.010998602956533432,0.013936318457126617
14033,2,3,multi_method_not_mmr,no_method_signal,validation,5.530533235287294e-05,0.0005009001470170915,0.055521465837955475,0.8889296650886536,0.02683025784790516,0.028162403032183647
14034,3,3,no_method_signal,no_method_signal,validation,0.00023571921337861568,0.004773257300257683,0.14752890169620514,0.4647792875766754,0.020524373278021812,0.36215850710868835
14059,1,1,implicit_mmr,implicit_mmr,validation,0.19472388923168182,0.45783156156539917,0.004348642658442259,5.747753311879933e-05,0.3412412405014038,0.0017970915650948882
14122,3,3,no_method_signal,no_method_signal,validation,0.0001503188395872712,0.00252809701487422,0.10959286242723465,0.6566080451011658,0.0123771196231246,0.2187434732913971
14128,3,5,no_method_signal,quant_only,validation,0.00023110053734853864,0.0028914758004248142,0.20917820930480957,0.3133411109447479,0.029649365693330765,0.44470879435539246
14384,5,5,quant_only,quant_only,validation,0.0004609005991369486,0.001447205082513392,0.24238859117031097,0.3322862982749939,0.0011635558912530541,0.42225342988967896
14480,3,3,no_method_signal,no_method_signal,validation,3.115809158771299e-05,0.00018872682994697243,0.014201567508280277,0.9748859405517578,0.0009744220296852291,0.009718207642436028
14528,3,3,no_method_signal,no_method_signal,validation,2.749956001935061e-05,0.00017552207282278687,0.026875359937548637,0.9470106363296509,0.003287423634901643,0.02262357622385025
14601,1,5,implicit_mmr,quant_only,validation,0.013470287434756756,0.03467807173728943,0.29811447858810425,0.014159397222101688,0.03184714540839195,0.6077305674552917
14651,5,1,quant_only,implicit_mmr,validation,0.35322466492652893,0.553956151008606,0.0017408193089067936,3.487092908471823e-05,0.09021030366420746,0.0008331817807629704
14669,5,1,quant_only,implicit_mmr,validation,0.3618341088294983,0.5986051559448242,0.000939812627620995,5.720532135455869e-05,0.03809819743037224,0.00046540319453924894
14674,5,1,quant_only,implicit_mmr,validation,0.2179657369852066,0.6996830701828003,0.001956801163032651,0.0001542739337310195,0.07909359782934189,0.0011465523857623339
14676,5,1,quant_only,implicit_mmr,validation,0.188666433095932,0.7584831714630127,0.002335186582058668,7.383459887932986e-05,0.048826832324266434,0.0016145280096679926
14677,4,4,qual_only,qual_only,validation,0.0036056393291801214,0.0208942461758852,0.3107239007949829,0.0035606548190116882,0.6059088110923767,0.055306799709796906
14694,1,4,implicit_mmr,qual_only,validation,0.056744445115327835,0.16522720456123352,0.004332960583269596,0.00018176772573497146,0.772532045841217,0.000981601420789957
14827,5,5,quant_only,quant_only,validation,0.013405462726950645,0.08352962136268616,0.1853349357843399,0.019450953230261803,0.005826470907777548,0.6924525499343872
14835,4,1,qual_only,implicit_mmr,validation,0.41861456632614136,0.5440412759780884,0.0017249746015295386,3.754268982447684e-05,0.0342055968940258,0.0013760646106675267
14841,3,3,no_method_signal,no_method_signal,validation,3.998487227363512e-05,0.00041661300929263234,0.016654860228300095,0.9418647289276123,0.0016214760253205895,0.03940238803625107
14848,3,3,no_method_signal,no_method_signal,validation,2.2666627046419308e-05,0.00013019570906180888,0.01170210912823677,0.9774923920631409,0.00099346530623734,0.009659107774496078
14894,3,3,no_method_signal,no_method_signal,validation,6.143646169221029e-05,0.0005438589723780751,0.13507221639156342,0.7439267039299011,0.02884342148900032,0.09155242145061493
14913,2,5,multi_method_not_mmr,quant_only,validation,0.0021437632385641336,0.014770385809242725,0.10952594876289368,0.06609383225440979,0.001471680705435574,0.8059943914413452
14939,3,3,no_method_signal,no_method_signal,validation,4.127737338421866e-05,0.0002339091442991048,0.02514447271823883,0.9404911994934082,0.000646738801151514,0.03344229236245155
14963,0,5,explicit_mmr,quant_only,validation,0.007008535787463188,0.027028841897845268,0.2938002049922943,0.021429354324936867,0.007294218055903912,0.6434388160705566
15027,3,3,no_method_signal,no_method_signal,validation,2.3451804736396298e-05,0.00014669712982140481,0.0168001689016819,0.9713832139968872,0.0020011558663100004,0.009645364247262478
15177,1,1,implicit_mmr,implicit_mmr,validation,0.17638488113880157,0.7671737670898438,0.019782457500696182,4.334105324232951e-05,0.020653877407312393,0.01596173085272312
15343,2,5,multi_method_not_mmr,quant_only,validation,0.039108727127313614,0.19687417149543762,0.2742595672607422,0.001629279344342649,0.148224875330925,0.33990341424942017
15427,5,1,quant_only,implicit_mmr,validation,0.23647284507751465,0.4221680462360382,0.12492796033620834,0.001218019868247211,0.005548444576561451,0.2096647322177887
15431,5,1,quant_only,implicit_mmr,validation,0.2442622035741806,0.4181998372077942,0.1257663518190384,0.0011319746263325214,0.0054892669431865215,0.20515035092830658
15445,2,3,multi_method_not_mmr,no_method_signal,validation,3.44989457516931e-05,0.0002611681411508471,0.033129192888736725,0.9422502517700195,0.011031696572899818,0.013293256983160973
15476,0,1,explicit_mmr,implicit_mmr,validation,0.2653082013130188,0.583725094795227,0.001450127107091248,0.0001501061924500391,0.14864730834960938,0.0007191477343440056
15622,3,3,no_method_signal,no_method_signal,validation,2.857618710550014e-05,0.00016070296987891197,0.02536137029528618,0.9605572819709778,0.0022518085315823555,0.011640381067991257
15623,3,3,no_method_signal,no_method_signal,validation,7.480844942620024e-05,0.000814220926258713,0.07974448800086975,0.7921024560928345,0.020131107419729233,0.10713289678096771
15704,5,5,quant_only,quant_only,validation,0.0016530053690075874,0.026707613840699196,0.36549535393714905,0.01446819119155407,0.16234992444515228,0.4293259382247925
15705,2,2,multi_method_not_mmr,multi_method_not_mmr,validation,0.0011995318345725536,0.019072286784648895,0.41253462433815,0.01777658984065056,0.3577827215194702,0.19163420796394348
15706,3,5,no_method_signal,quant_only,validation,0.0005193413235247135,0.009435872547328472,0.09000013023614883,0.20679473876953125,0.006596815772354603,0.6866531372070312
15715,2,5,multi_method_not_mmr,quant_only,validation,0.00207347865216434,0.03745105490088463,0.196669340133667,0.04006352648139,0.013854658231139183,0.7098879218101501
16034,1,1,implicit_mmr,implicit_mmr,validation,0.24016940593719482,0.7286779284477234,0.012136179953813553,4.8062771384138614e-05,0.0077337827533483505,0.011234749108552933
16038,1,1,implicit_mmr,implicit_mmr,validation,0.23516817390918732,0.7264649868011475,0.014836263842880726,4.764645564137027e-05,0.008310665376484394,0.015172243118286133
16042,1,1,implicit_mmr,implicit_mmr,validation,0.29021647572517395,0.6684341430664062,0.013014428317546844,5.035327922087163e-05,0.01589791290462017,0.012386704795062542
16047,1,1,implicit_mmr,implicit_mmr,validation,0.2737068235874176,0.692575216293335,0.012915513478219509,4.1231189243262634e-05,0.008631929755210876,0.012129383161664009
16049,1,1,implicit_mmr,implicit_mmr,validation,0.25862035155296326,0.7150716781616211,0.009682907722890377,3.8963804399827495e-05,0.007780108135193586,0.008805938996374607
16065,1,1,implicit_mmr,implicit_mmr,validation,0.32607629895210266,0.5824737548828125,0.03520309180021286,8.747334504732862e-05,0.018660422414541245,0.037498995661735535
16162,0,0,explicit_mmr,explicit_mmr,validation,0.5923694372177124,0.33888885378837585,0.030136071145534515,0.00012797069211956114,0.007760997395962477,0.03071676194667816
16204,5,3,quant_only,no_method_signal,validation,0.00015444117889273912,0.0011623246828094125,0.05379093438386917,0.5814340114593506,0.002441060496494174,0.3610173165798187
16221,5,5,quant_only,quant_only,validation,0.04740723595023155,0.16554071009159088,0.16250626742839813,0.005617712624371052,0.0030130071099847555,0.615915060043335
16368,2,1,multi_method_not_mmr,implicit_mmr,validation,0.15743272006511688,0.6170811653137207,0.08181732147932053,0.00031391443917527795,0.02644043229520321,0.11691441386938095
16475,0,5,explicit_mmr,quant_only,validation,0.2548564374446869,0.23356428742408752,0.1584085375070572,0.0027900501154363155,0.002028537215664983,0.3483521044254303
16626,3,2,no_method_signal,multi_method_not_mmr,validation,0.010807573795318604,0.11250871419906616,0.4295426905155182,0.0031737785320729017,0.1796354502439499,0.2643318474292755
16713,2,3,multi_method_not_mmr,no_method_signal,validation,2.9071419703541324e-05,0.0002527439792174846,0.016393445432186127,0.9594864845275879,0.0013704048469662666,0.022467877715826035
16842,3,5,no_method_signal,quant_only,validation,0.003981683868914843,0.01812448725104332,0.19382458925247192,0.07924049347639084,0.002319981809705496,0.7025087475776672
16989,0,1,explicit_mmr,implicit_mmr,validation,0.2998512387275696,0.6825417280197144,0.006300401873886585,6.941958417883143e-05,0.006652348674833775,0.004584877286106348
17175,0,5,explicit_mmr,quant_only,validation,0.009677314199507236,0.022828543558716774,0.25070682168006897,0.020101752132177353,0.0018819525139406323,0.6948035359382629
17177,1,0,implicit_mmr,explicit_mmr,validation,0.5165399312973022,0.46183744072914124,0.0061974795535206795,6.356118683470413e-05,0.008039720356464386,0.007321854121983051
17194,3,5,no_method_signal,quant_only,validation,0.011664952151477337,0.10518099367618561,0.22658246755599976,0.008995586074888706,0.010693286545574665,0.6368827223777771
17195,5,5,quant_only,quant_only,validation,0.003675478510558605,0.019778862595558167,0.1279524862766266,0.05153484642505646,0.001328212907537818,0.7957301735877991
17198,0,5,explicit_mmr,quant_only,validation,0.0027806293219327927,0.013001518324017525,0.13344451785087585,0.031096089631319046,0.002289086813107133,0.8173881769180298
17463,5,1,quant_only,implicit_mmr,validation,0.4285345673561096,0.5331945419311523,0.01721416600048542,6.928237417014316e-05,0.006710011977702379,0.014277433045208454
17720,5,0,quant_only,explicit_mmr,validation,0.556840717792511,0.21737073361873627,0.08971276134252548,0.0009565813234075904,0.06362284719944,0.07149627804756165
17823,2,3,multi_method_not_mmr,no_method_signal,validation,3.570820626919158e-05,0.00023405588581226766,0.026286359876394272,0.9517332315444946,0.0008928992901928723,0.020817726850509644
17828,2,3,multi_method_not_mmr,no_method_signal,validation,3.9050391933415085e-05,0.00019092040020041168,0.033346451818943024,0.9420668482780457,0.0009471543016843498,0.02340959943830967
17911,1,1,implicit_mmr,implicit_mmr,validation,0.2816363573074341,0.42420336604118347,0.13172613084316254,0.00036406994331628084,0.09703653305768967,0.06503356993198395
18003,1,5,implicit_mmr,quant_only,validation,0.0034702506382018328,0.012881936505436897,0.12225530296564102,0.03668896481394768,0.002302120439708233,0.8224014043807983
18053,0,1,explicit_mmr,implicit_mmr,validation,0.42673835158348083,0.5465686321258545,0.0026683479081839323,2.5257302695536055e-05,0.022543076425790787,0.0014563053846359253
18109,5,5,quant_only,quant_only,validation,0.013860533945262432,0.09316395223140717,0.20562423765659332,0.015812166035175323,0.004631374031305313,0.6669077277183533
18268,5,5,quant_only,quant_only,validation,0.03857581689953804,0.0547000952064991,0.1826344132423401,0.009552210569381714,0.0011385169345885515,0.7133989334106445
18280,5,5,quant_only,quant_only,validation,0.031010732054710388,0.0629778578877449,0.1495000422000885,0.010080769658088684,0.0012356482911854982,0.7451949119567871
18328,3,0,no_method_signal,explicit_mmr,validation,0.3363391160964966,0.2119813859462738,0.12373775988817215,0.0017679728334769607,0.2143895924091339,0.11178416758775711
18340,5,5,quant_only,quant_only,validation,0.021397333592176437,0.053128939121961594,0.16458261013031006,0.013052535243332386,0.0012786519946530461,0.7465599179267883
18364,0,0,explicit_mmr,explicit_mmr,validation,0.5381313562393188,0.42609620094299316,0.0029105423018336296,2.7287347620585933e-05,0.0314367413520813,0.0013979144860059023
18367,0,0,explicit_mmr,explicit_mmr,validation,0.5365345478057861,0.4242393970489502,0.002184564247727394,2.7188170861336403e-05,0.03598184138536453,0.001032533822581172
18426,0,1,explicit_mmr,implicit_mmr,validation,0.27350544929504395,0.6672040820121765,0.0315927192568779,0.00026604250888340175,0.0032033368479460478,0.024228369817137718
18433,0,2,explicit_mmr,multi_method_not_mmr,validation,0.06169847398996353,0.07144779711961746,0.48783791065216064,0.0048783509992063046,0.0041724001057446,0.3699651062488556
18448,0,1,explicit_mmr,implicit_mmr,validation,0.4246826469898224,0.5547784566879272,0.009934845380485058,0.0001238895347341895,0.0031452556140720844,0.007334961090236902
18574,2,5,multi_method_not_mmr,quant_only,validation,0.14609560370445251,0.21847105026245117,0.2565597593784332,0.00206094142049551,0.008810637518763542,0.3680019974708557
18607,5,0,quant_only,explicit_mmr,validation,0.43884095549583435,0.2414861023426056,0.16412153840065002,0.0004676126118283719,0.02679508738219738,0.12828877568244934
19013,0,0,explicit_mmr,explicit_mmr,validation,0.5057287216186523,0.21823173761367798,0.12522855401039124,0.000831365236081183,0.02211274765431881,0.12786684930324554
19443,0,5,explicit_mmr,quant_only,validation,0.0010843081399798393,0.001281897653825581,0.19395242631435394,0.12931442260742188,0.002589141484349966,0.6717778444290161
19536,0,1,explicit_mmr,implicit_mmr,validation,0.2622474431991577,0.5765411257743835,0.0014375790487974882,0.00016121544467750937,0.15888381004333496,0.0007286796462722123
19555,1,5,implicit_mmr,quant_only,validation,0.016896702349185944,0.11310359835624695,0.36853286623954773,0.005293764173984528,0.012566751800477505,0.4836064279079437
19581,1,5,implicit_mmr,quant_only,validation,0.017316173762083054,0.15221919119358063,0.36736202239990234,0.005995362997055054,0.013536030426621437,0.4435712397098541
19582,1,5,implicit_mmr,quant_only,validation,0.015945078805088997,0.1303790807723999,0.37034860253334045,0.00814261008054018,0.012003256939351559,0.46318140625953674
19583,1,2,implicit_mmr,multi_method_not_mmr,validation,0.15519696474075317,0.25749120116233826,0.28149735927581787,0.0013994172913953662,0.0600491501390934,0.24436596035957336
19586,1,5,implicit_mmr,quant_only,validation,0.04598608613014221,0.25773999094963074,0.3233187794685364,0.002553623868152499,0.012203420512378216,0.35819804668426514
19589,1,5,implicit_mmr,quant_only,validation,0.025190696120262146,0.19514672458171844,0.35553669929504395,0.004192203748971224,0.014121546410024166,0.40581214427948
19597,1,5,implicit_mmr,quant_only,validation,0.011079223826527596,0.08142883330583572,0.41976264119148254,0.008050941862165928,0.022469764575362206,0.4572085440158844
19622,0,1,explicit_mmr,implicit_mmr,validation,0.18815141916275024,0.7388840317726135,0.0023845292162150145,5.7398330682190135e-05,0.06912566721439362,0.001396870007738471
19631,0,1,explicit_mmr,implicit_mmr,validation,0.3570158779621124,0.5849701762199402,0.0020363705698400736,2.663062150531914e-05,0.05491684377193451,0.001034167013131082
19636,0,1,explicit_mmr,implicit_mmr,validation,0.20362798869609833,0.7290632128715515,0.002256360137835145,4.7946137783583254e-05,0.06366605311632156,0.0013383403420448303
19644,1,2,implicit_mmr,multi_method_not_mmr,validation,0.030826391652226448,0.07419703900814056,0.4379367232322693,0.0037671923637390137,0.02510637789964676,0.4281662106513977
19785,1,0,implicit_mmr,explicit_mmr,validation,0.7148584127426147,0.2590804994106293,0.003351496532559395,4.711538349511102e-05,0.020401591435074806,0.002260888461023569
19873,4,0,qual_only,explicit_mmr,validation,0.7146393656730652,0.23159925639629364,0.025312012061476707,0.00016462233907077461,0.00677767489105463,0.021507060155272484
19892,4,5,qual_only,quant_only,validation,0.0008101040730252862,0.007092426065355539,0.0802045613527298,0.20910844206809998,0.004138992168009281,0.6986455321311951
19927,2,2,multi_method_not_mmr,multi_method_not_mmr,validation,0.0015163880307227373,0.008289875462651253,0.521124005317688,0.069790318608284,0.02107449248433113,0.37820491194725037
19928,2,2,multi_method_not_mmr,multi_method_not_mmr,validation,0.02533118613064289,0.10817168653011322,0.4922281801700592,0.004620030988007784,0.07866457104682922,0.2909843921661377
19929,2,5,multi_method_not_mmr,quant_only,validation,0.0025981010403484106,0.011216594837605953,0.4209940731525421,0.028133895248174667,0.007693339139223099,0.5293639898300171
19933,0,0,explicit_mmr,explicit_mmr,validation,0.4895043671131134,0.4467417299747467,0.03019402176141739,0.0003243085811845958,0.0025843156035989523,0.030651314184069633
19936,2,2,multi_method_not_mmr,multi_method_not_mmr,validation,0.04728686064481735,0.14434075355529785,0.44428113102912903,0.003001180710271001,0.035006023943424225,0.32608407735824585
20000,3,3,no_method_signal,no_method_signal,validation,5.268810855341144e-05,0.0003697959764394909,0.06691597402095795,0.9019708633422852,0.014161642640829086,0.016529064625501633
20057,0,5,explicit_mmr,quant_only,validation,0.0188891664147377,0.010499182157218456,0.3781435787677765,0.027136292308568954,0.0022063874639570713,0.5631253719329834
20094,2,3,multi_method_not_mmr,no_method_signal,validation,9.958255395758897e-05,0.0004057908954564482,0.05658310279250145,0.9114536046981812,0.0006757323862984776,0.030782174319028854
20300,4,5,qual_only,quant_only,validation,0.004771221429109573,0.021601881831884384,0.1821088045835495,0.02777480147778988,0.0013725878670811653,0.7623707056045532
20308,4,5,qual_only,quant_only,validation,0.0047576152719557285,0.021702995523810387,0.1800561249256134,0.02848237380385399,0.0013713769149035215,0.7636295557022095
20323,4,5,qual_only,quant_only,validation,0.005289556458592415,0.0222282987087965,0.18681122362613678,0.026907825842499733,0.0013594748452305794,0.7574036121368408
20407,3,3,no_method_signal,no_method_signal,validation,3.868919156957418e-05,0.0002648966619744897,0.04384773224592209,0.8948328495025635,0.004184205085039139,0.05683167651295662
20417,3,3,no_method_signal,no_method_signal,validation,2.5893301426549442e-05,0.00016599908121861517,0.02887284941971302,0.9514597654342651,0.003988551441580057,0.015486965887248516
20501,1,0,implicit_mmr,explicit_mmr,validation,0.5321285724639893,0.4274439811706543,0.018777865916490555,9.166908421320841e-05,0.004120990168303251,0.017436977475881577
20657,0,0,explicit_mmr,explicit_mmr,validation,0.5234533548355103,0.4346767067909241,0.01686602644622326,7.006843952694908e-05,0.012732261791825294,0.012201521545648575
20673,1,0,implicit_mmr,explicit_mmr,validation,0.622275173664093,0.3589978516101837,0.0011809743009507656,3.914151602657512e-05,0.016856718808412552,0.0006500939489342272
20694,0,0,explicit_mmr,explicit_mmr,validation,0.7221446633338928,0.21064551174640656,0.03215663135051727,0.00023963948478922248,0.00679921917617321,0.028014302253723145
20744,0,1,explicit_mmr,implicit_mmr,validation,0.3335988521575928,0.5811672210693359,0.0010071471333503723,0.00011873256153194234,0.08344007283449173,0.0006680169608443975
20822,5,5,quant_only,quant_only,validation,0.0018235975876450539,0.0021849472541362047,0.4082257151603699,0.030715128406882286,0.003116264706477523,0.5539344549179077
20916,1,1,implicit_mmr,implicit_mmr,validation,0.13942831754684448,0.4508674442768097,0.008375630713999271,0.00010658477549441159,0.39877575635910034,0.0024462954606860876
21023,0,4,explicit_mmr,qual_only,validation,0.12439420819282532,0.08909175544977188,0.00531255267560482,0.0002045234723482281,0.7800491452217102,0.0009477727580815554
21028,0,4,explicit_mmr,qual_only,validation,0.13065704703330994,0.1902174949645996,0.0022298044059425592,0.00024528257199563086,0.6761314868927002,0.0005189310177229345
21183,2,5,multi_method_not_mmr,quant_only,validation,0.006168454419821501,0.028364108875393867,0.4081238806247711,0.0129802655428648,0.04697667434811592,0.4973866045475006
21188,5,0,quant_only,explicit_mmr,validation,0.6116381287574768,0.32815831899642944,0.027858514338731766,0.00013377673167269677,0.010860171169042587,0.021351085975766182
21398,0,1,explicit_mmr,implicit_mmr,validation,0.35440465807914734,0.5854811668395996,0.0021067734342068434,2.703236896195449e-05,0.0569276437163353,0.0010527083650231361
21424,4,4,qual_only,qual_only,validation,0.05539318919181824,0.09712774306535721,0.003387236036360264,0.00021178765746299177,0.8432900905609131,0.0005898889503441751
21669,0,1,explicit_mmr,implicit_mmr,validation,0.3293668329715729,0.45109307765960693,0.09704209864139557,0.0006992674898356199,0.004068024922162294,0.11773073673248291
21749,0,0,explicit_mmr,explicit_mmr,validation,0.7680552005767822,0.21721483767032623,0.004980384837836027,6.720782403135672e-05,0.0073768883012235165,0.002305469010025263
21885,0,1,explicit_mmr,implicit_mmr,validation,0.13114438951015472,0.4406682848930359,0.003578898962587118,0.00026140245608985424,0.42246824502944946,0.0018788365414366126
21946,0,0,explicit_mmr,explicit_mmr,validation,0.5453872084617615,0.4323662519454956,0.006872823927551508,6.256079359445721e-05,0.009737767279148102,0.0055733779445290565
22151,5,5,quant_only,quant_only,validation,0.0017100820550695062,0.003659798065200448,0.24166962504386902,0.08823226392269135,0.0011006593704223633,0.663627564907074
22242,0,0,explicit_mmr,explicit_mmr,validation,0.6609331965446472,0.2774159014225006,0.027563586831092834,0.00011081558477599174,0.013780384324491024,0.02019605226814747
22329,5,2,quant_only,multi_method_not_mmr,validation,0.03418795391917229,0.01634707674384117,0.46834036707878113,0.012525365687906742,0.004192138556391001,0.4644070863723755
22359,0,0,explicit_mmr,explicit_mmr,validation,0.6064101457595825,0.37113821506500244,0.0030352300964295864,2.886030779336579e-05,0.017850840464234352,0.0015367427840828896
22391,5,5,quant_only,quant_only,validation,0.01624961942434311,0.010363850742578506,0.17522908747196198,0.024857256561517715,0.001061835209839046,0.7722383141517639
22396,0,0,explicit_mmr,explicit_mmr,validation,0.6779757142066956,0.299518346786499,0.007682031486183405,5.082846473669633e-05,0.00884444359689951,0.005928615108132362
22521,2,1,multi_method_not_mmr,implicit_mmr,validation,0.4250846803188324,0.5542048215866089,0.0009661341900937259,6.109365494921803e-05,0.01914347894489765,0.000539758475497365
22832,0,0,explicit_mmr,explicit_mmr,validation,0.529469907283783,0.4343164265155792,0.016902927309274673,6.591546116396785e-05,0.011553303338587284,0.007691507693380117
22843,0,0,explicit_mmr,explicit_mmr,validation,0.523215651512146,0.3258865177631378,0.07667218893766403,0.00032116242800839245,0.01490459218621254,0.058999888598918915
22884,2,5,multi_method_not_mmr,quant_only,validation,0.003245334839448333,0.006201522424817085,0.4291733503341675,0.10511235892772675,0.0012565390206873417,0.45501089096069336
22997,0,5,explicit_mmr,quant_only,validation,0.07330801337957382,0.04295866936445236,0.33772578835487366,0.002729758620262146,0.0043610334396362305,0.5389167666435242
22998,1,0,implicit_mmr,explicit_mmr,validation,0.5010204315185547,0.4862823784351349,0.005429140292108059,7.605692371726036e-05,0.0035223832819610834,0.0036696321330964565
23069,2,5,multi_method_not_mmr,quant_only,validation,0.000494154286570847,0.0008495140937156975,0.30827397108078003,0.17101849615573883,0.005014533642679453,0.5143493413925171
23148,0,0,explicit_mmr,explicit_mmr,validation,0.5058524012565613,0.471638947725296,0.0019501992501318455,4.1165250877384096e-05,0.01942841149866581,0.0010888365795835853
23159,1,1,implicit_mmr,implicit_mmr,validation,0.42665183544158936,0.5448257923126221,0.013304510153830051,7.129665755201131e-05,0.006593920290470123,0.008552618324756622
23160,1,0,implicit_mmr,explicit_mmr,validation,0.5527027249336243,0.4250853657722473,0.009758234024047852,6.873138045193627e-05,0.005104759242385626,0.007280210964381695
23188,4,1,qual_only,implicit_mmr,validation,0.22312013804912567,0.7123015522956848,0.0015214956365525723,0.00016103111556731164,0.06210438162088394,0.0007913548033684492
23190,4,1,qual_only,implicit_mmr,validation,0.3699847459793091,0.5605672001838684,0.0013354007387533784,5.520474223885685e-05,0.06734723597764969,0.0007101602968759835
23192,0,1,explicit_mmr,implicit_mmr,validation,0.3047470152378082,0.6801482439041138,0.005192168988287449,5.5697779316687956e-05,0.007193127181380987,0.002663783263415098
23198,5,0,quant_only,explicit_mmr,validation,0.4635385572910309,0.41997411847114563,0.0009311285684816539,9.314091585110873e-05,0.11503549665212631,0.0004274749953765422
23205,4,1,qual_only,implicit_mmr,validation,0.28633686900138855,0.6008111834526062,0.0012436487013474107,0.0001450224663130939,0.1109398603439331,0.0005234601558186114
23285,0,5,explicit_mmr,quant_only,validation,0.2097306102514267,0.18927426636219025,0.18014194071292877,0.003584041493013501,0.0017393823945894837,0.4155297875404358
23290,1,1,implicit_mmr,implicit_mmr,validation,0.24278272688388824,0.736651599407196,0.00552195031195879,2.7659203624352813e-05,0.010231954976916313,0.004784186836332083
23346,4,4,qual_only,qual_only,validation,0.014161797240376472,0.028271613642573357,0.00772846257314086,0.0002691701229196042,0.9487479329109192,0.0008210035157389939
23354,4,4,qual_only,qual_only,validation,0.01551689114421606,0.03013254702091217,0.006944915279746056,0.000265053502516821,0.9463663101196289,0.0007742996094748378
23560,3,3,no_method_signal,no_method_signal,validation,0.0003206849505659193,0.0022777344565838575,0.23020417988300323,0.48299700021743774,0.0017482192488387227,0.28245213627815247
23575,5,5,quant_only,quant_only,validation,0.0018407739698886871,0.001735751866362989,0.31385213136672974,0.2860698103904724,0.00537408422678709,0.3911275565624237
23577,5,3,quant_only,no_method_signal,validation,0.0002780929789878428,0.00047604399151168764,0.2808021903038025,0.4181119203567505,0.012760884128510952,0.2875708341598511
23626,0,0,explicit_mmr,explicit_mmr,validation,0.5187724828720093,0.26922115683555603,0.08652796596288681,0.0005890409229323268,0.006039469037204981,0.11884985864162445
23840,0,1,explicit_mmr,implicit_mmr,validation,0.272967666387558,0.5895148515701294,0.06612303107976913,0.0001395593717461452,0.01817990653216839,0.05307489633560181
23911,5,5,quant_only,quant_only,validation,0.002797695342451334,0.0024690257851034403,0.39473220705986023,0.056685369461774826,0.0014341004425659776,0.5418816208839417
23924,1,5,implicit_mmr,quant_only,validation,0.14463841915130615,0.07443937659263611,0.28235843777656555,0.0029220706783235073,0.004996797535568476,0.4906449615955353
23981,0,0,explicit_mmr,explicit_mmr,validation,0.737663745880127,0.24928201735019684,0.004586889408528805,7.826199725968763e-05,0.004081954248249531,0.004307188559323549
24111,3,5,no_method_signal,quant_only,validation,0.0020593637600541115,0.001280647236853838,0.37884578108787537,0.11331993341445923,0.004439812619239092,0.5000544786453247
24143,1,0,implicit_mmr,explicit_mmr,validation,0.662053644657135,0.3264933228492737,0.0020734132267534733,6.974856660235673e-05,0.008538701571524143,0.000771256280131638
24325,0,0,explicit_mmr,explicit_mmr,validation,0.6726890802383423,0.20812873542308807,0.05995863676071167,0.00030581626924686134,0.0173589326441288,0.04155873879790306
24443,5,5,quant_only,quant_only,validation,0.002473965985700488,0.00635486701503396,0.4394877851009369,0.03409045562148094,0.0036830815952271223,0.5139099359512329
24478,2,5,multi_method_not_mmr,quant_only,validation,0.0005449845921248198,0.0012892086524516344,0.24822203814983368,0.14430710673332214,0.003803544444963336,0.601833164691925
24479,0,0,explicit_mmr,explicit_mmr,validation,0.7851387858390808,0.17630299925804138,0.020605839788913727,0.00017586565809324384,0.006463344674557447,0.011313132010400295
24589,0,1,explicit_mmr,implicit_mmr,validation,0.3978811204433441,0.548701286315918,0.0016497544711455703,2.7794443667517044e-05,0.0509306900203228,0.0008093682699836791
24698,2,0,multi_method_not_mmr,explicit_mmr,validation,0.4598754346370697,0.22689874470233917,0.1485508382320404,0.0007905514794401824,0.028909074142575264,0.1349753737449646
24956,5,5,quant_only,quant_only,validation,0.006756143178790808,0.0032054560724645853,0.4302520453929901,0.03036963939666748,0.009183759801089764,0.5202329158782959
24990,4,4,qual_only,qual_only,validation,0.0017183325253427029,0.01731926016509533,0.33366239070892334,0.007071428466588259,0.5698373317718506,0.07039123773574829
24999,1,0,implicit_mmr,explicit_mmr,validation,0.8880080580711365,0.09140320867300034,0.005778383929282427,0.00012211123248562217,0.012584738433361053,0.002103505888953805
25021,0,0,explicit_mmr,explicit_mmr,validation,0.3690532445907593,0.20480220019817352,0.19843709468841553,0.0025300418492406607,0.0019552267622202635,0.22322218120098114
25076,0,0,explicit_mmr,explicit_mmr,validation,0.6595620512962341,0.3140304386615753,0.013626469299197197,8.740393241168931e-05,0.004873052705079317,0.00782046839594841
25171,0,0,explicit_mmr,explicit_mmr,validation,0.703066349029541,0.24743574857711792,0.01925789564847946,0.00011897164222318679,0.017423292621970177,0.012697680853307247
25429,1,2,implicit_mmr,multi_method_not_mmr,validation,0.004910892341285944,0.004872250370681286,0.6366702318191528,0.012699340470135212,0.016825687140226364,0.324021577835083
25670,2,3,multi_method_not_mmr,no_method_signal,validation,3.8991263863863423e-05,0.000251922698225826,0.03231222182512283,0.9424605965614319,0.0012997690355405211,0.02363659255206585
25754,3,2,no_method_signal,multi_method_not_mmr,validation,0.00299121649004519,0.006128132343292236,0.6092934608459473,0.034217238426208496,0.008810357190668583,0.3385595679283142
25827,0,0,explicit_mmr,explicit_mmr,validation,0.30988842248916626,0.19986319541931152,0.29459282755851746,0.001267201965674758,0.06340035796165466,0.1309880018234253
25841,2,5,multi_method_not_mmr,quant_only,validation,0.04546816647052765,0.1409626454114914,0.2971930205821991,0.0022463100031018257,0.0067314403131604195,0.5073984265327454
25842,2,5,multi_method_not_mmr,quant_only,validation,0.07356606423854828,0.20526599884033203,0.25910791754722595,0.001724990434013307,0.007159558590501547,0.45317542552948
25980,3,3,no_method_signal,no_method_signal,validation,2.629332448123023e-05,0.00013989624858368188,0.01688333787024021,0.9745845794677734,0.0019002859480679035,0.006465594749897718
26143,0,4,explicit_mmr,qual_only,validation,0.0075777373276650906,0.012318679131567478,0.33522462844848633,0.021219264715909958,0.5251950025558472,0.09846463799476624
26309,3,5,no_method_signal,quant_only,validation,0.011085410602390766,0.04248986020684242,0.1834660768508911,0.022929102182388306,0.0027532665990293026,0.7372763156890869
26319,0,0,explicit_mmr,explicit_mmr,validation,0.6497464179992676,0.33053281903266907,0.000828845368232578,7.810068927938119e-05,0.018188869580626488,0.0006249982980079949
26357,0,5,explicit_mmr,quant_only,validation,0.079810731112957,0.04222378507256508,0.376065194606781,0.004343089647591114,0.010719751939177513,0.4868374168872833
26421,0,0,explicit_mmr,explicit_mmr,validation,0.6280956864356995,0.35275664925575256,0.0021887586917728186,3.214595199096948e-05,0.015607625246047974,0.0013191804755479097
26439,0,0,explicit_mmr,explicit_mmr,validation,0.7891900539398193,0.17226603627204895,0.014341937378048897,9.250194852938876e-05,0.01639884151518345,0.00771056953817606
26570,4,0,qual_only,explicit_mmr,validation,0.7655251622200012,0.1974550187587738,0.01762046106159687,0.00014821351214777678,0.007026840001344681,0.01222421694546938
26641,0,0,explicit_mmr,explicit_mmr,validation,0.7382932901382446,0.18080005049705505,0.038330890238285065,0.00023009796859696507,0.013546892441809177,0.028798783197999
26693,4,2,qual_only,multi_method_not_mmr,validation,0.051256392151117325,0.09042537212371826,0.4558306634426117,0.003235177369788289,0.06006650626659393,0.33918580412864685
26761,0,5,explicit_mmr,quant_only,validation,0.0046574571169912815,0.021982381120324135,0.4394182562828064,0.02774609625339508,0.009892151691019535,0.4963036775588989
26795,0,0,explicit_mmr,explicit_mmr,validation,0.7470874786376953,0.23881372809410095,0.002651280490681529,4.930125578539446e-05,0.010314266197383404,0.0010838821763172746
26796,0,0,explicit_mmr,explicit_mmr,validation,0.46741417050361633,0.32774487137794495,0.001216849428601563,0.0001486042601754889,0.2029324769973755,0.0005430174060165882
26816,0,0,explicit_mmr,explicit_mmr,validation,0.7748826146125793,0.18665389716625214,0.018391035497188568,0.00022348594211507589,0.003022131510078907,0.016826817765831947
26820,0,0,explicit_mmr,explicit_mmr,validation,0.7497634291648865,0.22699403762817383,0.0019130855798721313,4.099221769138239e-05,0.02048736996948719,0.0008011100580915809
26821,0,0,explicit_mmr,explicit_mmr,validation,0.6309306025505066,0.3199269473552704,0.0008869741577655077,7.897018076619133e-05,0.04768871143460274,0.0004877920728176832
26822,0,0,explicit_mmr,explicit_mmr,validation,0.7882850766181946,0.19303464889526367,0.0024826449807733297,4.837696542381309e-05,0.015168360434472561,0.0009808560134842992
26823,0,0,explicit_mmr,explicit_mmr,validation,0.7313171625137329,0.23862473666667938,0.0015143570490181446,4.3034986447310075e-05,0.027879253029823303,0.0006213830201886594
26824,0,0,explicit_mmr,explicit_mmr,validation,0.6313181519508362,0.3197594881057739,0.0008869101293385029,7.88596153142862e-05,0.04746844619512558,0.0004881417553406209
26873,1,0,implicit_mmr,explicit_mmr,validation,0.5887245535850525,0.3536015748977661,0.028870897367596626,9.714880434330553e-05,0.008810519240796566,0.019895292818546295
27046,0,1,explicit_mmr,implicit_mmr,validation,0.29617881774902344,0.5492066144943237,0.0019773037638515234,8.505855657858774e-05,0.1516929715871811,0.0008591519435867667
27047,0,1,explicit_mmr,implicit_mmr,validation,0.2832241654396057,0.6213139295578003,0.0020249902736395597,9.912464884109795e-05,0.09234879165887833,0.0009890232468023896
27114,2,5,multi_method_not_mmr,quant_only,validation,0.0005053257336840034,0.0017763590440154076,0.18575118482112885,0.2811007797718048,0.0009549862588755786,0.5299113392829895
27171,2,2,multi_method_not_mmr,multi_method_not_mmr,validation,0.016317615285515785,0.015788892284035683,0.5411872267723083,0.030489938333630562,0.0272019375115633,0.3690143823623657
27288,0,4,explicit_mmr,qual_only,validation,0.10975190997123718,0.3076484203338623,0.0026889892760664225,0.00025811081286519766,0.5788472890853882,0.0008052543271332979
27372,4,4,qual_only,qual_only,validation,0.07674694806337357,0.1417689323425293,0.003945576958358288,0.00015171458653640002,0.7764832377433777,0.000903515552636236
27373,4,4,qual_only,qual_only,validation,0.06742565333843231,0.13010157644748688,0.003214560216292739,0.00019995828915853053,0.7982859015464783,0.0007723270682618022
27558,3,3,no_method_signal,no_method_signal,validation,4.236906534060836e-05,0.00011554368393262848,0.013877763412892818,0.9797672033309937,0.0008202914032153785,0.005376920104026794
27687,0,4,explicit_mmr,qual_only,validation,0.018208997324109077,0.030993973836302757,0.32551467418670654,0.0053468444384634495,0.5297694206237793,0.0901661366224289
27782,1,5,implicit_mmr,quant_only,validation,0.06550879031419754,0.0343434140086174,0.3650473952293396,0.015440602786839008,0.00167491112370044,0.5179849863052368
27785,0,5,explicit_mmr,quant_only,validation,0.015282269567251205,0.005269177258014679,0.4465106427669525,0.025624722242355347,0.0036191116087138653,0.5036940574645996
27863,0,5,explicit_mmr,quant_only,validation,0.12130651623010635,0.04292672127485275,0.26032665371894836,0.005979605950415134,0.006808366160839796,0.562652051448822
27864,0,0,explicit_mmr,explicit_mmr,validation,0.7346944808959961,0.22869016230106354,0.014568556100130081,9.654042514739558e-05,0.01311254221946001,0.008837669156491756
27911,1,0,implicit_mmr,explicit_mmr,validation,0.7315107583999634,0.22563818097114563,0.020400317385792732,0.00011491859913803637,0.011336679570376873,0.010999131016433239
27951,0,0,explicit_mmr,explicit_mmr,validation,0.6552587747573853,0.30062374472618103,0.0009188618860207498,6.902902532601729e-05,0.04256904497742653,0.0005605294136330485
27968,0,0,explicit_mmr,explicit_mmr,validation,0.7724151015281677,0.13778813183307648,0.04467308893799782,0.0003307790029793978,0.004708474036306143,0.04008452221751213
28008,5,5,quant_only,quant_only,validation,0.004994657356292009,0.003350300481542945,0.21262967586517334,0.03766457363963127,0.0012636350002139807,0.7400971055030823
28034,1,1,implicit_mmr,implicit_mmr,validation,0.43160921335220337,0.5022473931312561,0.0008404072723351419,7.971272862050682e-05,0.06484699994325638,0.000376214855350554
28038,1,0,implicit_mmr,explicit_mmr,validation,0.40619438886642456,0.3859134316444397,0.0010613121557980776,0.00016617287474218756,0.2061309665441513,0.0005337259499356151
28048,1,5,implicit_mmr,quant_only,validation,0.010327138938009739,0.1474466174840927,0.35162627696990967,0.0073015522211790085,0.04357573762536049,0.4397226870059967
28074,0,0,explicit_mmr,explicit_mmr,validation,0.621903657913208,0.3008533716201782,0.03246837854385376,0.00014336388267111033,0.012371017597615719,0.032260119915008545
28075,4,2,qual_only,multi_method_not_mmr,validation,0.0017200243892148137,0.0013090292923152447,0.4583542048931122,0.11250659078359604,0.021699845790863037,0.40441036224365234
28143,0,0,explicit_mmr,explicit_mmr,validation,0.4323028326034546,0.2850237786769867,0.0019476227462291718,9.831188799580559e-05,0.2799508273601532,0.0006764971767552197
28205,2,2,multi_method_not_mmr,multi_method_not_mmr,validation,0.007826263085007668,0.0061499145813286304,0.46131619811058044,0.007164799142628908,0.4600524306297302,0.05749039351940155
28244,5,0,quant_only,explicit_mmr,validation,0.7149831652641296,0.25184983015060425,0.015210229903459549,9.333268826594576e-05,0.00905358511954546,0.008809871971607208
28254,0,0,explicit_mmr,explicit_mmr,validation,0.7257319688796997,0.22256234288215637,0.004328403156250715,4.669287955039181e-05,0.04538559168577194,0.0019449859391897917
28258,0,0,explicit_mmr,explicit_mmr,validation,0.42141056060791016,0.29999133944511414,0.0016990936128422618,0.00011248690134380013,0.27614134550094604,0.0006451554363593459
28384,0,0,explicit_mmr,explicit_mmr,validation,0.47682279348373413,0.47215375304222107,0.011903021484613419,5.416848944150843e-05,0.03296421095728874,0.006102094426751137
28408,0,0,explicit_mmr,explicit_mmr,validation,0.5920177698135376,0.35686084628105164,0.001089479774236679,4.891154094366357e-05,0.04957033693790436,0.00041267761844210327
28465,4,0,qual_only,explicit_mmr,validation,0.5927565097808838,0.1759912073612213,0.12484617531299591,0.0006307293078862131,0.03608989715576172,0.06968550384044647
28471,2,5,multi_method_not_mmr,quant_only,validation,0.0036616655997931957,0.003101727459579706,0.2171134352684021,0.04659518599510193,0.0019272274803370237,0.7276007533073425
28473,2,2,multi_method_not_mmr,multi_method_not_mmr,validation,0.00032107275910675526,0.0010244505247101188,0.4726856052875519,0.3016740083694458,0.03939508646726608,0.1848996877670288
28519,5,5,quant_only,quant_only,validation,0.00700242118909955,0.003740423358976841,0.2832106947898865,0.0222508255392313,0.0013976801419630647,0.6823980212211609
28679,0,0,explicit_mmr,explicit_mmr,validation,0.7284084558486938,0.23834440112113953,0.013516678474843502,8.150585927069187e-05,0.010286547243595123,0.009362466633319855
28775,1,2,implicit_mmr,multi_method_not_mmr,validation,0.2432936578989029,0.038984186947345734,0.3883768618106842,0.00367744080722332,0.009362711571156979,0.316305011510849
28863,5,5,quant_only,quant_only,validation,0.0049802325665950775,0.02526708133518696,0.17661328613758087,0.02527686022222042,0.0020831520669162273,0.765779435634613
28881,5,5,quant_only,quant_only,validation,0.000688127416651696,0.0060333977453410625,0.15504470467567444,0.2503816485404968,0.00212858896702528,0.5857235789299011
28959,5,4,quant_only,qual_only,validation,0.0003097287262789905,0.00513839116320014,0.3286980390548706,0.12529081106185913,0.4251711964607239,0.11539183557033539
28966,1,4,implicit_mmr,qual_only,validation,0.024775654077529907,0.044834692031145096,0.0077627175487577915,0.00020499230595305562,0.9215000867843628,0.0009219179628416896
28967,1,4,implicit_mmr,qual_only,validation,0.10307136178016663,0.13180771470069885,0.0030594405252486467,0.00017751836276147515,0.7612141370773315,0.0006697530625388026
28993,4,4,qual_only,qual_only,validation,0.30195099115371704,0.19842934608459473,0.05142718926072121,0.00022485703811980784,0.43934133648872375,0.008626343682408333
29003,1,0,implicit_mmr,explicit_mmr,validation,0.5605226755142212,0.41933372616767883,0.0009158504544757307,7.566648127976805e-05,0.018816133961081505,0.00033605145290493965
29040,0,0,explicit_mmr,explicit_mmr,validation,0.6675771474838257,0.31260839104652405,0.006422325503081083,7.228741742437705e-05,0.010108551010489464,0.0032113129273056984
29050,0,0,explicit_mmr,explicit_mmr,validation,0.502531111240387,0.37965428829193115,0.002164643257856369,4.9660771765047684e-05,0.11479278653860092,0.0008075376972556114
29084,5,5,quant_only,quant_only,validation,0.013516848906874657,0.03020467609167099,0.1977282613515854,0.01867145299911499,0.0008262250339612365,0.7390524744987488
29086,5,5,quant_only,quant_only,validation,0.008665824308991432,0.0050109862349927425,0.25231191515922546,0.022094734013080597,0.0014046670403331518,0.7105118632316589
29121,0,5,explicit_mmr,quant_only,validation,0.023430855944752693,0.015647104009985924,0.3848133385181427,0.00887079443782568,0.0026241857558488846,0.5646137595176697
29160,4,4,qual_only,qual_only,validation,0.015535097569227219,0.03152760863304138,0.006852674297988415,0.0002623442269396037,0.94502854347229,0.0007937915506772697
29197,0,4,explicit_mmr,qual_only,validation,0.26254725456237793,0.2754717171192169,0.02245829440653324,0.00015628359687980264,0.43595224618911743,0.00341414543800056
29204,0,0,explicit_mmr,explicit_mmr,validation,0.5766357779502869,0.13052146136760712,0.11449291557073593,0.001728599425405264,0.007090667728334665,0.16953055560588837
29205,0,0,explicit_mmr,explicit_mmr,validation,0.5788204669952393,0.11482610553503036,0.16292814910411835,0.0017241183668375015,0.0049153282307088375,0.13678579032421112
29306,1,0,implicit_mmr,explicit_mmr,validation,0.7685856819152832,0.170334592461586,0.029376553371548653,0.00020056628272868693,0.00827675312757492,0.02322588860988617
29488,0,4,explicit_mmr,qual_only,validation,0.10602719336748123,0.23696668446063995,0.006385202519595623,0.00011704914504662156,0.6488860845565796,0.0016177811194211245
29636,0,0,explicit_mmr,explicit_mmr,validation,0.5907554030418396,0.35810336470603943,0.01974308304488659,7.067698606988415e-05,0.01721992716193199,0.014107457362115383
29649,4,4,qual_only,qual_only,validation,0.1985902488231659,0.2970854341983795,0.001847560633905232,0.00022068059479352087,0.501609742641449,0.0006463485769927502
29662,0,2,explicit_mmr,multi_method_not_mmr,validation,0.01176213938742876,0.010543443262577057,0.5183351039886475,0.03240666538476944,0.006318637635558844,0.42063403129577637
29704,0,4,explicit_mmr,qual_only,validation,0.026216669008135796,0.1030760183930397,0.1631116271018982,0.0008606294286437333,0.6797736287117004,0.026961393654346466
29743,2,0,multi_method_not_mmr,explicit_mmr,validation,0.7946934103965759,0.180949866771698,0.006528561934828758,7.239989645313472e-05,0.01528391893953085,0.0024718623608350754
29775,1,0,implicit_mmr,explicit_mmr,validation,0.4740560054779053,0.30577361583709717,0.0015217207837849855,8.615898696007207e-05,0.2180020809173584,0.0005603620666079223
29785,0,2,explicit_mmr,multi_method_not_mmr,validation,0.03542805835604668,0.017664335668087006,0.4770563840866089,0.009571767412126064,0.017177976667881012,0.4431014657020569
29861,0,0,explicit_mmr,explicit_mmr,validation,0.4407341182231903,0.3273175060749054,0.0017558230319991708,8.180927397916093e-05,0.22947083413600922,0.0006399700068868697
29874,4,5,qual_only,quant_only,validation,0.0011405313853174448,0.0020062357652932405,0.22736907005310059,0.06018636375665665,0.0011718911118805408,0.7081258893013
29875,4,5,qual_only,quant_only,validation,0.0009468891657888889,0.0024278408382087946,0.21781563758850098,0.08143272995948792,0.0011068234452977777,0.6962700486183167
29876,4,5,qual_only,quant_only,validation,0.00047848085523582995,0.0027164423372596502,0.21631859242916107,0.30572065711021423,0.0013601441169157624,0.47340571880340576
29987,1,0,implicit_mmr,explicit_mmr,validation,0.5548573732376099,0.3710128366947174,0.01265885028988123,4.855917359236628e-05,0.05704670399427414,0.004375610034912825
30126,2,2,multi_method_not_mmr,multi_method_not_mmr,validation,0.0010513638844713569,0.0021438903640955687,0.5018078088760376,0.0524677149951458,0.016342855989933014,0.42618632316589355
30206,5,4,quant_only,qual_only,validation,0.004929210990667343,0.005763644818216562,0.16823293268680573,0.03632090240716934,0.7628565430641174,0.02189670130610466
30263,4,4,qual_only,qual_only,validation,0.060179684311151505,0.09890241175889969,0.0033025676384568214,0.00020969637262169272,0.8368427753448486,0.0005628869403153658
30454,0,0,explicit_mmr,explicit_mmr,validation,0.5899422764778137,0.3799542486667633,0.012389245443046093,4.767120481119491e-05,0.010685984045267105,0.006980651058256626
30478,1,4,implicit_mmr,qual_only,validation,0.1394566148519516,0.22589796781539917,0.0033544625621289015,0.00013012203271500766,0.6302716732025146,0.0008890967583283782
30479,1,4,implicit_mmr,qual_only,validation,0.0989110991358757,0.2703492045402527,0.007023870944976807,0.000108567182905972,0.6219085454940796,0.001698683830909431
30480,1,1,implicit_mmr,implicit_mmr,validation,0.3286530077457428,0.5492444038391113,0.004943677689880133,3.665419353637844e-05,0.11502814292907715,0.002094001742079854
30535,1,0,implicit_mmr,explicit_mmr,validation,0.4158480763435364,0.3548206090927124,0.10622219741344452,0.0003044014156330377,0.005359997507184744,0.11744479835033417
30558,1,5,implicit_mmr,quant_only,validation,0.12543682754039764,0.131843701004982,0.2833288013935089,0.0017283662455156446,0.003708969336003065,0.4539533853530884
30578,0,5,explicit_mmr,quant_only,validation,0.016644837334752083,0.012714497745037079,0.2655591368675232,0.01306987926363945,0.0011153505183756351,0.6908963322639465
30608,0,0,explicit_mmr,explicit_mmr,validation,0.648476779460907,0.3315635621547699,0.0008243481279350817,7.820883911335841e-05,0.01843508705496788,0.000621951010543853
30633,0,0,explicit_mmr,explicit_mmr,validation,0.49551451206207275,0.4876713156700134,0.0012293006293475628,3.8942700484767556e-05,0.015038497745990753,0.000507399789057672
30653,2,0,multi_method_not_mmr,explicit_mmr,validation,0.7857254147529602,0.16449545323848724,0.025574030354619026,0.00021494827524293214,0.006113553885370493,0.01787653937935829
30692,0,0,explicit_mmr,explicit_mmr,validation,0.776952862739563,0.17003193497657776,0.02698671445250511,0.0001939741341629997,0.009115885011851788,0.01671869121491909
30708,0,0,explicit_mmr,explicit_mmr,validation,0.7571154236793518,0.21269451081752777,0.013268319889903069,0.00010603550617815927,0.0074310582131147385,0.00938467588275671
30794,4,0,qual_only,explicit_mmr,validation,0.6696074604988098,0.29740676283836365,0.003941170871257782,4.8720594350015745e-05,0.026557086035609245,0.0024387764278799295
31216,4,3,qual_only,no_method_signal,validation,0.0003177912440150976,0.002295497339218855,0.17277517914772034,0.449059396982193,0.001456278725527227,0.3740959167480469
31258,0,0,explicit_mmr,explicit_mmr,validation,0.7898932099342346,0.1836293488740921,0.0016739573329687119,8.34923775983043e-05,0.024004817008972168,0.0007152745383791625
31433,5,5,quant_only,quant_only,validation,0.05499165877699852,0.03221147507429123,0.29374560713768005,0.006840367801487446,0.0011210889788344502,0.611089825630188
31453,1,0,implicit_mmr,explicit_mmr,validation,0.32940441370010376,0.2714822292327881,0.18499666452407837,0.0009301038808189332,0.003797258250415325,0.20938944816589355
31540,0,0,explicit_mmr,explicit_mmr,validation,0.7815182209014893,0.15309052169322968,0.037828054279088974,0.0002719179610721767,0.006004652939736843,0.021286586299538612
31567,0,5,explicit_mmr,quant_only,validation,0.1793280988931656,0.03305603191256523,0.36715230345726013,0.00591637846082449,0.002526508178561926,0.4120207130908966
31572,1,0,implicit_mmr,explicit_mmr,validation,0.6696504354476929,0.3164440989494324,0.004354154225438833,8.959535625763237e-05,0.007208007387816906,0.0022537237964570522
31646,0,0,explicit_mmr,explicit_mmr,validation,0.720180094242096,0.2573212683200836,0.0009860394056886435,6.609487172681838e-05,0.021041978150606155,0.0004045088717248291
31711,5,5,quant_only,quant_only,validation,0.028334645554423332,0.025391437113285065,0.3554285764694214,0.03325406089425087,0.0009462243760935962,0.5566450953483582
31756,0,1,explicit_mmr,implicit_mmr,validation,0.3152121901512146,0.6064127683639526,0.0010969924042001367,0.00013495604798663408,0.07649965584278107,0.0006434188690036535
31832,3,3,no_method_signal,no_method_signal,validation,2.7761829187511466e-05,0.00020666887576226145,0.019024986773729324,0.9649017453193665,0.006392395589500666,0.009446419775485992
31834,3,3,no_method_signal,no_method_signal,validation,3.204344830010086e-05,0.000361914950190112,0.020070962607860565,0.9514691829681396,0.0036006930749863386,0.024465223774313927
31840,3,3,no_method_signal,no_method_signal,validation,2.308582770638168e-05,0.00015037106641102582,0.014500893652439117,0.9736809730529785,0.0023472895845770836,0.009297354146838188
31842,3,5,no_method_signal,quant_only,validation,0.00488432589918375,0.03289502114057541,0.12795531749725342,0.03250334411859512,0.0022043397184461355,0.7995575666427612
31848,2,3,multi_method_not_mmr,no_method_signal,validation,3.7774421798530966e-05,0.00022957440523896366,0.037776604294776917,0.9415751695632935,0.012778861448168755,0.007602068595588207
31857,0,2,explicit_mmr,multi_method_not_mmr,validation,0.0016008419916033745,0.03539071977138519,0.3025068938732147,0.09965848922729492,0.26567208766937256,0.29517096281051636
31869,1,1,implicit_mmr,implicit_mmr,validation,0.12147796899080276,0.7627062797546387,0.04692620784044266,0.0001665250601945445,0.017793307080864906,0.05092969536781311
31887,4,2,qual_only,multi_method_not_mmr,validation,0.03362628445029259,0.25624701380729675,0.3277476131916046,0.0013549993745982647,0.16024473309516907,0.22077929973602295
31889,5,4,quant_only,qual_only,validation,0.001662123599089682,0.011888165026903152,0.18641763925552368,0.004022057633846998,0.7556750774383545,0.04033495485782623
31893,5,3,quant_only,no_method_signal,validation,5.485528163262643e-05,0.0009814294753596187,0.05242617428302765,0.8560846447944641,0.005581592675298452,0.08487134426832199
31895,5,2,quant_only,multi_method_not_mmr,validation,0.013594225980341434,0.14063698053359985,0.3969442844390869,0.0028209101874381304,0.10701824724674225,0.3389853835105896
31898,2,3,multi_method_not_mmr,no_method_signal,validation,2.7718397177523002e-05,0.00011987229663645849,0.015849115327000618,0.9762703776359558,0.0012495293049141765,0.006483332719653845
31899,2,3,multi_method_not_mmr,no_method_signal,validation,2.770650462480262e-05,0.00011981698480667546,0.015791291370987892,0.9763336777687073,0.001242871512658894,0.006484643556177616
31900,2,3,multi_method_not_mmr,no_method_signal,validation,2.5474491849308833e-05,0.00012924695329274982,0.016911953687667847,0.9741820096969604,0.0016652465565130115,0.007086100988090038
31901,2,3,multi_method_not_mmr,no_method_signal,validation,2.6045036065625027e-05,0.00012819717812817544,0.016616566106677055,0.9747446775436401,0.0015828564064577222,0.006901583634316921
31902,2,3,multi_method_not_mmr,no_method_signal,validation,2.7578364097280428e-05,0.00012060206790920347,0.015971923246979713,0.9760591983795166,0.0012566189980134368,0.006564024835824966
31903,3,3,no_method_signal,no_method_signal,validation,3.2448737329104915e-05,0.00013543988461606205,0.013863040134310722,0.9755676984786987,0.0006207359838299453,0.00978058110922575
31904,3,3,no_method_signal,no_method_signal,validation,0.0001542199170216918,0.0026407327968627214,0.06497641652822495,0.7081209421157837,0.006224300712347031,0.21788343787193298
31920,2,1,multi_method_not_mmr,implicit_mmr,validation,0.06328736245632172,0.6172930598258972,0.08242928236722946,0.00040902767796069384,0.1749541163444519,0.06162720546126366
31924,2,3,multi_method_not_mmr,no_method_signal,validation,4.324982000980526e-05,0.0004117756907362491,0.02536167949438095,0.9532659649848938,0.0017975694499909878,0.019119851291179657
31931,2,3,multi_method_not_mmr,no_method_signal,validation,3.7613895983668044e-05,0.00023726056679151952,0.028011104092001915,0.9484221339225769,0.014093171805143356,0.009198687970638275
31939,5,3,quant_only,no_method_signal,validation,6.409770139725879e-05,0.0007495360332541168,0.06126495823264122,0.8714129328727722,0.0027204593643546104,0.0637880340218544
31958,5,5,quant_only,quant_only,validation,0.0012214732123538852,0.018462033942341805,0.12775012850761414,0.111322782933712,0.006378224119544029,0.7348653674125671
31961,5,5,quant_only,quant_only,validation,0.004811163991689682,0.04439128562808037,0.1722530722618103,0.03755441680550575,0.004690937232226133,0.7362990975379944
31968,4,5,qual_only,quant_only,validation,0.000480786053230986,0.008131517097353935,0.21263282001018524,0.34765034914016724,0.03763454407453537,0.39347004890441895
31970,5,5,quant_only,quant_only,validation,0.0049144309014081955,0.0709119513630867,0.34990495443344116,0.010220373049378395,0.04416996240615845,0.5198783874511719
31975,0,1,explicit_mmr,implicit_mmr,validation,0.4585936367511749,0.5232418775558472,0.008189884945750237,0.00011455112689873204,0.0045586638152599335,0.005301447585225105
31985,3,3,no_method_signal,no_method_signal,validation,2.4548218789277598e-05,0.0001341278839390725,0.012304065749049187,0.9768021702766418,0.0008877643849700689,0.009847300127148628
31988,4,2,qual_only,multi_method_not_mmr,validation,0.035761646926403046,0.2511158883571625,0.3555707633495331,0.0015220375498756766,0.11948695778846741,0.23654264211654663
32004,2,2,multi_method_not_mmr,multi_method_not_mmr,validation,0.00027475866954773664,0.001605104305781424,0.3610672354698181,0.3249299228191376,0.2834293246269226,0.028693612664937973
32005,3,3,no_method_signal,no_method_signal,validation,2.9238703064038418e-05,0.0001769036171026528,0.016187073662877083,0.9699641466140747,0.0009960797615349293,0.012646554969251156
32010,0,0,explicit_mmr,explicit_mmr,validation,0.5922350883483887,0.39420145750045776,0.0040346174500882626,4.7609344619559124e-05,0.00622768048197031,0.003253550035879016
32016,1,3,implicit_mmr,no_method_signal,validation,4.242226350470446e-05,0.0003428833151701838,0.032636214047670364,0.9509285688400269,0.0036473418585956097,0.012402498163282871
32022,2,5,multi_method_not_mmr,quant_only,validation,0.010486080311238766,0.08791933208703995,0.26650384068489075,0.017538320273160934,0.006977685261517763,0.6105747818946838
32033,3,3,no_method_signal,no_method_signal,validation,2.7912899895454757e-05,0.0001212333154398948,0.013666396960616112,0.9782128930091858,0.0009518921142444015,0.007019655779004097
32035,4,5,qual_only,quant_only,validation,0.014437246136367321,0.12329775840044022,0.3109441101551056,0.008483054116368294,0.012580611743032932,0.5302571654319763
32048,4,4,qual_only,qual_only,validation,0.00038535596104338765,0.0015919137513265014,0.21345247328281403,0.1154383048415184,0.6460003852844238,0.023131614550948143
32066,3,5,no_method_signal,quant_only,validation,0.0006000405992381275,0.0033623583149164915,0.1611693799495697,0.3001789450645447,0.0010112185264006257,0.5336780548095703
32073,1,3,implicit_mmr,no_method_signal,validation,2.3619873900315724e-05,0.00013108212442602962,0.014931908808648586,0.9754212498664856,0.0021907861810177565,0.0073013463988900185
32081,3,4,no_method_signal,qual_only,validation,0.002899870276451111,0.006560873240232468,0.028705690056085587,0.0013634447241201997,0.9584784507751465,0.0019916389137506485
32104,3,2,no_method_signal,multi_method_not_mmr,validation,0.000804431620053947,0.006953531410545111,0.43200090527534485,0.1953267604112625,0.005926576443016529,0.35898783802986145
32106,2,1,multi_method_not_mmr,implicit_mmr,validation,0.11541254818439484,0.6434361934661865,0.006384347099810839,0.00017737432790454477,0.23010921478271484,0.004480361007153988
32114,3,3,no_method_signal,no_method_signal,validation,0.00012268329737707973,0.0004057918849866837,0.10097625106573105,0.8516067862510681,0.03819815441966057,0.00869041122496128
32125,3,3,no_method_signal,no_method_signal,validation,3.875731636071578e-05,0.00021156530419830233,0.03432035446166992,0.9449703097343445,0.012145177461206913,0.00831384677439928
32128,3,4,no_method_signal,qual_only,validation,0.0028679666575044394,0.009223568253219128,0.039281632751226425,0.0007325191982090473,0.9442235827445984,0.0036706929095089436
32145,0,4,explicit_mmr,qual_only,validation,0.013160896487534046,0.04449612647294998,0.007842532359063625,0.00029076525242999196,0.933022677898407,0.0011870244052261114
32147,3,3,no_method_signal,no_method_signal,validation,2.3115255316952243e-05,0.0001279073767364025,0.014468048699200153,0.9760552048683167,0.0018466025358065963,0.007479168474674225
32151,3,3,no_method_signal,no_method_signal,validation,8.444819104624912e-05,0.001180011429823935,0.1084212064743042,0.7946107387542725,0.00710332440212369,0.088600292801857
32154,3,3,no_method_signal,no_method_signal,validation,2.179792136303149e-05,0.0001522701932117343,0.01327489223331213,0.9720037579536438,0.0013127255951985717,0.013234556652605534
32155,3,3,no_method_signal,no_method_signal,validation,2.714345282583963e-05,0.00022729211195837706,0.018622756004333496,0.9557376503944397,0.002562489826232195,0.022822633385658264
32218,4,4,qual_only,qual_only,validation,0.032821133732795715,0.12566080689430237,0.0332760289311409,0.00022372804232873023,0.8013932108879089,0.006625123787671328
32227,5,3,quant_only,no_method_signal,validation,0.00010872588609345257,0.001433969009667635,0.04869045317173004,0.7434174418449402,0.0024470502976328135,0.20390234887599945
32231,4,3,qual_only,no_method_signal,validation,5.190591036807746e-05,0.000693519483320415,0.02808884158730507,0.9019909501075745,0.009324897080659866,0.059849873185157776
32236,3,3,no_method_signal,no_method_signal,validation,0.00014694765559397638,0.001704919384792447,0.06811194121837616,0.7297666072845459,0.00263257697224617,0.19763708114624023
32239,3,3,no_method_signal,no_method_signal,validation,2.748978658928536e-05,0.00019151318701915443,0.01808047853410244,0.968852162361145,0.00198428169824183,0.010864203795790672
32241,5,5,quant_only,quant_only,validation,0.0011003180406987667,0.023066263645887375,0.15603546798229218,0.05025970935821533,0.011839883401989937,0.7576983571052551
32268,1,1,implicit_mmr,implicit_mmr,validation,0.11663086712360382,0.3906096816062927,0.13655047118663788,0.0021179071627557278,0.003866666927933693,0.35022440552711487
32279,3,5,no_method_signal,quant_only,validation,0.0005785164539702237,0.010436704382300377,0.24071310460567474,0.13547657430171967,0.046794600784778595,0.5660005211830139
32283,0,1,explicit_mmr,implicit_mmr,validation,0.3366759121417999,0.5647900700569153,0.0014740342739969492,5.0140992243541405e-05,0.09637722373008728,0.0006327010923996568
32299,3,5,no_method_signal,quant_only,validation,0.001143067143857479,0.006331838201731443,0.2480902373790741,0.15168331563472748,0.0013778472784906626,0.5913737416267395
32300,5,5,quant_only,quant_only,validation,0.012475531548261642,0.06982704252004623,0.2586578130722046,0.014679377898573875,0.0032772556878626347,0.6410830020904541
32302,2,5,multi_method_not_mmr,quant_only,validation,0.003955143503844738,0.053845107555389404,0.3041386008262634,0.0253770612180233,0.011082815006375313,0.6016013026237488
32321,0,4,explicit_mmr,qual_only,validation,0.0014516531955450773,0.01159132830798626,0.2689979672431946,0.0054172975942492485,0.6728113889694214,0.03973032906651497
32323,3,4,no_method_signal,qual_only,validation,0.000820054963696748,0.007343210745602846,0.20721127092838287,0.008237817324697971,0.7340155243873596,0.042372189462184906
32324,2,3,multi_method_not_mmr,no_method_signal,validation,0.0001722157612675801,0.0032492654863744974,0.11897533386945724,0.4986085891723633,0.01687072031199932,0.36212384700775146
32331,5,5,quant_only,quant_only,validation,0.02366395853459835,0.15422682464122772,0.15081550180912018,0.009693937376141548,0.0068419016897678375,0.6547577977180481
32341,1,1,implicit_mmr,implicit_mmr,validation,0.4176071286201477,0.5431231260299683,0.0014621125301346183,2.8560152713907883e-05,0.03678887337446213,0.0009901387384161353
32527,3,3,no_method_signal,no_method_signal,validation,0.00011649456428131089,0.0014272199478000402,0.22028020024299622,0.3888917565345764,0.032340262085199356,0.3569440543651581
32633,2,5,multi_method_not_mmr,quant_only,validation,0.005881485063582659,0.08963537961244583,0.35263997316360474,0.004940832499414682,0.030653491616249084,0.5162488222122192
32747,5,5,quant_only,quant_only,validation,0.0032105029094964266,0.03646856173872948,0.2285008430480957,0.049884114414453506,0.007612378802150488,0.674323558807373
12147,3,3,no_method_signal,no_method_signal,test,2.306153328390792e-05,0.0001351110404357314,0.014786445535719395,0.9754263162612915,0.0019199911039322615,0.007709026336669922
12488,2,5,multi_method_not_mmr,quant_only,test,0.003443680005148053,0.008468281477689743,0.3438373804092407,0.06437452137470245,0.001043044263496995,0.5788331031799316
12580,3,5,no_method_signal,quant_only,test,0.0012897580163553357,0.008522906340658665,0.08718176186084747,0.19443587958812714,0.001355484826490283,0.7072142362594604
12595,0,1,explicit_mmr,implicit_mmr,test,0.1154559999704361,0.6740829348564148,0.05383647233247757,0.00012240486103110015,0.1270250380039215,0.029477203264832497
12832,1,5,implicit_mmr,quant_only,test,0.020868854597210884,0.15248486399650574,0.2085627019405365,0.004619821906089783,0.013984348624944687,0.5994794368743896
12857,5,4,quant_only,qual_only,test,0.175332173705101,0.2623278796672821,0.002931209048256278,0.00012701591185759753,0.5583972930908203,0.0008843915420584381
13367,5,5,quant_only,quant_only,test,0.0006863182643428445,0.005967958830296993,0.18427738547325134,0.22055239975452423,0.10256455838680267,0.48595136404037476
13391,0,5,explicit_mmr,quant_only,test,0.017895270138978958,0.16255633533000946,0.3036832809448242,0.004755010828375816,0.014597908593714237,0.49651211500167847
13747,1,1,implicit_mmr,implicit_mmr,test,0.14240871369838715,0.7755371332168579,0.012009571306407452,8.286611409857869e-05,0.06014152988791466,0.009820185601711273
14019,5,5,quant_only,quant_only,test,0.006507211364805698,0.04415160045027733,0.14300139248371124,0.019962571561336517,0.0021800429094582796,0.7841971516609192
14067,0,1,explicit_mmr,implicit_mmr,test,0.4773786962032318,0.5085287690162659,0.006356485188007355,8.049918687902391e-05,0.004584895446896553,0.0030705153476446867
14222,3,3,no_method_signal,no_method_signal,test,3.325349825900048e-05,0.000138274030177854,0.013879629783332348,0.973974883556366,0.0005782500375062227,0.011395751498639584
14280,5,5,quant_only,quant_only,test,0.0003649624704848975,0.0012443213490769267,0.07339805364608765,0.36159637570381165,0.00517883338034153,0.5582174062728882
14288,3,5,no_method_signal,quant_only,test,0.001061473274603486,0.003582557663321495,0.13099180161952972,0.15872511267662048,0.012870526872575283,0.6927685141563416
14366,3,3,no_method_signal,no_method_signal,test,4.292041194275953e-05,0.0003580784541554749,0.03520337864756584,0.8928609490394592,0.00720220198854804,0.06433248519897461
14431,2,3,multi_method_not_mmr,no_method_signal,test,2.847436371666845e-05,0.00018402525165583938,0.015764815732836723,0.9655720591545105,0.0008132776711136103,0.017637377604842186
14518,0,1,explicit_mmr,implicit_mmr,test,0.08426725119352341,0.4339998960494995,0.22100959718227386,0.0005548569024540484,0.08684441447257996,0.17332394421100616
14544,5,3,quant_only,no_method_signal,test,9.500011219643056e-05,0.001079742913134396,0.119331955909729,0.6723757982254028,0.00360328471288085,0.2035142332315445
14715,0,1,explicit_mmr,implicit_mmr,test,0.2076837420463562,0.7579402327537537,0.00676055159419775,3.792634743149392e-05,0.023462388664484024,0.004115263000130653
14917,3,4,no_method_signal,qual_only,test,0.045339781790971756,0.20342318713665009,0.14082249999046326,0.0008149046916514635,0.5499107241630554,0.05968892574310303
14930,3,3,no_method_signal,no_method_signal,test,0.00020905032579321414,0.001773452153429389,0.17134371399879456,0.5986794829368591,0.0019216148648411036,0.22607280313968658
14962,5,5,quant_only,quant_only,test,0.0013330616056919098,0.009389825165271759,0.10157851129770279,0.13190717995166779,0.001394197577610612,0.7543972730636597
15193,5,4,quant_only,qual_only,test,0.08501283824443817,0.21734777092933655,0.01608658768236637,0.00011234560224693269,0.6778212189674377,0.0036193355917930603
15243,5,1,quant_only,implicit_mmr,test,0.26587238907814026,0.6398781538009644,0.020528405904769897,5.191862874198705e-05,0.06009906902909279,0.013570137321949005
15426,1,2,implicit_mmr,multi_method_not_mmr,test,0.03853607550263405,0.27499696612358093,0.31452468037605286,0.0014343246584758162,0.09219767898321152,0.27831026911735535
15463,5,5,quant_only,quant_only,test,0.00046057390864007175,0.005391748622059822,0.32540619373321533,0.12511445581912994,0.019733531400561333,0.5238935947418213
15596,5,0,quant_only,explicit_mmr,test,0.545946478843689,0.24525588750839233,0.08727817982435226,0.0006261267699301243,0.0173606239259243,0.10353265702724457
15707,3,5,no_method_signal,quant_only,test,0.014245199970901012,0.15226837992668152,0.2468239665031433,0.00457219360396266,0.02094457857310772,0.5611457228660583
15731,5,5,quant_only,quant_only,test,0.025177432224154472,0.06250348687171936,0.4089062511920929,0.008878294378519058,0.006632109638303518,0.48790243268013
15775,3,3,no_method_signal,no_method_signal,test,2.847926771210041e-05,0.00013103413220960647,0.02785772643983364,0.956782877445221,0.0027468905318528414,0.012452978640794754
15786,0,0,explicit_mmr,explicit_mmr,test,0.43955129384994507,0.17336075007915497,0.05450141429901123,0.0005505455192178488,0.32096582651138306,0.01107009407132864
15842,0,1,explicit_mmr,implicit_mmr,test,0.29422804713249207,0.33532610535621643,0.1640321910381317,0.0011631486704573035,0.0031210670713335276,0.2021293044090271
15870,1,1,implicit_mmr,implicit_mmr,test,0.35455262660980225,0.3769628703594208,0.1112627163529396,0.00045723957009613514,0.08971752226352692,0.06704701483249664
15892,5,4,quant_only,qual_only,test,0.17471444606781006,0.2731659412384033,0.0026726718060672283,0.00013904152729082853,0.5484824776649475,0.0008253948763012886
15950,2,4,multi_method_not_mmr,qual_only,test,0.0026345925871282816,0.008291996084153652,0.09344340115785599,0.0021888301707804203,0.8851550221443176,0.008286145515739918
15957,0,1,explicit_mmr,implicit_mmr,test,0.20319470763206482,0.5626429915428162,0.10636540502309799,0.00032711290987208486,0.01574832946062088,0.111721470952034
16055,0,0,explicit_mmr,explicit_mmr,test,0.5187435150146484,0.47291630506515503,0.0019957558251917362,9.636291360948235e-05,0.005266668274998665,0.0009814680088311434
16260,3,4,no_method_signal,qual_only,test,0.0007127486751414835,0.004690004512667656,0.4025762677192688,0.03810717537999153,0.5077448487281799,0.04616895690560341
16577,5,5,quant_only,quant_only,test,0.005284362006932497,0.02070740796625614,0.16714555025100708,0.04008437320590019,0.0025924225337803364,0.7641858458518982
16622,5,2,quant_only,multi_method_not_mmr,test,0.0012599251931533217,0.008942774496972561,0.39245375990867615,0.2410537302494049,0.0028039379976689816,0.3534857928752899
16652,3,3,no_method_signal,no_method_signal,test,3.385002855793573e-05,0.00021056148398201913,0.02430732734501362,0.9551532864570618,0.011936853639781475,0.008358106948435307
16707,2,3,multi_method_not_mmr,no_method_signal,test,2.9562594136223197e-05,0.000278125808108598,0.01869099773466587,0.960616409778595,0.0024241891223937273,0.017960647121071815
16710,3,3,no_method_signal,no_method_signal,test,8.653766417410225e-05,0.0005430161254480481,0.08970032632350922,0.8293454647064209,0.06718447804450989,0.013140127062797546
16804,2,3,multi_method_not_mmr,no_method_signal,test,0.00024442755966447294,0.0006286887801252306,0.17229343950748444,0.7470362186431885,0.06599824130535126,0.013798980042338371
17086,0,0,explicit_mmr,explicit_mmr,test,0.6113146543502808,0.3664062023162842,0.000815352366771549,7.357312279054895e-05,0.020791228860616684,0.000599029241129756
17128,2,4,multi_method_not_mmr,qual_only,test,0.009574308060109615,0.028852062299847603,0.016198772937059402,0.00031618232605978847,0.9432545304298401,0.0018040084978565574
17173,2,4,multi_method_not_mmr,qual_only,test,0.004165904130786657,0.021298633888363838,0.034256063401699066,0.0006305502029135823,0.9365511536598206,0.003097702283412218
17210,2,4,multi_method_not_mmr,qual_only,test,0.025877201929688454,0.06529923528432846,0.010354802012443542,0.00017745845252647996,0.8968867659568787,0.0014045624993741512
17284,2,5,multi_method_not_mmr,quant_only,test,0.00041945656994357705,0.0017799612833186984,0.07012982666492462,0.37541237473487854,0.0017948749009519815,0.5504634976387024
17301,1,1,implicit_mmr,implicit_mmr,test,0.08326948434114456,0.3045426309108734,0.25410693883895874,0.0015702905366197228,0.29975852370262146,0.05675216019153595
17372,0,5,explicit_mmr,quant_only,test,0.0008198327850550413,0.0020936361979693174,0.28162574768066406,0.103409543633461,0.0040072668343782425,0.608043909072876
17493,5,1,quant_only,implicit_mmr,test,0.036372262984514236,0.3676535189151764,0.09013968706130981,0.04927114397287369,0.22136960923671722,0.23519371449947357
17630,2,3,multi_method_not_mmr,no_method_signal,test,3.5433848097454756e-05,0.00011455248750280589,0.012597879394888878,0.9806374311447144,0.0007043620571494102,0.005910453386604786
17658,1,0,implicit_mmr,explicit_mmr,test,0.5812872648239136,0.3850260078907013,0.010194716975092888,5.0102487875847146e-05,0.015994006767868996,0.007447909098118544
17698,1,0,implicit_mmr,explicit_mmr,test,0.5822965502738953,0.2789442241191864,0.04545149207115173,0.00029416134930215776,0.06442107260227203,0.028592424467206
17870,3,3,no_method_signal,no_method_signal,test,3.3195436117239296e-05,0.00019484660879243165,0.03318990767002106,0.945046067237854,0.005916228983551264,0.01561974547803402
17921,5,4,quant_only,qual_only,test,0.00031697883969172835,0.0019082747166976333,0.09127676486968994,0.04647498577833176,0.8430357575416565,0.016987251117825508
17926,1,1,implicit_mmr,implicit_mmr,test,0.2611759901046753,0.31013354659080505,0.139772430062294,0.0009974518325179815,0.008191168308258057,0.2797293961048126
17946,1,1,implicit_mmr,implicit_mmr,test,0.15701483190059662,0.7972922921180725,0.016207940876483917,6.686346023343503e-05,0.015679430216550827,0.013738714158535004
17967,1,1,implicit_mmr,implicit_mmr,test,0.2505137026309967,0.7116783857345581,0.0023918545339256525,3.947073491872288e-05,0.033598363399505615,0.0017782797804102302
18069,0,0,explicit_mmr,explicit_mmr,test,0.5065174698829651,0.39015984535217285,0.0489654466509819,0.00016350425721611828,0.0047686598263680935,0.049425024539232254
18086,0,0,explicit_mmr,explicit_mmr,test,0.7128971219062805,0.24632073938846588,0.018212173134088516,8.968754264060408e-05,0.007780285552144051,0.014700026251375675
18202,0,0,explicit_mmr,explicit_mmr,test,0.5988211035728455,0.387796550989151,0.004866644740104675,7.285313040483743e-05,0.0056453850120306015,0.0027974548283964396
18297,0,5,explicit_mmr,quant_only,test,0.0047746263444423676,0.023284465074539185,0.1825275719165802,0.05566558614373207,0.26466235518455505,0.4690853953361511
18570,1,1,implicit_mmr,implicit_mmr,test,0.3198333978652954,0.5673862099647522,0.04381308704614639,0.0001162718326668255,0.036697763949632645,0.032153237611055374
18603,0,0,explicit_mmr,explicit_mmr,test,0.6679689884185791,0.31111395359039307,0.0016099303029477596,3.8433547160821036e-05,0.01849195919930935,0.0007766919443383813
18769,4,4,qual_only,qual_only,test,0.09362178295850754,0.13812918961048126,0.0030342228710651398,0.00019323828746564686,0.7644367218017578,0.0005848422297276556
18967,3,2,no_method_signal,multi_method_not_mmr,test,0.10809627920389175,0.13558530807495117,0.3906656801700592,0.004971071146428585,0.042298201471567154,0.31838348507881165
19137,3,4,no_method_signal,qual_only,test,0.0034213897306472063,0.020891493186354637,0.25741511583328247,0.0027815066277980804,0.6704502105712891,0.04504019767045975
19157,0,5,explicit_mmr,quant_only,test,0.00128329754807055,0.003953741863369942,0.23115885257720947,0.04361386597156525,0.00136904779355973,0.7186211943626404
19168,3,5,no_method_signal,quant_only,test,0.005868852138519287,0.006709596142172813,0.32805678248405457,0.03949297219514847,0.0011001941747963428,0.6187716722488403
19241,1,1,implicit_mmr,implicit_mmr,test,0.46609070897102356,0.4979984760284424,0.002452668733894825,2.968272747239098e-05,0.03164830058813095,0.0017801520880311728
19244,0,1,explicit_mmr,implicit_mmr,test,0.47124260663986206,0.4971422851085663,0.004108593799173832,3.318440212751739e-05,0.02494819089770317,0.002525073243305087
19279,0,1,explicit_mmr,implicit_mmr,test,0.38907191157341003,0.5872815251350403,0.011250212788581848,7.721663860138506e-05,0.0049837371334433556,0.007335304748266935
19281,3,5,no_method_signal,quant_only,test,0.0006696194177493453,0.0033781658858060837,0.06462963670492172,0.36517533659935,0.0026186800096184015,0.5635285973548889
19320,3,4,no_method_signal,qual_only,test,0.0058443243615329266,0.011850789189338684,0.3855488896369934,0.018529154360294342,0.45424386858940125,0.12398286908864975
19398,0,1,explicit_mmr,implicit_mmr,test,0.4827733337879181,0.5056623220443726,0.0023506723809987307,6.971088441787288e-05,0.008133213967084885,0.0010108457645401359
19399,1,0,implicit_mmr,explicit_mmr,test,0.42664918303489685,0.41746649146080017,0.08019479364156723,0.00032712731626816094,0.006265905220061541,0.06909650564193726
19459,2,4,multi_method_not_mmr,qual_only,test,0.00536359241232276,0.010644913651049137,0.23358586430549622,0.003823269158601761,0.7113691568374634,0.03521319851279259
19473,1,5,implicit_mmr,quant_only,test,0.00458013080060482,0.009222409687936306,0.32513949275016785,0.06230993568897247,0.012338872998952866,0.5864091515541077
19525,3,5,no_method_signal,quant_only,test,0.0007418975583277643,0.0009757055668160319,0.4280256927013397,0.13626383244991302,0.004207202233374119,0.42978566884994507
19632,5,5,quant_only,quant_only,test,0.011819836683571339,0.019801754504442215,0.21863862872123718,0.02058531902730465,0.0015677333576604724,0.7275867462158203
19657,5,5,quant_only,quant_only,test,0.00397383701056242,0.01965157687664032,0.18677127361297607,0.048213038593530655,0.002327089663594961,0.7390632033348083
19745,5,3,quant_only,no_method_signal,test,0.0002594192628748715,0.0017508270684629679,0.18545107543468475,0.565739095211029,0.0011184117756783962,0.24568116664886475
19768,0,1,explicit_mmr,implicit_mmr,test,0.4658333361148834,0.483935683965683,0.014285339042544365,6.907903298269957e-05,0.022197822108864784,0.013678713701665401
19796,2,4,multi_method_not_mmr,qual_only,test,0.009959905408322811,0.028522618114948273,0.016033563762903214,0.00030288027483038604,0.9434918761253357,0.00168916629627347
20169,4,4,qual_only,qual_only,test,0.09397843480110168,0.13833963871002197,0.0030383418779820204,0.00019255276129115373,0.7638664245605469,0.0005845550331287086
20264,3,2,no_method_signal,multi_method_not_mmr,test,0.016319388523697853,0.04002460837364197,0.5140962600708008,0.010224197059869766,0.18805599212646484,0.23127959668636322
20363,0,4,explicit_mmr,qual_only,test,0.3088946044445038,0.2501562237739563,0.001985980896279216,0.0001479772327002138,0.4381292164325714,0.000686126237269491
20364,1,1,implicit_mmr,implicit_mmr,test,0.28866297006607056,0.470655620098114,0.0018375563668087125,7.758244464639574e-05,0.2382124364376068,0.0005537996185012162
20366,1,4,implicit_mmr,qual_only,test,0.20627601444721222,0.32365721464157104,0.0022452743723988533,0.0001252474612556398,0.4671688377857208,0.0005273814313113689
20390,2,3,multi_method_not_mmr,no_method_signal,test,0.00021072519302833825,0.0014443862019106746,0.06010058522224426,0.6927733421325684,0.0011194931576028466,0.24435143172740936
20399,5,2,quant_only,multi_method_not_mmr,test,0.006019965745508671,0.010058891028165817,0.47167426347732544,0.05094112455844879,0.020143020898103714,0.44116276502609253
20579,0,4,explicit_mmr,qual_only,test,0.09410817176103592,0.1427721083164215,0.03503511846065521,0.00015347260341513902,0.7203311324119568,0.007599992211908102
20645,1,0,implicit_mmr,explicit_mmr,test,0.5739148855209351,0.4129791855812073,0.0016176034696400166,4.803778574569151e-05,0.010601993650197983,0.0008383314125239849
20647,4,1,qual_only,implicit_mmr,test,0.29840460419654846,0.6869178414344788,0.0028480517212301493,6.876793486298993e-05,0.009935688227415085,0.0018249759450554848
20674,1,0,implicit_mmr,explicit_mmr,test,0.5853267312049866,0.4041207432746887,0.00370853953063488,7.940811337903142e-05,0.004766598343849182,0.0019979749340564013
20948,5,5,quant_only,quant_only,test,0.041853971779346466,0.23861753940582275,0.32652801275253296,0.002132380846887827,0.016943566501140594,0.37392452359199524
20960,5,5,quant_only,quant_only,test,0.0012545614736154675,0.00938889104872942,0.3570374548435211,0.019301854074001312,0.003524753265082836,0.6094925403594971
20999,4,3,qual_only,no_method_signal,test,3.151709461235441e-05,0.0001557102077640593,0.015570561401546001,0.971114456653595,0.0007431483245454729,0.012384660542011261
21065,2,3,multi_method_not_mmr,no_method_signal,test,7.706457108724862e-05,0.0004262984439264983,0.09082148224115372,0.8589152693748474,0.016424955800175667,0.03333489969372749
21136,2,0,multi_method_not_mmr,explicit_mmr,test,0.5398383736610413,0.24121615290641785,0.10987954586744308,0.0005732839927077293,0.017767252400517464,0.09072548151016235
21256,3,5,no_method_signal,quant_only,test,0.0029618248809129,0.006727239582687616,0.3214336335659027,0.0581078976392746,0.011364901438355446,0.599404513835907
21285,0,0,explicit_mmr,explicit_mmr,test,0.5993248820304871,0.3799434304237366,0.0008078159880824387,7.827605440979823e-05,0.019198477268218994,0.000647044915240258
21397,5,5,quant_only,quant_only,test,0.003953633829951286,0.008010928519070148,0.2631899416446686,0.037324171513319016,0.001782811596058309,0.6857385635375977
21413,1,5,implicit_mmr,quant_only,test,0.014231154695153236,0.0446012020111084,0.2509371042251587,0.016522450372576714,0.002017105231061578,0.6716910004615784
21415,0,1,explicit_mmr,implicit_mmr,test,0.21092060208320618,0.4113924503326416,0.16528235375881195,0.0011908126762136817,0.0042666043154895306,0.20694713294506073
21503,1,0,implicit_mmr,explicit_mmr,test,0.5817811489105225,0.4042440354824066,0.002842927584424615,3.248250504839234e-05,0.009768306277692318,0.0013311279471963644
21528,3,5,no_method_signal,quant_only,test,0.003684185678139329,0.00790425669401884,0.37312889099121094,0.0421939454972744,0.019458523020148277,0.5536301732063293
21569,5,0,quant_only,explicit_mmr,test,0.5327034592628479,0.31612396240234375,0.07567724585533142,0.00028688026941381395,0.007306843064725399,0.06790155172348022
21606,4,2,qual_only,multi_method_not_mmr,test,0.007358452770859003,0.07422632724046707,0.47196316719055176,0.008336490020155907,0.07092199474573135,0.3671935498714447
21617,2,5,multi_method_not_mmr,quant_only,test,0.20642618834972382,0.27285459637641907,0.19387027621269226,0.0016293106600642204,0.003331956220790744,0.32188764214515686
21774,0,0,explicit_mmr,explicit_mmr,test,0.5373589396476746,0.39184650778770447,0.03259231150150299,0.000188677673577331,0.005239362362772226,0.032774221152067184
21808,0,4,explicit_mmr,qual_only,test,0.042516037821769714,0.07622944563627243,0.005656151100993156,0.00016462872736155987,0.8745026588439941,0.0009310398600064218
21819,2,5,multi_method_not_mmr,quant_only,test,0.003017241368070245,0.017456721514463425,0.17044629156589508,0.03118172474205494,0.001302880235016346,0.7765951156616211
21890,0,1,explicit_mmr,implicit_mmr,test,0.3534616529941559,0.6044232845306396,0.005340388976037502,3.513740739435889e-05,0.03374920040369034,0.0029902819078415632
22142,0,1,explicit_mmr,implicit_mmr,test,0.4590819478034973,0.48814404010772705,0.0008026454015634954,9.965604112949222e-05,0.05155125632882118,0.0003204758104402572
22143,0,1,explicit_mmr,implicit_mmr,test,0.38161882758140564,0.5637972354888916,0.0009521435131318867,7.756153354421258e-05,0.053118620067834854,0.00043551024282351136
22232,0,0,explicit_mmr,explicit_mmr,test,0.7091335654258728,0.2525827884674072,0.012400323525071144,6.17253826931119e-05,0.017494751140475273,0.008326921612024307
22234,0,4,explicit_mmr,qual_only,test,0.05472607910633087,0.038151104003190994,0.047117482870817184,0.00041536500793881714,0.8543427586555481,0.00524715892970562
22263,2,3,multi_method_not_mmr,no_method_signal,test,0.00037174700992181897,0.002361270599067211,0.19307108223438263,0.4054209887981415,0.004526254255324602,0.39424869418144226
22326,5,1,quant_only,implicit_mmr,test,0.11908102035522461,0.7630842924118042,0.012321711517870426,8.704860374564305e-05,0.09716500341892242,0.008260844275355339
22347,0,0,explicit_mmr,explicit_mmr,test,0.5446167588233948,0.34098511934280396,0.04536043480038643,0.00018052788800559938,0.041569024324417114,0.027288204059004784
22388,0,0,explicit_mmr,explicit_mmr,test,0.432466059923172,0.43031901121139526,0.0014506320003420115,7.813938282197341e-05,0.13513220846652985,0.00055392348440364
22403,5,0,quant_only,explicit_mmr,test,0.506531834602356,0.21897907555103302,0.1327069252729416,0.0009310687310062349,0.020232096314430237,0.12061906605958939
22409,0,0,explicit_mmr,explicit_mmr,test,0.7297804951667786,0.21712283790111542,0.027758590877056122,0.00013205860159359872,0.01091240905225277,0.014293579384684563
22465,0,0,explicit_mmr,explicit_mmr,test,0.672978401184082,0.2389947474002838,0.03491603210568428,0.00021374340576585382,0.032522473484277725,0.020374534651637077
22895,5,5,quant_only,quant_only,test,0.015502757392823696,0.015390144661068916,0.37775883078575134,0.022453172132372856,0.0008653051918372512,0.5680298209190369
22964,4,3,qual_only,no_method_signal,test,3.053685213671997e-05,0.0001504903775639832,0.015232103876769543,0.9713629484176636,0.0007270999485626817,0.012496882118284702
22995,0,0,explicit_mmr,explicit_mmr,test,0.6973739266395569,0.2724296748638153,0.00846518948674202,4.714542592409998e-05,0.0184337068349123,0.0032503288239240646
23003,0,2,explicit_mmr,multi_method_not_mmr,test,0.01430497132241726,0.014935765415430069,0.39852285385131836,0.010029271245002747,0.34616127610206604,0.2160458266735077
23054,2,2,multi_method_not_mmr,multi_method_not_mmr,test,0.005000571254640818,0.008092010393738747,0.5108875632286072,0.0605296716094017,0.23487506806850433,0.1806151419878006
23063,3,5,no_method_signal,quant_only,test,0.0007059208583086729,0.0018607816891744733,0.2654598355293274,0.168371319770813,0.005356636829674244,0.5582454800605774
23098,0,0,explicit_mmr,explicit_mmr,test,0.6183266639709473,0.33487826585769653,0.019630083814263344,9.054439578903839e-05,0.017685333266854286,0.009389108046889305
23211,0,4,explicit_mmr,qual_only,test,0.0388919934630394,0.1322651505470276,0.008105417713522911,0.000165275065228343,0.8190329074859619,0.00153920182492584
23320,4,2,qual_only,multi_method_not_mmr,test,0.005633179564028978,0.0562659427523613,0.48257938027381897,0.010729970410466194,0.08595462888479233,0.3588368892669678
23451,0,0,explicit_mmr,explicit_mmr,test,0.5106229782104492,0.34088385105133057,0.07816711813211441,0.00021610189287457615,0.030493799597024918,0.03961621969938278
23605,2,3,multi_method_not_mmr,no_method_signal,test,0.00013520872744265944,0.0007688675541430712,0.180955708026886,0.6733165383338928,0.07795252650976181,0.06687115877866745
23752,0,0,explicit_mmr,explicit_mmr,test,0.5259291529655457,0.46211376786231995,0.0025222336407750845,5.946198871242814e-05,0.007339401636272669,0.00203607021830976
23959,0,0,explicit_mmr,explicit_mmr,test,0.6482089161872864,0.3255443871021271,0.0008271783008240163,6.764828140148893e-05,0.024783775210380554,0.0005681167240254581
24077,0,0,explicit_mmr,explicit_mmr,test,0.7161437273025513,0.2551487684249878,0.004198051989078522,4.7910936700645834e-05,0.02327330783009529,0.0011882558465003967
24079,0,4,explicit_mmr,qual_only,test,0.3189895749092102,0.2940951883792877,0.0019499367335811257,0.00013005963410250843,0.3843705356121063,0.0004646673914976418
24091,0,1,explicit_mmr,implicit_mmr,test,0.41024211049079895,0.45097991824150085,0.06854826956987381,0.00011708365491358563,0.006864363327622414,0.06324833631515503
24092,0,1,explicit_mmr,implicit_mmr,test,0.18092361092567444,0.7630133628845215,0.02705494314432144,0.0001085569747374393,0.006627919618040323,0.02227163314819336
24367,4,2,qual_only,multi_method_not_mmr,test,0.030454371124505997,0.041657838970422745,0.46798235177993774,0.0035765599459409714,0.004115458577871323,0.45221346616744995
24416,2,5,multi_method_not_mmr,quant_only,test,0.001838098862208426,0.0032485041301697493,0.20520588755607605,0.06516218185424805,0.0016772175440564752,0.7228680849075317
24489,3,5,no_method_signal,quant_only,test,0.0010735433315858245,0.001647786470130086,0.2970181405544281,0.11952841281890869,0.0043933517299592495,0.5763387084007263
24598,1,5,implicit_mmr,quant_only,test,0.1550738513469696,0.2814912796020508,0.2679031193256378,0.0008431925089098513,0.007112761493772268,0.2875758111476898
24650,0,1,explicit_mmr,implicit_mmr,test,0.47481057047843933,0.5044350028038025,0.006236438639461994,3.126479350612499e-05,0.011113220825791359,0.003373554442077875
24860,0,4,explicit_mmr,qual_only,test,0.0955289751291275,0.21963272988796234,0.0037116645835340023,0.00014763284707441926,0.6800298094749451,0.0009491798700764775
24937,0,4,explicit_mmr,qual_only,test,0.33456680178642273,0.2524396777153015,0.001911989995278418,0.00014924080460332334,0.410254567861557,0.0006776159279979765
24948,4,5,qual_only,quant_only,test,0.009777549654245377,0.02822999097406864,0.37060198187828064,0.008348347619175911,0.0022232714109122753,0.5808188915252686
24949,0,0,explicit_mmr,explicit_mmr,test,0.7030944228172302,0.2653389275074005,0.016921546310186386,0.00014505886065308005,0.003929776139557362,0.010570315644145012
24957,4,1,qual_only,implicit_mmr,test,0.1909552365541458,0.7932303547859192,0.0026625196915119886,0.00010438973549753428,0.011142362840473652,0.001905075623653829
25034,4,4,qual_only,qual_only,test,0.061013758182525635,0.11721540242433548,0.00423752935603261,0.0001720962318358943,0.8164181709289551,0.0009429735946469009
25045,4,2,qual_only,multi_method_not_mmr,test,0.023718656972050667,0.01774003729224205,0.6370561122894287,0.005498558282852173,0.00985128153115511,0.3061353862285614
25046,4,0,qual_only,explicit_mmr,test,0.40804025530815125,0.29354894161224365,0.08503863215446472,0.0002952067006845027,0.19502155482769012,0.018055442720651627
25047,4,0,qual_only,explicit_mmr,test,0.4306737780570984,0.2520584166049957,0.03690856695175171,0.00020761849009431899,0.2732096314430237,0.006941885221749544
25106,1,4,implicit_mmr,qual_only,test,0.03583751618862152,0.11914585530757904,0.13778741657733917,0.0005870494642294943,0.681710958480835,0.024931181222200394
25107,1,4,implicit_mmr,qual_only,test,0.06683680415153503,0.12318340688943863,0.0057434155605733395,0.00014299151371233165,0.8030083179473877,0.001085037481971085
25130,0,1,explicit_mmr,implicit_mmr,test,0.4040772318840027,0.5838096737861633,0.0013380208984017372,4.63204960396979e-05,0.009870286099612713,0.0008583065937273204
25195,5,0,quant_only,explicit_mmr,test,0.745661735534668,0.21004192531108856,0.018535643815994263,0.00013006826338823885,0.013941341079771519,0.011689333245158195
25279,5,5,quant_only,quant_only,test,0.002804338466376066,0.007210050709545612,0.21781682968139648,0.06736420094966888,0.001968955621123314,0.7028356194496155
25285,0,0,explicit_mmr,explicit_mmr,test,0.6980294585227966,0.22357177734375,0.044255584478378296,0.0001640160335227847,0.007600334007292986,0.026378946378827095
25641,1,0,implicit_mmr,explicit_mmr,test,0.7134854197502136,0.26476314663887024,0.004709793720394373,4.318766877986491e-05,0.014664631336927414,0.0023337684106081724
25702,3,5,no_method_signal,quant_only,test,0.00046259461669251323,0.0014681632164865732,0.2599484622478485,0.2505294382572174,0.0015773174818605185,0.48601391911506653
25812,2,4,multi_method_not_mmr,qual_only,test,0.00044292016536928713,0.009596536867320538,0.3236396312713623,0.09295615553855896,0.34611544013023376,0.2272493541240692
25817,5,3,quant_only,no_method_signal,test,9.187279647449031e-05,0.001210480579175055,0.048839811235666275,0.8329149484634399,0.004866362549364567,0.1120765209197998
25820,0,0,explicit_mmr,explicit_mmr,test,0.7312449216842651,0.25426462292671204,0.0018269112333655357,4.4753673137165606e-05,0.011322966776788235,0.0012958645820617676
25823,0,0,explicit_mmr,explicit_mmr,test,0.5422577857971191,0.39396029710769653,0.0008554337546229362,7.979419024195522e-05,0.062419258058071136,0.0004275282844901085
25843,0,0,explicit_mmr,explicit_mmr,test,0.7309854030609131,0.25453758239746094,0.0018153320997953415,4.47974780399818e-05,0.011327781714498997,0.0012891680235043168
25904,0,0,explicit_mmr,explicit_mmr,test,0.6625420451164246,0.31442973017692566,0.0008708647219464183,7.78990433900617e-05,0.02146872505545616,0.0006107427761889994
25986,0,0,explicit_mmr,explicit_mmr,test,0.3716985583305359,0.2859295606613159,0.003124512964859605,8.186391642084345e-05,0.3381739854812622,0.0009916115086525679
26155,0,0,explicit_mmr,explicit_mmr,test,0.6905038356781006,0.27952420711517334,0.0009108962840400636,7.81440976425074e-05,0.028346341103315353,0.0006366371526382864
26173,1,4,implicit_mmr,qual_only,test,0.18478384613990784,0.29665863513946533,0.002352654468268156,0.00013438724272418767,0.5155317783355713,0.0005387042183429003
26291,0,4,explicit_mmr,qual_only,test,0.28893783688545227,0.29542964696884155,0.0018926915945485234,0.00017858516366686672,0.41288870573043823,0.0006724114064127207
26294,0,4,explicit_mmr,qual_only,test,0.17834019660949707,0.2075500339269638,0.011477145366370678,9.261555533157662e-05,0.6005731225013733,0.001966899260878563
26304,0,0,explicit_mmr,explicit_mmr,test,0.3553362786769867,0.173224076628685,0.1991410255432129,0.0018862165743485093,0.12298589944839478,0.14742660522460938
26350,0,5,explicit_mmr,quant_only,test,0.015386562794446945,0.06581131368875504,0.4390680491924286,0.010803939774632454,0.013947702944278717,0.45498237013816833
26369,0,2,explicit_mmr,multi_method_not_mmr,test,0.07364584505558014,0.23419031500816345,0.3638651669025421,0.0022278029937297106,0.009898499585688114,0.31617236137390137
26444,0,0,explicit_mmr,explicit_mmr,test,0.3670803904533386,0.2572655975818634,0.2066716104745865,0.000490395468659699,0.07809607684612274,0.09039593487977982
26534,4,4,qual_only,qual_only,test,0.12580719590187073,0.27449214458465576,0.004812208469957113,0.00011281169281573966,0.5934845805168152,0.0012910471996292472
26544,1,0,implicit_mmr,explicit_mmr,test,0.5550845861434937,0.41221579909324646,0.0012827208265662193,3.723868940141983e-05,0.03091541677713394,0.00046418761485256255
26545,1,1,implicit_mmr,implicit_mmr,test,0.46867790818214417,0.4897543787956238,0.0008373049204237759,6.590672273887321e-05,0.040342845022678375,0.00032156126690097153
26548,0,0,explicit_mmr,explicit_mmr,test,0.6449339985847473,0.2071898728609085,0.07039757072925568,0.00031907763332128525,0.02442002296447754,0.05273952707648277
26551,0,4,explicit_mmr,qual_only,test,0.06244722753763199,0.1157066598534584,0.003924613352864981,0.00015212428115773946,0.8170895576477051,0.0006798856193199754
26552,0,4,explicit_mmr,qual_only,test,0.11030872166156769,0.2417422980070114,0.002764711854979396,0.0001670100464252755,0.6443738341331482,0.0006433940143324435
26645,5,0,quant_only,explicit_mmr,test,0.7466086149215698,0.21196717023849487,0.017004303634166718,0.00011982937576249242,0.013091865926980972,0.01120823249220848
26661,4,0,qual_only,explicit_mmr,test,0.35190197825431824,0.30392903089523315,0.06193914636969566,0.0002257454616483301,0.2694174647331238,0.012586488388478756
26680,0,0,explicit_mmr,explicit_mmr,test,0.5826850533485413,0.3961750864982605,0.008727269247174263,3.944975833292119e-05,0.0060193841345608234,0.006353687960654497
26681,0,0,explicit_mmr,explicit_mmr,test,0.5081014633178711,0.4737851321697235,0.0014402962988242507,2.7889600460184738e-05,0.01577165350317955,0.0008735759183764458
26752,0,0,explicit_mmr,explicit_mmr,test,0.6478936076164246,0.10151487588882446,0.15165938436985016,0.0007051861030049622,0.01519675925374031,0.08303016424179077
26939,1,5,implicit_mmr,quant_only,test,0.005573687143623829,0.018225863575935364,0.3113623559474945,0.03638701140880585,0.0017301611369475722,0.6267209053039551
26943,1,5,implicit_mmr,quant_only,test,0.0131057258695364,0.02862847037613392,0.36352860927581787,0.021695077419281006,0.0016255188966169953,0.5714165568351746
26945,1,5,implicit_mmr,quant_only,test,0.017174601554870605,0.03506767377257347,0.36047297716140747,0.01969166472554207,0.001846690895035863,0.5657463669776917
26954,1,5,implicit_mmr,quant_only,test,0.0035295854322612286,0.012242582626640797,0.3040979206562042,0.05103300139307976,0.0015222860965877771,0.627574622631073
26965,4,0,qual_only,explicit_mmr,test,0.5118103623390198,0.4562346637248993,0.0016714977100491524,2.7786652935901657e-05,0.029453521594405174,0.000802220543846488
26976,3,5,no_method_signal,quant_only,test,0.0006627402035519481,0.0016151090385392308,0.19184908270835876,0.17265379428863525,0.0014444561675190926,0.6317747831344604
26977,1,5,implicit_mmr,quant_only,test,0.008161548525094986,0.02974327653646469,0.3039862811565399,0.02670823410153389,0.0020415091421455145,0.6293591856956482
26995,4,4,qual_only,qual_only,test,0.03464706987142563,0.08434028178453445,0.003904698183760047,0.00024039244453888386,0.8761863112449646,0.0006812505889683962
27050,1,1,implicit_mmr,implicit_mmr,test,0.38091686367988586,0.5216967463493347,0.0011349866399541497,8.130486094160005e-05,0.09573716670274734,0.00043290245230309665
27052,0,2,explicit_mmr,multi_method_not_mmr,test,0.016507139429450035,0.04583748057484627,0.3655201494693756,0.006278864573687315,0.3222512900829315,0.24360500276088715
27056,0,0,explicit_mmr,explicit_mmr,test,0.5553625822067261,0.4283260405063629,0.0035573586355894804,5.2387560572242364e-05,0.009965362027287483,0.0027362778782844543
27078,2,5,multi_method_not_mmr,quant_only,test,0.00928947702050209,0.004031600896269083,0.39381763339042664,0.030183298513293266,0.005862145218998194,0.5568158626556396
27111,4,0,qual_only,explicit_mmr,test,0.4776252210140228,0.3044798970222473,0.025887325406074524,0.00012799525575246662,0.18582840263843536,0.006051213946193457
27381,0,0,explicit_mmr,explicit_mmr,test,0.7997315526008606,0.13947001099586487,0.030464740470051765,0.0002178999420721084,0.006920109037309885,0.023195656016469002
27382,0,0,explicit_mmr,explicit_mmr,test,0.7453251481056213,0.22659426927566528,0.013868879526853561,0.00015737955982331187,0.005531176924705505,0.008523179218173027
27572,5,0,quant_only,explicit_mmr,test,0.6805993914604187,0.20796827971935272,0.049657635390758514,0.00036105740582570434,0.004513256251811981,0.05690046027302742
27585,3,3,no_method_signal,no_method_signal,test,2.115348615916446e-05,0.00013643899001181126,0.011807145550847054,0.9762653708457947,0.0012515689013525844,0.010518246330320835
27607,4,5,qual_only,quant_only,test,0.0007146220305003226,0.013865198940038681,0.31165891885757446,0.22163711488246918,0.06076103448867798,0.39136311411857605
27636,0,4,explicit_mmr,qual_only,test,0.12352888286113739,0.13048802316188812,0.0061954292468726635,0.00011654790432658046,0.7388438582420349,0.0008272038539871573
27706,2,4,multi_method_not_mmr,qual_only,test,0.04546593502163887,0.0741613507270813,0.06271937489509583,0.00029471295420080423,0.8099183440208435,0.007440248969942331
27798,0,1,explicit_mmr,implicit_mmr,test,0.2993788421154022,0.5591535568237305,0.001402335474267602,0.00015750432794447988,0.13931582868099213,0.0005919977556914091
27806,2,5,multi_method_not_mmr,quant_only,test,0.0005661005270667374,0.002358660101890564,0.10976322740316391,0.23572812974452972,0.0012203732039779425,0.6503635048866272
27856,0,0,explicit_mmr,explicit_mmr,test,0.7842499613761902,0.19028830528259277,0.011476347222924232,0.00012461317237466574,0.006544974632561207,0.00731589924544096
27859,0,0,explicit_mmr,explicit_mmr,test,0.7321907877922058,0.2350744903087616,0.014246543869376183,8.761295612202957e-05,0.00860392302274704,0.00979658029973507
27861,5,0,quant_only,explicit_mmr,test,0.6728554368019104,0.17632128298282623,0.07029803842306137,0.000501953181810677,0.005234564188867807,0.07478871941566467
28192,1,0,implicit_mmr,explicit_mmr,test,0.596702516078949,0.3655736744403839,0.015396521426737309,0.00015829304174985737,0.0025167588610202074,0.01965225115418434
28204,1,0,implicit_mmr,explicit_mmr,test,0.6221791505813599,0.33793026208877563,0.015790823847055435,0.00018253701273351908,0.0024455508682876825,0.021471736952662468
28216,1,1,implicit_mmr,implicit_mmr,test,0.35047969222068787,0.5900864601135254,0.028942935168743134,0.0002827667340170592,0.002428070642054081,0.027780091390013695
28225,3,4,no_method_signal,qual_only,test,0.07754963636398315,0.21613630652427673,0.008930814452469349,0.00011525247828103602,0.6955418586730957,0.0017261982429772615
28271,0,1,explicit_mmr,implicit_mmr,test,0.33494940400123596,0.3674059212207794,0.0012976131401956081,0.0002398551005171612,0.2955071032047272,0.0006001524161547422
28362,1,0,implicit_mmr,explicit_mmr,test,0.46366992592811584,0.4120705723762512,0.05614767223596573,0.0005364925018511713,0.0020956441294401884,0.06547972559928894
28405,5,5,quant_only,quant_only,test,0.036299899220466614,0.03168778866529465,0.32068997621536255,0.010045760311186314,0.0018870539497584105,0.5993894934654236
28406,5,5,quant_only,quant_only,test,0.018401091918349266,0.020792288705706596,0.30849727988243103,0.014474237337708473,0.001634446787647903,0.6362006068229675
28407,5,5,quant_only,quant_only,test,0.022745942696928978,0.024264663457870483,0.32010820508003235,0.012429106049239635,0.0016456233570352197,0.6188064217567444
28451,0,5,explicit_mmr,quant_only,test,0.08495157212018967,0.022328510880470276,0.41314005851745605,0.007860745303332806,0.005354928784072399,0.4663642346858978
28461,1,5,implicit_mmr,quant_only,test,0.0769505426287651,0.0335502102971077,0.28038665652275085,0.008116894401609898,0.0016558477655053139,0.5993399024009705
28532,2,5,multi_method_not_mmr,quant_only,test,0.003050281200557947,0.0039915721863508224,0.3326876163482666,0.07105576992034912,0.0009452002705074847,0.5882695317268372
28592,0,0,explicit_mmr,explicit_mmr,test,0.36781808733940125,0.25870683789253235,0.17789502441883087,0.0015556865837424994,0.002404669066891074,0.1916196346282959
28600,1,5,implicit_mmr,quant_only,test,0.04329179227352142,0.22063837945461273,0.1728806346654892,0.003023505210876465,0.007850187830626965,0.5523155331611633
28714,0,0,explicit_mmr,explicit_mmr,test,0.6211193799972534,0.3654381334781647,0.002666856162250042,5.4652817198075354e-05,0.008539674803614616,0.0021812438499182463
28836,0,0,explicit_mmr,explicit_mmr,test,0.751928448677063,0.21490205824375153,0.0014852884924039245,6.285161362029612e-05,0.030966471880674362,0.0006548842065967619
28851,0,0,explicit_mmr,explicit_mmr,test,0.7959682941436768,0.1494448333978653,0.02856558747589588,0.00019756807887461036,0.004141966812312603,0.021681685000658035
28852,0,0,explicit_mmr,explicit_mmr,test,0.7923902869224548,0.19087915122509003,0.0019332150695845485,5.674266867572442e-05,0.01351879071444273,0.0012218831107020378
28854,1,0,implicit_mmr,explicit_mmr,test,0.7157965302467346,0.2414209395647049,0.018136635422706604,0.00010322814341634512,0.006578614003956318,0.017963962629437447
28891,0,5,explicit_mmr,quant_only,test,0.24786168336868286,0.12936259806156158,0.2486841231584549,0.0028724235016852617,0.010827978141605854,0.3603912591934204
28964,2,3,multi_method_not_mmr,no_method_signal,test,0.00013720965944230556,0.002591540105640888,0.08942687511444092,0.6867563128471375,0.010856522247195244,0.21023151278495789
28982,2,1,multi_method_not_mmr,implicit_mmr,test,0.345205694437027,0.4480554461479187,0.001318471971899271,0.00010274788655806333,0.20476630330085754,0.0005513385985977948
29031,4,4,qual_only,qual_only,test,0.082536481320858,0.15648652613162994,0.003967501688748598,0.00014947661838959903,0.7559144496917725,0.0009455803083255887
29032,4,4,qual_only,qual_only,test,0.05208243802189827,0.08976476639509201,0.0030336901545524597,0.00030871096532791853,0.8543547987937927,0.00045565172331407666
29108,0,4,explicit_mmr,qual_only,test,0.2925701439380646,0.2844782769680023,0.002052085706964135,0.00013404378842096776,0.4202878177165985,0.00047771655954420567
29127,2,3,multi_method_not_mmr,no_method_signal,test,2.6371590138296597e-05,0.0001590050960658118,0.015730664134025574,0.9725778102874756,0.0019378159195184708,0.00956835225224495
29130,2,3,multi_method_not_mmr,no_method_signal,test,9.160606714431196e-05,0.000610707385931164,0.16951055824756622,0.7336310744285583,0.02093183994293213,0.0752241462469101
29169,3,3,no_method_signal,no_method_signal,test,2.6581119527691044e-05,0.0002643806510604918,0.010026359930634499,0.9663383364677429,0.0027649193070828915,0.020579420030117035
29193,0,1,explicit_mmr,implicit_mmr,test,0.3243294358253479,0.3912588953971863,0.0013788404176011682,0.00016058892651926726,0.28232741355895996,0.0005447833682410419
29368,2,4,multi_method_not_mmr,qual_only,test,0.0009536006255075336,0.002392933936789632,0.17449796199798584,0.17568568885326385,0.5586292147636414,0.08784057199954987
29623,0,0,explicit_mmr,explicit_mmr,test,0.7156689167022705,0.23864635825157166,0.023043520748615265,0.00013151469465810806,0.0038871592842042446,0.01862250827252865
29624,0,0,explicit_mmr,explicit_mmr,test,0.6531791090965271,0.335400253534317,0.003590239677578211,5.780954234069213e-05,0.004646867047995329,0.0031257341615855694
29625,0,0,explicit_mmr,explicit_mmr,test,0.6516479253768921,0.33653077483177185,0.003878890536725521,5.919101386098191e-05,0.004490709397941828,0.003392399288713932
29626,0,0,explicit_mmr,explicit_mmr,test,0.7355962991714478,0.20869988203048706,0.028963616117835045,0.0001505307445768267,0.005345277488231659,0.021244263276457787
29627,0,0,explicit_mmr,explicit_mmr,test,0.6236051917076111,0.3591914474964142,0.007072078995406628,7.410078978864476e-05,0.004642055835574865,0.005415090825408697
29667,0,0,explicit_mmr,explicit_mmr,test,0.562448263168335,0.34053274989128113,0.000886441848706454,9.53466587816365e-05,0.09563779085874557,0.00039938645204529166
29690,0,0,explicit_mmr,explicit_mmr,test,0.7199575901031494,0.21956942975521088,0.03490252420306206,0.00019556331972125918,0.004900407511740923,0.020474489778280258
29734,1,0,implicit_mmr,explicit_mmr,test,0.5752128958702087,0.38963744044303894,0.0010687699541449547,5.4112464567879215e-05,0.033678941428661346,0.00034783026785589755
29735,1,1,implicit_mmr,implicit_mmr,test,0.4611811637878418,0.5050008893013,0.0007209604955278337,6.779954128433019e-05,0.032657306641340256,0.00037188001442700624
29736,1,0,implicit_mmr,explicit_mmr,test,0.5585376620292664,0.3921413719654083,0.0007122851675376296,7.742850721115246e-05,0.04815177991986275,0.0003794686635956168
29737,1,1,implicit_mmr,implicit_mmr,test,0.4146495461463928,0.5632646679878235,0.0009833064395934343,0.00015379198885057122,0.020562361925840378,0.0003862718294840306
29738,1,0,implicit_mmr,explicit_mmr,test,0.5419553518295288,0.4064176678657532,0.0007191434851847589,7.284700404852629e-05,0.05049804225564003,0.00033690378768369555
29739,1,1,implicit_mmr,implicit_mmr,test,0.4530197083950043,0.5126038193702698,0.0008119059493765235,9.567661618348211e-05,0.033156149089336395,0.00031272071646526456
29740,1,0,implicit_mmr,explicit_mmr,test,0.5120381712913513,0.4556633532047272,0.0008882195106707513,0.00011793077283073217,0.03102133981883526,0.00027096530538983643
29755,0,0,explicit_mmr,explicit_mmr,test,0.718568742275238,0.24480482935905457,0.017357217147946358,9.961165051208809e-05,0.011561834253370762,0.007607834879308939
29791,0,0,explicit_mmr,explicit_mmr,test,0.7752206325531006,0.18223553895950317,0.010403696447610855,6.738432421116158e-05,0.0282082948833704,0.0038644929882138968
29863,4,4,qual_only,qual_only,test,0.03656327724456787,0.08604991436004639,0.0038208395708352327,0.0002378930221311748,0.872667670249939,0.0006603748770430684
30040,2,1,multi_method_not_mmr,implicit_mmr,test,0.3259775936603546,0.34993016719818115,0.0019133215537294745,9.655460598878562e-05,0.32133200764656067,0.0007502785883843899
30112,0,0,explicit_mmr,explicit_mmr,test,0.5238085985183716,0.2609599828720093,0.0018713652389124036,9.056721319211647e-05,0.21262499690055847,0.0006444881437346339
30214,0,4,explicit_mmr,qual_only,test,0.14359943568706512,0.2753002643585205,0.0024029107298702,0.00016082690854091197,0.5779629945755005,0.0005735188024118543
30219,0,2,explicit_mmr,multi_method_not_mmr,test,0.04745861142873764,0.010151385329663754,0.653965175151825,0.008901204913854599,0.016350114718079567,0.26317355036735535
30220,0,4,explicit_mmr,qual_only,test,0.10362974554300308,0.09356385469436646,0.1661764681339264,0.0006231144652701914,0.6186213493347168,0.017385510727763176
30267,0,0,explicit_mmr,explicit_mmr,test,0.48185721039772034,0.03991599380970001,0.29835283756256104,0.004650825634598732,0.005204419605433941,0.17001867294311523
30345,0,0,explicit_mmr,explicit_mmr,test,0.720069169998169,0.17375244200229645,0.05501469969749451,0.0002220983151346445,0.007462484296411276,0.04347915202379227
30443,2,2,multi_method_not_mmr,multi_method_not_mmr,test,0.0876227468252182,0.06086751073598862,0.36443254351615906,0.0032703399192541838,0.3602433204650879,0.1235634833574295
30657,0,0,explicit_mmr,explicit_mmr,test,0.7870091795921326,0.174006387591362,0.01876981183886528,0.0001756366982590407,0.007948733866214752,0.0120902294293046
31242,0,0,explicit_mmr,explicit_mmr,test,0.8278831243515015,0.1181669607758522,0.014453147538006306,0.0001515340554760769,0.03462698683142662,0.004718296695500612
31457,0,0,explicit_mmr,explicit_mmr,test,0.6856698989868164,0.1559821516275406,0.002347801346331835,0.00017882305837702006,0.15525417029857635,0.0005671493709087372
31497,5,5,quant_only,quant_only,test,0.013741081580519676,0.014587339013814926,0.16356393694877625,0.029242532327771187,0.0007282527512870729,0.7781368494033813
31588,0,0,explicit_mmr,explicit_mmr,test,0.45884570479393005,0.446681946516037,0.0009755589999258518,6.385623419191688e-05,0.09297923743724823,0.0004537783679552376
31615,2,0,multi_method_not_mmr,explicit_mmr,test,0.8610826730728149,0.11131572723388672,0.004018810112029314,0.00025294822989962995,0.022646838799118996,0.0006830416386947036
31616,2,0,multi_method_not_mmr,explicit_mmr,test,0.8217467665672302,0.154534250497818,0.0021234722808003426,0.00012629547563847154,0.02101888693869114,0.0004503717354964465
31617,2,2,multi_method_not_mmr,multi_method_not_mmr,test,0.36615338921546936,0.03889976441860199,0.41658124327659607,0.004557362291961908,0.006981570739299059,0.16682659089565277
31737,2,5,multi_method_not_mmr,quant_only,test,0.21215276420116425,0.09044020622968674,0.27912524342536926,0.0044502271339297295,0.0027792879845947027,0.4110523462295532
31779,0,0,explicit_mmr,explicit_mmr,test,0.7399112582206726,0.19505800306797028,0.0013224313734099269,0.00015333933697547764,0.06316982954740524,0.00038517441134899855
31827,3,3,no_method_signal,no_method_signal,test,2.2515898308483884e-05,0.00013511125871445984,0.01373869925737381,0.976273775100708,0.002279737265780568,0.007550093811005354
31831,3,3,no_method_signal,no_method_signal,test,2.326660614926368e-05,0.0001444482186343521,0.015758730471134186,0.9732697606086731,0.002512353705242276,0.008291460573673248
31833,3,5,no_method_signal,quant_only,test,0.008715108036994934,0.07306233793497086,0.25538086891174316,0.017307879403233528,0.008396637625992298,0.6371371150016785
31835,3,5,no_method_signal,quant_only,test,0.00047023469232954085,0.00929881539195776,0.1487274318933487,0.3937956690788269,0.0070013804361224174,0.4407065808773041
31859,4,3,qual_only,no_method_signal,test,0.0001830726832849905,0.0015703041572123766,0.14404119551181793,0.5339418649673462,0.2733602225780487,0.0469033420085907
31861,4,4,qual_only,qual_only,test,0.0010674882214516401,0.0131996413692832,0.3490380346775055,0.011277399957180023,0.5179278254508972,0.10748951137065887
31862,4,4,qual_only,qual_only,test,0.0006917631253600121,0.009765533730387688,0.34080901741981506,0.023005014285445213,0.4972005784511566,0.12852808833122253
31863,3,5,no_method_signal,quant_only,test,0.0006599509506486356,0.011259350925683975,0.07798293232917786,0.15946166217327118,0.005612202454358339,0.7450239062309265
31864,2,4,multi_method_not_mmr,qual_only,test,0.003373310435563326,0.025631461292505264,0.22841182351112366,0.0023390885908156633,0.6971471309661865,0.04309724643826485
31872,5,5,quant_only,quant_only,test,0.030743777751922607,0.24842949211597443,0.26153597235679626,0.001992197707295418,0.02975516766309738,0.42754337191581726
31874,4,4,qual_only,qual_only,test,0.00715178856626153,0.029872959479689598,0.0362437441945076,0.00046079495223239064,0.922333836555481,0.003936844412237406
31879,3,3,no_method_signal,no_method_signal,test,2.5048069801414385e-05,0.00012246663391124457,0.012499974109232426,0.9783186316490173,0.0008836929919198155,0.00815021712332964
31911,3,3,no_method_signal,no_method_signal,test,8.469607564620674e-05,0.001518700155429542,0.09303636848926544,0.8249065279960632,0.012790841981768608,0.06766293942928314
31916,3,4,no_method_signal,qual_only,test,0.0009619314223527908,0.00347371818497777,0.11865084618330002,0.007884927093982697,0.8566610217094421,0.01236757542937994
31933,1,1,implicit_mmr,implicit_mmr,test,0.08075837045907974,0.7994253635406494,0.04197492450475693,0.0002526310854591429,0.042906053364276886,0.034682609140872955
31934,1,1,implicit_mmr,implicit_mmr,test,0.21555916965007782,0.6917321681976318,0.03723697364330292,9.32521652430296e-05,0.02545398660004139,0.02992459200322628
31936,2,3,multi_method_not_mmr,no_method_signal,test,0.00012173536379123107,0.0021708838175982237,0.1344396024942398,0.6463319659233093,0.08013027161359787,0.13680556416511536
31944,3,3,no_method_signal,no_method_signal,test,8.215019624913111e-05,0.0003439506981521845,0.030071396380662918,0.9602665305137634,0.0012742894468829036,0.007961667142808437
31945,5,2,quant_only,multi_method_not_mmr,test,0.0012866504257544875,0.00891480315476656,0.4054866135120392,0.20507025718688965,0.0023391637951135635,0.3769025206565857
31948,2,3,multi_method_not_mmr,no_method_signal,test,2.8635375201702118e-05,0.00015871331561356783,0.011048457585275173,0.9732282161712646,0.0006583862705156207,0.014877600595355034
31952,5,1,quant_only,implicit_mmr,test,0.2582285702228546,0.7049311995506287,0.0013200786197558045,6.615297024836764e-05,0.03478619083762169,0.0006678550271317363
31964,4,5,qual_only,quant_only,test,0.006898362655192614,0.09623554348945618,0.18367929756641388,0.01398932933807373,0.013552539981901646,0.6856449246406555
31973,2,3,multi_method_not_mmr,no_method_signal,test,3.6976736737415195e-05,0.00015728615107946098,0.023985400795936584,0.9647288918495178,0.004790309816598892,0.006301272660493851
31974,4,4,qual_only,qual_only,test,0.0006033271201886237,0.006892181001603603,0.28793787956237793,0.01934928260743618,0.6087777614593506,0.07643962651491165
31984,3,3,no_method_signal,no_method_signal,test,2.7373253033147193e-05,0.00015074180555529892,0.012907330878078938,0.9732438921928406,0.0007695839158259332,0.012901121750473976
31986,5,5,quant_only,quant_only,test,0.003698606276884675,0.06871893256902695,0.3473600447177887,0.011896041221916676,0.07614932954311371,0.4921770691871643
32003,4,3,qual_only,no_method_signal,test,0.00029789231484755874,0.0011370581341907382,0.2811695635318756,0.48040950298309326,0.21602290868759155,0.020963070914149284
32007,1,5,implicit_mmr,quant_only,test,0.022985244169831276,0.13942743837833405,0.21364109218120575,0.005530151538550854,0.008159155957400799,0.6102568507194519
32012,1,1,implicit_mmr,implicit_mmr,test,0.12491525709629059,0.8398599624633789,0.011088583618402481,6.834696978330612e-05,0.015427262522280216,0.00864062923938036
32019,4,4,qual_only,qual_only,test,0.0007332475506700575,0.00949014164507389,0.3557034730911255,0.02081598900258541,0.4979397654533386,0.11531741917133331
32020,2,5,multi_method_not_mmr,quant_only,test,0.0005561631987802684,0.002564274240285158,0.32206445932388306,0.3248569369316101,0.0022825817577540874,0.3476756513118744
32042,5,5,quant_only,quant_only,test,0.004569856449961662,0.02256728522479534,0.09272480756044388,0.04659934714436531,0.0012615107698366046,0.832277238368988
32054,5,1,quant_only,implicit_mmr,test,0.0847000852227211,0.5134903788566589,0.1278722733259201,0.00027336415951140225,0.19334177672863007,0.08032218366861343
32056,0,1,explicit_mmr,implicit_mmr,test,0.22264364361763,0.6732326745986938,0.009074943140149117,3.439565625740215e-05,0.09024610370397568,0.004768160171806812
32064,3,3,no_method_signal,no_method_signal,test,2.6493064069654793e-05,0.00013235685764811933,0.0145010557025671,0.9755465984344482,0.001333262654952705,0.008460133336484432
32065,4,3,qual_only,no_method_signal,test,4.2527131881797686e-05,0.0004302779270801693,0.03996465355157852,0.9353013038635254,0.003528953529894352,0.020732223987579346
32075,3,3,no_method_signal,no_method_signal,test,2.8241449399502017e-05,0.00015388964675366879,0.02212737873196602,0.9670746922492981,0.003627783851698041,0.006988116540014744
32087,2,5,multi_method_not_mmr,quant_only,test,0.0014513519126921892,0.02613602951169014,0.17925012111663818,0.050950199365615845,0.013905857689678669,0.7283064126968384
32093,0,5,explicit_mmr,quant_only,test,0.004126151092350483,0.03118308261036873,0.1480221450328827,0.05466536432504654,0.002395619871094823,0.7596076726913452
32095,4,1,qual_only,implicit_mmr,test,0.26314452290534973,0.7093333005905151,0.0014080565888434649,9.609092376194894e-05,0.025356538593769073,0.0006614900776185095
32105,2,3,multi_method_not_mmr,no_method_signal,test,8.464868005830795e-05,0.0002933292998932302,0.06082497164607048,0.9156564474105835,0.015466474927961826,0.0076741729862987995
32113,3,3,no_method_signal,no_method_signal,test,8.502179116476327e-05,0.00025614292826503515,0.053392745554447174,0.9285982847213745,0.010485228151082993,0.007182497531175613
32119,2,3,multi_method_not_mmr,no_method_signal,test,2.865509486582596e-05,0.00015475618420168757,0.01510583609342575,0.9707494378089905,0.0007382955518551171,0.013222961686551571
32121,2,3,multi_method_not_mmr,no_method_signal,test,2.9582088245660998e-05,0.00014672944962512702,0.014540298841893673,0.9724788069725037,0.0006772644119337201,0.012127337045967579
32133,5,5,quant_only,quant_only,test,0.0018758414080366492,0.01090913638472557,0.08407268673181534,0.08610565215349197,0.0014977827668190002,0.8155389428138733
32136,4,4,qual_only,qual_only,test,0.003010789630934596,0.01782497577369213,0.03450307622551918,0.0009110940154641867,0.9410275220870972,0.002722593490034342
32140,4,1,qual_only,implicit_mmr,test,0.0770706757903099,0.6432305574417114,0.04443053901195526,0.00019393762340769172,0.21343320608139038,0.021641092374920845
32153,5,5,quant_only,quant_only,test,0.002431208733469248,0.030309880152344704,0.31481456756591797,0.046817339956760406,0.007888615131378174,0.5977383852005005
32158,5,3,quant_only,no_method_signal,test,0.0003060006711166352,0.003409630386158824,0.05447351932525635,0.5000693798065186,0.0030724566895514727,0.43866899609565735
32168,0,1,explicit_mmr,implicit_mmr,test,0.12614965438842773,0.4415416121482849,0.20713350176811218,0.0009767793817445636,0.026118319481611252,0.1980801671743393
32184,5,4,quant_only,qual_only,test,0.014114380814135075,0.06460180133581161,0.015280975960195065,0.0003258895012550056,0.9027968049049377,0.0028801450971513987
32186,2,5,multi_method_not_mmr,quant_only,test,0.003918817732483149,0.025274448096752167,0.16417564451694489,0.026633433997631073,0.002011694712564349,0.7779858708381653
32189,3,3,no_method_signal,no_method_signal,test,6.476410635514185e-05,0.0006524054333567619,0.058593638241291046,0.8365488052368164,0.001556974952109158,0.10258334875106812
32190,3,2,no_method_signal,multi_method_not_mmr,test,0.005518526304513216,0.010249271057546139,0.5193471312522888,0.06017298251390457,0.001811324735172093,0.402900755405426
32193,3,3,no_method_signal,no_method_signal,test,2.3878616048023105e-05,0.00014357274631038308,0.015342529863119125,0.9741514325141907,0.00173926108982414,0.008599372580647469
32197,3,1,no_method_signal,implicit_mmr,test,0.08584059774875641,0.5710479617118835,0.13936960697174072,0.0008259490714408457,0.013947485946118832,0.1889684647321701
32202,1,5,implicit_mmr,quant_only,test,0.2298126518726349,0.19775904715061188,0.19291730225086212,0.0017052347538992763,0.0024401703849434853,0.3753657042980194
32210,5,5,quant_only,quant_only,test,0.0006676490302197635,0.0118110291659832,0.11494932323694229,0.20548316836357117,0.006840038578957319,0.6602487564086914
32226,1,1,implicit_mmr,implicit_mmr,test,0.11521034687757492,0.7398449182510376,0.005889527499675751,0.00016747895278967917,0.13421672582626343,0.004671089816838503
32228,3,3,no_method_signal,no_method_signal,test,2.3352980861091055e-05,0.00021149322856217623,0.015610172413289547,0.966343879699707,0.0032201630529016256,0.014591015875339508
32230,5,3,quant_only,no_method_signal,test,0.00029905870906077325,0.0030256847385317087,0.06484932452440262,0.5347827672958374,0.0021033301018178463,0.3949398100376129
32244,3,5,no_method_signal,quant_only,test,0.000892423267941922,0.02137567475438118,0.3321264684200287,0.047148045152425766,0.041035689413547516,0.5574216246604919
32245,5,5,quant_only,quant_only,test,0.006380289793014526,0.09912287443876266,0.28597041964530945,0.007782136555761099,0.018131688237190247,0.5826125741004944
32250,2,4,multi_method_not_mmr,qual_only,test,0.013093724846839905,0.0880325511097908,0.16616956889629364,0.0008331533172167838,0.6924935579299927,0.03937745466828346
32261,3,3,no_method_signal,no_method_signal,test,2.2062335119699128e-05,0.00016539872740395367,0.01428156066685915,0.9706225395202637,0.001744770212098956,0.013163655996322632
32262,2,3,multi_method_not_mmr,no_method_signal,test,2.6328807507525198e-05,0.0001406241935910657,0.014634267427027225,0.9745967984199524,0.0009585942607372999,0.009643351659178734
32270,5,5,quant_only,quant_only,test,0.007828742265701294,0.0852423757314682,0.31612029671669006,0.014943184331059456,0.01563916727900505,0.5602262616157532
32276,4,4,qual_only,qual_only,test,0.002151580061763525,0.03518079221248627,0.30339890718460083,0.009626771323382854,0.4062977731227875,0.243344247341156
32277,4,2,qual_only,multi_method_not_mmr,test,0.0023583301808685064,0.039683546870946884,0.36431074142456055,0.008630712516605854,0.23854351043701172,0.34647315740585327
32280,4,4,qual_only,qual_only,test,0.0024802801199257374,0.03920381888747215,0.32970693707466125,0.007994133979082108,0.3530252277851105,0.26758959889411926
32281,4,4,qual_only,qual_only,test,0.0011040819808840752,0.01722267083823681,0.29927313327789307,0.01850474812090397,0.45616957545280457,0.20772583782672882
32290,1,2,implicit_mmr,multi_method_not_mmr,test,0.0024999133311212063,0.03554892912507057,0.6401712894439697,0.011580253019928932,0.08503154665231705,0.2251681238412857
32291,0,1,explicit_mmr,implicit_mmr,test,0.24098558723926544,0.6859752535820007,0.030506066977977753,7.715885294601321e-05,0.021070891991257668,0.02138502523303032
32292,1,2,implicit_mmr,multi_method_not_mmr,test,0.008583907037973404,0.08428409695625305,0.5704691410064697,0.0035628878977149725,0.16881074011325836,0.16428932547569275
32293,1,2,implicit_mmr,multi_method_not_mmr,test,0.015966422855854034,0.12596862018108368,0.538267195224762,0.002912158379331231,0.11914367973804474,0.19774191081523895
32294,1,2,implicit_mmr,multi_method_not_mmr,test,0.0022242304403334856,0.03262104466557503,0.6273984909057617,0.013221521861851215,0.07283934950828552,0.2516954243183136
32295,3,3,no_method_signal,no_method_signal,test,0.00011044890561606735,0.0010936465114355087,0.040971238166093826,0.7914979457855225,0.001387525931932032,0.16493912041187286
32297,1,2,implicit_mmr,multi_method_not_mmr,test,0.0029254122637212276,0.040189869701862335,0.636224091053009,0.00993532408028841,0.08343838900327682,0.2272869497537613
32304,3,2,no_method_signal,multi_method_not_mmr,test,0.0005416670464910567,0.009905446320772171,0.5442538261413574,0.08670447021722794,0.10377341508865356,0.25482112169265747
32306,3,3,no_method_signal,no_method_signal,test,5.6394983403151855e-05,0.00013124023098498583,0.012627620249986649,0.9813826680183411,0.0006105671636760235,0.005191412288695574
32309,2,3,multi_method_not_mmr,no_method_signal,test,0.00015909575449768454,0.001842475263401866,0.10204735398292542,0.46672433614730835,0.0052508339285850525,0.4239758849143982
32313,0,1,explicit_mmr,implicit_mmr,test,0.23595444858074188,0.30619412660598755,0.18156294524669647,0.0013735846150666475,0.002792933490127325,0.2721219062805176
32319,3,3,no_method_signal,no_method_signal,test,5.8682679082266986e-05,0.0005869801971130073,0.08902596682310104,0.857053816318512,0.029733486473560333,0.023541118949651718
32320,5,5,quant_only,quant_only,test,0.002398991258814931,0.009515665471553802,0.2066490203142166,0.08079114556312561,0.0012229582061991096,0.6994221806526184
32327,3,3,no_method_signal,no_method_signal,test,4.844656723435037e-05,0.0007172558107413352,0.034816987812519073,0.8762891888618469,0.0043525490909814835,0.08377553522586823
32334,5,5,quant_only,quant_only,test,0.0015423481818288565,0.027285445481538773,0.17924049496650696,0.10554423928260803,0.01710614562034607,0.6692813038825989
32337,3,3,no_method_signal,no_method_signal,test,7.174055645009503e-05,0.0008124120649881661,0.03733782470226288,0.8791196346282959,0.007302356883883476,0.075356125831604
32369,3,4,no_method_signal,qual_only,test,0.0003808501933235675,0.001192122814245522,0.2842244803905487,0.32124245166778564,0.3717085123062134,0.021251536905765533
32389,1,5,implicit_mmr,quant_only,test,0.015996543690562248,0.22713947296142578,0.3316028416156769,0.0035513259936124086,0.03984733298420906,0.3818625211715698
32570,5,1,quant_only,implicit_mmr,test,0.2797757685184479,0.4869639277458191,0.09356322139501572,0.0008333099540323019,0.004880018066614866,0.13398368656635284
32648,2,1,multi_method_not_mmr,implicit_mmr,test,0.06194303184747696,0.4928402900695801,0.20324964821338654,0.0007728538475930691,0.03581509739160538,0.20537911355495453
32763,4,5,qual_only,quant_only,test,0.04110420495271683,0.2593938112258911,0.25807398557662964,0.004382753279060125,0.013293462805449963,0.42375174164772034
