award_id,y_true,y_pred,y_true_label,y_pred_label,score_explicit_mmr,score_implicit_mmr,score_multi_method_not_mmr,score_no_method_signal,score_qual_only,score_quant_only
1503196,1,1,implicit_mmr,implicit_mmr,0.13324641625813743,0.5337358253176615,0.08140586816539422,0.06529375568187884,0.05615933848485801,0.13015879609206996
1614745,0,0,explicit_mmr,explicit_mmr,0.2980465546674977,0.23105248027911107,0.11204894146850856,0.12356030368007026,0.09082403268959863,0.14446768721521389
1615207,0,0,explicit_mmr,explicit_mmr,0.3183768820127887,0.235774076966753,0.10765443415512639,0.10138421669790594,0.08731572551262608,0.14949466465479985
1652825,0,0,explicit_mmr,explicit_mmr,0.4198793518589584,0.15923910797627466,0.10838798645776149,0.08220951124194632,0.11213334569773355,0.11815069676732537
1664271,1,4,implicit_mmr,qual_only,0.19649282611399527,0.14183316388202333,0.16396213452222053,0.10458464531801522,0.29509334974029927,0.09803388042344646
1664274,1,4,implicit_mmr,qual_only,0.16469532640527476,0.1293087578979138,0.1626410317571382,0.14410185562580285,0.26970847683662863,0.12954455147724173
1719872,1,0,implicit_mmr,explicit_mmr,0.264066734853292,0.2166742964597434,0.10665263268994034,0.09978377840880819,0.1452169552884446,0.1676056022997716
1720838,1,0,implicit_mmr,explicit_mmr,0.2794574779852765,0.2396587404574453,0.11813910655435426,0.06557434396540329,0.1383509854354442,0.1588193456020766
1721054,1,0,implicit_mmr,explicit_mmr,0.3311554632052612,0.185472308120145,0.11044988459296863,0.12285172122999354,0.10384400978659716,0.14622661306503446
1723884,0,0,explicit_mmr,explicit_mmr,0.2998470595143946,0.21724431374344902,0.12407675432875125,0.1248695598228256,0.09520652003815434,0.13875579255242523
1751314,4,0,qual_only,explicit_mmr,0.24316223010322255,0.15758651241588706,0.14472725479036197,0.14034078956939977,0.21480515128383995,0.09937806183728871
1826354,0,0,explicit_mmr,explicit_mmr,0.2575903728205134,0.12925212344389295,0.16642790812908065,0.13718859033922792,0.1956217502138857,0.11391925505339952
1906172,0,0,explicit_mmr,explicit_mmr,0.31933205020706373,0.16777553483395605,0.12060486460256382,0.15134953901059403,0.0910624762094595,0.14987553513636304
1908481,1,0,implicit_mmr,explicit_mmr,0.34081884922016636,0.1918630145831486,0.10699800811456947,0.07546894830405758,0.10994719420144984,0.174903985576608
1914647,4,0,qual_only,explicit_mmr,0.2449194739605089,0.11772637384675072,0.15068529224234062,0.15410029538517894,0.23251223028866616,0.1000563342765548
1914735,4,0,qual_only,explicit_mmr,0.2643991554653141,0.13840001648626385,0.13941873230068683,0.1274292036421227,0.2276770745472441,0.10267581755836865
1918847,1,0,implicit_mmr,explicit_mmr,0.279048142444632,0.15760432030581353,0.1370412635705918,0.150422191844905,0.11541966512617509,0.1604644167078825
1920753,2,0,multi_method_not_mmr,explicit_mmr,0.29422755148156304,0.21056693978399552,0.11431959818754263,0.10167490973580853,0.11063441321898598,0.16857658759210423
1925188,2,0,multi_method_not_mmr,explicit_mmr,0.3148573665779149,0.1422427640575926,0.1388436546389498,0.12098439207473743,0.12350444001140834,0.15956738263939696
1929409,0,0,explicit_mmr,explicit_mmr,0.2442605820751459,0.11770387183179518,0.13783376694732058,0.18938378550223312,0.0760649438905735,0.23475304975293185
1930026,0,5,explicit_mmr,quant_only,0.20138391082515475,0.1356100810222081,0.14444992691885394,0.18995494521569595,0.07763626290899285,0.25096487310909465
1930076,0,5,explicit_mmr,quant_only,0.24122916464264957,0.1602439259945575,0.10216681220600166,0.17874345603999953,0.06007673320856366,0.25753990790822845
1930132,0,5,explicit_mmr,quant_only,0.24000428333628662,0.13070439671164064,0.15476167380697664,0.15733778036618917,0.0707201486993271,0.2464717170795799
1930341,0,5,explicit_mmr,quant_only,0.20035871220448587,0.16781595804242047,0.14992722764213942,0.18637126165910178,0.09344488238033109,0.20208195807152135
1930373,0,0,explicit_mmr,explicit_mmr,0.27127434835155706,0.16224555529323748,0.13192419945256148,0.1632393371363004,0.08959036718178606,0.18172619258455744
1930419,0,0,explicit_mmr,explicit_mmr,0.2256345128805219,0.1545508572905065,0.13708309064408092,0.190240274084038,0.09771156380978739,0.19477970129106545
1930492,0,0,explicit_mmr,explicit_mmr,0.34408749254066057,0.11896900757814341,0.12872677945940386,0.1270715742062921,0.08356295631743277,0.19758218989806725
1930497,1,0,implicit_mmr,explicit_mmr,0.27950154808227634,0.1687099216440326,0.11976215774247954,0.15304607331647477,0.10112896774395112,0.17785133147078575
1930502,2,0,multi_method_not_mmr,explicit_mmr,0.28076240072860104,0.139070829788438,0.12783679295784944,0.16024733637314334,0.07300656986151165,0.2190760702904567
1930539,1,0,implicit_mmr,explicit_mmr,0.2565566227154022,0.14606100408000733,0.14135134647851003,0.1650491573902105,0.06201430606036862,0.2289675632755014
1930553,0,0,explicit_mmr,explicit_mmr,0.2722804442985065,0.14463501986604616,0.12102293720941919,0.17327551336628594,0.09115067621133709,0.19763540904840513
1933277,3,3,no_method_signal,no_method_signal,0.15731102872396321,0.1591081466818055,0.11900943299949394,0.3049096113338082,0.08725237898429351,0.17240940127663557
1933717,0,0,explicit_mmr,explicit_mmr,0.22598863358691407,0.16843677902204102,0.17079691994654114,0.11871829879306335,0.1571212210902317,0.1589381475612089
1934126,0,0,explicit_mmr,explicit_mmr,0.2913582619195952,0.2086640276313266,0.1044058705057485,0.08401170749956231,0.11774282848791688,0.19381730395585064
1936070,1,0,implicit_mmr,explicit_mmr,0.224173332793762,0.1828641373324836,0.14972320364837713,0.19512955613296604,0.1029823902697823,0.14512737982262874
1937391,0,0,explicit_mmr,explicit_mmr,0.32702808818172685,0.1877851855647675,0.10481884704593196,0.11605298286244047,0.10922907671217681,0.15508581963295637
1937490,0,0,explicit_mmr,explicit_mmr,0.27715963172259606,0.1678777126813853,0.11475569568508415,0.15872025129870398,0.1231499122968007,0.15833679631542982
1937587,0,0,explicit_mmr,explicit_mmr,0.31144107746282973,0.19842000023334558,0.12523649494500022,0.11678726444933285,0.10111201515797907,0.14700314775151238
1937687,0,0,explicit_mmr,explicit_mmr,0.29898940157610443,0.1869910107588767,0.10993956119211531,0.15525074015636658,0.1072348494778029,0.14159443683873385
1939038,2,2,multi_method_not_mmr,multi_method_not_mmr,0.14212627705215256,0.09695283532306143,0.2340297123710714,0.22564051968081622,0.1216725345014545,0.17957812107144386
1941642,4,0,qual_only,explicit_mmr,0.27525269630879917,0.2236150410631719,0.1289043437148776,0.12409315094533842,0.10544762173548733,0.14268714623232556
1941668,1,0,implicit_mmr,explicit_mmr,0.31013018779983953,0.1787927455789422,0.11923656072784021,0.08840863969870308,0.1272169743154614,0.1762148918792135
1941952,1,0,implicit_mmr,explicit_mmr,0.373561777875954,0.14763225884148573,0.10455528195275816,0.10022701450461947,0.12727697501469176,0.14674669181049088
1943146,0,0,explicit_mmr,explicit_mmr,0.3649458910860317,0.20529403911917304,0.137715464722348,0.08102588565326593,0.06656705659153613,0.14445166282764527
1943285,0,0,explicit_mmr,explicit_mmr,0.3643843457557394,0.20984287498654516,0.1050460659728453,0.09180848538499457,0.08800334064421117,0.14091488725566445
1943541,0,0,explicit_mmr,explicit_mmr,0.2928999167203497,0.1336465309352802,0.13210157397604178,0.11758676729296447,0.2127859924498816,0.1109792186254822
1943934,4,0,qual_only,explicit_mmr,0.29386460908806106,0.12787177111968726,0.14865163210528615,0.09780922452259648,0.24386101648926453,0.08794174667510445
1944807,4,0,qual_only,explicit_mmr,0.29554552247439025,0.13560242872057632,0.12716729835849835,0.11026237364074133,0.24533771948761726,0.0860846573181767
1945961,0,0,explicit_mmr,explicit_mmr,0.2630288813513336,0.1864837619884867,0.138634832666982,0.12591722468202735,0.10977169916323287,0.1761636001479374
1945963,0,0,explicit_mmr,explicit_mmr,0.2808612320407979,0.18835363598112734,0.15033100979137412,0.10875182906029811,0.11022283656915532,0.16147945655724716
1946553,3,3,no_method_signal,no_method_signal,0.18482605372404098,0.15936480268638928,0.12714145727641712,0.256245844795366,0.09803813594214685,0.17438370557563979
1948981,4,0,qual_only,explicit_mmr,0.33016789002872476,0.20914683156486932,0.14356349802609183,0.10780951957816194,0.07890224885813149,0.13041001194402077
1949241,1,0,implicit_mmr,explicit_mmr,0.2936253497575759,0.15312671854726334,0.1293254443083165,0.13145309683373338,0.10966602640671484,0.18280336414639609
1949454,0,0,explicit_mmr,explicit_mmr,0.3740104445168678,0.18248873597819956,0.10516505162878075,0.10495840291042202,0.10142484545467803,0.13195251951105152
1949585,0,0,explicit_mmr,explicit_mmr,0.279146898869867,0.2106938907160982,0.12834932653428893,0.12362708145949379,0.11946968063765234,0.13871312178259967
1949586,0,0,explicit_mmr,explicit_mmr,0.35707946245410255,0.17991905804826444,0.09448314659322456,0.11746350702871156,0.10455943278140398,0.14649539309429285
1949718,2,3,multi_method_not_mmr,no_method_signal,0.15705371153900824,0.1040790942652245,0.20373926302751463,0.24442581093810206,0.09187366131458681,0.19882845891556386
1949848,1,0,implicit_mmr,explicit_mmr,0.24232884852211703,0.14547785314631542,0.13645247500018748,0.15942304145328046,0.12212589593592868,0.19419188594217102
1949990,2,3,multi_method_not_mmr,no_method_signal,0.19241218500901516,0.15741246253609045,0.16896951859837078,0.21112055488579018,0.12076678892394067,0.14931849004679262
1950064,0,0,explicit_mmr,explicit_mmr,0.24167360058824028,0.17266255187656548,0.1553391152638826,0.13162546692932287,0.10701785030371348,0.19168141503827546
1950304,5,3,quant_only,no_method_signal,0.15270534400256328,0.10257606728448031,0.19060356869171755,0.25006221596515116,0.13080192925700562,0.1732508747990819
1950340,2,0,multi_method_not_mmr,explicit_mmr,0.34343144971403455,0.14308755545037052,0.14727449357460803,0.12831305358849757,0.10001041506743327,0.13788303260505583
1950351,5,0,quant_only,explicit_mmr,0.25011619050039063,0.14219786153082853,0.15660523879019628,0.17833046499253052,0.10607594109219225,0.16667430309386166
1950645,3,3,no_method_signal,no_method_signal,0.18501259050258978,0.09951729387553165,0.203495867142872,0.2266540471284869,0.1421768993831218,0.14314330196739777
1953561,0,0,explicit_mmr,explicit_mmr,0.3191269680816232,0.15934699558589838,0.14579775179658536,0.12469802543793891,0.08655017073486902,0.16448008836308503
1953640,0,3,explicit_mmr,no_method_signal,0.1975180939781578,0.13679586500766305,0.14683493896362693,0.22437180177740534,0.11520510568050331,0.17927419459264374
1953752,0,0,explicit_mmr,explicit_mmr,0.39336474556894097,0.1594582572117665,0.10831632170794124,0.1114753510130854,0.08253635980445098,0.14484896469381459
1953762,0,0,explicit_mmr,explicit_mmr,0.27558194252588536,0.13104080149080494,0.1265050835310861,0.217775209215202,0.09812926005255289,0.15096770318446867
1955792,0,0,explicit_mmr,explicit_mmr,0.27701059469997563,0.16781039887910182,0.14044576217236585,0.1088448623541219,0.10202906412427933,0.2038593177701555
1955896,4,3,qual_only,no_method_signal,0.19696750716507916,0.16661843889490707,0.12263726145526894,0.21912652466231086,0.11288786439554706,0.18176240342688693
2000091,3,5,no_method_signal,quant_only,0.1465018367740095,0.16507015625503996,0.16420948669838387,0.22474121890734414,0.07380432690871044,0.22567297445651216
2000183,5,3,quant_only,no_method_signal,0.18625230786569344,0.16447975891059888,0.16264256336300095,0.20795553360460117,0.08742902203922674,0.1912408142168788
2000292,1,0,implicit_mmr,explicit_mmr,0.2562314733471441,0.13233130402487508,0.1576308526416587,0.14197628689333508,0.09619562882089025,0.21563445427209715
2000442,2,3,multi_method_not_mmr,no_method_signal,0.21449743003934504,0.16859255863510136,0.10620037664920755,0.2625429597454606,0.08552924487072124,0.16263743006016412
2000487,2,0,multi_method_not_mmr,explicit_mmr,0.32714711787795725,0.20154636171758145,0.12564267602669021,0.0780985585986274,0.11174728840595839,0.15581799737318522
2000535,5,3,quant_only,no_method_signal,0.2012210533346277,0.1762668885288167,0.13083215187537667,0.2102286798788487,0.0851650660960878,0.19628616028624252
2000573,5,3,quant_only,no_method_signal,0.14582177105135244,0.12543709300966177,0.17752693962627222,0.27915477415206724,0.07533449304133846,0.19672492911930783
2000583,0,0,explicit_mmr,explicit_mmr,0.27568107397646396,0.14095939911372599,0.10646425888242061,0.21694405090950403,0.07021260203177125,0.18973861508611434
2000725,2,0,multi_method_not_mmr,explicit_mmr,0.21721942416174259,0.16223181923552107,0.14045817922317824,0.192107794384076,0.09758436594499403,0.19039841705048793
2000730,0,0,explicit_mmr,explicit_mmr,0.2744328681679135,0.18869156636656348,0.09946095761284071,0.16944711495949177,0.08227212881512609,0.18569536407806447
2000750,0,0,explicit_mmr,explicit_mmr,0.4337894324146275,0.1662377831425976,0.09673605629767298,0.08431728756615411,0.07840785123783253,0.14051158934111535
2000779,0,3,explicit_mmr,no_method_signal,0.1779308747197408,0.16408339889026452,0.15103138340534158,0.22167161588988715,0.09643369407353038,0.18884903302123537
2000786,3,3,no_method_signal,no_method_signal,0.1608428309010133,0.14863200393109138,0.14097495915576846,0.28123495350677075,0.08672552267386498,0.1815897298314911
2000799,0,0,explicit_mmr,explicit_mmr,0.40560147663782753,0.12887653980239605,0.09120715300058761,0.12061708520462074,0.07162412531167249,0.18207362004289568
2000847,0,0,explicit_mmr,explicit_mmr,0.2604969588897755,0.21183659930826693,0.09965852420601151,0.13006155889895193,0.11659836996860139,0.18134798872839264
2000866,2,3,multi_method_not_mmr,no_method_signal,0.2111370915543802,0.14026213537541374,0.12513001081755837,0.29253727161967535,0.08321275393218441,0.14772073670078795
2000887,5,3,quant_only,no_method_signal,0.19803218673114778,0.13598311298649973,0.1449241346351016,0.24786475017730353,0.05316633910869084,0.2200294763612567
2000888,0,3,explicit_mmr,no_method_signal,0.18836749000428768,0.1623735497803406,0.12512037083885713,0.2607843636349563,0.09924680836048363,0.16410741738107465
2003126,0,0,explicit_mmr,explicit_mmr,0.3574690855775989,0.13629921866885752,0.10927500693232363,0.11633393331242009,0.11911111622752622,0.1615116392812736
2004898,0,5,explicit_mmr,quant_only,0.23190440476704438,0.15266878418690077,0.12224837899458647,0.13841117525339852,0.11950129716580528,0.23526595963226454
2005608,1,0,implicit_mmr,explicit_mmr,0.2225389682080604,0.17011697573354687,0.1417007312768086,0.1486303474319005,0.13681053299080828,0.18020244435887545
2005812,1,0,implicit_mmr,explicit_mmr,0.3370489260599952,0.17923695420072988,0.11202089578360316,0.12541473767258324,0.09412091275651228,0.1521575735265762
2005840,1,0,implicit_mmr,explicit_mmr,0.23481788306638823,0.14595321310473583,0.16734218104001278,0.16966789250914957,0.15126631259845544,0.13095251768125823
2005890,1,0,implicit_mmr,explicit_mmr,0.35682075552423387,0.16015624170627796,0.1208415443864237,0.09700516193988416,0.09923143892792337,0.16594485751525695
2005898,5,0,quant_only,explicit_mmr,0.3479994325411054,0.17116541608699815,0.12747658078461313,0.09964579590098403,0.11484149814303628,0.138871276543263
2005973,1,0,implicit_mmr,explicit_mmr,0.33187341796767134,0.19395679951557715,0.11642922454343077,0.09201567291828969,0.11567110552938874,0.15005377952564225
2009127,1,0,implicit_mmr,explicit_mmr,0.24116320180031253,0.19338426127226113,0.13427759771895031,0.12061792469289435,0.18017426557911576,0.13038274893646584
2009977,1,0,implicit_mmr,explicit_mmr,0.2519341829278617,0.14336643530584928,0.1460642152794601,0.10875861652914666,0.21838764875799527,0.13148890119968695
2010038,5,0,quant_only,explicit_mmr,0.27281986815891957,0.15379365363827788,0.10887306556079857,0.12664638711020332,0.12581333424322633,0.2120536912885746
2010124,0,0,explicit_mmr,explicit_mmr,0.2842194788710424,0.14596112487070662,0.12741485986192316,0.13803028363796604,0.07079748804201624,0.23357676471634573
2010139,4,0,qual_only,explicit_mmr,0.32736448110184735,0.186722555440567,0.11793988649729356,0.10168459252231567,0.15546854618119332,0.1108199382567833
2010237,4,0,qual_only,explicit_mmr,0.3462584517590306,0.17806536545644905,0.11401744522838941,0.10174464279337037,0.14718137096930384,0.11273272379345682
2010256,0,0,explicit_mmr,explicit_mmr,0.25469837829736874,0.17384502374042313,0.15349264031898563,0.15149100649917546,0.11963565365462883,0.14683729748941832
2010276,0,0,explicit_mmr,explicit_mmr,0.2862409353525809,0.20025217561832895,0.1069054813884158,0.08965967168976358,0.14129385210950726,0.17564788384140337
2010312,0,0,explicit_mmr,explicit_mmr,0.26230910256429746,0.20756525523508634,0.1502125281577472,0.10320237485044213,0.13589158546019336,0.14081915373223367
2010361,0,0,explicit_mmr,explicit_mmr,0.3149081751854669,0.17002971672406983,0.12794146694554562,0.12230845123048868,0.11874462510126116,0.14606756481316777
2010530,0,0,explicit_mmr,explicit_mmr,0.33147413665891373,0.23510749828600822,0.12338702692661774,0.0801075421225561,0.10840095154033622,0.12152284446556787
2011917,2,0,multi_method_not_mmr,explicit_mmr,0.29759885712285833,0.12837570632163964,0.12067314531697783,0.14694942086639493,0.07241212767468504,0.23399074269744435
2013484,5,0,quant_only,explicit_mmr,0.27658336317100163,0.14182059077852233,0.13318020995394494,0.16245723334716902,0.12160182889178112,0.16435677385758116
2013495,1,0,implicit_mmr,explicit_mmr,0.26659775324421314,0.19025306148968454,0.1546993969366892,0.12024980025340024,0.11696979723860296,0.15123019083740988
2013504,0,0,explicit_mmr,explicit_mmr,0.26857734633970864,0.22049622922152173,0.14570655911124006,0.1033096916383805,0.1228742529380214,0.13903592075112753
2013554,0,0,explicit_mmr,explicit_mmr,0.28505697664009144,0.22775252318400865,0.14068252763759387,0.0999196812058434,0.12384137773248995,0.12274691359997272
2013575,0,0,explicit_mmr,explicit_mmr,0.24980370041640354,0.2012639271472398,0.17890610546188604,0.10061019474825088,0.12992200393178902,0.13949406829443084
2013612,0,0,explicit_mmr,explicit_mmr,0.27250926304196027,0.22653917914039637,0.1391800801674029,0.11057830186550618,0.11842604602238324,0.13276712976235103
2017704,2,0,multi_method_not_mmr,explicit_mmr,0.2436417746390647,0.17717649083877024,0.13232459512893255,0.14212229459996054,0.12243782169918317,0.18229702309408896
2019843,0,0,explicit_mmr,explicit_mmr,0.28337847007482236,0.15248570165920913,0.14578579186846613,0.1406504215013595,0.08983141134181225,0.18786820355433065
2021157,5,0,quant_only,explicit_mmr,0.21411417376933298,0.16475384617158928,0.14982745022045169,0.16102693526942813,0.09889572375034815,0.21138187081884977
2021315,1,0,implicit_mmr,explicit_mmr,0.32763287991211937,0.1562313044766638,0.18113092157958793,0.08049186205240498,0.09873563161696979,0.1557774003622542
2021402,5,0,quant_only,explicit_mmr,0.28956386546209534,0.19079173042282155,0.1369481181677958,0.09312784585451574,0.09828024095218545,0.19128819914058615
2021499,4,0,qual_only,explicit_mmr,0.2735447808111112,0.1829194322630389,0.1344084969029453,0.1333556270723305,0.08456047860867534,0.19121118434189885
2021512,0,0,explicit_mmr,explicit_mmr,0.2961061729543729,0.13177213304689958,0.1363559307359504,0.14744743218272266,0.09883431418082457,0.18948401689922986
2021546,4,0,qual_only,explicit_mmr,0.25798897805024046,0.13879916794401315,0.18375431212644364,0.1387485699586498,0.08452827056874179,0.19618070135191132
2021585,5,0,quant_only,explicit_mmr,0.23959097272738755,0.1745111825463855,0.14045720209503704,0.15035712967394158,0.13046572601492326,0.16461778694232496
2022271,4,4,qual_only,qual_only,0.19852359615558304,0.08822125402065172,0.23258817896093628,0.1334688410987698,0.23289865686937591,0.11429947289468316
2024394,1,0,implicit_mmr,explicit_mmr,0.23731208953080177,0.13922154339015974,0.14779242954709448,0.1397793960428347,0.18050339101827778,0.15539115047083157
2025046,0,0,explicit_mmr,explicit_mmr,0.2315493763069654,0.16596402204261734,0.1353852653722232,0.13552307179809864,0.13889592019212763,0.19268234428796796
2025181,4,0,qual_only,explicit_mmr,0.3584776748117818,0.18397230716194438,0.09632741081512479,0.09857965531548755,0.13893779715091895,0.12370515474474253
2025280,0,0,explicit_mmr,explicit_mmr,0.2942378001858846,0.1598364925837538,0.13293228423406847,0.1277571802684518,0.09016221010530663,0.1950740326225349
2025349,0,0,explicit_mmr,explicit_mmr,0.347762751754766,0.1913593318155723,0.1216379330180222,0.0933030402074037,0.12105062555261413,0.1248863176516218
2025682,4,1,qual_only,implicit_mmr,0.16065156755694432,0.20371572688470013,0.1573629138019989,0.1966369383549525,0.1180906743535661,0.16354217904783808
2025685,4,1,qual_only,implicit_mmr,0.17295917316716453,0.20472763507016795,0.1362532063900131,0.20397726335184127,0.10254819937411708,0.17953452264669625
2025686,4,3,qual_only,no_method_signal,0.13995284006392136,0.17696976899310923,0.1663696037043858,0.21445028940760624,0.10714956845596968,0.19510792937500773
2025805,5,0,quant_only,explicit_mmr,0.20858901251219852,0.19392346768313137,0.1421187798379685,0.1651225064588525,0.12435805268306167,0.16588818082478743
2027470,4,0,qual_only,explicit_mmr,0.2277503979320691,0.18380335793008487,0.12855345456339962,0.1551210020794473,0.1286364467673563,0.17613534072764264
2027506,0,0,explicit_mmr,explicit_mmr,0.36705560899275863,0.15293483258330973,0.1427849246839445,0.10602897295716243,0.08661714809167662,0.1445785126911483
2027637,0,0,explicit_mmr,explicit_mmr,0.23821462804725532,0.1866990956309159,0.14196240672517724,0.14665407684196854,0.1108908058443265,0.17557898691035662
2028026,5,0,quant_only,explicit_mmr,0.2761186576685378,0.1855985368728496,0.1360929144474209,0.13539936000036593,0.12762563738008845,0.1391648936307373
2028469,1,0,implicit_mmr,explicit_mmr,0.2278468591430567,0.16560848253183744,0.1550877423564271,0.15155915574841905,0.1269921414451626,0.17290561877509714
2028473,1,0,implicit_mmr,explicit_mmr,0.25448139364777567,0.17602017146426607,0.15020802572287498,0.1452355013550149,0.1132977269375979,0.16075718087247054
2028811,1,0,implicit_mmr,explicit_mmr,0.33688463349346487,0.18003263244896814,0.10768327096909087,0.0974322996594865,0.0990669472367779,0.17890021619221158
2029357,0,0,explicit_mmr,explicit_mmr,0.26631254057987064,0.17412554065633912,0.13356921515206363,0.16917856807954149,0.06485311051741817,0.19196102501476695
2029642,0,0,explicit_mmr,explicit_mmr,0.3284110513014459,0.16212762694168034,0.1596041727153736,0.12116695350707794,0.07294595625661435,0.1557442392778078
2029782,0,4,explicit_mmr,qual_only,0.22104265894867575,0.11941388583923372,0.17515778199769347,0.1354935889583154,0.23500288467916108,0.11388919957692069
2029784,0,4,explicit_mmr,qual_only,0.1809045611277087,0.10610886930415545,0.16988009240403282,0.17425630210125453,0.24405014040803644,0.1248000346548122
2029785,0,0,explicit_mmr,explicit_mmr,0.25863806622348934,0.10761334864831329,0.15349236482842105,0.14081119275272436,0.2308674197339156,0.10857760781313643
2029796,0,4,explicit_mmr,qual_only,0.18813966329210013,0.11178091933499629,0.16312449103801918,0.16474851278779667,0.2357391794456618,0.136467234101426
2030297,0,0,explicit_mmr,explicit_mmr,0.27384989752907074,0.18531630278022537,0.1267050076208453,0.14512078116474827,0.0841318279880291,0.18487618291708122
2030313,0,0,explicit_mmr,explicit_mmr,0.2829415106683626,0.17450635228148886,0.11337308642605809,0.1396632086326699,0.12781110574643426,0.1617047362449865
2030485,1,5,implicit_mmr,quant_only,0.21365985850764443,0.17052270312815576,0.14608154346496402,0.15905151893987618,0.06168842943856099,0.24899594652079868
2030582,0,3,explicit_mmr,no_method_signal,0.20945885155996022,0.11081443683476051,0.141685000363292,0.2318038697102992,0.08904968364300596,0.21718815788868198
2030663,1,0,implicit_mmr,explicit_mmr,0.23963851521854104,0.1757104329118713,0.13679279917420892,0.21222382347672897,0.07811937054727876,0.157515058671371
2030720,1,0,implicit_mmr,explicit_mmr,0.26539258219050804,0.16023921861797427,0.15016927052533305,0.14877824574344056,0.08429951080697994,0.19112117211576407
2030731,5,0,quant_only,explicit_mmr,0.2537917494419128,0.15192730242424593,0.1166291443295466,0.18130500945868389,0.08845401278435275,0.20789278156125818
2030969,0,0,explicit_mmr,explicit_mmr,0.2357113140460022,0.14095420307359152,0.19631433874998527,0.1758325424083244,0.06898822254365271,0.18219937917844406
2032226,4,0,qual_only,explicit_mmr,0.3471685683527261,0.15770607245284307,0.11470742924302746,0.11256604591714536,0.11526314792119478,0.1525887361130631
2032737,0,0,explicit_mmr,explicit_mmr,0.24938274968325133,0.1765521434890843,0.1814412751256183,0.11853366128128683,0.08047976148366018,0.1936104089370991
2032781,5,3,quant_only,no_method_signal,0.2082540467059705,0.11639572957505975,0.16723186045615848,0.2258226545033974,0.16261792684175794,0.11967778191765606
2032802,0,2,explicit_mmr,multi_method_not_mmr,0.18164854376298503,0.12687411014343072,0.20543186314002143,0.18233859559722054,0.15992221044705884,0.1437846769092833
2033389,0,0,explicit_mmr,explicit_mmr,0.3655610345034254,0.1765596398477666,0.13542536583723055,0.09383095538003353,0.06176246068994694,0.1668605437415968
2036549,1,0,implicit_mmr,explicit_mmr,0.38407108035617515,0.14585003838024285,0.09882249600018922,0.09007021474261499,0.14549013025854002,0.1356960402622379
2036870,2,2,multi_method_not_mmr,multi_method_not_mmr,0.15012214280524996,0.1364817409468864,0.20920036164516864,0.17486417770362936,0.17970044407702682,0.14963113282203883
2037403,2,3,multi_method_not_mmr,no_method_signal,0.19948442614456766,0.16411722903044482,0.12853287115954773,0.2577067920916969,0.08606807823045082,0.164090603343292
2037809,0,0,explicit_mmr,explicit_mmr,0.29591102064721364,0.17738309762069673,0.1084906963384448,0.17667309861316938,0.07396953415221454,0.167572552628261
2039583,5,0,quant_only,explicit_mmr,0.20538394933182053,0.20050725857084742,0.1212907757623705,0.15672035093431527,0.13103905726233964,0.18505860813830663
2039864,0,0,explicit_mmr,explicit_mmr,0.2379140613546789,0.11073520148924652,0.16596624373874502,0.11737195300303732,0.2348451647997772,0.13316737561451508
2039871,0,4,explicit_mmr,qual_only,0.21890780902524343,0.12001753647497301,0.17443795586519528,0.12967854392010347,0.23058792205254583,0.1263702326619391
2040795,5,1,quant_only,implicit_mmr,0.18484211851958163,0.20560111725171584,0.14617365355053638,0.19755549177604095,0.09087685663225209,0.17495076226987316
2041960,1,5,implicit_mmr,quant_only,0.15809054155103325,0.1691169615951107,0.1664692998423712,0.17570431058578354,0.13593218321753786,0.19468670320816342
2042142,0,0,explicit_mmr,explicit_mmr,0.3389542465657548,0.18707550547140878,0.09005304145909063,0.11711250362755397,0.11659038273630704,0.1502143201398848
2044243,1,0,implicit_mmr,explicit_mmr,0.29556160734267106,0.1672316967480782,0.16288487661810463,0.09496543441956251,0.08900146166514432,0.19035492320643932
2044333,2,3,multi_method_not_mmr,no_method_signal,0.19588065557694329,0.14120944470271615,0.13293719947011612,0.24305499993335855,0.09039536751978995,0.1965223327970759
2044390,1,0,implicit_mmr,explicit_mmr,0.39846826375497474,0.13998052208914094,0.12389773952896715,0.09003765906583623,0.0999498133405196,0.1476660022205614
2044473,1,0,implicit_mmr,explicit_mmr,0.30717482675258456,0.14468238328073588,0.17117435014670485,0.1136276433922525,0.06781556534794707,0.19552523107977532
2044879,0,0,explicit_mmr,explicit_mmr,0.37396331069135114,0.21008691100008284,0.11706239660267445,0.09074904403842596,0.0691181888995328,0.13902014876793278
2045634,4,0,qual_only,explicit_mmr,0.24014957745327808,0.11816148347246994,0.1585416666325159,0.15861960338619835,0.21969997916368897,0.10482768989184874
2046079,0,0,explicit_mmr,explicit_mmr,0.3602510389711052,0.21266413196524805,0.08492966340631822,0.103853975168888,0.0821963921839564,0.15610479830448387
2047105,0,0,explicit_mmr,explicit_mmr,0.2782654011391717,0.2486700006210503,0.1340671017505951,0.10625182413089534,0.09683780736214513,0.13590786499614255
2047420,0,0,explicit_mmr,explicit_mmr,0.42032863858719605,0.12118295851239336,0.12776751753230517,0.07635116970631892,0.15322922133091543,0.101140494330871
2048018,1,0,implicit_mmr,explicit_mmr,0.40196243406634863,0.20419752543863504,0.1024750744518454,0.09039208646702089,0.07671134684277484,0.124261532733375
2048833,1,0,implicit_mmr,explicit_mmr,0.2612453147113404,0.21176571189226878,0.1318613743255363,0.11303439837443871,0.13649005410598128,0.14560314659043436
2048852,1,0,implicit_mmr,explicit_mmr,0.2849903622132699,0.22660559576316774,0.12575365079980882,0.1099817691627301,0.1191426462495001,0.13352597581152337
2048987,0,0,explicit_mmr,explicit_mmr,0.3233791761204667,0.1762687859391086,0.12634882090884697,0.11347034048684958,0.11988988740296398,0.14064298914176415
2049044,2,3,multi_method_not_mmr,no_method_signal,0.11270664645885069,0.0856683288981586,0.23107535013875233,0.26178565410441695,0.1103136753733529,0.1984503450264684
2049974,4,3,qual_only,no_method_signal,0.19213388523740932,0.11976096634884748,0.15072349638083188,0.1948929833298389,0.17832361069421193,0.1641650580088607
2050443,4,0,qual_only,explicit_mmr,0.3768213512690219,0.15236412382448827,0.1454333100594473,0.1205431604526385,0.09330419532029006,0.11153385907411388
2050542,2,0,multi_method_not_mmr,explicit_mmr,0.24183104315158607,0.1497960492646502,0.15628848337222365,0.17404975231573205,0.1090366213675033,0.16899805052830477
2050619,1,0,implicit_mmr,explicit_mmr,0.3181447994600214,0.17886330189637517,0.12360639786034501,0.12632969856824466,0.10449989670530967,0.14855590550970402
2050669,2,3,multi_method_not_mmr,no_method_signal,0.19684770880423214,0.15144416660555013,0.17618594499425955,0.21875323211611247,0.1039320551741264,0.15283689230571915
2050699,3,0,no_method_signal,explicit_mmr,0.21946922952791176,0.16013232810396016,0.14322478600156602,0.15554796866975862,0.1153002620950478,0.2063254256017558
2050899,3,0,no_method_signal,explicit_mmr,0.32809931803941145,0.09051920610084849,0.16684260200649664,0.1305456312954566,0.17818329202643376,0.10580995053135306
2050956,2,2,multi_method_not_mmr,multi_method_not_mmr,0.15031577242095295,0.10380551390643414,0.2534732969307405,0.20958025086431148,0.12183663596774182,0.16098852990981896
2051156,3,0,no_method_signal,explicit_mmr,0.33628293706399237,0.09669779347847156,0.14769908842029206,0.13032760441451657,0.17596700172521998,0.11302557489750722
2052788,3,3,no_method_signal,no_method_signal,0.14513720970465602,0.08168616042536911,0.229637772350392,0.26784385665660193,0.1253395979515083,0.15035540291147248
2054823,0,0,explicit_mmr,explicit_mmr,0.4079689776157884,0.1776738444144188,0.10493422525663401,0.06805312450261933,0.11483892505964902,0.1265309031508905
2055250,3,3,no_method_signal,no_method_signal,0.21580474524637522,0.18890229809112488,0.0993703908635101,0.2628706428219996,0.084991326488679,0.14806059648831116
2055288,0,3,explicit_mmr,no_method_signal,0.17512774071639303,0.16034237365688767,0.1052931220715239,0.2855704975988331,0.07772381685416671,0.19594244910219563
2055343,5,0,quant_only,explicit_mmr,0.28939449302405146,0.2431969759276669,0.12435146739256857,0.09198885064932985,0.09542184456428018,0.15564636844210294
2055375,1,0,implicit_mmr,explicit_mmr,0.3459930800791665,0.2180119377994273,0.10316141438328784,0.08416732589913144,0.09303672051176694,0.15562952132721972
2055379,2,0,multi_method_not_mmr,explicit_mmr,0.33468162144893826,0.20820378171853313,0.10189382060586864,0.11888291035752416,0.08561989944009481,0.15071796642904095
2055534,2,0,multi_method_not_mmr,explicit_mmr,0.3183613823529397,0.25058989439388724,0.10082123016046589,0.11336760559872615,0.08132078345039682,0.13553910404358396
2055550,0,0,explicit_mmr,explicit_mmr,0.2493649173102276,0.1611528384224686,0.15044238979012706,0.14053745643172708,0.09761684483099388,0.20088555321445578
2055597,0,0,explicit_mmr,explicit_mmr,0.3124996696642018,0.275385637806243,0.11090874163244992,0.061190963199916286,0.12075275248196908,0.11926223521521986
2055609,0,0,explicit_mmr,explicit_mmr,0.2926030540697858,0.27076820629374637,0.1105941898574529,0.105155581811119,0.11859126761818767,0.10228770034970819
2055705,1,2,implicit_mmr,multi_method_not_mmr,0.17695373134343642,0.10018744564330309,0.23379463679385692,0.1880025199470627,0.16397989788408868,0.13708176838825212
2100017,0,0,explicit_mmr,explicit_mmr,0.38770115576658776,0.1822482081218658,0.10278848187401386,0.09994091667793757,0.09209478431589674,0.13522645324369825
2100029,0,0,explicit_mmr,explicit_mmr,0.3259940342786259,0.1607190856415743,0.11436197699820914,0.1755020106393522,0.07450876347428462,0.14891412896795372
2100062,0,0,explicit_mmr,explicit_mmr,0.2808951582262237,0.18014356684218244,0.11651972773872324,0.17867644920453754,0.07935040474626265,0.16441469324207042
2100081,1,0,implicit_mmr,explicit_mmr,0.2903768042741867,0.21273804777392497,0.10805411366922099,0.10662123851677831,0.09106179483624957,0.1911480009296394
2100137,2,0,multi_method_not_mmr,explicit_mmr,0.28259039079448345,0.23895710896302486,0.09786894849535979,0.087584793251134,0.14291334759209817,0.15008541090389974
2100138,2,0,multi_method_not_mmr,explicit_mmr,0.2748447443100494,0.2430360405538089,0.11403823170204769,0.08906925094827611,0.13965285660302285,0.13935887588279508
2100139,0,0,explicit_mmr,explicit_mmr,0.3663770179083946,0.19708238987840215,0.11577404794062147,0.08809247550717816,0.09647812985582425,0.1361959389095792
2100149,4,3,qual_only,no_method_signal,0.138366299077392,0.11623581169863269,0.15979515503229882,0.3158136452552468,0.08239878593571552,0.1873903030007141
2100242,4,0,qual_only,explicit_mmr,0.3432481154500322,0.1888794981628931,0.1361158758211627,0.09043280423521867,0.10573174421054429,0.135591962120149
2100296,0,0,explicit_mmr,explicit_mmr,0.30875618491282225,0.18528448235721112,0.14364511137726288,0.11180706335964993,0.0832364353089328,0.16727072268412105
2100617,1,0,implicit_mmr,explicit_mmr,0.32799564326064423,0.19225645134087274,0.12368736875334974,0.0803929277269321,0.13493479057673097,0.14073281834147025
2100823,5,0,quant_only,explicit_mmr,0.36003090162826273,0.23029549842393626,0.0806360574312812,0.08039746957878288,0.10625635116439255,0.14238372177334443
2100835,0,0,explicit_mmr,explicit_mmr,0.3074357108441128,0.1689829959153833,0.10411054285509044,0.14799567768832328,0.07179202940166499,0.1996830432954253
2101138,2,5,multi_method_not_mmr,quant_only,0.1884037078893502,0.16613732977249918,0.17140186981505703,0.19588828217222867,0.07923802538104652,0.19893078496981847
2101217,4,0,qual_only,explicit_mmr,0.3884184860030124,0.16174113352322883,0.10520864230942485,0.07122079838188584,0.11885406940155792,0.15455687038089008
2101255,2,0,multi_method_not_mmr,explicit_mmr,0.3070413804079623,0.18994918091659554,0.10979849672095127,0.11209137863692263,0.1114681267038923,0.16965143661367596
2101669,2,0,multi_method_not_mmr,explicit_mmr,0.3821365427600053,0.2083250457818194,0.08611591494227575,0.07116573724638701,0.08916970549772388,0.16308705377178873
2101670,2,0,multi_method_not_mmr,explicit_mmr,0.3476363115338303,0.1866210834301605,0.1167172542598201,0.10159334023318393,0.10725007906568035,0.1401819314773248
2104782,0,0,explicit_mmr,explicit_mmr,0.29555650817280904,0.14006566393787195,0.11216997695272479,0.12256898395689528,0.22717219854754572,0.1024666684321533
2104792,0,4,explicit_mmr,qual_only,0.16396733346208212,0.13195422083273994,0.15040352957676906,0.14802538759673853,0.2725389000939303,0.13311062843774035
2104979,0,4,explicit_mmr,qual_only,0.16956433557236317,0.1307146729389302,0.16768034916565397,0.15203529178697506,0.24712236321619585,0.13288298731988185
2105156,0,0,explicit_mmr,explicit_mmr,0.2417687382334686,0.13336036637302295,0.1832688947645469,0.1076787056620158,0.22718601788631565,0.10673727708063029
2105695,1,1,implicit_mmr,implicit_mmr,0.14703826915159904,0.3389543559532361,0.1387693151082161,0.10801784493904495,0.09725751428241185,0.16996270056549187
2106319,0,0,explicit_mmr,explicit_mmr,0.25127952125434744,0.13687278778141238,0.17102853211588098,0.14825314704626585,0.16815362015998198,0.12441239164211153
2106670,0,0,explicit_mmr,explicit_mmr,0.3675779438586658,0.15889372214201536,0.1327730112853777,0.09622658214990715,0.0679635889505802,0.17656515161345374
2107631,0,0,explicit_mmr,explicit_mmr,0.22050632939689566,0.15160879541722344,0.15570517007788962,0.18512519937828423,0.08273224682036719,0.20432225890934
2109443,1,0,implicit_mmr,explicit_mmr,0.34558167203483825,0.18788055984597893,0.11126754798901597,0.10458365601739171,0.0757492992892375,0.17493726482353764
2109942,5,0,quant_only,explicit_mmr,0.2551167517550742,0.15546798865959371,0.12642270694758187,0.12545696558859384,0.10562599967696766,0.23190958737218909
2110641,1,0,implicit_mmr,explicit_mmr,0.2665706090363469,0.20473081801603032,0.13308889965401313,0.1032898569785714,0.07918473679800264,0.21313507951703575
2110777,0,0,explicit_mmr,explicit_mmr,0.25871266197803233,0.18471488222696325,0.11902186546414069,0.13030141924911265,0.09321519708865185,0.2140339739930993
2111119,1,0,implicit_mmr,explicit_mmr,0.3051262858217566,0.1542522768316301,0.14924880761575215,0.10985136323331322,0.10877565876013816,0.17274560773740974
2111150,0,0,explicit_mmr,explicit_mmr,0.28447230191001915,0.16136520306556412,0.15294344052104825,0.09840686643923333,0.10201593171771142,0.20079625634642376
2111262,1,0,implicit_mmr,explicit_mmr,0.290634545392524,0.1385754292547457,0.15403587590803655,0.14336250107039808,0.10179214426524318,0.17159950410905253
2111331,1,0,implicit_mmr,explicit_mmr,0.28691015829172223,0.18302722816710462,0.13948744575096328,0.08243437405050488,0.07750354893570319,0.23063724480400188
2111377,0,0,explicit_mmr,explicit_mmr,0.3584001161175248,0.1882910777184813,0.1389070835523628,0.11148163921828266,0.088046936877526,0.11487314651582214
2111386,0,0,explicit_mmr,explicit_mmr,0.3031514070720569,0.1944572975811037,0.12407376982673733,0.13425972053655263,0.11628723977938112,0.1277705652041685
2111510,0,0,explicit_mmr,explicit_mmr,0.41713321407398407,0.14581394384658922,0.10002183573988588,0.10269701866586327,0.10491023117771264,0.12942375649596485
2111533,1,0,implicit_mmr,explicit_mmr,0.27591544834329795,0.19535512525341614,0.14081688352897273,0.11124241840960768,0.08332844024893767,0.19334168421576794
2112532,0,1,explicit_mmr,implicit_mmr,0.18151966381259846,0.1842927579008143,0.1607614275711838,0.15933001918873577,0.14191691963011496,0.1721792118965527
2112689,0,0,explicit_mmr,explicit_mmr,0.40734933235562304,0.1759202796885692,0.08858401333124728,0.08339072489223252,0.0876075036413784,0.15714814609094965
2113261,2,3,multi_method_not_mmr,no_method_signal,0.21498874047953273,0.15921995614699222,0.13531531087265766,0.2684074538247397,0.08630965235274762,0.13575888632333008
2113755,1,4,implicit_mmr,qual_only,0.2392814491546853,0.131090275867986,0.17598948892809432,0.11611155442328887,0.2519824436193409,0.08554478800660481
2113844,1,4,implicit_mmr,qual_only,0.20565485519637097,0.12634912095339487,0.18278491784737103,0.1286258389347781,0.22797362225552026,0.12861164481256498
2113845,1,4,implicit_mmr,qual_only,0.20998728603930195,0.11957701602541601,0.2039090903411452,0.1202119337634,0.21924118527545694,0.12707348855528006
2113846,1,4,implicit_mmr,qual_only,0.18541243059097592,0.14068746759397446,0.17580780936375875,0.13582749160134527,0.23311385725477218,0.1291509435951734
2114824,4,0,qual_only,explicit_mmr,0.21705757932729228,0.19020884017598472,0.13496766381452113,0.15678912971302797,0.12810937206265757,0.17286741490651636
2115138,0,0,explicit_mmr,explicit_mmr,0.3831401989652828,0.1909035989466276,0.09356580583886807,0.10201485390315229,0.09356170774944132,0.136813834596628
2115160,1,0,implicit_mmr,explicit_mmr,0.36679405273996435,0.14268194981209287,0.12821523410442628,0.11187242763916068,0.10351345065883298,0.14692288504552262
2115579,0,0,explicit_mmr,explicit_mmr,0.31099079375274374,0.21487480656337954,0.09427278416186055,0.12113610135037796,0.09598613486134555,0.16273937931029248
2115730,0,0,explicit_mmr,explicit_mmr,0.3335765874908568,0.1650004396224741,0.11005737731494415,0.11700438540564531,0.11057532813252594,0.16378588203355376
2115921,1,0,implicit_mmr,explicit_mmr,0.41201376405119366,0.18693083857942588,0.0981209741972331,0.09446287369381322,0.10621201937396732,0.10225953010436678
2116110,0,0,explicit_mmr,explicit_mmr,0.29118315652589677,0.21090103330153775,0.15042933836438152,0.10543968007360231,0.12616726071645584,0.11587953101812587
2116118,0,0,explicit_mmr,explicit_mmr,0.358996316809408,0.17430804723443072,0.12774466216361324,0.13450380818330354,0.07235383972644413,0.13209332588280057
2117224,0,4,explicit_mmr,qual_only,0.1673977144850019,0.11942319736031513,0.19431005159148373,0.11487256496980897,0.28390038621633057,0.1200960853770599
2118077,0,4,explicit_mmr,qual_only,0.20560652372593038,0.11759226013449166,0.1791723251749271,0.12063606878180698,0.26745804857731975,0.10953477360552448
2119007,2,0,multi_method_not_mmr,explicit_mmr,0.2582779866595574,0.23476470209651545,0.12159611373388421,0.10038188684948188,0.10903950073914205,0.17593980992141908
2120021,0,0,explicit_mmr,explicit_mmr,0.349688558786343,0.14631103455584632,0.12151529875645123,0.10427105025903675,0.1048301008787033,0.17338395676361917
2120742,0,0,explicit_mmr,explicit_mmr,0.30070819897198786,0.23226254949200484,0.0885350525436995,0.1051374698307265,0.12437477354204882,0.14898195561953234
2120849,0,0,explicit_mmr,explicit_mmr,0.2788414045629313,0.16965172511288862,0.1592478235666811,0.10934109317387325,0.10632781714846024,0.1765901364351656
2121277,0,0,explicit_mmr,explicit_mmr,0.3225269262615524,0.16167652260888743,0.16022242134063344,0.10390179418301101,0.10951826435377651,0.1421540712521392
2121342,0,5,explicit_mmr,quant_only,0.206705788380315,0.1523431740396295,0.15574238944252905,0.16918020640388,0.09024369397969555,0.22578474775395105
2121351,0,0,explicit_mmr,explicit_mmr,0.2379034866276989,0.17164236564294724,0.1414413795566721,0.1813358460746463,0.0955154155712265,0.172161506526809
2121417,0,0,explicit_mmr,explicit_mmr,0.21495826023490017,0.17757379452402738,0.15127760597121978,0.18197287805030998,0.09360525663310805,0.1806122045864347
2121503,0,0,explicit_mmr,explicit_mmr,0.22758632275622825,0.15766818675214073,0.1894589801646059,0.15813199505846479,0.08893134632241056,0.17822316894614992
2122212,2,0,multi_method_not_mmr,explicit_mmr,0.26261723672231907,0.1905356182965092,0.12536901067851816,0.14495431044068022,0.09118105119115633,0.18534277267081709
2122213,2,0,multi_method_not_mmr,explicit_mmr,0.3297844122530112,0.20161877822346297,0.1147642182043961,0.07160902585706733,0.07837361383623778,0.20384995162582464
2122367,0,0,explicit_mmr,explicit_mmr,0.3126941885068253,0.17718929527860214,0.152699450285739,0.09980786368988218,0.11441649099721284,0.14319271124173844
2122665,0,3,explicit_mmr,no_method_signal,0.21524763035436076,0.12847378440468826,0.13522497514255818,0.23693832582414334,0.08266142879817696,0.2014538554760726
2122828,0,0,explicit_mmr,explicit_mmr,0.2679184593601823,0.1444864701881027,0.12102375209828817,0.17303307344197125,0.07475672443084266,0.2187815204806129
2122874,0,0,explicit_mmr,explicit_mmr,0.37020065586653383,0.17527412797368272,0.10895527951496771,0.09256813495259852,0.1287324920227075,0.12426930966950958
2122875,0,0,explicit_mmr,explicit_mmr,0.2931970370351218,0.17275232289467043,0.13061292662991625,0.1547283777760674,0.08297993623668078,0.16572939942754317
2122924,0,0,explicit_mmr,explicit_mmr,0.31377794526464964,0.17100250201825215,0.12446772690694123,0.12120420996627848,0.11821404961182845,0.15133356623205008
2122934,4,0,qual_only,explicit_mmr,0.2840961762429815,0.15611970342173895,0.10532341716364789,0.17967135015701888,0.10294493330961112,0.17184441970500172
2122985,5,0,quant_only,explicit_mmr,0.2494980165328186,0.13269489075616442,0.1771854645852834,0.14502999851817633,0.10032702779683328,0.195264601810724
2124215,5,3,quant_only,no_method_signal,0.12974037330822502,0.10610846228216951,0.17270522787212886,0.27532379247326405,0.15654801435503485,0.15957412970917767
2125362,2,5,multi_method_not_mmr,quant_only,0.14704420977653437,0.18010962166270839,0.15021018413458864,0.19597049138026804,0.13058904311969743,0.19607644992620307
2126021,0,0,explicit_mmr,explicit_mmr,0.3225104714260774,0.1809249364887414,0.1259694072370462,0.08212202352377558,0.10020928575330808,0.18826387557105131
2126023,0,0,explicit_mmr,explicit_mmr,0.30098543760076063,0.1704443885578131,0.12768941215298327,0.09273248208055623,0.13216466600861912,0.17598361359926776
2126031,1,0,implicit_mmr,explicit_mmr,0.3169769380409724,0.16826514840022683,0.12887368560397636,0.11259672095306089,0.1295873159485219,0.14370019105324172
2126056,0,0,explicit_mmr,explicit_mmr,0.3152842616863061,0.22360407762602572,0.10702085580007879,0.10126793181723888,0.10753740297594412,0.14528547009440626
2126082,5,0,quant_only,explicit_mmr,0.3094926069912679,0.1113022967404437,0.15122782800200146,0.1432347835234618,0.1695388740347317,0.11520361070809355
2126613,4,0,qual_only,explicit_mmr,0.2396554709506436,0.1687990133978277,0.16641381045984524,0.11149197941422544,0.1177542191106857,0.19588550666677226
2128203,1,0,implicit_mmr,explicit_mmr,0.207711823003042,0.15693827747979233,0.1514376827537347,0.2061743840679947,0.08729444057535375,0.19044339212008257
2128544,1,0,implicit_mmr,explicit_mmr,0.36653940466642665,0.15947351934886553,0.1316784898488682,0.11647717751644501,0.07346989428133988,0.15236151433805492
2128559,1,0,implicit_mmr,explicit_mmr,0.3083846188220977,0.1547949263517492,0.14918304922769757,0.14383369900822135,0.09494887216438234,0.14885483442585198
2128897,0,0,explicit_mmr,explicit_mmr,0.3178644101519366,0.13513619848866568,0.10828127540461088,0.16170500546638947,0.07257644913770105,0.2044366613506965
2129282,0,0,explicit_mmr,explicit_mmr,0.3200088303234518,0.09720266110880857,0.15809232317908944,0.13155816406181997,0.19945898746703303,0.09367903385979735
2129308,0,0,explicit_mmr,explicit_mmr,0.2454069926242812,0.1001458039986365,0.1975228629407667,0.1346411230507292,0.2253882539528465,0.09689496343273993
2129896,0,0,explicit_mmr,explicit_mmr,0.22777893857814172,0.13703539537415024,0.14384551432125617,0.18611491049757364,0.08547274475092258,0.21975249647795567
2130006,4,5,qual_only,quant_only,0.21697685845527578,0.13073323501220638,0.15359243527402763,0.19757439476931032,0.06821928153710775,0.23290379495207214
2130022,0,0,explicit_mmr,explicit_mmr,0.23135796070891657,0.1787951521884592,0.1078468464957329,0.16099275983369749,0.10158326874967614,0.21942401202351774
2130073,0,5,explicit_mmr,quant_only,0.20872027774271157,0.13792528121658848,0.1385059010606918,0.209438101845969,0.07184419696921238,0.23356624116482688
2130169,0,0,explicit_mmr,explicit_mmr,0.2952957243909444,0.1780861125370704,0.14043049824076123,0.1342938136086233,0.09463728457131745,0.15725656665128315
2130222,0,0,explicit_mmr,explicit_mmr,0.31529114982277145,0.14932379615500532,0.1132137842489177,0.1500239045337662,0.08550241890746334,0.18664494633207598
2130239,0,0,explicit_mmr,explicit_mmr,0.3133572336407301,0.1745214823750728,0.11468616233557996,0.12429502993156616,0.07978978441415108,0.19335030730289998
2130255,0,0,explicit_mmr,explicit_mmr,0.23296758833592118,0.16546223190404372,0.11577697531571833,0.20827658477040786,0.08535989516454681,0.19215672450936216
2130256,0,5,explicit_mmr,quant_only,0.19266864763442257,0.15363650855904162,0.13246818917579894,0.2003153771689611,0.07216223919353285,0.24874903826824293
2130286,0,0,explicit_mmr,explicit_mmr,0.2842699721151844,0.1532860992154437,0.11692782464204955,0.14583261471260217,0.10852936027257885,0.1911541290421413
2130290,0,0,explicit_mmr,explicit_mmr,0.2816323487195022,0.16933950135863998,0.12782794354282434,0.14875213973800044,0.06694924582850362,0.20549882081252957
2130298,0,0,explicit_mmr,explicit_mmr,0.29159178808035935,0.148664606124368,0.1469242811094842,0.1387141957033747,0.06195195360252558,0.21215317537988834
2130323,0,0,explicit_mmr,explicit_mmr,0.22051985450257416,0.1670662415640032,0.10445160475942362,0.2194275152544355,0.09344929905997415,0.1950854848595894
2130397,1,0,implicit_mmr,explicit_mmr,0.3453194581238552,0.14758067064555627,0.12086241493377124,0.11184254974606342,0.08861429283176851,0.18578061371898533
2130398,0,0,explicit_mmr,explicit_mmr,0.2627828443555483,0.16059468101914262,0.15515450698640046,0.1413544993875249,0.07403487190265622,0.20607859634872763
2130448,0,0,explicit_mmr,explicit_mmr,0.3572955602959279,0.16231765179723326,0.08713839402068971,0.15834678012482953,0.046728095529552094,0.1881735182317676
2130461,0,0,explicit_mmr,explicit_mmr,0.2873754279708897,0.1626928767864669,0.09282352990393053,0.171291821942293,0.07667770804367396,0.20913863535274577
2130479,5,3,quant_only,no_method_signal,0.190548115276586,0.15446567830221938,0.11772675470417478,0.24638669289410006,0.0722584437117893,0.21861431511113055
2131097,1,0,implicit_mmr,explicit_mmr,0.25214611529771735,0.1781922262087165,0.13792814902609657,0.15730961112874156,0.11009149833891037,0.1643323999998177
2133190,4,1,qual_only,implicit_mmr,0.18211678924411903,0.22059341754928516,0.14506490036991646,0.1719416268943926,0.12684492559663893,0.15343834034564796
2133982,0,0,explicit_mmr,explicit_mmr,0.30223014027674155,0.1915936785752003,0.11156408580872965,0.14903594785515786,0.1101695951811002,0.13540655230307033
2134583,0,0,explicit_mmr,explicit_mmr,0.2095525277337004,0.16613320854563166,0.13486789515977085,0.2039959394252941,0.09319145601204457,0.1922589731235584
2135431,0,0,explicit_mmr,explicit_mmr,0.26289434027684433,0.17843256149799064,0.15812518746458767,0.15013463885235787,0.08506417840785982,0.16534909350035967
2135438,0,0,explicit_mmr,explicit_mmr,0.2446881819693222,0.181421864565548,0.16843339033658802,0.13958704976418004,0.08991341725915551,0.17595609610520618
2136382,4,0,qual_only,explicit_mmr,0.27176852174196,0.14684681413626802,0.13882035997401485,0.1342503407779934,0.0826549025077865,0.22565906086197732
2138463,0,4,explicit_mmr,qual_only,0.15673930396541247,0.12116804554228308,0.16644396975196954,0.17649212134643882,0.19398086177360382,0.18517569762029232
2139106,0,0,explicit_mmr,explicit_mmr,0.3887261191579546,0.19609963282719567,0.1073672651826324,0.09019621546015125,0.07763149179233055,0.13997927557973558
2140246,0,0,explicit_mmr,explicit_mmr,0.31162602594521327,0.16004929877577198,0.15031843384338717,0.13277721414054747,0.06129565196908021,0.18393337532599985
2140262,0,0,explicit_mmr,explicit_mmr,0.26414387561888875,0.15502744028812157,0.12944797371647856,0.21060924748358506,0.0780710226618374,0.16270044023108865
2140867,0,0,explicit_mmr,explicit_mmr,0.3009248766410846,0.15506519884593228,0.14804172465309037,0.14833243610001812,0.05158508239756433,0.1960506813623104
2140901,0,0,explicit_mmr,explicit_mmr,0.4218363991322684,0.1696076928877409,0.1061480320945153,0.09167873027438372,0.08057972286560273,0.13014942274548888
2140902,0,0,explicit_mmr,explicit_mmr,0.3498888184770225,0.17281191087636583,0.1275538650928155,0.11148389451735408,0.09272626479302214,0.14553524624341987
2140903,0,0,explicit_mmr,explicit_mmr,0.40562698468479524,0.16791884165361518,0.10789664265019056,0.09583075142789053,0.07987047174718517,0.14285630783632328
2140904,0,0,explicit_mmr,explicit_mmr,0.4237019312942531,0.17546230952870834,0.11927791680200349,0.074353830613477,0.0843116893166298,0.12289232244492826
2140905,0,0,explicit_mmr,explicit_mmr,0.365789307661522,0.17760063054584074,0.11836925595053634,0.10330601786631687,0.08509640100177811,0.14983838697400606
2141682,0,0,explicit_mmr,explicit_mmr,0.28915722377295744,0.1642481319202487,0.17384794663564795,0.11705090610212775,0.10343487951233515,0.1522609120566832
2141716,1,0,implicit_mmr,explicit_mmr,0.2905566898157588,0.1871628528863207,0.13008195985269247,0.10712622143169184,0.09438587680314733,0.19068639921038896
2141724,1,0,implicit_mmr,explicit_mmr,0.23385416413291235,0.17037924133687785,0.14782900878721827,0.1327788261361357,0.10095909173499874,0.2141996678718571
2141727,1,0,implicit_mmr,explicit_mmr,0.3375633868563214,0.170381700517803,0.1294172270777857,0.07788019906101601,0.08121981941906749,0.2035376670680064
2141952,1,3,implicit_mmr,no_method_signal,0.17890556102551908,0.190161810542151,0.13487316600155044,0.19291534042100295,0.1116956640558627,0.19144845795391388
2141975,0,0,explicit_mmr,explicit_mmr,0.2156743147623121,0.16436682778986897,0.18017330752332017,0.14654306909495005,0.09390113649358843,0.19934134433596015
2142108,1,0,implicit_mmr,explicit_mmr,0.2056294108656578,0.17345882414597966,0.1785533583889102,0.15452827666146451,0.11695946344193968,0.1708706664960482
2142214,0,2,explicit_mmr,multi_method_not_mmr,0.18808194347700094,0.16952119899919071,0.21103877073066685,0.10801862848890606,0.11283145477273261,0.21050800353150284
2142262,1,0,implicit_mmr,explicit_mmr,0.24169115771367236,0.15008758410402304,0.1524071138526935,0.14334705259087613,0.09825862995468765,0.2142084617840473
2142276,0,0,explicit_mmr,explicit_mmr,0.2464210865124847,0.18136822635602598,0.15002629887960897,0.11473594181446146,0.1125300793821838,0.19491836705523516
2142277,1,0,implicit_mmr,explicit_mmr,0.26986128210969024,0.1557605558280319,0.17077832150337233,0.09671876216078244,0.10770585887974944,0.19917521951837366
2142311,0,2,explicit_mmr,multi_method_not_mmr,0.20891961887941707,0.16560117289721416,0.22909927036243347,0.13212752303474792,0.09508217842257864,0.16917023640360876
2142324,0,0,explicit_mmr,explicit_mmr,0.2584002393679171,0.2246328968719583,0.19390701550383505,0.08948115923563894,0.08677446854419964,0.1468042204764509
2142344,0,0,explicit_mmr,explicit_mmr,0.25486292658718407,0.19312235525040444,0.1770305402957255,0.09636427539914787,0.08105294763326511,0.19756695483427306
2142416,0,0,explicit_mmr,explicit_mmr,0.2837394073807909,0.17201320411549087,0.15634248707042667,0.10881877357843994,0.10225770849971441,0.17682841935513735
2142436,0,0,explicit_mmr,explicit_mmr,0.2439710579909748,0.1943347154913473,0.15595834407980788,0.1231366135833897,0.09196462266235039,0.19063464619212997
2142439,1,1,implicit_mmr,implicit_mmr,0.209912441041386,0.21954100253946437,0.1581353197175191,0.1363318258731655,0.10465366433972544,0.17142574648873946
2142490,1,1,implicit_mmr,implicit_mmr,0.18354697186404464,0.21117303321064335,0.17612091101861913,0.13759585618415862,0.130185946934433,0.16137728078810112
2142503,1,1,implicit_mmr,implicit_mmr,0.18590981297474016,0.19823048243023086,0.17911245736980178,0.1451995493854193,0.114019739710942,0.17752795812886585
2142594,1,0,implicit_mmr,explicit_mmr,0.21527154991753486,0.19163920292024175,0.17628084664751376,0.1341544830239754,0.11557238887674927,0.16708152861398504
2142628,2,0,multi_method_not_mmr,explicit_mmr,0.299878805858293,0.14640979258748363,0.14084267964346367,0.1351865857818271,0.06894322087792175,0.20873891525101113
2142641,0,0,explicit_mmr,explicit_mmr,0.21396433436235832,0.17366012499997924,0.14221636449207856,0.1616842497969012,0.10898046444605285,0.1994944619026299
2142659,4,0,qual_only,explicit_mmr,0.36877921230144384,0.17758844686265118,0.10633627089528051,0.09189038496381498,0.11220401469226868,0.14320167028454067
2142697,0,0,explicit_mmr,explicit_mmr,0.4116725562684453,0.1787490895470908,0.11542310243447675,0.08648648853225338,0.07493536259856186,0.13273340061917174
2142780,3,0,no_method_signal,explicit_mmr,0.23436597888553629,0.18524457437545758,0.14914185750131626,0.1343509485420741,0.10007417476368119,0.19682246593193473
2142783,1,1,implicit_mmr,implicit_mmr,0.1788678344363902,0.2209361072791518,0.18291470366144158,0.12673399890381465,0.12037110506731483,0.17017625065188682
2143173,1,0,implicit_mmr,explicit_mmr,0.3478532341248705,0.1309830997265983,0.1197867754861517,0.11536025197735295,0.19975419812064849,0.08626244056437808
2143671,0,0,explicit_mmr,explicit_mmr,0.3532305739973369,0.18556570115675466,0.11166676492877839,0.09796126814508349,0.10560800841494807,0.14596768335709845
2144618,0,0,explicit_mmr,explicit_mmr,0.2992938329174365,0.19280261948069502,0.10448573101620379,0.12615307956415206,0.12172225517901615,0.15554248184249644
2144698,4,4,qual_only,qual_only,0.2708066422994627,0.11832880352581304,0.1230312514217493,0.08942369752324228,0.325366638174431,0.07304296705530162
2145105,0,0,explicit_mmr,explicit_mmr,0.34959788127040675,0.18332405990875134,0.12383384862010771,0.13247023274681072,0.0735540564996551,0.13721992095426822
2146269,2,0,multi_method_not_mmr,explicit_mmr,0.2335907463631728,0.18255392172584095,0.13265914205702506,0.17255019035620434,0.11049567151597642,0.1681503279817804
2146359,3,0,no_method_signal,explicit_mmr,0.24418552043375552,0.15913598842464532,0.11961352128735886,0.1955141918344893,0.11647488745002098,0.16507589056973007
2147625,0,0,explicit_mmr,explicit_mmr,0.31995307591758904,0.21215480513334506,0.12151217790923384,0.09725917812031491,0.10465770839039466,0.14446305452912248
2147810,0,0,explicit_mmr,explicit_mmr,0.2731312003988753,0.20139328893143837,0.11399350095770867,0.12247605279528644,0.15896135235574368,0.13004460456094732
2147811,0,0,explicit_mmr,explicit_mmr,0.29902792241524445,0.2097475101062238,0.10528673320197551,0.11311400713408273,0.12640449504920576,0.1464193320932676
2148014,1,0,implicit_mmr,explicit_mmr,0.37529835334404227,0.18302771799486886,0.10571253683488681,0.08525618804801183,0.1294563135989534,0.12124889017923678
2148023,0,0,explicit_mmr,explicit_mmr,0.24771569578316993,0.1630501231793731,0.1405616674727421,0.1517912752864209,0.13674464206687773,0.1601365962114164
2148451,0,0,explicit_mmr,explicit_mmr,0.19038155693213427,0.1686252774831403,0.15204950071886286,0.17672881648490754,0.1485658080068186,0.1636490403741364
2148543,0,0,explicit_mmr,explicit_mmr,0.38530487201416325,0.12728379268123582,0.1030247434014757,0.12676116678852056,0.08741725091208373,0.170208174202521
2148560,0,0,explicit_mmr,explicit_mmr,0.34495879531527546,0.2061545712045491,0.08111365786695338,0.09326563257043698,0.08676830914847827,0.18773903389430674
2148561,0,0,explicit_mmr,explicit_mmr,0.27541148333075544,0.19139571763655436,0.12351337587239614,0.11083116028083209,0.12865748479827635,0.1701907780811856
2148680,0,0,explicit_mmr,explicit_mmr,0.2970970132829362,0.22458882844441383,0.12892876356422503,0.10846820104157329,0.10806226753035691,0.1328549261364947
2148777,1,0,implicit_mmr,explicit_mmr,0.3238347639810036,0.20868274907891465,0.11824801751350549,0.1272925147957388,0.0995139310242779,0.12242802360655951
2149356,0,0,explicit_mmr,explicit_mmr,0.2879171015045724,0.24002037692028083,0.12411229468248418,0.11994650649008198,0.08894103712569025,0.13906268327689034
2149370,2,0,multi_method_not_mmr,explicit_mmr,0.24458245331156578,0.12030835587069161,0.1522438226292368,0.1964956926656879,0.09894392872020906,0.18742574680260893
2150045,0,0,explicit_mmr,explicit_mmr,0.3048476253145863,0.17380841698797023,0.11920494190573235,0.14018273688222074,0.08380735863132589,0.17814892027816437
2150088,2,3,multi_method_not_mmr,no_method_signal,0.1465080290944038,0.10047655092925908,0.19894932199036966,0.24340948246432567,0.11163415096897743,0.1990224645526644
2150297,4,1,qual_only,implicit_mmr,0.1568172489024671,0.2416044599455728,0.17335574106224613,0.16303633801590148,0.10399576924667833,0.16119044282713416
2150323,0,0,explicit_mmr,explicit_mmr,0.39969857732682545,0.11575022052227354,0.11847021406887992,0.12487862976918436,0.0727873211146688,0.16841503719816803
2150337,2,2,multi_method_not_mmr,multi_method_not_mmr,0.11035406882420219,0.0680592647302097,0.35106107027173006,0.2167345523486613,0.1078600662944714,0.14593097753072506
2150449,5,3,quant_only,no_method_signal,0.10194799100693469,0.09582257404533866,0.2039608366390142,0.24742231232682374,0.11449877892547085,0.23634750705641785
2150961,2,3,multi_method_not_mmr,no_method_signal,0.17963762159796065,0.14202207389890528,0.18460020473566816,0.19771653034891817,0.1114067733548193,0.18461679606372836
2151012,0,0,explicit_mmr,explicit_mmr,0.23763617607150053,0.2337695769853363,0.1257247221796363,0.14744903760406367,0.10455019212256107,0.15087029503690208
2151045,0,0,explicit_mmr,explicit_mmr,0.23963391408595158,0.2215986551358977,0.12816500932044092,0.1547894181617913,0.11387417224337616,0.14193883105254235
2151046,4,0,qual_only,explicit_mmr,0.27962214698184473,0.13306205587009584,0.17713700835691606,0.1554731096222753,0.10971427605317627,0.1449914031156919
2151056,0,0,explicit_mmr,explicit_mmr,0.22656985226258308,0.2260632097611159,0.1334583618348131,0.14493112368124703,0.11406138947837836,0.15491606298186242
2151057,0,1,explicit_mmr,implicit_mmr,0.22338190853005518,0.2252654053260217,0.12574245865061784,0.1736189312655322,0.10417201410268856,0.14781928212508436
2151061,4,0,qual_only,explicit_mmr,0.2661460175942788,0.15448741439594663,0.18613355122636216,0.14601730397861565,0.09039971767169658,0.15681599513310018
2151141,2,0,multi_method_not_mmr,explicit_mmr,0.31154603241329487,0.13618841691324987,0.16223768688125623,0.14705953722725312,0.09438089788837642,0.14858742867656943
2151404,4,0,qual_only,explicit_mmr,0.3052974668401154,0.12297619155872652,0.1436362280474099,0.10270477642263284,0.23808220089274648,0.08730313623836902
2152260,2,0,multi_method_not_mmr,explicit_mmr,0.21229259237861922,0.20220955496751886,0.12024247472496202,0.16078003550234837,0.13661584952044392,0.16785949290610777
2152282,0,0,explicit_mmr,explicit_mmr,0.35409087424647856,0.19473131886865738,0.1271199594224602,0.10586384728229598,0.09589905752239411,0.12229494265771351
2152441,5,0,quant_only,explicit_mmr,0.2863600316406134,0.09366584169918452,0.14308796978370078,0.12191889205183551,0.19557597906713897,0.159391285757527
2154606,5,3,quant_only,no_method_signal,0.16038227607557867,0.167763021221424,0.15399929618083555,0.20086815155795926,0.12084005891412483,0.1961471960500776
2200365,3,5,no_method_signal,quant_only,0.19147729523703244,0.13904036111856505,0.1737255034420709,0.20302700916055974,0.08874334876068957,0.20398648228108243
2200748,1,0,implicit_mmr,explicit_mmr,0.29516821584777764,0.21113795674887728,0.11116494640860627,0.12164626181316583,0.11533722831018005,0.14554539087139273
2200781,5,5,quant_only,quant_only,0.21390777746686865,0.15557562523080884,0.1016604680740525,0.12025232314228307,0.11893709605860255,0.28966671002738464
2200815,0,0,explicit_mmr,explicit_mmr,0.319353965666178,0.23575373748514925,0.11251506500549915,0.07496392529062111,0.1034434737115835,0.15396983284096885
2200830,0,0,explicit_mmr,explicit_mmr,0.34552091933141754,0.18175969387872978,0.11149539321948856,0.10230316664638692,0.13166604817537778,0.12725477874859925
2200887,4,0,qual_only,explicit_mmr,0.34620518441510034,0.1749021837688481,0.11175467281539622,0.07807154544535083,0.11017264134540888,0.17889377220989566
2200928,0,0,explicit_mmr,explicit_mmr,0.37968786483181954,0.18287380105112894,0.11449862068870008,0.08803521188230028,0.07340511254318438,0.1614993890028669
2201051,1,0,implicit_mmr,explicit_mmr,0.33152764936454654,0.20806919116161524,0.0959910415627368,0.09385505215505845,0.13563077568100568,0.1349262900750373
2201545,0,0,explicit_mmr,explicit_mmr,0.4154168378862304,0.16395268875062705,0.08828985465830524,0.1028957665630067,0.09724658680585291,0.1321982653359776
2201576,0,0,explicit_mmr,explicit_mmr,0.4393039328405,0.15721921035703323,0.08120953448369947,0.08972341313302358,0.10183558067230299,0.1307083285134406
2201641,4,0,qual_only,explicit_mmr,0.3596787466290531,0.16153444487943308,0.11996536964445548,0.08917654259805773,0.13757345458190953,0.13207144166709098
2201642,4,0,qual_only,explicit_mmr,0.32543156634640596,0.19893355141311805,0.11856540455569169,0.084023639927627,0.12325205056319312,0.149793787193964
2201700,0,0,explicit_mmr,explicit_mmr,0.3367499777248824,0.1819758182823895,0.1237448541943104,0.1361004902526574,0.06347023329622624,0.1579586262495342
2201701,0,0,explicit_mmr,explicit_mmr,0.31659936991118287,0.17271502313115256,0.11534034291908507,0.12733518181452977,0.07170410909116265,0.19630597313288717
2201764,0,0,explicit_mmr,explicit_mmr,0.30997016024919893,0.21252598700532732,0.10281710811056938,0.059190208498487655,0.10806966841319653,0.2074268677232202
2201765,0,0,explicit_mmr,explicit_mmr,0.28362669571193816,0.23249781767604147,0.10589116423021086,0.07826491402330615,0.13899053586648724,0.16072887249201612
2201792,4,0,qual_only,explicit_mmr,0.3186421626729473,0.21958559797745508,0.1189769170431825,0.07296189835774256,0.1064503127362914,0.16338311121238108
2201793,4,0,qual_only,explicit_mmr,0.31037831378484076,0.22015878884385306,0.1274504735106175,0.07283503654526811,0.11773347501106399,0.1514439123043567
2201794,4,0,qual_only,explicit_mmr,0.3131831537596906,0.23308143391814412,0.11917186224322143,0.06695038190595252,0.11338184065056804,0.1542313275224234
2201795,4,0,qual_only,explicit_mmr,0.30893914816986967,0.23716219429959187,0.11474333020104786,0.07234403036435304,0.10153527817010415,0.16527601879503348
2201858,4,0,qual_only,explicit_mmr,0.31113200317318845,0.23058996801052337,0.09241027746443334,0.07931970624200733,0.12119053013764054,0.16535751497220694
2201859,4,0,qual_only,explicit_mmr,0.34267886181526314,0.22588616120116278,0.09663704256412697,0.06509926627797381,0.10453874231845717,0.16515992582301595
2201929,4,0,qual_only,explicit_mmr,0.3079511930517631,0.17992182202099546,0.1330523195154525,0.09964945329644868,0.09849804962316279,0.1809271624921776
2201930,4,0,qual_only,explicit_mmr,0.25518385777651786,0.19821199166836492,0.14737958456986405,0.13336925201315689,0.10793039445666129,0.15792491951543491
2201943,4,0,qual_only,explicit_mmr,0.25903152255138956,0.24639539046984088,0.11085526487682763,0.1194291888854118,0.10232510844843322,0.16196352476809675
2201993,2,3,multi_method_not_mmr,no_method_signal,0.15535504356554442,0.17663883974120412,0.1229086244870233,0.31134275297458225,0.07862038059429963,0.15513435863734623
2202156,4,3,qual_only,no_method_signal,0.12729301428375367,0.17416245055323382,0.1208989706083191,0.3627602099134377,0.055906229411239204,0.15897912523001648
2202169,0,0,explicit_mmr,explicit_mmr,0.27755466236290477,0.10518988473191826,0.11462406658429149,0.23472416932818535,0.07401685679006154,0.19389036020263878
2203386,1,0,implicit_mmr,explicit_mmr,0.2940292277902113,0.25326186042153404,0.10813666292927862,0.07489905724765746,0.11408221294975561,0.15559097866156293
2204462,2,0,multi_method_not_mmr,explicit_mmr,0.33504063392914035,0.18048931479960062,0.12686396392498847,0.12787363929939372,0.07545219035728801,0.15428025768958867
2204537,2,0,multi_method_not_mmr,explicit_mmr,0.2895764695136427,0.2069214785255509,0.12289647794020048,0.13147284051169814,0.08666040970599545,0.16247232380291216
2205001,0,0,explicit_mmr,explicit_mmr,0.31381324011672296,0.12728843069696463,0.13115884065044944,0.1170891378926372,0.14497475154012163,0.16567559910310434
2205612,5,0,quant_only,explicit_mmr,0.32471994014765254,0.12486434885235392,0.1544002741865994,0.14516885108522032,0.047215444982781976,0.2036311407453918
2207219,1,5,implicit_mmr,quant_only,0.2359411612235946,0.12001091014568198,0.10783331642926317,0.16729142481270162,0.08931829500859757,0.27960489238016123
2207408,1,0,implicit_mmr,explicit_mmr,0.2719500032548459,0.1933021660199538,0.14217765484442157,0.13644791463114073,0.09898846570563914,0.15713379554399864
2207795,2,0,multi_method_not_mmr,explicit_mmr,0.2797249420609896,0.25641714585551106,0.1111021146741897,0.08215737275908841,0.09109907162565126,0.17949935302456993
2211032,0,0,explicit_mmr,explicit_mmr,0.27648618589574275,0.13033704091354967,0.2049147250295256,0.10182516773522944,0.1892207974318839,0.0972160829940688
2214418,5,0,quant_only,explicit_mmr,0.2879720247039314,0.19653710173935127,0.11036671732350516,0.1116613903139691,0.12556995190722844,0.16789281401201453
2214516,0,0,explicit_mmr,explicit_mmr,0.3370085974131418,0.19012235997829763,0.11730396897425768,0.08840544192401772,0.13077198520049113,0.13638764650979399
2214740,0,0,explicit_mmr,explicit_mmr,0.3142796430999773,0.17753390920297057,0.11883149624890581,0.12962009789010595,0.09582650290471612,0.16390835065332438
2215050,1,0,implicit_mmr,explicit_mmr,0.47357073306068265,0.16809642457661558,0.07370796534380532,0.06607381672713852,0.08987245265503814,0.12867860763671968
2215084,0,0,explicit_mmr,explicit_mmr,0.36127241799956494,0.15850748826529154,0.13262912211055594,0.11513601260795227,0.07666617561112234,0.15578878340551305
2215166,0,0,explicit_mmr,explicit_mmr,0.23862938445822646,0.15530628555027567,0.16646971605719715,0.16200410906553575,0.10226180408458972,0.1753287007841752
2215167,0,0,explicit_mmr,explicit_mmr,0.22249760195587456,0.22164748002616902,0.12206314866794904,0.14253752921351318,0.11286923051567559,0.17838500962081863
2215592,2,0,multi_method_not_mmr,explicit_mmr,0.32153644271118953,0.16810068067816542,0.1285881740730025,0.14340753556524197,0.13266488530104756,0.105702281671353
2215653,0,0,explicit_mmr,explicit_mmr,0.3667116529343063,0.18261562089200956,0.11997884592743664,0.11729160960224093,0.11050125042862673,0.10290102021537978
2215654,0,0,explicit_mmr,explicit_mmr,0.3425641843820993,0.1992282965815426,0.1295658578730168,0.13050917717034363,0.09063183423372734,0.10750064975927039
2215655,0,0,explicit_mmr,explicit_mmr,0.35666497489612475,0.18770045365617616,0.11778881152673482,0.1202016165721521,0.10809259555996827,0.1095515477888439
2215656,0,0,explicit_mmr,explicit_mmr,0.31375405349618474,0.1470134202086494,0.13467689607101235,0.1425282554248678,0.14443517161175798,0.11759220318752785
2215970,0,0,explicit_mmr,explicit_mmr,0.280146593006696,0.19864996306338392,0.1420371430555732,0.11211322287188774,0.116442461077628,0.15061061692483127
2216031,0,0,explicit_mmr,explicit_mmr,0.292414779350915,0.18505208872437443,0.14842677659062575,0.109724114036756,0.11680352796993675,0.14757871332739206
2216121,0,0,explicit_mmr,explicit_mmr,0.283506378506962,0.19661311201709497,0.14001426035256762,0.10343362043999647,0.1087891469929775,0.16764348169040133
2216351,0,0,explicit_mmr,explicit_mmr,0.24170136298202266,0.14051000275283151,0.16187263409446462,0.1917743157004725,0.08588301129733307,0.1782586731728757
2217640,2,0,multi_method_not_mmr,explicit_mmr,0.25291897291001975,0.10892917969477382,0.18330632973775685,0.13784087536610556,0.19784585368041108,0.11915878861093296
2217718,1,4,implicit_mmr,qual_only,0.1900788611479412,0.12618159413030108,0.1679144074554366,0.1961764163141403,0.20611536526854565,0.11353335568363522
2217745,0,0,explicit_mmr,explicit_mmr,0.24263517428591233,0.11444651488383027,0.1676947670255157,0.1545993499397722,0.19267065317388082,0.1279535406910887
2219012,1,0,implicit_mmr,explicit_mmr,0.3217121547915792,0.19667620057254653,0.14857612597850822,0.07931764558138439,0.13167430340605144,0.12204356966993023
2219271,0,0,explicit_mmr,explicit_mmr,0.369694956629367,0.19070615761179643,0.10362982988487844,0.08037878236105245,0.12989995497755874,0.12569031853534657
2219389,1,0,implicit_mmr,explicit_mmr,0.36611803353847316,0.20413253391717945,0.12031528172404463,0.09657044051438342,0.08063477304276216,0.1322289372631571
2219522,2,0,multi_method_not_mmr,explicit_mmr,0.22236128103728553,0.1577120408885802,0.1770721925961202,0.15484726091297227,0.10589778061205185,0.18210944395298995
2221149,0,0,explicit_mmr,explicit_mmr,0.24006706252297358,0.1480777006269076,0.12412987754203632,0.17583895183573994,0.07858585373416649,0.23330055373817637
2221153,0,3,explicit_mmr,no_method_signal,0.21640693368807962,0.14238601242278662,0.12281922267291502,0.23517544981860614,0.08966563620157825,0.19354674519603432
2221163,5,0,quant_only,explicit_mmr,0.25798071349090423,0.14451871038144978,0.12262256932924412,0.1943286433455759,0.08584769123892606,0.19470167221390017
2221177,0,0,explicit_mmr,explicit_mmr,0.26682258901137185,0.14227861672960498,0.14118353532165434,0.1647154530953901,0.07869995878174002,0.2062998470602387
2221187,0,0,explicit_mmr,explicit_mmr,0.24134651692957965,0.15654726948520714,0.18678557889855177,0.14024542418183203,0.08677475822816648,0.1883004522766631
2221242,0,0,explicit_mmr,explicit_mmr,0.25821567035732185,0.14177095022161487,0.14295028668388673,0.17004009895800978,0.06106257822840121,0.2259604155507657
2221262,0,0,explicit_mmr,explicit_mmr,0.2721792999038742,0.15697047024621255,0.1378312962610477,0.15039012108880817,0.05900366872373522,0.22362514377632214
2221335,1,0,implicit_mmr,explicit_mmr,0.2865544690464694,0.14668099701275444,0.09886005585334756,0.1659563893394432,0.0890420736684564,0.21290601507952892
2221337,1,0,implicit_mmr,explicit_mmr,0.2510639764990427,0.1337226280733409,0.12527129855393995,0.19294254603101546,0.0752483068166886,0.22175124402597263
2221421,1,0,implicit_mmr,explicit_mmr,0.2487227640728125,0.14549231062172072,0.13403918163797,0.16033374123995348,0.0826949374317902,0.22871706499575345
2221462,1,0,implicit_mmr,explicit_mmr,0.22600912912279716,0.17352138028210165,0.10676970553478254,0.2125384829755117,0.0811278171767669,0.20003348490804
2221465,5,0,quant_only,explicit_mmr,0.23052315778389684,0.19411151762005113,0.11897753204594816,0.1673037573376177,0.07068940693280924,0.2183946282796769
2221538,1,0,implicit_mmr,explicit_mmr,0.2506657944363582,0.14553328308782434,0.13172284827204556,0.17367230005788842,0.0837664593346449,0.2146393148112386
2221574,0,0,explicit_mmr,explicit_mmr,0.29682602664685825,0.13302846433334764,0.13028322887226929,0.181209072371668,0.06541077318380267,0.19324243459205426
2221627,0,0,explicit_mmr,explicit_mmr,0.24896242099661914,0.1542609861658288,0.12124396920742685,0.1833567633750809,0.09257691374543708,0.19959894650960733
2221637,0,0,explicit_mmr,explicit_mmr,0.2984336806172749,0.13249343117591889,0.129163154914566,0.17085932934551445,0.10037428011721211,0.16867612382951366
2221696,2,0,multi_method_not_mmr,explicit_mmr,0.24962344548881343,0.18235924985074792,0.1237838831067244,0.16898086742923976,0.07662841231265215,0.19862414181182236
2221912,0,0,explicit_mmr,explicit_mmr,0.2364779281833749,0.19930425530262896,0.12753390484942279,0.1418022741978156,0.12792181479147793,0.16695982267527987
2222278,0,0,explicit_mmr,explicit_mmr,0.328085720427937,0.1650959932202255,0.1276078358761474,0.12763419553998326,0.09846733036884742,0.15310892456685957
2222293,0,0,explicit_mmr,explicit_mmr,0.2685062200564911,0.17791698676737497,0.12237833111860918,0.15069283410312043,0.11302052327621832,0.167485104678186
2223907,0,0,explicit_mmr,explicit_mmr,0.27039971351488057,0.17121931746589322,0.12686207203417618,0.15895721470172552,0.07839548386108848,0.19416619842223606
2224674,0,0,explicit_mmr,explicit_mmr,0.3015864432185476,0.2036082592302402,0.11005162944838633,0.12063227449359062,0.10856932648628739,0.15555206712294786
2224675,0,0,explicit_mmr,explicit_mmr,0.3207217852567728,0.20875788335869508,0.09462772124705497,0.11540837532197037,0.11366172166873043,0.14682251314677647
2224857,0,0,explicit_mmr,explicit_mmr,0.25029228068453163,0.15708430367859194,0.14471406983163096,0.14691756336855868,0.14448682364915527,0.15650495878753168
2225128,5,0,quant_only,explicit_mmr,0.31137194674505525,0.13930373203428142,0.1297554058490104,0.15726653718120712,0.06507298865505703,0.19722938953538885
2225209,2,0,multi_method_not_mmr,explicit_mmr,0.28920460156848726,0.20705885635414217,0.1058046736373565,0.09496122447606674,0.11307910180191758,0.18989154216202994
2225211,1,0,implicit_mmr,explicit_mmr,0.23534440475656196,0.14341371098118294,0.1481368599013142,0.19092094932948817,0.09961331517479272,0.1825707598566601
2225255,1,0,implicit_mmr,explicit_mmr,0.20699089575648671,0.1333816850438957,0.179244747668721,0.1463797852883233,0.12971703821334063,0.20428584802923272
2225306,1,0,implicit_mmr,explicit_mmr,0.4025716527942131,0.15614565167879932,0.10564716601344143,0.10425625046620317,0.09765562883408425,0.13372365021325877
2225381,0,0,explicit_mmr,explicit_mmr,0.3873736735043847,0.17791471559724348,0.1106535742355732,0.11115573772734672,0.0795776036454535,0.1333246952899983
2228202,0,0,explicit_mmr,explicit_mmr,0.3794112521750302,0.14674498510887465,0.12311858240559236,0.10837264261069703,0.07091048460636828,0.17144205309343752
2228211,4,0,qual_only,explicit_mmr,0.2484118594792664,0.14874203076935222,0.1775609817163696,0.15227771265294757,0.09559961521853909,0.17740780016352523
2234071,0,0,explicit_mmr,explicit_mmr,0.34871856610661345,0.1503787018976023,0.15742935043193615,0.10327290875811439,0.10666885967440992,0.13353161313132353
2234073,0,0,explicit_mmr,explicit_mmr,0.28420208546158443,0.16400463695383125,0.15255083391573865,0.12483314045398808,0.12176069798574657,0.15264860522911103
2234074,0,0,explicit_mmr,explicit_mmr,0.3142124522721952,0.16813549002958156,0.16233924348637263,0.1007460116291857,0.11614478718188567,0.13842201540077914
2234348,2,0,multi_method_not_mmr,explicit_mmr,0.2740043358924726,0.20611320014716286,0.13690686154947296,0.13987550488617878,0.07343552801888636,0.1696645695058264
2234633,0,0,explicit_mmr,explicit_mmr,0.3287922559202708,0.1770643786184528,0.11614776587162487,0.13728839068583476,0.09207613649889566,0.14863107240492104
2235227,0,0,explicit_mmr,explicit_mmr,0.3737192622186753,0.17139923860166836,0.13697308434077357,0.0760659881576368,0.09585668135341864,0.1459857453278273
2235241,1,0,implicit_mmr,explicit_mmr,0.317171128513726,0.18420188423915812,0.15790682935719708,0.0826053337890902,0.08576700417323287,0.17234781992759604
2235345,0,0,explicit_mmr,explicit_mmr,0.2031296907005493,0.12292475699482475,0.15692746045335307,0.15917409205428498,0.2010235112296714,0.15682048856731673
2235460,1,0,implicit_mmr,explicit_mmr,0.24805868651106913,0.18375250351086936,0.17681195149659984,0.1134558349428539,0.1022946592958982,0.17562636424270964
2235461,2,4,multi_method_not_mmr,qual_only,0.13999741350297154,0.11725422887983995,0.18094118959227423,0.19145049620279558,0.20626896398747877,0.1640877078346399
2235543,1,0,implicit_mmr,explicit_mmr,0.33636558518723775,0.17048287473767934,0.1474499483094182,0.09095635177763257,0.10810007868685781,0.1466451613011742
2235568,2,0,multi_method_not_mmr,explicit_mmr,0.23338568623644515,0.1438065810495106,0.15412238408319057,0.16602474100943843,0.10487105370191646,0.1977895539194989
2235600,3,0,no_method_signal,explicit_mmr,0.2348985811743296,0.21061562382396806,0.16766999890778295,0.11412301763078803,0.08294752789756012,0.18974525056557126
2235774,5,0,quant_only,explicit_mmr,0.35372220620971867,0.1702062797983749,0.10132693483078223,0.125931330473167,0.09587565432695903,0.1529375943609979
2235833,0,0,explicit_mmr,explicit_mmr,0.38090583286867324,0.16360431610616763,0.12626453488706035,0.11510313751719835,0.0738191441586641,0.14030303446223616
2235957,0,0,explicit_mmr,explicit_mmr,0.3768890365246077,0.16522046592242612,0.12798179421476025,0.10012839809294846,0.08239205722504914,0.1473882480202081
2236075,0,0,explicit_mmr,explicit_mmr,0.28557526213425904,0.19641140908509222,0.1395859008553323,0.11814789372663845,0.11802656744185946,0.14225296675681873
2236107,0,0,explicit_mmr,explicit_mmr,0.3394367653836973,0.16978422556951545,0.11173967105875152,0.09859616428285584,0.08818949432483078,0.19225367938034899
2236402,0,0,explicit_mmr,explicit_mmr,0.24339965623316867,0.1511111053057154,0.15998786999120224,0.12834958114510495,0.08008750204313687,0.23706428528167203
2236739,4,0,qual_only,explicit_mmr,0.28711977156321866,0.1753346008977493,0.12756029906090294,0.13146076742732365,0.11724313736501128,0.16128142368579415
2237053,0,0,explicit_mmr,explicit_mmr,0.32187627120699164,0.18324648413433056,0.11932987570105315,0.09748529334730141,0.09885791189204966,0.17920416371827358
2237151,4,0,qual_only,explicit_mmr,0.29465191592483114,0.21697683805409745,0.10244846232698125,0.11011656657735386,0.12246060803367724,0.15334560908305905
2237564,1,0,implicit_mmr,explicit_mmr,0.37944964731160014,0.10751283668960046,0.14346369637047837,0.10018589185391219,0.19464083673522528,0.07474709103918373
2237902,4,0,qual_only,explicit_mmr,0.35380959672410345,0.1955372377044251,0.09912166983990425,0.09635403436207364,0.10051891400744148,0.1546585473620519
2240951,1,0,implicit_mmr,explicit_mmr,0.3121546893508542,0.18975780392891792,0.15061788739424187,0.08948911990288023,0.08762519779706811,0.17035530162603785
2241382,2,0,multi_method_not_mmr,explicit_mmr,0.2347999806669309,0.10713838428602246,0.1589826584290982,0.17644645341629842,0.14377351878214806,0.17885900441950206
2241766,0,0,explicit_mmr,explicit_mmr,0.37765982973637585,0.15695214525753629,0.12377456988516777,0.1170187415475147,0.09154726566722611,0.13304744790617937
2243017,5,1,quant_only,implicit_mmr,0.2332549272855785,0.35152415296017464,0.10394465857613422,0.11141090651229787,0.06650646646550956,0.13335888820030486
2243018,5,1,quant_only,implicit_mmr,0.27272461224377964,0.35244582912032524,0.08376629086353865,0.10338690126375673,0.06296906611840661,0.12470730039019283
2243019,5,1,quant_only,implicit_mmr,0.23410667302770963,0.34533871126394666,0.08297233736545805,0.12612653175326063,0.06386838742209192,0.14758735916753313
2243020,5,1,quant_only,implicit_mmr,0.22931767716169796,0.35253983590507926,0.09260629425628447,0.11358669736835912,0.09256986520840876,0.11937963010017004
2243021,5,1,quant_only,implicit_mmr,0.26488921743109817,0.3559241047871501,0.08107683588900397,0.10988395017431184,0.05426648870188754,0.13395940301654832
2243106,5,1,quant_only,implicit_mmr,0.18125210082183443,0.37240990788764317,0.11450315332955939,0.13111983279675993,0.07743438466325755,0.1232806205009454
2243107,5,1,quant_only,implicit_mmr,0.19181888895932395,0.36768122450102125,0.10134099767898458,0.13135278950216048,0.054025752737156485,0.15378034662135326
2243108,5,1,quant_only,implicit_mmr,0.21212215783343594,0.3596894445287976,0.10599160400497146,0.1141700570154046,0.06983789252120905,0.1381888440961813
2243109,0,0,explicit_mmr,explicit_mmr,0.4217699478576935,0.17187525331237438,0.10762694067336222,0.0799609971585673,0.08280912155993281,0.13595773943806985
2243288,0,0,explicit_mmr,explicit_mmr,0.37417556976328215,0.1577651217107994,0.1291078732092425,0.1110470182774635,0.0821993597785722,0.14570505726064029
2243403,2,0,multi_method_not_mmr,explicit_mmr,0.2657167018565157,0.15643108176948925,0.19468993605798782,0.1253268718222358,0.09913400345124641,0.15870140504252508
2243443,0,3,explicit_mmr,no_method_signal,0.21114404628173775,0.17495785331308336,0.12905503453275283,0.21633555052988307,0.08924935586670071,0.1792581594758423
2243457,0,0,explicit_mmr,explicit_mmr,0.3211766107068695,0.1377137270433796,0.17094713370341114,0.11903249957071878,0.09366930875402632,0.15746072022159469
2243484,1,0,implicit_mmr,explicit_mmr,0.2143341980012938,0.1529934003577826,0.1352508506500863,0.17568276735571187,0.130214173630873,0.19152461000425247
2243510,4,0,qual_only,explicit_mmr,0.3833719912522987,0.15869703021172815,0.13900737482781686,0.1096714278140088,0.07155089866940427,0.1377012772247432
2243553,2,0,multi_method_not_mmr,explicit_mmr,0.2595982341030402,0.13028172447117708,0.16348250177838516,0.16070205536716867,0.10390284163371358,0.18203264264651536
2243558,2,0,multi_method_not_mmr,explicit_mmr,0.30408111195516585,0.11576753041887335,0.16404598386871813,0.11936243952737863,0.09789784226704704,0.19884509196281713
2244031,5,2,quant_only,multi_method_not_mmr,0.12336588196465226,0.10338656890544956,0.252780141412242,0.2266877944094945,0.10223679478502551,0.19154281852313607
2244323,0,0,explicit_mmr,explicit_mmr,0.35346226784337414,0.15674650834504772,0.1307891376264755,0.08589341246315613,0.10855268506130426,0.1645559886606422
2244342,5,0,quant_only,explicit_mmr,0.22565289546333395,0.17775833064070473,0.14310192415345355,0.1560465760641785,0.13929583807152568,0.1581444356068036
2244546,2,3,multi_method_not_mmr,no_method_signal,0.13107459285104256,0.09480712237922771,0.18071693307269968,0.27024025704749327,0.12283618378182548,0.20032491086771126
2246200,0,0,explicit_mmr,explicit_mmr,0.311035575799314,0.1896758143425639,0.1322563687846257,0.08620558409619813,0.10806808554809216,0.17275857142920598
2247026,3,3,no_method_signal,no_method_signal,0.21763268806112734,0.19428261344608663,0.11734881763840917,0.24514970018491183,0.07047603600424626,0.15511014466521877
2247282,5,0,quant_only,explicit_mmr,0.25699041282234575,0.2079918804154593,0.15136242385944448,0.11475235739452412,0.07936422074135832,0.1895387047668682
2247283,5,5,quant_only,quant_only,0.1853833864390805,0.16992119593426497,0.20226499771804515,0.1481851462322691,0.08101379451722492,0.21323147915911547
2247790,0,1,explicit_mmr,implicit_mmr,0.22876280948637076,0.2307514134860851,0.1513386864871954,0.10957436629645553,0.10521301519876279,0.17435970904513037
2247809,4,0,qual_only,explicit_mmr,0.40746956091167313,0.1646585443080723,0.13402165323241372,0.08238840923548826,0.06644653657320439,0.14501529573914812
2247976,0,0,explicit_mmr,explicit_mmr,0.22377806587193141,0.13058830312482936,0.1634988055638044,0.20541716820846123,0.09595364280792379,0.18076401442304976
2300233,0,0,explicit_mmr,explicit_mmr,0.32331934482867275,0.18590342200276502,0.09948369727141837,0.08057119493958118,0.11274732007141676,0.19797502088614607
2300291,0,0,explicit_mmr,explicit_mmr,0.3144979728037225,0.19998070144495372,0.11015158335431081,0.06788106789972839,0.1145074786269837,0.19298119587030074
2300322,0,0,explicit_mmr,explicit_mmr,0.27691654658044684,0.19263570560785337,0.14125691620794922,0.09100758032772534,0.12349006140401304,0.17469318987201243
2300323,0,0,explicit_mmr,explicit_mmr,0.2918566681631778,0.21891660333387297,0.1294173912228829,0.09000996053250085,0.11414779512742165,0.1556515816201439
2300376,0,0,explicit_mmr,explicit_mmr,0.3101337477184243,0.19587797011233982,0.1093773190718871,0.08431746626716694,0.10720278317450425,0.19309071365567784
2300618,0,0,explicit_mmr,explicit_mmr,0.41594693471831673,0.17405535488476992,0.10743957634740123,0.07732622292710754,0.0854982032536359,0.13973370786876857
2300619,0,0,explicit_mmr,explicit_mmr,0.2969675255345862,0.19379129513884535,0.11254576146084656,0.12822443230007394,0.11777055552851126,0.1507004300371366
2300676,0,0,explicit_mmr,explicit_mmr,0.30154308405599917,0.18114627273916623,0.12617688899017035,0.1036587394668364,0.1335678661029262,0.1539071486449015
2300709,0,0,explicit_mmr,explicit_mmr,0.38800174933897785,0.218386666285704,0.07694484146270897,0.06586696206646901,0.08637434392224347,0.16442543692389677
2300710,0,0,explicit_mmr,explicit_mmr,0.4018632571907872,0.19385301229061153,0.09490750562270246,0.07493772371498504,0.10071446280769877,0.13372403837321511
2300725,0,0,explicit_mmr,explicit_mmr,0.4187304547057866,0.15643426070619038,0.1203502690753306,0.0946792945272345,0.06066636875480208,0.14913935223065578
2300744,5,3,quant_only,no_method_signal,0.16148626063134017,0.14348081595891715,0.11417005533949437,0.3138374246204121,0.0783511165224643,0.18867432692737202
2300747,1,0,implicit_mmr,explicit_mmr,0.4148420033830406,0.15760783336945935,0.09341888086901494,0.093805617594786,0.11504884774203004,0.12527681704166882
2300927,0,0,explicit_mmr,explicit_mmr,0.39659907181438825,0.18239708218373618,0.0900894316003833,0.09863450340495973,0.11396221251478574,0.11831769848174685
2300977,0,0,explicit_mmr,explicit_mmr,0.36922756637574744,0.18326199975435925,0.11406190834955988,0.07493257858975137,0.12055308190059588,0.13796286502998606
2301049,0,0,explicit_mmr,explicit_mmr,0.3686593768203781,0.17505853038440242,0.11115359986551351,0.10849553354886678,0.10572393232888595,0.13090902705195326
2302112,1,3,implicit_mmr,no_method_signal,0.17224377419545248,0.14204217106550118,0.16498994582609477,0.18690797150409433,0.18085129326891938,0.152964844139938
2306044,5,0,quant_only,explicit_mmr,0.2506330212310548,0.16287976321137837,0.11754475825274144,0.16338828535043987,0.10966427372424054,0.19588989823014513
2306052,0,0,explicit_mmr,explicit_mmr,0.29011982151141447,0.13327928486506394,0.13242372525539306,0.1163136294033268,0.22529029530628605,0.10257324365851599
2306053,0,0,explicit_mmr,explicit_mmr,0.316440213560106,0.145797681049845,0.12414697459367646,0.10486991672579016,0.21303643714261408,0.09570877692796838
2306099,0,0,explicit_mmr,explicit_mmr,0.3047986171734317,0.12312548232358186,0.1292338408566358,0.158886005267472,0.16069737421221644,0.1232586801666623
2306262,0,0,explicit_mmr,explicit_mmr,0.3407224938640176,0.13162953217775064,0.12932770256352902,0.1346086137594062,0.14272330751460924,0.12098835012068722
2306263,0,0,explicit_mmr,explicit_mmr,0.31372494869672357,0.14796602639886544,0.12696780941580807,0.12048735058064691,0.15878986379565047,0.1320640011123056
2306270,1,0,implicit_mmr,explicit_mmr,0.2801594886120281,0.15181404780007005,0.12904287504364845,0.1215851476458747,0.18655782818959257,0.13084061270878622
2306271,1,4,implicit_mmr,qual_only,0.13317998440642728,0.13336849376198232,0.16217043245212148,0.1771619576529526,0.2545748631339185,0.13954426859259786
2306658,0,0,explicit_mmr,explicit_mmr,0.28898457262320604,0.10741611241463571,0.16313060035547036,0.11888920138080003,0.087234275054966,0.2343452381709218
2308501,0,0,explicit_mmr,explicit_mmr,0.24584899401516067,0.11656198764437863,0.15701919277527152,0.16275695010430075,0.09120744905830841,0.22660542640258027
2311493,5,0,quant_only,explicit_mmr,0.26522019975351996,0.15178456615220012,0.18175155953764982,0.14030052995981135,0.09949720257611253,0.16144594202070606
2313240,1,4,implicit_mmr,qual_only,0.21029483880270672,0.11245268740565535,0.16893478406496482,0.10297016933966313,0.31187692400031874,0.09347059638669147
2313241,1,4,implicit_mmr,qual_only,0.1902364998145693,0.11828785408519307,0.14964092868227596,0.11492827030334982,0.2979952059022679,0.12891124121234399
2313369,3,3,no_method_signal,no_method_signal,0.18474297935217232,0.10538096773373919,0.199003248843266,0.20723147349498233,0.18815370491321018,0.11548762566262984
2313418,0,0,explicit_mmr,explicit_mmr,0.2752927430832034,0.15235170982355958,0.0984520954413587,0.16704951869825344,0.11663077833442456,0.19022315461920025
2313440,1,0,implicit_mmr,explicit_mmr,0.3092153315678758,0.18277951604846576,0.11085055756150113,0.09241021688840775,0.10945191458367144,0.19529246335007824
2313850,1,0,implicit_mmr,explicit_mmr,0.2970905322014314,0.1742775399018752,0.1460386048212055,0.12163244616318258,0.12375953508248415,0.1372013418298211
2313972,1,0,implicit_mmr,explicit_mmr,0.38677002061695337,0.14768660586405935,0.11613686714513956,0.10367551526035264,0.10883533226949241,0.13689565884400243
2313979,2,0,multi_method_not_mmr,explicit_mmr,0.3710005055447525,0.21737302179557666,0.10550532690376534,0.08771596975741934,0.10678073699906229,0.11162443899942365
2314075,1,0,implicit_mmr,explicit_mmr,0.43205991052201814,0.15433937128430633,0.11102723215320127,0.07886171436061287,0.09049544968758742,0.1332163219922738
2314089,0,0,explicit_mmr,explicit_mmr,0.3195454650445757,0.1586122129607843,0.12245311024008429,0.10162093870644727,0.13133131921446534,0.16643695383364304
2314107,0,0,explicit_mmr,explicit_mmr,0.28442769738096796,0.16976481171109378,0.13904113443710428,0.127316515719353,0.1498706241582066,0.12957921659327445
2314109,2,0,multi_method_not_mmr,explicit_mmr,0.2862482642637333,0.2050212314259908,0.15140543746668758,0.10341593459226833,0.11457993350930755,0.1393291987420123
2314112,4,0,qual_only,explicit_mmr,0.33245262311533486,0.15547659472189337,0.13678801675216823,0.11096081277338948,0.1310146551286596,0.13330729750855425
2314144,1,0,implicit_mmr,explicit_mmr,0.25390271475030346,0.17764715521831512,0.1309163379534147,0.14128520486136084,0.1407426414477299,0.15550594576887605
2314238,1,0,implicit_mmr,explicit_mmr,0.3292077115860802,0.19607812404237637,0.1011412777924358,0.09176177975899309,0.16382333547196423,0.11798777134815017
2314844,0,0,explicit_mmr,explicit_mmr,0.37161799637854587,0.16178192438608507,0.12804082873904485,0.11768822189867444,0.08728437869719888,0.133586649900451
2315023,4,0,qual_only,explicit_mmr,0.37252471044820273,0.19054658072821667,0.11128401818850546,0.0893457033576453,0.09180642458508247,0.14449256269234725
2315024,4,0,qual_only,explicit_mmr,0.358984323308452,0.16446267503697704,0.10087380377210217,0.08656282513583181,0.12176451940233084,0.16735185334430625
2315095,1,0,implicit_mmr,explicit_mmr,0.35313777832210497,0.17473694793701153,0.11452419811047909,0.1055069273017587,0.12294387269308911,0.1291502756355567
2315124,0,0,explicit_mmr,explicit_mmr,0.4283356969998851,0.1527431819297086,0.09740993985215769,0.09449866597586534,0.09060390792807764,0.13640860731430543
2315277,0,0,explicit_mmr,explicit_mmr,0.417265158122065,0.17699710572906965,0.10584651415565369,0.07993126648681127,0.10431754575885581,0.11564240974754454
2315353,1,0,implicit_mmr,explicit_mmr,0.22172297504719524,0.1786088161842781,0.178594197316522,0.11165968540762576,0.10218257037450548,0.20723175566987334
2315532,0,0,explicit_mmr,explicit_mmr,0.3057588206794822,0.15851180407238644,0.125551990837472,0.09553757009425999,0.13615284818383572,0.17848696613256376
2315617,0,0,explicit_mmr,explicit_mmr,0.24954015914641473,0.20673395804298744,0.12823953395359688,0.11855743923991903,0.11437077396937625,0.18255813564770582
2315626,5,1,quant_only,implicit_mmr,0.21614362341009044,0.22522907856306165,0.17873785202369893,0.11300349567038358,0.07329706488656738,0.19358888544619807
2315647,5,0,quant_only,explicit_mmr,0.24253151832957065,0.1984028838441971,0.14638806846538566,0.12706529756143606,0.12861902753123772,0.15699320426817284
2315763,0,0,explicit_mmr,explicit_mmr,0.32353114872840755,0.13650425414236758,0.17205599386453,0.13816920538816435,0.08534890295092792,0.14439049492560266
2315912,0,0,explicit_mmr,explicit_mmr,0.3056887619233723,0.14276944325623242,0.13171174482433237,0.1133098252083036,0.18803268597807354,0.11848753880968571
2317283,4,0,qual_only,explicit_mmr,0.3678993628951344,0.17724832566053206,0.0997547041124999,0.15276303361208396,0.07774481810809154,0.1245897556116579
2317318,4,0,qual_only,explicit_mmr,0.21035931908352085,0.11925394474485003,0.18404622908583154,0.16097080141411874,0.17770146327702543,0.1476682423946535
2317319,4,0,qual_only,explicit_mmr,0.25746387499365275,0.10750347098771396,0.1978484623123024,0.11715881111010028,0.21607494586409323,0.1039504347321376
2317747,0,0,explicit_mmr,explicit_mmr,0.3484203437100586,0.16775598263316197,0.11301540169240225,0.10140232174477874,0.08682178871811713,0.18258416150148132
2317780,0,0,explicit_mmr,explicit_mmr,0.3094352389414079,0.10410204658314762,0.1563675595134573,0.14048189950362006,0.1703691738311339,0.11924408162723331
2317969,2,0,multi_method_not_mmr,explicit_mmr,0.3100876844658416,0.1189349894598487,0.14463200666079487,0.10863580365155996,0.10435071173591863,0.21335880402603627
2318158,0,0,explicit_mmr,explicit_mmr,0.2688223363515655,0.15357779428459373,0.14340735901966825,0.16193463850629522,0.10672656609891892,0.16553130573895836
2318178,0,0,explicit_mmr,explicit_mmr,0.2534557153237743,0.1587082283687237,0.14076492358997705,0.15015946293194707,0.1030696769622198,0.1938419928233583
2318264,1,0,implicit_mmr,explicit_mmr,0.36347254010964314,0.17543852821100758,0.13611533345667443,0.12641079261262816,0.08161391255873994,0.11694889305130647
2318415,0,0,explicit_mmr,explicit_mmr,0.3014794249232217,0.15648231587824632,0.13829762886176603,0.13044002596446722,0.08276645123868402,0.1905341531336148
2318849,4,0,qual_only,explicit_mmr,0.2938504322860799,0.13380257911967586,0.13991345975759395,0.129743217996858,0.2092671052941727,0.09342320554561992
2320947,0,0,explicit_mmr,explicit_mmr,0.24713036095767318,0.21610796787745357,0.14168918077491216,0.12510680080251563,0.11579282663909572,0.15417286294834975
2321179,0,0,explicit_mmr,explicit_mmr,0.31020353212468854,0.19617185555494393,0.14400398925084587,0.09286787204450322,0.08141259437095795,0.17534015665406044
2321205,0,0,explicit_mmr,explicit_mmr,0.24882106042462765,0.19257553953582865,0.12503955041373221,0.1257045792726996,0.13912299808098072,0.1687362722721311
2321218,1,0,implicit_mmr,explicit_mmr,0.25878100568876866,0.1653746566924361,0.13791248493459216,0.13804119948968885,0.12057536450881472,0.17931528868569946
2321219,1,0,implicit_mmr,explicit_mmr,0.2782605446355918,0.19210737737620293,0.12876008556535135,0.09380975558466104,0.1412424393994476,0.1658197974387454
2321243,0,0,explicit_mmr,explicit_mmr,0.37105258545280934,0.20737542824719976,0.10559343262651237,0.08651535683986275,0.092238837141879,0.1372243596917367
2321390,0,0,explicit_mmr,explicit_mmr,0.294252705342119,0.11259236592395626,0.12494970106855002,0.14819569118361403,0.18280356543177756,0.13720597104998317
2321391,0,0,explicit_mmr,explicit_mmr,0.248524323342624,0.10566921513334689,0.11694638350576061,0.17071785522609031,0.18330831505166925,0.17483390774050908
2322250,4,0,qual_only,explicit_mmr,0.26539283888518,0.20099029494489334,0.1643514893806456,0.11176905713976518,0.09702034074620826,0.16047597890330767
2323131,5,0,quant_only,explicit_mmr,0.24902387572783014,0.22177968811962767,0.13144570125858804,0.13129304194966424,0.11030222451385968,0.1561554684304301
2324575,2,5,multi_method_not_mmr,quant_only,0.22540777575915685,0.1362956287616698,0.18878868650623268,0.15340424083832965,0.06094990612402353,0.23515376201058766
2325989,1,0,implicit_mmr,explicit_mmr,0.23129904826379383,0.15571072757332619,0.13983710311062506,0.19875578186963405,0.07950282482880279,0.1948945143538182
2326588,1,0,implicit_mmr,explicit_mmr,0.34962797650134064,0.20950586630859305,0.09486524938960327,0.0659798538300628,0.10217730460027448,0.17784374937012581
2327314,1,0,implicit_mmr,explicit_mmr,0.3750845625214017,0.15952569579322712,0.10828565424362221,0.11924690364314026,0.10176212620334882,0.13609505759525964
2327420,4,0,qual_only,explicit_mmr,0.28230232951051265,0.18605420755794191,0.1108287272316545,0.13077941354690867,0.14014471142840806,0.14989061072457405
2327488,4,0,qual_only,explicit_mmr,0.2749271161085042,0.19763926430263956,0.1124889441970314,0.11708965805750636,0.11037481982501812,0.1874801975093004
2329579,2,0,multi_method_not_mmr,explicit_mmr,0.30189022313351654,0.1726388685841384,0.1622897761715505,0.13189867852112747,0.08955883199966665,0.14172362159000035
2330963,0,0,explicit_mmr,explicit_mmr,0.3682021043424054,0.14556813704609123,0.14166488073127614,0.10538752865275562,0.07001910467206546,0.16915824455540618
2332167,5,0,quant_only,explicit_mmr,0.23286181435761902,0.16544515240635915,0.1667882712333026,0.1753376350117557,0.08633305529925374,0.17323407169170965
2333764,2,0,multi_method_not_mmr,explicit_mmr,0.2513053240105641,0.19861712641819596,0.13934781071850813,0.12057669665317473,0.13044441548401567,0.1597086267155416
2333959,4,0,qual_only,explicit_mmr,0.3005977927400386,0.16118514019566108,0.12310723472684386,0.12677663173493178,0.11678806746272852,0.17154513313979616
2334693,0,0,explicit_mmr,explicit_mmr,0.31970554370997983,0.16780924881739298,0.11506836621530775,0.12709427857081007,0.1337309146463264,0.1365916480401828
2335625,2,0,multi_method_not_mmr,explicit_mmr,0.230604543237916,0.16659148639862498,0.16138281432265225,0.15579473792922827,0.13117870161009185,0.15444771650148673
2335725,5,0,quant_only,explicit_mmr,0.3474923084309672,0.16530536226498882,0.10875717966308424,0.11037558070333449,0.09337813720312385,0.1746914317345016
2336135,0,0,explicit_mmr,explicit_mmr,0.268208145806497,0.22786370823568353,0.16375766648190285,0.09708887733626378,0.07929561180913865,0.16378599033051425
2336136,0,0,explicit_mmr,explicit_mmr,0.27942448356191635,0.19631287926906074,0.17431582956914496,0.09350256318255723,0.09132980339836386,0.16511444101895678
2336456,3,0,no_method_signal,explicit_mmr,0.2445737284317634,0.18080140304749132,0.12910584265647262,0.1991085802232772,0.0976234919078967,0.14878695373309878
2336683,3,0,no_method_signal,explicit_mmr,0.22268207744186422,0.1890464463779194,0.1637022690854788,0.1263319235815639,0.1235554258916664,0.17468185762150717
2336910,1,0,implicit_mmr,explicit_mmr,0.3566196425886558,0.173019322950464,0.14180934244717255,0.08425195601500042,0.08869413021339645,0.15560560578531085
2336911,1,0,implicit_mmr,explicit_mmr,0.3752702947625175,0.15424027819018182,0.1319233211176367,0.08160140659223467,0.10726753324905877,0.14969716608837072
2336912,1,0,implicit_mmr,explicit_mmr,0.3763874264578548,0.16595169905209115,0.1510658828883545,0.06468964416012972,0.09570661290169707,0.1461987345398729
2337003,0,0,explicit_mmr,explicit_mmr,0.30712083712656757,0.15725573544145136,0.16385670839498612,0.12791851602166687,0.10356584955844829,0.14028235345687975
2337016,0,0,explicit_mmr,explicit_mmr,0.3551763650350536,0.18009551957930658,0.17624933778943314,0.09344375205505324,0.056216143802657687,0.13881888173849574
2337017,0,0,explicit_mmr,explicit_mmr,0.300376848415031,0.1776983907295171,0.1675041046637812,0.1162223683081195,0.07388025396276025,0.16431803392079097
2337018,0,0,explicit_mmr,explicit_mmr,0.3238957028930039,0.17299514072271127,0.16356143335499823,0.11895999891805065,0.06490843497869485,0.15567928913254123
2337019,0,0,explicit_mmr,explicit_mmr,0.24616783948070045,0.14509614762239983,0.17185119542319682,0.138143842907034,0.11604026868802807,0.18270070587864098
2337020,0,0,explicit_mmr,explicit_mmr,0.3374643596200524,0.16863171899052698,0.15717615906082297,0.09508071328421076,0.0823175900695035,0.15932945897488332
2337021,0,0,explicit_mmr,explicit_mmr,0.3024869222107515,0.18851642903599566,0.1799992638849815,0.0954981682589655,0.07409493279789776,0.15940428381140806
2337142,0,0,explicit_mmr,explicit_mmr,0.20225776007584462,0.1937885364729678,0.17936364635398377,0.14432354623025437,0.10377533878139014,0.17649117208555928
2337143,0,0,explicit_mmr,explicit_mmr,0.19592536405602673,0.18857263186011744,0.1758584467473743,0.15554867376947837,0.11808898773920545,0.1660058958277978
2337144,0,1,explicit_mmr,implicit_mmr,0.19274570379441577,0.19529527772686142,0.18484528647528076,0.13726255521618705,0.11675886866261227,0.17309230812464263
2337145,0,0,explicit_mmr,explicit_mmr,0.19638426164179668,0.1949275137050827,0.19578801024890846,0.13708093024188242,0.11533566843104769,0.16048361573128206
2337146,0,0,explicit_mmr,explicit_mmr,0.27818836702139527,0.22919254676921458,0.15095398168098959,0.12481491397383268,0.0801899303608106,0.13666026019375738
2337247,0,0,explicit_mmr,explicit_mmr,0.2975295290386468,0.1726817254477134,0.12000613580512538,0.12563819166842569,0.10720599177475343,0.17693842626533518
2337612,1,0,implicit_mmr,explicit_mmr,0.3580732858752573,0.2279479027754698,0.10493768741584882,0.06320248284052037,0.08280549026557724,0.16303315082732664
2337709,4,0,qual_only,explicit_mmr,0.2995222864500539,0.1615669078582828,0.1398671008301334,0.08745885387613854,0.1413452694970348,0.1702395814883565
2339289,0,0,explicit_mmr,explicit_mmr,0.2736785067870562,0.11756642322753645,0.1654552861225917,0.1694733668949077,0.13017464146882674,0.1436517754990814
2339702,0,0,explicit_mmr,explicit_mmr,0.25963033472079333,0.13636501956606986,0.16073701184904451,0.12683211363952562,0.210777798482882,0.10565772174168482
2340576,1,0,implicit_mmr,explicit_mmr,0.34597713195206425,0.20856139889379016,0.08256233655068637,0.11675065537956383,0.07041401144255892,0.17573446578133647
2342574,0,0,explicit_mmr,explicit_mmr,0.2596981033877028,0.2296766967384969,0.11510032923526971,0.12367586993646049,0.13383386373383405,0.13801513696823603
2342624,1,0,implicit_mmr,explicit_mmr,0.34409932081901695,0.17439586151740286,0.10555932752622314,0.10564085110375095,0.1188217736394507,0.15148286539415526
2342625,1,0,implicit_mmr,explicit_mmr,0.3395991528876396,0.19470820996708998,0.09269785091186121,0.1192838610062794,0.07776954440014439,0.17594138082698532
2342626,1,0,implicit_mmr,explicit_mmr,0.33150922241764247,0.15543442533827478,0.09470082187939959,0.11681195680899244,0.09161603078958791,0.20992754276610284
2342627,1,0,implicit_mmr,explicit_mmr,0.3007088722688023,0.17429634356348794,0.11277652871940236,0.13325534188883922,0.1176846353645019,0.16127827819496626
2342766,0,0,explicit_mmr,explicit_mmr,0.3618472174483047,0.18931283653423006,0.11527350713579441,0.08843984284624083,0.0728348158451533,0.17229178019027672
2344789,1,0,implicit_mmr,explicit_mmr,0.31163437986433656,0.19431094968060775,0.15322547406000178,0.09505060106442534,0.10768973857150001,0.13808885675912852
2344790,1,0,implicit_mmr,explicit_mmr,0.2682421251578181,0.18621513486535218,0.1548477731554164,0.12498054524608788,0.12320441452591871,0.14251000704940686
2344791,1,0,implicit_mmr,explicit_mmr,0.30845756984627437,0.17750832020016205,0.15529823037391488,0.10101087734697266,0.11466355358975916,0.14306144864291695
2344792,1,0,implicit_mmr,explicit_mmr,0.28733515519442754,0.20152638640854129,0.15052290142548475,0.11171302786232919,0.1114202760478062,0.13748225306141107
2344793,1,0,implicit_mmr,explicit_mmr,0.3025862208778069,0.1886438497095899,0.16694782407317071,0.09902008400422141,0.11260966597634191,0.13019235535886928
2344794,1,0,implicit_mmr,explicit_mmr,0.2794920938806392,0.20866090043675928,0.15427717103805505,0.08746551973279701,0.12616670551763154,0.14393760939411793
2344795,1,0,implicit_mmr,explicit_mmr,0.284740854839355,0.19352527831945832,0.1540388843765036,0.10461761505558713,0.11664146650227683,0.14643590090681927
2344854,2,0,multi_method_not_mmr,explicit_mmr,0.3152072732294224,0.15600550982101022,0.14157987379233067,0.10405483914652029,0.11410435560920974,0.1690481484015068
2344942,0,0,explicit_mmr,explicit_mmr,0.3201085292013406,0.1714496147374843,0.12734681263526051,0.11411952151896054,0.09639896659421142,0.17057655531274277
2344947,2,0,multi_method_not_mmr,explicit_mmr,0.2856207115217747,0.13195310760263168,0.1398694310107136,0.16302335600613801,0.10718697157101911,0.17234642228772298
2344960,2,0,multi_method_not_mmr,explicit_mmr,0.2721298009941045,0.1409258915111334,0.1717166771347547,0.16032770585757944,0.11921182933776951,0.1356880951646585
2345042,1,0,implicit_mmr,explicit_mmr,0.22728814991560614,0.16409871721723995,0.11657494644598053,0.19969018969132923,0.11165065423519806,0.180697342494646
2345094,0,0,explicit_mmr,explicit_mmr,0.32001579194286406,0.11117623288610633,0.1495452321401237,0.11710690456613766,0.10991925563611468,0.19223658282865363
2345114,0,0,explicit_mmr,explicit_mmr,0.21513582413257343,0.1595782530161691,0.139867055269567,0.18019229385383026,0.10059341726964424,0.2046331564582161
2345129,1,0,implicit_mmr,explicit_mmr,0.40080875278575717,0.1657598395452455,0.10452380648430717,0.0770838248197634,0.08245300432633067,0.16937077203859607
2345187,0,0,explicit_mmr,explicit_mmr,0.35393735411473065,0.1533218526706125,0.15289292590293146,0.10510908001124662,0.07859025295540312,0.15614853434507578
2345204,2,0,multi_method_not_mmr,explicit_mmr,0.27283670065714033,0.18383251712556345,0.14149449519384624,0.13029875246579914,0.07140650124852842,0.2001310333091224
2345377,5,0,quant_only,explicit_mmr,0.3345504751089884,0.15499900386820273,0.13849557222398298,0.14171375098452332,0.06964506624543702,0.16059613156886565
2345378,0,0,explicit_mmr,explicit_mmr,0.40575450267323315,0.151430323079788,0.10502012673960513,0.10470751715274242,0.06628991504135509,0.16679761531327594
2345607,3,1,no_method_signal,implicit_mmr,0.1900964021508145,0.1971293492145326,0.18520071039803337,0.16475398933692106,0.09422528623617331,0.1685942626635252
2346653,0,0,explicit_mmr,explicit_mmr,0.36609476870106283,0.1856937019212288,0.13073704642930173,0.10127579988725728,0.07752996529307354,0.1386687177680756
2346868,4,4,qual_only,qual_only,0.276781245807291,0.12033942623108979,0.12213423924929435,0.07206223553783063,0.3286054936155105,0.0800773595589836
2347820,1,0,implicit_mmr,explicit_mmr,0.32594331189056197,0.2188975030062992,0.09615973545885241,0.07903033467856413,0.10465190112212007,0.1753172138436024
2347821,1,0,implicit_mmr,explicit_mmr,0.33574816279997194,0.20172270419632402,0.11013855653008399,0.06893521230926836,0.10625842133054497,0.17719694283380674
2348080,4,0,qual_only,explicit_mmr,0.2283975574920794,0.18872915890202374,0.1365629474453116,0.13760111094053484,0.09611287854323541,0.21259634667681507
2348081,4,0,qual_only,explicit_mmr,0.22646546566369524,0.1914068994291722,0.13299383395997716,0.14748960388861723,0.10929370743698448,0.19235048962155366
2348082,4,0,qual_only,explicit_mmr,0.22173320139242936,0.19796171295484666,0.1540818064722379,0.1560492754665173,0.07815654831163463,0.19201745540233425
2348835,0,3,explicit_mmr,no_method_signal,0.16282476803396606,0.1278546135193055,0.1422044365182493,0.2923443355747095,0.09640629133240212,0.17836555502136753
2349657,2,2,multi_method_not_mmr,multi_method_not_mmr,0.12831603020997262,0.09703674455591366,0.24821566122815633,0.2306131155844309,0.14757125928785203,0.14824718913367432
2349722,5,3,quant_only,no_method_signal,0.09575855453274329,0.09110794593053179,0.21079792097690941,0.2884482944926496,0.1139435919836636,0.19994369208350204
2350382,0,0,explicit_mmr,explicit_mmr,0.3673510056155233,0.17780218499254027,0.12092662214461804,0.09266070487784532,0.08642941455871214,0.15483006781076078
2350410,0,0,explicit_mmr,explicit_mmr,0.33956545718106734,0.2216832728979529,0.10847371577998709,0.0929807331347602,0.08704264283859035,0.150254178167642
2400347,5,3,quant_only,no_method_signal,0.18898712885571023,0.1538896612994351,0.12768433578443555,0.2581801846291462,0.0748092125198075,0.1964494769114653
2400411,5,0,quant_only,explicit_mmr,0.3249669345979075,0.21568562167120006,0.1042658740525892,0.08935949920102301,0.10281024362749519,0.16291182684978497
2400428,1,0,implicit_mmr,explicit_mmr,0.1966800872455827,0.18441449411381708,0.15705744490152398,0.1923998238496578,0.08493226173282442,0.18451588815659395
2400478,0,3,explicit_mmr,no_method_signal,0.17512964853520308,0.14482244360388766,0.13217269924338,0.3047256964390133,0.08071481558377665,0.16243469659473933
2400767,2,0,multi_method_not_mmr,explicit_mmr,0.34274959884764056,0.22349428184094725,0.10329666810766701,0.06817598353377945,0.12617177407249142,0.13611169359747424
2400781,5,0,quant_only,explicit_mmr,0.3077801837740021,0.24122989358837874,0.13386467472561409,0.09099544542768298,0.0859625153528439,0.1401672871314781
2400782,5,0,quant_only,explicit_mmr,0.3897326502220253,0.18824127681227568,0.11471575443024556,0.08303252746447752,0.09610592920025642,0.12817186187071927
2400783,5,0,quant_only,explicit_mmr,0.3109295063524529,0.20971100458781694,0.12245384211282367,0.08754441210809574,0.11126223747409551,0.15809899736471514
2400784,5,0,quant_only,explicit_mmr,0.26866218052921803,0.20251348376627315,0.11735175731034063,0.11868217347981806,0.13502975673467357,0.15776064817967667
2400805,1,0,implicit_mmr,explicit_mmr,0.2347172203381162,0.17062568292981053,0.14973322451093482,0.15187929960632385,0.1036807248434898,0.18936384777132487
2403932,0,0,explicit_mmr,explicit_mmr,0.27514950275093064,0.12271077175110336,0.12822194141634452,0.12038777450575383,0.23041324965331544,0.12311675992255242
2403963,0,0,explicit_mmr,explicit_mmr,0.47372483294681267,0.13751812331973526,0.11462884626503524,0.06931518485723714,0.08637116371524957,0.11844184889593014
2404263,0,0,explicit_mmr,explicit_mmr,0.22507036690175647,0.1952762186343438,0.1072111814300038,0.16470921447864212,0.12467591864857629,0.1830570999066774
2404264,0,0,explicit_mmr,explicit_mmr,0.22071878849850995,0.1779658222581033,0.1111657050747992,0.18110943154426165,0.12600721874513782,0.18303303387918807
2404553,0,0,explicit_mmr,explicit_mmr,0.27299956007310555,0.2165218363056429,0.10565334844253788,0.09322191129341846,0.09359703187395652,0.2180063120113387
2404797,0,0,explicit_mmr,explicit_mmr,0.2660925612226343,0.10383816176827365,0.137308714253777,0.15512910965706495,0.19307221185109044,0.14455924124715977
2404929,0,0,explicit_mmr,explicit_mmr,0.34893853238203604,0.17152033014554352,0.11832991182572246,0.07145744996568375,0.11725118718080482,0.1725025885002095
2405120,2,0,multi_method_not_mmr,explicit_mmr,0.3955500827140795,0.1729929748661933,0.11373191938486943,0.0775743691236503,0.09846015675847318,0.14169049715273435
2405224,1,0,implicit_mmr,explicit_mmr,0.3226900415088618,0.2097679672270909,0.11167913681600417,0.05324047867817196,0.10210249111465214,0.2005198846552191
2405225,1,0,implicit_mmr,explicit_mmr,0.31905009251399996,0.22117101360248267,0.09624714553540904,0.05370062487464402,0.13493782976455979,0.17489329370890466
2405230,0,0,explicit_mmr,explicit_mmr,0.3174711707364001,0.2104167640237449,0.15400981488309687,0.09601848896291465,0.09543192442427734,0.1266518369695661
2405431,4,0,qual_only,explicit_mmr,0.37807709744637935,0.1852613483319538,0.10618407114800511,0.09997127601594301,0.1080634346492676,0.12244277240845111
2405487,4,0,qual_only,explicit_mmr,0.29805452885924455,0.17839803152236197,0.12703359558275232,0.1093832393269368,0.12715519785765633,0.15997540685104805
2405747,4,0,qual_only,explicit_mmr,0.34186241541744894,0.21327560925675368,0.11253525629936827,0.06784731177151031,0.1088343874611536,0.1556450197937652
2405785,0,0,explicit_mmr,explicit_mmr,0.39674440515535586,0.19484489874998642,0.09566265107101056,0.06676710628681859,0.1063256471151298,0.1396552916216988
2405786,0,0,explicit_mmr,explicit_mmr,0.36204298805591645,0.20089700100916652,0.10384413076567209,0.09061459353446406,0.12471100116039706,0.11789028547438363
2406660,5,3,quant_only,no_method_signal,0.15388685339754718,0.13883241734997184,0.2006981859121199,0.22931390283668088,0.11026095076093226,0.16700768974274788
2406960,0,0,explicit_mmr,explicit_mmr,0.23656028311790261,0.11417817236682626,0.19371344384979058,0.12864351586735598,0.22549452614583,0.10141005865229462
2407013,0,0,explicit_mmr,explicit_mmr,0.2964857599292572,0.11361004162116604,0.1334371883643464,0.12434442707795437,0.2259663660730016,0.10615621693427456
2407014,0,0,explicit_mmr,explicit_mmr,0.2933813366672338,0.12622271258463139,0.19801010285143283,0.10596778789214507,0.19562201924436093,0.08079604076019603
2407134,0,4,explicit_mmr,qual_only,0.1832023537886953,0.12385711262263618,0.17392958232421027,0.14658205234834076,0.22552545918525319,0.14690343973086437
2407135,0,4,explicit_mmr,qual_only,0.20940584442044635,0.11601283995157799,0.17563680330120687,0.1400607815621269,0.23530010517134134,0.12358362559330063
2407294,0,2,explicit_mmr,multi_method_not_mmr,0.17320554856846265,0.13328279154048886,0.20469307334788375,0.1468468966306714,0.18719165996113926,0.15478002995135406
2408969,0,0,explicit_mmr,explicit_mmr,0.38476712313099853,0.22109767367571467,0.10445094353671747,0.08170565554770017,0.0834880750012268,0.12449052910764241
2409848,0,0,explicit_mmr,explicit_mmr,0.280480799762679,0.1904779030276775,0.15971412445963454,0.12040591769888404,0.08429429393129831,0.1646269611198266
2409905,4,0,qual_only,explicit_mmr,0.25553321241067967,0.13664383223303078,0.1540317752352211,0.1277013058259222,0.22515623025229367,0.10093364404285268
2411129,4,0,qual_only,explicit_mmr,0.41127636746708424,0.1506931908972725,0.09340606443833638,0.08242782683671437,0.1093816910165898,0.1528148593440028
2411326,0,0,explicit_mmr,explicit_mmr,0.23868467166599297,0.107834686469374,0.1768866926514351,0.13645753577701414,0.20777967977838147,0.1323567336578023
2411524,0,0,explicit_mmr,explicit_mmr,0.40347454890118006,0.14341679642426658,0.09218695503489237,0.10905979925160834,0.09604162376921228,0.15582027661884013
2411535,4,5,qual_only,quant_only,0.2023918346940573,0.15595625270009428,0.1792913546440407,0.16046335356847993,0.09773840862258706,0.20415879577074073
2411594,1,0,implicit_mmr,explicit_mmr,0.381478261087359,0.15025613291042514,0.11595079681844099,0.11060926077070582,0.12076935657318162,0.12093619183988727
2411595,1,0,implicit_mmr,explicit_mmr,0.35008864436291026,0.15715434700861025,0.1204070312081323,0.09069378130702005,0.09934006493275017,0.18231613118057702
2411711,4,0,qual_only,explicit_mmr,0.2426701619944382,0.1965276277774986,0.14874288507122935,0.12762495968862483,0.114832477998796,0.16960188746941313
2411805,1,3,implicit_mmr,no_method_signal,0.18286417296286187,0.16962844268731936,0.1697796162920365,0.1908023622494935,0.11221408043164965,0.17471132537663905
2411987,0,0,explicit_mmr,explicit_mmr,0.37518975773496754,0.17352647492538664,0.1148535262463845,0.08694076646154861,0.1081473718900624,0.14134210274165063
2411988,0,0,explicit_mmr,explicit_mmr,0.379084175874486,0.17218969135727022,0.10191863146264847,0.1068599303642565,0.11972833648583761,0.12021923445550135
2413063,0,0,explicit_mmr,explicit_mmr,0.2606250401443174,0.12810450136302948,0.1811151656124223,0.16347239687484794,0.10216366727611742,0.16451922872926533
2413103,0,0,explicit_mmr,explicit_mmr,0.23474444835963237,0.13559274770913732,0.16856279021190707,0.17004137271341654,0.09549960109251747,0.1955590399133894
2413231,4,0,qual_only,explicit_mmr,0.27107892679958184,0.19857237790657908,0.12275942336147631,0.12294728974205486,0.1718033945823227,0.11283858760798507
2413239,0,0,explicit_mmr,explicit_mmr,0.29452231326006023,0.132789123977781,0.1613138596746487,0.13450357435414376,0.09247672976178557,0.18439439897158078
2413410,0,0,explicit_mmr,explicit_mmr,0.31494116456049087,0.15051606474256135,0.13157456198177697,0.12416447665581258,0.07612237273482764,0.20268135932453069
2414169,0,0,explicit_mmr,explicit_mmr,0.23655926305379152,0.1448052241873336,0.13220667522380172,0.14359706762368016,0.21250545318847677,0.13032631672291636
2414170,0,0,explicit_mmr,explicit_mmr,0.3372058116835857,0.11658834165800737,0.15130683995814656,0.11833329581191646,0.18085677830747957,0.09570893258086424
2415028,0,0,explicit_mmr,explicit_mmr,0.2841698401972726,0.12602499105982462,0.1058268906098745,0.18731217727966654,0.15242543081852009,0.14424067003484173
2415197,0,2,explicit_mmr,multi_method_not_mmr,0.21689963374178803,0.18988888957120903,0.2637885368791092,0.11457656816510965,0.08198054201893908,0.1328658296238449
2415686,4,0,qual_only,explicit_mmr,0.2429065340146897,0.1343866312218695,0.1600234971179399,0.18917801085558023,0.13609901056866144,0.1374063162212592
2415796,0,0,explicit_mmr,explicit_mmr,0.36261835477989834,0.19509723767718765,0.12014836952312204,0.11443752879438182,0.08835874572846798,0.1193397634969421
2415797,0,0,explicit_mmr,explicit_mmr,0.367873745040685,0.1978274759580615,0.11263492232787302,0.10319386452498051,0.09955224489297924,0.11891774725542084
2415869,1,0,implicit_mmr,explicit_mmr,0.31123297808717265,0.2251812101930623,0.12931720183364354,0.10909356564831893,0.086837083894881,0.13833796034292176
2415965,1,0,implicit_mmr,explicit_mmr,0.43871425092529687,0.1495988015353638,0.07425789439582113,0.08415726219711463,0.09344292661746659,0.15982886432893684
2415989,2,0,multi_method_not_mmr,explicit_mmr,0.2978409429029887,0.1518293112389355,0.10400194989408637,0.1574778258080094,0.13466811036966686,0.15418185978631313
2416024,4,0,qual_only,explicit_mmr,0.32737908861004356,0.17262692643825955,0.09712569351612894,0.1309927241538694,0.09173582793649669,0.18013973934520186
2416621,0,0,explicit_mmr,explicit_mmr,0.23311415788409307,0.18192785222277263,0.16530491472554718,0.11731823536560664,0.11358838021554883,0.18874645958643166
2416804,4,0,qual_only,explicit_mmr,0.2551714714378949,0.19347445605260014,0.2131768351496731,0.09758149217697132,0.08927495625102133,0.151320788931839
2417138,1,0,implicit_mmr,explicit_mmr,0.2953765853300436,0.17907705716786546,0.14798067610314294,0.11575004422552684,0.09662505775556587,0.16519057941785537
2417139,1,0,implicit_mmr,explicit_mmr,0.28565903458743874,0.1640796587050446,0.15586973676295468,0.12106484314590253,0.0940964230455492,0.1792303037531105
2417140,1,0,implicit_mmr,explicit_mmr,0.30212424730617454,0.17680311476613905,0.14464079645900924,0.09459097252371236,0.08270227402777211,0.19913859491719282
2417149,2,0,multi_method_not_mmr,explicit_mmr,0.2571039616493836,0.1926518627600018,0.15828888156763268,0.1114276832136432,0.09314265437172549,0.1873849564376132
2417150,2,0,multi_method_not_mmr,explicit_mmr,0.229383677587788,0.1855314815603328,0.17385481905038272,0.12734381788213148,0.12669276573265534,0.15719343818670964
2417239,0,0,explicit_mmr,explicit_mmr,0.2738638711610912,0.158433403975199,0.15822607610670697,0.13264885878336327,0.06295726335255582,0.21387052662108397
2417240,0,0,explicit_mmr,explicit_mmr,0.306353074652833,0.17159794399418565,0.1502509778707197,0.11412833617052147,0.08452733236099629,0.17314233495074416
2417252,4,0,qual_only,explicit_mmr,0.3048510282028543,0.10317341801451461,0.1368556680676716,0.12521828153615186,0.22053453672531442,0.10936706745349344
2417374,3,0,no_method_signal,explicit_mmr,0.25193598455013466,0.19741451840404775,0.19620279386104145,0.12082025208624182,0.06720352700594608,0.16642292409258821
2417423,1,0,implicit_mmr,explicit_mmr,0.32655923796053593,0.1712171746658835,0.13957281743503108,0.10540248554304237,0.0905587195598451,0.16668956483566214
2418374,1,0,implicit_mmr,explicit_mmr,0.23296665500251784,0.21994680298821895,0.14367060572700793,0.13348382669362335,0.08544700902451255,0.18448510056411954
2418638,4,0,qual_only,explicit_mmr,0.25077524396950146,0.17071365189768659,0.13480367284542805,0.11870805207418189,0.1609116162022843,0.16408776301091774
2418639,4,0,qual_only,explicit_mmr,0.21129227806729134,0.15962833451979358,0.16774950800916888,0.12563218921857472,0.169269734837947,0.16642795534722438
2418640,4,0,qual_only,explicit_mmr,0.20633125712103859,0.16507747843585627,0.16334467387584567,0.13361195011749435,0.17560940987428908,0.15602523057547613
2418715,1,0,implicit_mmr,explicit_mmr,0.3092977191079775,0.1757556918978462,0.13100388251196243,0.11170223927556605,0.0932885810171438,0.17895188618950408
2419116,2,3,multi_method_not_mmr,no_method_signal,0.16155646935355794,0.12211313781933752,0.1757963804092358,0.2608650706351777,0.11368011931725538,0.1659888224654356
2419117,2,3,multi_method_not_mmr,no_method_signal,0.151803249252337,0.11339849769226736,0.17319768673345945,0.25880571327296864,0.15638228456426378,0.1464125684847037
2419118,2,3,multi_method_not_mmr,no_method_signal,0.16386665466367037,0.11292539832739103,0.19528310543522204,0.22139253109364068,0.1410171672175818,0.16551514326249417
2420944,0,2,explicit_mmr,multi_method_not_mmr,0.18218288189669837,0.1561572712597337,0.21313200359431625,0.15779219901585503,0.10203242469848615,0.18870321953491057
2421240,0,0,explicit_mmr,explicit_mmr,0.2550031551872604,0.15554210062867438,0.14235998588480941,0.1836737933405077,0.10976142441247459,0.15365954054627334
2421241,0,0,explicit_mmr,explicit_mmr,0.2881721890056071,0.17894703002388257,0.13068702151078238,0.1540694173742355,0.09047119289053823,0.15765314919495416
2421279,0,0,explicit_mmr,explicit_mmr,0.288384806234265,0.17423942577876425,0.16615787268768228,0.12810927477947462,0.058168423277360444,0.18494019724245345
2421280,0,0,explicit_mmr,explicit_mmr,0.2377830462357055,0.13431959586225975,0.1888839859236608,0.1637058205838779,0.06585336490638273,0.2094541864881134
2421846,0,0,explicit_mmr,explicit_mmr,0.32536057000662416,0.21646210420959655,0.09368076059693185,0.09585004445307634,0.1197195459388809,0.1489269747948901
2422009,0,0,explicit_mmr,explicit_mmr,0.2886732849245978,0.12612330748835168,0.1206946531845697,0.10630295087015774,0.26434102636419005,0.09386477716813325
2422010,0,0,explicit_mmr,explicit_mmr,0.30528948258501093,0.12825372809061408,0.14736936143249374,0.09124663521433071,0.24335859789839945,0.08448219477915128
2422287,4,0,qual_only,explicit_mmr,0.3022801036071103,0.17159825748971588,0.12859072981126962,0.08938676686301796,0.0848174295618072,0.22332671266707904
2422319,5,0,quant_only,explicit_mmr,0.22011191435716904,0.177105370935819,0.14113863668476978,0.1787898676159116,0.10578910294714751,0.17706510745918305
2422544,0,0,explicit_mmr,explicit_mmr,0.35336121032294454,0.1933243361447752,0.11058303683370256,0.10671172363732874,0.07289728851451058,0.16312240454673835
2423026,0,0,explicit_mmr,explicit_mmr,0.2801824736461413,0.17188289091010672,0.13606439748766658,0.13575669318558015,0.10538343629591793,0.17073010847458747
2424244,0,0,explicit_mmr,explicit_mmr,0.28847954685930965,0.11761350898876285,0.1330457745968145,0.1606494963587854,0.09986222511995832,0.20034944807636945
2424324,0,0,explicit_mmr,explicit_mmr,0.23303399630948884,0.1476099542821609,0.12108085236910543,0.20434808296308785,0.08661430757091614,0.207312806505241
2424492,2,0,multi_method_not_mmr,explicit_mmr,0.23381070905006188,0.17758289040330305,0.14411552200854158,0.18940452158906396,0.07668939600428087,0.17839696094474858
2424522,0,0,explicit_mmr,explicit_mmr,0.27567434639153426,0.15347991072118786,0.13638228986492043,0.14776295781996285,0.08939573776648288,0.19730475743591178
2424692,2,0,multi_method_not_mmr,explicit_mmr,0.23040001106943622,0.15960792052294417,0.12943447521702015,0.20701287691084644,0.08669454437905777,0.18685017190069544
2424742,0,0,explicit_mmr,explicit_mmr,0.3392442528826825,0.11612047987568172,0.10732702097770838,0.1509894934813166,0.1050634596952572,0.1812552930873536
2424868,0,0,explicit_mmr,explicit_mmr,0.2880041923085846,0.1471956431403544,0.1470065223553025,0.14233732322501563,0.07145855024226747,0.20399776872847536
2424952,1,0,implicit_mmr,explicit_mmr,0.34002363954913384,0.16324863312432827,0.12468717940452055,0.13003257211526434,0.08749500526854768,0.15451297053820529
2424953,0,0,explicit_mmr,explicit_mmr,0.2778726000095962,0.15564886798578081,0.14509545641833213,0.1636990084584214,0.08482877155368859,0.17285529557418106
2424988,0,0,explicit_mmr,explicit_mmr,0.2724699519020362,0.17549766273843043,0.13069652109098412,0.14593398350652334,0.10245588965499336,0.1729459911070327
2425114,0,0,explicit_mmr,explicit_mmr,0.3019820733544247,0.13666858971073625,0.10734811445840539,0.1744117440497526,0.06851738546670656,0.21107209295997476
2429274,4,0,qual_only,explicit_mmr,0.30121112790038884,0.10144370843968933,0.1733325816846478,0.10299868772236047,0.2163544032913635,0.10465949096154997
2429533,4,0,qual_only,explicit_mmr,0.24394093585852883,0.18403608532948665,0.1361944633739082,0.1550586085235367,0.1257066408636742,0.1550632660508654
2429605,0,0,explicit_mmr,explicit_mmr,0.222764871689631,0.19842478653169432,0.11804608572120533,0.14764467512748694,0.14774203947759412,0.16537754145238837
2429624,4,0,qual_only,explicit_mmr,0.34631651151458875,0.19802980139664014,0.10203237496668542,0.11923841077298682,0.12342284430850683,0.11096005704059198
2429832,5,0,quant_only,explicit_mmr,0.21029626567670406,0.17667291490729292,0.14306814567863485,0.16945452019971646,0.129663639736912,0.1708445138007398
2430255,5,0,quant_only,explicit_mmr,0.2050118507875944,0.1631513765029732,0.1545329689203661,0.1874944072362083,0.10969103289125187,0.18011836366160616
2430257,5,3,quant_only,no_method_signal,0.18650391566468316,0.15969356390529016,0.16872047621684194,0.21826742184514214,0.09258555399284263,0.17422906837519994
2430258,5,0,quant_only,explicit_mmr,0.19988341528509793,0.1568340654130417,0.16707139578403063,0.19097662380374741,0.10410445360383264,0.18113004611024977
2430463,4,0,qual_only,explicit_mmr,0.3197602944320358,0.15348528052907473,0.13484951419823368,0.09137719135387648,0.10950851753160913,0.19101920195517036
2430541,0,0,explicit_mmr,explicit_mmr,0.2618186152549123,0.1786008704410448,0.14253059219126396,0.12639490118930408,0.119494115338053,0.171160905585422
2430739,5,0,quant_only,explicit_mmr,0.22679937114836354,0.11860918599346815,0.14732961293913147,0.17517112186623107,0.19789151651381776,0.13419919153898804
2434875,5,0,quant_only,explicit_mmr,0.24920930353425166,0.13390905845960505,0.1499217365442586,0.18973664180234096,0.08653027383318282,0.190692985826361
2435473,5,3,quant_only,no_method_signal,0.12824054948742353,0.11422503395323483,0.1873499756091394,0.2797372546918881,0.12258595050393357,0.1678612357543805
2439211,0,0,explicit_mmr,explicit_mmr,0.2710285828917042,0.14868798892026228,0.17781022845385658,0.11410020165642673,0.0812839650081736,0.20708903306957668
2441096,4,0,qual_only,explicit_mmr,0.3334069462759922,0.10752502090144,0.1385132516425627,0.15182771469847714,0.1740530203516607,0.0946740461298672
2447200,1,2,implicit_mmr,multi_method_not_mmr,0.15767353656477473,0.12260989585481778,0.21314771230902735,0.20609778679072413,0.11438915125496646,0.18608191722568956
2448306,0,0,explicit_mmr,explicit_mmr,0.327204210027987,0.14259116184912315,0.14661380428222032,0.1150120885163143,0.10236419934433409,0.16621453598002114
2448307,0,0,explicit_mmr,explicit_mmr,0.28191920450914437,0.1660897745897563,0.12559993714424236,0.14638881201642595,0.12594376583145003,0.15405850590898104
2448308,0,0,explicit_mmr,explicit_mmr,0.32986938782462866,0.1652686653434841,0.1260067827327557,0.1275730223278584,0.0941801996645883,0.15710194210668482
2448327,4,0,qual_only,explicit_mmr,0.22092015145445018,0.18148816888075334,0.1384312876343246,0.15953774073473448,0.11715199770209826,0.1824706535936392
2448374,0,0,explicit_mmr,explicit_mmr,0.25053197158362794,0.17249069778543563,0.1684021653617421,0.12778314814704184,0.10151460807994492,0.1792774090422076
2449885,0,0,explicit_mmr,explicit_mmr,0.20485319151370604,0.1316504647896932,0.1927360827344905,0.14614557172203285,0.2001717130556832,0.12444297618439426
2450045,0,0,explicit_mmr,explicit_mmr,0.28782735596153536,0.16455167015827193,0.14065560490946508,0.1015061469147435,0.1140459950831289,0.19141322697285515
2450400,0,0,explicit_mmr,explicit_mmr,0.23447154575705206,0.09158934213333725,0.16529289048551146,0.13911573721978646,0.23366964863968795,0.13586083576462493
2452030,0,0,explicit_mmr,explicit_mmr,0.33274708048638835,0.22635924639269422,0.12562619657515267,0.09315820018651758,0.06791330013468821,0.15419597622455905
2500229,1,0,implicit_mmr,explicit_mmr,0.28861411674426923,0.16304009215842988,0.13290832531082147,0.14895577198060606,0.12514412365108807,0.14133757015478526
2500289,1,0,implicit_mmr,explicit_mmr,0.3435472856671369,0.19420981446120228,0.1084657005124829,0.06839120216960383,0.09192219142390025,0.19346380576567407
2500508,2,0,multi_method_not_mmr,explicit_mmr,0.37322231227908004,0.16197141206839905,0.11594678042894742,0.09001688066809546,0.0722406492014141,0.18660196535406404
2500509,2,0,multi_method_not_mmr,explicit_mmr,0.3486961998063526,0.18032363184601338,0.12196506956776168,0.10214436565842856,0.07657495021028024,0.1702957829111637
2500654,2,3,multi_method_not_mmr,no_method_signal,0.13115954580281766,0.16754663955596377,0.15267854975037015,0.26825840474530627,0.09105505307383814,0.18930180707170413
2500655,2,3,multi_method_not_mmr,no_method_signal,0.179077845621283,0.19280854079253107,0.12165123907121031,0.2268609712936276,0.08524080988728698,0.1943605933340612
2500848,0,0,explicit_mmr,explicit_mmr,0.2304293814744262,0.17002352972388177,0.12479409039075046,0.21692792745917952,0.10515491460568886,0.15267015634607298
2500849,0,0,explicit_mmr,explicit_mmr,0.286862102984686,0.1684406330324429,0.11630915722221019,0.14921909323540167,0.1136169449173598,0.16555206860789942
2506427,1,0,implicit_mmr,explicit_mmr,0.26310171621002426,0.24215280827197247,0.11050163915896188,0.10731602012953015,0.09549987704886868,0.18142793918064265
2506911,1,1,implicit_mmr,implicit_mmr,0.20547873198607858,0.20694652772980449,0.1440518403949583,0.125571956955035,0.11695651192090768,0.20099443101321607
2506912,1,1,implicit_mmr,implicit_mmr,0.19025091470181418,0.22475883390604412,0.1410525337886179,0.13154837242845238,0.13279762023499347,0.17959172494007813
2507129,5,1,quant_only,implicit_mmr,0.20991053693637335,0.22781689406906316,0.09751450921146346,0.1536658795858512,0.10910655669366562,0.2019856235035833
2508523,0,0,explicit_mmr,explicit_mmr,0.3385099357125904,0.21200856601140164,0.13822798729541033,0.06231609833248339,0.11835692603390195,0.13058048661421215
2508612,4,0,qual_only,explicit_mmr,0.21704851062290856,0.1368296413438756,0.15042853202405837,0.1829070392549592,0.15515318882280485,0.15763308793139344
2508771,1,0,implicit_mmr,explicit_mmr,0.28528883970306573,0.23307853901571918,0.12902204012693155,0.09083458682629085,0.10070461845402041,0.1610713758739723
2508834,0,0,explicit_mmr,explicit_mmr,0.2005826405295532,0.14052717698546857,0.15784674191011372,0.1437949369766186,0.19393851309328394,0.1633099905049621
2508835,0,0,explicit_mmr,explicit_mmr,0.22058057213392995,0.1299269822798503,0.19057098305885284,0.13315649754944783,0.1797159256077425,0.1460490393701766
2508970,0,0,explicit_mmr,explicit_mmr,0.3305458843603528,0.21487929923207796,0.110357531144769,0.07874763061422564,0.1072234290030051,0.15824622564556928
2508971,0,0,explicit_mmr,explicit_mmr,0.3023599829904667,0.21929625736907457,0.14394251428049148,0.08453924341035951,0.12184163961267701,0.12802036233693065
2509043,0,1,explicit_mmr,implicit_mmr,0.22455542209709,0.23206736468407596,0.12966173721566196,0.13214025552964467,0.12686720857378483,0.1547080118997424
2509044,0,1,explicit_mmr,implicit_mmr,0.22530870550369747,0.2406414053134318,0.13893839068429792,0.13185254173667316,0.11742331297285202,0.14583564378904745
2509474,0,0,explicit_mmr,explicit_mmr,0.32844896097057963,0.1923467793998032,0.09604402814400442,0.10180603411816082,0.15023273700365128,0.13112146036380073
2510147,0,0,explicit_mmr,explicit_mmr,0.39533927400354607,0.15854595651789585,0.1068693984346355,0.12962379476749855,0.06857799100017567,0.1410435852762485
2510214,5,0,quant_only,explicit_mmr,0.29485187333228985,0.14175791885390532,0.16168060255385172,0.10745432557310718,0.10581508552721984,0.18844019415962623
2513981,0,0,explicit_mmr,explicit_mmr,0.27417722945402817,0.16909992790329703,0.1426269631375309,0.10980057121304361,0.1322476251152688,0.17204768317683145
2514338,0,0,explicit_mmr,explicit_mmr,0.21542539747884867,0.1876781675031658,0.1348307618663744,0.13474545620222783,0.13527575555008375,0.1920444613992996
2514349,0,0,explicit_mmr,explicit_mmr,0.2635321899623612,0.17652010902314544,0.14452546088072232,0.11216147221640563,0.1335961031903873,0.1696646647269781
2514491,2,0,multi_method_not_mmr,explicit_mmr,0.3268681800804518,0.22363376747990307,0.11725735424484422,0.11196350735532613,0.07249229521548334,0.14778489562399139
2515040,0,0,explicit_mmr,explicit_mmr,0.23790253023317864,0.1940065613498307,0.14049427098906866,0.17624810956650003,0.07614466345661387,0.17520386440480804
2515088,0,0,explicit_mmr,explicit_mmr,0.22873124021671856,0.1503514081229236,0.17583415617142437,0.15362982866759795,0.09331710338090346,0.1981362634404321
2515127,0,0,explicit_mmr,explicit_mmr,0.2570359419525159,0.1329949558982932,0.1570103065810914,0.14934628566448901,0.11868047185973242,0.18493203804387806
2515148,0,0,explicit_mmr,explicit_mmr,0.24739000007284978,0.16174167499012296,0.14791300368644394,0.1727456286508674,0.10854222954751956,0.1616674630521965
2515191,5,3,quant_only,no_method_signal,0.12696020774308858,0.09994214095607368,0.2137585992943565,0.2752121719629287,0.11515850599900394,0.16896837404454845
2515226,0,3,explicit_mmr,no_method_signal,0.2018434864170195,0.16675487736014835,0.14572132848761313,0.20904576319733056,0.09605609273077317,0.1805784518071153
2515308,3,2,no_method_signal,multi_method_not_mmr,0.16462114684558504,0.10058292788232157,0.31909383665701396,0.17550839667087598,0.08698763283766871,0.1532060591065346
2516391,0,3,explicit_mmr,no_method_signal,0.19835299408236826,0.15174635011665294,0.14582093202308993,0.20033808872552977,0.11034742226484137,0.1933942127875178
2516409,1,0,implicit_mmr,explicit_mmr,0.383261079707288,0.14908182444550855,0.11102763953830505,0.10111056462686804,0.10645967100680075,0.14905922067522967
2516863,0,0,explicit_mmr,explicit_mmr,0.3045687889458453,0.17338511170978113,0.12557633956442077,0.12442093098812346,0.10374135694484463,0.16830747184698483
2517189,0,0,explicit_mmr,explicit_mmr,0.25140532040847025,0.2216754058312452,0.13430506690447086,0.11102527358696727,0.12660177336444436,0.15498715990440207
2517316,0,0,explicit_mmr,explicit_mmr,0.2630653896856817,0.19714094456066886,0.11749871990927555,0.15804279900976415,0.12010080379639826,0.14415134303821145
2517445,5,0,quant_only,explicit_mmr,0.29811770316917274,0.1882836194572434,0.1303173494794206,0.13074742353428817,0.12953652477875713,0.12299737958111785
2518485,2,0,multi_method_not_mmr,explicit_mmr,0.20067627588904222,0.19673236570373354,0.16292302084142268,0.1386523968774369,0.10599276670828242,0.19502317398008237
2518486,2,0,multi_method_not_mmr,explicit_mmr,0.25210383467400566,0.19550928138382437,0.15487359722864907,0.12703580489561525,0.10339972920167115,0.16707775261623442
2518487,2,5,multi_method_not_mmr,quant_only,0.18952972085284056,0.19094492084817216,0.15789273892106376,0.14999477359497596,0.11598592727093399,0.1956519185120138
2518685,5,0,quant_only,explicit_mmr,0.2528650564995257,0.1831030684387175,0.15551693001576994,0.11993365839516251,0.0992726907495149,0.1893085959013095
2518693,0,0,explicit_mmr,explicit_mmr,0.2595660540096797,0.19635634876195476,0.12360498315984723,0.13588229971852345,0.11120402326164958,0.17338629108834522
2518732,2,0,multi_method_not_mmr,explicit_mmr,0.22341166153515796,0.17464298795805466,0.1586466920322,0.15130297747181873,0.09192211804697879,0.20007356295578982
2518733,2,1,multi_method_not_mmr,implicit_mmr,0.18973816424482445,0.2126862935305058,0.14468426405284004,0.16935213439002827,0.09492317127198814,0.18861597250981335
2518804,0,0,explicit_mmr,explicit_mmr,0.37627923492233156,0.13546456864119769,0.14090386114063636,0.09807339894033693,0.07354260614224263,0.17573633021325472
2518892,0,0,explicit_mmr,explicit_mmr,0.31522808844849554,0.18379150761135177,0.13235580741578343,0.10185796719010076,0.08051549305008869,0.18625113628417977
2518893,0,0,explicit_mmr,explicit_mmr,0.25113473668640585,0.16727415460480036,0.13919715191119747,0.1531285221219578,0.09576004981410413,0.19350538486153449
2519136,0,0,explicit_mmr,explicit_mmr,0.2091498869205798,0.13732883394556805,0.172240263978928,0.15118252061678727,0.1449684964550371,0.18512999808309988
2520318,0,0,explicit_mmr,explicit_mmr,0.35125638696302713,0.18624922647685055,0.10461441435849146,0.11918866244430629,0.10771212641109608,0.1309791833462285
2524227,0,0,explicit_mmr,explicit_mmr,0.2750888538272357,0.1586191674680535,0.14632291886608179,0.15103016495023422,0.10134706670444535,0.1675918281839496
2524228,0,0,explicit_mmr,explicit_mmr,0.25920530887661003,0.1512720202455905,0.15629427314312996,0.16060617244952918,0.10464974870587478,0.16797247657926567
2524359,0,0,explicit_mmr,explicit_mmr,0.34660371119609357,0.19394719991865292,0.12954380617840625,0.11479985111957978,0.08921879017950941,0.12588664140775804
2525692,3,0,no_method_signal,explicit_mmr,0.22941271147897987,0.16149980485685989,0.1439970137725505,0.20770929858206272,0.09095899887284403,0.16642217243670293
2526720,5,0,quant_only,explicit_mmr,0.25145981994385075,0.21198677258160026,0.15030118123614056,0.09768807375524378,0.12078796749251154,0.16777618499065303
2526755,0,0,explicit_mmr,explicit_mmr,0.3363371027784955,0.1750432611743375,0.1328415946347476,0.09975667332745959,0.1047723040503704,0.1512490640345894
2526759,0,5,explicit_mmr,quant_only,0.16299479057326052,0.1899095331187568,0.1604387282323211,0.15812535220556528,0.10539482528737426,0.22313677058272208
2526905,3,3,no_method_signal,no_method_signal,0.17105599531222573,0.14530061579929,0.19987231915335563,0.21590754232502551,0.08388927611150399,0.18397425129859918
2527473,0,0,explicit_mmr,explicit_mmr,0.242446945998646,0.1478762166958686,0.11353947124739357,0.20229167393817,0.08590140878799173,0.20794428333193016
2527743,2,0,multi_method_not_mmr,explicit_mmr,0.29374473921685607,0.15578352060352024,0.13393846321837433,0.12426222571417868,0.09202869951634289,0.20024235173072788
2530060,0,0,explicit_mmr,explicit_mmr,0.2557959200746937,0.1785876223766155,0.11838626061250256,0.1347200115340039,0.11775309589696611,0.1947570895052183
2530299,0,0,explicit_mmr,explicit_mmr,0.3260779812372369,0.2122850736118499,0.11527087664265255,0.08649242907038672,0.10986716460301636,0.15000647483485735
2530457,0,0,explicit_mmr,explicit_mmr,0.3139684902982388,0.2034379899425467,0.13240497754626798,0.0903071738746771,0.1307813934015367,0.12909997493673256
2530458,0,0,explicit_mmr,explicit_mmr,0.27102995704648564,0.19331466196802857,0.11271170825685092,0.09734741942129217,0.1450840213673058,0.18051223194003682
2533639,0,4,explicit_mmr,qual_only,0.13797589110724034,0.10323829886667285,0.19805605584942543,0.20236661345991,0.21049226499711282,0.1478708757196384
2533640,0,0,explicit_mmr,explicit_mmr,0.25954916834396574,0.1122430265269256,0.18443242549179562,0.14872463721778928,0.17861203045654103,0.11643871196298275
2534091,0,0,explicit_mmr,explicit_mmr,0.3101646346958163,0.13680883247911474,0.12935767212329463,0.1401335575525315,0.17664642927116775,0.10688887387807514
2534873,0,0,explicit_mmr,explicit_mmr,0.2412814069884587,0.18517432219488023,0.13809911897622382,0.16876719577340643,0.11532726630212405,0.15135068976490668
2541364,0,2,explicit_mmr,multi_method_not_mmr,0.18431085029517916,0.14444705153917245,0.19176350055801028,0.1498620415989385,0.18122389514858048,0.14839266086011915
2545312,0,0,explicit_mmr,explicit_mmr,0.3726423032444836,0.2126275979154711,0.09892389661285765,0.08130722147610132,0.08328309065169683,0.15121589009938924
2603026,0,0,explicit_mmr,explicit_mmr,0.2827178735695089,0.11771421378284751,0.15351470547483506,0.14118007605312508,0.18283029364457756,0.12204283747510607
