award_node_idx,true_id,pred_id,true_label,pred_label,eval_split,prob_0,prob_1
11903,1,0,1,0,train,0.9513515830039978,0.04864845052361488
11907,0,0,0,0,train,0.9234895706176758,0.07651039212942123
11951,0,0,0,0,train,0.9670892953872681,0.03291069343686104
11960,0,0,0,0,train,0.9644191265106201,0.03558085858821869
11971,1,1,1,1,train,0.028379861265420914,0.9716201424598694
11984,1,1,1,1,train,0.03399234637618065,0.9660077095031738
12047,1,1,1,1,train,0.11351704597473145,0.8864829540252686
12060,1,0,1,0,train,0.9191882014274597,0.08081184327602386
12115,1,1,1,1,train,0.0014991216594353318,0.9985009431838989
12136,1,1,1,1,train,0.037919025868177414,0.9620809555053711
12140,1,0,1,0,train,0.853765070438385,0.1462349146604538
12141,0,0,0,0,train,0.9544931650161743,0.04550686478614807
12147,0,0,0,0,train,0.9774995446205139,0.02250046283006668
12148,0,0,0,0,train,0.9068898558616638,0.0931101068854332
12150,1,0,1,0,train,0.8933978080749512,0.10660213232040405
12151,1,0,1,0,train,0.9724572896957397,0.027542760595679283
12160,1,1,1,1,train,0.013770131394267082,0.9862298965454102
12166,1,0,1,0,train,0.8900107145309448,0.10998933762311935
12167,1,1,1,1,train,0.010642148554325104,0.9893578886985779
12168,0,1,0,1,train,0.17016232013702393,0.8298377394676208
12183,1,1,1,1,train,0.002649785950779915,0.9973502159118652
12184,1,1,1,1,train,0.0024159348104149103,0.9975841045379639
12186,1,1,1,1,train,0.0018936620326712728,0.9981063604354858
12324,1,1,1,1,train,0.005023299250751734,0.9949766993522644
12362,0,0,0,0,train,0.9684070348739624,0.031592950224876404
12394,1,1,1,1,train,0.017276586964726448,0.9827234745025635
12402,0,0,0,0,train,0.9693943858146667,0.03060554526746273
12404,1,1,1,1,train,0.0032698712311685085,0.9967300891876221
12409,1,1,1,1,train,0.02939433790743351,0.9706056714057922
12440,1,1,1,1,train,0.17110954225063324,0.8288903832435608
12442,1,1,1,1,train,0.061165936291217804,0.9388340711593628
12444,0,0,0,0,train,0.9567176103591919,0.04328241944313049
12445,1,1,1,1,train,0.2103738635778427,0.7896261215209961
12448,0,0,0,0,train,0.9526793956756592,0.047320567071437836
12453,0,0,0,0,train,0.9518585205078125,0.04814155772328377
12488,1,0,1,0,train,0.790789783000946,0.20921015739440918
12528,0,0,0,0,train,0.9656438231468201,0.03435612469911575
12529,0,0,0,0,train,0.942176878452301,0.05782312899827957
12580,0,0,0,0,train,0.8994565606117249,0.10054345428943634
12595,1,1,1,1,train,0.0016466453671455383,0.9983533620834351
12598,1,1,1,1,train,0.002736033871769905,0.99726402759552
12600,1,1,1,1,train,0.0015331811737269163,0.9984667897224426
12608,1,1,1,1,train,0.001786718494258821,0.9982132911682129
12610,0,0,0,0,train,0.9246347546577454,0.07536522299051285
12626,1,1,1,1,train,0.17388853430747986,0.8261114954948425
12629,1,1,1,1,train,0.22818268835544586,0.7718173265457153
12641,0,0,0,0,train,0.7553520798683167,0.24464790523052216
12693,0,0,0,0,train,0.9288662672042847,0.07113375514745712
12746,0,0,0,0,train,0.9375120997428894,0.062487900257110596
12747,1,1,1,1,train,0.003779239021241665,0.9962207674980164
12760,0,0,0,0,train,0.7290176749229431,0.2709823250770569
12771,1,1,1,1,train,0.0016133453464135528,0.9983866214752197
12812,1,1,1,1,train,0.05247478187084198,0.9475252628326416
12830,1,1,1,1,train,0.07360894978046417,0.926391065120697
12832,1,1,1,1,train,0.0020647046621888876,0.9979352951049805
12856,1,1,1,1,train,0.11100577563047409,0.8889942169189453
12857,1,1,1,1,train,0.0018287522252649069,0.9981712102890015
12897,0,0,0,0,train,0.9013248682022095,0.09867508709430695
12907,1,1,1,1,train,0.002192324260249734,0.9978076815605164
12914,0,0,0,0,train,0.9486512541770935,0.05134871229529381
12921,0,0,0,0,train,0.9044190645217896,0.09558098018169403
12922,0,0,0,0,train,0.7319437265396118,0.2680562734603882
12941,1,1,1,1,train,0.3645351231098175,0.6354649066925049
12946,1,1,1,1,train,0.002089505782350898,0.9979104399681091
12957,1,1,1,1,train,0.0018041423754766583,0.9981958270072937
12965,1,1,1,1,train,0.001578224473632872,0.9984217882156372
12979,1,1,1,1,train,0.001592922257259488,0.9984070658683777
12995,1,1,1,1,train,0.0014498759992420673,0.9985501170158386
13089,0,0,0,0,train,0.764225423336029,0.23577462136745453
13108,0,0,0,0,train,0.6780850291252136,0.32191500067710876
13133,1,1,1,1,train,0.0030730024445801973,0.9969269633293152
13146,0,0,0,0,train,0.9163613319396973,0.08363863080739975
13168,1,1,1,1,train,0.4691913425922394,0.5308086276054382
13176,1,1,1,1,train,0.00589378084987402,0.9941061735153198
13177,1,1,1,1,train,0.0017555500380694866,0.9982444047927856
13180,1,0,1,0,train,0.9457249641418457,0.054275043308734894
13223,0,0,0,0,train,0.9586530327796936,0.0413469597697258
13229,0,1,0,1,train,0.470398873090744,0.5296010971069336
13236,1,1,1,1,train,0.0017986985621973872,0.9982012510299683
13237,1,1,1,1,train,0.0019117057090625167,0.9980883002281189
13249,1,1,1,1,train,0.00933911558240652,0.9906608462333679
13254,1,1,1,1,train,0.0034149314742535353,0.9965850114822388
13323,0,0,0,0,train,0.961336076259613,0.03866396099328995
13329,1,1,1,1,train,0.0019734115339815617,0.9980265498161316
13355,0,0,0,0,train,0.9205150008201599,0.07948502153158188
13356,1,1,1,1,train,0.26689764857292175,0.7331023812294006
13367,1,1,1,1,train,0.32901453971862793,0.6709854602813721
13385,1,1,1,1,train,0.0065758139826357365,0.9934241771697998
13386,1,1,1,1,train,0.0018109098309651017,0.9981890320777893
13387,1,1,1,1,train,0.001577652059495449,0.998422384262085
13390,1,1,1,1,train,0.007474985439330339,0.9925249814987183
13391,1,1,1,1,train,0.0016439486062154174,0.99835604429245
13393,1,1,1,1,train,0.0014551184140145779,0.9985449314117432
13402,1,1,1,1,train,0.0026355290319770575,0.9973644614219666
13403,1,1,1,1,train,0.0015864514280110598,0.9984135627746582
13449,1,1,1,1,train,0.24073845148086548,0.7592614889144897
13450,1,1,1,1,train,0.0020944583229720592,0.9979056119918823
13453,1,1,1,1,train,0.0015566385118290782,0.9984434247016907
13454,1,1,1,1,train,0.0018364264396950603,0.998163640499115
13473,1,1,1,1,train,0.007327997591346502,0.9926720857620239
13498,1,1,1,1,train,0.0014765124069526792,0.9985235333442688
13499,0,1,0,1,train,0.12958617508411407,0.8704138398170471
13504,0,1,0,1,train,0.28252553939819336,0.7174744606018066
13506,1,1,1,1,train,0.0017020669765770435,0.9982979893684387
13518,1,1,1,1,train,0.0016640122048556805,0.9983360171318054
13524,1,1,1,1,train,0.001444453839212656,0.998555600643158
13531,1,1,1,1,train,0.0031711782794445753,0.9968288540840149
13532,1,1,1,1,train,0.0023975451476871967,0.9976025223731995
13543,1,1,1,1,train,0.001356777735054493,0.9986432194709778
13544,1,1,1,1,train,0.0019529288401827216,0.9980471134185791
13579,1,1,1,1,train,0.013969681225717068,0.9860303401947021
13626,0,0,0,0,train,0.9623099565505981,0.037689998745918274
13630,1,0,1,0,train,0.7409043312072754,0.25909560918807983
13666,1,0,1,0,train,0.83623868227005,0.16376134753227234
13669,0,0,0,0,train,0.684305727481842,0.31569430232048035
13708,1,1,1,1,train,0.056188419461250305,0.9438115954399109
13713,1,1,1,1,train,0.014634030871093273,0.9853659868240356
13714,1,1,1,1,train,0.0014935133513063192,0.998506486415863
13719,0,0,0,0,train,0.9186639189720154,0.08133609592914581
13747,1,1,1,1,train,0.0035203243605792522,0.9964796900749207
13757,1,1,1,1,train,0.04024931788444519,0.9597507119178772
13766,1,1,1,1,train,0.003978184890002012,0.9960218071937561
13779,1,1,1,1,train,0.0015488937497138977,0.9984511137008667
13799,1,1,1,1,train,0.20804639160633087,0.7919536232948303
13820,1,1,1,1,train,0.015819357708096504,0.9841806888580322
13847,1,1,1,1,train,0.01945643685758114,0.9805435538291931
13890,1,1,1,1,train,0.48046451807022095,0.519535481929779
13914,1,1,1,1,train,0.005277251824736595,0.9947227239608765
13922,1,1,1,1,train,0.0077494182623922825,0.9922505021095276
13944,0,0,0,0,train,0.9069892168045044,0.093010812997818
13965,1,1,1,1,train,0.0019520915811881423,0.998047947883606
13967,1,1,1,1,train,0.0019524457165971398,0.9980475902557373
13982,1,0,1,0,train,0.7140473127365112,0.28595268726348877
13983,1,1,1,1,train,0.0018782207043841481,0.9981217980384827
13984,1,1,1,1,train,0.0018817649688571692,0.9981182813644409
14013,1,0,1,0,train,0.7076935172080994,0.292306512594223
14019,1,1,1,1,train,0.0039461408741772175,0.9960538148880005
14033,1,0,1,0,train,0.6878702044487,0.31212979555130005
14034,0,0,0,0,train,0.850649356842041,0.1493506282567978
14059,1,1,1,1,train,0.0018769071903079748,0.9981231093406677
14067,1,1,1,1,train,0.0017317241290584207,0.9982682466506958
14105,0,0,0,0,train,0.9279787540435791,0.07202126085758209
14122,0,0,0,0,train,0.8958755731582642,0.10412439703941345
14128,0,0,0,0,train,0.9008801579475403,0.09911983460187912
14158,0,1,0,1,train,0.1948484480381012,0.8051515221595764
14163,1,1,1,1,train,0.0017981568817049265,0.998201847076416
14221,1,1,1,1,train,0.0014341390924528241,0.9985658526420593
14222,0,0,0,0,train,0.9465182423591614,0.053481750190258026
14223,1,1,1,1,train,0.0017828429117798805,0.9982171654701233
14234,1,1,1,1,train,0.005081097595393658,0.9949188828468323
14236,0,0,0,0,train,0.9462723731994629,0.05372759699821472
14249,1,1,1,1,train,0.0018337606452405453,0.9981662631034851
14259,0,0,0,0,train,0.7693930864334106,0.23060688376426697
14268,1,1,1,1,train,0.0034443489275872707,0.9965556859970093
14280,1,0,1,0,train,0.8505449295043945,0.14945514500141144
14282,1,0,1,0,train,0.8950080275535583,0.10499189049005508
14288,0,1,0,1,train,0.47778716683387756,0.5222128033638
14311,1,0,1,0,train,0.9464195966720581,0.05358044058084488
14314,0,0,0,0,train,0.9076814651489258,0.09231846779584885
14352,1,0,1,0,train,0.9440359473228455,0.05596407502889633
14366,0,0,0,0,train,0.968076229095459,0.03192376717925072
14373,1,1,1,1,train,0.0576404370367527,0.9423595666885376
14384,1,0,1,0,train,0.9337120056152344,0.06628799438476562
14404,1,1,1,1,train,0.14576081931591034,0.8542391657829285
14414,1,1,1,1,train,0.0018315031193196774,0.9981684684753418
14431,1,0,1,0,train,0.9523968696594238,0.04760308563709259
14480,0,0,0,0,train,0.967849850654602,0.03215019032359123
14511,1,1,1,1,train,0.002879497827962041,0.9971204996109009
14518,1,1,1,1,train,0.0014623082242906094,0.9985376596450806
14528,0,0,0,0,train,0.9553432464599609,0.044656746089458466
14544,1,1,1,1,train,0.4228746294975281,0.5771254301071167
14548,1,1,1,1,train,0.48543548583984375,0.5145644545555115
14576,1,1,1,1,train,0.1432480812072754,0.8567519187927246
14590,1,1,1,1,train,0.014539288356900215,0.9854606986045837
14598,0,0,0,0,train,0.9755774140357971,0.02442260831594467
14599,1,1,1,1,train,0.001562047516927123,0.9984379410743713
14601,1,1,1,1,train,0.057638850063085556,0.9423611760139465
14614,1,1,1,1,train,0.048757899552583694,0.9512420296669006
14651,1,1,1,1,train,0.001823748112656176,0.9981762170791626
14655,1,1,1,1,train,0.0014629462966695428,0.9985370635986328
14669,1,1,1,1,train,0.0017589912749826908,0.9982410669326782
14674,1,1,1,1,train,0.0015371865592896938,0.9984627962112427
14676,1,1,1,1,train,0.0018138524610549212,0.9981861710548401
14677,1,1,1,1,train,0.07904894649982452,0.9209510684013367
14694,1,1,1,1,train,0.0014599862042814493,0.9985400438308716
14707,1,1,1,1,train,0.10135790705680847,0.8986420631408691
14710,1,1,1,1,train,0.002057887613773346,0.9979421496391296
14712,1,1,1,1,train,0.003212540876120329,0.996787428855896
14715,1,1,1,1,train,0.0019359353464096785,0.9980641007423401
14739,1,1,1,1,train,0.26109910011291504,0.7389009594917297
14752,1,1,1,1,train,0.0012843196745961905,0.9987156391143799
14753,1,1,1,1,train,0.0013369470834732056,0.998663067817688
14754,1,1,1,1,train,0.001310544554144144,0.9986894726753235
14827,1,1,1,1,train,0.02363443560898304,0.9763655662536621
14835,1,1,1,1,train,0.0028119308408349752,0.9971880316734314
14841,0,0,0,0,train,0.9603477716445923,0.039652179926633835
14848,0,0,0,0,train,0.9747280478477478,0.025271926075220108
14862,0,0,0,0,train,0.9327276945114136,0.06727222353219986
14871,1,0,1,0,train,0.8978922963142395,0.10210772603750229
14873,0,1,0,1,train,0.13283321261405945,0.8671667575836182
14875,0,0,0,0,train,0.9788970351219177,0.02110295742750168
14882,1,1,1,1,train,0.0016554994508624077,0.9983445405960083
14888,0,1,0,1,train,0.009728697128593922,0.9902713298797607
14894,0,1,0,1,train,0.4668180048465729,0.5331819653511047
14897,1,0,1,0,train,0.6233195066452026,0.37668052315711975
14899,1,1,1,1,train,0.136591836810112,0.8634082078933716
14904,1,1,1,1,train,0.0016073917504400015,0.998392641544342
14907,1,1,1,1,train,0.01894536055624485,0.9810546636581421
14910,1,1,1,1,train,0.0025466333609074354,0.9974533915519714
14913,1,1,1,1,train,0.003530371468514204,0.9964696168899536
14917,0,1,0,1,train,0.11133222281932831,0.8886677622795105
14930,0,0,0,0,train,0.849848210811615,0.15015174448490143
14939,0,0,0,0,train,0.9712893962860107,0.02871064282953739
14941,0,0,0,0,train,0.8691743016242981,0.13082574307918549
14949,0,0,0,0,train,0.6997885704040527,0.30021142959594727
14953,1,1,1,1,train,0.003917161375284195,0.9960827827453613
14956,0,0,0,0,train,0.9149894714355469,0.08501052856445312
14962,1,1,1,1,train,0.10065988451242447,0.8993401527404785
14963,1,1,1,1,train,0.00822560302913189,0.9917743802070618
15013,1,1,1,1,train,0.018901843577623367,0.9810981750488281
15022,0,1,0,1,train,0.14211581647396088,0.8578842282295227
15026,0,0,0,0,train,0.9318779706954956,0.06812198460102081
15027,0,0,0,0,train,0.9400755167007446,0.059924427419900894
15030,1,0,1,0,train,0.9289743900299072,0.07102558016777039
15074,1,0,1,0,train,0.565118670463562,0.434881329536438
15097,1,1,1,1,train,0.34831857681274414,0.6516814827919006
15116,0,0,0,0,train,0.8402986526489258,0.15970133244991302
15122,0,0,0,0,train,0.8757554888725281,0.12424454838037491
15141,1,1,1,1,train,0.004664022475481033,0.9953359961509705
15148,1,0,1,0,train,0.7955131530761719,0.20448683202266693
15163,1,1,1,1,train,0.0015979657182469964,0.9984020590782166
15177,1,1,1,1,train,0.0015468952478840947,0.9984531402587891
15183,1,1,1,1,train,0.015834618359804153,0.9841653108596802
15192,1,1,1,1,train,0.0015475662657991052,0.9984524250030518
15193,1,1,1,1,train,0.0015600475016981363,0.9984399676322937
15202,1,1,1,1,train,0.0018613587599247694,0.9981386661529541
15210,1,1,1,1,train,0.022827742621302605,0.977172315120697
15231,1,1,1,1,train,0.0024793597403913736,0.9975206255912781
15238,0,0,0,0,train,0.8101840019226074,0.1898159384727478
15243,1,1,1,1,train,0.00526368198916316,0.9947362542152405
15269,1,0,1,0,train,0.6719721555709839,0.3280278444290161
15279,1,1,1,1,train,0.007407346274703741,0.9925926327705383
15307,1,0,1,0,train,0.8284386396408081,0.1715613454580307
15320,1,1,1,1,train,0.14586524665355682,0.8541347980499268
15343,1,1,1,1,train,0.01258883811533451,0.9874112010002136
15353,1,1,1,1,train,0.001785555388778448,0.9982144832611084
15354,0,0,0,0,train,0.9719680547714233,0.02803192287683487
15384,1,1,1,1,train,0.004757777787744999,0.9952422380447388
15402,1,1,1,1,train,0.002523314906284213,0.9974766373634338
15426,1,1,1,1,train,0.008415504358708858,0.9915845394134521
15427,1,1,1,1,train,0.0018259657081216574,0.9981740713119507
15431,1,1,1,1,train,0.0018247570842504501,0.9981752634048462
15438,1,1,1,1,train,0.0016141168307512999,0.9983859062194824
15439,1,1,1,1,train,0.0013221066910773516,0.9986779093742371
15445,1,0,1,0,train,0.7170374393463135,0.2829625606536865
15456,1,1,1,1,train,0.001954117091372609,0.9980459213256836
15463,1,1,1,1,train,0.00505681149661541,0.9949432015419006
15469,0,0,0,0,train,0.8692084550857544,0.1307915449142456
15476,1,1,1,1,train,0.0014673497062176466,0.9985326528549194
15480,1,1,1,1,train,0.012800072319805622,0.9871999025344849
15482,1,1,1,1,train,0.0019713074434548616,0.9980286955833435
15494,1,1,1,1,train,0.0017844133544713259,0.9982155561447144
15514,0,0,0,0,train,0.812084972858429,0.18791501224040985
15521,1,1,1,1,train,0.02986207976937294,0.970137894153595
15522,0,0,0,0,train,0.9477971792221069,0.052202798426151276
15541,0,0,0,0,train,0.894691526889801,0.10530853271484375
15544,1,1,1,1,train,0.06358581781387329,0.9364141821861267
15596,1,1,1,1,train,0.002123126992955804,0.9978768825531006
15622,0,0,0,0,train,0.911336362361908,0.08866366744041443
15623,0,0,0,0,train,0.904110848903656,0.09588921070098877
15635,1,1,1,1,train,0.03617804870009422,0.9638219475746155
15677,1,1,1,1,train,0.26838552951812744,0.7316144704818726
15684,1,0,1,0,train,0.8028396964073181,0.19716031849384308
15693,1,1,1,1,train,0.21939510107040405,0.780604898929596
15702,1,1,1,1,train,0.003926145378500223,0.996073842048645
15703,1,0,1,0,train,0.7328107357025146,0.26718929409980774
15704,1,1,1,1,train,0.0243784561753273,0.9756215810775757
15705,1,1,1,1,train,0.1621272712945938,0.8378728032112122
15706,0,0,0,0,train,0.910520613193512,0.08947942405939102
15707,0,1,0,1,train,0.030559411272406578,0.9694405794143677
15708,1,1,1,1,train,0.005840097088366747,0.9941599369049072
15709,1,0,1,0,train,0.6935112476348877,0.3064887821674347
15710,1,1,1,1,train,0.001956899417564273,0.9980430603027344
15711,0,0,0,0,train,0.5982745289802551,0.4017254710197449
15712,1,1,1,1,train,0.002243911614641547,0.9977560639381409
15713,1,1,1,1,train,0.004514037631452084,0.9954859614372253
15714,1,1,1,1,train,0.0028978411573916674,0.9971020817756653
15715,1,1,1,1,train,0.0021620856132358313,0.9978379607200623
15720,1,1,1,1,train,0.3791751563549042,0.6208248734474182
15726,0,0,0,0,train,0.9721531271934509,0.027846915647387505
15731,1,1,1,1,train,0.01241239346563816,0.9875876307487488
15775,0,0,0,0,train,0.95649254322052,0.04350750148296356
15786,1,1,1,1,train,0.019706856459379196,0.9802932143211365
15837,1,1,1,1,train,0.021360915154218674,0.9786390066146851
15838,1,1,1,1,train,0.02203444205224514,0.9779655337333679
15840,1,1,1,1,train,0.19053269922733307,0.8094672560691833
15841,1,1,1,1,train,0.022818999364972115,0.9771809577941895
15842,1,1,1,1,train,0.0014319063629955053,0.998568058013916
15868,1,1,1,1,train,0.056408051401376724,0.9435919523239136
15870,1,1,1,1,train,0.0018244237871840596,0.9981756210327148
15892,1,1,1,1,train,0.001850526430644095,0.9981495141983032
15928,1,1,1,1,train,0.0015152915148064494,0.9984847903251648
15948,1,1,1,1,train,0.001751447794958949,0.9982485771179199
15950,1,1,1,1,train,0.0016943628434091806,0.9983056783676147
15955,1,1,1,1,train,0.0017519714310765266,0.9982481002807617
15957,1,1,1,1,train,0.0018217856995761395,0.998178243637085
15988,1,0,1,0,train,0.8827833533287048,0.11721666157245636
15996,1,1,1,1,train,0.006877260748296976,0.9931227564811707
16004,1,1,1,1,train,0.0014328776160255075,0.9985671043395996
16026,1,1,1,1,train,0.0018207160755991936,0.9981793165206909
16040,0,0,0,0,train,0.7345731258392334,0.2654268443584442
16055,1,1,1,1,train,0.0014015042688697577,0.9985985159873962
16062,1,1,1,1,train,0.0016326623735949397,0.9983673691749573
16072,1,1,1,1,train,0.003007955616340041,0.9969919919967651
16080,1,1,1,1,train,0.0028983482625335455,0.9971016049385071
16088,1,1,1,1,train,0.0017548615578562021,0.998245120048523
16107,1,1,1,1,train,0.001885072560980916,0.9981149435043335
16130,1,1,1,1,train,0.008481950499117374,0.9915180802345276
16147,1,1,1,1,train,0.005870801862329245,0.9941291809082031
16160,0,0,0,0,train,0.9334642291069031,0.06653580069541931
16162,1,1,1,1,train,0.0016401729080826044,0.9983598589897156
16177,1,1,1,1,train,0.0036736379843205214,0.9963263869285583
16191,1,1,1,1,train,0.005928528029471636,0.9940714240074158
16203,1,1,1,1,train,0.027911944314837456,0.972088098526001
16204,1,0,1,0,train,0.6368898153305054,0.36311018466949463
16210,1,1,1,1,train,0.03644832223653793,0.9635517001152039
16211,0,1,0,1,train,0.1714584082365036,0.82854163646698
16213,1,1,1,1,train,0.0016609810991212726,0.998339056968689
16221,1,1,1,1,train,0.0015624490333721042,0.9984375834465027
16231,1,1,1,1,train,0.0019618109799921513,0.9980382323265076
16260,0,1,0,1,train,0.30330774188041687,0.6966922283172607
16270,1,1,1,1,train,0.08542024344205856,0.9145797491073608
16275,1,1,1,1,train,0.03787313401699066,0.9621268510818481
16310,1,1,1,1,train,0.0015344539424404502,0.9984655380249023
16329,1,1,1,1,train,0.0018780911341309547,0.9981219172477722
16368,1,1,1,1,train,0.0016318565467372537,0.9983682036399841
16376,0,0,0,0,train,0.9744345545768738,0.025565464049577713
16379,1,1,1,1,train,0.001637062057852745,0.9983629584312439
16380,1,1,1,1,train,0.0014648993965238333,0.99853515625
16383,1,1,1,1,train,0.0025989990681409836,0.9974009990692139
16420,1,1,1,1,train,0.03250053524971008,0.9674994349479675
16423,1,1,1,1,train,0.036298904567956924,0.963701069355011
16456,1,1,1,1,train,0.002058933721855283,0.9979410767555237
16462,0,0,0,0,train,0.9317406415939331,0.0682593584060669
16480,1,1,1,1,train,0.0017851950833573937,0.998214840888977
16483,0,0,0,0,train,0.5751833915710449,0.4248166084289551
16488,1,1,1,1,train,0.0029361406341195107,0.9970638155937195
16489,0,0,0,0,train,0.6569390296936035,0.34306100010871887
16505,0,0,0,0,train,0.8845827579498291,0.1154172495007515
16529,1,1,1,1,train,0.07055675238370895,0.9294432401657104
16573,1,1,1,1,train,0.011277956888079643,0.9887220859527588
16577,1,1,1,1,train,0.02354460582137108,0.9764553904533386
16587,1,1,1,1,train,0.002073591575026512,0.9979263544082642
16591,1,1,1,1,train,0.0037500227335840464,0.9962499737739563
16622,1,1,1,1,train,0.10407299548387527,0.8959270715713501
16626,0,1,0,1,train,0.247755765914917,0.752244234085083
16632,1,1,1,1,train,0.0028251828625798225,0.997174859046936
16634,1,1,1,1,train,0.0018627527169883251,0.9981372356414795
16636,1,1,1,1,train,0.0015882228035479784,0.9984117746353149
16637,1,1,1,1,train,0.003960879519581795,0.9960391521453857
16652,0,0,0,0,train,0.9487959742546082,0.05120403692126274
16699,1,1,1,1,train,0.082005575299263,0.9179943799972534
16707,1,1,1,1,train,0.47545456886291504,0.524545431137085
16708,0,0,0,0,train,0.9177345037460327,0.08226553350687027
16709,0,0,0,0,train,0.8891960382461548,0.11080389469861984
16710,0,0,0,0,train,0.7031104564666748,0.2968894839286804
16711,1,1,1,1,train,0.0031049337703734636,0.9968950748443604
16712,0,0,0,0,train,0.9585039615631104,0.04149607568979263
16713,1,0,1,0,train,0.975895345211029,0.02410462684929371
16746,1,1,1,1,train,0.022869979962706566,0.9771299958229065
16774,1,1,1,1,train,0.002579029416665435,0.9974210262298584
16779,1,0,1,0,train,0.7063572406768799,0.2936428189277649
16789,1,1,1,1,train,0.0035368590615689754,0.9964631199836731
16794,0,1,0,1,train,0.10120964795351028,0.8987903594970703
16804,1,1,1,1,train,0.025748804211616516,0.9742512106895447
16819,0,0,0,0,train,0.9080824851989746,0.09191753715276718
16833,1,1,1,1,train,0.10433431714773178,0.89566570520401
16842,0,0,0,0,train,0.7144849896430969,0.2855150103569031
16850,1,1,1,1,train,0.0015884465537965298,0.9984115362167358
16857,1,1,1,1,train,0.002141589531674981,0.9978583455085754
16859,1,1,1,1,train,0.0015264374669641256,0.998473584651947
16881,1,1,1,1,train,0.0018287601415067911,0.9981712102890015
16897,1,1,1,1,train,0.01454843208193779,0.9854515194892883
16911,1,1,1,1,train,0.0016862889751791954,0.9983136653900146
16925,1,1,1,1,train,0.0018928960198536515,0.9981070756912231
16932,1,1,1,1,train,0.003611293388530612,0.9963886737823486
16967,1,1,1,1,train,0.001476858276873827,0.9985231757164001
16989,1,1,1,1,train,0.0014340435154736042,0.9985659718513489
17005,1,1,1,1,train,0.001633389270864427,0.99836665391922
17018,1,1,1,1,train,0.0041022407822310925,0.9958977103233337
17054,1,1,1,1,train,0.0015650964342057705,0.998434841632843
17056,1,1,1,1,train,0.0019786797929555178,0.9980213642120361
17058,1,1,1,1,train,0.0014834525063633919,0.9985164999961853
17063,1,1,1,1,train,0.0021678609773516655,0.9978321194648743
17086,1,1,1,1,train,0.0018060285365208983,0.9981940388679504
17115,1,1,1,1,train,0.008393064141273499,0.9916069507598877
17128,1,1,1,1,train,0.0016313361702486873,0.9983686804771423
17145,1,1,1,1,train,0.0018872019136324525,0.9981127977371216
17173,1,1,1,1,train,0.003137762425467372,0.9968622922897339
17175,1,1,1,1,train,0.0018387703457847238,0.998161256313324
17177,1,1,1,1,train,0.0014798033516854048,0.9985201954841614
17180,1,1,1,1,train,0.0016073151491582394,0.998392641544342
17185,1,1,1,1,train,0.0018141717882826924,0.9981858134269714
17194,0,1,0,1,train,0.003999514505267143,0.9960004687309265
17195,1,1,1,1,train,0.0035669736098498106,0.9964330196380615
17197,1,1,1,1,train,0.0016831830143928528,0.9983168840408325
17198,1,1,1,1,train,0.001676691579632461,0.9983232617378235
17210,1,1,1,1,train,0.0018545540515333414,0.9981454610824585
17264,1,1,1,1,train,0.08306040614843369,0.9169395565986633
17272,0,1,0,1,train,0.014308326877653599,0.9856917262077332
17278,1,1,1,1,train,0.08825499564409256,0.9117449522018433
17279,1,1,1,1,train,0.0022969807032495737,0.9977030158042908
17284,1,1,1,1,train,0.13072918355464935,0.8692708611488342
17301,1,1,1,1,train,0.014351134188473225,0.9856488704681396
17315,1,1,1,1,train,0.08620568364858627,0.9137943387031555
17322,1,1,1,1,train,0.002380357589572668,0.9976195693016052
17331,1,1,1,1,train,0.05209583789110184,0.9479041695594788
17338,0,0,0,0,train,0.9248361587524414,0.0751638412475586
17339,0,0,0,0,train,0.928555965423584,0.07144401222467422
17365,1,1,1,1,train,0.004987609572708607,0.9950123429298401
17372,1,1,1,1,train,0.002471833024173975,0.9975281357765198
17389,1,1,1,1,train,0.0019319988787174225,0.9980680346488953
17406,1,1,1,1,train,0.0022723942529410124,0.9977275729179382
17413,1,1,1,1,train,0.004426370840519667,0.9955736398696899
17425,1,1,1,1,train,0.001712392782792449,0.9982876181602478
17463,1,1,1,1,train,0.0016244093421846628,0.9983755350112915
17474,1,1,1,1,train,0.023123588413000107,0.976876437664032
17493,1,1,1,1,train,0.0017215425614267588,0.9982784986495972
17579,1,1,1,1,train,0.0014602489536628127,0.9985398054122925
17592,1,1,1,1,train,0.002390088513493538,0.9976098537445068
17598,1,1,1,1,train,0.006040655542165041,0.9939593076705933
17599,1,1,1,1,train,0.0694185346364975,0.9305813908576965
17603,1,1,1,1,train,0.002161079552024603,0.9978389143943787
17630,1,0,1,0,train,0.9704428315162659,0.029557133093476295
17639,1,1,1,1,train,0.10182879120111465,0.8981711864471436
17658,1,1,1,1,train,0.0016132080927491188,0.9983868598937988
17659,1,1,1,1,train,0.027687037363648415,0.9723129868507385
17698,1,1,1,1,train,0.041034139692783356,0.9589658975601196
17720,1,1,1,1,train,0.20047058165073395,0.7995293736457825
17729,1,1,1,1,train,0.07600114494562149,0.9239988923072815
17753,1,1,1,1,train,0.3981981575489044,0.601801872253418
17759,0,0,0,0,train,0.7155367732048035,0.28446322679519653
17771,0,1,0,1,train,0.15649059414863586,0.8435093760490417
17791,1,1,1,1,train,0.001816819654777646,0.9981831908226013
17793,1,1,1,1,train,0.009582357481122017,0.9904176592826843
17796,1,1,1,1,train,0.0020273581612855196,0.9979726672172546
17799,1,1,1,1,train,0.0014344683149829507,0.9985656142234802
17801,1,1,1,1,train,0.0018735737539827824,0.9981264472007751
17823,1,1,1,1,train,0.42913320660591125,0.5708668231964111
17828,1,1,1,1,train,0.49583736062049866,0.5041626691818237
17847,1,0,1,0,train,0.8146843314170837,0.18531571328639984
17857,1,1,1,1,train,0.4962202310562134,0.5037798285484314
17870,0,0,0,0,train,0.9565098881721497,0.04349011555314064
17874,1,1,1,1,train,0.004044380970299244,0.9959557056427002
17911,1,1,1,1,train,0.01057292241603136,0.9894270896911621
17916,1,0,1,0,train,0.9101594090461731,0.08984064310789108
17917,1,0,1,0,train,0.8634428381919861,0.13655711710453033
17921,1,1,1,1,train,0.002308052033185959,0.9976919889450073
17926,1,1,1,1,train,0.0019383064936846495,0.9980617165565491
17939,1,1,1,1,train,0.0016255094669759274,0.9983744621276855
17946,1,1,1,1,train,0.0015272566815838218,0.9984727501869202
17947,1,0,1,0,train,0.7577956318855286,0.24220441281795502
17963,1,1,1,1,train,0.0015845936723053455,0.9984153509140015
17964,1,1,1,1,train,0.001454997225664556,0.9985450506210327
17965,1,1,1,1,train,0.004374865908175707,0.9956251978874207
17967,1,1,1,1,train,0.0015300208469852805,0.9984700083732605
17976,1,1,1,1,train,0.002170948311686516,0.997829020023346
17977,1,1,1,1,train,0.0018532322719693184,0.9981467723846436
17995,1,1,1,1,train,0.002333472715690732,0.997666597366333
18000,1,1,1,1,train,0.002422684570774436,0.9975773692131042
18003,1,1,1,1,train,0.0072286054491996765,0.9927714467048645
18012,1,1,1,1,train,0.002131245331838727,0.9978687763214111
18053,1,1,1,1,train,0.0013942556688562036,0.9986057877540588
18058,1,1,1,1,train,0.024025563150644302,0.9759745001792908
18062,1,1,1,1,train,0.003934167791157961,0.9960657954216003
18069,1,1,1,1,train,0.001781574566848576,0.9982183575630188
18073,1,1,1,1,train,0.002511358354240656,0.9974886178970337
18086,1,1,1,1,train,0.0031381561420857906,0.9968618154525757
18087,1,1,1,1,train,0.0015928009524941444,0.9984071850776672
18101,1,1,1,1,train,0.00391571968793869,0.9960842132568359
18109,1,1,1,1,train,0.0019867431838065386,0.9980132579803467
18116,1,1,1,1,train,0.0015735503984615207,0.9984264373779297
18120,1,1,1,1,train,0.04770134016871452,0.9522985816001892
18131,1,1,1,1,train,0.00218842551112175,0.9978116154670715
18135,1,1,1,1,train,0.011187502183020115,0.9888125658035278
18153,1,1,1,1,train,0.004217473790049553,0.9957824945449829
18159,1,1,1,1,train,0.0015461825532838702,0.9984538555145264
18187,1,1,1,1,train,0.001694085425697267,0.9983059167861938
18202,1,1,1,1,train,0.0019464024808257818,0.9980536699295044
18216,1,1,1,1,train,0.0038953260518610477,0.9961047172546387
18224,0,0,0,0,train,0.9018648266792297,0.09813521057367325
18268,1,1,1,1,train,0.001703733578324318,0.998296320438385
18280,1,1,1,1,train,0.0018533592810854316,0.998146653175354
18297,1,1,1,1,train,0.028487317264080048,0.9715126752853394
18301,1,1,1,1,train,0.008652755059301853,0.9913472533226013
18313,1,1,1,1,train,0.0019090133719146252,0.998090922832489
18315,1,1,1,1,train,0.0017127334140241146,0.9982872605323792
18318,1,1,1,1,train,0.001785225817002356,0.998214840888977
18327,1,1,1,1,train,0.004945169668644667,0.9950548410415649
18328,0,1,0,1,train,0.13651998341083527,0.8634799718856812
18334,1,1,1,1,train,0.0026861976366490126,0.9973137974739075
18340,1,1,1,1,train,0.0014468003064393997,0.9985532164573669
18342,1,1,1,1,train,0.0017836219631135464,0.9982163310050964
18349,1,1,1,1,train,0.0017780987545847893,0.9982219338417053
18356,1,1,1,1,train,0.0025178242940455675,0.9974822402000427
18357,1,1,1,1,train,0.0027620235923677683,0.9972379207611084
18358,1,1,1,1,train,0.0017602795269340277,0.9982397556304932
18361,1,1,1,1,train,0.0032755471765995026,0.9967244267463684
18364,1,1,1,1,train,0.0016002603806555271,0.9983997941017151
18365,1,1,1,1,train,0.0017292076954618096,0.9982707500457764
18366,1,1,1,1,train,0.0018087400821968913,0.9981912970542908
18367,1,1,1,1,train,0.0015925205079838634,0.9984075427055359
18377,0,1,0,1,train,0.018598096445202827,0.9814018607139587
18391,1,1,1,1,train,0.0016294034430757165,0.9983705878257751
18396,1,0,1,0,train,0.8446356654167175,0.15536437928676605
18397,1,1,1,1,train,0.12847532331943512,0.8715246915817261
18422,1,1,1,1,train,0.0028051428962498903,0.9971948862075806
18424,1,1,1,1,train,0.0014755986630916595,0.9985243678092957
18425,1,1,1,1,train,0.0018220709171146154,0.9981778860092163
18426,1,1,1,1,train,0.0015472457744181156,0.9984527826309204
18433,1,1,1,1,train,0.0017591452924534678,0.9982408285140991
18438,1,1,1,1,train,0.0015443195588886738,0.9984556436538696
18444,1,1,1,1,train,0.0014376739272847772,0.9985623955726624
18448,1,1,1,1,train,0.0015485665062442422,0.9984514713287354
18451,1,1,1,1,train,0.002157561480998993,0.9978424310684204
18465,1,1,1,1,train,0.004401493817567825,0.9955984354019165
18517,1,1,1,1,train,0.024666329845786095,0.9753336906433105
18570,1,1,1,1,train,0.0017352288123220205,0.9982648491859436
18574,1,1,1,1,train,0.001807746826671064,0.9981922507286072
18580,1,1,1,1,train,0.0027950198855251074,0.9972049593925476
18587,1,1,1,1,train,0.0017865264089778066,0.998213529586792
18593,1,1,1,1,train,0.002953960793092847,0.9970460534095764
18603,1,1,1,1,train,0.001393035869114101,0.9986069798469543
18607,1,1,1,1,train,0.00146860268432647,0.9985313415527344
18651,1,1,1,1,train,0.003647563513368368,0.9963524341583252
18681,1,1,1,1,train,0.0161330234259367,0.9838669300079346
18688,1,1,1,1,train,0.09323019534349442,0.9067698121070862
18695,0,0,0,0,train,0.716367781162262,0.28363221883773804
18748,1,1,1,1,train,0.0023553934879601,0.9976446032524109
18769,1,1,1,1,train,0.0017063600244000554,0.9982936978340149
18784,1,1,1,1,train,0.0026543454732745886,0.9973456263542175
18803,1,1,1,1,train,0.058696966618299484,0.941303014755249
18804,1,1,1,1,train,0.003557684365659952,0.9964422583580017
18809,1,1,1,1,train,0.0020091026090085506,0.9979908466339111
18811,1,1,1,1,train,0.007900524884462357,0.9920995235443115
18868,1,1,1,1,train,0.001450196374207735,0.99854975938797
18872,1,1,1,1,train,0.0014500429388135672,0.9985498785972595
18893,1,1,1,1,train,0.001408423064276576,0.9985916018486023
18905,1,1,1,1,train,0.002003418980166316,0.9979965090751648
18911,1,1,1,1,train,0.0018906171899288893,0.9981093406677246
18913,1,1,1,1,train,0.001998846186324954,0.9980011582374573
18917,1,1,1,1,train,0.0018834496149793267,0.9981166124343872
18919,1,1,1,1,train,0.0014432898024097085,0.9985566735267639
18923,1,1,1,1,train,0.0014440508093684912,0.9985559582710266
18924,1,1,1,1,train,0.0037164578679949045,0.9962835907936096
18930,1,1,1,1,train,0.0016536720795556903,0.9983463287353516
18962,1,1,1,1,train,0.002907663816586137,0.9970923662185669
18967,0,1,0,1,train,0.01445138268172741,0.9855485558509827
18968,1,1,1,1,train,0.014303430914878845,0.98569655418396
19013,1,1,1,1,train,0.003189872717484832,0.9968101382255554
19018,1,1,1,1,train,0.002337224083021283,0.9976627826690674
19042,1,1,1,1,train,0.002696008188650012,0.9973039627075195
19054,0,0,0,0,train,0.9671753644943237,0.03282461687922478
19068,1,1,1,1,train,0.00156679330393672,0.9984331727027893
19071,0,1,0,1,train,0.020386632531881332,0.9796134233474731
19073,0,0,0,0,train,0.5844424962997437,0.41555753350257874
19090,0,1,0,1,train,0.04046327993273735,0.9595367312431335
19110,0,1,0,1,train,0.019639817997813225,0.980360209941864
19132,0,0,0,0,train,0.8600502014160156,0.13994984328746796
19137,0,0,0,0,train,0.5019046068191528,0.4980953633785248
19144,1,1,1,1,train,0.02106410264968872,0.9789358377456665
19157,1,1,1,1,train,0.002327995141968131,0.9976720213890076
19168,0,1,0,1,train,0.10903434455394745,0.8909656405448914
19170,1,1,1,1,train,0.001987278461456299,0.9980126619338989
19188,1,1,1,1,train,0.0033827219158411026,0.9966172575950623
19197,1,1,1,1,train,0.0018166882218793035,0.9981833100318909
19200,1,1,1,1,train,0.0016753369709476829,0.9983246922492981
19224,1,1,1,1,train,0.007009979337453842,0.9929900169372559
19241,1,1,1,1,train,0.0016891539562493563,0.9983108043670654
19244,1,1,1,1,train,0.007082867901772261,0.9929171800613403
19252,1,1,1,1,train,0.0046059549786150455,0.9953941106796265
19266,1,1,1,1,train,0.0020711044780910015,0.9979288578033447
19271,1,1,1,1,train,0.016389274969697,0.9836107492446899
19277,1,1,1,1,train,0.001720752683468163,0.9982792139053345
19279,1,1,1,1,train,0.0029030463192611933,0.9970970153808594
19281,0,0,0,0,train,0.8463051319122314,0.15369486808776855
19320,0,1,0,1,train,0.042423639446496964,0.957576334476471
19372,1,1,1,1,train,0.013866223394870758,0.9861337542533875
19386,1,1,1,1,train,0.0019077265169471502,0.9980922341346741
19393,1,1,1,1,train,0.0016900275368243456,0.9983099699020386
19398,1,1,1,1,train,0.0013691833009943366,0.9986308217048645
19399,1,1,1,1,train,0.0014458210207521915,0.9985541701316833
19402,1,1,1,1,train,0.0016229067696258426,0.9983770847320557
19405,1,1,1,1,train,0.0018784987041726708,0.998121440410614
19422,1,1,1,1,train,0.0016486933454871178,0.9983513355255127
19424,1,1,1,1,train,0.0024208908434957266,0.9975791573524475
19439,1,1,1,1,train,0.0015026439214125276,0.9984973669052124
19443,1,1,1,1,train,0.25416746735572815,0.7458325028419495
19452,1,1,1,1,train,0.0033828343730419874,0.9966171383857727
19459,1,1,1,1,train,0.013157429173588753,0.9868425726890564
19466,1,1,1,1,train,0.001376813161186874,0.998623251914978
19487,1,1,1,1,train,0.0401129275560379,0.9598870873451233
19488,0,1,0,1,train,0.3918328583240509,0.6081671118736267
19522,1,1,1,1,train,0.005280699580907822,0.9947192668914795
19525,0,0,0,0,train,0.6846021413803101,0.3153979182243347
19536,1,1,1,1,train,0.0014736418379470706,0.9985263347625732
19555,1,1,1,1,train,0.005958060268312693,0.9940419793128967
19556,1,1,1,1,train,0.010555277578532696,0.9894446730613708
19559,1,1,1,1,train,0.0016906599048525095,0.9983093738555908
19561,1,1,1,1,train,0.002153990091755986,0.9978460073471069
19564,1,1,1,1,train,0.002307567512616515,0.9976924657821655
19581,1,1,1,1,train,0.0020518796518445015,0.9979481101036072
19582,1,1,1,1,train,0.001932373153977096,0.9980676770210266
19583,1,1,1,1,train,0.0018881687428802252,0.9981118440628052
19586,1,1,1,1,train,0.0019235480576753616,0.9980764389038086
19589,1,1,1,1,train,0.0019270437769591808,0.9980729818344116
19597,1,1,1,1,train,0.0018994079437106848,0.9981005787849426
19621,1,1,1,1,train,0.0020068828016519547,0.9979931116104126
19632,1,1,1,1,train,0.001845091232098639,0.9981549382209778
19644,1,1,1,1,train,0.0019048344111070037,0.9980952143669128
19653,1,1,1,1,train,0.0018953002290800214,0.9981046915054321
19657,1,1,1,1,train,0.0016215861542150378,0.9983783960342407
19706,1,1,1,1,train,0.026446044445037842,0.9735539555549622
19731,1,1,1,1,train,0.0031026185024529696,0.9968973398208618
19733,1,1,1,1,train,0.0014581118011847138,0.9985419511795044
19745,1,1,1,1,train,0.028004392981529236,0.9719956517219543
19754,1,1,1,1,train,0.0018446397734805942,0.9981552958488464
19766,1,1,1,1,train,0.00620540464296937,0.9937945604324341
19768,1,1,1,1,train,0.0015932265669107437,0.9984068274497986
19770,1,1,1,1,train,0.002719360403716564,0.9972805976867676
19785,1,1,1,1,train,0.0016702342545613647,0.9983298182487488
19796,1,1,1,1,train,0.0016183179104700685,0.9983817338943481
19827,1,1,1,1,train,0.015725422650575638,0.9842745661735535
19927,1,1,1,1,train,0.016131507232785225,0.983868420124054
19928,1,1,1,1,train,0.0017392276786267757,0.9982607960700989
19929,1,1,1,1,train,0.002604810055345297,0.9973951578140259
19933,1,1,1,1,train,0.0016302289441227913,0.9983697533607483
19936,1,1,1,1,train,0.0036121176090091467,0.9963879585266113
19978,1,1,1,1,train,0.00898647215217352,0.9910134673118591
19991,1,1,1,1,train,0.017808618023991585,0.9821913838386536
19992,1,1,1,1,train,0.001993397483602166,0.9980066418647766
19993,1,1,1,1,train,0.010968702845275402,0.9890312552452087
20000,0,0,0,0,train,0.8761675953865051,0.12383244186639786
20057,1,1,1,1,train,0.052729811519384384,0.9472702145576477
20169,1,1,1,1,train,0.0017059717793017626,0.9982940554618835
20371,1,1,1,1,train,0.0018432829529047012,0.998156726360321
20387,1,1,1,1,train,0.00268690288066864,0.9973130822181702
20501,1,1,1,1,train,0.0016678950050845742,0.9983320832252502
21267,1,1,1,1,train,0.0015477909473702312,0.9984521865844727
21285,1,1,1,1,train,0.0018184001091867685,0.9981815814971924
24527,0,0,0,0,train,0.980111300945282,0.019888702780008316
24990,1,1,1,1,train,0.021095793694257736,0.9789041876792908
25108,0,0,0,0,train,0.8100322484970093,0.18996776640415192
25812,1,1,1,1,train,0.02915586531162262,0.9708441495895386
25813,0,0,0,0,train,0.9429358243942261,0.05706416070461273
25814,1,1,1,1,train,0.2918689250946045,0.7081310153007507
25815,1,1,1,1,train,0.0018674414604902267,0.9981325268745422
25816,1,1,1,1,train,0.0016010848339647055,0.9983989596366882
25817,1,0,1,0,train,0.9183441996574402,0.08165571838617325
25980,0,0,0,0,train,0.9121111631393433,0.08788885921239853
26309,0,0,0,0,train,0.8224669098854065,0.1775331050157547
26398,1,1,1,1,train,0.0033840257674455643,0.9966159462928772
27508,1,0,1,0,train,0.9595052599906921,0.04049476608633995
27558,0,0,0,0,train,0.9731351733207703,0.02686484344303608
27575,0,0,0,0,train,0.9568945169448853,0.043105509132146835
27583,0,0,0,0,train,0.9594950675964355,0.04050492122769356
27584,0,0,0,0,train,0.9753320813179016,0.024667911231517792
27585,0,0,0,0,train,0.9688493609428406,0.03115062229335308
27594,0,0,0,0,train,0.9407361149787903,0.05926384776830673
27607,1,0,1,0,train,0.9447184801101685,0.05528153479099274
27611,1,1,1,1,train,0.48924997448921204,0.5107499957084656
28048,1,1,1,1,train,0.00328754517249763,0.9967124462127686
28255,1,1,1,1,train,0.04002007097005844,0.9599799513816833
28593,1,1,1,1,train,0.007652458269149065,0.9923475980758667
28594,1,1,1,1,train,0.00271123880520463,0.9972888231277466
28595,1,0,1,0,train,0.9462901949882507,0.05370980501174927
28596,0,0,0,0,train,0.8604786992073059,0.13952133059501648
28597,0,0,0,0,train,0.968452513217926,0.0315474197268486
28598,1,0,1,0,train,0.9279700517654419,0.0720299482345581
28599,1,0,1,0,train,0.9728761315345764,0.027123859152197838
28600,1,1,1,1,train,0.0013627366861328483,0.9986372590065002
28601,0,0,0,0,train,0.9356583952903748,0.06434154510498047
28602,1,1,1,1,train,0.003537339624017477,0.9964626431465149
28786,1,0,1,0,train,0.9404626488685608,0.059537310153245926
28807,0,0,0,0,train,0.978851318359375,0.021148722618818283
28863,1,1,1,1,train,0.09221875667572021,0.9077813029289246
28874,1,1,1,1,train,0.21164970099925995,0.7883503437042236
28881,1,1,1,1,train,0.22426824271678925,0.7757317423820496
28887,1,0,1,0,train,0.8773693442344666,0.12263067066669464
28956,0,0,0,0,train,0.8483951687812805,0.15160483121871948
28959,1,0,1,0,train,0.8515834808349609,0.14841656386852264
28964,1,0,1,0,train,0.8050811886787415,0.19491875171661377
29109,0,1,0,1,train,0.18190565705299377,0.8180943727493286
29127,1,0,1,0,train,0.948562741279602,0.05143728107213974
29139,1,1,1,1,train,0.0018488492351025343,0.9981511235237122
29159,0,0,0,0,train,0.8618224859237671,0.1381775438785553
29169,0,0,0,0,train,0.959981381893158,0.04001866281032562
29449,0,0,0,0,train,0.9671703577041626,0.032829612493515015
29969,1,0,1,0,train,0.8293603658676147,0.17063957452774048
30237,1,0,1,0,train,0.8741339445114136,0.12586610019207
30816,1,1,1,1,train,0.0029661140870302916,0.9970338344573975
31268,0,0,0,0,train,0.9736796021461487,0.026320386677980423
31821,0,0,0,0,train,0.9253356456756592,0.07466435432434082
31822,0,0,0,0,train,0.9688540697097778,0.031145945191383362
31823,1,1,1,1,train,0.008744983933866024,0.9912550449371338
31824,0,0,0,0,train,0.9577850699424744,0.04221499338746071
31825,1,0,1,0,train,0.6214116215705872,0.37858837842941284
31826,0,0,0,0,train,0.9606684446334839,0.03933155536651611
31827,0,0,0,0,train,0.9706883430480957,0.029311668127775192
31828,0,0,0,0,train,0.8037229180335999,0.19627705216407776
31829,0,0,0,0,train,0.9263519644737244,0.07364804297685623
31830,1,0,1,0,train,0.8711684346199036,0.1288316249847412
31831,0,0,0,0,train,0.9692157506942749,0.03078426979482174
31832,0,0,0,0,train,0.9228437542915344,0.07715632021427155
31833,0,0,0,0,train,0.9312258362770081,0.06877421587705612
31834,0,0,0,0,train,0.9616575241088867,0.03834248706698418
31835,0,0,0,0,train,0.6416739821434021,0.3583260476589203
31836,1,0,1,0,train,0.9096762537956238,0.09032368659973145
31837,1,0,1,0,train,0.8772594332695007,0.12274059653282166
31838,1,0,1,0,train,0.974621593952179,0.025378363206982613
31839,1,0,1,0,train,0.9669054746627808,0.03309452161192894
31840,0,0,0,0,train,0.9746053814888,0.02539459615945816
31841,1,0,1,0,train,0.8700391054153442,0.12996095418930054
31842,0,1,0,1,train,0.1477818638086319,0.8522181510925293
31843,0,0,0,0,train,0.7033344507217407,0.2966655194759369
31844,0,1,0,1,train,0.4283018410205841,0.5716981291770935
31845,1,1,1,1,train,0.0261683352291584,0.9738315939903259
31846,0,1,0,1,train,0.050002675503492355,0.9499973058700562
31847,0,0,0,0,train,0.9678911566734314,0.03210889548063278
31848,1,1,1,1,train,0.08947598934173584,0.9105240702629089
31849,1,0,1,0,train,0.8833537101745605,0.11664628237485886
31850,1,1,1,1,train,0.007968294434249401,0.9920316934585571
31851,1,0,1,0,train,0.61939537525177,0.3806045949459076
31852,0,0,0,0,train,0.935433030128479,0.06456697732210159
31853,0,0,0,0,train,0.9526085257530212,0.047391414642333984
31854,0,0,0,0,train,0.962967574596405,0.03703240677714348
31855,0,0,0,0,train,0.9484115242958069,0.051588427275419235
31856,0,1,0,1,train,0.005235137417912483,0.9947648048400879
31857,1,1,1,1,train,0.0021461001597344875,0.9978538155555725
31858,1,1,1,1,train,0.0016694320365786552,0.9983305335044861
31859,1,1,1,1,train,0.18267963826656342,0.8173203468322754
31860,1,1,1,1,train,0.00459895096719265,0.9954010248184204
31861,1,1,1,1,train,0.008804881013929844,0.9911950826644897
31862,1,1,1,1,train,0.011052331887185574,0.9889476299285889
31863,0,1,0,1,train,0.2351693958044052,0.7648305296897888
31864,1,1,1,1,train,0.010621598921716213,0.9893783926963806
31865,1,1,1,1,train,0.0025969280395656824,0.997403085231781
31866,1,0,1,0,train,0.8317189812660217,0.16828103363513947
31867,1,1,1,1,train,0.003425448667258024,0.9965745210647583
31868,1,0,1,0,train,0.5934914946556091,0.4065084457397461
31869,1,1,1,1,train,0.001628671307116747,0.9983713030815125
31870,1,1,1,1,train,0.21034224331378937,0.7896577715873718
31871,1,1,1,1,train,0.33899882435798645,0.6610012054443359
31872,1,1,1,1,train,0.002998874755576253,0.9970011115074158
31873,1,1,1,1,train,0.030057765543460846,0.9699421525001526
31874,1,1,1,1,train,0.0017889905720949173,0.9982110261917114
31875,0,0,0,0,train,0.9704429507255554,0.029557010158896446
31876,0,0,0,0,train,0.9316113591194153,0.06838862597942352
31877,0,0,0,0,train,0.9635887742042542,0.036411214619874954
31878,1,0,1,0,train,0.9338574409484863,0.06614255160093307
31879,0,0,0,0,train,0.9587051868438721,0.04129486531019211
31880,1,1,1,1,train,0.002218326786532998,0.9977816939353943
31881,0,0,0,0,train,0.891335129737854,0.10866492241621017
31882,1,1,1,1,train,0.003623480908572674,0.9963765740394592
31883,1,0,1,0,train,0.9178208112716675,0.08217912167310715
31884,1,1,1,1,train,0.0018723782850429416,0.9981276392936707
31885,1,1,1,1,train,0.003910489846020937,0.9960895776748657
31886,1,0,1,0,train,0.8998139500617981,0.1001860573887825
31887,1,1,1,1,train,0.0020283665508031845,0.9979715943336487
31888,0,0,0,0,train,0.9279229640960693,0.07207705080509186
31889,1,1,1,1,train,0.004558593034744263,0.9954414367675781
31890,0,0,0,0,train,0.8458855152130127,0.1541144847869873
31891,0,0,0,0,train,0.948713481426239,0.051286570727825165
31892,0,0,0,0,train,0.9663132429122925,0.03368670493364334
31893,1,0,1,0,train,0.5948438048362732,0.4051561951637268
31894,0,1,0,1,train,0.0037120922934263945,0.9962879419326782
31895,1,1,1,1,train,0.03328423202037811,0.9667156934738159
31896,1,1,1,1,train,0.0027593276463449,0.9972406625747681
31897,1,1,1,1,train,0.002259778557345271,0.9977402687072754
31898,1,0,1,0,train,0.9585842490196228,0.04141581431031227
31899,1,0,1,0,train,0.9587182998657227,0.04128171503543854
31900,1,0,1,0,train,0.9674438834190369,0.03255614638328552
31901,1,0,1,0,train,0.9755045175552368,0.024495545774698257
31902,1,0,1,0,train,0.9583756923675537,0.041624315083026886
31903,0,0,0,0,train,0.9522089958190918,0.047791045159101486
31904,0,0,0,0,train,0.9484014511108398,0.051598578691482544
31905,0,0,0,0,train,0.7197105288505554,0.2802894413471222
31906,1,1,1,1,train,0.0511825755238533,0.9488174319267273
31907,1,0,1,0,train,0.6155688762664795,0.3844311237335205
31908,1,1,1,1,train,0.0022214010823518038,0.997778594493866
31909,1,1,1,1,train,0.0016193274641409516,0.9983806610107422
31910,1,1,1,1,train,0.0014897463843226433,0.9985101819038391
31911,0,0,0,0,train,0.6781201362609863,0.3218798041343689
31912,1,0,1,0,train,0.8091198205947876,0.19088014960289001
31913,0,0,0,0,train,0.7178646922111511,0.28213533759117126
31914,1,1,1,1,train,0.0018508973298594356,0.9981491565704346
31915,0,0,0,0,train,0.9636755585670471,0.03632441535592079
31916,0,0,0,0,train,0.577885091304779,0.42211487889289856
31917,1,1,1,1,train,0.004424862563610077,0.9955751895904541
31918,1,1,1,1,train,0.001549396081827581,0.9984506368637085
31919,1,1,1,1,train,0.003057745285332203,0.9969422221183777
31920,1,1,1,1,train,0.002623064676299691,0.9973769187927246
31921,1,0,1,0,train,0.8338988423347473,0.16610115766525269
31922,1,0,1,0,train,0.9286113381385803,0.07138858735561371
31923,1,1,1,1,train,0.001568314153701067,0.9984316229820251
31924,1,1,1,1,train,0.19795241951942444,0.802047610282898
31925,1,1,1,1,train,0.003927476704120636,0.99607253074646
31926,1,1,1,1,train,0.002187176141887903,0.9978127479553223
31927,1,1,1,1,train,0.0019051425624638796,0.9980948567390442
31928,0,0,0,0,train,0.6480810642242432,0.35191890597343445
31929,1,1,1,1,train,0.0035134642384946346,0.9964865446090698
31930,1,1,1,1,train,0.14628607034683228,0.8537139892578125
31931,1,0,1,0,train,0.8691103458404541,0.13088960945606232
31932,0,0,0,0,train,0.9292736649513245,0.07072639465332031
31933,1,1,1,1,train,0.0016982387751340866,0.9983017444610596
31934,1,1,1,1,train,0.0018490604124963284,0.9981508851051331
31935,0,0,0,0,train,0.9713913202285767,0.028608737513422966
31936,1,1,1,1,train,0.3434545695781708,0.6565454602241516
31937,0,0,0,0,train,0.9740257859230042,0.02597423642873764
31938,0,0,0,0,train,0.9795165061950684,0.02048352174460888
31939,1,1,1,1,train,0.0351368673145771,0.964863121509552
31940,1,1,1,1,train,0.0014893229817971587,0.9985106587409973
31941,1,1,1,1,train,0.0014678443549200892,0.9985321760177612
31942,1,1,1,1,train,0.1323978751897812,0.8676021099090576
31943,1,1,1,1,train,0.0037690787576138973,0.9962309002876282
31944,0,0,0,0,train,0.7043707370758057,0.29562926292419434
31945,1,1,1,1,train,0.011883250437676907,0.9881167411804199
31946,1,1,1,1,train,0.001649776822887361,0.9983502626419067
31947,0,0,0,0,train,0.9536328911781311,0.046367090195417404
31948,1,0,1,0,train,0.9635457396507263,0.03645431250333786
31949,1,0,1,0,train,0.5908417701721191,0.40915828943252563
31950,1,1,1,1,train,0.002041490050032735,0.9979585409164429
31951,1,0,1,0,train,0.5088981986045837,0.4911017417907715
31952,1,1,1,1,train,0.0016007974045351148,0.9983991980552673
31953,1,0,1,0,train,0.9720726609230042,0.027927352115511894
31954,1,0,1,0,train,0.9721054434776306,0.02789452113211155
31955,1,0,1,0,train,0.5548245906829834,0.4451753795146942
31956,1,0,1,0,train,0.9391375780105591,0.060862407088279724
31957,1,0,1,0,train,0.9341558218002319,0.06584420800209045
31958,1,1,1,1,train,0.09104253351688385,0.9089574217796326
31959,0,0,0,0,train,0.6823230981826782,0.3176768720149994
31960,0,0,0,0,train,0.9545730948448181,0.0454268753528595
31961,1,0,1,0,train,0.6486161947250366,0.3513838052749634
31962,1,1,1,1,train,0.00635124184191227,0.9936487078666687
31963,0,0,0,0,train,0.7744882702827454,0.22551169991493225
31964,1,1,1,1,train,0.1734929382801056,0.8265070915222168
31965,1,1,1,1,train,0.0033432182390242815,0.9966567754745483
31966,0,1,0,1,train,0.29556334018707275,0.7044366598129272
31967,1,0,1,0,train,0.5636540055274963,0.43634602427482605
31968,1,0,1,0,train,0.8706038594245911,0.12939615547657013
31969,1,0,1,0,train,0.6126008629798889,0.3873991072177887
31970,1,1,1,1,train,0.001962728798389435,0.9980372786521912
31971,1,0,1,0,train,0.7306166887283325,0.2693832814693451
31972,1,1,1,1,train,0.0030912156216800213,0.9969088435173035
31973,1,0,1,0,train,0.6522173285484314,0.347782701253891
31974,1,1,1,1,train,0.010186444036662579,0.9898136258125305
31975,1,1,1,1,train,0.001891302177682519,0.9981087446212769
31976,1,1,1,1,train,0.0016663206042721868,0.998333752155304
31977,1,1,1,1,train,0.48593395948410034,0.5140659809112549
31978,1,0,1,0,train,0.857333242893219,0.1426667869091034
31979,1,1,1,1,train,0.07463839650154114,0.9253615736961365
31980,0,0,0,0,train,0.75846928358078,0.24153068661689758
31981,1,0,1,0,train,0.6530413031578064,0.3469586670398712
31982,0,1,0,1,train,0.011365008540451527,0.9886349439620972
31983,1,0,1,0,train,0.9288901090621948,0.07110980898141861
31984,0,0,0,0,train,0.9658130407333374,0.034186914563179016
31985,0,0,0,0,train,0.9689327478408813,0.03106725588440895
31986,1,1,1,1,train,0.0017919648671522737,0.9982080459594727
31987,1,1,1,1,train,0.001851757406257093,0.9981483221054077
31988,1,1,1,1,train,0.0019775235559791327,0.9980224370956421
31989,0,0,0,0,train,0.9333091974258423,0.06669081747531891
31990,1,0,1,0,train,0.9087787866592407,0.09122120589017868
31991,0,0,0,0,train,0.954998791217804,0.04500126838684082
31992,1,1,1,1,train,0.001874117529951036,0.9981258511543274
31993,1,1,1,1,train,0.003867226419970393,0.9961327314376831
31994,0,0,0,0,train,0.9079487323760986,0.09205131232738495
31995,1,1,1,1,train,0.001604472636245191,0.9983955025672913
31996,1,1,1,1,train,0.001959943911060691,0.9980401396751404
31997,1,1,1,1,train,0.4170803129673004,0.5829196572303772
31998,1,1,1,1,train,0.004795085173100233,0.9952049255371094
31999,1,1,1,1,train,0.0018799047684296966,0.998120129108429
32000,0,1,0,1,train,0.4256869852542877,0.5743130445480347
32001,1,1,1,1,train,0.003885131562128663,0.9961148500442505
32002,0,0,0,0,train,0.961419939994812,0.038580067455768585
32003,1,0,1,0,train,0.6441196203231812,0.35588040947914124
32004,1,1,1,1,train,0.27861034870147705,0.7213897109031677
32005,0,0,0,0,train,0.9573616981506348,0.042638346552848816
32006,0,0,0,0,train,0.7085817456245422,0.29141828417778015
32007,1,1,1,1,train,0.0018363520503044128,0.998163640499115
32008,0,0,0,0,train,0.9284011721611023,0.0715988352894783
32009,1,1,1,1,train,0.0015360050601884723,0.9984639883041382
32010,1,1,1,1,train,0.002073976444080472,0.9979259967803955
32011,1,1,1,1,train,0.0014947874005883932,0.9985052347183228
32012,1,1,1,1,train,0.0016985863912850618,0.9983013868331909
32013,0,0,0,0,train,0.966842532157898,0.033157508820295334
32014,1,0,1,0,train,0.867588996887207,0.1324109584093094
32015,0,0,0,0,train,0.9493998885154724,0.050600118935108185
32016,1,0,1,0,train,0.8205937147140503,0.1794063001871109
32017,1,1,1,1,train,0.002346575725823641,0.9976534247398376
32018,0,0,0,0,train,0.9679848551750183,0.0320151224732399
32019,1,1,1,1,train,0.010290621779859066,0.9897093176841736
32020,1,0,1,0,train,0.812923014163971,0.18707698583602905
32021,1,0,1,0,train,0.8418781161308289,0.15812189877033234
32022,1,0,1,0,train,0.5134761333465576,0.4865238666534424
32023,0,0,0,0,train,0.8834367394447327,0.1165633350610733
32024,0,0,0,0,train,0.8925111889839172,0.10748884081840515
32025,1,1,1,1,train,0.0029309915844351053,0.9970690608024597
32026,1,1,1,1,train,0.0026876952033489943,0.9973123073577881
32027,1,1,1,1,train,0.0018889685161411762,0.9981110095977783
32028,1,1,1,1,train,0.019543975591659546,0.9804559946060181
32029,0,0,0,0,train,0.9108424782752991,0.08915751427412033
32030,0,0,0,0,train,0.9104166626930237,0.08958332240581512
32031,0,0,0,0,train,0.9109668135643005,0.08903315663337708
32032,0,0,0,0,train,0.8391266465187073,0.16087332367897034
32033,0,0,0,0,train,0.9775476455688477,0.02245236374437809
32034,0,1,0,1,train,0.21375088393688202,0.7862491011619568
32035,1,1,1,1,train,0.012701533734798431,0.9872984290122986
32036,1,1,1,1,train,0.0015828136820346117,0.9984171390533447
32037,1,1,1,1,train,0.001506445580162108,0.9984935522079468
32038,0,0,0,0,train,0.9479222893714905,0.05207766219973564
32039,1,1,1,1,train,0.002008193638175726,0.9979918003082275
32040,1,1,1,1,train,0.0018202003557235003,0.9981797933578491
32041,1,1,1,1,train,0.0020037489011883736,0.9979962706565857
32042,1,1,1,1,train,0.011925098486244678,0.9880749583244324
32043,1,1,1,1,train,0.006994320545345545,0.9930056929588318
32044,1,1,1,1,train,0.2160925716161728,0.783907413482666
32045,1,0,1,0,train,0.7350327372550964,0.2649672329425812
32046,1,0,1,0,train,0.9629722237586975,0.03702772781252861
32047,1,0,1,0,train,0.7453356385231018,0.2546643316745758
32048,1,0,1,0,train,0.9373649954795837,0.06263502687215805
32049,1,1,1,1,train,0.0018472105730324984,0.9981527924537659
32050,1,1,1,1,train,0.003283132566139102,0.9967167973518372
32051,1,1,1,1,train,0.11988005042076111,0.8801199197769165
32052,0,1,0,1,train,0.08010197430849075,0.9198980331420898
32053,0,1,0,1,train,0.06586851924657822,0.9341314435005188
32054,1,1,1,1,train,0.17902636528015137,0.8209735751152039
32055,1,1,1,1,train,0.002613150980323553,0.9973868727684021
32056,1,1,1,1,train,0.00238817255012691,0.9976118803024292
32057,1,1,1,1,train,0.005276116076856852,0.994723916053772
32058,1,1,1,1,train,0.0017853904282674193,0.998214602470398
32059,1,1,1,1,train,0.0029211281798779964,0.9970788955688477
32060,1,0,1,0,train,0.5611713528633118,0.438828706741333
32061,1,0,1,0,train,0.5672562718391418,0.43274369835853577
32062,1,0,1,0,train,0.5218698978424072,0.47813013195991516
32063,0,0,0,0,train,0.92815762758255,0.07184237986803055
32064,0,0,0,0,train,0.971760094165802,0.028239984065294266
32065,1,0,1,0,train,0.8769547343254089,0.12304525077342987
32066,0,0,0,0,train,0.9797394871711731,0.020260529592633247
32067,0,0,0,0,train,0.9777641296386719,0.022235913202166557
32068,1,1,1,1,train,0.03297440707683563,0.967025637626648
32069,1,1,1,1,train,0.0017893030308187008,0.9982106685638428
32070,1,1,1,1,train,0.0024021570570766926,0.997597873210907
32071,1,1,1,1,train,0.0014769496629014611,0.9985230565071106
32072,1,1,1,1,train,0.12063714861869812,0.8793628215789795
32073,1,0,1,0,train,0.913644552230835,0.08635545521974564
32074,1,0,1,0,train,0.9687069654464722,0.03129301965236664
32075,0,0,0,0,train,0.9623587727546692,0.03764123469591141
32076,1,1,1,1,train,0.22020237147808075,0.7797976732254028
32077,0,1,0,1,train,0.3646215498447418,0.6353784203529358
32078,0,0,0,0,train,0.9825640320777893,0.017435938119888306
32079,0,0,0,0,train,0.8061270713806152,0.19387294352054596
32080,1,1,1,1,train,0.0014718390302732587,0.9985281229019165
32081,0,1,0,1,train,0.044579360634088516,0.9554205536842346
32082,1,1,1,1,train,0.14920291304588318,0.8507970571517944
32083,1,1,1,1,train,0.003002461278811097,0.996997594833374
32084,1,1,1,1,train,0.0028467474039644003,0.9971532821655273
32085,1,1,1,1,train,0.0037601194344460964,0.9962399005889893
32086,1,1,1,1,train,0.0014736033044755459,0.9985263347625732
32087,1,1,1,1,train,0.002269842429086566,0.9977301955223083
32088,1,1,1,1,train,0.00187905493658036,0.9981209635734558
32089,1,1,1,1,train,0.15901431441307068,0.8409856557846069
32090,1,1,1,1,train,0.010708983987569809,0.9892910122871399
32091,1,1,1,1,train,0.01055140607059002,0.9894486665725708
32092,0,0,0,0,train,0.9631931185722351,0.03680683299899101
32093,1,1,1,1,train,0.001950418227352202,0.9980496168136597
32094,1,1,1,1,train,0.0017002554377540946,0.998299777507782
32095,1,1,1,1,train,0.0014837011694908142,0.9985162615776062
32096,1,1,1,1,train,0.0017607955960556865,0.9982391595840454
32097,1,0,1,0,train,0.8999743461608887,0.10002561658620834
32098,0,0,0,0,train,0.955181360244751,0.044818684458732605
32099,0,0,0,0,train,0.9773329496383667,0.022667033597826958
32100,0,0,0,0,train,0.8999183773994446,0.1000816747546196
32101,0,0,0,0,train,0.9745244383811951,0.02547553926706314
32102,1,0,1,0,train,0.9741000533103943,0.025899948552250862
32103,1,1,1,1,train,0.002172235632315278,0.9978277087211609
32104,0,0,0,0,train,0.7677260041236877,0.23227402567863464
32105,1,0,1,0,train,0.9524343013763428,0.047565702348947525
32106,1,1,1,1,train,0.0015133497072383761,0.9984866380691528
32107,0,0,0,0,train,0.9629219174385071,0.03707810863852501
32108,0,0,0,0,train,0.9624673128128052,0.03753266483545303
32109,0,0,0,0,train,0.9654212594032288,0.034578800201416016
32110,0,0,0,0,train,0.9620939493179321,0.03790605813264847
32111,0,0,0,0,train,0.9622244238853455,0.03777562454342842
32112,0,0,0,0,train,0.965621292591095,0.03437875583767891
32113,0,0,0,0,train,0.9415725469589233,0.05842747539281845
32114,0,0,0,0,train,0.9587528705596924,0.04124721512198448
32115,0,0,0,0,train,0.9642269015312195,0.03577306866645813
32116,0,0,0,0,train,0.8011062741279602,0.19889378547668457
32117,0,1,0,1,train,0.14506064355373383,0.8549392819404602
32118,0,0,0,0,train,0.9646117091178894,0.035388242453336716
32119,1,0,1,0,train,0.9533006548881531,0.046699341386556625
32120,1,1,1,1,train,0.0018278203206136823,0.9981721639633179
32121,1,0,1,0,train,0.955640971660614,0.0443589873611927
32122,1,1,1,1,train,0.0016410226235166192,0.9983589053153992
32123,1,0,1,0,train,0.7385539412498474,0.2614460587501526
32124,1,1,1,1,train,0.034788765013217926,0.9652112126350403
32125,0,0,0,0,train,0.9379336833953857,0.06206624582409859
32126,1,1,1,1,train,0.062123414129018784,0.9378765821456909
32127,1,0,1,0,train,0.6668388247489929,0.3331611454486847
32128,0,0,0,0,train,0.5155413746833801,0.4844585657119751
32129,0,0,0,0,train,0.6694194078445435,0.33058059215545654
32130,1,1,1,1,train,0.001903022057376802,0.9980970025062561
32131,1,1,1,1,train,0.002169618383049965,0.997830331325531
32132,1,1,1,1,train,0.0018923645839095116,0.9981076717376709
32133,1,0,1,0,train,0.8164597749710083,0.1835401952266693
32134,1,0,1,0,train,0.968454122543335,0.03154585883021355
32135,0,0,0,0,train,0.6771090030670166,0.322890967130661
32136,1,1,1,1,train,0.006216660141944885,0.9937833547592163
32137,1,1,1,1,train,0.00367613323032856,0.9963239431381226
32138,1,1,1,1,train,0.48111650347709656,0.5188835263252258
32139,1,1,1,1,train,0.0018447048496454954,0.9981552958488464
32140,1,1,1,1,train,0.0034199466463178396,0.9965800642967224
32141,0,0,0,0,train,0.957404613494873,0.04259531572461128
32142,0,0,0,0,train,0.9439308643341064,0.05606910586357117
32143,0,0,0,0,train,0.9286301732063293,0.07136985659599304
32144,0,0,0,0,train,0.9117475152015686,0.0882524698972702
32145,1,1,1,1,train,0.001563004800118506,0.9984369874000549
32146,1,1,1,1,train,0.001602098811417818,0.9983978867530823
32147,0,0,0,0,train,0.9707603454589844,0.029239635914564133
32148,1,1,1,1,train,0.036371681839227676,0.9636282920837402
32149,0,0,0,0,train,0.9078245759010315,0.0921754240989685
32150,1,0,1,0,train,0.9489277601242065,0.051072195172309875
32151,0,0,0,0,train,0.9165902137756348,0.08340974152088165
32152,0,0,0,0,train,0.9533259868621826,0.046673987060785294
32153,1,1,1,1,train,0.05391936004161835,0.9460805654525757
32154,0,0,0,0,train,0.9520364999771118,0.04796350374817848
32155,0,0,0,0,train,0.9609758257865906,0.039024196565151215
32156,1,1,1,1,train,0.0018428723560646176,0.9981570839881897
32157,1,1,1,1,train,0.0022444596979767084,0.9977555871009827
32158,1,0,1,0,train,0.9723508358001709,0.02764914184808731
32159,1,0,1,0,train,0.9606512188911438,0.03934881463646889
32160,1,0,1,0,train,0.9272743463516235,0.07272566854953766
32161,0,0,0,0,train,0.9478735327720642,0.052126482129096985
32162,0,0,0,0,train,0.9746934771537781,0.025306541472673416
32163,1,0,1,0,train,0.9528911113739014,0.04710894823074341
32164,1,0,1,0,train,0.5509294271469116,0.4490705728530884
32165,1,1,1,1,train,0.004766170866787434,0.9952338337898254
32166,1,1,1,1,train,0.0015743933618068695,0.9984256029129028
32167,1,1,1,1,train,0.18864382803440094,0.8113561272621155
32168,1,1,1,1,train,0.053854718804359436,0.946145236492157
32169,1,0,1,0,train,0.9335963726043701,0.0664035752415657
32170,0,0,0,0,train,0.944304347038269,0.05569565296173096
32171,1,1,1,1,train,0.0016323988093063235,0.9983676075935364
32172,1,1,1,1,train,0.0016350401565432549,0.9983649849891663
32173,1,1,1,1,train,0.002245059935376048,0.9977549910545349
32174,1,1,1,1,train,0.002267907839268446,0.9977320432662964
32175,1,1,1,1,train,0.0014129921328276396,0.9985870122909546
32176,1,1,1,1,train,0.0018552709370851517,0.9981447458267212
32177,1,1,1,1,train,0.002209786791354418,0.9977902173995972
32178,1,1,1,1,train,0.0033484227024018764,0.9966515898704529
32179,1,1,1,1,train,0.003483634442090988,0.9965163469314575
32180,0,0,0,0,train,0.6970993876457214,0.30290061235427856
32181,1,1,1,1,train,0.0036696037277579308,0.9963304400444031
32182,1,1,1,1,train,0.0015978378942236304,0.9984021782875061
32183,1,1,1,1,train,0.0015274500474333763,0.9984725117683411
32184,1,1,1,1,train,0.004269784782081842,0.9957302212715149
32185,1,1,1,1,train,0.004080546088516712,0.9959194660186768
32186,1,1,1,1,train,0.001745997229591012,0.9982540011405945
32187,1,1,1,1,train,0.001564788050018251,0.9984351992607117
32188,0,0,0,0,train,0.9784332513809204,0.021566791459918022
32189,0,0,0,0,train,0.9225576519966125,0.07744233310222626
32190,0,1,0,1,train,0.04110373184084892,0.958896279335022
32191,1,0,1,0,train,0.7659116983413696,0.23408828675746918
32192,1,0,1,0,train,0.919144868850708,0.08085513114929199
32193,0,0,0,0,train,0.9634612798690796,0.036538708955049515
32194,0,0,0,0,train,0.9690927267074585,0.030907288193702698
32195,1,1,1,1,train,0.23057551681995392,0.7694244980812073
32196,0,0,0,0,train,0.9486749768257141,0.05132504925131798
32197,0,1,0,1,train,0.19388927519321442,0.8061107993125916
32198,0,0,0,0,train,0.831464946269989,0.16853506863117218
32199,1,1,1,1,train,0.0021980004385113716,0.9978019595146179
32200,1,1,1,1,train,0.0022573501337319613,0.9977426528930664
32201,1,1,1,1,train,0.0015168137615546584,0.9984832406044006
32202,1,1,1,1,train,0.002751322230324149,0.9972487092018127
32203,1,1,1,1,train,0.23397108912467957,0.7660289406776428
32204,1,1,1,1,train,0.001605497905984521,0.9983944296836853
32205,0,0,0,0,train,0.7719950079917908,0.22800500690937042
32206,1,0,1,0,train,0.5385777354240417,0.46142223477363586
32207,0,0,0,0,train,0.9729644060134888,0.027035566046833992
32208,1,1,1,1,train,0.002615866484120488,0.9973841309547424
32209,1,1,1,1,train,0.34228748083114624,0.6577125787734985
32210,1,1,1,1,train,0.14048776030540466,0.8595123291015625
32211,1,1,1,1,train,0.0017225827323272824,0.9982774257659912
32212,1,1,1,1,train,0.0019335368415340781,0.9980664849281311
32213,1,1,1,1,train,0.001736873178742826,0.9982631802558899
32214,1,1,1,1,train,0.00223317532800138,0.9977668523788452
32215,1,1,1,1,train,0.0015113751869648695,0.9984885454177856
32216,1,1,1,1,train,0.04438573867082596,0.9556142091751099
32217,1,1,1,1,train,0.049260929226875305,0.9507390260696411
32218,1,1,1,1,train,0.07742840051651001,0.92257159948349
32219,1,0,1,0,train,0.9456124901771545,0.05438744276762009
32220,0,0,0,0,train,0.9344178438186646,0.06558217853307724
32221,1,1,1,1,train,0.0019379154546186328,0.9980620741844177
32222,0,0,0,0,train,0.5775555372238159,0.42244449257850647
32223,1,1,1,1,train,0.002285691676661372,0.9977142810821533
32224,1,1,1,1,train,0.0020211536902934313,0.9979788661003113
32225,1,1,1,1,train,0.25184643268585205,0.7481536269187927
32226,1,1,1,1,train,0.0015908002387732267,0.9984092116355896
32227,1,0,1,0,train,0.9202649593353271,0.07973508536815643
32228,0,0,0,0,train,0.9640170335769653,0.03598297759890556
32229,1,0,1,0,train,0.6766950488090515,0.3233049809932709
32230,1,0,1,0,train,0.9521628618240356,0.04783713445067406
32231,1,0,1,0,train,0.9703966975212097,0.029603293165564537
32232,1,0,1,0,train,0.5531267523765564,0.4468732476234436
32233,0,0,0,0,train,0.9506959319114685,0.04930412396788597
32234,0,0,0,0,train,0.9749113321304321,0.02508871629834175
32235,0,0,0,0,train,0.9741089344024658,0.025891069322824478
32236,0,0,0,0,train,0.8562440872192383,0.1437559574842453
32237,1,1,1,1,train,0.002523021074011922,0.9974769949913025
32238,0,0,0,0,train,0.9277167916297913,0.0722832903265953
32239,0,0,0,0,train,0.8292070627212524,0.17079293727874756
32240,1,0,1,0,train,0.7209448218345642,0.2790551781654358
32241,1,1,1,1,train,0.0016662443522363901,0.998333752155304
32242,1,1,1,1,train,0.0014461431419476867,0.9985538125038147
32243,1,1,1,1,train,0.0018593514105305076,0.9981406927108765
32244,0,1,0,1,train,0.35287755727767944,0.6471224427223206
32245,1,1,1,1,train,0.002432561246678233,0.9975674152374268
32246,0,0,0,0,train,0.784945547580719,0.2150544822216034
32247,1,1,1,1,train,0.03689498454332352,0.9631050229072571
32248,0,0,0,0,train,0.6250324249267578,0.3749676048755646
32249,1,1,1,1,train,0.0020976418163627386,0.9979023933410645
32250,1,1,1,1,train,0.0024251334834843874,0.9975748658180237
32251,1,1,1,1,train,0.004714828450232744,0.9952852129936218
32252,0,0,0,0,train,0.9685564041137695,0.03144361451268196
32253,1,1,1,1,train,0.12368284910917282,0.8763171434402466
32254,0,0,0,0,train,0.8451971411705017,0.1548028141260147
32255,1,0,1,0,train,0.8276796936988831,0.17232032120227814
32256,1,1,1,1,train,0.002663510385900736,0.9973364472389221
32257,1,1,1,1,train,0.0019133788300678134,0.99808669090271
32258,1,1,1,1,train,0.002236191416159272,0.9977637529373169
32259,1,1,1,1,train,0.27600374817848206,0.7239962816238403
32260,1,1,1,1,train,0.02705696038901806,0.9729430675506592
32261,0,0,0,0,train,0.9743355512619019,0.02566448785364628
32262,1,0,1,0,train,0.9354171752929688,0.06458278745412827
32263,1,0,1,0,train,0.9573375582695007,0.042662449181079865
32264,1,1,1,1,train,0.0049671330489218235,0.9950329065322876
32265,1,1,1,1,train,0.001407729578204453,0.99859219789505
32266,0,0,0,0,train,0.9173443913459778,0.08265560865402222
32267,1,1,1,1,train,0.002165786921977997,0.9978342652320862
32268,1,1,1,1,train,0.0016168385045602918,0.9983831644058228
32269,1,1,1,1,train,0.0016914503648877144,0.998308539390564
32270,1,1,1,1,train,0.0353078730404377,0.9646921753883362
32271,0,0,0,0,train,0.9539843797683716,0.046015650033950806
32272,1,1,1,1,train,0.0015276261838153005,0.9984723925590515
32273,1,1,1,1,train,0.003462682943791151,0.9965373277664185
32274,1,1,1,1,train,0.0021507232449948788,0.9978493452072144
32275,1,1,1,1,train,0.028853707015514374,0.971146285533905
32276,1,1,1,1,train,0.005233911331743002,0.994766116142273
32277,1,1,1,1,train,0.045533571392297745,0.9544664621353149
32278,1,1,1,1,train,0.004760537762194872,0.9952394962310791
32279,0,1,0,1,train,0.33744290471076965,0.662557065486908
32280,1,1,1,1,train,0.006400948390364647,0.9935990571975708
32281,1,1,1,1,train,0.007126527838408947,0.9928734302520752
32282,1,1,1,1,train,0.001828911597840488,0.9981710910797119
32283,1,1,1,1,train,0.0015492845559492707,0.9984506368637085
32284,0,0,0,0,train,0.669213056564331,0.33078688383102417
32285,1,1,1,1,train,0.0018727043643593788,0.998127281665802
32286,1,1,1,1,train,0.0024674278683960438,0.9975326061248779
32287,1,1,1,1,train,0.015472921542823315,0.9845271110534668
32288,1,0,1,0,train,0.8582598567008972,0.14174015820026398
32289,1,0,1,0,train,0.5993161797523499,0.40068385004997253
32290,1,1,1,1,train,0.03877419978380203,0.9612258076667786
32291,1,1,1,1,train,0.0038960755337029696,0.9961040019989014
32292,1,1,1,1,train,0.07308758795261383,0.9269123673439026
32293,1,1,1,1,train,0.0024455683305859566,0.9975544810295105
32294,1,1,1,1,train,0.04241538047790527,0.9575846195220947
32295,0,0,0,0,train,0.6592167615890503,0.3407832086086273
32296,1,1,1,1,train,0.0016484971856698394,0.9983515739440918
32297,1,1,1,1,train,0.012038673274219036,0.9879613518714905
32298,1,1,1,1,train,0.00218287855386734,0.9978171586990356
32299,0,0,0,0,train,0.8683476448059082,0.13165241479873657
32300,1,1,1,1,train,0.004894418176263571,0.9951056241989136
32301,0,0,0,0,train,0.9717351794242859,0.028264781460165977
32302,1,1,1,1,train,0.33982792496681213,0.660172164440155
32303,0,0,0,0,train,0.9604439735412598,0.03955607861280441
32304,0,1,0,1,train,0.41903722286224365,0.5809628367424011
32305,1,0,1,0,train,0.7620807886123657,0.23791922628879547
32306,0,0,0,0,train,0.9667354226112366,0.033264562487602234
32307,1,1,1,1,train,0.4900026321411133,0.5099973082542419
32308,1,0,1,0,train,0.5504049062728882,0.4495950937271118
32309,1,1,1,1,train,0.2407243847846985,0.7592756748199463
32310,1,1,1,1,train,0.36103636026382446,0.6389636397361755
32311,1,1,1,1,train,0.001891709049232304,0.9981082677841187
32312,1,1,1,1,train,0.0022530495189130306,0.9977468848228455
32313,1,1,1,1,train,0.0014484352432191372,0.9985515475273132
32314,1,1,1,1,train,0.001572590903379023,0.9984273910522461
32315,1,0,1,0,train,0.9240695238113403,0.07593046128749847
32316,0,0,0,0,train,0.9563642144203186,0.04363580048084259
32317,0,0,0,0,train,0.9517647624015808,0.048235297203063965
32318,0,0,0,0,train,0.9518754482269287,0.048124514520168304
32319,0,0,0,0,train,0.7420296669006348,0.2579704225063324
32320,1,0,1,0,train,0.7710389494895935,0.2289610654115677
32321,1,1,1,1,train,0.009096445515751839,0.9909035563468933
32322,1,1,1,1,train,0.004488328937441111,0.9955116510391235
32323,0,1,0,1,train,0.11292462050914764,0.8870753645896912
32324,1,1,1,1,train,0.0038400841876864433,0.9961599111557007
32325,1,1,1,1,train,0.0013601584360003471,0.9986398816108704
32326,1,1,1,1,train,0.0030346568673849106,0.9969653487205505
32327,0,0,0,0,train,0.855131208896637,0.14486873149871826
32328,0,0,0,0,train,0.6766422986984253,0.3233577311038971
32329,1,0,1,0,train,0.8658583760261536,0.1341416835784912
32330,1,1,1,1,train,0.0015571765834465623,0.9984428286552429
32331,1,0,1,0,train,0.5720601677894592,0.42793983221054077
32332,1,0,1,0,train,0.8682294487953186,0.131770521402359
32333,0,0,0,0,train,0.9430917501449585,0.05690820515155792
32334,1,1,1,1,train,0.11159544438123703,0.8884045481681824
32335,1,1,1,1,train,0.0777498111128807,0.9222502112388611
32336,1,0,1,0,train,0.7643964886665344,0.2356034517288208
32337,0,0,0,0,train,0.9034843444824219,0.09651566296815872
32338,0,0,0,0,train,0.976980984210968,0.023019004613161087
32339,1,1,1,1,train,0.1256365329027176,0.8743634819984436
32340,1,1,1,1,train,0.001736953272484243,0.9982630610466003
32341,1,1,1,1,train,0.0018541155150160193,0.9981459379196167
32342,1,1,1,1,train,0.0018923195311799645,0.9981076717376709
32343,1,1,1,1,train,0.2998552918434143,0.7001447677612305
32344,1,1,1,1,train,0.02364950440824032,0.9763504862785339
32345,0,0,0,0,train,0.9582316279411316,0.04176832735538483
32346,1,0,1,0,train,0.9615799188613892,0.038420043885707855
32347,1,0,1,0,train,0.6949639320373535,0.3050360381603241
32348,1,0,1,0,train,0.9319981932640076,0.06800182163715363
32349,1,0,1,0,train,0.9205506443977356,0.07944929599761963
32350,1,1,1,1,train,0.0018492776434868574,0.998150646686554
32351,1,1,1,1,train,0.27127543091773987,0.7287245988845825
32352,1,1,1,1,train,0.022014297544956207,0.9779857397079468
32353,1,1,1,1,train,0.0017466670833528042,0.9982532858848572
32360,1,1,1,1,train,0.005841630510985851,0.9941583871841431
32369,0,0,0,0,train,0.8070728778839111,0.19292712211608887
32389,1,1,1,1,train,0.0017472973559051752,0.9982526898384094
32425,1,0,1,0,train,0.839816689491272,0.1601833701133728
32448,1,0,1,0,train,0.8108466267585754,0.18915340304374695
32485,1,1,1,1,train,0.0018033733358606696,0.9981966614723206
32521,1,0,1,0,train,0.5654903650283813,0.43450963497161865
32527,0,1,0,1,train,0.027703696861863136,0.9722962975502014
32536,0,0,0,0,train,0.7419175505638123,0.25808241963386536
32545,0,0,0,0,train,0.9255675077438354,0.07443251460790634
32554,0,1,0,1,train,0.4927592873573303,0.5072407126426697
32570,1,1,1,1,train,0.001840253476984799,0.9981597065925598
32573,1,1,1,1,train,0.002334148855879903,0.9976658821105957
32610,1,1,1,1,train,0.05488935485482216,0.9451106190681458
32633,1,1,1,1,train,0.0015742203686386347,0.9984258413314819
32644,1,0,1,0,train,0.8401334285736084,0.15986651182174683
32648,1,1,1,1,train,0.0023529508616775274,0.9976469874382019
32706,1,0,1,0,train,0.8687937259674072,0.13120627403259277
32747,1,0,1,0,train,0.7578377723693848,0.24216225743293762
32756,0,0,0,0,train,0.9502595067024231,0.04974048584699631
32763,1,1,1,1,train,0.3643350899219513,0.6356649398803711
32784,0,0,0,0,train,0.8962165117263794,0.10378345847129822
16034,1,1,1,1,validation,0.002243651542812586,0.9977564215660095
16038,1,1,1,1,validation,0.0015585990622639656,0.9984413981437683
16042,1,1,1,1,validation,0.0014653262915089726,0.9985346794128418
16047,1,1,1,1,validation,0.002277450868859887,0.9977225661277771
16049,1,1,1,1,validation,0.0018401237903162837,0.9981598258018494
16065,1,1,1,1,validation,0.0014656542334705591,0.9985343217849731
16475,1,1,1,1,validation,0.0015942985191941261,0.9984057545661926
18499,0,1,0,1,validation,0.005646104458719492,0.9943538904190063
18942,1,1,1,1,validation,0.0023651246447116137,0.9976348876953125
18953,1,1,1,1,validation,0.0015073129907250404,0.9984927177429199
19347,1,1,1,1,validation,0.0014799259370192885,0.9985200762748718
19473,1,1,1,1,validation,0.001685375696979463,0.998314619064331
19622,1,1,1,1,validation,0.002118282252922654,0.9978817105293274
19631,1,1,1,1,validation,0.001829106593504548,0.9981708526611328
19636,1,1,1,1,validation,0.00231073796749115,0.9976892471313477
19764,1,1,1,1,validation,0.005517619661986828,0.9944823980331421
19774,1,1,1,1,validation,0.003929093945771456,0.9960708618164062
19846,1,1,1,1,validation,0.02106049656867981,0.9789395332336426
19870,1,1,1,1,validation,0.0030521396547555923,0.9969478249549866
19873,1,1,1,1,validation,0.0017712360713630915,0.9982287287712097
19892,1,1,1,1,validation,0.013088074512779713,0.9869118928909302
19937,1,1,1,1,validation,0.0018232646398246288,0.9981766939163208
20048,1,1,1,1,validation,0.004491106607019901,0.9955089092254639
20094,1,1,1,1,validation,0.032380908727645874,0.9676190614700317
20108,1,1,1,1,validation,0.0016464628279209137,0.9983536005020142
20122,1,1,1,1,validation,0.001809015404433012,0.9981909394264221
20127,1,1,1,1,validation,0.0018073560204356909,0.9981926083564758
20131,0,1,0,1,validation,0.106681689620018,0.8933182954788208
20175,1,0,1,0,validation,0.6784855723381042,0.32151439785957336
20176,0,0,0,0,validation,0.9558809995651245,0.04411901906132698
20218,1,1,1,1,validation,0.002980702556669712,0.9970192909240723
20250,0,1,0,1,validation,0.4142977297306061,0.5857023000717163
20258,0,0,0,0,validation,0.7229212522506714,0.277078777551651
20264,0,1,0,1,validation,0.035325273871421814,0.964674711227417
20300,1,1,1,1,validation,0.0015820483677089214,0.9984179735183716
20306,1,1,1,1,validation,0.0014150848146528006,0.9985849857330322
20308,1,1,1,1,validation,0.0016292561776936054,0.9983708262443542
20323,1,1,1,1,validation,0.001841206569224596,0.9981587529182434
20356,1,1,1,1,validation,0.0032612355425953865,0.9967387318611145
20358,1,1,1,1,validation,0.0015480356523767114,0.9984519481658936
20359,1,1,1,1,validation,0.0014469311572611332,0.9985530972480774
20363,1,1,1,1,validation,0.0018098525470122695,0.9981901049613953
20365,1,1,1,1,validation,0.0018316146451979876,0.9981683492660522
20390,1,0,1,0,validation,0.6969969272613525,0.30300310254096985
20392,0,0,0,0,validation,0.9412238001823425,0.058776240795850754
20399,1,1,1,1,validation,0.0021546725183725357,0.9978452920913696
20400,1,0,1,0,validation,0.831322193145752,0.16867782175540924
20407,0,0,0,0,validation,0.625368595123291,0.37463143467903137
20414,1,1,1,1,validation,0.17894963920116425,0.8210504055023193
20417,0,0,0,0,validation,0.9308194518089294,0.06918054074048996
20426,1,1,1,1,validation,0.005348940845578909,0.9946511387825012
20437,1,1,1,1,validation,0.0035759503953158855,0.9964240193367004
20466,0,1,0,1,validation,0.04096076264977455,0.9590392708778381
20495,1,1,1,1,validation,0.001545715844258666,0.9984543323516846
20498,1,1,1,1,validation,0.009682097472250462,0.9903179407119751
20511,1,1,1,1,validation,0.002229273086413741,0.9977707862854004
20514,1,1,1,1,validation,0.0025225146673619747,0.9974774718284607
20562,1,1,1,1,validation,0.0021908238995820284,0.9978092312812805
20579,1,1,1,1,validation,0.0015984573401510715,0.9984015822410583
20589,1,1,1,1,validation,0.0017054066993296146,0.9982946515083313
20600,1,1,1,1,validation,0.01924007758498192,0.980759859085083
20619,1,1,1,1,validation,0.018638378009200096,0.9813615679740906
20632,1,1,1,1,validation,0.0028223711997270584,0.9971776008605957
20637,0,1,0,1,validation,0.07306098192930222,0.9269390106201172
20642,1,1,1,1,validation,0.011623418889939785,0.9883765578269958
20645,1,1,1,1,validation,0.0014897427754476666,0.9985101819038391
20647,1,1,1,1,validation,0.001435495913028717,0.9985645413398743
20653,1,1,1,1,validation,0.0018142355838790536,0.9981856942176819
20656,1,1,1,1,validation,0.0028099205810576677,0.9971900582313538
20657,1,1,1,1,validation,0.001650619669817388,0.9983494281768799
20664,1,1,1,1,validation,0.003110091667622328,0.9968898892402649
20667,1,1,1,1,validation,0.010410023853182793,0.9895899891853333
20672,1,1,1,1,validation,0.0016253762878477573,0.9983745813369751
20673,1,1,1,1,validation,0.001668804557994008,0.9983312487602234
20674,1,1,1,1,validation,0.0024142588954418898,0.9975857734680176
20679,1,1,1,1,validation,0.006576720625162125,0.9934232234954834
20683,1,1,1,1,validation,0.0015534001868218184,0.9984466433525085
20685,1,1,1,1,validation,0.0014262599870562553,0.9985737800598145
20694,1,1,1,1,validation,0.0018551436951383948,0.9981448650360107
20709,1,1,1,1,validation,0.22448758780956268,0.7755124568939209
20744,1,1,1,1,validation,0.002030477626249194,0.9979694485664368
20770,1,1,1,1,validation,0.0013900857884436846,0.9986099004745483
20784,1,1,1,1,validation,0.005873412359505892,0.994126558303833
20799,1,1,1,1,validation,0.49728620052337646,0.5027137994766235
20800,1,1,1,1,validation,0.4661658704280853,0.5338340997695923
20801,1,1,1,1,validation,0.34648072719573975,0.6535192131996155
20819,0,0,0,0,validation,0.8804595470428467,0.11954047530889511
20822,1,1,1,1,validation,0.01583835668861866,0.9841616153717041
20823,0,1,0,1,validation,0.002142875222489238,0.9978571534156799
20835,1,1,1,1,validation,0.01105437520891428,0.9889456629753113
20837,1,1,1,1,validation,0.011812602169811726,0.9881873726844788
20838,1,1,1,1,validation,0.00346066290512681,0.9965393543243408
20845,1,1,1,1,validation,0.0020005798432976007,0.997999370098114
20850,1,1,1,1,validation,0.0017686843639239669,0.9982313513755798
20916,1,1,1,1,validation,0.0016808408545330167,0.9983190894126892
20925,1,1,1,1,validation,0.0018334131455048919,0.998166561126709
20948,1,1,1,1,validation,0.0016459085745736957,0.9983540773391724
20953,1,1,1,1,validation,0.0016745426692068577,0.9983254075050354
20957,1,1,1,1,validation,0.0018334113992750645,0.998166561126709
20960,1,1,1,1,validation,0.01659359782934189,0.9834064245223999
20999,1,0,1,0,validation,0.9156423807144165,0.08435767143964767
21005,1,1,1,1,validation,0.003493768163025379,0.9965062141418457
21023,1,1,1,1,validation,0.0031183212995529175,0.9968817234039307
21028,1,1,1,1,validation,0.0024925083853304386,0.9975074529647827
21062,0,1,0,1,validation,0.004475593566894531,0.9955244064331055
21065,1,0,1,0,validation,0.5077077150344849,0.49229222536087036
21067,1,1,1,1,validation,0.0021606290247291327,0.9978393316268921
21071,1,1,1,1,validation,0.001428264775313437,0.9985717535018921
21076,1,1,1,1,validation,0.001743676490150392,0.998256266117096
21097,1,1,1,1,validation,0.0018019266426563263,0.9981980919837952
21118,1,1,1,1,validation,0.0020007400307804346,0.9979992508888245
21122,1,1,1,1,validation,0.009882878512144089,0.9901171326637268
21136,1,1,1,1,validation,0.0482427142560482,0.9517573118209839
21155,1,1,1,1,validation,0.003933792933821678,0.9960662722587585
21171,1,1,1,1,validation,0.001774023869074881,0.99822598695755
21183,1,1,1,1,validation,0.0017814398743212223,0.9982185959815979
21184,1,1,1,1,validation,0.004937085323035717,0.9950628876686096
21188,1,1,1,1,validation,0.001966294599696994,0.9980337023735046
21196,1,1,1,1,validation,0.0031448069494217634,0.9968551397323608
21199,1,1,1,1,validation,0.2538490295410156,0.7461509704589844
21204,1,1,1,1,validation,0.001870536245405674,0.9981294274330139
21218,1,1,1,1,validation,0.007790253963321447,0.992209792137146
21227,1,1,1,1,validation,0.0018157260492444038,0.9981842637062073
21230,1,1,1,1,validation,0.002953877905383706,0.997046172618866
21244,0,1,0,1,validation,0.0017818297492340207,0.9982181191444397
21256,0,1,0,1,validation,0.013039936311542988,0.9869600534439087
21265,1,1,1,1,validation,0.10796522349119186,0.8920348286628723
21334,1,1,1,1,validation,0.0029143933206796646,0.9970856308937073
21336,1,1,1,1,validation,0.4870109260082245,0.5129891037940979
21373,1,1,1,1,validation,0.43227946758270264,0.5677205324172974
21390,1,1,1,1,validation,0.0016944288508966565,0.9983055591583252
21397,1,1,1,1,validation,0.003143312642350793,0.996856689453125
21398,1,1,1,1,validation,0.0018296090420335531,0.9981703758239746
21413,1,1,1,1,validation,0.0016390300588682294,0.9983609318733215
21415,1,1,1,1,validation,0.001676075509749353,0.9983238577842712
21445,0,0,0,0,validation,0.9161406755447388,0.08385935425758362
21499,1,1,1,1,validation,0.0023331884294748306,0.9976668357849121
21503,1,1,1,1,validation,0.003313502762466669,0.9966865181922913
21528,0,1,0,1,validation,0.029406467452645302,0.9705935120582581
21569,1,1,1,1,validation,0.0016966485418379307,0.9983032941818237
21585,1,1,1,1,validation,0.0017063907580450177,0.9982935786247253
21590,1,1,1,1,validation,0.0028145085088908672,0.9971855282783508
21604,1,1,1,1,validation,0.0015522933099418879,0.9984476566314697
21606,1,1,1,1,validation,0.2208143174648285,0.7791855931282043
21617,1,1,1,1,validation,0.001816023956052959,0.9981839060783386
21620,1,1,1,1,validation,0.0015203702496364713,0.9984796643257141
21626,1,1,1,1,validation,0.0018220050260424614,0.9981780052185059
21635,1,1,1,1,validation,0.004522380419075489,0.9954776167869568
21637,1,1,1,1,validation,0.0014945997390896082,0.9985054731369019
21651,1,1,1,1,validation,0.0014193184906616807,0.9985806941986084
21654,1,1,1,1,validation,0.0018436374375596642,0.9981563687324524
21668,1,1,1,1,validation,0.0015863352455198765,0.9984136819839478
21669,1,1,1,1,validation,0.0037445914931595325,0.9962553977966309
21694,0,0,0,0,validation,0.9244921803474426,0.07550779730081558
21702,1,1,1,1,validation,0.23311321437358856,0.7668867707252502
21749,1,1,1,1,validation,0.0015890933573246002,0.9984109401702881
21751,1,1,1,1,validation,0.059972021728754044,0.9400280117988586
21766,1,1,1,1,validation,0.4607955813407898,0.5392044186592102
21774,1,1,1,1,validation,0.001598398550413549,0.9984015822410583
21796,0,0,0,0,validation,0.8872268199920654,0.11277322471141815
21801,1,1,1,1,validation,0.002206210745498538,0.9977937936782837
21808,1,1,1,1,validation,0.003944939933717251,0.996055006980896
21809,1,1,1,1,validation,0.001640519592911005,0.9983595013618469
21819,1,1,1,1,validation,0.0018000415293499827,0.9981999397277832
21839,1,1,1,1,validation,0.0018364018760621548,0.998163640499115
21847,1,1,1,1,validation,0.0016822409816086292,0.9983178377151489
21850,1,1,1,1,validation,0.0019303528824821115,0.998069703578949
21861,1,1,1,1,validation,0.0016064400551840663,0.9983935952186584
21872,1,1,1,1,validation,0.0019447541562840343,0.9980552196502686
21885,1,1,1,1,validation,0.0023230474907904863,0.9976769089698792
21890,1,1,1,1,validation,0.0037241673562675714,0.9962759017944336
21912,1,1,1,1,validation,0.007859397679567337,0.9921405911445618
21913,1,1,1,1,validation,0.0018155901925638318,0.9981843829154968
21926,1,1,1,1,validation,0.0016176599310711026,0.9983823299407959
21939,1,1,1,1,validation,0.0027448770124465227,0.9972551465034485
21941,1,1,1,1,validation,0.0016026815865188837,0.9983972907066345
21946,1,1,1,1,validation,0.0016547659179195762,0.9983452558517456
21999,1,1,1,1,validation,0.005033419001847506,0.9949665665626526
22006,1,1,1,1,validation,0.10813754796981812,0.8918623924255371
22008,1,1,1,1,validation,0.34961721301078796,0.6503828167915344
22074,1,1,1,1,validation,0.0028515427839010954,0.9971484541893005
22080,1,1,1,1,validation,0.0016046735690906644,0.9983952641487122
22087,1,1,1,1,validation,0.006524659693241119,0.9934753775596619
22091,1,1,1,1,validation,0.001852671499364078,0.9981473684310913
22107,1,1,1,1,validation,0.0015379991382360458,0.9984619617462158
22108,1,1,1,1,validation,0.00199766899459064,0.9980023503303528
22120,1,1,1,1,validation,0.0019046928500756621,0.9980953335762024
22142,1,1,1,1,validation,0.0016990441363304853,0.9983009696006775
22143,1,1,1,1,validation,0.001618570415303111,0.9983813762664795
22151,1,1,1,1,validation,0.2571791708469391,0.7428209185600281
22198,1,0,1,0,validation,0.9597833156585693,0.04021671786904335
22207,1,1,1,1,validation,0.0016805247869342566,0.9983194470405579
22211,1,1,1,1,validation,0.0017533922800794244,0.9982466697692871
22212,1,1,1,1,validation,0.17751525342464447,0.8224847912788391
22227,1,1,1,1,validation,0.003204813227057457,0.9967952370643616
22232,1,1,1,1,validation,0.0016157928621396422,0.9983842372894287
22233,1,1,1,1,validation,0.0030145468190312386,0.9969854950904846
22242,1,1,1,1,validation,0.0016828648513182998,0.9983171224594116
22252,1,1,1,1,validation,0.0035396635066717863,0.9964603781700134
22259,1,1,1,1,validation,0.0031067850068211555,0.9968931674957275
22262,1,0,1,0,validation,0.7850874662399292,0.21491248905658722
22263,1,1,1,1,validation,0.3814453184604645,0.6185547113418579
22277,1,1,1,1,validation,0.0015370973851531744,0.9984629154205322
22286,1,1,1,1,validation,0.00413691159337759,0.9958630800247192
22292,1,1,1,1,validation,0.005983205046504736,0.9940167665481567
22326,1,1,1,1,validation,0.0015959267038851976,0.9984040856361389
22329,1,1,1,1,validation,0.0028835944831371307,0.9971164464950562
22347,1,1,1,1,validation,0.0017652855021879077,0.998234748840332
22353,1,1,1,1,validation,0.004732946865260601,0.9952670335769653
22356,1,1,1,1,validation,0.002269455697387457,0.997730553150177
22359,1,1,1,1,validation,0.002634604461491108,0.997365415096283
22362,1,1,1,1,validation,0.0016864665085449815,0.9983135461807251
22363,1,1,1,1,validation,0.015346882864832878,0.9846530556678772
22368,1,1,1,1,validation,0.0017059978563338518,0.9982940554618835
22378,1,1,1,1,validation,0.001678767497651279,0.9983212351799011
22388,1,1,1,1,validation,0.0025899664033204317,0.997409999370575
22391,1,1,1,1,validation,0.0020546019077301025,0.9979453682899475
22396,1,1,1,1,validation,0.004558387212455273,0.9954415559768677
22403,1,1,1,1,validation,0.01862705685198307,0.9813729524612427
22409,1,1,1,1,validation,0.0019831897225230932,0.9980168342590332
22435,1,1,1,1,validation,0.17696596682071686,0.8230340480804443
22443,1,1,1,1,validation,0.0018582278862595558,0.9981417655944824
22450,1,1,1,1,validation,0.015605160035192966,0.9843947887420654
22452,1,1,1,1,validation,0.0038492553867399693,0.9961507320404053
22458,1,1,1,1,validation,0.005839548073709011,0.9941604733467102
22460,1,1,1,1,validation,0.00211224309168756,0.9978877902030945
22465,1,1,1,1,validation,0.009834772907197475,0.9901652932167053
22469,1,1,1,1,validation,0.0018474392127245665,0.9981525540351868
22472,0,1,0,1,validation,0.00544329546391964,0.9945566654205322
22514,1,1,1,1,validation,0.0017138898838311434,0.9982860684394836
22517,1,1,1,1,validation,0.0022669995669275522,0.9977329969406128
22521,1,1,1,1,validation,0.0038696592673659325,0.9961303472518921
22544,1,1,1,1,validation,0.0023532360792160034,0.9976467490196228
22545,1,1,1,1,validation,0.002230218378826976,0.997769832611084
22548,1,1,1,1,validation,0.008916143327951431,0.9910838603973389
22593,0,1,0,1,validation,0.021291088312864304,0.9787089228630066
22612,1,1,1,1,validation,0.0067652990110218525,0.9932346940040588
22631,1,1,1,1,validation,0.13506314158439636,0.8649369478225708
22645,1,1,1,1,validation,0.005249839276075363,0.9947502017021179
22684,1,1,1,1,validation,0.027285665273666382,0.972714364528656
22685,1,0,1,0,validation,0.6364142298698425,0.3635857403278351
22688,1,1,1,1,validation,0.006974491290748119,0.993025541305542
22690,1,1,1,1,validation,0.1831817477941513,0.8168182373046875
22734,1,1,1,1,validation,0.0022049848921597004,0.9977949857711792
22746,1,1,1,1,validation,0.0033995884004980326,0.9966004490852356
22778,0,0,0,0,validation,0.9461040496826172,0.053895894438028336
22787,1,1,1,1,validation,0.0014797166222706437,0.9985203146934509
22832,1,1,1,1,validation,0.001939744339324534,0.9980602860450745
22834,1,1,1,1,validation,0.0017058661906048656,0.9982941746711731
22843,1,1,1,1,validation,0.00253778207115829,0.9974621534347534
22847,1,1,1,1,validation,0.0015589449321851134,0.9984410405158997
22851,1,1,1,1,validation,0.002760781906545162,0.9972392320632935
22854,1,1,1,1,validation,0.0028202137909829617,0.9971797466278076
22873,1,1,1,1,validation,0.007507225964218378,0.9924927353858948
22884,1,1,1,1,validation,0.14112576842308044,0.8588742017745972
22895,1,1,1,1,validation,0.006937613245099783,0.993062436580658
22908,1,1,1,1,validation,0.001705060014501214,0.9982948899269104
22964,1,0,1,0,validation,0.9221760034561157,0.07782405614852905
22989,1,1,1,1,validation,0.001839333912357688,0.9981606602668762
22995,1,1,1,1,validation,0.0041319034062325954,0.9958680868148804
22997,1,1,1,1,validation,0.0017254847334697843,0.998274564743042
22998,1,1,1,1,validation,0.0014771720161661506,0.9985228180885315
23003,1,1,1,1,validation,0.015767917037010193,0.9842320680618286
23010,1,1,1,1,validation,0.0019274079240858555,0.998072624206543
23011,1,1,1,1,validation,0.01270561944693327,0.9872943758964539
23054,1,0,1,0,validation,0.7964947819709778,0.20350518822669983
23063,0,0,0,0,validation,0.7886543273925781,0.2113456130027771
23069,1,0,1,0,validation,0.6713528633117676,0.3286471366882324
23098,1,1,1,1,validation,0.006319278851151466,0.9936807155609131
23106,1,1,1,1,validation,0.026356492191553116,0.9736435413360596
23114,1,1,1,1,validation,0.0025737073738127947,0.9974262118339539
23119,1,1,1,1,validation,0.0018415466183796525,0.9981583952903748
23125,1,1,1,1,validation,0.0032947277650237083,0.9967052340507507
23157,1,1,1,1,validation,0.0014732966665178537,0.9985266923904419
23159,1,1,1,1,validation,0.0014502956764772534,0.9985496401786804
23160,1,1,1,1,validation,0.001745118759572506,0.9982548356056213
23162,1,1,1,1,validation,0.0016452089184895158,0.9983547329902649
23166,1,1,1,1,validation,0.0018158078892156482,0.9981841444969177
23167,1,1,1,1,validation,0.0015035098185762763,0.9984965324401855
23172,1,1,1,1,validation,0.0018253574380651116,0.9981746673583984
23176,1,1,1,1,validation,0.0016290901694446802,0.9983709454536438
23188,1,1,1,1,validation,0.0015359041281044483,0.9984641075134277
23190,1,1,1,1,validation,0.004683660808950663,0.9953163862228394
23192,1,1,1,1,validation,0.0016659406246617436,0.9983341097831726
23194,1,1,1,1,validation,0.001730895135551691,0.9982690811157227
23198,1,1,1,1,validation,0.0016080713830888271,0.9983919262886047
23205,1,1,1,1,validation,0.0015899415593594313,0.9984099864959717
23211,1,1,1,1,validation,0.0017384809907525778,0.9982615113258362
23232,1,1,1,1,validation,0.0031323290895670652,0.9968677163124084
23233,1,1,1,1,validation,0.0015068378997966647,0.9984931945800781
23234,1,1,1,1,validation,0.009988171048462391,0.9900118708610535
23264,1,1,1,1,validation,0.007251540664583445,0.9927484393119812
23272,1,1,1,1,validation,0.020165961235761642,0.9798340201377869
23285,1,1,1,1,validation,0.0016053436556831002,0.9983946681022644
23290,1,1,1,1,validation,0.0022964233066886663,0.9977036118507385
23300,1,1,1,1,validation,0.0015791405458003283,0.9984208345413208
23304,1,0,1,0,validation,0.609361469745636,0.390638530254364
23307,1,1,1,1,validation,0.006588074378669262,0.9934119582176208
23311,1,1,1,1,validation,0.0017990805208683014,0.9982008934020996
23315,1,1,1,1,validation,0.06007889658212662,0.9399211406707764
23320,1,1,1,1,validation,0.22497110068798065,0.7750288844108582
23324,1,1,1,1,validation,0.1297846883535385,0.8702152371406555
23341,1,1,1,1,validation,0.0018191073322668672,0.9981808662414551
23407,1,1,1,1,validation,0.001634191838093102,0.9983658194541931
23425,1,1,1,1,validation,0.0015779442619532347,0.9984220266342163
23451,1,1,1,1,validation,0.0037990978453308344,0.9962008595466614
23453,1,1,1,1,validation,0.0021804701536893845,0.9978195428848267
23456,1,1,1,1,validation,0.2108304500579834,0.7891695499420166
23490,1,1,1,1,validation,0.004028056748211384,0.9959719777107239
23502,1,1,1,1,validation,0.0033172215335071087,0.9966828227043152
23512,1,1,1,1,validation,0.0016490387497469783,0.998350977897644
23523,1,1,1,1,validation,0.001597140566445887,0.9984028935432434
23529,1,1,1,1,validation,0.0014679393498227,0.9985320568084717
23534,1,1,1,1,validation,0.0017022215761244297,0.9982977509498596
23541,1,1,1,1,validation,0.001851328881457448,0.9981486797332764
23560,0,1,0,1,validation,0.002484074328094721,0.9975159168243408
23575,1,1,1,1,validation,0.03545447811484337,0.964545488357544
23577,1,1,1,1,validation,0.06170940026640892,0.9382905960083008
23602,0,0,0,0,validation,0.6665143370628357,0.3334856331348419
23625,1,1,1,1,validation,0.0016014003194868565,0.9983986020088196
23626,1,1,1,1,validation,0.002544064074754715,0.997455894947052
23629,1,1,1,1,validation,0.0014199052238836884,0.9985800981521606
23634,1,1,1,1,validation,0.01564592495560646,0.9843540191650391
23667,1,1,1,1,validation,0.0019678333774209023,0.9980321526527405
23688,1,1,1,1,validation,0.0015106997452676296,0.998489260673523
23741,1,1,1,1,validation,0.0028735115192830563,0.9971265196800232
23744,1,1,1,1,validation,0.004307196941226721,0.995692789554596
23808,1,1,1,1,validation,0.001831808127462864,0.9981681108474731
23809,1,1,1,1,validation,0.001739850384183228,0.9982602000236511
23840,1,1,1,1,validation,0.0015676633920520544,0.9984323382377625
23856,1,1,1,1,validation,0.0043095373548567295,0.9956905245780945
23884,1,1,1,1,validation,0.023195303976535797,0.9768046736717224
23911,1,1,1,1,validation,0.003160307416692376,0.9968396425247192
23924,1,1,1,1,validation,0.002003603847697377,0.9979963898658752
23944,0,1,0,1,validation,0.004167613573372364,0.9958323836326599
23980,1,1,1,1,validation,0.0017995755188167095,0.9982004165649414
23981,1,1,1,1,validation,0.0018133793491870165,0.9981866478919983
23985,1,1,1,1,validation,0.006069581024348736,0.993930459022522
24275,1,1,1,1,validation,0.0018272375455126166,0.9981727600097656
24284,1,1,1,1,validation,0.0028218720108270645,0.9971780776977539
24336,1,1,1,1,validation,0.0016836437862366438,0.9983164072036743
24589,1,1,1,1,validation,0.001821934012696147,0.9981781244277954
24661,1,1,1,1,validation,0.0017684940248727798,0.9982315897941589
24832,1,1,1,1,validation,0.0015834422083571553,0.998416543006897
24937,1,1,1,1,validation,0.0018090464873239398,0.9981909394264221
24957,1,1,1,1,validation,0.001511470996774733,0.9984885454177856
17948,1,1,1,1,test,0.0015407329192385077,0.9984592199325562
19352,1,1,1,1,test,0.0019136283081024885,0.9980864524841309
19362,1,1,1,1,test,0.0015287661226466298,0.998471200466156
20124,1,1,1,1,test,0.001801051083020866,0.998198926448822
20364,1,1,1,1,test,0.001546824467368424,0.9984531402587891
20366,1,1,1,1,test,0.0015943242469802499,0.9984056353569031
20733,1,1,1,1,test,0.00181453803088516,0.9981854557991028
20754,1,1,1,1,test,0.0015109169762581587,0.9984890222549438
20772,1,1,1,1,test,0.001771128154359758,0.9982288479804993
20855,1,1,1,1,test,0.0015638869954273105,0.9984361529350281
21424,1,1,1,1,test,0.0022287811152637005,0.9977712631225586
22234,1,1,1,1,test,0.012470253743231297,0.9875297546386719
23148,1,1,1,1,test,0.0073165735229849815,0.992683470249176
23253,1,1,1,1,test,0.001543570077046752,0.9984564781188965
23346,1,1,1,1,test,0.0016856904840096831,0.998314380645752
23354,1,1,1,1,test,0.0016865450888872147,0.9983134269714355
23494,1,1,1,1,test,0.0016650438774377108,0.9983349442481995
23533,1,1,1,1,test,0.0032745462376624346,0.9967254400253296
23605,1,1,1,1,test,0.024504058063030243,0.9754959940910339
23679,1,1,1,1,test,0.003844612743705511,0.9961554408073425
23700,1,1,1,1,test,0.014220775105059147,0.9857792854309082
23705,1,1,1,1,test,0.00224527670070529,0.9977547526359558
23707,1,1,1,1,test,0.001905467128381133,0.9980944991111755
23727,1,1,1,1,test,0.0021305761765688658,0.9978693723678589
23732,1,1,1,1,test,0.01091475784778595,0.9890852570533752
23742,1,1,1,1,test,0.005006506107747555,0.9949935078620911
23752,1,1,1,1,test,0.006058547180145979,0.9939414262771606
23754,1,1,1,1,test,0.0016225886065512896,0.9983774423599243
23755,1,1,1,1,test,0.001751486910507083,0.9982485771179199
23763,1,1,1,1,test,0.08116952329874039,0.9188304543495178
23765,1,1,1,1,test,0.04367126151919365,0.9563287496566772
23807,0,1,0,1,test,0.13379184901714325,0.8662081956863403
23819,1,1,1,1,test,0.0023024750407785177,0.9976975321769714
23838,1,1,1,1,test,0.0015217114705592394,0.998478353023529
23883,1,1,1,1,test,0.003794826800003648,0.9962051510810852
23953,1,1,1,1,test,0.002003638306632638,0.9979963898658752
23956,1,1,1,1,test,0.0018628466641530395,0.9981371164321899
23959,1,1,1,1,test,0.001817174139432609,0.9981828331947327
23968,1,1,1,1,test,0.0018558414885774255,0.9981441497802734
24018,1,1,1,1,test,0.06951688230037689,0.9304831624031067
24058,1,1,1,1,test,0.0022222765255719423,0.9977777600288391
24059,1,1,1,1,test,0.0027786949649453163,0.9972213506698608
24063,1,1,1,1,test,0.0018384518334642053,0.9981616139411926
24075,1,1,1,1,test,0.0014187806518748403,0.9985811710357666
24077,1,1,1,1,test,0.0021871074568480253,0.9978128671646118
24079,1,1,1,1,test,0.0015193541767075658,0.9984806180000305
24083,1,1,1,1,test,0.0015350920148193836,0.9984649419784546
24085,1,1,1,1,test,0.002607078058645129,0.9973928928375244
24091,1,1,1,1,test,0.010525336489081383,0.9894746541976929
24092,1,1,1,1,test,0.001657571061514318,0.9983423948287964
24111,0,0,0,0,test,0.717217743396759,0.28278228640556335
24137,1,1,1,1,test,0.0018084930488839746,0.9981915354728699
24143,1,1,1,1,test,0.0014771929709240794,0.9985228180885315
24154,1,1,1,1,test,0.001766278874129057,0.9982336759567261
24166,1,1,1,1,test,0.016203531995415688,0.9837964177131653
24167,1,1,1,1,test,0.004050050396472216,0.9959499835968018
24169,1,1,1,1,test,0.14323124289512634,0.856768786907196
24173,1,1,1,1,test,0.013837545178830624,0.986162543296814
24188,1,1,1,1,test,0.009494098834693432,0.9905058741569519
24199,1,1,1,1,test,0.001937780762091279,0.9980621933937073
24243,1,1,1,1,test,0.10581608861684799,0.8941839337348938
24250,1,1,1,1,test,0.01065074186772108,0.9893492460250854
24251,1,1,1,1,test,0.002060266677290201,0.9979397654533386
24265,0,1,0,1,test,0.24861910939216614,0.7513809204101562
24306,1,1,1,1,test,0.004431442357599735,0.995568573474884
24313,1,1,1,1,test,0.0019224754069000483,0.9980775117874146
24325,1,1,1,1,test,0.008977618999779224,0.9910223484039307
24328,1,1,1,1,test,0.003021893324330449,0.9969781637191772
24366,1,1,1,1,test,0.0018928357167169452,0.9981071949005127
24367,1,1,1,1,test,0.0022292316425591707,0.9977707862854004
24385,0,1,0,1,test,0.0021661650389432907,0.997833788394928
24392,1,1,1,1,test,0.003419397631660104,0.9965806603431702
24404,1,1,1,1,test,0.0013771114172413945,0.9986228942871094
24416,1,1,1,1,test,0.12001127749681473,0.8799887299537659
24425,1,1,1,1,test,0.0014080286491662264,0.998591959476471
24434,1,1,1,1,test,0.002194441622123122,0.9978055357933044
24443,1,1,1,1,test,0.036869265139102936,0.9631307721138
24447,1,1,1,1,test,0.001813362119719386,0.9981866478919983
24478,1,1,1,1,test,0.257323682308197,0.7426762580871582
24479,1,1,1,1,test,0.001441903063096106,0.9985581040382385
24481,1,1,1,1,test,0.008324225433170795,0.9916757345199585
24488,1,1,1,1,test,0.001747023779898882,0.9982529282569885
24489,0,1,0,1,test,0.13570396602153778,0.864296019077301
24491,1,1,1,1,test,0.003833439201116562,0.9961665272712708
24496,1,1,1,1,test,0.0016330936923623085,0.9983668923377991
24500,1,1,1,1,test,0.15123553574085236,0.8487644195556641
24505,1,1,1,1,test,0.37153360247612,0.6284664273262024
24506,1,1,1,1,test,0.001796805881895125,0.9982031583786011
24522,1,1,1,1,test,0.0016261471901088953,0.9983738660812378
24526,1,1,1,1,test,0.18212780356407166,0.8178722262382507
24542,1,1,1,1,test,0.0014925621217116714,0.9985074400901794
24559,1,1,1,1,test,0.0016752994852140546,0.9983246922492981
24565,1,1,1,1,test,0.0018918502610176802,0.9981081485748291
24568,1,1,1,1,test,0.0016686049057170749,0.9983313679695129
24570,1,1,1,1,test,0.010872041806578636,0.9891279339790344
24576,1,1,1,1,test,0.0016804328188300133,0.9983195662498474
24598,1,1,1,1,test,0.0015131140826269984,0.9984868764877319
24609,1,1,1,1,test,0.001471817959100008,0.9985281229019165
24610,1,1,1,1,test,0.001531692105345428,0.9984683394432068
24614,1,1,1,1,test,0.019551465287804604,0.9804485440254211
24616,1,1,1,1,test,0.0016592470929026604,0.9983407258987427
24627,1,1,1,1,test,0.0017106028972193599,0.9982894062995911
24628,1,1,1,1,test,0.0017181026050820947,0.9982819557189941
24633,1,1,1,1,test,0.0016915188170969486,0.9983084201812744
24637,1,1,1,1,test,0.0016116825863718987,0.9983882904052734
24644,1,1,1,1,test,0.001710150158032775,0.9982898831367493
24650,1,1,1,1,test,0.003300093812867999,0.996699869632721
24698,1,1,1,1,test,0.02491983026266098,0.9750801920890808
24787,1,1,1,1,test,0.0030194444116204977,0.9969804883003235
24789,1,1,1,1,test,0.009351237677037716,0.9906488060951233
24792,1,1,1,1,test,0.016267642378807068,0.983732283115387
24798,1,1,1,1,test,0.0015875212848186493,0.9984124898910522
24800,1,1,1,1,test,0.002757561858743429,0.9972424507141113
24802,1,1,1,1,test,0.003750179661437869,0.9962498545646667
24845,1,1,1,1,test,0.001731009571813047,0.9982689619064331
24860,1,1,1,1,test,0.014134295284748077,0.9858657121658325
24893,1,1,1,1,test,0.0018095812993124127,0.9981904625892639
24920,1,1,1,1,test,0.0024360385723412037,0.9975639581680298
24933,1,1,1,1,test,0.0016474867006763816,0.9983525276184082
24948,1,1,1,1,test,0.001813829061575234,0.9981861710548401
24949,1,1,1,1,test,0.00228911847807467,0.9977108240127563
24953,1,1,1,1,test,0.0017280738102272153,0.9982719421386719
24956,1,1,1,1,test,0.03139115869998932,0.9686088562011719
24976,1,1,1,1,test,0.008438203483819962,0.9915618300437927
24999,1,1,1,1,test,0.0017897655488923192,0.9982101917266846
25021,1,1,1,1,test,0.0015975991263985634,0.9984024167060852
25034,1,1,1,1,test,0.0018833624199032784,0.9981166124343872
25043,1,1,1,1,test,0.007516647223383188,0.9924833178520203
25044,1,1,1,1,test,0.0018031648360192776,0.9981968998908997
25045,1,1,1,1,test,0.007915210910141468,0.992084801197052
25046,1,1,1,1,test,0.0036078018601983786,0.9963921904563904
25047,1,1,1,1,test,0.002153703011572361,0.997846245765686
25048,1,1,1,1,test,0.001921866205520928,0.9980781078338623
25068,1,1,1,1,test,0.0020010999869555235,0.9979988932609558
25072,1,1,1,1,test,0.0014153759693726897,0.9985846281051636
25076,1,1,1,1,test,0.0016252169152721763,0.9983747005462646
25090,1,1,1,1,test,0.011334083043038845,0.9886659383773804
25106,1,1,1,1,test,0.006642257794737816,0.9933577179908752
25107,1,1,1,1,test,0.0020558848045766354,0.9979440569877625
25111,1,1,1,1,test,0.0017362680518999696,0.9982637763023376
25120,1,1,1,1,test,0.0018468669150024652,0.9981531500816345
25130,1,1,1,1,test,0.0014778304612264037,0.9985222220420837
25133,1,1,1,1,test,0.0016603058902546763,0.9983396530151367
25134,1,1,1,1,test,0.003195274854078889,0.9968047142028809
25135,1,1,1,1,test,0.0016409922391176224,0.9983590245246887
25137,1,1,1,1,test,0.0018651463324204087,0.9981348514556885
25152,1,1,1,1,test,0.001930547528900206,0.9980694651603699
25153,1,1,1,1,test,0.006392042152583599,0.9936079978942871
25163,1,1,1,1,test,0.003013595473021269,0.996986448764801
25171,1,1,1,1,test,0.0023964710999280214,0.9976035952568054
25184,1,1,1,1,test,0.016949789598584175,0.9830501675605774
25192,1,1,1,1,test,0.0017545962473377585,0.9982454776763916
25195,1,1,1,1,test,0.0020098667591810226,0.9979901313781738
25222,1,1,1,1,test,0.0018632706487551332,0.9981367588043213
25272,1,1,1,1,test,0.0017222915776073933,0.9982776641845703
25277,1,1,1,1,test,0.003423263318836689,0.996576726436615
25279,1,1,1,1,test,0.10147547721862793,0.8985245227813721
25280,1,1,1,1,test,0.0014363478403538465,0.9985637068748474
25285,1,1,1,1,test,0.0014916167128831148,0.9985083937644958
25318,1,1,1,1,test,0.0018392518395558,0.9981607794761658
25320,1,1,1,1,test,0.002054838230833411,0.9979451298713684
25324,1,1,1,1,test,0.3648533225059509,0.6351466774940491
25336,1,1,1,1,test,0.004131995607167482,0.9958679676055908
25360,1,1,1,1,test,0.022685056552290916,0.9773149490356445
25377,1,1,1,1,test,0.0015478985151275992,0.9984520673751831
25378,1,1,1,1,test,0.0015210420824587345,0.9984789490699768
25395,1,1,1,1,test,0.0023071395698934793,0.9976929426193237
25429,1,1,1,1,test,0.0016649948665872216,0.998335063457489
25431,1,1,1,1,test,0.0015475890832021832,0.9984524250030518
25490,1,1,1,1,test,0.0014947802992537618,0.9985052347183228
25497,1,0,1,0,test,0.5572155117988586,0.44278451800346375
25505,1,1,1,1,test,0.001769062364473939,0.9982309937477112
25512,1,1,1,1,test,0.002142217243090272,0.9978577494621277
25514,1,1,1,1,test,0.0035353873390704393,0.9964646100997925
25523,1,1,1,1,test,0.0016597369685769081,0.9983402490615845
25526,1,1,1,1,test,0.002158821327611804,0.9978411197662354
25531,1,1,1,1,test,0.0018971421523019671,0.9981028437614441
25533,1,1,1,1,test,0.0014624225441366434,0.998537540435791
25535,1,1,1,1,test,0.00170778704341501,0.9982922673225403
25553,1,1,1,1,test,0.0018839873373508453,0.9981160163879395
25554,1,1,1,1,test,0.0018853220390155911,0.9981147050857544
25563,1,1,1,1,test,0.001795395277440548,0.9982045888900757
25571,1,1,1,1,test,0.08535660803318024,0.914643406867981
25580,1,1,1,1,test,0.007460028864443302,0.9925399422645569
25617,1,1,1,1,test,0.008995532058179379,0.991004467010498
25628,1,1,1,1,test,0.0017676271963864565,0.9982324242591858
25641,1,1,1,1,test,0.0017311051487922668,0.9982688426971436
25652,1,1,1,1,test,0.00793464481830597,0.9920653700828552
25656,0,1,0,1,test,0.06324996799230576,0.936750054359436
25667,0,1,0,1,test,0.0017641563899815083,0.998235821723938
25670,1,1,1,1,test,0.3383120000362396,0.6616880297660828
25680,0,1,0,1,test,0.001790392678231001,0.9982095956802368
25702,0,1,0,1,test,0.09235454350709915,0.9076454639434814
25724,1,1,1,1,test,0.0014934585196897388,0.998506486415863
25754,0,1,0,1,test,0.14039655029773712,0.8596034646034241
25757,1,1,1,1,test,0.05013875290751457,0.9498612284660339
25765,1,1,1,1,test,0.001374826650135219,0.9986251592636108
25770,1,1,1,1,test,0.001549066393636167,0.9984508752822876
25771,1,1,1,1,test,0.0022817617282271385,0.9977182149887085
25788,1,1,1,1,test,0.0015989579260349274,0.9984009861946106
25789,1,1,1,1,test,0.0018155901925638318,0.9981843829154968
25794,1,1,1,1,test,0.0014739128528162837,0.9985260963439941
25796,1,1,1,1,test,0.0016506691463291645,0.9983493089675903
25801,1,1,1,1,test,0.17168502509593964,0.828315019607544
25820,1,1,1,1,test,0.0018110296223312616,0.9981889128684998
25823,1,1,1,1,test,0.0035901071969419718,0.9964098334312439
25827,1,1,1,1,test,0.019037902355194092,0.9809620976448059
25831,1,1,1,1,test,0.00231083482503891,0.9976891279220581
25841,1,1,1,1,test,0.0023539033718407154,0.9976460337638855
25842,1,1,1,1,test,0.0019096422474831343,0.9980903267860413
25843,1,1,1,1,test,0.0018110083183273673,0.9981890320777893
25845,1,0,1,0,test,0.5302032828330994,0.46979668736457825
25855,1,1,1,1,test,0.0014171197544783354,0.9985828399658203
25858,1,1,1,1,test,0.0016649853205308318,0.998335063457489
25887,1,1,1,1,test,0.001936243032105267,0.9980637431144714
25901,1,1,1,1,test,0.023090962320566177,0.9769089818000793
25904,1,1,1,1,test,0.0018101988825947046,0.9981897473335266
25928,1,1,1,1,test,0.0031629044096916914,0.9968370199203491
25938,1,1,1,1,test,0.005081352777779102,0.9949186444282532
25940,1,1,1,1,test,0.001421170076355338,0.9985787868499756
25973,1,1,1,1,test,0.0024632555432617664,0.9975367784500122
25974,1,1,1,1,test,0.0016665933653712273,0.9983333945274353
25983,1,1,1,1,test,0.0018046055920422077,0.998195469379425
25984,1,1,1,1,test,0.001809586538001895,0.9981904625892639
25985,1,1,1,1,test,0.001603326527401805,0.9983966946601868
25986,1,1,1,1,test,0.0014734328724443913,0.9985265731811523
25994,1,1,1,1,test,0.0015139932511374354,0.9984859824180603
26017,1,1,1,1,test,0.0017429586732760072,0.9982569813728333
26027,1,1,1,1,test,0.0014617695705965161,0.9985382556915283
26051,1,1,1,1,test,0.0016466022934764624,0.9983534812927246
26055,1,1,1,1,test,0.014865281991660595,0.9851346611976624
26059,1,1,1,1,test,0.005635302513837814,0.9943647384643555
26071,1,1,1,1,test,0.0016632250044494867,0.9983367919921875
26078,1,1,1,1,test,0.0014928492018952966,0.9985070824623108
26099,1,1,1,1,test,0.006769081111997366,0.993230938911438
26102,1,1,1,1,test,0.0014847760321572423,0.9985151886940002
26111,1,1,1,1,test,0.0016274838708341122,0.998372495174408
26118,1,1,1,1,test,0.0031365903560072184,0.9968634843826294
26121,1,1,1,1,test,0.002005895832553506,0.9979941844940186
26122,1,1,1,1,test,0.0016692596254870296,0.9983307719230652
26128,1,1,1,1,test,0.0017359391786158085,0.9982641339302063
26131,1,1,1,1,test,0.002108836779370904,0.9978911280632019
26143,1,1,1,1,test,0.024610571563243866,0.9753894805908203
26155,1,1,1,1,test,0.0018127416260540485,0.998187243938446
26159,1,0,1,0,test,0.6018985509872437,0.39810147881507874
26173,1,1,1,1,test,0.0015928526408970356,0.9984071850776672
26186,1,1,1,1,test,0.0018343488918617368,0.9981656670570374
26187,1,1,1,1,test,0.0014210017397999763,0.9985790252685547
26188,1,1,1,1,test,0.0016845922218635678,0.9983154535293579
26222,1,1,1,1,test,0.07959296554327011,0.9204069972038269
26239,1,1,1,1,test,0.0033280185889452696,0.9966719150543213
26241,1,1,1,1,test,0.0015654356684535742,0.9984346032142639
26254,1,1,1,1,test,0.0017588011687621474,0.9982411861419678
26265,1,1,1,1,test,0.002429398475214839,0.9975705742835999
26275,1,1,1,1,test,0.001734014949761331,0.9982660412788391
26283,1,1,1,1,test,0.0014657183783128858,0.9985343217849731
26285,1,1,1,1,test,0.001990966498851776,0.9980090260505676
26291,1,1,1,1,test,0.0018166135996580124,0.9981833100318909
26294,1,1,1,1,test,0.001463489723391831,0.9985364675521851
26298,1,1,1,1,test,0.001739000086672604,0.998261034488678
26304,1,1,1,1,test,0.009207325056195259,0.9907926917076111
26319,1,1,1,1,test,0.0018080832669511437,0.9981918931007385
26327,1,1,1,1,test,0.001727235852740705,0.9982727766036987
26347,1,1,1,1,test,0.025504376739263535,0.9744955897331238
26350,1,1,1,1,test,0.003814807627350092,0.9961852431297302
26351,1,1,1,1,test,0.0016705411253497005,0.9983294606208801
26357,1,1,1,1,test,0.011149942874908447,0.9888500571250916
26369,1,1,1,1,test,0.0019049809779971838,0.9980949759483337
26401,1,1,1,1,test,0.003623518394306302,0.9963764548301697
26402,1,1,1,1,test,0.0023812185972929,0.9976187348365784
26405,1,1,1,1,test,0.0017735223518684506,0.9982264637947083
26421,1,1,1,1,test,0.0019039241597056389,0.9980960488319397
26436,1,1,1,1,test,0.0015726899728178978,0.9984273910522461
26438,1,1,1,1,test,0.0015560826286673546,0.9984439015388489
26439,1,1,1,1,test,0.0017469157464802265,0.9982530474662781
26444,1,1,1,1,test,0.0018001890275627375,0.9981998205184937
26447,1,1,1,1,test,0.0017383377999067307,0.9982616305351257
26452,1,1,1,1,test,0.08373875916004181,0.9162612557411194
26471,1,1,1,1,test,0.002224991098046303,0.9977750182151794
26486,1,1,1,1,test,0.01336531899869442,0.9866347312927246
26522,1,1,1,1,test,0.0016299806302413344,0.9983699917793274
26523,1,1,1,1,test,0.001750995172187686,0.9982490539550781
26525,1,1,1,1,test,0.001814969931729138,0.9981849789619446
26526,1,1,1,1,test,0.0018130979733541608,0.9981868863105774
26530,1,1,1,1,test,0.0016547493869438767,0.9983452558517456
26534,1,1,1,1,test,0.001547055784612894,0.99845290184021
26542,1,1,1,1,test,0.001669068937189877,0.9983308911323547
26544,1,1,1,1,test,0.0019953942392021418,0.9980046153068542
26545,1,1,1,1,test,0.002239157445728779,0.9977607727050781
26548,1,1,1,1,test,0.08173845708370209,0.9182615876197815
26551,1,1,1,1,test,0.0015893725212663412,0.9984105825424194
26552,1,1,1,1,test,0.0023854090832173824,0.9976146221160889
26562,1,1,1,1,test,0.00766943022608757,0.9923305511474609
26570,1,1,1,1,test,0.0017682305769994855,0.998231828212738
26571,1,1,1,1,test,0.0017249442171305418,0.9982750415802002
26576,1,1,1,1,test,0.0019710473716259003,0.9980289340019226
26591,1,1,1,1,test,0.005859771743416786,0.9941402077674866
26595,1,1,1,1,test,0.480020135641098,0.5199798941612244
26597,1,1,1,1,test,0.03369709476828575,0.9663029313087463
26600,1,1,1,1,test,0.04956940934062004,0.9504306316375732
26601,1,1,1,1,test,0.0018603462958708405,0.9981396198272705
26608,1,1,1,1,test,0.016337614506483078,0.9836624264717102
26609,1,1,1,1,test,0.0017201703740283847,0.9982798099517822
26611,1,1,1,1,test,0.005974890198558569,0.9940251708030701
26616,1,1,1,1,test,0.12214373797178268,0.8778562545776367
26630,1,1,1,1,test,0.005821168888360262,0.9941788911819458
26631,1,1,1,1,test,0.004315568599849939,0.9956843852996826
26641,1,1,1,1,test,0.0020763473585247993,0.9979236125946045
26643,1,1,1,1,test,0.008710230700671673,0.9912897348403931
26645,1,1,1,1,test,0.002386207925155759,0.997613787651062
26652,1,1,1,1,test,0.0016946548130363226,0.9983053207397461
26661,1,1,1,1,test,0.003613919485360384,0.9963860511779785
26670,1,1,1,1,test,0.0018593231216073036,0.9981406927108765
26672,1,1,1,1,test,0.0038463054224848747,0.9961536526679993
26680,1,1,1,1,test,0.0016672075726091862,0.9983327984809875
26681,1,1,1,1,test,0.001812370610423386,0.9981876015663147
26693,1,1,1,1,test,0.02210763841867447,0.9778923392295837
26752,1,1,1,1,test,0.0018526316853240132,0.9981473684310913
26761,1,1,1,1,test,0.004933851771056652,0.9950661659240723
26795,1,1,1,1,test,0.0018596044974401593,0.9981403350830078
26796,1,1,1,1,test,0.0016362983733415604,0.9983636736869812
26816,1,1,1,1,test,0.001718559768050909,0.9982814788818359
26820,1,1,1,1,test,0.0038226167671382427,0.9961774349212646
26821,1,1,1,1,test,0.0018021161668002605,0.9981978535652161
26822,1,1,1,1,test,0.0014712167903780937,0.9985287189483643
26823,1,1,1,1,test,0.001646679826080799,0.9983533620834351
26824,1,1,1,1,test,0.0017995378002524376,0.9982004165649414
26841,1,1,1,1,test,0.0015874728560447693,0.9984124898910522
26844,1,1,1,1,test,0.003431674325838685,0.9965683221817017
26846,1,1,1,1,test,0.003444171976298094,0.9965558052062988
26847,1,1,1,1,test,0.007933796383440495,0.9920661449432373
26873,1,1,1,1,test,0.0018426076276227832,0.9981574416160583
26875,1,1,1,1,test,0.001820946577936411,0.9981790781021118
26892,1,1,1,1,test,0.001830719644203782,0.9981693029403687
26907,1,1,1,1,test,0.0016450077528133988,0.998354971408844
26911,1,1,1,1,test,0.0018202714854851365,0.9981797933578491
26913,1,1,1,1,test,0.0015824625734239817,0.9984174966812134
26914,1,1,1,1,test,0.00199051178060472,0.9980095028877258
26917,1,1,1,1,test,0.0018187196692451835,0.9981813430786133
26923,1,1,1,1,test,0.001566394348628819,0.9984336495399475
26926,1,1,1,1,test,0.0015767478616908193,0.9984232187271118
26936,1,1,1,1,test,0.001491423463448882,0.9985085129737854
26938,1,1,1,1,test,0.0026464713737368584,0.9973535537719727
26939,1,1,1,1,test,0.028107620775699615,0.9718923568725586
26943,1,1,1,1,test,0.0024461383000016212,0.9975538849830627
26945,1,1,1,1,test,0.0018771726172417402,0.9981228709220886
26954,1,1,1,1,test,0.0019435134017840028,0.9980564713478088
26959,1,1,1,1,test,0.009003067389130592,0.9909969568252563
26961,1,1,1,1,test,0.0018177053425461054,0.9981822967529297
26965,1,1,1,1,test,0.0018198973266407847,0.9981801509857178
26971,1,1,1,1,test,0.0014839040813967586,0.9985161423683167
26976,0,1,0,1,test,0.033573929220438004,0.9664260149002075
26977,1,1,1,1,test,0.0024870228953659534,0.997512936592102
26984,1,1,1,1,test,0.0015895843971520662,0.9984103441238403
26986,1,1,1,1,test,0.0017748973332345486,0.9982251524925232
26994,1,1,1,1,test,0.0018413977231830359,0.9981586337089539
26995,1,1,1,1,test,0.0014940958935767412,0.9985059499740601
26999,1,1,1,1,test,0.0016561243683099747,0.998343825340271
27015,1,1,1,1,test,0.42435625195503235,0.5756437182426453
27020,0,0,0,0,test,0.9404160380363464,0.05958390235900879
27040,1,1,1,1,test,0.008022110909223557,0.9919778108596802
27046,1,1,1,1,test,0.0016532281879335642,0.9983468055725098
27047,1,1,1,1,test,0.0018839460099115968,0.9981160163879395
27050,1,1,1,1,test,0.0018914892571046948,0.9981085062026978
27052,1,1,1,1,test,0.007466849405318499,0.9925330877304077
27056,1,1,1,1,test,0.0018010622588917613,0.998198926448822
27059,1,1,1,1,test,0.0017213851679116488,0.9982786178588867
27060,1,1,1,1,test,0.0015989586245268583,0.9984009861946106
27061,1,1,1,1,test,0.001847730134613812,0.9981521964073181
27063,1,1,1,1,test,0.002100483514368534,0.9978995323181152
27071,1,1,1,1,test,0.0028583109378814697,0.9971416592597961
27077,1,1,1,1,test,0.0021620802581310272,0.9978379607200623
27078,1,1,1,1,test,0.12805254757404327,0.8719474673271179
27096,1,1,1,1,test,0.002479476621374488,0.9975205063819885
27102,1,1,1,1,test,0.18420208990573883,0.8157978653907776
27111,1,1,1,1,test,0.0021575551945716143,0.9978424310684204
27113,1,1,1,1,test,0.001766853965818882,0.9982330799102783
27114,1,1,1,1,test,0.17732080817222595,0.8226792216300964
27128,1,1,1,1,test,0.2373480647802353,0.7626519203186035
27171,1,1,1,1,test,0.0024014259688556194,0.9975985884666443
27176,1,1,1,1,test,0.001820066012442112,0.9981799125671387
27188,1,1,1,1,test,0.001602974021807313,0.9983970522880554
27189,1,1,1,1,test,0.015441840514540672,0.9845581650733948
27190,1,1,1,1,test,0.0016211253823712468,0.9983788728713989
27191,1,1,1,1,test,0.0018224716186523438,0.9981775283813477
27194,1,1,1,1,test,0.0018314786721020937,0.9981684684753418
27207,1,1,1,1,test,0.018958741798996925,0.9810412526130676
27212,1,1,1,1,test,0.002618298400193453,0.9973816275596619
27237,1,1,1,1,test,0.1623229831457138,0.837677001953125
27238,1,1,1,1,test,0.002005563583225012,0.9979944229125977
27239,1,1,1,1,test,0.0015719830989837646,0.9984279870986938
27247,1,1,1,1,test,0.03399854153394699,0.9660014510154724
27255,0,1,0,1,test,0.002126815263181925,0.9978731870651245
27279,1,1,1,1,test,0.00183193723205477,0.9981679916381836
27287,1,1,1,1,test,0.0019583594985306263,0.9980416297912598
27288,1,1,1,1,test,0.0014974843943491578,0.9985024929046631
27289,1,1,1,1,test,0.0014927007723599672,0.9985073208808899
27293,1,1,1,1,test,0.0016118776984512806,0.9983881711959839
27299,1,1,1,1,test,0.0016488219844177365,0.9983512163162231
27312,1,1,1,1,test,0.001391208847053349,0.9986087679862976
27364,1,1,1,1,test,0.0017805632669478655,0.9982194304466248
27365,1,1,1,1,test,0.0052914866246283054,0.9947085380554199
27372,1,1,1,1,test,0.0031854910776019096,0.9968145489692688
27373,1,1,1,1,test,0.001815012306906283,0.9981849789619446
27381,1,1,1,1,test,0.001682788017205894,0.9983172416687012
27382,1,1,1,1,test,0.0014391120057553053,0.9985608458518982
27385,1,1,1,1,test,0.0020329488907009363,0.9979670643806458
27386,1,1,1,1,test,0.0014512593625113368,0.998548686504364
27387,1,1,1,1,test,0.0015719053335487843,0.9984281063079834
27388,1,1,1,1,test,0.0027384415734559298,0.9972615242004395
27389,1,1,1,1,test,0.001645878073759377,0.9983541965484619
27390,1,1,1,1,test,0.0016041335184127092,0.9983958601951599
27403,1,1,1,1,test,0.001673396909609437,0.9983265995979309
27404,1,1,1,1,test,0.001536719617433846,0.9984632730484009
27415,1,1,1,1,test,0.001614708686247468,0.9983853101730347
27416,1,1,1,1,test,0.0018485569162294269,0.9981513619422913
27418,1,1,1,1,test,0.005999846383929253,0.9940001964569092
27430,1,1,1,1,test,0.42867401242256165,0.571325957775116
27471,1,1,1,1,test,0.3632965087890625,0.6367034912109375
27473,1,1,1,1,test,0.003872038796544075,0.9961280226707458
27506,1,1,1,1,test,0.0015153823187574744,0.9984846711158752
27520,1,1,1,1,test,0.001676134648732841,0.9983238577842712
27525,1,1,1,1,test,0.0018676779000088573,0.9981322884559631
27559,1,1,1,1,test,0.0016251985216513276,0.9983748197555542
27572,1,1,1,1,test,0.0038022862281650305,0.9961976408958435
27595,1,1,1,1,test,0.29836371541023254,0.7016362547874451
27606,1,1,1,1,test,0.0016698207473382354,0.9983301758766174
27609,1,1,1,1,test,0.0023744679056108,0.9976255297660828
27636,1,1,1,1,test,0.00467459112405777,0.9953254461288452
27664,1,1,1,1,test,0.006676804274320602,0.9933231472969055
27670,1,1,1,1,test,0.0016925956588238478,0.9983073472976685
27673,1,1,1,1,test,0.0017036831704899669,0.998296320438385
27679,1,1,1,1,test,0.001600538264028728,0.9983994364738464
27681,1,1,1,1,test,0.001606934005394578,0.9983929991722107
27686,1,1,1,1,test,0.0018129243981093168,0.9981870055198669
27687,1,1,1,1,test,0.0018456471152603626,0.99815434217453
27706,1,1,1,1,test,0.0015594273572787642,0.9984405636787415
27709,1,1,1,1,test,0.004913290962576866,0.9950867295265198
27710,1,1,1,1,test,0.0018018964910879731,0.9981980919837952
27711,1,1,1,1,test,0.0017277529696002603,0.998272180557251
27712,1,1,1,1,test,0.001812031609006226,0.9981879591941833
27731,1,1,1,1,test,0.002178580965846777,0.9978214502334595
27736,1,1,1,1,test,0.007119328714907169,0.9928807020187378
27739,1,1,1,1,test,0.00743169616907835,0.9925683736801147
27750,1,1,1,1,test,0.0017955730436369777,0.9982044696807861
27777,1,1,1,1,test,0.0018632917199283838,0.9981366395950317
27782,1,1,1,1,test,0.0056370017118752,0.9943629503250122
27785,1,1,1,1,test,0.007187694776803255,0.9928123354911804
27796,1,1,1,1,test,0.002235228195786476,0.9977648258209229
27798,1,1,1,1,test,0.0016122759552672505,0.9983876943588257
27802,1,1,1,1,test,0.0030224507208913565,0.9969775676727295
27806,1,0,1,0,test,0.6793470978736877,0.32065293192863464
27856,1,1,1,1,test,0.00178340298589319,0.9982165694236755
27859,1,1,1,1,test,0.0019015425350517035,0.9980984330177307
27861,1,1,1,1,test,0.0019560279324650764,0.9980438947677612
27863,1,1,1,1,test,0.0018660645000636578,0.9981339573860168
27864,1,1,1,1,test,0.016515113413333893,0.9834849238395691
27875,1,1,1,1,test,0.002141734352335334,0.9978582262992859
27877,1,1,1,1,test,0.003395087318494916,0.9966049194335938
27883,1,1,1,1,test,0.0069671692326664925,0.9930328130722046
27884,1,1,1,1,test,0.0019821564201265574,0.9980177879333496
27892,1,1,1,1,test,0.002070619724690914,0.9979293346405029
27896,1,1,1,1,test,0.0021370681934058666,0.9978629946708679
27898,1,1,1,1,test,0.002125531667843461,0.9978744983673096
27911,1,1,1,1,test,0.013722795993089676,0.986277163028717
27915,1,1,1,1,test,0.014245755970478058,0.9857542514801025
27922,1,1,1,1,test,0.016639474779367447,0.9833605289459229
27924,1,1,1,1,test,0.003967746626585722,0.9960322976112366
27936,1,1,1,1,test,0.0022050817497074604,0.9977949857711792
27939,1,1,1,1,test,0.0101492153480649,0.9898507595062256
27949,1,1,1,1,test,0.001817425130866468,0.9981826543807983
27951,1,1,1,1,test,0.0018078114371746778,0.9981922507286072
27968,1,1,1,1,test,0.00163665518630296,0.9983633160591125
27986,1,1,1,1,test,0.0018095512641593814,0.9981904625892639
27987,1,1,1,1,test,0.0018064308678731322,0.9981935620307922
27997,1,1,1,1,test,0.0018291824962943792,0.9981708526611328
28008,1,1,1,1,test,0.001871674438007176,0.998128354549408
28021,1,1,1,1,test,0.0026326829101890326,0.9973673224449158
28023,1,1,1,1,test,0.0018157846061512828,0.9981841444969177
28034,1,1,1,1,test,0.001472204807214439,0.9985277652740479
28038,1,1,1,1,test,0.0018059647409245372,0.9981940388679504
28044,1,1,1,1,test,0.0016394431004300714,0.9983605742454529
28074,1,1,1,1,test,0.0016627119621261954,0.9983372688293457
28075,1,1,1,1,test,0.013358963653445244,0.9866411089897156
28132,1,1,1,1,test,0.0016023345524445176,0.9983976483345032
28133,1,1,1,1,test,0.0018056451808661222,0.9981943964958191
28134,1,1,1,1,test,0.002142778132110834,0.9978571534156799
28140,1,1,1,1,test,0.0016068576369434595,0.9983931183815002
28143,1,1,1,1,test,0.0017973276553675532,0.9982026815414429
28191,1,1,1,1,test,0.001655709114857018,0.9983443021774292
28192,1,1,1,1,test,0.0016362493624910712,0.9983637928962708
28197,1,1,1,1,test,0.0017031042370945215,0.9982969164848328
28204,1,1,1,1,test,0.0018068264471367002,0.9981932044029236
28205,1,1,1,1,test,0.014789366163313389,0.9852105975151062
28216,1,1,1,1,test,0.0014132680371403694,0.9985867738723755
28219,1,1,1,1,test,0.0018074027029797435,0.9981926083564758
28225,0,1,0,1,test,0.0016712076030671597,0.9983287453651428
28244,1,1,1,1,test,0.0017126218881458044,0.9982873797416687
28254,1,1,1,1,test,0.0016263966681435704,0.9983736276626587
28258,1,1,1,1,test,0.0018032969674095511,0.9981967806816101
28271,1,1,1,1,test,0.0016107254195958376,0.9983892440795898
28272,1,1,1,1,test,0.005472665186971426,0.994527280330658
28296,1,1,1,1,test,0.0017184665193781257,0.9982815980911255
28309,1,1,1,1,test,0.0018693144666031003,0.998130738735199
28315,1,1,1,1,test,0.0018309680745005608,0.9981690645217896
28316,1,1,1,1,test,0.002035592682659626,0.9979643821716309
28321,1,1,1,1,test,0.0015306363347917795,0.9984692931175232
28327,1,1,1,1,test,0.0018026094185188413,0.9981973767280579
28362,1,1,1,1,test,0.0018599620088934898,0.9981399774551392
28370,1,1,1,1,test,0.024307381361722946,0.975692629814148
28384,1,1,1,1,test,0.0036203679628670216,0.9963796734809875
28399,1,1,1,1,test,0.002878983039408922,0.9971210360527039
28400,1,1,1,1,test,0.011205079965293407,0.9887949228286743
28401,1,1,1,1,test,0.009069369174540043,0.9909306168556213
28402,1,1,1,1,test,0.0026686685159802437,0.9973313808441162
28403,1,1,1,1,test,0.012421163730323315,0.987578809261322
28405,1,1,1,1,test,0.0021551379468292,0.9978448152542114
28406,1,1,1,1,test,0.007787098176777363,0.9922128319740295
28407,1,1,1,1,test,0.00711420364677906,0.9928857684135437
28408,1,1,1,1,test,0.002737259492278099,0.997262716293335
28420,1,1,1,1,test,0.002696776296943426,0.9973032474517822
28442,1,1,1,1,test,0.0017404898535460234,0.9982594847679138
28451,1,1,1,1,test,0.012821528129279613,0.9871784448623657
28453,1,1,1,1,test,0.018277868628501892,0.9817220568656921
28461,1,1,1,1,test,0.0019762658048421144,0.9980237483978271
28465,1,1,1,1,test,0.00543954549357295,0.9945604205131531
28471,1,1,1,1,test,0.020884595811367035,0.97911536693573
28473,1,1,1,1,test,0.0324506051838398,0.9675494432449341
28486,1,0,1,0,test,0.85774827003479,0.14225171506404877
28515,1,1,1,1,test,0.0016361239831894636,0.9983639121055603
28519,1,1,1,1,test,0.002988780615851283,0.9970111846923828
28532,1,1,1,1,test,0.26749658584594727,0.732503354549408
28540,1,1,1,1,test,0.0016309695784002542,0.998369038105011
28551,0,0,0,0,test,0.5159677863121033,0.48403221368789673
28560,1,1,1,1,test,0.0017249425873160362,0.9982750415802002
28561,1,1,1,1,test,0.0016810904489830136,0.9983188509941101
28579,1,1,1,1,test,0.002706339815631509,0.9972936511039734
28581,1,1,1,1,test,0.00153034133836627,0.9984696507453918
28592,1,1,1,1,test,0.0018725768895819783,0.9981274008750916
28612,1,1,1,1,test,0.0014900430105626583,0.99850994348526
28613,1,1,1,1,test,0.0017586916219443083,0.9982413053512573
28616,1,1,1,1,test,0.0019235012587159872,0.9980764389038086
28617,1,1,1,1,test,0.0016898344038054347,0.9983102083206177
28624,1,1,1,1,test,0.0015863004373386502,0.9984136819839478
28664,1,1,1,1,test,0.001885628909803927,0.9981143474578857
28665,1,1,1,1,test,0.001710211276076734,0.9982897639274597
28675,1,1,1,1,test,0.0016349202487617731,0.9983651041984558
28677,1,1,1,1,test,0.0016398020088672638,0.9983602166175842
28678,1,1,1,1,test,0.001556165749207139,0.9984439015388489
28679,1,1,1,1,test,0.0016706715105101466,0.9983293414115906
28684,1,0,1,0,test,0.7580881714820862,0.24191178381443024
28685,1,1,1,1,test,0.001658045337535441,0.9983419179916382
28705,1,1,1,1,test,0.001972752623260021,0.9980272650718689
28714,1,1,1,1,test,0.0017040628008544445,0.9982959628105164
28728,1,1,1,1,test,0.001625526463612914,0.9983744621276855
28775,1,1,1,1,test,0.0019811787642538548,0.9980188608169556
28829,1,1,1,1,test,0.09139616042375565,0.908603847026825
28831,1,1,1,1,test,0.0018104022601619363,0.9981896281242371
28832,1,1,1,1,test,0.0017859964864328504,0.9982140064239502
28836,1,1,1,1,test,0.0014760098420083523,0.998524010181427
28851,1,1,1,1,test,0.0017768227262422442,0.9982231259346008
28852,1,1,1,1,test,0.0018154727295041084,0.9981845021247864
28854,1,1,1,1,test,0.0017300326144322753,0.9982699155807495
28855,1,1,1,1,test,0.002868568291887641,0.99713134765625
28872,1,1,1,1,test,0.011446237564086914,0.9885537624359131
28891,1,1,1,1,test,0.007117330562323332,0.9928827285766602
28954,1,1,1,1,test,0.03095576912164688,0.9690442085266113
28966,1,1,1,1,test,0.001589687424711883,0.9984103441238403
28967,1,1,1,1,test,0.0018283798126503825,0.9981715679168701
28968,0,0,0,0,test,0.9010574817657471,0.09894250333309174
28969,1,1,1,1,test,0.0017608057241886854,0.9982391595840454
28970,1,1,1,1,test,0.0014784891391173005,0.9985215067863464
28977,1,1,1,1,test,0.0016239129472523928,0.9983760118484497
28981,1,1,1,1,test,0.017183059826493263,0.9828169345855713
28982,1,1,1,1,test,0.0025723183061927557,0.9974276423454285
28986,1,1,1,1,test,0.00143716752063483,0.9985628724098206
28987,1,1,1,1,test,0.0015586682129651308,0.9984413981437683
28991,1,1,1,1,test,0.0017010981682687998,0.9982989430427551
28992,1,1,1,1,test,0.001597910886630416,0.9984020590782166
28993,1,1,1,1,test,0.006564609706401825,0.9934353828430176
28994,1,1,1,1,test,0.0018562681507319212,0.9981437921524048
29003,1,1,1,1,test,0.0014025109121575952,0.9985974431037903
29018,1,1,1,1,test,0.0014581790892407298,0.9985418319702148
29031,1,1,1,1,test,0.002239138586446643,0.9977608919143677
29032,1,1,1,1,test,0.0015996464062482119,0.9984003901481628
29039,1,1,1,1,test,0.003920102026313543,0.9960798621177673
29040,1,1,1,1,test,0.0030034163501113653,0.9969966411590576
29050,1,1,1,1,test,0.0014031108003109694,0.9985968470573425
29055,1,1,1,1,test,0.001725613372400403,0.9982743263244629
29075,1,1,1,1,test,0.0013371303211897612,0.9986628293991089
29083,1,1,1,1,test,0.0017504000570625067,0.9982495903968811
29084,1,1,1,1,test,0.001616666791960597,0.9983832836151123
29086,1,1,1,1,test,0.011436046101152897,0.9885640144348145
29102,1,1,1,1,test,0.001749846851453185,0.9982500672340393
29108,1,1,1,1,test,0.0015199990011751652,0.9984800219535828
29115,1,1,1,1,test,0.0018136451253667474,0.9981862902641296
29118,1,1,1,1,test,0.0015545085771009326,0.9984455704689026
29119,1,1,1,1,test,0.001666385680437088,0.9983336329460144
29121,1,1,1,1,test,0.0035943775437772274,0.9964056015014648
29125,1,1,1,1,test,0.0016337197739630938,0.9983662962913513
29130,1,1,1,1,test,0.017611417919397354,0.9823885560035706
29133,1,1,1,1,test,0.0017037498764693737,0.998296320438385
29136,1,1,1,1,test,0.001753519056364894,0.9982465505599976
29140,1,1,1,1,test,0.001568366540595889,0.9984316229820251
29154,1,1,1,1,test,0.004019687883555889,0.9959802627563477
29160,1,1,1,1,test,0.0016896928427740932,0.9983103275299072
29179,1,1,1,1,test,0.004451256711035967,0.9955487251281738
29188,1,1,1,1,test,0.0019177928334102035,0.998082160949707
29193,1,1,1,1,test,0.0015645780367776752,0.9984354376792908
29194,1,1,1,1,test,0.0018020836869254708,0.9981979727745056
29195,1,1,1,1,test,0.0018133085686713457,0.9981866478919983
29197,1,1,1,1,test,0.001923136878758669,0.9980767965316772
29204,1,1,1,1,test,0.0019176342757418752,0.9980823993682861
29205,1,1,1,1,test,0.0018239617347717285,0.998176097869873
29225,1,1,1,1,test,0.0029904921539127827,0.9970095157623291
29262,1,1,1,1,test,0.0020420572254806757,0.9979579448699951
29265,1,1,1,1,test,0.0038840724155306816,0.9961159229278564
29306,1,1,1,1,test,0.0030814753845334053,0.9969185590744019
29313,1,1,1,1,test,0.0015773402992635965,0.9984226226806641
29324,1,1,1,1,test,0.0018023588927462697,0.998197615146637
29331,1,1,1,1,test,0.0020199576392769814,0.9979800581932068
29336,1,1,1,1,test,0.0018289482686668634,0.9981710910797119
29368,1,1,1,1,test,0.01195013802498579,0.9880499243736267
29391,1,1,1,1,test,0.0014418844366446137,0.9985581040382385
29421,1,1,1,1,test,0.22134453058242798,0.778655469417572
29460,1,1,1,1,test,0.005699769593775272,0.9943002462387085
29464,1,1,1,1,test,0.0018639020854607224,0.998136043548584
29488,1,1,1,1,test,0.0019177263602614403,0.9980822801589966
29502,1,1,1,1,test,0.0018845738377422094,0.9981154203414917
29508,1,1,1,1,test,0.0016598728252574801,0.9983401298522949
29530,1,1,1,1,test,0.0015648616245016456,0.9984350800514221
29531,1,1,1,1,test,0.0018081289017573,0.9981918931007385
29545,0,1,0,1,test,0.17152290046215057,0.8284770846366882
29559,0,1,0,1,test,0.026780862361192703,0.9732191562652588
29583,1,1,1,1,test,0.0015876544639468193,0.9984123706817627
29584,1,1,1,1,test,0.001861642929725349,0.9981383085250854
29585,1,1,1,1,test,0.0031448116060346365,0.9968551397323608
29594,1,1,1,1,test,0.0036256141029298306,0.9963743090629578
29597,1,1,1,1,test,0.002025122521445155,0.9979749321937561
29598,1,1,1,1,test,0.002136600436642766,0.9978634715080261
29599,1,1,1,1,test,0.0015863955486565828,0.9984135627746582
29600,1,1,1,1,test,0.0018015621462836862,0.9981984496116638
29601,1,1,1,1,test,0.0015645213425159454,0.9984354376792908
29602,1,1,1,1,test,0.001606698497198522,0.9983932375907898
29623,1,1,1,1,test,0.001681598019786179,0.9983184337615967
29624,1,1,1,1,test,0.0018187940586358309,0.9981812238693237
29625,1,1,1,1,test,0.0018163189524784684,0.9981836676597595
29626,1,1,1,1,test,0.0016777104465290904,0.9983223080635071
29627,1,1,1,1,test,0.0017447549616917968,0.99825519323349
29636,1,1,1,1,test,0.006445595528930426,0.9935544729232788
29648,1,1,1,1,test,0.0016077476320788264,0.9983922839164734
29649,1,1,1,1,test,0.0018211017595604062,0.9981789588928223
29662,1,1,1,1,test,0.0017104765865951777,0.9982895255088806
29667,1,1,1,1,test,0.0017163768643513322,0.9982836246490479
29671,1,1,1,1,test,0.0018240961944684386,0.998175859451294
29690,1,1,1,1,test,0.001680991263128817,0.9983189702033997
29693,1,1,1,1,test,0.0018578856252133846,0.9981421232223511
29694,1,1,1,1,test,0.0016078309854492545,0.9983921647071838
29695,1,1,1,1,test,0.008799747563898563,0.9912002682685852
29696,1,1,1,1,test,0.0018206968670710921,0.9981793165206909
29704,1,1,1,1,test,0.05811165273189545,0.9418883323669434
29734,1,1,1,1,test,0.0014818678610026836,0.998518168926239
29735,1,1,1,1,test,0.0021477227564901114,0.9978523254394531
29736,1,1,1,1,test,0.0017938867677003145,0.9982061386108398
29737,1,1,1,1,test,0.001562835881486535,0.9984371066093445
29738,1,1,1,1,test,0.001756506273522973,0.9982434511184692
29739,1,1,1,1,test,0.001529892673715949,0.99847012758255
29740,1,1,1,1,test,0.0015478301793336868,0.9984521865844727
29743,1,1,1,1,test,0.0023160602431744337,0.9976838827133179
29755,1,1,1,1,test,0.0015547540970146656,0.9984452128410339
29756,1,1,1,1,test,0.031191864982247353,0.968808114528656
29759,1,1,1,1,test,0.2373504638671875,0.7626495361328125
29775,1,1,1,1,test,0.0017641766462475061,0.998235821723938
29785,1,1,1,1,test,0.0029717630241066217,0.9970282912254333
29791,1,1,1,1,test,0.005368581973016262,0.9946314096450806
29794,1,1,1,1,test,0.0014629365177825093,0.9985370635986328
29810,1,1,1,1,test,0.0019815650302916765,0.9980183839797974
29814,1,1,1,1,test,0.0016975072212517262,0.9983024597167969
29834,1,1,1,1,test,0.002523967996239662,0.9974760413169861
29835,1,1,1,1,test,0.0018247580155730247,0.9981752634048462
29839,0,0,0,0,test,0.6644120812416077,0.3355879485607147
29861,1,1,1,1,test,0.0017673788825049996,0.9982326030731201
29863,1,1,1,1,test,0.0014916592044755816,0.9985082745552063
29872,1,1,1,1,test,0.0015163407661020756,0.9984837174415588
29873,1,1,1,1,test,0.0015471309889107943,0.99845290184021
29874,1,1,1,1,test,0.0030573674011975527,0.9969425797462463
29875,1,1,1,1,test,0.0027794246561825275,0.9972206354141235
29876,1,1,1,1,test,0.0024371312465518713,0.9975628852844238
29895,1,1,1,1,test,0.00786488875746727,0.9921351671218872
29933,1,1,1,1,test,0.26723039150238037,0.7327696084976196
29935,1,1,1,1,test,0.12600229680538177,0.873997688293457
29961,1,1,1,1,test,0.0015660430071875453,0.9984338879585266
29962,1,1,1,1,test,0.0017040304373949766,0.9982959628105164
29974,1,1,1,1,test,0.0271905604749918,0.9728094935417175
29983,1,1,1,1,test,0.001497112214565277,0.9985028505325317
29987,1,1,1,1,test,0.0019523693481460214,0.9980475902557373
29997,1,1,1,1,test,0.002338097197934985,0.9976619482040405
30040,1,1,1,1,test,0.001759363804012537,0.99824059009552
30041,1,1,1,1,test,0.0023787892423570156,0.9976212382316589
30042,1,1,1,1,test,0.0016667393501847982,0.9983332753181458
30043,1,1,1,1,test,0.001738181570544839,0.9982618689537048
30044,1,1,1,1,test,0.0018123129848390818,0.9981877207756042
30048,1,1,1,1,test,0.0018302449025213718,0.9981697797775269
30092,1,1,1,1,test,0.0016759209102019668,0.9983240962028503
30093,1,1,1,1,test,0.0018018846167251468,0.9981980919837952
30096,1,1,1,1,test,0.0019163232063874602,0.9980837106704712
30097,1,1,1,1,test,0.001899238210171461,0.9981008172035217
30104,1,1,1,1,test,0.0018224908271804452,0.9981775283813477
30112,1,1,1,1,test,0.0018451737705618143,0.9981548190116882
30118,1,1,1,1,test,0.0015238416381180286,0.9984762072563171
30126,1,1,1,1,test,0.0016232050256803632,0.998376727104187
30132,1,1,1,1,test,0.0015275402693077922,0.9984723925590515
30133,1,1,1,1,test,0.0016088277334347367,0.9983910918235779
30134,1,1,1,1,test,0.004407222848385572,0.9955927729606628
30142,1,1,1,1,test,0.0018628182588145137,0.9981371164321899
30150,1,1,1,1,test,0.002024673158302903,0.9979752898216248
30168,1,1,1,1,test,0.0018106159986928105,0.998189389705658
30170,1,1,1,1,test,0.0015488214557990432,0.9984511137008667
30171,1,1,1,1,test,0.003479407634586096,0.9965206384658813
30206,1,1,1,1,test,0.005168831907212734,0.9948311448097229
30214,1,1,1,1,test,0.002369347494095564,0.9976305961608887
30216,1,1,1,1,test,0.0018063619500026107,0.9981936812400818
30217,1,1,1,1,test,0.0015043476596474648,0.9984956979751587
30219,1,1,1,1,test,0.0018019189592450857,0.9981980919837952
30220,1,1,1,1,test,0.0016868534730747342,0.9983131885528564
30224,1,1,1,1,test,0.0018033484229817986,0.9981966614723206
30239,1,1,1,1,test,0.001890516490675509,0.9981094598770142
30260,1,1,1,1,test,0.0019639332313090563,0.9980360865592957
30263,1,1,1,1,test,0.0022408009972423315,0.997759222984314
30266,1,1,1,1,test,0.0016876800218597054,0.9983123540878296
30267,1,1,1,1,test,0.0020517557859420776,0.9979482293128967
30269,1,1,1,1,test,0.0016753895906731486,0.9983245730400085
30270,1,0,1,0,test,0.7809165120124817,0.21908347308635712
30272,1,1,1,1,test,0.0018857760587707162,0.9981142282485962
30273,1,1,1,1,test,0.005924533121287823,0.9940754175186157
30286,1,1,1,1,test,0.0018736198544502258,0.9981263279914856
30300,1,1,1,1,test,0.001855890965089202,0.9981441497802734
30313,1,1,1,1,test,0.0015837439568713307,0.9984163045883179
30314,1,1,1,1,test,0.005266822408884764,0.9947332143783569
30340,1,1,1,1,test,0.001810442772693932,0.9981895089149475
30345,1,1,1,1,test,0.0017666168278083205,0.9982333183288574
30355,1,1,1,1,test,0.004100128076970577,0.9958998560905457
30357,1,1,1,1,test,0.0018030257197096944,0.9981970191001892
30373,1,1,1,1,test,0.004348951391875744,0.9956510663032532
30381,1,1,1,1,test,0.006216023117303848,0.9937839508056641
30382,1,1,1,1,test,0.0018331113969907165,0.9981669187545776
30403,1,1,1,1,test,0.0016752802766859531,0.9983246922492981
30405,1,1,1,1,test,0.0015623479848727584,0.9984377026557922
30419,1,1,1,1,test,0.0018841952551156282,0.9981157779693604
30426,1,1,1,1,test,0.001540633151307702,0.9984593391418457
30427,1,1,1,1,test,0.0017238918226212263,0.9982761144638062
30434,1,1,1,1,test,0.0016159620136022568,0.9983839988708496
30441,1,1,1,1,test,0.0016222024569287896,0.998377799987793
30443,1,1,1,1,test,0.0018225325038656592,0.9981775283813477
30445,1,1,1,1,test,0.0018425373127683997,0.9981574416160583
30454,1,1,1,1,test,0.0019256639061495662,0.9980742931365967
30461,1,1,1,1,test,0.00150000408757478,0.9984999895095825
30478,1,1,1,1,test,0.0017980713164433837,0.9982019662857056
30479,1,1,1,1,test,0.0021173469722270966,0.9978826642036438
30480,1,1,1,1,test,0.00188273168168962,0.9981173276901245
30481,1,1,1,1,test,0.0018218662589788437,0.9981781244277954
30482,1,1,1,1,test,0.0018190364353358746,0.9981809854507446
30492,1,1,1,1,test,0.0018584826029837132,0.9981415271759033
30493,1,1,1,1,test,0.0018531485693529248,0.9981468915939331
30496,1,1,1,1,test,0.0022842653561383486,0.9977157115936279
30506,0,1,0,1,test,0.001723538269288838,0.9982764720916748
30511,1,1,1,1,test,0.0014480387326329947,0.9985519051551819
30535,1,1,1,1,test,0.0016976309707388282,0.9983023405075073
30547,1,1,1,1,test,0.001849460881203413,0.9981505274772644
30548,1,1,1,1,test,0.0018460452556610107,0.9981539845466614
30549,1,1,1,1,test,0.0018456849502399564,0.99815434217453
30558,1,1,1,1,test,0.0015672348672524095,0.9984326958656311
30562,1,1,1,1,test,0.002196601824834943,0.9978033900260925
30563,1,1,1,1,test,0.04885057732462883,0.9511494040489197
30564,1,1,1,1,test,0.0076469131745398045,0.9923531413078308
30578,1,1,1,1,test,0.0017982672434300184,0.9982017278671265
30590,1,1,1,1,test,0.0018398137763142586,0.998160183429718
30591,1,1,1,1,test,0.0019712839275598526,0.9980286955833435
30593,1,1,1,1,test,0.004028890281915665,0.9959710240364075
30594,1,1,1,1,test,0.001804285915568471,0.9981957077980042
30608,1,1,1,1,test,0.0018170132534578443,0.9981829524040222
30609,1,1,1,1,test,0.0017564762383699417,0.9982435703277588
30610,1,1,1,1,test,0.0021432412322610617,0.9978567957878113
30613,1,1,1,1,test,0.001868524355813861,0.9981314539909363
30614,1,1,1,1,test,0.0018073810497298837,0.9981926083564758
30627,1,1,1,1,test,0.0018190833507105708,0.9981809854507446
30633,1,1,1,1,test,0.0016595851629972458,0.998340368270874
30641,1,1,1,1,test,0.002383669139817357,0.9976164102554321
30645,1,1,1,1,test,0.0035785662475973368,0.9964214563369751
30653,1,1,1,1,test,0.0018885245081037283,0.9981114864349365
30657,1,1,1,1,test,0.0021586089860647917,0.9978413581848145
30672,1,1,1,1,test,0.06829828023910522,0.9317017197608948
30676,1,1,1,1,test,0.01359206810593605,0.9864078760147095
30692,1,1,1,1,test,0.002214476466178894,0.9977854490280151
30700,1,1,1,1,test,0.0030462255235761404,0.9969537258148193
30701,1,1,1,1,test,0.006650707218796015,0.9933492541313171
30706,1,1,1,1,test,0.0017233405960723758,0.9982767105102539
30708,1,1,1,1,test,0.004744839854538441,0.9952552318572998
30747,1,1,1,1,test,0.0015678796917200089,0.9984320998191833
30751,1,1,1,1,test,0.0020994662772864103,0.9979004859924316
30754,1,1,1,1,test,0.002728635212406516,0.9972713589668274
30755,1,1,1,1,test,0.0017066329019144177,0.9982933402061462
30762,1,1,1,1,test,0.0019280491396784782,0.9980719089508057
30772,1,1,1,1,test,0.0020182032603770494,0.9979817867279053
30773,1,1,1,1,test,0.0046327607706189156,0.9953672885894775
30774,1,1,1,1,test,0.0020216270349919796,0.9979783892631531
30794,1,1,1,1,test,0.0018891834188252687,0.9981107711791992
30801,1,1,1,1,test,0.0018233992159366608,0.9981765747070312
30806,1,1,1,1,test,0.004370562266558409,0.9956294298171997
30872,1,1,1,1,test,0.004976540803909302,0.9950234889984131
30904,1,1,1,1,test,0.018864743411540985,0.9811351895332336
30988,1,1,1,1,test,0.0018332665786147118,0.9981666803359985
31103,1,1,1,1,test,0.0018107384676113725,0.9981892704963684
31169,1,1,1,1,test,0.02643890492618084,0.9735610485076904
31213,1,1,1,1,test,0.0029394689481705427,0.9970604777336121
31214,1,1,1,1,test,0.0016712489305064082,0.9983287453651428
31215,1,1,1,1,test,0.0030366512946784496,0.9969633221626282
31216,1,1,1,1,test,0.0024371652398258448,0.9975628852844238
31220,1,1,1,1,test,0.0017838089261204004,0.9982162117958069
31242,1,1,1,1,test,0.0022757677361369133,0.9977242350578308
31247,1,1,1,1,test,0.005342849995940924,0.9946570992469788
31258,1,1,1,1,test,0.0018460889114066958,0.9981538653373718
31265,1,1,1,1,test,0.0017876108177006245,0.998212456703186
31308,1,1,1,1,test,0.0017773701110854745,0.9982226490974426
31312,1,1,1,1,test,0.0017066735308617353,0.9982933402061462
31339,1,1,1,1,test,0.001769673777744174,0.9982303977012634
31340,1,1,1,1,test,0.00164997938554734,0.9983500242233276
31355,1,1,1,1,test,0.03050289861857891,0.9694971442222595
31356,1,1,1,1,test,0.005611775908619165,0.9943881630897522
31372,1,1,1,1,test,0.006238154601305723,0.9937618374824524
31373,1,1,1,1,test,0.009237746708095074,0.9907622933387756
31409,1,1,1,1,test,0.0015019121346995234,0.9984980821609497
31419,1,1,1,1,test,0.0017820894718170166,0.9982178807258606
31420,1,1,1,1,test,0.0018443792359903455,0.9981556534767151
31433,1,1,1,1,test,0.0017709932290017605,0.9982289671897888
31442,1,1,1,1,test,0.0014628097414970398,0.9985371828079224
31445,1,1,1,1,test,0.0017039866652339697,0.9982960820198059
31453,1,1,1,1,test,0.0021833479404449463,0.9978166818618774
31457,1,1,1,1,test,0.001836540992371738,0.9981635212898254
31458,1,1,1,1,test,0.0016343815950676799,0.998365581035614
31464,1,1,1,1,test,0.0015360366087406874,0.9984639883041382
31465,1,1,1,1,test,0.0015249561984091997,0.9984750151634216
31468,1,1,1,1,test,0.0023755072616040707,0.9976244568824768
31469,1,1,1,1,test,0.001689763506874442,0.9983102083206177
31479,1,1,1,1,test,0.0014158301055431366,0.9985841512680054
31491,1,1,1,1,test,0.0018073340179398656,0.9981927275657654
31497,1,1,1,1,test,0.28211310505867004,0.7178869247436523
31517,1,1,1,1,test,0.0018353192135691643,0.998164713382721
31524,1,1,1,1,test,0.001811327994801104,0.9981886744499207
31527,1,1,1,1,test,0.0018789396854117513,0.9981210827827454
31530,1,1,1,1,test,0.0016043656505644321,0.9983956217765808
31537,1,1,1,1,test,0.0016839723102748394,0.9983160495758057
31538,1,1,1,1,test,0.0020076509099453688,0.9979923963546753
31540,1,1,1,1,test,0.0022036342415958643,0.9977964162826538
31544,1,1,1,1,test,0.0029924374539405107,0.9970075488090515
31548,1,1,1,1,test,0.023667311295866966,0.9763326048851013
31552,1,1,1,1,test,0.0018025676254183054,0.9981974959373474
31557,0,1,0,1,test,0.3842237591743469,0.6157762408256531
31567,1,1,1,1,test,0.002071723574772477,0.997928261756897
31572,1,1,1,1,test,0.0016269230982288718,0.9983730316162109
31575,1,1,1,1,test,0.001458476996049285,0.9985415935516357
31588,1,1,1,1,test,0.0018818203825503588,0.9981181621551514
31592,1,1,1,1,test,0.0017135604284703732,0.9982864260673523
31597,1,1,1,1,test,0.002162044169381261,0.9978379607200623
31615,1,1,1,1,test,0.002532436978071928,0.9974675178527832
31616,1,1,1,1,test,0.0027386085130274296,0.9972614049911499
31617,1,1,1,1,test,0.003207064000889659,0.9967929720878601
31621,1,1,1,1,test,0.0015644305385649204,0.9984355568885803
31622,1,1,1,1,test,0.001693838625214994,0.998306155204773
31623,1,1,1,1,test,0.009327765554189682,0.9906721711158752
31624,1,1,1,1,test,0.00202564662322402,0.9979743361473083
31629,1,1,1,1,test,0.00521128112450242,0.9947887659072876
31635,1,1,1,1,test,0.0021740442607551813,0.9978259205818176
31636,1,1,1,1,test,0.0020962709095329046,0.9979037046432495
31646,1,1,1,1,test,0.0018168316455557942,0.9981831908226013
31650,1,1,1,1,test,0.001813277369365096,0.9981866478919983
31670,1,1,1,1,test,0.0019251288613304496,0.9980748891830444
31671,1,1,1,1,test,0.0019566649571061134,0.9980432987213135
31679,1,1,1,1,test,0.0016679918626323342,0.9983319640159607
31694,0,1,0,1,test,0.09820463508367538,0.9017953872680664
31711,1,1,1,1,test,0.003253779374063015,0.9967461824417114
31712,1,1,1,1,test,0.16267894208431244,0.8373210430145264
31713,1,1,1,1,test,0.0020172458607703447,0.9979827404022217
31723,0,1,0,1,test,0.012325171381235123,0.9876748323440552
31732,1,1,1,1,test,0.0032934725750237703,0.9967065453529358
31737,1,1,1,1,test,0.04190126433968544,0.9580987691879272
31755,1,1,1,1,test,0.0017839734209701419,0.9982159733772278
31756,1,1,1,1,test,0.0015191241400316358,0.9984808564186096
31763,1,1,1,1,test,0.0015852313954383135,0.9984147548675537
31764,1,1,1,1,test,0.0018030274659395218,0.9981970191001892
31774,1,1,1,1,test,0.006547978613525629,0.9934520721435547
31775,1,1,1,1,test,0.0018310778541490436,0.9981689453125
31779,1,1,1,1,test,0.0015590294497087598,0.9984409213066101
31786,1,1,1,1,test,0.001870458829216659,0.9981295466423035
31804,1,1,1,1,test,0.0034192479215562344,0.9965807795524597
31807,1,1,1,1,test,0.001821895013563335,0.9981781244277954
31819,1,1,1,1,test,0.001826699124649167,0.9981732368469238
