award_node_idx,true_id,pred_id,true_label,pred_label,eval_split,prob_explicit_mmr,prob_implicit_mmr,prob_multi_method_not_mmr,prob_no_method_signal,prob_qual_only,prob_quant_only
11907,3,3,no_method_signal,no_method_signal,train,0.0004108809807803482,0.0014543766155838966,0.043203648179769516,0.7762806415557861,0.004678772296756506,0.17397157847881317
11951,3,3,no_method_signal,no_method_signal,train,0.00010747346095740795,0.0002216809371020645,0.02632475085556507,0.9479111433029175,0.005654416978359222,0.0197804793715477
11971,2,5,multi_method_not_mmr,quant_only,train,0.0029640314169228077,0.021187078207731247,0.22786708176136017,0.1895478516817093,0.01595320925116539,0.5424807667732239
11984,5,2,quant_only,multi_method_not_mmr,train,0.004770437255501747,0.03285219892859459,0.4384673237800598,0.11164165288209915,0.01033906452357769,0.4019292891025543
12047,0,4,explicit_mmr,qual_only,train,0.03622549772262573,0.16452732682228088,0.2277313768863678,0.003707478055730462,0.3600810766220093,0.20772728323936462
12115,0,1,explicit_mmr,implicit_mmr,train,0.28321346640586853,0.6721239686012268,0.007371183019131422,0.00014491497131530195,0.01970316842198372,0.017443301156163216
12136,4,5,qual_only,quant_only,train,0.0015734529588371515,0.006824935786426067,0.1816551238298416,0.3111051321029663,0.14219631254673004,0.3566450774669647
12140,4,3,qual_only,no_method_signal,train,0.00010801408643601462,0.0007401428301818669,0.04648777097463608,0.9098162651062012,0.01736382767558098,0.025484008714556694
12141,3,3,no_method_signal,no_method_signal,train,0.0003531323163770139,0.002799632726237178,0.06209809333086014,0.7264330983161926,0.020012596622109413,0.18830344080924988
12147,3,3,no_method_signal,no_method_signal,train,8.83023749338463e-05,0.00032991389161907136,0.032913267612457275,0.9560502767562866,0.004867098294198513,0.005751151125878096
12148,3,3,no_method_signal,no_method_signal,train,0.00010376021964475513,0.0005327589460648596,0.05849462375044823,0.9209828972816467,0.010074074380099773,0.009811916388571262
12160,1,4,implicit_mmr,qual_only,train,0.03280779719352722,0.20361582934856415,0.1682896912097931,0.001409157644957304,0.4931749999523163,0.10070247203111649
12166,2,3,multi_method_not_mmr,no_method_signal,train,0.00037128335679881275,0.002228847937658429,0.20657867193222046,0.5751523375511169,0.09921380877494812,0.11645504832267761
12167,0,1,explicit_mmr,implicit_mmr,train,0.33483147621154785,0.6203845143318176,0.008257586508989334,0.00018002027354668826,0.015275194309651852,0.021071281284093857
12183,2,4,multi_method_not_mmr,qual_only,train,0.04573215916752815,0.23323838412761688,0.19171150028705597,0.0018636168679222465,0.3841119706630707,0.14334242045879364
12184,0,1,explicit_mmr,implicit_mmr,train,0.24738764762878418,0.6195229887962341,0.029300782829523087,0.00020986111485399306,0.027835827320814133,0.07574287056922913
12186,4,4,qual_only,qual_only,train,0.0014330042758956552,0.010440453886985779,0.31347155570983887,0.098374143242836,0.40861737728118896,0.16766352951526642
12324,4,4,qual_only,qual_only,train,0.013584359548985958,0.0875094011425972,0.26113367080688477,0.008642124012112617,0.3667619228363037,0.2623685300350189
12362,3,3,no_method_signal,no_method_signal,train,0.0006142842466942966,0.000950873363763094,0.04579829052090645,0.9467675685882568,0.0009135228465311229,0.004955403972417116
12394,4,4,qual_only,qual_only,train,0.0012588291428983212,0.007570221088826656,0.32626691460609436,0.1446259468793869,0.4082200527191162,0.11205797642469406
12402,3,3,no_method_signal,no_method_signal,train,0.00032479336368851364,0.0008861841051839292,0.06492060422897339,0.9259030222892761,0.001093452563509345,0.006871935911476612
12404,1,5,implicit_mmr,quant_only,train,0.014445303939282894,0.18610867857933044,0.26007285714149475,0.005607144441455603,0.1101265475153923,0.4236394166946411
12440,5,5,quant_only,quant_only,train,0.0032627307809889317,0.012336978688836098,0.30786198377609253,0.3100539743900299,0.0019681991543620825,0.36451610922813416
12442,5,2,quant_only,multi_method_not_mmr,train,0.0032103906851261854,0.017413059249520302,0.4234278202056885,0.2430098056793213,0.003328307531774044,0.3096105754375458
12444,3,3,no_method_signal,no_method_signal,train,0.00027731346199288964,0.0008878203807398677,0.08943819254636765,0.8961873054504395,0.001437169499695301,0.011772280558943748
12445,5,5,quant_only,quant_only,train,0.022538209334015846,0.0321439728140831,0.11309786140918732,0.06892013549804688,0.0013653554487973452,0.7619344592094421
12448,3,3,no_method_signal,no_method_signal,train,0.0002044178982032463,0.0005915270303376019,0.053419649600982666,0.9099122881889343,0.000588931841775775,0.03528327867388725
12453,3,3,no_method_signal,no_method_signal,train,0.0008243611082434654,0.0021115129347890615,0.08640565723180771,0.7852917313575745,0.0005635532434098423,0.12480318546295166
12488,2,2,multi_method_not_mmr,multi_method_not_mmr,train,0.0019093474838882685,0.009815018624067307,0.38692861795425415,0.3850151002407074,0.0033385150600224733,0.21299335360527039
12528,3,3,no_method_signal,no_method_signal,train,0.00012651969154831022,0.0003634762251749635,0.03814012184739113,0.9531610012054443,0.0034455698914825916,0.004763326141983271
12529,3,3,no_method_signal,no_method_signal,train,0.0001274046953767538,0.00024105721968226135,0.014921413734555244,0.9583283066749573,0.0011540253181010485,0.025227753445506096
12580,3,3,no_method_signal,no_method_signal,train,0.0002878867962863296,0.001572692533954978,0.07074390351772308,0.8503201603889465,0.0013392021646723151,0.07573619484901428
12595,0,1,explicit_mmr,implicit_mmr,train,0.22336983680725098,0.524141788482666,0.02694159746170044,0.0001048201957019046,0.2065868228673935,0.018855180591344833
12598,5,1,quant_only,implicit_mmr,train,0.2503412663936615,0.41837239265441895,0.055017538368701935,0.0012901383452117443,0.007103476673364639,0.26787522435188293
12600,5,1,quant_only,implicit_mmr,train,0.28154948353767395,0.42373526096343994,0.05450836196541786,0.0008139573037624359,0.00953176710754633,0.22986115515232086
12608,2,5,multi_method_not_mmr,quant_only,train,0.09963219612836838,0.31744030117988586,0.15225881338119507,0.0018751744646579027,0.09491992741823196,0.33387356996536255
12610,3,3,no_method_signal,no_method_signal,train,0.00010727806511567906,0.0005051767802797258,0.04541575163602829,0.9392901659011841,0.0044571091420948505,0.010224491357803345
12626,4,4,qual_only,qual_only,train,0.0017205115873366594,0.005992489401251078,0.1797022521495819,0.03184008598327637,0.7413704991340637,0.03937416151165962
12629,4,4,qual_only,qual_only,train,0.0017504931893199682,0.006105761509388685,0.16971568763256073,0.02714131772518158,0.7585150003433228,0.03677164018154144
12641,3,3,no_method_signal,no_method_signal,train,0.0005671142716892064,0.0024278631899505854,0.1099853590130806,0.6717150807380676,0.004136726260185242,0.21116790175437927
12693,3,3,no_method_signal,no_method_signal,train,0.00017107799067161977,0.0006145468796603382,0.0788688138127327,0.9015005826950073,0.0011674195993691683,0.01767756976187229
12746,3,3,no_method_signal,no_method_signal,train,0.00022209406597539783,0.0006655731122009456,0.06721038371324539,0.9223044514656067,0.004052670672535896,0.005544877611100674
12747,1,4,implicit_mmr,qual_only,train,0.01792849414050579,0.13958829641342163,0.23684121668338776,0.003066025208681822,0.4821929633617401,0.12038300931453705
12760,3,3,no_method_signal,no_method_signal,train,0.00028346580802462995,0.0021420633420348167,0.20087823271751404,0.582513153553009,0.168230801820755,0.045952264219522476
12771,1,4,implicit_mmr,qual_only,train,0.018265658989548683,0.12052471190690994,0.2489088475704193,0.004579928237944841,0.39386025071144104,0.2138606160879135
12812,5,5,quant_only,quant_only,train,0.017510071396827698,0.06720638275146484,0.2449314445257187,0.02193589322268963,0.16888809204101562,0.4795280694961548
12830,2,3,multi_method_not_mmr,no_method_signal,train,0.0004376700962893665,0.0014731812989339232,0.15088368952274323,0.6331761479377747,0.16306287050247192,0.050966449081897736
12856,1,5,implicit_mmr,quant_only,train,0.0225545521825552,0.08925372362136841,0.2980769872665405,0.014352893456816673,0.2182212918996811,0.3575405478477478
12857,5,4,quant_only,qual_only,train,0.0578283816576004,0.22927507758140564,0.13010871410369873,0.0011483296984806657,0.4513549208641052,0.1302846074104309
12897,3,3,no_method_signal,no_method_signal,train,0.00014990198542363942,0.0005420949892140925,0.059298302978277206,0.8860884308815002,0.01806345395743847,0.035857826471328735
12907,1,1,implicit_mmr,implicit_mmr,train,0.2237394154071808,0.6187061071395874,0.018532661721110344,8.375228935619816e-05,0.1248735710978508,0.014064425602555275
12914,3,3,no_method_signal,no_method_signal,train,9.455791587242857e-05,0.0002899297687690705,0.022838424891233444,0.960647702217102,0.004111359361559153,0.012018074281513691
12921,3,3,no_method_signal,no_method_signal,train,0.00020256506104487926,0.0013365240301936865,0.12209701538085938,0.8080506324768066,0.043030690401792526,0.025282612070441246
12946,5,2,quant_only,multi_method_not_mmr,train,0.02549983747303486,0.14715149998664856,0.2782529592514038,0.00514938123524189,0.2751919627189636,0.2687542736530304
12957,4,5,qual_only,quant_only,train,0.1336260586977005,0.20299576222896576,0.13546383380889893,0.010361111722886562,0.03533687815070152,0.48221641778945923
12965,1,1,implicit_mmr,implicit_mmr,train,0.2696613669395447,0.522539496421814,0.031878381967544556,0.0003780839906539768,0.008551860228180885,0.16699080169200897
12995,0,1,explicit_mmr,implicit_mmr,train,0.45062604546546936,0.5133126974105835,0.005790443625301123,0.00013186523574404418,0.012126515619456768,0.01801243983209133
13089,3,3,no_method_signal,no_method_signal,train,0.0006846912438049912,0.006039792206138372,0.10303962230682373,0.5738779306411743,0.0041096266359090805,0.3122483789920807
13108,3,3,no_method_signal,no_method_signal,train,0.001629729988053441,0.0038695510011166334,0.056586988270282745,0.5791543126106262,0.005342274904251099,0.3534170687198639
13133,1,0,implicit_mmr,explicit_mmr,train,0.41035696864128113,0.3620290160179138,0.01062854751944542,0.00012859064736403525,0.209645614027977,0.00721121858805418
13168,4,2,qual_only,multi_method_not_mmr,train,0.0024749343283474445,0.03787219896912575,0.33974185585975647,0.037818532437086105,0.2586480677127838,0.3234444260597229
13176,5,4,quant_only,qual_only,train,0.001024132827296853,0.009242960251867771,0.29889625310897827,0.14299437403678894,0.37651732563972473,0.1713249534368515
13177,0,4,explicit_mmr,qual_only,train,0.011335296556353569,0.054697420448064804,0.13721077144145966,0.0029815081506967545,0.7231235504150391,0.07065140455961227
13180,2,3,multi_method_not_mmr,no_method_signal,train,0.00010661825217539445,0.0004002419300377369,0.041630882769823074,0.94596928358078,0.0037067693192511797,0.00818619318306446
13223,3,3,no_method_signal,no_method_signal,train,0.00010493311856407672,0.00024630106054246426,0.016981497406959534,0.9724795818328857,0.000793324550613761,0.009394347667694092
13229,3,3,no_method_signal,no_method_signal,train,0.0011184433242306113,0.003842812729999423,0.1418270319700241,0.5754643082618713,0.004784522112458944,0.27296286821365356
13236,1,1,implicit_mmr,implicit_mmr,train,0.26273784041404724,0.4573502838611603,0.03125458583235741,0.0005950962658971548,0.0075080506503582,0.24055418372154236
13237,4,4,qual_only,qual_only,train,0.0008098350372165442,0.0061385552398860455,0.24676182866096497,0.11156635731458664,0.4826439619064331,0.1520794779062271
13323,3,3,no_method_signal,no_method_signal,train,8.90172304934822e-05,0.00024804595159366727,0.027690138667821884,0.9618378281593323,0.0029886416159570217,0.007146462332457304
13329,0,5,explicit_mmr,quant_only,train,0.26056671142578125,0.21514742076396942,0.11918129771947861,0.00628279522061348,0.04537259414792061,0.3534490764141083
13356,4,4,qual_only,qual_only,train,0.001043801661580801,0.005634514149278402,0.2947235405445099,0.19544830918312073,0.39456886053085327,0.10858102887868881
13367,5,5,quant_only,quant_only,train,0.012671011500060558,0.029867293313145638,0.29554709792137146,0.10255225002765656,0.1995776891708374,0.35978472232818604
13385,5,5,quant_only,quant_only,train,0.03515235334634781,0.10025698691606522,0.22610118985176086,0.03163977712392807,0.00785523559898138,0.5989944934844971
13386,0,0,explicit_mmr,explicit_mmr,train,0.49886953830718994,0.43645986914634705,0.009080931544303894,0.00016132679593283683,0.010243535041809082,0.04518483206629753
13387,5,5,quant_only,quant_only,train,0.025231409817934036,0.2145870327949524,0.21612554788589478,0.004712386056780815,0.0511491522192955,0.4881945550441742
13390,0,1,explicit_mmr,implicit_mmr,train,0.25072675943374634,0.5459328293800354,0.050080280750989914,0.0003064156917389482,0.062313780188560486,0.09063995629549026
13391,0,1,explicit_mmr,implicit_mmr,train,0.1459643691778183,0.6158051490783691,0.06135902553796768,0.00035535244387574494,0.028010375797748566,0.14850570261478424
13393,1,1,implicit_mmr,implicit_mmr,train,0.1256471872329712,0.4008169174194336,0.04791642725467682,0.0002778256603050977,0.38540130853652954,0.03994028642773628
13402,0,1,explicit_mmr,implicit_mmr,train,0.4352685511112213,0.4943506717681885,0.01283033937215805,0.00026523388805799186,0.013641144149005413,0.043643999844789505
13403,5,5,quant_only,quant_only,train,0.01376068964600563,0.11666713654994965,0.2007243037223816,0.011052064597606659,0.04289949685335159,0.6148963570594788
13449,2,5,multi_method_not_mmr,quant_only,train,0.017294559627771378,0.07075843214988708,0.3009297549724579,0.016805458813905716,0.2849615514278412,0.30925023555755615
13450,0,1,explicit_mmr,implicit_mmr,train,0.35378649830818176,0.503930389881134,0.006567719392478466,9.181292989524081e-05,0.1272573322057724,0.00836618710309267
13453,0,1,explicit_mmr,implicit_mmr,train,0.3020167648792267,0.4466440677642822,0.007055262103676796,0.0001918367634061724,0.2394392192363739,0.0046528661623597145
13454,0,0,explicit_mmr,explicit_mmr,train,0.48753318190574646,0.3751162588596344,0.00500477897003293,0.00010409587412141263,0.12437448650598526,0.00786724966019392
13498,0,1,explicit_mmr,implicit_mmr,train,0.3965577483177185,0.5671190619468689,0.00502995727583766,0.00011772750440286472,0.017681051045656204,0.013494566082954407
13499,3,3,no_method_signal,no_method_signal,train,0.0004503570671658963,0.003735193982720375,0.25139448046684265,0.5353807806968689,0.13693763315677643,0.07210150361061096
13504,3,3,no_method_signal,no_method_signal,train,0.0004273849481251091,0.003418276086449623,0.24404571950435638,0.5626757144927979,0.12819580733776093,0.061237066984176636
13506,0,0,explicit_mmr,explicit_mmr,train,0.4933083653450012,0.47005993127822876,0.0049615525640547276,0.0001321393356192857,0.021268004551529884,0.010270080529153347
13518,0,1,explicit_mmr,implicit_mmr,train,0.3950788974761963,0.5639967322349548,0.006155725568532944,0.00011391850421205163,0.014885044656693935,0.019769733771681786
13524,0,1,explicit_mmr,implicit_mmr,train,0.41147345304489136,0.5530423521995544,0.004441624972969294,0.000122811587061733,0.019520534202456474,0.011399196460843086
13531,0,4,explicit_mmr,qual_only,train,0.12724807858467102,0.22170589864253998,0.16696476936340332,0.003126035677269101,0.30205708742141724,0.17889811098575592
13532,2,1,multi_method_not_mmr,implicit_mmr,train,0.3468340337276459,0.5922545790672302,0.009195882827043533,0.00011987293692072853,0.038514647632837296,0.013080964796245098
13543,0,1,explicit_mmr,implicit_mmr,train,0.41588231921195984,0.5465906262397766,0.0067396098747849464,0.00014798506163060665,0.014999487437307835,0.015640031546354294
13544,0,1,explicit_mmr,implicit_mmr,train,0.40819045901298523,0.5526630282402039,0.006584733724594116,0.00013212257181294262,0.011850779876112938,0.020578864961862564
13579,0,1,explicit_mmr,implicit_mmr,train,0.394333153963089,0.5628584623336792,0.009811469353735447,0.00013428356032818556,0.008718744851648808,0.024143947288393974
13626,3,3,no_method_signal,no_method_signal,train,0.00013873072748538107,0.0004431147244758904,0.03007429838180542,0.9634069800376892,0.0016793239628896117,0.004257623106241226
13630,5,5,quant_only,quant_only,train,0.006433585193008184,0.013104393146932125,0.16558673977851868,0.2399025559425354,0.0016188251320272684,0.5733538866043091
13666,2,3,multi_method_not_mmr,no_method_signal,train,0.00022508014808408916,0.0022042705677449703,0.2444852888584137,0.6380537748336792,0.04620298743247986,0.06882860511541367
13669,3,5,no_method_signal,quant_only,train,0.0015677757328376174,0.005505870096385479,0.08914531022310257,0.4127941131591797,0.009513639844954014,0.48147329688072205
13708,5,5,quant_only,quant_only,train,0.15967024862766266,0.1033639907836914,0.17252226173877716,0.04006785526871681,0.10164512693881989,0.42273056507110596
13714,1,0,implicit_mmr,explicit_mmr,train,0.525162935256958,0.41727280616760254,0.009157562628388405,0.0002805810363497585,0.003932909574359655,0.04419321566820145
13719,3,3,no_method_signal,no_method_signal,train,0.0003476165875326842,0.0013977634953334928,0.1634266972541809,0.8181770443916321,0.003841504454612732,0.012809344567358494
13747,1,1,implicit_mmr,implicit_mmr,train,0.23657263815402985,0.46776217222213745,0.03475711867213249,0.0002124221355188638,0.23673351109027863,0.02396223694086075
13757,2,4,multi_method_not_mmr,qual_only,train,0.0029992875643074512,0.017300734296441078,0.2890848219394684,0.021896136924624443,0.6239950060844421,0.044724009931087494
13766,0,1,explicit_mmr,implicit_mmr,train,0.33763954043388367,0.3689137399196625,0.027103837579488754,0.0001903390948427841,0.24941332638263702,0.016739273443818092
13779,2,4,multi_method_not_mmr,qual_only,train,0.05884431302547455,0.12746694684028625,0.20049633085727692,0.002911513904109597,0.5118030309677124,0.09847787022590637
13799,5,3,quant_only,no_method_signal,train,0.0007879794575273991,0.006207512225955725,0.20435798168182373,0.3792843520641327,0.13406115770339966,0.2753009498119354
13847,5,5,quant_only,quant_only,train,0.0198171678930521,0.11401351541280746,0.16970965266227722,0.01070405449718237,0.017313390970230103,0.6684422492980957
13914,2,5,multi_method_not_mmr,quant_only,train,0.08255130797624588,0.10957615077495575,0.21453259885311127,0.027707980945706367,0.04664509743452072,0.5189868807792664
13922,0,1,explicit_mmr,implicit_mmr,train,0.4245198965072632,0.49475064873695374,0.0164217296987772,0.0001865722006186843,0.029043037444353104,0.035078179091215134
13965,5,5,quant_only,quant_only,train,0.01321402471512556,0.1288512498140335,0.22234156727790833,0.008856421336531639,0.07433868944644928,0.5523980855941772
13967,5,5,quant_only,quant_only,train,0.012510218657553196,0.12154768407344818,0.21966247260570526,0.009587074629962444,0.07028268277645111,0.5664099454879761
13982,2,3,multi_method_not_mmr,no_method_signal,train,0.00039537265547551215,0.0029028374701738358,0.2142648845911026,0.511055588722229,0.2181389182806015,0.053242359310388565
14013,2,3,multi_method_not_mmr,no_method_signal,train,0.0005295458831824362,0.004051136318594217,0.2775811553001404,0.3736661672592163,0.27682051062583923,0.06735151261091232
14033,2,4,multi_method_not_mmr,qual_only,train,0.0006675381446257234,0.004897241480648518,0.2917320430278778,0.2734486162662506,0.338286429643631,0.09096807986497879
14034,3,3,no_method_signal,no_method_signal,train,0.0001347272627754137,0.0010387476067990065,0.07400429248809814,0.8690885901451111,0.021601658314466476,0.03413207828998566
14059,1,1,implicit_mmr,implicit_mmr,train,0.36862844228744507,0.4956921935081482,0.029408138245344162,0.00016634225903544575,0.04590221866965294,0.06020262464880943
14067,0,0,explicit_mmr,explicit_mmr,train,0.6100195050239563,0.3635347783565521,0.0046984124928712845,0.00012390642950776964,0.00771584827452898,0.01390750426799059
14105,3,3,no_method_signal,no_method_signal,train,8.809989230940118e-05,0.0002617462887428701,0.02677813358604908,0.9499707221984863,0.003800855716690421,0.0191003680229187
14122,3,3,no_method_signal,no_method_signal,train,8.691800758242607e-05,0.0005025707650929689,0.04338432475924492,0.9382550120353699,0.00650276942178607,0.011268367059528828
14128,3,3,no_method_signal,no_method_signal,train,0.00013891022535972297,0.0006377851823344827,0.053761258721351624,0.8858053088188171,0.0161930900067091,0.04346369579434395
14158,3,5,no_method_signal,quant_only,train,0.0009220922947861254,0.009432503953576088,0.23410961031913757,0.3545161783695221,0.0076751746237277985,0.3933444321155548
14163,0,1,explicit_mmr,implicit_mmr,train,0.38100481033325195,0.547078549861908,0.016009192913770676,8.190789958462119e-05,0.01631256192922592,0.03951304033398628
14221,2,1,multi_method_not_mmr,implicit_mmr,train,0.3161683678627014,0.5512427091598511,0.028635883703827858,0.00025596944033168256,0.011011460795998573,0.09268561005592346
14222,3,3,no_method_signal,no_method_signal,train,0.00020699622109532356,0.000649662280920893,0.06124129146337509,0.9284313917160034,0.0013668853789567947,0.008103863336145878
14223,0,1,explicit_mmr,implicit_mmr,train,0.15010417997837067,0.4620448350906372,0.09112179279327393,0.000837316329125315,0.044550709426403046,0.2513411045074463
14234,5,5,quant_only,quant_only,train,0.008465315215289593,0.061959464102983475,0.22572089731693268,0.0431576706469059,0.06346175074577332,0.5972349643707275
14236,3,3,no_method_signal,no_method_signal,train,0.00015499538858421147,0.0007002876373007894,0.07966812700033188,0.8986115455627441,0.012632898986339569,0.008232210762798786
14249,0,4,explicit_mmr,qual_only,train,0.15039190649986267,0.20024703443050385,0.01770058460533619,0.00017358992772642523,0.620094895362854,0.011392083019018173
14259,3,3,no_method_signal,no_method_signal,train,0.0006655926117673516,0.0054265889339149,0.07966391742229462,0.5017207264900208,0.015880798920989037,0.39664244651794434
14268,1,5,implicit_mmr,quant_only,train,0.06433000415563583,0.2358972728252411,0.1303284615278244,0.010001691989600658,0.0034653476905077696,0.5559771656990051
14280,5,3,quant_only,no_method_signal,train,0.0034856460988521576,0.004111597780138254,0.050731539726257324,0.5887435674667358,0.0023844714742153883,0.35054320096969604
14282,5,3,quant_only,no_method_signal,train,0.0003509742673486471,0.0010260625276714563,0.026269029825925827,0.8472738265991211,0.0016364229377359152,0.12344363331794739
14288,3,5,no_method_signal,quant_only,train,0.0036577219143509865,0.005262432154268026,0.06923794746398926,0.37150800228118896,0.006397353019565344,0.5439366102218628
14311,5,3,quant_only,no_method_signal,train,0.00035020304494537413,0.0009191776625812054,0.038819994777441025,0.8475464582443237,0.004195510875433683,0.10816875100135803
14314,3,3,no_method_signal,no_method_signal,train,0.00030813334160484374,0.0008064040448516607,0.022277912124991417,0.870712161064148,0.0033824548590928316,0.10251300036907196
14352,5,5,quant_only,quant_only,train,0.005634532775729895,0.009297803975641727,0.08977536857128143,0.2144799679517746,0.006606495939195156,0.6742058396339417
14366,3,3,no_method_signal,no_method_signal,train,9.762200352270156e-05,0.00020816853793803602,0.01427407655864954,0.9674175381660461,0.0015481904847547412,0.01645437814295292
14373,2,5,multi_method_not_mmr,quant_only,train,0.0017228055512532592,0.012868900783360004,0.10694213956594467,0.19984261691570282,0.026057997718453407,0.6525654792785645
14384,5,5,quant_only,quant_only,train,0.0047857388854026794,0.011854399926960468,0.1308015137910843,0.25950637459754944,0.0012844534358009696,0.5917674899101257
14404,5,5,quant_only,quant_only,train,0.009894040413200855,0.02767574042081833,0.31613144278526306,0.08390843868255615,0.004194979555904865,0.5581953525543213
14414,5,1,quant_only,implicit_mmr,train,0.21227680146694183,0.6026416420936584,0.04035951569676399,0.000512082944624126,0.007625645026564598,0.13658416271209717
14431,2,3,multi_method_not_mmr,no_method_signal,train,0.00017581717111170292,0.0008487789309583604,0.0953749492764473,0.8866361975669861,0.002104890299960971,0.014859303832054138
14480,3,3,no_method_signal,no_method_signal,train,0.0001945629046531394,0.0009091371321119368,0.09810224920511246,0.8812706470489502,0.0020244321785867214,0.017499001696705818
14511,2,1,multi_method_not_mmr,implicit_mmr,train,0.19752170145511627,0.4422697424888611,0.077694833278656,0.0012743265833705664,0.017870012670755386,0.2633693218231201
14518,0,1,explicit_mmr,implicit_mmr,train,0.21074964106082916,0.514279842376709,0.053922515362501144,0.00022416486172005534,0.1681678742170334,0.052656035870313644
14544,5,5,quant_only,quant_only,train,0.0024586401414126158,0.025279555469751358,0.3657771348953247,0.09253005683422089,0.09871498495340347,0.415239542722702
14548,0,5,explicit_mmr,quant_only,train,0.0041093300096690655,0.007955091074109077,0.08865052461624146,0.4277195334434509,0.003920850809663534,0.46764475107192993
14576,1,5,implicit_mmr,quant_only,train,0.0018404581351205707,0.011400035582482815,0.15896926820278168,0.3890911042690277,0.027452800422906876,0.41124629974365234
14590,5,2,quant_only,multi_method_not_mmr,train,0.0014049289748072624,0.01674540713429451,0.4103144705295563,0.0810256227850914,0.22518299520015717,0.265326589345932
14598,3,3,no_method_signal,no_method_signal,train,0.00024196828599087894,0.000840743537992239,0.08369658887386322,0.902419924736023,0.00132998067419976,0.011470853351056576
14599,0,1,explicit_mmr,implicit_mmr,train,0.30235281586647034,0.452408105134964,0.007074487861245871,0.0001892621658043936,0.23327328264713287,0.0047020320780575275
14601,1,5,implicit_mmr,quant_only,train,0.051239967346191406,0.09900695830583572,0.21785561740398407,0.03347077593207359,0.055556152015924454,0.5428705215454102
14614,0,5,explicit_mmr,quant_only,train,0.03697921335697174,0.09585268050432205,0.1955445110797882,0.01926656998693943,0.030199166387319565,0.6221578121185303
14651,5,1,quant_only,implicit_mmr,train,0.36549946665763855,0.43349894881248474,0.012125582434237003,6.950798706384376e-05,0.17933884263038635,0.009467674419283867
14655,4,1,qual_only,implicit_mmr,train,0.3167116641998291,0.6242828965187073,0.010826731100678444,0.00011699611059157178,0.02169966511428356,0.026362000033259392
14669,5,1,quant_only,implicit_mmr,train,0.3818846046924591,0.5763396620750427,0.006621940992772579,0.00010723989544203505,0.01939011737704277,0.01565646007657051
14674,5,1,quant_only,implicit_mmr,train,0.2811298072338104,0.6691132187843323,0.009957556612789631,0.0002055787917925045,0.015268300659954548,0.02432551048696041
14676,5,1,quant_only,implicit_mmr,train,0.23581145703792572,0.6744234561920166,0.018819736316800117,0.00017217668937519193,0.01329544186592102,0.05747774988412857
14677,4,4,qual_only,qual_only,train,0.016623636707663536,0.04644498974084854,0.32092055678367615,0.025819072499871254,0.3900868594646454,0.20010489225387573
14694,1,4,implicit_mmr,qual_only,train,0.05752090737223625,0.19682718813419342,0.14649847149848938,0.0015625196974724531,0.5042682886123657,0.09332262724637985
14707,1,4,implicit_mmr,qual_only,train,0.05906623601913452,0.21971893310546875,0.1761387139558792,0.0015838484978303313,0.4306827187538147,0.11280962824821472
14710,0,5,explicit_mmr,quant_only,train,0.11747998744249344,0.2228882610797882,0.08076322078704834,0.006853278260678053,0.004487728700041771,0.5675274729728699
14712,0,5,explicit_mmr,quant_only,train,0.10546073317527771,0.2439947873353958,0.09048821777105331,0.00658974377438426,0.005072948057204485,0.5483935475349426
14715,0,1,explicit_mmr,implicit_mmr,train,0.26073890924453735,0.4782981872558594,0.010979224927723408,0.0001364961062790826,0.24326978623867035,0.006577340420335531
14739,5,4,quant_only,qual_only,train,0.003536289557814598,0.019933536648750305,0.3545648753643036,0.0423118993639946,0.44883203506469727,0.1308213323354721
14752,0,0,explicit_mmr,explicit_mmr,train,0.6986645460128784,0.27683693170547485,0.004027192480862141,0.00012426116154529154,0.008621802553534508,0.011725254356861115
14753,0,0,explicit_mmr,explicit_mmr,train,0.5883834958076477,0.37806469202041626,0.0033741730730980635,7.918334449641407e-05,0.025186119601130486,0.0049123200587928295
14754,0,0,explicit_mmr,explicit_mmr,train,0.5295141935348511,0.4368916153907776,0.004237893037497997,8.613908721599728e-05,0.0225685928016901,0.006701446603983641
14827,5,5,quant_only,quant_only,train,0.0062042465433478355,0.030519045889377594,0.11002717912197113,0.10720229148864746,0.0031051081605255604,0.7429420948028564
14835,4,4,qual_only,qual_only,train,0.24395258724689484,0.21544960141181946,0.06307388097047806,0.0007737624109722674,0.43031615018844604,0.046433936804533005
14841,3,3,no_method_signal,no_method_signal,train,7.312675006687641e-05,0.0003781017439905554,0.02460564486682415,0.9595935940742493,0.003431619144976139,0.011917895637452602
14848,3,3,no_method_signal,no_method_signal,train,7.865627412684262e-05,0.0003200790088158101,0.026101913303136826,0.9635882377624512,0.002421903656795621,0.007489203941076994
14862,3,3,no_method_signal,no_method_signal,train,0.00021433919027913362,0.0010680932318791747,0.1212974265217781,0.842803955078125,0.0015147505328059196,0.03310136869549751
14871,5,5,quant_only,quant_only,train,0.001592801185324788,0.01373618096113205,0.15380460023880005,0.26316002011299133,0.007437158841639757,0.5602691769599915
14873,3,5,no_method_signal,quant_only,train,0.0031967994291335344,0.030696794390678406,0.22277896106243134,0.12418123334646225,0.00905341375619173,0.61009281873703
14875,3,3,no_method_signal,no_method_signal,train,0.000101421021099668,0.0003849913482554257,0.03293468803167343,0.9575565457344055,0.0027807136066257954,0.00624166801571846
14882,0,1,explicit_mmr,implicit_mmr,train,0.3099014163017273,0.4228817820549011,0.014680142514407635,0.00010092528100358322,0.24561291933059692,0.00682278536260128
14888,3,4,no_method_signal,qual_only,train,0.004320181906223297,0.013395912013947964,0.3276230990886688,0.04374833032488823,0.38133546710014343,0.22957704961299896
14894,3,3,no_method_signal,no_method_signal,train,8.779388008406386e-05,0.00038380047772079706,0.04189256951212883,0.9297517538070679,0.007706383243203163,0.02017769031226635
14897,2,5,multi_method_not_mmr,quant_only,train,0.001842411351390183,0.033299967646598816,0.3727402985095978,0.11259229481220245,0.03277786076068878,0.44674721360206604
14899,1,5,implicit_mmr,quant_only,train,0.0007761311717331409,0.013194858096539974,0.20640531182289124,0.2983906865119934,0.03662852197885513,0.4446044862270355
14904,1,0,implicit_mmr,explicit_mmr,train,0.6969050168991089,0.2717251479625702,0.004425589926540852,0.00013844286149833351,0.010014145635068417,0.016791630536317825
14907,2,4,multi_method_not_mmr,qual_only,train,0.0026406364049762487,0.007692217361181974,0.3306578993797302,0.10334186255931854,0.4468579590320587,0.10880941152572632
14910,2,2,multi_method_not_mmr,multi_method_not_mmr,train,0.0026541210245341063,0.010761619545519352,0.3643350303173065,0.15085472166538239,0.3131640553474426,0.15823043882846832
14913,2,5,multi_method_not_mmr,quant_only,train,0.0037473554257303476,0.034065354615449905,0.14310322701931,0.0594155415892601,0.011432445608079433,0.7482360005378723
14917,3,4,no_method_signal,qual_only,train,0.005800476297736168,0.010908052325248718,0.24780897796154022,0.08014631271362305,0.5317040085792542,0.12363217025995255
14930,3,3,no_method_signal,no_method_signal,train,0.0004908079863525927,0.0036919726990163326,0.2626722753047943,0.6109203696250916,0.004223403986543417,0.11800119280815125
14939,3,3,no_method_signal,no_method_signal,train,0.00022783227905165404,0.0005497530801221728,0.050105173140764236,0.9348293542861938,0.000573930621612817,0.01371392235159874
14941,3,3,no_method_signal,no_method_signal,train,0.0004662346327677369,0.0010774863185361028,0.10499613732099533,0.8810170292854309,0.0014139233389869332,0.01102916058152914
14949,3,3,no_method_signal,no_method_signal,train,0.002618214348331094,0.004124039318412542,0.07305117696523666,0.5579279661178589,0.0008231756510213017,0.36145535111427307
14956,3,3,no_method_signal,no_method_signal,train,0.0004159285163041204,0.0027896768879145384,0.17083653807640076,0.7302356362342834,0.0024667049292474985,0.09325561672449112
14962,5,5,quant_only,quant_only,train,0.00396072817966342,0.03260781243443489,0.1575051248073578,0.06651490181684494,0.00903855450451374,0.7303729057312012
14963,0,5,explicit_mmr,quant_only,train,0.042341966181993484,0.09385934472084045,0.20552602410316467,0.02132553420960903,0.046362102031707764,0.5905850529670715
15013,2,4,multi_method_not_mmr,qual_only,train,0.019944924861192703,0.06721770018339157,0.2984042763710022,0.015437832102179527,0.406584769487381,0.19241052865982056
15022,3,3,no_method_signal,no_method_signal,train,0.0006820260314270854,0.0013573477044701576,0.12885624170303345,0.6346747875213623,0.13320189714431763,0.10122766345739365
15026,3,3,no_method_signal,no_method_signal,train,0.00010860658221645281,0.00023320989566855133,0.021925484761595726,0.9558574557304382,0.0036352830938994884,0.018239952623844147
15027,3,3,no_method_signal,no_method_signal,train,9.134091669693589e-05,0.0005017808871343732,0.05433935299515724,0.9296923875808716,0.00696014566347003,0.008415036834776402
15074,4,4,qual_only,qual_only,train,0.001025030855089426,0.0042036003433167934,0.2834455668926239,0.14048345386981964,0.5256871581077576,0.04515516012907028
15097,2,4,multi_method_not_mmr,qual_only,train,0.006750400178134441,0.03747623413801193,0.2835310697555542,0.013182729482650757,0.5598694086074829,0.0991901308298111
15141,1,2,implicit_mmr,multi_method_not_mmr,train,0.016108350828289986,0.26409709453582764,0.3915722370147705,0.004751859698444605,0.10745818167924881,0.21601223945617676
15148,5,5,quant_only,quant_only,train,0.0035745915956795216,0.007101911120116711,0.17437462508678436,0.3188418447971344,0.002233884297311306,0.49387311935424805
15163,4,4,qual_only,qual_only,train,0.004057017620652914,0.02731642872095108,0.268559068441391,0.017638014629483223,0.47485294938087463,0.2075764238834381
15177,1,1,implicit_mmr,implicit_mmr,train,0.09935197979211807,0.4872538447380066,0.10658454895019531,0.0009184287628158927,0.018520181998610497,0.2873709499835968
15183,5,5,quant_only,quant_only,train,0.012355638667941093,0.062184710055589676,0.3262549638748169,0.022712070494890213,0.2025323361158371,0.3739601969718933
15192,1,1,implicit_mmr,implicit_mmr,train,0.31922441720962524,0.5683403611183167,0.03263099491596222,0.00019648078887257725,0.014282426796853542,0.06532537937164307
15193,5,5,quant_only,quant_only,train,0.03006122075021267,0.14919555187225342,0.2634696364402771,0.0075242407619953156,0.2651791572570801,0.28457021713256836
15202,5,5,quant_only,quant_only,train,0.0067758928053081036,0.06380202621221542,0.26677921414375305,0.016996750608086586,0.14185380935668945,0.5037923455238342
15210,2,5,multi_method_not_mmr,quant_only,train,0.004796518478542566,0.045611388981342316,0.35868144035339355,0.02808317169547081,0.17895756661891937,0.3838699162006378
15231,5,5,quant_only,quant_only,train,0.022579379379749298,0.08770230412483215,0.29809337854385376,0.012613578699529171,0.2808280885219574,0.29818323254585266
15238,3,3,no_method_signal,no_method_signal,train,0.00019131437875330448,0.0007024031947366893,0.09866385161876678,0.8777968883514404,0.014297103509306908,0.008348545990884304
15243,5,1,quant_only,implicit_mmr,train,0.32607418298721313,0.45448485016822815,0.052991122007369995,0.0004902239888906479,0.025786278769373894,0.14017337560653687
15269,2,3,multi_method_not_mmr,no_method_signal,train,0.00010342284804210067,0.0011039553210139275,0.053440921008586884,0.9086286425590515,0.004950347822159529,0.03177272528409958
15279,5,5,quant_only,quant_only,train,0.032504305243492126,0.1070985421538353,0.18806438148021698,0.016265684738755226,0.05501117184758186,0.601055920124054
15307,4,2,qual_only,multi_method_not_mmr,train,0.003713939804583788,0.010116538032889366,0.33039963245391846,0.1518811732530594,0.30009564757347107,0.2037930190563202
15320,5,5,quant_only,quant_only,train,0.00561226112768054,0.03132680431008339,0.18097130954265594,0.041919562965631485,0.01639454998075962,0.7237755060195923
15343,2,5,multi_method_not_mmr,quant_only,train,0.010277992114424706,0.03763766214251518,0.30351436138153076,0.03243767470121384,0.28765591979026794,0.32847633957862854
15353,1,0,implicit_mmr,explicit_mmr,train,0.5242925882339478,0.3356359601020813,0.02083640545606613,0.0006211319123394787,0.0042279791086912155,0.1143859475851059
15354,3,3,no_method_signal,no_method_signal,train,0.00018650693527888507,0.0005736121674999595,0.045838307589292526,0.9422337412834167,0.0006913889083079994,0.01047645416110754
15384,5,5,quant_only,quant_only,train,0.011431504040956497,0.05830055847764015,0.11974526941776276,0.05549944192171097,0.01296820119023323,0.7420550584793091
15402,0,0,explicit_mmr,explicit_mmr,train,0.6228606104850769,0.32371044158935547,0.008852371945977211,0.000265787384705618,0.004400946199893951,0.03990974649786949
15426,1,4,implicit_mmr,qual_only,train,0.04639795795083046,0.29241886734962463,0.172055184841156,0.001328526297584176,0.3142334222793579,0.17356601357460022
15427,5,5,quant_only,quant_only,train,0.10284556448459625,0.21857857704162598,0.08395718783140182,0.0033008330501616,0.00824985932558775,0.5830680131912231
15431,5,5,quant_only,quant_only,train,0.11365235596895218,0.24439969658851624,0.08677206188440323,0.00282705994322896,0.009520993568003178,0.542827844619751
15439,5,5,quant_only,quant_only,train,0.15980814397335052,0.32123544812202454,0.09653914719820023,0.002197523135691881,0.013075158931314945,0.40714457631111145
15445,2,3,multi_method_not_mmr,no_method_signal,train,0.00045217163278721273,0.0033300896175205708,0.23989412188529968,0.442047119140625,0.25736069679260254,0.05691582337021828
15456,1,1,implicit_mmr,implicit_mmr,train,0.39151522517204285,0.5283485054969788,0.015616253949701786,0.0002942061109934002,0.010489669628441334,0.05373618006706238
15463,5,2,quant_only,multi_method_not_mmr,train,0.0007273806259036064,0.006295862607657909,0.3385638892650604,0.20958976447582245,0.2401481568813324,0.20467500388622284
15469,3,3,no_method_signal,no_method_signal,train,0.0003781643754336983,0.0019846074283123016,0.15756040811538696,0.6719233989715576,0.12447085231542587,0.043682605028152466
15476,0,1,explicit_mmr,implicit_mmr,train,0.3924504220485687,0.49352729320526123,0.005681926384568214,0.00011063181591453031,0.10229211300611496,0.005937621928751469
15480,2,4,multi_method_not_mmr,qual_only,train,0.016397064551711082,0.09985830634832382,0.18065981566905975,0.0028687529265880585,0.6060910224914551,0.09412503987550735
15482,0,4,explicit_mmr,qual_only,train,0.003655657870694995,0.010437734425067902,0.09729175269603729,0.007643906865268946,0.862538754940033,0.018432166427373886
15494,5,5,quant_only,quant_only,train,0.04154999181628227,0.04798636958003044,0.11743953078985214,0.03568079322576523,0.005650771781802177,0.7516925930976868
15514,3,3,no_method_signal,no_method_signal,train,0.0004093774768989533,0.0024427417665719986,0.17547596991062164,0.5990808606147766,0.17624647915363312,0.046344541013240814
15521,2,2,multi_method_not_mmr,multi_method_not_mmr,train,0.0032448971178382635,0.04306122660636902,0.4978921711444855,0.03088800050318241,0.21391361951828003,0.21100006997585297
15522,3,3,no_method_signal,no_method_signal,train,0.00028630494489334524,0.0010990728624165058,0.13566501438617706,0.8360967636108398,0.016548216342926025,0.010304679162800312
15541,3,5,no_method_signal,quant_only,train,0.008694573305547237,0.009297195822000504,0.04694822058081627,0.39708077907562256,0.001242580357939005,0.5367366075515747
15544,2,3,multi_method_not_mmr,no_method_signal,train,0.0005161652225069702,0.0041287606582045555,0.2769024968147278,0.4793531894683838,0.17385759949684143,0.06524180620908737
15596,5,5,quant_only,quant_only,train,0.09344755113124847,0.06888104975223541,0.09010209888219833,0.03984152898192406,0.002750091953203082,0.7049776315689087
15622,3,3,no_method_signal,no_method_signal,train,0.00015788570453878492,0.001598060131072998,0.16258668899536133,0.7253658175468445,0.028559325262904167,0.08173231780529022
15623,3,3,no_method_signal,no_method_signal,train,0.0002969445486087352,0.002545748371630907,0.11544713377952576,0.645646870136261,0.03460197150707245,0.20146138966083527
15635,0,5,explicit_mmr,quant_only,train,0.03973372280597687,0.11766090989112854,0.22541573643684387,0.006993093062192202,0.25998538732528687,0.35021114349365234
15677,2,5,multi_method_not_mmr,quant_only,train,0.005988293793052435,0.06229184940457344,0.3691774606704712,0.060036759823560715,0.03172062337398529,0.470784991979599
15684,5,5,quant_only,quant_only,train,0.0022371874656528234,0.014280498027801514,0.25703758001327515,0.28536805510520935,0.004807955119758844,0.43626871705055237
15693,5,5,quant_only,quant_only,train,0.004983182530850172,0.012309209443628788,0.16824758052825928,0.22700999677181244,0.0023111512418836355,0.5851388573646545
15702,5,5,quant_only,quant_only,train,0.003523137653246522,0.04569896683096886,0.13023050129413605,0.043488144874572754,0.030107196420431137,0.7469519972801208
15703,5,5,quant_only,quant_only,train,0.0008774098823778331,0.013650274835526943,0.17250801622867584,0.18165189027786255,0.040930941700935364,0.5903815031051636
15704,5,4,quant_only,qual_only,train,0.0010295403189957142,0.00541474437341094,0.14371319115161896,0.17813898622989655,0.3993086814880371,0.27239489555358887
15705,2,4,multi_method_not_mmr,qual_only,train,0.001588977873325348,0.018273409456014633,0.23475375771522522,0.051475025713443756,0.3889765739440918,0.30493229627609253
15707,3,5,no_method_signal,quant_only,train,0.011666614562273026,0.0788780152797699,0.09830601513385773,0.01087246835231781,0.01267893798649311,0.7875979542732239
15708,5,3,quant_only,no_method_signal,train,0.0004773481341544539,0.0059045953676104546,0.29389163851737976,0.3004838824272156,0.26462435722351074,0.13461819291114807
15709,4,4,qual_only,qual_only,train,0.0006050217780284584,0.004714680835604668,0.2334233522415161,0.19990883767604828,0.3707052767276764,0.19064286351203918
15710,5,5,quant_only,quant_only,train,0.033785510808229446,0.3482721745967865,0.13623714447021484,0.0015398310497403145,0.12303638458251953,0.3571290373802185
15711,3,3,no_method_signal,no_method_signal,train,0.0003438991552684456,0.003027006983757019,0.19770954549312592,0.48742496967315674,0.22876982390880585,0.08272483199834824
15712,4,5,qual_only,quant_only,train,0.03000447154045105,0.29825925827026367,0.16375306248664856,0.0025233477354049683,0.06705783307552338,0.4384020268917084
15713,5,4,quant_only,qual_only,train,0.004687828943133354,0.0719456896185875,0.27634620666503906,0.012416092678904533,0.34333840012550354,0.2912658154964447
15714,4,5,qual_only,quant_only,train,0.001305055571720004,0.028590675443410873,0.3566819131374359,0.08709710836410522,0.13256733119487762,0.39375796914100647
15715,2,5,multi_method_not_mmr,quant_only,train,0.0017242728499695659,0.03556489571928978,0.29995477199554443,0.04534203186631203,0.20770490169525146,0.4097091555595398
15720,2,5,multi_method_not_mmr,quant_only,train,0.0019630128517746925,0.013907293789088726,0.3682302236557007,0.13801130652427673,0.015031383372843266,0.46285682916641235
15726,3,3,no_method_signal,no_method_signal,train,0.0003528257366269827,0.0007355939596891403,0.06198250874876976,0.9243091940879822,0.0009158203611150384,0.01170395128428936
15731,5,5,quant_only,quant_only,train,0.009974927641451359,0.037648629397153854,0.23268194496631622,0.10343191772699356,0.008902056142687798,0.6073605418205261
15775,3,3,no_method_signal,no_method_signal,train,0.00010010191181208938,0.00021700140496250242,0.02737310342490673,0.9561407566070557,0.0030488232150673866,0.013120200484991074
15837,1,5,implicit_mmr,quant_only,train,0.017276063561439514,0.0947301909327507,0.1528121381998062,0.023610398173332214,0.010398638434708118,0.7011725902557373
15838,1,5,implicit_mmr,quant_only,train,0.008974173106253147,0.06671388447284698,0.17417314648628235,0.04020001366734505,0.010446582920849323,0.6994921565055847
15840,1,5,implicit_mmr,quant_only,train,0.005149548873305321,0.022825540974736214,0.25058799982070923,0.23738448321819305,0.0032400859054178,0.4808122217655182
15841,1,5,implicit_mmr,quant_only,train,0.013837668113410473,0.07732374221086502,0.138057142496109,0.033581383526325226,0.009068521670997143,0.7281315922737122
15842,0,0,explicit_mmr,explicit_mmr,train,0.5285088419914246,0.4443380534648895,0.005335900001227856,9.380875417264178e-05,0.010308426804840565,0.011414933018386364
15868,2,5,multi_method_not_mmr,quant_only,train,0.031172459945082664,0.15136471390724182,0.24439388513565063,0.014525040984153748,0.09393307566642761,0.4646107256412506
15870,1,0,implicit_mmr,explicit_mmr,train,0.3606083393096924,0.35776716470718384,0.06943333148956299,0.0009635150199756026,0.11769986152648926,0.09352787584066391
15892,5,4,quant_only,qual_only,train,0.0530858151614666,0.18012480437755585,0.09979213029146194,0.0007484104135073721,0.6027947664260864,0.06345409899950027
15928,0,1,explicit_mmr,implicit_mmr,train,0.4691045880317688,0.4899277687072754,0.004926345776766539,0.00010800681775435805,0.02485300786793232,0.011080284602940083
15948,4,4,qual_only,qual_only,train,0.15117664635181427,0.2523064911365509,0.03128163516521454,0.00024080411822069436,0.5519126057624817,0.013081803917884827
15950,2,4,multi_method_not_mmr,qual_only,train,0.005036359652876854,0.016805969178676605,0.25348591804504395,0.02347462624311447,0.6007876992225647,0.10040935128927231
15955,4,4,qual_only,qual_only,train,0.07137198001146317,0.09234088659286499,0.012722180224955082,0.00025597226340323687,0.8197408318519592,0.003568152664229274
15957,0,1,explicit_mmr,implicit_mmr,train,0.0920930877327919,0.38299134373664856,0.14961592853069305,0.000697495648637414,0.21333256363868713,0.16126954555511475
15988,5,3,quant_only,no_method_signal,train,0.0010068410774692893,0.0050880275666713715,0.25988346338272095,0.4273490011692047,0.013854197226464748,0.29281842708587646
15996,0,4,explicit_mmr,qual_only,train,0.06393512338399887,0.07347650080919266,0.21418966352939606,0.007831349037587643,0.5405270457267761,0.10004028677940369
16004,0,4,explicit_mmr,qual_only,train,0.18084050714969635,0.2496136575937271,0.042002659291028976,0.0003207575937267393,0.5076056718826294,0.019616693258285522
16026,1,1,implicit_mmr,implicit_mmr,train,0.2835211455821991,0.5693483352661133,0.015759391710162163,8.299680484924465e-05,0.11904014647006989,0.012247968465089798
16034,1,1,implicit_mmr,implicit_mmr,train,0.33214008808135986,0.6223726272583008,0.011357039213180542,9.465345647186041e-05,0.018909834325313568,0.015125756151974201
16038,1,1,implicit_mmr,implicit_mmr,train,0.31983545422554016,0.5865679383277893,0.022556116804480553,0.00016598917136434466,0.008314566686749458,0.06255985796451569
16042,1,1,implicit_mmr,implicit_mmr,train,0.42016518115997314,0.5280086994171143,0.011174078099429607,9.043268801178783e-05,0.02679983712732792,0.013761764392256737
16047,1,1,implicit_mmr,implicit_mmr,train,0.2995384633541107,0.6334213614463806,0.018372369930148125,0.00010567754361545667,0.013232152909040451,0.03532994166016579
16049,1,1,implicit_mmr,implicit_mmr,train,0.3566350042819977,0.6017361283302307,0.010258235037326813,9.077135473489761e-05,0.01581845059990883,0.015461456961929798
16055,0,1,explicit_mmr,implicit_mmr,train,0.4443274736404419,0.5181286334991455,0.004082414321601391,0.00011357545736245811,0.023297594860196114,0.010050277225673199
16062,1,1,implicit_mmr,implicit_mmr,train,0.2667223811149597,0.5665607452392578,0.028927797451615334,0.00010178310185438022,0.11175213754177094,0.025935152545571327
16065,1,0,implicit_mmr,explicit_mmr,train,0.4739816188812256,0.45197007060050964,0.015285015106201172,0.00021479951101355255,0.008138098753988743,0.050410374999046326
16072,0,1,explicit_mmr,implicit_mmr,train,0.40383514761924744,0.5545431971549988,0.006847119424492121,0.00013764096365775913,0.02167385071516037,0.012963036075234413
16080,5,1,quant_only,implicit_mmr,train,0.1504071205854416,0.6662085652351379,0.052890826016664505,0.0004085129767190665,0.014611322432756424,0.1154736652970314
16088,1,1,implicit_mmr,implicit_mmr,train,0.41207560896873474,0.49651941657066345,0.011216179467737675,8.551018981961533e-05,0.06163535639643669,0.01846795156598091
16107,1,1,implicit_mmr,implicit_mmr,train,0.2992829382419586,0.3610612154006958,0.0815812274813652,0.0013913008151575923,0.04769834503531456,0.20898495614528656
16130,1,1,implicit_mmr,implicit_mmr,train,0.3857216238975525,0.5675002932548523,0.007278964389115572,0.00012426331522874534,0.02687077783048153,0.012504100799560547
16147,0,0,explicit_mmr,explicit_mmr,train,0.3937530815601349,0.23766592144966125,0.010399023070931435,0.00018120690947398543,0.3545736074447632,0.0034272342454642057
16160,3,3,no_method_signal,no_method_signal,train,0.0008604536997154355,0.007206483278423548,0.2095440924167633,0.40003424882888794,0.003892001695930958,0.3784627318382263
16177,2,4,multi_method_not_mmr,qual_only,train,0.0017043151892721653,0.01628590002655983,0.3242282271385193,0.05376775935292244,0.4458550810813904,0.15815873444080353
16191,4,4,qual_only,qual_only,train,0.0017283882480114698,0.011268312111496925,0.23612777888774872,0.03820829465985298,0.5965917706489563,0.11607538163661957
16203,0,5,explicit_mmr,quant_only,train,0.09071619063615799,0.1603558510541916,0.09854631125926971,0.0113082155585289,0.004405376501381397,0.6346680521965027
16204,5,5,quant_only,quant_only,train,0.0013895988231524825,0.005025079473853111,0.10982147604227066,0.4307657480239868,0.008499078452587128,0.44449907541275024
16211,3,3,no_method_signal,no_method_signal,train,0.0022023573983460665,0.0026348892133682966,0.14681582152843475,0.4535778760910034,0.02277255803346634,0.37199652194976807
16213,2,4,multi_method_not_mmr,qual_only,train,0.0012762919068336487,0.006379424594342709,0.2798415720462799,0.12724022567272186,0.4932139217853546,0.09204860031604767
16221,5,5,quant_only,quant_only,train,0.09436086565256119,0.18126019835472107,0.09672550857067108,0.0055594672448933125,0.005700347945094109,0.6163936853408813
16231,0,1,explicit_mmr,implicit_mmr,train,0.40977218747138977,0.5510807037353516,0.006677600089460611,0.00013164042320568115,0.011723642237484455,0.020614249631762505
16260,3,3,no_method_signal,no_method_signal,train,0.0005355773610062897,0.003038946771994233,0.17269110679626465,0.6079241633415222,0.08463221788406372,0.13117794692516327
16270,4,4,qual_only,qual_only,train,0.004505255725234747,0.011198618449270725,0.2979639172554016,0.10463067889213562,0.4761474132537842,0.10555418580770493
16310,1,4,implicit_mmr,qual_only,train,0.3354733884334564,0.2688445448875427,0.017059821635484695,0.0001502951781731099,0.37237584590911865,0.006096171215176582
16329,5,5,quant_only,quant_only,train,0.059369802474975586,0.2540647089481354,0.1483803540468216,0.0033720338251441717,0.024285584688186646,0.510527491569519
16368,2,1,multi_method_not_mmr,implicit_mmr,train,0.12670062482357025,0.3543688654899597,0.15202993154525757,0.001955605810508132,0.1355118751525879,0.2294330894947052
16376,3,3,no_method_signal,no_method_signal,train,0.00041080903611145914,0.0008917703526094556,0.05032177269458771,0.9412678480148315,0.0007413094281218946,0.006366419605910778
16379,0,0,explicit_mmr,explicit_mmr,train,0.48960328102111816,0.29546597599983215,0.030368385836482048,0.000812232494354248,0.005036796908825636,0.1787133663892746
16380,0,1,explicit_mmr,implicit_mmr,train,0.32226625084877014,0.6143947839736938,0.020111223682761192,9.926324855769053e-05,0.020093383267521858,0.023035047575831413
16383,0,1,explicit_mmr,implicit_mmr,train,0.2512670159339905,0.3659955561161041,0.062275104224681854,0.0010974542237818241,0.006535411812365055,0.31282946467399597
16420,5,5,quant_only,quant_only,train,0.02257360704243183,0.04088626429438591,0.2691645622253418,0.0768282413482666,0.046923454850912094,0.5436238646507263
16423,5,5,quant_only,quant_only,train,0.017306318506598473,0.07249414175748825,0.30820366740226746,0.022685756906867027,0.17844383418560028,0.4008662700653076
16456,2,1,multi_method_not_mmr,implicit_mmr,train,0.24916906654834747,0.4778999388217926,0.020815126597881317,0.00014199124416336417,0.2361166924238205,0.015857310965657234
16462,3,3,no_method_signal,no_method_signal,train,0.0001901953510241583,0.0007170775788836181,0.0844900906085968,0.8974286317825317,0.01037315558642149,0.006800854112952948
16475,0,0,explicit_mmr,explicit_mmr,train,0.5946694016456604,0.3701395094394684,0.00582985021173954,6.0240829043323174e-05,0.021577948704361916,0.007722998503595591
16480,5,5,quant_only,quant_only,train,0.024011339992284775,0.07987084239721298,0.16107498109340668,0.015867501497268677,0.025393811985850334,0.6937814950942993
16483,3,3,no_method_signal,no_method_signal,train,0.00045125235919840634,0.002799372421577573,0.19462575018405914,0.5292438268661499,0.2038501650094986,0.06902962177991867
16488,4,4,qual_only,qual_only,train,0.045996081084012985,0.07872935384511948,0.04339833930134773,0.0005750099080614746,0.8214849233627319,0.00981622189283371
16489,3,3,no_method_signal,no_method_signal,train,0.0006280259694904089,0.002956212731078267,0.24701954424381256,0.3990958034992218,0.3011512756347656,0.04914920777082443
16505,3,3,no_method_signal,no_method_signal,train,0.00015987806546036154,0.001115494524128735,0.10177783668041229,0.8321406841278076,0.03850448131561279,0.026301702484488487
16573,0,5,explicit_mmr,quant_only,train,0.10491131991147995,0.08775457739830017,0.14355069398880005,0.03654009848833084,0.01777542382478714,0.6094679236412048
16577,5,5,quant_only,quant_only,train,0.022788042202591896,0.0411330983042717,0.13280506432056427,0.053812988102436066,0.009835563600063324,0.7396252751350403
16587,1,5,implicit_mmr,quant_only,train,0.17632867395877838,0.12190763652324677,0.06632348150014877,0.013985400088131428,0.00228700484149158,0.6191678047180176
16622,5,5,quant_only,quant_only,train,0.0017676783027127385,0.019028790295124054,0.3905963897705078,0.1765449196100235,0.01879621297121048,0.3932659327983856
16626,3,3,no_method_signal,no_method_signal,train,0.0005689797108061612,0.006150428671389818,0.25568878650665283,0.31490129232406616,0.27292734384536743,0.14976321160793304
16632,0,0,explicit_mmr,explicit_mmr,train,0.5537407398223877,0.39279553294181824,0.00560260284692049,6.402232975233346e-05,0.04260249435901642,0.005194620229303837
16634,0,0,explicit_mmr,explicit_mmr,train,0.6708688735961914,0.27954810857772827,0.003443556372076273,7.225747685879469e-05,0.042168356478214264,0.0038987777661532164
16636,4,4,qual_only,qual_only,train,0.00425697211176157,0.011468110606074333,0.0899687111377716,0.005831715185195208,0.8731837272644043,0.015290704555809498
16637,5,5,quant_only,quant_only,train,0.0780121386051178,0.22755691409111023,0.0686284601688385,0.006594661623239517,0.0063924542628228664,0.6128153204917908
16652,3,3,no_method_signal,no_method_signal,train,0.00012602092465385795,0.00048143279855139554,0.050358403474092484,0.9373963475227356,0.005703702103346586,0.005934074521064758
16699,2,5,multi_method_not_mmr,quant_only,train,0.005063727498054504,0.024502215906977654,0.2797693610191345,0.16308359801769257,0.0037949883844703436,0.5237860679626465
16707,2,5,multi_method_not_mmr,quant_only,train,0.0005096301902085543,0.007805585395544767,0.15717844665050507,0.33852022886276245,0.04476028308272362,0.4512258470058441
16708,3,3,no_method_signal,no_method_signal,train,0.0001263061276404187,0.001559851923957467,0.09844516962766647,0.8030620813369751,0.021662291139364243,0.07514429092407227
16709,3,3,no_method_signal,no_method_signal,train,0.0001491875300416723,0.0010309264762327075,0.08649905025959015,0.819033145904541,0.050805892795324326,0.04248177260160446
16710,3,4,no_method_signal,qual_only,train,0.000577619590330869,0.0052806963212788105,0.26550665497779846,0.22078260779380798,0.4098402261734009,0.09801221638917923
16711,4,4,qual_only,qual_only,train,0.003311492968350649,0.05290322005748749,0.2984920144081116,0.014353436417877674,0.36667704582214355,0.26426276564598083
16712,3,3,no_method_signal,no_method_signal,train,0.00015618257748428732,0.0008280074107460678,0.0932966023683548,0.8832474946975708,0.0024470225907862186,0.02002468891441822
16713,2,3,multi_method_not_mmr,no_method_signal,train,0.0001501166116213426,0.0008254320127889514,0.08246027678251266,0.8861765265464783,0.0022054428700357676,0.02818228304386139
16746,1,5,implicit_mmr,quant_only,train,0.059701669961214066,0.10458745062351227,0.2557971775531769,0.035947494208812714,0.0554611012339592,0.4885050058364868
16779,5,5,quant_only,quant_only,train,0.003037441521883011,0.015454929322004318,0.1343650370836258,0.21965254843235016,0.004292347002774477,0.6231977343559265
16789,5,5,quant_only,quant_only,train,0.015232722274959087,0.10405244678258896,0.13962918519973755,0.01724866032600403,0.02209218591451645,0.701744794845581
16794,3,3,no_method_signal,no_method_signal,train,0.000407981249736622,0.003300065640360117,0.19497309625148773,0.6388419270515442,0.06075816601514816,0.10171876102685928
16819,3,3,no_method_signal,no_method_signal,train,7.841987098800018e-05,0.00024959290749393404,0.026526065543293953,0.9621096253395081,0.002839681226760149,0.008196599781513214
16833,4,2,qual_only,multi_method_not_mmr,train,0.0033547147177159786,0.010982328094542027,0.34919196367263794,0.14602959156036377,0.2379326969385147,0.2525086998939514
16842,3,3,no_method_signal,no_method_signal,train,0.00018032858497463167,0.0011778440093621612,0.054601918905973434,0.8461670875549316,0.0037029210943728685,0.09416989982128143
16850,4,4,qual_only,qual_only,train,0.06859386712312698,0.10384806245565414,0.01569114252924919,0.0002789141144603491,0.8076604008674622,0.003927661571651697
16857,0,1,explicit_mmr,implicit_mmr,train,0.29650819301605225,0.47607532143592834,0.013858366757631302,0.00010533040040172637,0.20491436123847961,0.008538429625332355
16859,1,1,implicit_mmr,implicit_mmr,train,0.3805837333202362,0.5295121073722839,0.006892361678183079,0.00012566492659971118,0.07608252763748169,0.006803629919886589
16881,5,4,quant_only,qual_only,train,0.024828435853123665,0.1374322474002838,0.21858294308185577,0.0036344348918646574,0.4913211464881897,0.12420079857110977
16897,5,4,quant_only,qual_only,train,0.014107504859566689,0.07325004786252975,0.2869188189506531,0.010031348094344139,0.4235895872116089,0.19210267066955566
16911,5,5,quant_only,quant_only,train,0.05116923898458481,0.12451327592134476,0.18550924956798553,0.009738936088979244,0.044495392590761185,0.5845739245414734
16925,1,1,implicit_mmr,implicit_mmr,train,0.35368236899375916,0.5953612327575684,0.006010103039443493,0.00013186814612708986,0.03575143218040466,0.00906289741396904
16932,4,4,qual_only,qual_only,train,0.009005283936858177,0.02070056088268757,0.13710543513298035,0.00980010349303484,0.769900381565094,0.05348822847008705
16967,0,1,explicit_mmr,implicit_mmr,train,0.4786328375339508,0.48722973465919495,0.005148947238922119,0.00013659782416652888,0.01751941442489624,0.011332408525049686
17005,5,0,quant_only,explicit_mmr,train,0.5384225249290466,0.41974809765815735,0.0062834518030285835,0.0001270817592740059,0.01631280593574047,0.019106095656752586
17018,4,4,qual_only,qual_only,train,0.08642945438623428,0.13601809740066528,0.021235423162579536,0.0003107042866759002,0.7510645389556885,0.004941817373037338
17054,1,0,implicit_mmr,explicit_mmr,train,0.6248919367790222,0.3518173098564148,0.0044554490596055984,0.0001260416756849736,0.00662927096709609,0.012080086395144463
17056,0,0,explicit_mmr,explicit_mmr,train,0.6809772253036499,0.29840171337127686,0.0023737528827041388,0.00011486740550026298,0.01335508655756712,0.004777336027473211
17058,0,0,explicit_mmr,explicit_mmr,train,0.4914935231208801,0.4712159037590027,0.006685506086796522,0.00010054348967969418,0.013088512234389782,0.01741606555879116
17086,0,0,explicit_mmr,explicit_mmr,train,0.7019751071929932,0.268166720867157,0.002218102104961872,0.00012236803013365716,0.023205170407891273,0.004312607459723949
17115,5,0,quant_only,explicit_mmr,train,0.4418065845966339,0.2769460380077362,0.06669405847787857,0.0018653234001249075,0.020434696227312088,0.1922532469034195
17128,2,4,multi_method_not_mmr,qual_only,train,0.004467575810849667,0.026661396026611328,0.26947569847106934,0.014040031470358372,0.6406511068344116,0.044704142957925797
17145,1,5,implicit_mmr,quant_only,train,0.150981143116951,0.2226950228214264,0.11685209721326828,0.0033445432782173157,0.010395221412181854,0.49573203921318054
17173,2,2,multi_method_not_mmr,multi_method_not_mmr,train,0.002325368346646428,0.023530762642621994,0.469454288482666,0.06168230250477791,0.3931438624858856,0.04986346513032913
17175,0,1,explicit_mmr,implicit_mmr,train,0.33174407482147217,0.49726900458335876,0.044535450637340546,0.00035994709469377995,0.017092134803533554,0.10899946093559265
17177,1,0,implicit_mmr,explicit_mmr,train,0.5416103005409241,0.42666682600975037,0.005352426320314407,8.810219878796488e-05,0.012348067946732044,0.01393426489084959
17180,4,4,qual_only,qual_only,train,0.03982929140329361,0.09920510649681091,0.2460736483335495,0.007276637014001608,0.3643810451030731,0.24323426187038422
17185,0,0,explicit_mmr,explicit_mmr,train,0.7089531421661377,0.2554362118244171,0.006605205126106739,0.00013215864601079375,0.011057766154408455,0.017815517261624336
17194,3,4,no_method_signal,qual_only,train,0.00889636855572462,0.04387577250599861,0.32933950424194336,0.02313307113945484,0.3794277608394623,0.21532753109931946
17195,5,5,quant_only,quant_only,train,0.04518764093518257,0.10542125999927521,0.12575487792491913,0.023463422432541847,0.0046934024430811405,0.6954793930053711
17197,0,0,explicit_mmr,explicit_mmr,train,0.6327828764915466,0.30617454648017883,0.009886384010314941,0.0002251143305329606,0.008230415172874928,0.04270067811012268
17198,0,5,explicit_mmr,quant_only,train,0.03698108345270157,0.08154116570949554,0.2464618980884552,0.019821474328637123,0.056979868561029434,0.558214545249939
17210,2,4,multi_method_not_mmr,qual_only,train,0.009376471862196922,0.0492301769554615,0.2000352442264557,0.005272283684462309,0.6868424415588379,0.049243368208408356
17264,4,2,qual_only,multi_method_not_mmr,train,0.0019990107975900173,0.008492830209434032,0.40137404203414917,0.14279527962207794,0.28694531321525574,0.1583934873342514
17272,3,5,no_method_signal,quant_only,train,0.07249809801578522,0.18680331110954285,0.253354012966156,0.007928394712507725,0.17126595973968506,0.3081502616405487
17278,5,5,quant_only,quant_only,train,0.03744988515973091,0.0328415147960186,0.101356640458107,0.06580601632595062,0.0028397326823323965,0.7597062587738037
17279,5,5,quant_only,quant_only,train,0.0320313535630703,0.04823697730898857,0.1346142739057541,0.038805872201919556,0.007144995033740997,0.7391664981842041
17284,2,5,multi_method_not_mmr,quant_only,train,0.004745841957628727,0.008670861832797527,0.15407490730285645,0.3409566879272461,0.0033335902262479067,0.48821812868118286
17301,1,1,implicit_mmr,implicit_mmr,train,0.05210621654987335,0.37561294436454773,0.1434560865163803,0.005970790982246399,0.251462459564209,0.171391561627388
17315,0,5,explicit_mmr,quant_only,train,0.014584789052605629,0.03491237014532089,0.3328889310359955,0.06978035718202591,0.050183169543743134,0.4976503849029541
17322,1,1,implicit_mmr,implicit_mmr,train,0.3577275276184082,0.42361828684806824,0.010478784330189228,8.390432776650414e-05,0.2004634439945221,0.0076280017383396626
17331,0,0,explicit_mmr,explicit_mmr,train,0.4651620090007782,0.32977932691574097,0.05237023904919624,0.0009461371810175478,0.07520648837089539,0.07653588801622391
17338,3,3,no_method_signal,no_method_signal,train,0.0002240118192275986,0.0009818720864132047,0.10543856024742126,0.8774764537811279,0.0019699162803590298,0.01390918530523777
17339,3,3,no_method_signal,no_method_signal,train,0.00019588049326557666,0.0006083406042307615,0.06829395890235901,0.9151800274848938,0.0009193021687678993,0.01480256300419569
17365,4,4,qual_only,qual_only,train,0.005440693814307451,0.014114884659647942,0.08558820933103561,0.003653095569461584,0.878257691860199,0.012945366092026234
17372,0,5,explicit_mmr,quant_only,train,0.06846825033426285,0.08423259109258652,0.20235200226306915,0.027158889919519424,0.03583749756217003,0.581950843334198
17389,2,4,multi_method_not_mmr,qual_only,train,0.0989556685090065,0.1310807168483734,0.27692365646362305,0.009412907063961029,0.2941197156906128,0.18950732052326202
17406,5,5,quant_only,quant_only,train,0.003043359611183405,0.005309530533850193,0.15946240723133087,0.36194223165512085,0.06644254922866821,0.40379995107650757
17413,0,0,explicit_mmr,explicit_mmr,train,0.5211016535758972,0.38121384382247925,0.02396317757666111,0.0003619049384724349,0.00778472563251853,0.0655747503042221
17425,0,4,explicit_mmr,qual_only,train,0.10882743448019028,0.12136837095022202,0.22946494817733765,0.014103061519563198,0.2711184322834015,0.2551177740097046
17463,5,1,quant_only,implicit_mmr,train,0.43743211030960083,0.4906825125217438,0.013295568525791168,0.00013405898062046617,0.021108970046043396,0.037346791476011276
17474,4,4,qual_only,qual_only,train,0.004363454878330231,0.0165276937186718,0.3223964273929596,0.041161514818668365,0.5067912936210632,0.10875958204269409
17493,5,4,quant_only,qual_only,train,0.018570665270090103,0.1093616634607315,0.1574200689792633,0.0056947278790175915,0.6106476187705994,0.09830521047115326
17579,1,1,implicit_mmr,implicit_mmr,train,0.42305225133895874,0.5360335111618042,0.00492116017267108,0.00012040055298712105,0.026281265541911125,0.009591450914740562
17599,2,2,multi_method_not_mmr,multi_method_not_mmr,train,0.0014669360825791955,0.018222695216536522,0.39042118191719055,0.08855946362018585,0.32819899916648865,0.17313076555728912
17603,5,5,quant_only,quant_only,train,0.15113584697246552,0.23550456762313843,0.141448512673378,0.0028089256957173347,0.018726421520113945,0.4503757059574127
17630,2,3,multi_method_not_mmr,no_method_signal,train,0.0005193604156374931,0.0012315033236518502,0.1566828489303589,0.828253448009491,0.005843487102538347,0.007469377014786005
17639,2,4,multi_method_not_mmr,qual_only,train,0.0014996803365647793,0.005942323710769415,0.257188618183136,0.08711779117584229,0.6122335195541382,0.03601807355880737
17658,1,0,implicit_mmr,explicit_mmr,train,0.5990176796913147,0.3423819839954376,0.013825044967234135,0.0002200656454078853,0.012763668783009052,0.03179158270359039
17698,1,0,implicit_mmr,explicit_mmr,train,0.36384040117263794,0.2204434722661972,0.11326567828655243,0.00548750814050436,0.04162529110908508,0.2553376257419586
17720,5,5,quant_only,quant_only,train,0.06754344701766968,0.04348564147949219,0.14482972025871277,0.10532985627651215,0.015841161832213402,0.6229701638221741
17729,2,5,multi_method_not_mmr,quant_only,train,0.029917245730757713,0.03132189065217972,0.08615800738334656,0.1386636644601822,0.0021624709479510784,0.7117766737937927
17753,2,2,multi_method_not_mmr,multi_method_not_mmr,train,0.002928893081843853,0.014528731815516949,0.3888057768344879,0.24113035202026367,0.004188457503914833,0.34841781854629517
17759,3,2,no_method_signal,multi_method_not_mmr,train,0.002337777754291892,0.014168045483529568,0.5293167233467102,0.16838431358337402,0.01905347779393196,0.26673969626426697
17771,3,5,no_method_signal,quant_only,train,0.0032188089098781347,0.017340263351798058,0.35917437076568604,0.20839500427246094,0.006948249414563179,0.40492329001426697
17791,4,4,qual_only,qual_only,train,0.2149033546447754,0.12822876870632172,0.006659516133368015,0.0002696261799428612,0.6470374464988708,0.002901355503126979
17793,4,4,qual_only,qual_only,train,0.13877169787883759,0.18558934330940247,0.0480051264166832,0.00042346009286120534,0.6045691967010498,0.022641148418188095
17796,4,4,qual_only,qual_only,train,0.1521887481212616,0.2717134356498718,0.026198184117674828,0.00018053878739010543,0.5397745370864868,0.009944595396518707
17799,4,4,qual_only,qual_only,train,0.3762540817260742,0.22582004964351654,0.010615079663693905,0.00020958823733963072,0.38402462005615234,0.003076571272686124
17801,4,4,qual_only,qual_only,train,0.14450792968273163,0.16056004166603088,0.015301190316677094,0.00017402306548319757,0.6752599477767944,0.0041968366131186485
17823,2,3,multi_method_not_mmr,no_method_signal,train,0.000926708453334868,0.006702636368572712,0.4040953516960144,0.4784567952156067,0.005371111445128918,0.10444742441177368
17828,2,3,multi_method_not_mmr,no_method_signal,train,0.0014465622371062636,0.006045802030712366,0.3460647463798523,0.4535562992095947,0.0027014336083084345,0.19018517434597015
17847,2,3,multi_method_not_mmr,no_method_signal,train,0.00010777357238112018,0.0002564011374488473,0.029270648956298828,0.9589329957962036,0.001655617612414062,0.009776615537703037
17870,3,3,no_method_signal,no_method_signal,train,0.00010023883078247309,0.0002775337197817862,0.03618619590997696,0.9509140253067017,0.004937959834933281,0.007584019098430872
17874,0,1,explicit_mmr,implicit_mmr,train,0.43397781252861023,0.4628039300441742,0.00788327306509018,0.00011305951193207875,0.08944033086299896,0.005781643092632294
17911,1,1,implicit_mmr,implicit_mmr,train,0.22080400586128235,0.32656073570251465,0.13529735803604126,0.0020675610285252333,0.15645582973957062,0.15881451964378357
17916,5,3,quant_only,no_method_signal,train,0.0019148371648043394,0.004672938957810402,0.050087276846170425,0.504794180393219,0.00268882536329329,0.43584197759628296
17917,5,5,quant_only,quant_only,train,0.0023854838218539953,0.00658784806728363,0.09319452941417694,0.30522918701171875,0.010930945165455341,0.5816720128059387
17921,5,4,quant_only,qual_only,train,0.0008927271701395512,0.005241412669420242,0.24003992974758148,0.17737139761447906,0.5030395984649658,0.07341501116752625
17926,1,0,implicit_mmr,explicit_mmr,train,0.5614681839942932,0.3353918194770813,0.02002878673374653,0.00040673004696145654,0.006075093988329172,0.07662936300039291
17939,1,1,implicit_mmr,implicit_mmr,train,0.10427878797054291,0.3656116724014282,0.1684798002243042,0.0013477591564878821,0.11345116049051285,0.24683083593845367
17946,1,1,implicit_mmr,implicit_mmr,train,0.25234973430633545,0.6784003376960754,0.01349154207855463,0.00018286211707163602,0.015177609398961067,0.04039798676967621
17947,5,5,quant_only,quant_only,train,0.00629785330966115,0.02422732673585415,0.14558517932891846,0.16488410532474518,0.0024652399588376284,0.6565402746200562
17948,1,1,implicit_mmr,implicit_mmr,train,0.4363274574279785,0.5097454786300659,0.010140539146959782,0.00014816049952059984,0.02066112868487835,0.02297723852097988
17963,1,5,implicit_mmr,quant_only,train,0.04019133374094963,0.2420157641172409,0.2540225386619568,0.0035715526901185513,0.15022329986095428,0.3099755048751831
17964,1,1,implicit_mmr,implicit_mmr,train,0.403409868478775,0.5509421825408936,0.005959201604127884,0.00011327465472277254,0.02956612966954708,0.010009337216615677
17965,0,1,explicit_mmr,implicit_mmr,train,0.2976740896701813,0.5956974625587463,0.02378484606742859,0.00030369602609425783,0.013640902005136013,0.0688989907503128
17967,1,1,implicit_mmr,implicit_mmr,train,0.28684282302856445,0.6603187918663025,0.010049601085484028,0.00014072163321543485,0.01908046565949917,0.023567551746964455
17976,4,1,qual_only,implicit_mmr,train,0.21824443340301514,0.65569007396698,0.026941558346152306,0.00015476941189263016,0.05051613226532936,0.04845312610268593
17977,0,1,explicit_mmr,implicit_mmr,train,0.4380492568016052,0.49758851528167725,0.008782656863331795,0.0002075538650387898,0.008953065611422062,0.046418964862823486
17995,2,3,multi_method_not_mmr,no_method_signal,train,0.00038024652167223394,0.004750659689307213,0.2800195813179016,0.4730401933193207,0.14826065301895142,0.09354866296052933
18000,2,3,multi_method_not_mmr,no_method_signal,train,0.0007988918805494905,0.005099370609968901,0.2565011978149414,0.3866574466228485,0.17287607491016388,0.17806711792945862
18003,1,5,implicit_mmr,quant_only,train,0.03747750073671341,0.06372842937707901,0.27549898624420166,0.03010890632867813,0.17945906519889832,0.41372713446617126
18012,4,0,qual_only,explicit_mmr,train,0.44252389669418335,0.4135357737541199,0.03408948704600334,0.00036714988527819514,0.05643150955438614,0.05305219814181328
18053,0,0,explicit_mmr,explicit_mmr,train,0.6370157599449158,0.3317740559577942,0.006380709353834391,0.0001283963065361604,0.010132473893463612,0.014568588696420193
18062,0,0,explicit_mmr,explicit_mmr,train,0.5902213454246521,0.35543686151504517,0.012128183618187904,0.00021683715749531984,0.007868990302085876,0.034127723425626755
18069,0,0,explicit_mmr,explicit_mmr,train,0.6196922659873962,0.3258194029331207,0.009267686866223812,0.00022271822672337294,0.004982649348676205,0.04001527279615402
18073,0,1,explicit_mmr,implicit_mmr,train,0.2782592475414276,0.6271525621414185,0.022751513868570328,0.00012961211905349046,0.020731855183839798,0.05097520351409912
18086,0,0,explicit_mmr,explicit_mmr,train,0.6667073369026184,0.2884613573551178,0.010053097270429134,0.0001981514651561156,0.013343310914933681,0.021236728876829147
18087,4,4,qual_only,qual_only,train,0.0032946825958788395,0.022088827565312386,0.271264910697937,0.02266336977481842,0.48105472326278687,0.19963353872299194
18101,2,0,multi_method_not_mmr,explicit_mmr,train,0.471686989068985,0.3469335734844208,0.052005939185619354,0.0004930733703076839,0.05815936625003815,0.07072095572948456
18116,1,1,implicit_mmr,implicit_mmr,train,0.341634064912796,0.6057149171829224,0.005436082370579243,0.00011929229367524385,0.03849651664495468,0.008599195629358292
18120,0,0,explicit_mmr,explicit_mmr,train,0.3309266269207001,0.32013416290283203,0.08526234328746796,0.0011371958535164595,0.1800530105829239,0.08248668164014816
18131,0,1,explicit_mmr,implicit_mmr,train,0.4327823519706726,0.5197391510009766,0.007642483338713646,0.00013482369831763208,0.027492834255099297,0.012208396568894386
18135,1,1,implicit_mmr,implicit_mmr,train,0.1938490867614746,0.717810332775116,0.02026764303445816,0.00017383115482516587,0.02498585917055607,0.042913343757390976
18153,4,1,qual_only,implicit_mmr,train,0.3424620032310486,0.4691731631755829,0.021913448348641396,0.00017916680371854454,0.15057781338691711,0.0156945139169693
18159,1,1,implicit_mmr,implicit_mmr,train,0.4194498062133789,0.47763025760650635,0.007625579368323088,9.410062193637714e-05,0.08522337675094604,0.009976827539503574
18187,0,0,explicit_mmr,explicit_mmr,train,0.5041824579238892,0.40062999725341797,0.00975796114653349,0.000100810568255838,0.07020975649356842,0.015119091607630253
18202,0,0,explicit_mmr,explicit_mmr,train,0.49201154708862305,0.4663401246070862,0.005891027860343456,0.00011932477355003357,0.024677259847521782,0.010960733518004417
18216,4,4,qual_only,qual_only,train,0.025934671983122826,0.03365905582904816,0.19485418498516083,0.009535632096230984,0.6652793884277344,0.07073710113763809
18224,3,3,no_method_signal,no_method_signal,train,0.00014713320706505328,0.0013443197822198272,0.11770585179328918,0.8335724472999573,0.014769457280635834,0.03246074914932251
18268,5,5,quant_only,quant_only,train,0.2702528238296509,0.1932828277349472,0.06306277960538864,0.0025833190884441137,0.004717029631137848,0.46610119938850403
18280,5,5,quant_only,quant_only,train,0.17032910883426666,0.2922435402870178,0.10386601090431213,0.0018143613124266267,0.013006593100726604,0.418740451335907
18301,0,2,explicit_mmr,multi_method_not_mmr,train,0.0009304897976107895,0.008721737191081047,0.354953795671463,0.1722910851240158,0.35413604974746704,0.10896679013967514
18313,1,1,implicit_mmr,implicit_mmr,train,0.23701156675815582,0.6885312795639038,0.016684774309396744,0.00011887429718626663,0.04413295164704323,0.013520506210625172
18315,4,4,qual_only,qual_only,train,0.03916904330253601,0.15895432233810425,0.12271695584058762,0.0011041018879041076,0.6468690633773804,0.031186595559120178
18318,4,4,qual_only,qual_only,train,0.012031156569719315,0.052536703646183014,0.264859139919281,0.00797555036842823,0.5449130535125732,0.11768443882465363
18327,1,1,implicit_mmr,implicit_mmr,train,0.32794395089149475,0.6210132837295532,0.013714835047721863,7.950791768962517e-05,0.02243105322122574,0.014817469753324986
18328,3,5,no_method_signal,quant_only,train,0.1007927805185318,0.08588770776987076,0.2529906630516052,0.054617881774902344,0.09577765315771103,0.40993329882621765
18334,1,1,implicit_mmr,implicit_mmr,train,0.42352333664894104,0.5338127613067627,0.009585093706846237,6.873496022308245e-05,0.018105989322066307,0.014903990551829338
18340,5,5,quant_only,quant_only,train,0.215105801820755,0.2742757797241211,0.07387543469667435,0.0018208345863968134,0.010894154198467731,0.4240279197692871
18342,0,0,explicit_mmr,explicit_mmr,train,0.4941381514072418,0.40321314334869385,0.014237018302083015,0.0001140545355156064,0.07656342536211014,0.011734280735254288
18349,4,4,qual_only,qual_only,train,0.022812217473983765,0.0723470076918602,0.26896998286247253,0.006875339895486832,0.4703001379966736,0.1586952656507492
18356,0,0,explicit_mmr,explicit_mmr,train,0.6181008815765381,0.3282047510147095,0.0069735245779156685,8.834974869387224e-05,0.03535034880042076,0.011282175779342651
18357,0,0,explicit_mmr,explicit_mmr,train,0.6315351128578186,0.31127259135246277,0.008693061769008636,0.00010577734792605042,0.03626083955168724,0.012132557108998299
18358,0,0,explicit_mmr,explicit_mmr,train,0.5805612802505493,0.327840119600296,0.0058250874280929565,8.612372766947374e-05,0.08074110746383667,0.0049463678151369095
18361,5,5,quant_only,quant_only,train,0.007788377348333597,0.02061876282095909,0.287773072719574,0.07821579277515411,0.006137375254184008,0.5994665622711182
18364,0,0,explicit_mmr,explicit_mmr,train,0.5361521244049072,0.36952534317970276,0.004076178185641766,0.0001248593325726688,0.08754797279834747,0.0025734328664839268
18365,1,0,implicit_mmr,explicit_mmr,train,0.43539610505104065,0.2988334000110626,0.05926508828997612,0.0006502625765278935,0.14845842123031616,0.05739672854542732
18366,0,0,explicit_mmr,explicit_mmr,train,0.5147104263305664,0.4199551045894623,0.004064260981976986,0.0001007993269013241,0.05756514519453049,0.0036043054424226284
18367,0,0,explicit_mmr,explicit_mmr,train,0.4980259835720062,0.35673531889915466,0.004345218650996685,0.00018088224169332534,0.1382671743631363,0.0024453734513372183
18377,3,5,no_method_signal,quant_only,train,0.00843464583158493,0.01646757312119007,0.1190607100725174,0.14287634193897247,0.006513355299830437,0.7066473364830017
18391,0,0,explicit_mmr,explicit_mmr,train,0.7621732354164124,0.2017943114042282,0.005554830655455589,0.00037425640039145947,0.004330324940383434,0.025773217901587486
18396,2,3,multi_method_not_mmr,no_method_signal,train,0.001062205177731812,0.0015748563455417752,0.05144857242703438,0.7086580395698547,0.0015418602852150798,0.23571442067623138
18397,5,5,quant_only,quant_only,train,0.0017769320402294397,0.005375227425247431,0.08010676503181458,0.43697571754455566,0.004770091734826565,0.47099530696868896
18422,1,4,implicit_mmr,qual_only,train,0.1565193235874176,0.31816810369491577,0.02692694403231144,0.00024995204876177013,0.48121869564056396,0.016916893422603607
18424,0,0,explicit_mmr,explicit_mmr,train,0.6110950112342834,0.3619718551635742,0.0037969250697642565,9.73052010522224e-05,0.017537087202072144,0.005501801148056984
18425,1,0,implicit_mmr,explicit_mmr,train,0.44023701548576355,0.23740282654762268,0.009497676976025105,0.00012435816461220384,0.30684998631477356,0.005888241343200207
18426,0,0,explicit_mmr,explicit_mmr,train,0.6236122250556946,0.35155388712882996,0.0032294420525431633,9.37126314966008e-05,0.01669221743941307,0.004818501882255077
18433,0,0,explicit_mmr,explicit_mmr,train,0.5493794083595276,0.40292319655418396,0.007934614084661007,9.923253674060106e-05,0.026887910440564156,0.01277571078389883
18438,5,1,quant_only,implicit_mmr,train,0.33318740129470825,0.617607593536377,0.007646262180060148,0.00014505094441119581,0.02910400740802288,0.012309739366173744
18444,1,1,implicit_mmr,implicit_mmr,train,0.4098461866378784,0.5106902122497559,0.016260875388979912,0.0001256660179933533,0.03242083266377449,0.03065626695752144
18448,0,0,explicit_mmr,explicit_mmr,train,0.5321933031082153,0.4099274277687073,0.0035465036053210497,0.00012403825530782342,0.05124568194150925,0.002963066566735506
18451,0,0,explicit_mmr,explicit_mmr,train,0.4762062430381775,0.469248503446579,0.00450659217312932,0.00011395606270525604,0.04512351006269455,0.004801272414624691
18465,0,0,explicit_mmr,explicit_mmr,train,0.61034095287323,0.2913139760494232,0.027191461995244026,0.00035938943619839847,0.024160565808415413,0.046633731573820114
18499,3,3,no_method_signal,no_method_signal,train,0.00017301547632087022,0.0011622740421444178,0.10355815291404724,0.8787804841995239,0.0030697777401655912,0.013256375677883625
18517,2,5,multi_method_not_mmr,quant_only,train,0.016786567866802216,0.03833386301994324,0.36543330550193787,0.06593342870473862,0.13885964453220367,0.37465327978134155
18570,1,1,implicit_mmr,implicit_mmr,train,0.2911134362220764,0.3548243045806885,0.06302545219659805,0.00040253071347251534,0.249668151140213,0.04096614196896553
18574,2,5,multi_method_not_mmr,quant_only,train,0.04038749262690544,0.09795758873224258,0.23867078125476837,0.013276485726237297,0.04038620367646217,0.5693214535713196
18580,1,1,implicit_mmr,implicit_mmr,train,0.13912983238697052,0.5019285678863525,0.11218442022800446,0.0005982391303405166,0.11509248614311218,0.1310664713382721
18587,4,4,qual_only,qual_only,train,0.2851543426513672,0.22032055258750916,0.007676930166780949,0.00022156216436997056,0.48431283235549927,0.002313824836164713
18593,4,4,qual_only,qual_only,train,0.27407756447792053,0.23196855187416077,0.0102697080001235,0.00016588145808782429,0.4806487560272217,0.0028696029912680387
18603,0,0,explicit_mmr,explicit_mmr,train,0.5535994172096252,0.3903121054172516,0.005873324349522591,6.454227695940062e-05,0.04332893341779709,0.006821705959737301
18607,5,5,quant_only,quant_only,train,0.2101731300354004,0.19573237001895905,0.14798086881637573,0.005201305728405714,0.09509814530611038,0.34581419825553894
18651,1,4,implicit_mmr,qual_only,train,0.016788190230727196,0.03925439342856407,0.08267182111740112,0.00266265613026917,0.832939624786377,0.02568335272371769
18695,3,3,no_method_signal,no_method_signal,train,0.00019720089039765298,0.00132156687323004,0.13081055879592896,0.7865024209022522,0.03888331726193428,0.042284999042749405
18748,0,1,explicit_mmr,implicit_mmr,train,0.29218894243240356,0.5961089134216309,0.019364207983016968,9.29958259803243e-05,0.07233325392007828,0.019911712035536766
18769,4,4,qual_only,qual_only,train,0.0802520364522934,0.07138039916753769,0.011359571479260921,0.0003670678997877985,0.8342294096946716,0.0024115226697176695
18803,1,2,implicit_mmr,multi_method_not_mmr,train,0.0026463582180440426,0.009025165811181068,0.3570909798145294,0.22042550146579742,0.18648099899291992,0.22433097660541534
18804,4,4,qual_only,qual_only,train,0.0944051668047905,0.1094275563955307,0.17012333869934082,0.003969949204474688,0.5752943754196167,0.04677955433726311
18809,5,5,quant_only,quant_only,train,0.005961376708000898,0.03294174745678902,0.11000337451696396,0.14853963255882263,0.0057252198457717896,0.6968286633491516
18811,5,5,quant_only,quant_only,train,0.013745364733040333,0.059637513011693954,0.27679458260536194,0.04823809489607811,0.03756029158830643,0.5640242099761963
18868,1,1,implicit_mmr,implicit_mmr,train,0.2723667323589325,0.6554096937179565,0.01597333513200283,0.00017567057511769235,0.012299912050366402,0.04377465322613716
18872,0,1,explicit_mmr,implicit_mmr,train,0.467040091753006,0.4983082711696625,0.005391571670770645,0.00013218511594459414,0.012531132437288761,0.01659672148525715
18893,1,0,implicit_mmr,explicit_mmr,train,0.7048479318618774,0.2726360261440277,0.00387922627851367,0.00014822221419308335,0.007829112000763416,0.010659406892955303
18905,0,0,explicit_mmr,explicit_mmr,train,0.598524272441864,0.3681829869747162,0.003097977489233017,9.784938447410241e-05,0.02584409900009632,0.00425278814509511
18911,4,4,qual_only,qual_only,train,0.040105726569890976,0.051217880100011826,0.022447943687438965,0.0006593738216906786,0.8781772255897522,0.007391872815787792
18913,4,4,qual_only,qual_only,train,0.07190119475126266,0.08704538643360138,0.020256906747817993,0.00045523824519477785,0.8123525977134705,0.007988732308149338
18917,4,4,qual_only,qual_only,train,0.041390713304281235,0.05288729816675186,0.022839438170194626,0.0006489772349596024,0.8745816946029663,0.007651960011571646
18919,1,0,implicit_mmr,explicit_mmr,train,0.6334317922592163,0.338638037443161,0.0033481400460004807,9.723921539261937e-05,0.018996212631464005,0.0054885512217879295
18923,0,0,explicit_mmr,explicit_mmr,train,0.6060020923614502,0.3540293872356415,0.0034008517395704985,8.379440987482667e-05,0.03284201771020889,0.00364182167686522
18924,0,0,explicit_mmr,explicit_mmr,train,0.6406019926071167,0.33370232582092285,0.005274095572531223,0.00010995299089699984,0.007967259734869003,0.012344388291239738
18942,1,4,implicit_mmr,qual_only,train,0.32033771276474,0.3112565577030182,0.008776246570050716,0.00016544702521059662,0.3562639355659485,0.00319999223574996
18953,1,4,implicit_mmr,qual_only,train,0.24417221546173096,0.20705844461917877,0.009975570254027843,0.00020210209186188877,0.5358107686042786,0.002780863083899021
18962,0,5,explicit_mmr,quant_only,train,0.19489844143390656,0.1360057145357132,0.12872715294361115,0.013779782690107822,0.009176391176879406,0.517412543296814
18967,3,5,no_method_signal,quant_only,train,0.029029307886958122,0.04830574989318848,0.1910523623228073,0.12928323447704315,0.011529235169291496,0.5908000469207764
18968,2,5,multi_method_not_mmr,quant_only,train,0.09492527693510056,0.0517105832695961,0.18827618658542633,0.10964057594537735,0.03311925753951073,0.5223281383514404
19013,0,0,explicit_mmr,explicit_mmr,train,0.45226067304611206,0.2524464726448059,0.053788214921951294,0.0023692885879427195,0.007416249718517065,0.23171907663345337
19018,0,0,explicit_mmr,explicit_mmr,train,0.6597405672073364,0.2804296910762787,0.013064865954220295,0.00025244412245228887,0.007963960990309715,0.03854847699403763
19042,1,1,implicit_mmr,implicit_mmr,train,0.41344302892684937,0.5420223474502563,0.009875907562673092,6.480021693278104e-05,0.02001279592514038,0.014581218361854553
19054,3,3,no_method_signal,no_method_signal,train,9.354919893667102e-05,0.0003353299689479172,0.026435792446136475,0.9654557108879089,0.0021695445757359266,0.0055100396275520325
19068,0,1,explicit_mmr,implicit_mmr,train,0.4214642643928528,0.45393022894859314,0.025724390521645546,0.00015153402637224644,0.0707007572054863,0.02802889607846737
19071,3,5,no_method_signal,quant_only,train,0.0028611805755645037,0.03321005776524544,0.19343432784080505,0.08136259019374847,0.026597194373607635,0.6625346541404724
19073,3,3,no_method_signal,no_method_signal,train,0.001878782408311963,0.006595058832317591,0.16002888977527618,0.49602416157722473,0.01868629828095436,0.3167867958545685
19090,3,3,no_method_signal,no_method_signal,train,0.0006402182625606656,0.007966426201164722,0.2616174817085266,0.569686233997345,0.005213186610490084,0.15487642586231232
19132,3,3,no_method_signal,no_method_signal,train,0.0001389278913848102,0.0005421892274171114,0.029743628576397896,0.8966079354286194,0.002805190859362483,0.07016215473413467
19137,3,3,no_method_signal,no_method_signal,train,0.0004946920671500266,0.00358512531965971,0.22552461922168732,0.48933297395706177,0.18138843774795532,0.09967414289712906
19144,5,4,quant_only,qual_only,train,0.0076418472453951836,0.06130492314696312,0.3038124144077301,0.011273294687271118,0.4894566237926483,0.12651094794273376
19157,0,5,explicit_mmr,quant_only,train,0.015597717836499214,0.0805102288722992,0.31667688488960266,0.015400093048810959,0.07828498631715775,0.4935300946235657
19168,3,2,no_method_signal,multi_method_not_mmr,train,0.0033230609260499477,0.01937073841691017,0.45188650488853455,0.09829592704772949,0.02554299682378769,0.4015807807445526
19170,1,1,implicit_mmr,implicit_mmr,train,0.3056921362876892,0.3325975835323334,0.0442531555891037,0.00024012404901441187,0.29625266790390015,0.02096438594162464
19188,0,0,explicit_mmr,explicit_mmr,train,0.6939423680305481,0.27337613701820374,0.007174974773079157,0.00015224356320686638,0.009555266238749027,0.015799054875969887
19197,2,0,multi_method_not_mmr,explicit_mmr,train,0.6916700601577759,0.28589141368865967,0.0037450494710355997,0.00013674407091457397,0.007139272056519985,0.011417503468692303
19200,2,0,multi_method_not_mmr,explicit_mmr,train,0.5586071610450745,0.41743457317352295,0.004951907321810722,0.00010944925452349707,0.009339495562016964,0.00955740176141262
19224,2,5,multi_method_not_mmr,quant_only,train,0.0018318496877327561,0.017466695979237556,0.28202182054519653,0.09539575129747391,0.11776170879602432,0.48552221059799194
19241,1,0,implicit_mmr,explicit_mmr,train,0.5736310482025146,0.3620724380016327,0.006209822371602058,7.45153083698824e-05,0.05036502704024315,0.007647158578038216
19244,0,0,explicit_mmr,explicit_mmr,train,0.3664913475513458,0.3396131992340088,0.02447352558374405,0.00019687559688463807,0.2596913278102875,0.00953378900885582
19252,5,5,quant_only,quant_only,train,0.1610701084136963,0.119796521961689,0.09567313641309738,0.011106056161224842,0.004070420749485493,0.6082837581634521
19266,4,5,qual_only,quant_only,train,0.047573577612638474,0.07979345321655273,0.29162317514419556,0.017630456015467644,0.2530546188354492,0.3103247582912445
19271,2,3,multi_method_not_mmr,no_method_signal,train,0.0004047004331368953,0.002710507018491626,0.30769577622413635,0.5237475633621216,0.12006282061338425,0.045378636568784714
19277,0,1,explicit_mmr,implicit_mmr,train,0.3725723624229431,0.5785632729530334,0.005796244367957115,0.0001117760912165977,0.034207865595817566,0.00874844565987587
19279,0,1,explicit_mmr,implicit_mmr,train,0.3767222762107849,0.5821269154548645,0.006741255987435579,0.00012115117715438828,0.01616504229605198,0.018123405054211617
19281,3,3,no_method_signal,no_method_signal,train,0.0009160202462226152,0.0027412057388573885,0.05576574057340622,0.6568571925163269,0.0016859136521816254,0.2820339500904083
19320,3,2,no_method_signal,multi_method_not_mmr,train,0.007470599375665188,0.012637278996407986,0.38037678599357605,0.16813869774341583,0.23524422943592072,0.19613243639469147
19347,0,0,explicit_mmr,explicit_mmr,train,0.5475515723228455,0.327188104391098,0.026190027594566345,0.0005132072255946696,0.009997682645916939,0.08855949342250824
19352,0,0,explicit_mmr,explicit_mmr,train,0.504353404045105,0.3802277743816376,0.009301966987550259,0.00010096474579768255,0.0933709666132927,0.012644917704164982
19362,0,0,explicit_mmr,explicit_mmr,train,0.5049933195114136,0.40563443303108215,0.005667902994900942,0.000140321790240705,0.07921212911605835,0.004351900890469551
19372,5,5,quant_only,quant_only,train,0.058814506977796555,0.09344657510519028,0.15667596459388733,0.01788613572716713,0.004156321752816439,0.6690205931663513
19386,1,1,implicit_mmr,implicit_mmr,train,0.23626968264579773,0.6888850331306458,0.016903532668948174,0.00011818077473435551,0.04423534870147705,0.01358820404857397
19393,5,2,quant_only,multi_method_not_mmr,train,0.012890047393739223,0.0560515820980072,0.32741856575012207,0.018964845687150955,0.27994272112846375,0.3047321140766144
19399,1,0,implicit_mmr,explicit_mmr,train,0.4799022078514099,0.4754117429256439,0.008372507989406586,0.00012749953020829707,0.0167985949665308,0.01938754692673683
19402,5,2,quant_only,multi_method_not_mmr,train,0.006281922105699778,0.05614950507879257,0.36254042387008667,0.020334333181381226,0.309341698884964,0.24535217881202698
19405,1,1,implicit_mmr,implicit_mmr,train,0.26466163992881775,0.6662174463272095,0.01330659817904234,0.00014787938562221825,0.028684863820672035,0.02698146365582943
19422,0,1,explicit_mmr,implicit_mmr,train,0.42274782061576843,0.461233526468277,0.024748587980866432,0.00019526566029526293,0.029872408136725426,0.061202410608530045
19424,4,4,qual_only,qual_only,train,0.0072410572320222855,0.024394698441028595,0.3394697308540344,0.03347542881965637,0.4448269009590149,0.15059217810630798
19439,0,1,explicit_mmr,implicit_mmr,train,0.42790666222572327,0.5334620475769043,0.005581822246313095,0.00012226331455167383,0.02199549414217472,0.010931678116321564
19443,0,5,explicit_mmr,quant_only,train,0.004454948473721743,0.005256082396954298,0.17249195277690887,0.367426335811615,0.015361037105321884,0.4350096583366394
19452,5,5,quant_only,quant_only,train,0.044328466057777405,0.09892789274454117,0.1528279036283493,0.020092861726880074,0.007301144301891327,0.6765217185020447
19459,2,4,multi_method_not_mmr,qual_only,train,0.0317360982298851,0.049658216536045074,0.2912105321884155,0.012992591597139835,0.517464816570282,0.09693770855665207
19473,1,5,implicit_mmr,quant_only,train,0.1702849417924881,0.146111860871315,0.17302505671977997,0.014535386115312576,0.025209978222846985,0.47083282470703125
19487,5,5,quant_only,quant_only,train,0.015380130149424076,0.05702073127031326,0.13825616240501404,0.03572038561105728,0.01474648155272007,0.7388761043548584
19522,2,4,multi_method_not_mmr,qual_only,train,0.008728068321943283,0.05864429101347923,0.3650948405265808,0.01200427021831274,0.40069225430488586,0.15483613312244415
19525,3,3,no_method_signal,no_method_signal,train,0.0016283602453768253,0.0037375001702457666,0.22246932983398438,0.5453117489814758,0.007312891073524952,0.21954020857810974
19536,0,1,explicit_mmr,implicit_mmr,train,0.39557838439941406,0.48676663637161255,0.005526090040802956,0.00011776544852182269,0.10634847730398178,0.005662583280354738
19555,1,1,implicit_mmr,implicit_mmr,train,0.15781420469284058,0.5682829022407532,0.08679277449846268,0.00032195093808695674,0.09121672809123993,0.09557151049375534
19556,2,5,multi_method_not_mmr,quant_only,train,0.0034620051737874746,0.014687505550682545,0.3156416714191437,0.265678346157074,0.0029215796384960413,0.3976089060306549
19559,0,0,explicit_mmr,explicit_mmr,train,0.6183968782424927,0.314934104681015,0.014378740452229977,0.00020727657829411328,0.007500199135392904,0.0445827841758728
19561,0,1,explicit_mmr,implicit_mmr,train,0.4205738604068756,0.49863165616989136,0.02207745984196663,0.00024550085072405636,0.014720829203724861,0.04375064745545387
19564,0,0,explicit_mmr,explicit_mmr,train,0.5799939632415771,0.3731299340724945,0.011476700194180012,0.00015009504568297416,0.011167737655341625,0.02408154308795929
19581,1,1,implicit_mmr,implicit_mmr,train,0.1953243911266327,0.6096345782279968,0.04216646030545235,0.00011247573274886236,0.12592153251171112,0.0268405731767416
19582,1,1,implicit_mmr,implicit_mmr,train,0.2684917449951172,0.584810733795166,0.02644798718392849,7.660062692593783e-05,0.10153008997440338,0.018642809242010117
19583,1,1,implicit_mmr,implicit_mmr,train,0.2714844346046448,0.3435916304588318,0.09970318526029587,0.0007557203061878681,0.21103626489639282,0.07342878729104996
19586,1,1,implicit_mmr,implicit_mmr,train,0.2685920000076294,0.5670291185379028,0.026625607162714005,7.933731831144542e-05,0.12000458687543869,0.017669275403022766
19589,1,1,implicit_mmr,implicit_mmr,train,0.265754371881485,0.5725852251052856,0.02641291543841362,7.799316517775878e-05,0.11747973412275314,0.017689809203147888
19597,1,1,implicit_mmr,implicit_mmr,train,0.21685677766799927,0.6029567718505859,0.04831402003765106,0.00020022167882416397,0.04921728000044823,0.08245488256216049
19621,0,1,explicit_mmr,implicit_mmr,train,0.3586418330669403,0.38241368532180786,0.010083683766424656,0.00012120462633902207,0.24449768662452698,0.004241900518536568
19622,0,1,explicit_mmr,implicit_mmr,train,0.28486689925193787,0.6667177081108093,0.01060401275753975,9.143190982285887e-05,0.025289740413427353,0.012430284172296524
19631,0,0,explicit_mmr,explicit_mmr,train,0.5867081880569458,0.3782750070095062,0.00495708454400301,6.047044735169038e-05,0.022498657926917076,0.007500523701310158
19632,5,5,quant_only,quant_only,train,0.15095438063144684,0.18376424908638,0.12849630415439606,0.004126883577555418,0.01485526841133833,0.5178029537200928
19636,0,1,explicit_mmr,implicit_mmr,train,0.33059483766555786,0.6269198060035706,0.009580723010003567,7.965978875290602e-05,0.01943337917327881,0.013391559943556786
19644,1,1,implicit_mmr,implicit_mmr,train,0.22453156113624573,0.3515697121620178,0.13210438191890717,0.0011958128307014704,0.14350035786628723,0.14709825813770294
19653,0,0,explicit_mmr,explicit_mmr,train,0.5347641110420227,0.40039923787117004,0.012987560592591763,0.00014175046817399561,0.023436594754457474,0.0282706581056118
19657,5,5,quant_only,quant_only,train,0.037861790508031845,0.1745840162038803,0.19282349944114685,0.00627590948715806,0.021688761189579964,0.5667660236358643
19706,4,4,qual_only,qual_only,train,0.037518665194511414,0.05117398127913475,0.23395437002182007,0.01374615915119648,0.5133259296417236,0.15028086304664612
19731,2,4,multi_method_not_mmr,qual_only,train,0.023963183164596558,0.15036284923553467,0.2686413526535034,0.003888082690536976,0.39430639147758484,0.1588381677865982
19733,0,4,explicit_mmr,qual_only,train,0.0806911364197731,0.11125844717025757,0.031374987214803696,0.0004409530956763774,0.7679845690727234,0.0082497987896204
19754,2,4,multi_method_not_mmr,qual_only,train,0.0738028883934021,0.09830962866544724,0.2537921667098999,0.005584155209362507,0.42998644709587097,0.13852477073669434
19764,0,1,explicit_mmr,implicit_mmr,train,0.44679930806159973,0.4871159493923187,0.00964292511343956,0.00011609525245148689,0.04093291237950325,0.015392903238534927
19766,0,1,explicit_mmr,implicit_mmr,train,0.3703813850879669,0.5436240434646606,0.020634211599826813,0.00021505523181986064,0.017777515575289726,0.04736785590648651
19770,0,1,explicit_mmr,implicit_mmr,train,0.4152096211910248,0.5330331921577454,0.007114734500646591,0.00011796930630225688,0.03464871272444725,0.009875706396996975
19774,1,4,implicit_mmr,qual_only,train,0.2935253381729126,0.2541828155517578,0.034428052604198456,0.00030607159715145826,0.4047107994556427,0.012847050093114376
19796,2,4,multi_method_not_mmr,qual_only,train,0.005691164173185825,0.03486894816160202,0.25973039865493774,0.011077040806412697,0.6348722577095032,0.05376012250781059
19870,1,0,implicit_mmr,explicit_mmr,train,0.6871959567070007,0.2373819798231125,0.015790898352861404,0.000476694229291752,0.005162880755960941,0.05399158224463463
19892,4,5,qual_only,quant_only,train,0.004450352396816015,0.019977914169430733,0.31720152497291565,0.09107232838869095,0.17456704378128052,0.39273083209991455
19927,2,3,multi_method_not_mmr,no_method_signal,train,0.0007074509630911052,0.006549697834998369,0.41311007738113403,0.4544178545475006,0.045659735798835754,0.07955516874790192
19928,2,4,multi_method_not_mmr,qual_only,train,0.00376919680275023,0.03512977063655853,0.30585870146751404,0.02230985462665558,0.5137030482292175,0.11922948807477951
19929,2,2,multi_method_not_mmr,multi_method_not_mmr,train,0.002349667716771364,0.017367837950587273,0.4110492765903473,0.09643777459859848,0.1620934158563614,0.31070202589035034
19933,0,0,explicit_mmr,explicit_mmr,train,0.5927386283874512,0.3843921720981598,0.004489694256335497,0.00011792646546382457,0.009665447287261486,0.008596205152571201
19936,2,4,multi_method_not_mmr,qual_only,train,0.0048164608888328075,0.04865921661257744,0.3703188896179199,0.023929327726364136,0.38565436005592346,0.16662178933620453
19937,0,1,explicit_mmr,implicit_mmr,train,0.2492307722568512,0.5079243779182434,0.07769186794757843,0.0003704117552842945,0.02421358786523342,0.14056897163391113
19978,1,1,implicit_mmr,implicit_mmr,train,0.3380361497402191,0.511069118976593,0.04758259654045105,0.0004543035465758294,0.021064618602395058,0.08179318904876709
19991,1,0,implicit_mmr,explicit_mmr,train,0.40347617864608765,0.3594401180744171,0.07601753622293472,0.0011476861545816064,0.048924390226602554,0.11099401861429214
19992,1,1,implicit_mmr,implicit_mmr,train,0.37928861379623413,0.5315803289413452,0.02109154313802719,0.00021046053734607995,0.009024088270962238,0.05880492553114891
19993,1,5,implicit_mmr,quant_only,train,0.029505928978323936,0.08366744965314865,0.29488110542297363,0.04332829266786575,0.028859028592705727,0.5197582244873047
20000,3,3,no_method_signal,no_method_signal,train,0.000129626045236364,0.0011231531389057636,0.10138557106256485,0.8668876886367798,0.010985755361616611,0.01948820985853672
20048,0,5,explicit_mmr,quant_only,train,0.02697521261870861,0.10152632743120193,0.16391657292842865,0.017807813361287117,0.02202354185283184,0.6677505373954773
20094,2,2,multi_method_not_mmr,multi_method_not_mmr,train,0.0035117273218929768,0.02132013812661171,0.5137509107589722,0.2335512787103653,0.004103560000658035,0.2237623780965805
20108,4,2,qual_only,multi_method_not_mmr,train,0.014282207004725933,0.1002105176448822,0.3529914617538452,0.010621742345392704,0.19030337035655975,0.3315906226634979
20122,0,0,explicit_mmr,explicit_mmr,train,0.7160840630531311,0.26190587878227234,0.002699023811146617,0.00011186720803380013,0.013449092395603657,0.0057500870898365974
20124,0,0,explicit_mmr,explicit_mmr,train,0.6178386211395264,0.3171520233154297,0.003380265785381198,0.00010546243720455095,0.05832204222679138,0.0032015573233366013
20127,1,4,implicit_mmr,qual_only,train,0.04218031466007233,0.07452216744422913,0.04272610321640968,0.000526612508110702,0.8329544067382812,0.0070904023014009
20131,3,3,no_method_signal,no_method_signal,train,0.0008267767261713743,0.00457634637132287,0.3265334963798523,0.36982253193855286,0.1721433401107788,0.12609753012657166
20169,4,4,qual_only,qual_only,train,0.08072692155838013,0.07173382490873337,0.011364750564098358,0.00036669752444140613,0.8333940505981445,0.002413775073364377
20175,5,5,quant_only,quant_only,train,0.0032639724668115377,0.010314303450286388,0.26156583428382874,0.22174857556819916,0.0036392195615917444,0.499468058347702
20176,3,3,no_method_signal,no_method_signal,train,0.00015260047803167254,0.0008874877821654081,0.14195320010185242,0.8273538947105408,0.010539951734244823,0.019112974405288696
20218,1,0,implicit_mmr,explicit_mmr,train,0.6499018669128418,0.3032478392124176,0.005293567199259996,9.566667722538114e-05,0.03499322757124901,0.006467808969318867
20250,3,3,no_method_signal,no_method_signal,train,0.00018099864246323705,0.0003975442086812109,0.03926178440451622,0.9178568720817566,0.011809597723186016,0.030493203550577164
20258,3,3,no_method_signal,no_method_signal,train,0.000387639447581023,0.001002272590994835,0.03639928251504898,0.8333976864814758,0.001648364937864244,0.12716473639011383
20264,3,2,no_method_signal,multi_method_not_mmr,train,0.0020901032257825136,0.005774915684014559,0.336785227060318,0.33200976252555847,0.1607998013496399,0.16254015266895294
20300,4,5,qual_only,quant_only,train,0.011054996401071548,0.0972537025809288,0.3256685137748718,0.012141699902713299,0.16179227828979492,0.39208880066871643
20306,0,1,explicit_mmr,implicit_mmr,train,0.39499595761299133,0.4487547278404236,0.02617816999554634,0.00021058690617792308,0.10439804196357727,0.02546241693198681
20308,4,5,qual_only,quant_only,train,0.006769194733351469,0.06989303976297379,0.34318509697914124,0.020161889493465424,0.15005454421043396,0.40993624925613403
20323,4,2,qual_only,multi_method_not_mmr,train,0.012380327098071575,0.10653551667928696,0.3344194293022156,0.009424871765077114,0.21513961255550385,0.3221002221107483
20356,4,4,qual_only,qual_only,train,0.21535122394561768,0.18632976710796356,0.025061054155230522,0.00023981790582183748,0.5631600618362427,0.009858057834208012
20358,0,0,explicit_mmr,explicit_mmr,train,0.6755989193916321,0.2880324423313141,0.005183537025004625,9.08136717043817e-05,0.021898966282606125,0.00919516570866108
20359,4,4,qual_only,qual_only,train,0.23545348644256592,0.19488994777202606,0.01062054093927145,0.00025427076616324484,0.5562867522239685,0.002495010383427143
20363,0,0,explicit_mmr,explicit_mmr,train,0.702206015586853,0.24555839598178864,0.0027932915836572647,9.989566751755774e-05,0.04601924866437912,0.003323112614452839
20364,1,0,implicit_mmr,explicit_mmr,train,0.5136814117431641,0.40502074360847473,0.004488600883632898,9.349360334454104e-05,0.07367134839296341,0.0030442597344517708
20365,1,0,implicit_mmr,explicit_mmr,train,0.5229761600494385,0.38655468821525574,0.0037678382359445095,0.00012595558655448258,0.08394332975149155,0.0026319948956370354
20366,1,0,implicit_mmr,explicit_mmr,train,0.5500784516334534,0.34183651208877563,0.003724104491993785,0.0001449123810743913,0.10176831483840942,0.0024477019906044006
20371,5,4,quant_only,qual_only,train,0.009229072369635105,0.06718559563159943,0.320247620344162,0.012874490581452847,0.4037313461303711,0.18673188984394073
20387,1,1,implicit_mmr,implicit_mmr,train,0.41548019647598267,0.5392249226570129,0.009632907807826996,6.092308467486873e-05,0.022296154871582985,0.013304821215569973
20390,2,5,multi_method_not_mmr,quant_only,train,0.002337543061003089,0.01624683476984501,0.09705842286348343,0.2185705006122589,0.0073889209888875484,0.6583977937698364
20399,5,5,quant_only,quant_only,train,0.11789359152317047,0.11102505773305893,0.10091275721788406,0.018810689449310303,0.0028011517133563757,0.6485567688941956
20400,4,2,qual_only,multi_method_not_mmr,train,0.002273082034662366,0.009109639562666416,0.3696543276309967,0.22734494507312775,0.19087959825992584,0.20073840022087097
20407,3,3,no_method_signal,no_method_signal,train,0.00038303021574392915,0.001284094643779099,0.08120584487915039,0.7582176923751831,0.03171716257929802,0.1271921694278717
20417,3,3,no_method_signal,no_method_signal,train,9.180430060951039e-05,0.00027633202262222767,0.027686474844813347,0.9506853818893433,0.00551660917699337,0.015743400901556015
20437,0,0,explicit_mmr,explicit_mmr,train,0.7519410252571106,0.2289973646402359,0.0028041016776114702,0.00015954366244841367,0.00919274426996708,0.006905260495841503
20466,3,5,no_method_signal,quant_only,train,0.03388044983148575,0.03845880553126335,0.17874954640865326,0.0770777091383934,0.005306555423885584,0.6665269136428833
20495,0,0,explicit_mmr,explicit_mmr,train,0.5495914816856384,0.3339429199695587,0.02450469322502613,0.0005836235359311104,0.0052885254845023155,0.08608875423669815
20498,1,5,implicit_mmr,quant_only,train,0.016712939366698265,0.20868445932865143,0.2995010316371918,0.0056159826926887035,0.03660927712917328,0.43287625908851624
20501,1,0,implicit_mmr,explicit_mmr,train,0.5172505974769592,0.45296111702919006,0.005708208307623863,8.338591578649357e-05,0.00938067864626646,0.014615935273468494
20511,1,1,implicit_mmr,implicit_mmr,train,0.11629895120859146,0.4302140176296234,0.10005950927734375,0.0015996198635548353,0.01044822484254837,0.34137970209121704
20514,1,1,implicit_mmr,implicit_mmr,train,0.4326280951499939,0.44175413250923157,0.034328170120716095,0.0001467076363041997,0.05323033034801483,0.03791246563196182
20562,0,1,explicit_mmr,implicit_mmr,train,0.37406298518180847,0.40665188431739807,0.006163948215544224,0.00023719192540738732,0.2097826898097992,0.003101200331002474
20579,0,1,explicit_mmr,implicit_mmr,train,0.3602342903614044,0.41830432415008545,0.02342854253947735,0.00013788614887744188,0.18252795934677124,0.015366997569799423
20589,0,0,explicit_mmr,explicit_mmr,train,0.45525121688842773,0.41908130049705505,0.04047780856490135,0.0001764939515851438,0.026030652225017548,0.05898241326212883
20600,1,5,implicit_mmr,quant_only,train,0.07966890931129456,0.21144799888134003,0.24657988548278809,0.004426212981343269,0.0439651794731617,0.41391170024871826
20619,5,5,quant_only,quant_only,train,0.0026497994549572468,0.03205617144703865,0.33999842405319214,0.05288577824831009,0.09216964989900589,0.48024019598960876
20632,0,5,explicit_mmr,quant_only,train,0.04310167208313942,0.036494165658950806,0.1916695386171341,0.09696465730667114,0.013164368458092213,0.6186056137084961
20637,3,5,no_method_signal,quant_only,train,0.005649748723953962,0.011735917069017887,0.15104182064533234,0.28501445055007935,0.005278206896036863,0.5412799119949341
20642,0,5,explicit_mmr,quant_only,train,0.04142379015684128,0.0648774728178978,0.1879405528306961,0.030356673523783684,0.006684838328510523,0.6687166690826416
20647,4,1,qual_only,implicit_mmr,train,0.3236462473869324,0.34805959463119507,0.010069224052131176,0.0001887530233943835,0.3133087754249573,0.0047274199314415455
20653,0,0,explicit_mmr,explicit_mmr,train,0.5366353988647461,0.4229997992515564,0.004935054108500481,0.00012115219578845426,0.019422564655542374,0.015886105597019196
20656,0,1,explicit_mmr,implicit_mmr,train,0.19981379806995392,0.38514551520347595,0.06884994357824326,0.00043489120434969664,0.30274829268455505,0.04300757497549057
20657,0,0,explicit_mmr,explicit_mmr,train,0.5393245816230774,0.40330833196640015,0.007931194268167019,0.00010632419434841722,0.03491681441664696,0.014412778429687023
20664,0,1,explicit_mmr,implicit_mmr,train,0.26862531900405884,0.3839000165462494,0.04476098716259003,0.0002660030731931329,0.27790042757987976,0.024547209963202477
20667,4,4,qual_only,qual_only,train,0.14599454402923584,0.21983712911605835,0.024922465905547142,0.00025702003040350974,0.6020786762237549,0.0069101667031645775
20672,1,1,implicit_mmr,implicit_mmr,train,0.4182994067668915,0.5363463163375854,0.0066893938928842545,0.00010640356777003035,0.02794584259390831,0.010612665675580502
20673,1,0,implicit_mmr,explicit_mmr,train,0.43739116191864014,0.4050435721874237,0.006377844139933586,0.0001339505979558453,0.1458766758441925,0.005176743492484093
20679,1,4,implicit_mmr,qual_only,train,0.15809014439582825,0.2046302855014801,0.19412243366241455,0.005251292604953051,0.2403121292591095,0.19759373366832733
20683,1,1,implicit_mmr,implicit_mmr,train,0.42619118094444275,0.48686686158180237,0.007989898324012756,0.000116297225758899,0.07127539813518524,0.007560305297374725
20685,1,1,implicit_mmr,implicit_mmr,train,0.4298951327800751,0.5130614638328552,0.006289022974669933,0.00013189285527914762,0.042978402227163315,0.007644126657396555
20694,0,0,explicit_mmr,explicit_mmr,train,0.6557276844978333,0.3080868422985077,0.007779491599649191,0.00015574948338326067,0.00867017824202776,0.019580109044909477
20709,2,5,multi_method_not_mmr,quant_only,train,0.015922773629426956,0.03144943341612816,0.1935945600271225,0.07392660528421402,0.003781788982450962,0.6813247799873352
20733,1,0,implicit_mmr,explicit_mmr,train,0.5298931002616882,0.41524410247802734,0.004277245607227087,0.00011565166641958058,0.039009109139442444,0.011460774578154087
20754,1,1,implicit_mmr,implicit_mmr,train,0.4050084352493286,0.5420100092887878,0.004750181920826435,0.00012258552305866033,0.040108222514390945,0.008000501431524754
20770,0,0,explicit_mmr,explicit_mmr,train,0.5225926041603088,0.4169786870479584,0.013364781625568867,0.00020723628404084593,0.014030961319804192,0.03282574564218521
20772,1,1,implicit_mmr,implicit_mmr,train,0.4378352761268616,0.47310614585876465,0.01088457740843296,0.00011518103565322235,0.06599732488393784,0.012061513029038906
20784,2,5,multi_method_not_mmr,quant_only,train,0.009242897853255272,0.03185047581791878,0.10213179141283035,0.08378007262945175,0.0038169848266988993,0.7691778540611267
20819,3,3,no_method_signal,no_method_signal,train,0.0002368652494624257,0.0017811511643230915,0.18288663029670715,0.7495566606521606,0.037548523396253586,0.027990072965621948
20822,5,5,quant_only,quant_only,train,0.01659388467669487,0.033172186464071274,0.30620142817497253,0.04821023344993591,0.0851830318570137,0.5106391906738281
20835,5,5,quant_only,quant_only,train,0.013548636808991432,0.11070232838392258,0.22380280494689941,0.08232724666595459,0.0037414156831800938,0.5658776164054871
20837,5,5,quant_only,quant_only,train,0.013290094211697578,0.10849695652723312,0.21594011783599854,0.08435273915529251,0.0037535084411501884,0.5741665959358215
20838,5,5,quant_only,quant_only,train,0.05202163755893707,0.26590415835380554,0.14695551991462708,0.008337927050888538,0.0066780587658286095,0.5201026797294617
20845,4,4,qual_only,qual_only,train,0.006891318596899509,0.010155074298381805,0.1409694403409958,0.01972820609807968,0.740028977394104,0.08222700655460358
20850,2,4,multi_method_not_mmr,qual_only,train,0.0027040194254368544,0.008468822576105595,0.19088387489318848,0.024923790246248245,0.740352213382721,0.03266731649637222
20855,0,0,explicit_mmr,explicit_mmr,train,0.5063318610191345,0.4080491065979004,0.005223626736551523,0.00014990073395892978,0.07627350836992264,0.003972088452428579
20916,1,4,implicit_mmr,qual_only,train,0.10482752323150635,0.21228080987930298,0.03767922893166542,0.0002737852046266198,0.637292206287384,0.007646422833204269
20925,0,0,explicit_mmr,explicit_mmr,train,0.6883782148361206,0.2877002954483032,0.0033188480883836746,9.194586891680956e-05,0.01376656536012888,0.006744119338691235
20948,5,2,quant_only,multi_method_not_mmr,train,0.004535995423793793,0.054134782403707504,0.371924489736557,0.031844090670347214,0.20260199904441833,0.33495867252349854
20953,0,0,explicit_mmr,explicit_mmr,train,0.734162449836731,0.24066582322120667,0.004604192450642586,0.00017266125360038131,0.0063805850222706795,0.014014234766364098
20957,0,0,explicit_mmr,explicit_mmr,train,0.6866741180419922,0.2890941798686981,0.0033912789076566696,8.970483759185299e-05,0.01384144276380539,0.006909248419106007
20960,5,2,quant_only,multi_method_not_mmr,train,0.0020567679312080145,0.02752191387116909,0.401930570602417,0.07597792893648148,0.15789799392223358,0.33461475372314453
20999,4,4,qual_only,qual_only,train,0.0023231073282659054,0.019954802468419075,0.40389925241470337,0.055357445031404495,0.407694935798645,0.11077041178941727
21005,2,1,multi_method_not_mmr,implicit_mmr,train,0.14918071031570435,0.6382243633270264,0.07778623700141907,0.0005015189526602626,0.02961578592658043,0.10469136387109756
21023,0,4,explicit_mmr,qual_only,train,0.2581472098827362,0.182987242937088,0.030666576698422432,0.0004225817683618516,0.5163583755493164,0.011417991481721401
21028,0,4,explicit_mmr,qual_only,train,0.09048252552747726,0.07833072543144226,0.009691359475255013,0.00045125046744942665,0.8185301423072815,0.0025139141362160444
21065,2,3,multi_method_not_mmr,no_method_signal,train,0.0002469393075443804,0.0014559829141944647,0.13442449271678925,0.7966264486312866,0.031008152291178703,0.03623798117041588
21067,0,0,explicit_mmr,explicit_mmr,train,0.6412256360054016,0.2890510857105255,0.01004625204950571,0.0001172081392724067,0.048329949378967285,0.011229908093810081
21071,0,0,explicit_mmr,explicit_mmr,train,0.5745183825492859,0.27504050731658936,0.03820470720529556,0.0003763647691812366,0.07140865176916122,0.04045135900378227
21076,2,2,multi_method_not_mmr,multi_method_not_mmr,train,0.028762483969330788,0.04227690398693085,0.4496475160121918,0.03246690332889557,0.03730786219239235,0.4095384180545807
21097,2,4,multi_method_not_mmr,qual_only,train,0.007743739988654852,0.03424592316150665,0.33058255910873413,0.0195857435464859,0.48758599162101746,0.12025603652000427
21118,4,0,qual_only,explicit_mmr,train,0.6758673191070557,0.28386977314949036,0.008618313819169998,0.0002380525547778234,0.005431616213172674,0.025974923744797707
21122,0,0,explicit_mmr,explicit_mmr,train,0.614450991153717,0.22896279394626617,0.04361691325902939,0.0010238271206617355,0.01402901392430067,0.09791646897792816
21155,1,4,implicit_mmr,qual_only,train,0.16827866435050964,0.33738580346107483,0.017311323434114456,0.00016829643573146313,0.4691963195800781,0.007659492082893848
21171,0,0,explicit_mmr,explicit_mmr,train,0.7431077361106873,0.22064779698848724,0.007166195195168257,0.00024473294615745544,0.005615126341581345,0.023218346759676933
21183,2,4,multi_method_not_mmr,qual_only,train,0.023457959294319153,0.050120677798986435,0.2730735242366791,0.01839609071612358,0.43281039595603943,0.20214132964611053
21184,0,0,explicit_mmr,explicit_mmr,train,0.5403558015823364,0.274013876914978,0.03876223415136337,0.001358653069473803,0.005220629740506411,0.14028888940811157
21188,5,5,quant_only,quant_only,train,0.16246555745601654,0.14312054216861725,0.15911205112934113,0.011336472816765308,0.008278008550405502,0.5156874060630798
21199,1,4,implicit_mmr,qual_only,train,0.16864679753780365,0.11350967735052109,0.24946631491184235,0.019102290272712708,0.28520911931991577,0.1640658676624298
21204,1,4,implicit_mmr,qual_only,train,0.1795935183763504,0.3608720004558563,0.014390385709702969,0.00018290682055521756,0.4383637309074402,0.0065974402241408825
21218,0,5,explicit_mmr,quant_only,train,0.32911452651023865,0.20155185461044312,0.11036278307437897,0.004288873635232449,0.013705848716199398,0.3409760892391205
21227,0,0,explicit_mmr,explicit_mmr,train,0.6607235670089722,0.23802495002746582,0.022409658879041672,0.0005006810533814132,0.0077202036045491695,0.07062095403671265
21230,0,0,explicit_mmr,explicit_mmr,train,0.5278232097625732,0.2730270326137543,0.044376276433467865,0.0014011620078235865,0.00566469831392169,0.14770758152008057
21244,3,0,no_method_signal,explicit_mmr,train,0.5384438633918762,0.3650423288345337,0.017549196258187294,0.00037404344766400754,0.007045465987175703,0.07154510915279388
21256,3,5,no_method_signal,quant_only,train,0.012256749905645847,0.023512214422225952,0.359188973903656,0.10489293932914734,0.1094258651137352,0.39072322845458984
21267,5,1,quant_only,implicit_mmr,train,0.3355342149734497,0.614788293838501,0.007449893280863762,0.0001449191040592268,0.030322175472974777,0.011760556139051914
21285,0,0,explicit_mmr,explicit_mmr,train,0.7225373387336731,0.23364822566509247,0.0021883994340896606,0.00012687890557572246,0.038288164883852005,0.0032109459862113
21334,1,4,implicit_mmr,qual_only,train,0.08481139689683914,0.2603239417076111,0.08569618314504623,0.000475690612802282,0.5458469390869141,0.022845890372991562
21373,5,5,quant_only,quant_only,train,0.006696597672998905,0.011968697421252728,0.2806609272956848,0.20671142637729645,0.00278295436874032,0.4911794364452362
21390,4,4,qual_only,qual_only,train,0.02061423473060131,0.028466088697314262,0.021451111882925034,0.0006597826723009348,0.9263933897018433,0.0024154281709343195
21397,5,5,quant_only,quant_only,train,0.014771872200071812,0.04127320647239685,0.25276628136634827,0.05890101194381714,0.019961493089795113,0.6123261451721191
21398,0,0,explicit_mmr,explicit_mmr,train,0.5893359184265137,0.3754536211490631,0.004923388361930847,6.039004074409604e-05,0.022854460403323174,0.007372233085334301
21413,1,1,implicit_mmr,implicit_mmr,train,0.23657889664173126,0.6114532351493835,0.04595744237303734,0.0002171216910937801,0.020358126610517502,0.08543524146080017
21415,0,1,explicit_mmr,implicit_mmr,train,0.33415040373802185,0.5923761129379272,0.01609693467617035,9.485706686973572e-05,0.030691340565681458,0.026590390130877495
21424,4,4,qual_only,qual_only,train,0.08462715893983841,0.083064004778862,0.01050345879048109,0.0003866634506266564,0.8193050622940063,0.0021136694122105837
21445,3,3,no_method_signal,no_method_signal,train,0.00013823159679304808,0.00026139846886508167,0.021161671727895737,0.9615222811698914,0.0008546830504201353,0.016061747446656227
21499,2,4,multi_method_not_mmr,qual_only,train,0.013722899369895458,0.018286164849996567,0.3134215772151947,0.06263498216867447,0.44251933693885803,0.14941510558128357
21528,3,5,no_method_signal,quant_only,train,0.04147293418645859,0.04773577302694321,0.3008747398853302,0.06574635952711105,0.16836267709732056,0.3758074939250946
21585,0,4,explicit_mmr,qual_only,train,0.1507115662097931,0.1869228184223175,0.016175651922822,0.00020352828141767532,0.6412106156349182,0.004775790963321924
21590,0,4,explicit_mmr,qual_only,train,0.2198495715856552,0.25889062881469727,0.051791880279779434,0.00041379043250344694,0.45172926783561707,0.017324814572930336
21604,1,1,implicit_mmr,implicit_mmr,train,0.24394536018371582,0.3916303515434265,0.05040834844112396,0.0016645700670778751,0.005529977381229401,0.30682137608528137
21606,4,4,qual_only,qual_only,train,0.010849198326468468,0.0901065394282341,0.29028624296188354,0.00826770719140768,0.42768406867980957,0.17280623316764832
21617,2,1,multi_method_not_mmr,implicit_mmr,train,0.19189056754112244,0.5438698530197144,0.09223273396492004,0.00023269177472684532,0.08643551170825958,0.08533865958452225
21620,4,4,qual_only,qual_only,train,0.2151261270046234,0.2637169361114502,0.07962869852781296,0.0005826607230119407,0.4094058871269226,0.03153963014483452
21626,0,0,explicit_mmr,explicit_mmr,train,0.4111696779727936,0.2758660614490509,0.014256292022764683,0.0001711111981421709,0.2931554317474365,0.005381468217819929
21635,1,0,implicit_mmr,explicit_mmr,train,0.3611372709274292,0.2930794954299927,0.1261245757341385,0.0017458259826526046,0.026331143453717232,0.1915816217660904
21637,0,0,explicit_mmr,explicit_mmr,train,0.7127026319503784,0.2668003737926483,0.003592306049540639,0.00013113256136421114,0.008606341667473316,0.008167264983057976
21651,0,0,explicit_mmr,explicit_mmr,train,0.6595823168754578,0.2968407869338989,0.0057915509678423405,0.00010120893421117216,0.03016054257750511,0.007523616310209036
21668,0,5,explicit_mmr,quant_only,train,0.0305571760982275,0.11501780152320862,0.295204222202301,0.006737340707331896,0.11228913813829422,0.44019436836242676
21669,0,1,explicit_mmr,implicit_mmr,train,0.41133224964141846,0.5109161734580994,0.013973899185657501,0.0002276539453305304,0.008309370838105679,0.05524060130119324
21694,3,3,no_method_signal,no_method_signal,train,7.971986633492634e-05,0.0003264265542384237,0.033600982278585434,0.9543004035949707,0.0015905696200206876,0.010101741179823875
21749,0,0,explicit_mmr,explicit_mmr,train,0.6912404894828796,0.2834206819534302,0.003439672291278839,0.00011097326932940632,0.015651509165763855,0.006136687472462654
21774,0,0,explicit_mmr,explicit_mmr,train,0.605006217956543,0.3533741235733032,0.00805042963474989,0.00023940486425999552,0.004881670232862234,0.028448157012462616
21796,3,3,no_method_signal,no_method_signal,train,0.0002125147293554619,0.0018051523948088288,0.12938451766967773,0.8271802067756653,0.024293415248394012,0.017124230042099953
21801,1,0,implicit_mmr,explicit_mmr,train,0.6610161066055298,0.2432747334241867,0.015589078888297081,0.0001905496174003929,0.06113090366125107,0.01879863440990448
21808,0,4,explicit_mmr,qual_only,train,0.3054526150226593,0.21324416995048523,0.021881595253944397,0.00022604111291002482,0.4513421952724457,0.00785344559699297
21809,0,0,explicit_mmr,explicit_mmr,train,0.6963307857513428,0.24454841017723083,0.007082061842083931,0.00012196649913676083,0.04198155552148819,0.009935164824128151
21819,2,1,multi_method_not_mmr,implicit_mmr,train,0.04711126536130905,0.37284332513809204,0.22094950079917908,0.001429912867024541,0.11179594695568085,0.24586999416351318
21839,4,4,qual_only,qual_only,train,0.1306663155555725,0.22077760100364685,0.02870509959757328,0.00019114540191367269,0.6056013107299805,0.014058571308851242
21847,0,0,explicit_mmr,explicit_mmr,train,0.5275618433952332,0.4123167395591736,0.007896887138485909,0.00011323067883495241,0.03923315182328224,0.01287822425365448
21850,5,1,quant_only,implicit_mmr,train,0.10230456292629242,0.3826996982097626,0.1319735050201416,0.0010471076238900423,0.23725785315036774,0.144717276096344
21872,1,4,implicit_mmr,qual_only,train,0.15210002660751343,0.18875783681869507,0.017229268327355385,0.00017860477964859456,0.6350422501564026,0.006691990420222282
21885,0,1,explicit_mmr,implicit_mmr,train,0.27856627106666565,0.3452945053577423,0.029829973354935646,0.00025114993331953883,0.3313634693622589,0.014694692566990852
21890,0,0,explicit_mmr,explicit_mmr,train,0.48614296317100525,0.4344519078731537,0.010907057672739029,0.00012009087367914617,0.05423717573285103,0.01414080522954464
21912,0,1,explicit_mmr,implicit_mmr,train,0.4512827694416046,0.4589470326900482,0.00965961068868637,0.00010961728548863903,0.06894583255052567,0.0110552366822958
21926,2,4,multi_method_not_mmr,qual_only,train,0.05053040012717247,0.21416151523590088,0.1339057981967926,0.001050574122928083,0.5342913866043091,0.0660603865981102
21939,2,4,multi_method_not_mmr,qual_only,train,0.05735573172569275,0.1816580444574356,0.20572754740715027,0.0025273077189922333,0.42931872606277466,0.12341257184743881
21941,5,1,quant_only,implicit_mmr,train,0.44124913215637207,0.4424619972705841,0.02784224972128868,0.000254270329605788,0.021768130362033844,0.06642424315214157
21946,0,0,explicit_mmr,explicit_mmr,train,0.5692249536514282,0.3647840619087219,0.01438989583402872,0.0002084798616124317,0.012543650344014168,0.038849081844091415
21999,2,2,multi_method_not_mmr,multi_method_not_mmr,train,0.005160576663911343,0.03400048241019249,0.4807485342025757,0.021725688129663467,0.08255155384540558,0.3758130967617035
22006,2,2,multi_method_not_mmr,multi_method_not_mmr,train,0.001683696056716144,0.011067583225667477,0.4733639359474182,0.244124636054039,0.03797655180096626,0.23178359866142273
22008,2,2,multi_method_not_mmr,multi_method_not_mmr,train,0.0011190952500328422,0.007898984476923943,0.46445587277412415,0.3479065001010895,0.02433604747056961,0.1542835682630539
22074,1,1,implicit_mmr,implicit_mmr,train,0.4002479314804077,0.5564629435539246,0.012519648298621178,0.00010745022882474586,0.012780248187482357,0.017881732434034348
22080,1,0,implicit_mmr,explicit_mmr,train,0.514620840549469,0.43222349882125854,0.01440888550132513,0.00011870116577483714,0.01393396407365799,0.024694185703992844
22087,1,0,implicit_mmr,explicit_mmr,train,0.5373327136039734,0.3693412244319916,0.020297694951295853,0.0001713479869067669,0.052273496985435486,0.020583560690283775
22091,1,1,implicit_mmr,implicit_mmr,train,0.39170876145362854,0.5585025548934937,0.013740834780037403,0.00011245655332459137,0.010906885378062725,0.025028515607118607
22107,2,5,multi_method_not_mmr,quant_only,train,0.2552697956562042,0.2353256344795227,0.1658449023962021,0.0033617131412029266,0.03652186319231987,0.3036760985851288
22108,2,5,multi_method_not_mmr,quant_only,train,0.17414884269237518,0.1975654661655426,0.19493380188941956,0.004608258605003357,0.024231165647506714,0.4045124650001526
22120,0,1,explicit_mmr,implicit_mmr,train,0.4046917259693146,0.43207746744155884,0.03930460289120674,0.00037862497265450656,0.009195850230753422,0.1143517717719078
22142,0,4,explicit_mmr,qual_only,train,0.2859135568141937,0.262386679649353,0.007329307962208986,0.00032900471705943346,0.44155189394950867,0.0024896010290831327
22143,0,0,explicit_mmr,explicit_mmr,train,0.4021386504173279,0.34442877769470215,0.006200843956321478,0.0001934563770191744,0.2442868947982788,0.0027514267712831497
22151,5,5,quant_only,quant_only,train,0.006611538119614124,0.014809594489634037,0.3287578821182251,0.1454465091228485,0.004516789689660072,0.49985769391059875
22198,5,3,quant_only,no_method_signal,train,0.00010658019164111465,0.0005841321544721723,0.06463466584682465,0.900891125202179,0.009789488278329372,0.023994047194719315
22207,0,5,explicit_mmr,quant_only,train,0.19796380400657654,0.11645963788032532,0.20587100088596344,0.017137933522462845,0.09545780718326569,0.36710983514785767
22211,2,4,multi_method_not_mmr,qual_only,train,0.008802167139947414,0.03826417401432991,0.24074873328208923,0.008203075267374516,0.6412403583526611,0.06274149566888809
22212,2,3,multi_method_not_mmr,no_method_signal,train,0.00044450355926528573,0.0029867328703403473,0.21397556364536285,0.5559332370758057,0.15518945455551147,0.07147063314914703
22227,0,0,explicit_mmr,explicit_mmr,train,0.6454208493232727,0.3080698251724243,0.003801333950832486,9.616135503165424e-05,0.038235023617744446,0.00437690457329154
22232,0,0,explicit_mmr,explicit_mmr,train,0.5326160192489624,0.3309006989002228,0.014231264591217041,0.0001173057098640129,0.11044640094041824,0.011688227765262127
22233,0,0,explicit_mmr,explicit_mmr,train,0.7120711803436279,0.2647666931152344,0.0035903730895370245,0.00011258894664933905,0.012447891756892204,0.007011274341493845
22234,0,4,explicit_mmr,qual_only,train,0.06238332390785217,0.053504858165979385,0.027462352067232132,0.0006478840950876474,0.8518668413162231,0.004134748131036758
22242,0,0,explicit_mmr,explicit_mmr,train,0.6909571290016174,0.24454081058502197,0.015850063413381577,0.0002451181353535503,0.010927196592092514,0.03747963905334473
22259,5,5,quant_only,quant_only,train,0.03245285525918007,0.0356036052107811,0.21039274334907532,0.08294100314378738,0.009141089394688606,0.6294687986373901
22277,5,0,quant_only,explicit_mmr,train,0.5897747874259949,0.2707832157611847,0.03975074738264084,0.0005267529631964862,0.01703859306871891,0.08212592452764511
22286,5,0,quant_only,explicit_mmr,train,0.582514762878418,0.29434213042259216,0.03656333312392235,0.0004223879659548402,0.023576734587550163,0.0625806674361229
22292,4,4,qual_only,qual_only,train,0.09058268368244171,0.06149246543645859,0.15523406863212585,0.008775214664638042,0.6010002493858337,0.08291531354188919
22326,5,1,quant_only,implicit_mmr,train,0.2058788239955902,0.645998477935791,0.01782102696597576,0.00010617793304845691,0.11372160911560059,0.016473814845085144
22329,5,5,quant_only,quant_only,train,0.026404524222016335,0.0862918496131897,0.30015429854393005,0.010602237656712532,0.16928069293498993,0.4072663187980652
22347,0,0,explicit_mmr,explicit_mmr,train,0.42900940775871277,0.3630945086479187,0.06807977706193924,0.000542355643119663,0.04838031902909279,0.09089359641075134
22353,0,0,explicit_mmr,explicit_mmr,train,0.7160013318061829,0.25228384137153625,0.006836928892880678,0.00018947040371131152,0.007199109066277742,0.017489302903413773
22356,2,1,multi_method_not_mmr,implicit_mmr,train,0.17184783518314362,0.5543988347053528,0.06788956373929977,0.00019868688832502812,0.16762694716453552,0.03803820163011551
22359,0,0,explicit_mmr,explicit_mmr,train,0.5946736335754395,0.3621145188808441,0.004797212313860655,8.32610676297918e-05,0.032318342477083206,0.006012964993715286
22362,1,0,implicit_mmr,explicit_mmr,train,0.7262946367263794,0.2521112263202667,0.0032547595910727978,0.00013290032802615315,0.010625418275594711,0.007581071928143501
22363,2,1,multi_method_not_mmr,implicit_mmr,train,0.1996256411075592,0.242508202791214,0.21440528333187103,0.003629259765148163,0.12497419863939285,0.21485735476016998
22368,0,0,explicit_mmr,explicit_mmr,train,0.654894232749939,0.31245386600494385,0.007578612770885229,0.00013958809722680598,0.007808374706655741,0.017125410959124565
22378,0,0,explicit_mmr,explicit_mmr,train,0.41282305121421814,0.3295918405056,0.05446917936205864,0.0003652933519333601,0.1683378517627716,0.03441278263926506
22391,5,5,quant_only,quant_only,train,0.12410756200551987,0.06040630489587784,0.10714247077703476,0.029507189989089966,0.002208393532782793,0.676628053188324
22396,0,0,explicit_mmr,explicit_mmr,train,0.666013240814209,0.2606797516345978,0.0164116732776165,0.0004291288205422461,0.0045475102961063385,0.051918741315603256
22403,5,5,quant_only,quant_only,train,0.18689051270484924,0.11384061723947525,0.12564262747764587,0.013101980090141296,0.004371362738311291,0.5561528205871582
22409,0,0,explicit_mmr,explicit_mmr,train,0.6396573781967163,0.2871413230895996,0.02118377946317196,0.00032779338653199375,0.009535202756524086,0.0421544648706913
22435,2,5,multi_method_not_mmr,quant_only,train,0.008300784043967724,0.014685461297631264,0.1263986974954605,0.20792798697948456,0.006088478956371546,0.6365986466407776
22443,2,0,multi_method_not_mmr,explicit_mmr,train,0.6027213335037231,0.2231777012348175,0.03368094563484192,0.0012568937381729484,0.004235605709254742,0.13492749631404877
22450,0,0,explicit_mmr,explicit_mmr,train,0.5462788939476013,0.27382636070251465,0.05435149744153023,0.0008502699201926589,0.023395998403429985,0.10129691660404205
22458,2,0,multi_method_not_mmr,explicit_mmr,train,0.5894777774810791,0.22090929746627808,0.05775725841522217,0.001829449669457972,0.019495123997330666,0.11053106188774109
22460,1,0,implicit_mmr,explicit_mmr,train,0.5087019801139832,0.4641857445240021,0.0061729238368570805,0.00011466912110336125,0.009574906900525093,0.011249764822423458
22469,5,0,quant_only,explicit_mmr,train,0.5602512359619141,0.261770635843277,0.03417159989476204,0.000950889487285167,0.004149599000811577,0.1387060433626175
22472,3,3,no_method_signal,no_method_signal,train,0.00018053784151561558,0.0007128842989914119,0.052643973380327225,0.9388923645019531,0.0017032359028235078,0.005866957828402519
22514,0,0,explicit_mmr,explicit_mmr,train,0.4855313003063202,0.38704782724380493,0.032443512231111526,0.00028590625151991844,0.04079735279083252,0.053894106298685074
22521,2,0,multi_method_not_mmr,explicit_mmr,train,0.3988895118236542,0.30217474699020386,0.013148000463843346,0.00015743079711683095,0.2811921238899231,0.0044382787309587
22544,1,5,implicit_mmr,quant_only,train,0.16639140248298645,0.18152138590812683,0.2447395622730255,0.006159984041005373,0.15171732008457184,0.2494702786207199
22545,1,4,implicit_mmr,qual_only,train,0.13760963082313538,0.30917689204216003,0.08661866933107376,0.000821378082036972,0.4036363661289215,0.06213715672492981
22548,1,1,implicit_mmr,implicit_mmr,train,0.18188710510730743,0.24984797835350037,0.19084049761295319,0.004181234166026115,0.18407514691352844,0.18916809558868408
22593,3,2,no_method_signal,multi_method_not_mmr,train,0.011340852826833725,0.025125328451395035,0.5186571478843689,0.05110747739672661,0.027221808210015297,0.3665474057197571
22612,2,5,multi_method_not_mmr,quant_only,train,0.01917872205376625,0.031274810433387756,0.2325248420238495,0.048635419458150864,0.005122826900333166,0.6632633805274963
22631,5,5,quant_only,quant_only,train,0.025987599045038223,0.02661118656396866,0.21219106018543243,0.0707252249121666,0.003328402293846011,0.6611564755439758
22645,2,5,multi_method_not_mmr,quant_only,train,0.01206912100315094,0.022876150906085968,0.3456515371799469,0.08452188968658447,0.0072617800906300545,0.527619481086731
22684,5,5,quant_only,quant_only,train,0.009452556259930134,0.03854351118206978,0.3750239908695221,0.07737196236848831,0.005133847706019878,0.4944741129875183
22685,5,5,quant_only,quant_only,train,0.01158971432596445,0.023048369213938713,0.132152259349823,0.11559039354324341,0.0013999701477587223,0.7162193059921265
22688,2,5,multi_method_not_mmr,quant_only,train,0.0043217153288424015,0.02391824685037136,0.3350597321987152,0.158719003200531,0.005375876557081938,0.47260552644729614
22690,2,2,multi_method_not_mmr,multi_method_not_mmr,train,0.0039128526113927364,0.013294248841702938,0.5040226578712463,0.19022692739963531,0.004647229798138142,0.2838961184024811
22734,5,4,quant_only,qual_only,train,0.001759521197527647,0.007066295016556978,0.3215464949607849,0.10760354995727539,0.47838783264160156,0.0836363434791565
22746,5,5,quant_only,quant_only,train,0.029979072511196136,0.049409907311201096,0.3258051872253418,0.041690047830343246,0.059392768889665604,0.49372297525405884
22778,3,3,no_method_signal,no_method_signal,train,0.00013858145393896848,0.0005104536539874971,0.045472338795661926,0.9459217190742493,0.0024317451752722263,0.005525139160454273
22787,0,1,explicit_mmr,implicit_mmr,train,0.46309083700180054,0.4940809905529022,0.00477578304708004,0.0001059304631780833,0.028286173939704895,0.009660313837230206
22832,0,0,explicit_mmr,explicit_mmr,train,0.46717795729637146,0.45146340131759644,0.008335824124515057,0.00011446334974607453,0.06470153480768204,0.008206903003156185
22843,0,0,explicit_mmr,explicit_mmr,train,0.5228658318519592,0.3959702253341675,0.02059619501233101,0.00024992870748974383,0.01900685764849186,0.04131096228957176
22847,0,1,explicit_mmr,implicit_mmr,train,0.4656441807746887,0.48796555399894714,0.007701586000621319,0.00011455368803581223,0.026640083640813828,0.011934022419154644
22851,5,0,quant_only,explicit_mmr,train,0.562792181968689,0.3326937258243561,0.024871375411748886,0.0005219822051003575,0.009032320231199265,0.07008850574493408
22854,1,1,implicit_mmr,implicit_mmr,train,0.3547556400299072,0.47341153025627136,0.04318122938275337,0.00025103866937570274,0.08699794113636017,0.04140269756317139
22873,2,2,multi_method_not_mmr,multi_method_not_mmr,train,0.006708953063935041,0.025393100455403328,0.646255373954773,0.051472608000040054,0.0166926272213459,0.25347742438316345
22884,2,5,multi_method_not_mmr,quant_only,train,0.004110637120902538,0.019808264449238777,0.3847369849681854,0.15631867945194244,0.007459433749318123,0.4275660514831543
22895,5,5,quant_only,quant_only,train,0.03797569125890732,0.057702552527189255,0.26667216420173645,0.023582786321640015,0.003216957440599799,0.6108498573303223
22908,0,4,explicit_mmr,qual_only,train,0.15241678059101105,0.1881476491689682,0.015904899686574936,0.0002027310838457197,0.6385973691940308,0.004730589687824249
22964,4,4,qual_only,qual_only,train,0.0017166131874546409,0.0152587890625,0.3816133439540863,0.07147621363401413,0.43211665749549866,0.09781834483146667
22989,5,5,quant_only,quant_only,train,0.001971358899027109,0.025433994829654694,0.3133994936943054,0.1309756338596344,0.12770676612854004,0.40051278471946716
22995,0,0,explicit_mmr,explicit_mmr,train,0.6148895025253296,0.3515982925891876,0.0073487646877765656,0.000124629819765687,0.012784351594746113,0.01325451210141182
22997,0,0,explicit_mmr,explicit_mmr,train,0.5781765580177307,0.19078144431114197,0.03342185169458389,0.0021890008356422186,0.003604631870985031,0.19182638823986053
22998,1,0,implicit_mmr,explicit_mmr,train,0.48502117395401,0.4791739583015442,0.004751705098897219,0.00010895338346017525,0.02570861391723156,0.005235613789409399
23003,0,0,explicit_mmr,explicit_mmr,train,0.38099369406700134,0.22577281296253204,0.07789834588766098,0.001502478844486177,0.25204771757125854,0.061784956604242325
23011,1,5,implicit_mmr,quant_only,train,0.011498162522912025,0.1515645831823349,0.3232140839099884,0.013232029974460602,0.13595329225063324,0.36453792452812195
23063,3,3,no_method_signal,no_method_signal,train,0.0074207414872944355,0.011513824574649334,0.22097331285476685,0.37284716963768005,0.014795158058404922,0.37244972586631775
23069,2,5,multi_method_not_mmr,quant_only,train,0.01450512744486332,0.014758788980543613,0.3407650291919708,0.20937736332416534,0.02731403149664402,0.39327967166900635
23098,0,0,explicit_mmr,explicit_mmr,train,0.5533558130264282,0.36880213022232056,0.02370958961546421,0.0002970968489535153,0.015928464010357857,0.03790689632296562
23114,2,5,multi_method_not_mmr,quant_only,train,0.02634485252201557,0.029180455952882767,0.31439879536628723,0.1441589891910553,0.026879500597715378,0.45903733372688293
23119,1,0,implicit_mmr,explicit_mmr,train,0.5216940641403198,0.38649559020996094,0.0037900099996477365,0.00012649467680603266,0.0852605402469635,0.002633318305015564
23125,1,0,implicit_mmr,explicit_mmr,train,0.34733620285987854,0.32053762674331665,0.06889110803604126,0.0010664017172530293,0.007108813151717186,0.25505998730659485
23157,0,0,explicit_mmr,explicit_mmr,train,0.489108681678772,0.4762689471244812,0.005644645541906357,0.00011455779167590663,0.016722172498703003,0.012141026556491852
23159,1,1,implicit_mmr,implicit_mmr,train,0.44477540254592896,0.49268844723701477,0.006435932591557503,0.00011140004789922386,0.048746511340141296,0.007242268417030573
23160,1,0,implicit_mmr,explicit_mmr,train,0.48537006974220276,0.47025591135025024,0.005019760690629482,0.0001067344201146625,0.027339011430740356,0.011908482760190964
23162,0,0,explicit_mmr,explicit_mmr,train,0.4863083064556122,0.4686322510242462,0.0070588537491858006,0.00012408927432261407,0.02690819837152958,0.010968348011374474
23172,1,0,implicit_mmr,explicit_mmr,train,0.4188578128814697,0.29923000931739807,0.006306335795670748,0.0001760492887115106,0.2714735269546509,0.003956267610192299
23176,0,0,explicit_mmr,explicit_mmr,train,0.4881078004837036,0.45888087153434753,0.006463667377829552,0.00010222579294349998,0.03555261343717575,0.010892868973314762
23188,4,4,qual_only,qual_only,train,0.1581488847732544,0.18698708713054657,0.010239752940833569,0.00024528600624762475,0.6412009596824646,0.003177997190505266
23190,4,4,qual_only,qual_only,train,0.2663837671279907,0.23733194172382355,0.023458940908312798,0.00024905934697017074,0.46577590703964233,0.006800383795052767
23192,0,1,explicit_mmr,implicit_mmr,train,0.34104329347610474,0.4519912600517273,0.008633436635136604,0.00014666569768451154,0.19252365827560425,0.0056616272777318954
23194,4,2,qual_only,multi_method_not_mmr,train,0.012132310308516026,0.037437256425619125,0.37656164169311523,0.03540601208806038,0.24880054593086243,0.28966230154037476
23198,5,0,quant_only,explicit_mmr,train,0.3707285225391388,0.2809388339519501,0.006864652037620544,0.00017079649842344224,0.33707648515701294,0.00422070175409317
23205,4,4,qual_only,qual_only,train,0.08676344156265259,0.10723627358675003,0.01193909626454115,0.00037099095061421394,0.791138768196106,0.0025513670407235622
23211,0,4,explicit_mmr,qual_only,train,0.2375507950782776,0.30148398876190186,0.02484453096985817,0.00020460911036934704,0.4278170168399811,0.00809906329959631
23232,0,1,explicit_mmr,implicit_mmr,train,0.382731169462204,0.5530332922935486,0.010090197436511517,0.00010346386989112943,0.03911406919360161,0.014927868731319904
23233,0,1,explicit_mmr,implicit_mmr,train,0.41653773188591003,0.5051560997962952,0.012911359779536724,0.00012771521869581193,0.04930906370282173,0.015957947820425034
23234,1,0,implicit_mmr,explicit_mmr,train,0.3667250871658325,0.302368700504303,0.05171697214245796,0.00046128290705382824,0.24977543950080872,0.028952471911907196
23253,1,1,implicit_mmr,implicit_mmr,train,0.4295107126235962,0.4939124584197998,0.01784440129995346,0.00017671201203484088,0.019886381924152374,0.03866942226886749
23264,4,4,qual_only,qual_only,train,0.018734142184257507,0.06614955514669418,0.306145042181015,0.007115317042917013,0.49845653772354126,0.1033993661403656
23285,0,0,explicit_mmr,explicit_mmr,train,0.6004087328910828,0.36234185099601746,0.005437014624476433,5.931828491156921e-05,0.025189610198140144,0.0065633878111839294
23290,1,1,implicit_mmr,implicit_mmr,train,0.35027438402175903,0.6053536534309387,0.009351637214422226,8.419166260864586e-05,0.024165239185094833,0.010770846158266068
23300,0,0,explicit_mmr,explicit_mmr,train,0.6623592376708984,0.31376200914382935,0.004011251963675022,0.00011826332774944603,0.011579781770706177,0.008169544860720634
23304,2,5,multi_method_not_mmr,quant_only,train,0.00892319530248642,0.06440470367670059,0.20433829724788666,0.03543305769562721,0.016659272834658623,0.6702415347099304
23307,5,5,quant_only,quant_only,train,0.031375136226415634,0.04269464686512947,0.15728120505809784,0.041914910078048706,0.004175194539129734,0.722558856010437
23311,0,0,explicit_mmr,explicit_mmr,train,0.7509703636169434,0.22634874284267426,0.0022006193175911903,0.00014008874131832272,0.015498926863074303,0.004841222427785397
23315,5,5,quant_only,quant_only,train,0.039487674832344055,0.030965831130743027,0.194454163312912,0.08838648349046707,0.008667601272463799,0.6380382776260376
23320,4,4,qual_only,qual_only,train,0.01016892958432436,0.08676549047231674,0.28056371212005615,0.007711505517363548,0.4504851698875427,0.1643052101135254
23341,0,0,explicit_mmr,explicit_mmr,train,0.7170069217681885,0.2565207779407501,0.002398497425019741,0.00011345393431838602,0.019748901948332787,0.004211445804685354
23346,4,4,qual_only,qual_only,train,0.028359653428196907,0.0369541198015213,0.020534496754407883,0.0005432255566120148,0.9110188484191895,0.0025895843282341957
23354,4,4,qual_only,qual_only,train,0.06081170216202736,0.05148258060216904,0.014095266349613667,0.0003802304563578218,0.8710317611694336,0.00219853688031435
23407,0,0,explicit_mmr,explicit_mmr,train,0.7228696346282959,0.25469160079956055,0.0032983303535729647,0.00012607595999725163,0.011777003295719624,0.007237383630126715
23425,0,0,explicit_mmr,explicit_mmr,train,0.6478202939033508,0.32104429602622986,0.0052186609245836735,0.00010452013520989567,0.016792789101600647,0.009019561111927032
23451,0,0,explicit_mmr,explicit_mmr,train,0.46566498279571533,0.34844622015953064,0.012093395926058292,0.00012802677520085126,0.1673124134540558,0.006355007644742727
23453,0,0,explicit_mmr,explicit_mmr,train,0.6772644519805908,0.2971087396144867,0.0034286919981241226,0.0001219551486428827,0.016010740771889687,0.0060653081163764
23456,5,5,quant_only,quant_only,train,0.007023675832897425,0.011942449025809765,0.26430076360702515,0.20077082514762878,0.0023544321302324533,0.5136078596115112
23490,1,4,implicit_mmr,qual_only,train,0.1691708117723465,0.3318345248699188,0.016920719295740128,0.00017018230573739856,0.4744318127632141,0.007471974939107895
23494,1,0,implicit_mmr,explicit_mmr,train,0.5622449517250061,0.3149881064891815,0.007747828960418701,0.00010980801016557962,0.10857665538787842,0.006332706660032272
23502,1,1,implicit_mmr,implicit_mmr,train,0.3000691533088684,0.3163510859012604,0.05498811975121498,0.0004170872853137553,0.30161726474761963,0.02655714564025402
23512,0,0,explicit_mmr,explicit_mmr,train,0.72197026014328,0.2411249428987503,0.006984427571296692,0.00011215949052711949,0.013334088958799839,0.01647426187992096
23523,5,1,quant_only,implicit_mmr,train,0.34951329231262207,0.5873935222625732,0.0141963055357337,9.48988672462292e-05,0.025810448452830315,0.02299157902598381
23533,2,0,multi_method_not_mmr,explicit_mmr,train,0.5517376065254211,0.3848741948604584,0.016832301393151283,0.00014112833014223725,0.017964979633688927,0.02844979800283909
23534,1,1,implicit_mmr,implicit_mmr,train,0.445331335067749,0.48881322145462036,0.015427621081471443,0.00022431794786825776,0.011776978150010109,0.03842650726437569
23541,0,0,explicit_mmr,explicit_mmr,train,0.535584568977356,0.40338119864463806,0.007028717547655106,6.262512761168182e-05,0.04571361839771271,0.00822934415191412
23560,3,2,no_method_signal,multi_method_not_mmr,train,0.001723128603771329,0.017522096633911133,0.36419054865837097,0.24957096576690674,0.009869051165878773,0.3571241796016693
23575,5,5,quant_only,quant_only,train,0.09465281665325165,0.030962498858571053,0.06347008049488068,0.1184794083237648,0.0015799037646502256,0.6908552646636963
23577,5,4,quant_only,qual_only,train,0.03244369849562645,0.04012890160083771,0.31740984320640564,0.03692150488495827,0.33044570684432983,0.2426503300666809
23602,3,3,no_method_signal,no_method_signal,train,0.0002768824342638254,0.0027095822151750326,0.24640683829784393,0.6562498211860657,0.05550403520464897,0.038852840662002563
23605,2,2,multi_method_not_mmr,multi_method_not_mmr,train,0.0016121314838528633,0.005244444590061903,0.43236127495765686,0.2586131989955902,0.2178579568862915,0.08431088179349899
23625,0,0,explicit_mmr,explicit_mmr,train,0.7740128636360168,0.2053017020225525,0.0032145793084055185,0.00018551317043602467,0.008281655609607697,0.009003632701933384
23626,0,0,explicit_mmr,explicit_mmr,train,0.5327787399291992,0.35324588418006897,0.03101789765059948,0.00029276488930918276,0.03245255723595619,0.05021217092871666
23629,0,0,explicit_mmr,explicit_mmr,train,0.439103364944458,0.2842600345611572,0.011053734458982944,0.00016809305816423148,0.26121145486831665,0.004203298594802618
23679,0,0,explicit_mmr,explicit_mmr,train,0.6909496188163757,0.28086915612220764,0.0063376291655004025,0.00017728365492075682,0.007053965702652931,0.014612425118684769
23688,1,4,implicit_mmr,qual_only,train,0.24182701110839844,0.20400550961494446,0.009887312538921833,0.00020519670215435326,0.5413400530815125,0.002734868321567774
23700,0,0,explicit_mmr,explicit_mmr,train,0.6777024865150452,0.24249579012393951,0.02075359597802162,0.0004862640635110438,0.0071500432677567005,0.0514119416475296
23705,0,0,explicit_mmr,explicit_mmr,train,0.6052144169807434,0.22437149286270142,0.046034831553697586,0.001127514406107366,0.009698230773210526,0.11355342715978622
23707,0,0,explicit_mmr,explicit_mmr,train,0.7141010761260986,0.20135918259620667,0.01868284121155739,0.0005923002026975155,0.005250958725810051,0.06001371517777443
23727,0,0,explicit_mmr,explicit_mmr,train,0.7203575968742371,0.23312458395957947,0.010980114340782166,0.0002599129220470786,0.006960016209632158,0.028317762538790703
23732,0,0,explicit_mmr,explicit_mmr,train,0.45395395159721375,0.3725052773952484,0.05010087415575981,0.0006247496930882335,0.00796028133481741,0.1148548275232315
23741,0,0,explicit_mmr,explicit_mmr,train,0.5802493691444397,0.3741614818572998,0.010261950083076954,0.0004078561323694885,0.004623857326805592,0.03029552660882473
23742,0,0,explicit_mmr,explicit_mmr,train,0.6261076927185059,0.2927906811237335,0.023575501516461372,0.00026989655452780426,0.012700681574642658,0.044555556029081345
23744,0,0,explicit_mmr,explicit_mmr,train,0.45374858379364014,0.20341236889362335,0.11851003766059875,0.002980780089274049,0.06613071262836456,0.1552174985408783
23752,0,0,explicit_mmr,explicit_mmr,train,0.5545957088470459,0.3960106074810028,0.0136847123503685,0.00020274486450944096,0.008300798945128918,0.027205361053347588
23754,1,0,implicit_mmr,explicit_mmr,train,0.6722801923751831,0.2778528332710266,0.013095126487314701,0.0002839020744431764,0.008656257763504982,0.027831749990582466
23755,2,0,multi_method_not_mmr,explicit_mmr,train,0.7141428589820862,0.25472885370254517,0.006537930574268103,0.00018228657427243888,0.006599156651645899,0.017808953300118446
23765,0,1,explicit_mmr,implicit_mmr,train,0.35744509100914,0.4733135402202606,0.048157040029764175,0.0005790186114609241,0.0077512627467513084,0.11275393515825272
23807,3,3,no_method_signal,no_method_signal,train,0.0006439993740059435,0.0024298790376633406,0.07873032242059708,0.7612496614456177,0.003106227144598961,0.15383996069431305
23808,1,0,implicit_mmr,explicit_mmr,train,0.6543776392936707,0.3064082860946655,0.005241119768470526,6.290075543802232e-05,0.026932425796985626,0.006977591663599014
23809,1,0,implicit_mmr,explicit_mmr,train,0.6360306739807129,0.3153093457221985,0.01071685180068016,0.00010056466271635145,0.01706438511610031,0.020778115838766098
23819,0,0,explicit_mmr,explicit_mmr,train,0.5079572200775146,0.4052322506904602,0.023427613079547882,0.00024594602291472256,0.020846271887421608,0.0422905869781971
23838,0,1,explicit_mmr,implicit_mmr,train,0.40904226899147034,0.45054882764816284,0.0075437757186591625,0.00011093053035438061,0.1260383427143097,0.006715821567922831
23840,0,1,explicit_mmr,implicit_mmr,train,0.27164632081985474,0.413856565952301,0.038087278604507446,0.00022545935644302517,0.25354114174842834,0.022643161937594414
23856,4,4,qual_only,qual_only,train,0.03964364156126976,0.09467461705207825,0.22677530348300934,0.003916642162948847,0.4950401484966278,0.13994960486888885
23883,1,0,implicit_mmr,explicit_mmr,train,0.4927659034729004,0.2956412136554718,0.06940948218107224,0.0008376431651413441,0.031059926375746727,0.11028580367565155
23884,4,5,qual_only,quant_only,train,0.0859551802277565,0.065104179084301,0.29253703355789185,0.041187115013599396,0.08940831571817398,0.4258081912994385
23911,5,2,quant_only,multi_method_not_mmr,train,0.010919534601271152,0.020998239517211914,0.5194639563560486,0.05088125914335251,0.02683105133473873,0.37090593576431274
23924,1,5,implicit_mmr,quant_only,train,0.23571689426898956,0.1828986257314682,0.21428589522838593,0.005363274831324816,0.048327475786209106,0.31340786814689636
23944,3,5,no_method_signal,quant_only,train,0.00966990552842617,0.014478599652647972,0.3133849799633026,0.1383509635925293,0.0037573024164885283,0.5203582048416138
23953,0,0,explicit_mmr,explicit_mmr,train,0.41787734627723694,0.16802392899990082,0.006666315719485283,0.00020375261374283582,0.40420883893966675,0.003019816940650344
23956,0,4,explicit_mmr,qual_only,train,0.38331666588783264,0.13999809324741364,0.007914661429822445,0.00020600829157046974,0.4651622772216797,0.0034022603649646044
23959,0,0,explicit_mmr,explicit_mmr,train,0.7273968458175659,0.24370306730270386,0.002438459312543273,0.00011304445069981739,0.022314101457595825,0.004034439567476511
23968,0,0,explicit_mmr,explicit_mmr,train,0.5259321331977844,0.15581725537776947,0.0060169026255607605,0.00018141689361073077,0.30844998359680176,0.0036024132277816534
23980,0,0,explicit_mmr,explicit_mmr,train,0.7477003335952759,0.228871688246727,0.0022051269188523293,0.00013392091204877943,0.016556493937969208,0.004532446153461933
23981,0,0,explicit_mmr,explicit_mmr,train,0.753065288066864,0.22565144300460815,0.0029825009405612946,0.00011873462062794715,0.011613721027970314,0.006568173412233591
23985,5,5,quant_only,quant_only,train,0.053496524691581726,0.043342672288417816,0.2918444275856018,0.03625538572669029,0.011062788777053356,0.5639981031417847
24018,2,2,multi_method_not_mmr,multi_method_not_mmr,train,0.005328924395143986,0.013524031266570091,0.4972812831401825,0.14324255287647247,0.003839940531179309,0.33678334951400757
24058,4,4,qual_only,qual_only,train,0.0034283658023923635,0.022420914843678474,0.34736233949661255,0.03702718764543533,0.4827730655670166,0.10698813199996948
24059,1,4,implicit_mmr,qual_only,train,0.08545433729887009,0.1368095874786377,0.02618429809808731,0.00024161755573004484,0.7445252537727356,0.006784938741475344
24063,1,4,implicit_mmr,qual_only,train,0.2716907858848572,0.22967946529388428,0.006595420651137829,0.00023682735627517104,0.48842087388038635,0.0033767051063477993
24075,0,0,explicit_mmr,explicit_mmr,train,0.504997193813324,0.4418441355228424,0.004439950920641422,0.00010399478196632117,0.04477542266249657,0.003839365439489484
24077,0,1,explicit_mmr,implicit_mmr,train,0.34762510657310486,0.43633249402046204,0.02766813524067402,0.00011865032138302922,0.17683731019496918,0.01141830813139677
24079,0,0,explicit_mmr,explicit_mmr,train,0.4711427390575409,0.36880964040756226,0.004753136541694403,0.00021711215958930552,0.15245969593524933,0.0026176231913268566
24083,4,4,qual_only,qual_only,train,0.1063755452632904,0.08266066759824753,0.010979450307786465,0.00030286016408354044,0.7975366711616516,0.0021447748877108097
24085,4,4,qual_only,qual_only,train,0.11513746529817581,0.09228894859552383,0.008361050859093666,0.0003521114122122526,0.7820039987564087,0.001856385264545679
24091,0,0,explicit_mmr,explicit_mmr,train,0.5291486382484436,0.3879378139972687,0.024465374648571014,0.00023349278490059078,0.01102583296597004,0.04718877747654915
24092,0,1,explicit_mmr,implicit_mmr,train,0.39068663120269775,0.5652080774307251,0.011241251602768898,8.42022491269745e-05,0.020927729085087776,0.01185209397226572
24111,3,3,no_method_signal,no_method_signal,train,0.00540583860129118,0.0051698461174964905,0.1663999706506729,0.5122530460357666,0.005604182370007038,0.3051671087741852
24137,4,4,qual_only,qual_only,train,0.13153411448001862,0.28588590025901794,0.0240588691085577,0.0002399511431576684,0.5523204803466797,0.005960645154118538
24143,1,1,implicit_mmr,implicit_mmr,train,0.4610881805419922,0.49614226818084717,0.0053957002237439156,0.00010780173761304468,0.029330406337976456,0.007935542613267899
24154,0,0,explicit_mmr,explicit_mmr,train,0.5247050523757935,0.4402516186237335,0.0045706722885370255,0.0001203699066536501,0.019206369295716286,0.011145949363708496
24166,0,0,explicit_mmr,explicit_mmr,train,0.49138152599334717,0.4486895203590393,0.008736420422792435,0.0001230695197591558,0.04085803031921387,0.010211392305791378
24167,0,0,explicit_mmr,explicit_mmr,train,0.4781293272972107,0.44276660680770874,0.007098639849573374,0.00010893287253566086,0.06456605345010757,0.007330466061830521
24169,2,2,multi_method_not_mmr,multi_method_not_mmr,train,0.003903621109202504,0.016939498484134674,0.5425516366958618,0.13815799355506897,0.009139759466052055,0.28930750489234924
24173,1,0,implicit_mmr,explicit_mmr,train,0.6261017918586731,0.2808678150177002,0.029796665534377098,0.0004214713699184358,0.017169952392578125,0.045642320066690445
24188,2,2,multi_method_not_mmr,multi_method_not_mmr,train,0.0697677955031395,0.07034868001937866,0.3770187795162201,0.02431636117398739,0.28924304246902466,0.16930538415908813
24199,0,0,explicit_mmr,explicit_mmr,train,0.6645826101303101,0.2773531675338745,0.014144384302198887,0.00018337290384806693,0.012229741550981998,0.031506795436143875
24243,5,2,quant_only,multi_method_not_mmr,train,0.0012739766389131546,0.007988846860826015,0.5791175961494446,0.2156515121459961,0.0576198548078537,0.13834832608699799
24250,2,2,multi_method_not_mmr,multi_method_not_mmr,train,0.02623837999999523,0.03219000995159149,0.4115279018878937,0.037631530314683914,0.3218902349472046,0.17052187025547028
24251,5,1,quant_only,implicit_mmr,train,0.25411728024482727,0.551416277885437,0.05570795759558678,0.0005405850824899971,0.021399997174739838,0.11681787669658661
24265,3,5,no_method_signal,quant_only,train,0.006450429558753967,0.03361813351511955,0.4103204607963562,0.11972671002149582,0.006283519323915243,0.4236007630825043
24275,0,0,explicit_mmr,explicit_mmr,train,0.6854389905929565,0.28987595438957214,0.0033271582797169685,8.860346861183643e-05,0.014735894277691841,0.006533424835652113
24284,4,4,qual_only,qual_only,train,0.03820466995239258,0.09177873283624649,0.06403081864118576,0.000536012405063957,0.7871395945549011,0.018310192972421646
24306,0,0,explicit_mmr,explicit_mmr,train,0.6830344200134277,0.27997758984565735,0.009041144512593746,0.0001952905731741339,0.011196545325219631,0.01655506156384945
24313,0,0,explicit_mmr,explicit_mmr,train,0.6593669652938843,0.26002490520477295,0.017355764284729958,0.0004101126396562904,0.00455857627093792,0.05828370526432991
24325,0,0,explicit_mmr,explicit_mmr,train,0.6478105187416077,0.26834508776664734,0.020519308745861053,0.0004946009139530361,0.0064732288010418415,0.05635721981525421
24336,0,1,explicit_mmr,implicit_mmr,train,0.28938135504722595,0.5858775973320007,0.03792997822165489,0.00017695326823741198,0.04140067473053932,0.045233435928821564
24366,0,0,explicit_mmr,explicit_mmr,train,0.39713263511657715,0.3848806321620941,0.017516355961561203,9.294517076341435e-05,0.19131198525428772,0.009065411984920502
24367,4,1,qual_only,implicit_mmr,train,0.38522452116012573,0.4158273935317993,0.05618199706077576,0.00024150942044798285,0.1063062772154808,0.03621823713183403
24385,3,5,no_method_signal,quant_only,train,0.003545543411746621,0.026823358610272408,0.10974911600351334,0.11736968904733658,0.013969440944492817,0.7285428643226624
24392,5,5,quant_only,quant_only,train,0.002092417562380433,0.025917336344718933,0.23228414356708527,0.08599364012479782,0.03230326250195503,0.6214092373847961
24404,1,0,implicit_mmr,explicit_mmr,train,0.5372137427330017,0.4317335784435272,0.004469119478017092,8.817687921691686e-05,0.02076728828251362,0.005728129297494888
24416,2,5,multi_method_not_mmr,quant_only,train,0.01671035960316658,0.02928224205970764,0.34605666995048523,0.09003499150276184,0.0394381545484066,0.4784775376319885
24425,2,1,multi_method_not_mmr,implicit_mmr,train,0.21677561104297638,0.48933812975883484,0.07649020105600357,0.0004898612969554961,0.029293987900018692,0.18761226534843445
24434,5,1,quant_only,implicit_mmr,train,0.2543788254261017,0.33624160289764404,0.12153714150190353,0.0013256572419777513,0.01345144584774971,0.27306535840034485
24478,2,5,multi_method_not_mmr,quant_only,train,0.006878224201500416,0.0125915901735425,0.29528653621673584,0.16172903776168823,0.014651660807430744,0.5088629722595215
24479,0,0,explicit_mmr,explicit_mmr,train,0.6973146796226501,0.2787167429924011,0.004335098434239626,0.00012515576963778585,0.010953054763376713,0.00855517853051424
24481,0,0,explicit_mmr,explicit_mmr,train,0.7118039727210999,0.2613182067871094,0.005723507609218359,0.00018006980826612562,0.007054198533296585,0.01391995046287775
24488,0,0,explicit_mmr,explicit_mmr,train,0.5408037900924683,0.3612988591194153,0.005166146904230118,0.00010442602797411382,0.08949265629053116,0.0031340839341282845
24489,3,3,no_method_signal,no_method_signal,train,0.002151284832507372,0.004131455440074205,0.20264466106891632,0.49953633546829224,0.009725121781229973,0.28181105852127075
24496,0,0,explicit_mmr,explicit_mmr,train,0.7128821015357971,0.26293137669563293,0.003574772970750928,0.00010731346264947206,0.013358542695641518,0.007145809940993786
24500,2,2,multi_method_not_mmr,multi_method_not_mmr,train,0.030804943293333054,0.03405711427330971,0.36002421379089355,0.16497012972831726,0.05643337965011597,0.35371023416519165
24506,0,0,explicit_mmr,explicit_mmr,train,0.6405805945396423,0.298941969871521,0.00387199386022985,9.371489431941882e-05,0.05236095190048218,0.0041507757268846035
24522,0,0,explicit_mmr,explicit_mmr,train,0.49748605489730835,0.4395095705986023,0.0062508974224328995,0.00010647877934388816,0.04959800839424133,0.007049002218991518
24526,0,5,explicit_mmr,quant_only,train,0.009120330214500427,0.013748547062277794,0.12007487565279007,0.21079567074775696,0.006291086319833994,0.639969527721405
24527,3,3,no_method_signal,no_method_signal,train,0.0003074557753279805,0.0008311462006531656,0.08168449997901917,0.9074909090995789,0.0015076776035130024,0.008178286254405975
24559,1,0,implicit_mmr,explicit_mmr,train,0.5206711292266846,0.43444007635116577,0.004862778354436159,0.00011474384518805891,0.03167760744690895,0.0082335714250803
24568,1,1,implicit_mmr,implicit_mmr,train,0.4320082366466522,0.4991392493247986,0.006871790159493685,0.00011213187826797366,0.05431416258215904,0.007554429117590189
24570,5,4,quant_only,qual_only,train,0.008432366885244846,0.013972761109471321,0.2344399392604828,0.030121520161628723,0.6411132216453552,0.07192020863294601
24576,1,0,implicit_mmr,explicit_mmr,train,0.5172518491744995,0.4138474464416504,0.006098306272178888,0.00011187373456778005,0.05460934713482857,0.00808127410709858
24589,0,0,explicit_mmr,explicit_mmr,train,0.5989828705787659,0.3642129600048065,0.0048131137154996395,5.8833815273828804e-05,0.025270361453294754,0.006661956198513508
24598,1,1,implicit_mmr,implicit_mmr,train,0.44462263584136963,0.48188766837120056,0.011845174245536327,0.00010628116433508694,0.04699048399925232,0.014547760598361492
24609,1,0,implicit_mmr,explicit_mmr,train,0.6942079663276672,0.275030255317688,0.00687037780880928,0.00015227611584123224,0.008468450047075748,0.015270652249455452
24610,5,0,quant_only,explicit_mmr,train,0.47926002740859985,0.3309989869594574,0.059955157339572906,0.0007367420475929976,0.04797923192381859,0.08106986433267593
24614,0,5,explicit_mmr,quant_only,train,0.033847179263830185,0.04038902372121811,0.1840139925479889,0.054916515946388245,0.004196116700768471,0.6826372146606445
24616,4,4,qual_only,qual_only,train,0.023016683757305145,0.059035975486040115,0.09084505587816238,0.0017706097569316626,0.803802490234375,0.021529143676161766
24627,4,4,qual_only,qual_only,train,0.016459543257951736,0.039554961025714874,0.04308631643652916,0.0010340678272768855,0.8924651145935059,0.007399959955364466
24633,0,0,explicit_mmr,explicit_mmr,train,0.5111241936683655,0.4324977993965149,0.005140167661011219,0.00011042650294257328,0.04295595362782478,0.008171500638127327
24637,0,0,explicit_mmr,explicit_mmr,train,0.5340463519096375,0.42074644565582275,0.004890806972980499,0.00011771960271289572,0.031152883544564247,0.009045802988111973
24644,0,0,explicit_mmr,explicit_mmr,train,0.49145498871803284,0.4028092622756958,0.016599522903561592,0.00014885344717185944,0.07196816802024841,0.017019158229231834
24650,0,1,explicit_mmr,implicit_mmr,train,0.45322588086128235,0.4905129373073578,0.007983696646988392,0.00012567767407745123,0.03730945661664009,0.010842333547770977
24661,2,4,multi_method_not_mmr,qual_only,train,0.0023782372009009123,0.007347329054027796,0.19291633367538452,0.029171761125326157,0.7352614998817444,0.03292485326528549
24698,2,5,multi_method_not_mmr,quant_only,train,0.11880584061145782,0.08835677802562714,0.1641785353422165,0.01899704709649086,0.008008744567632675,0.6016531586647034
24787,5,0,quant_only,explicit_mmr,train,0.3118102252483368,0.2345375418663025,0.1438438892364502,0.0016204454004764557,0.21763257682323456,0.0905553549528122
24792,0,1,explicit_mmr,implicit_mmr,train,0.2447027713060379,0.4552331268787384,0.08205021917819977,0.000235286308452487,0.17532126605510712,0.04245729744434357
24798,0,1,explicit_mmr,implicit_mmr,train,0.36936941742897034,0.46599483489990234,0.012908590957522392,7.621108670718968e-05,0.14520980417728424,0.006441131699830294
24800,0,1,explicit_mmr,implicit_mmr,train,0.20968973636627197,0.5301460027694702,0.03780907392501831,0.00012225906539242715,0.2069467306137085,0.015286171808838844
24802,0,1,explicit_mmr,implicit_mmr,train,0.23714736104011536,0.462650865316391,0.09341384470462799,0.0002614044351503253,0.15920400619506836,0.04732237383723259
24832,0,1,explicit_mmr,implicit_mmr,train,0.3454880714416504,0.5463559031486511,0.022660009562969208,0.00021589522657450289,0.009190834127366543,0.07608918100595474
24845,2,5,multi_method_not_mmr,quant_only,train,0.28688016533851624,0.14872409403324127,0.1708398461341858,0.007324327249079943,0.040639981627464294,0.34559157490730286
24860,0,0,explicit_mmr,explicit_mmr,train,0.4484395384788513,0.38765206933021545,0.012209529057145119,0.00011233532859478146,0.14509086310863495,0.006495703011751175
24893,5,0,quant_only,explicit_mmr,train,0.5567712783813477,0.3053622245788574,0.03387534245848656,0.0005015124334022403,0.008307081647217274,0.09518255293369293
24920,1,0,implicit_mmr,explicit_mmr,train,0.714168906211853,0.263423889875412,0.003427611431106925,0.00012706605775747448,0.011997788213193417,0.006854592356830835
24933,5,1,quant_only,implicit_mmr,train,0.38288068771362305,0.5692115426063538,0.013514615595340729,9.250569564756006e-05,0.013295228593051434,0.021005500108003616
24937,0,0,explicit_mmr,explicit_mmr,train,0.7031916975975037,0.2448195070028305,0.002788195852190256,0.00010012045095209032,0.04578524827957153,0.0033152650576084852
24948,4,2,qual_only,multi_method_not_mmr,train,0.03269219025969505,0.14816531538963318,0.38196811079978943,0.0037286083679646254,0.1566406637430191,0.27680504322052
24949,0,0,explicit_mmr,explicit_mmr,train,0.7125785946846008,0.2652240991592407,0.0034718154929578304,0.00012561498442664742,0.011470061726868153,0.0071296971291303635
24953,4,0,qual_only,explicit_mmr,train,0.6062635183334351,0.32728007435798645,0.009211834520101547,8.11299541965127e-05,0.04719280079007149,0.009970632381737232
24956,5,5,quant_only,quant_only,train,0.0665254071354866,0.04332941770553589,0.28884583711624146,0.05953824520111084,0.11791849881410599,0.4238426089286804
24957,4,4,qual_only,qual_only,train,0.23209817707538605,0.29835599660873413,0.008685841225087643,0.00025639907107688487,0.45672982931137085,0.003873752662912011
24976,4,4,qual_only,qual_only,train,0.005892022978514433,0.015470031648874283,0.3793046176433563,0.043741267174482346,0.4523695111274719,0.1032225638628006
24990,4,4,qual_only,qual_only,train,0.0018127755029127002,0.011036715470254421,0.1625448316335678,0.016862519085407257,0.7685132622718811,0.03922993317246437
24999,1,0,implicit_mmr,explicit_mmr,train,0.6016587615013123,0.3682096004486084,0.003236552933230996,0.00010278457921231166,0.022521061822772026,0.004271268378943205
25021,0,0,explicit_mmr,explicit_mmr,train,0.6695265769958496,0.3051629066467285,0.00539960665628314,0.00014174821262713522,0.009047689847648144,0.010721443220973015
25034,4,4,qual_only,qual_only,train,0.3366791009902954,0.23173844814300537,0.006224611774086952,0.0001837034651543945,0.4207543730735779,0.004419801291078329
25043,0,0,explicit_mmr,explicit_mmr,train,0.3562055230140686,0.26455774903297424,0.14136183261871338,0.001722640125080943,0.11887438595294952,0.11727782338857651
25044,0,0,explicit_mmr,explicit_mmr,train,0.770674467086792,0.20468789339065552,0.0021333040203899145,0.00014430590090341866,0.017956990748643875,0.004402953665703535
25045,4,4,qual_only,qual_only,train,0.014168832451105118,0.04043479263782501,0.09468332678079605,0.006971969269216061,0.8102421760559082,0.03349890932440758
25046,4,4,qual_only,qual_only,train,0.014778620563447475,0.02948121540248394,0.03480574116110802,0.0018001236021518707,0.9102969169616699,0.008837434463202953
25047,4,4,qual_only,qual_only,train,0.024686262011528015,0.030283423140645027,0.021877845749258995,0.0010840988252311945,0.9161651730537415,0.00590318301692605
25048,5,4,quant_only,qual_only,train,0.16661374270915985,0.1622200310230255,0.12051369249820709,0.001195587101392448,0.5086796879768372,0.040777213871479034
25068,4,4,qual_only,qual_only,train,0.026846062391996384,0.11461436748504639,0.18167513608932495,0.0021462454460561275,0.6014661192893982,0.07325199991464615
25072,0,0,explicit_mmr,explicit_mmr,train,0.6123886704444885,0.35405293107032776,0.003599813673645258,0.00010073690646095201,0.025234133005142212,0.0046236892230808735
25076,0,0,explicit_mmr,explicit_mmr,train,0.7031245231628418,0.2756463289260864,0.0033761225640773773,0.00013156354543752968,0.01066298596560955,0.007058481685817242
25090,5,2,quant_only,multi_method_not_mmr,train,0.04126710817217827,0.095046266913414,0.3604150712490082,0.009444373659789562,0.26225969195365906,0.23156753182411194
25106,1,1,implicit_mmr,implicit_mmr,train,0.12521269917488098,0.2664147913455963,0.1983766257762909,0.0022312242072075605,0.2513536512851715,0.15641099214553833
25107,1,1,implicit_mmr,implicit_mmr,train,0.31489017605781555,0.35495394468307495,0.024971460923552513,0.00013483829388860613,0.2821996808052063,0.02284998819231987
25108,3,3,no_method_signal,no_method_signal,train,0.0001670247729634866,0.001472648698836565,0.10759919136762619,0.7994425892829895,0.054452426731586456,0.03686614707112312
25111,1,0,implicit_mmr,explicit_mmr,train,0.3741365671157837,0.30793333053588867,0.08749580383300781,0.0005969799240119755,0.16904717683792114,0.060790132731199265
25120,0,0,explicit_mmr,explicit_mmr,train,0.6931451559066772,0.25569361448287964,0.011892130598425865,0.00016180123202502728,0.020323999226093292,0.018783316016197205
25130,0,0,explicit_mmr,explicit_mmr,train,0.5663576722145081,0.41165584325790405,0.0034920345060527325,0.00010317528358427808,0.011390206404030323,0.007001063786447048
25133,0,1,explicit_mmr,implicit_mmr,train,0.356832891702652,0.42701247334480286,0.014334430918097496,0.00010017452586907893,0.19513900578022003,0.006581037770956755
25134,0,4,explicit_mmr,qual_only,train,0.23281128704547882,0.14503127336502075,0.010718782432377338,0.00021756981732323766,0.6087148785591125,0.0025061641354113817
25135,0,4,explicit_mmr,qual_only,train,0.18391527235507965,0.20949862897396088,0.01574414037168026,0.00025167319108732045,0.5874869227409363,0.0031033584382385015
25137,0,0,explicit_mmr,explicit_mmr,train,0.44431963562965393,0.17522776126861572,0.007426785305142403,0.00015255661855917424,0.3698106110095978,0.003062630072236061
25152,0,0,explicit_mmr,explicit_mmr,train,0.6865348219871521,0.22559455037117004,0.025952335447072983,0.00037857957067899406,0.01681274175643921,0.04472692683339119
25153,0,0,explicit_mmr,explicit_mmr,train,0.6011239886283875,0.3454244136810303,0.014606856741011143,0.0002820801455527544,0.026820925995707512,0.01174169685691595
25163,1,0,implicit_mmr,explicit_mmr,train,0.6850129961967468,0.2849330008029938,0.007150426506996155,0.00016359411529265344,0.00821981392800808,0.014520254917442799
25171,0,0,explicit_mmr,explicit_mmr,train,0.6567134857177734,0.22139205038547516,0.038646869361400604,0.0006434285314753652,0.01876898482441902,0.06383515149354935
25192,1,0,implicit_mmr,explicit_mmr,train,0.6392715573310852,0.30277663469314575,0.011319812387228012,0.00012893826351501048,0.034026697278022766,0.012476310133934021
25195,5,0,quant_only,explicit_mmr,train,0.7403578758239746,0.23134948313236237,0.006059607956558466,0.00016472632705699652,0.007742499932646751,0.014325911179184914
25222,0,0,explicit_mmr,explicit_mmr,train,0.7240297198295593,0.24403108656406403,0.006760190241038799,0.0002070617483695969,0.005245203617960215,0.01972673088312149
25272,4,0,qual_only,explicit_mmr,train,0.41125521063804626,0.3232165575027466,0.01150066964328289,0.00015756017819512635,0.24737605452537537,0.0064939213916659355
25277,0,0,explicit_mmr,explicit_mmr,train,0.5502747297286987,0.3881232738494873,0.0097704092040658,8.949250332079828e-05,0.041779812425374985,0.009962378069758415
25279,5,5,quant_only,quant_only,train,0.008586150594055653,0.04499604552984238,0.2747003436088562,0.059498243033885956,0.07365312427282333,0.5385660529136658
25280,0,0,explicit_mmr,explicit_mmr,train,0.6628148555755615,0.2954719364643097,0.007065238431096077,0.00010053758887806907,0.025488827377557755,0.009058679454028606
25285,0,0,explicit_mmr,explicit_mmr,train,0.6210430264472961,0.3502046465873718,0.005548146087676287,0.00010475298768142238,0.012598935514688492,0.010500560514628887
25318,1,4,implicit_mmr,qual_only,train,0.27234962582588196,0.23057439923286438,0.006579474546015263,0.00023698207223787904,0.4868786334991455,0.00338086299598217
25320,2,2,multi_method_not_mmr,multi_method_not_mmr,train,0.04559595510363579,0.14363741874694824,0.34716513752937317,0.0034068936947733164,0.14995154738426208,0.31024307012557983
25324,2,2,multi_method_not_mmr,multi_method_not_mmr,train,0.005077339708805084,0.08693920820951462,0.40378448367118835,0.05694146454334259,0.08830463886260986,0.35895290970802307
25336,0,0,explicit_mmr,explicit_mmr,train,0.4946642220020294,0.3885197341442108,0.00932395551353693,0.00010681149433366954,0.10138654708862305,0.005998803768306971
25360,5,5,quant_only,quant_only,train,0.010139008983969688,0.01896343193948269,0.39432045817375183,0.04212188348174095,0.05229395627975464,0.482161283493042
25377,0,4,explicit_mmr,qual_only,train,0.10060328245162964,0.153473362326622,0.1722952127456665,0.002828018506988883,0.45453107357025146,0.1162690669298172
25378,0,4,explicit_mmr,qual_only,train,0.2543736398220062,0.20050153136253357,0.07817626744508743,0.0007933279848657548,0.4156154990196228,0.05053970217704773
25395,5,2,quant_only,multi_method_not_mmr,train,0.01485480833798647,0.02253151871263981,0.502921462059021,0.08134207874536514,0.10929007083177567,0.26906004548072815
25429,1,4,implicit_mmr,qual_only,train,0.04883796349167824,0.08195511251688004,0.1333201378583908,0.002620959421619773,0.6624255180358887,0.07084036618471146
25431,0,1,explicit_mmr,implicit_mmr,train,0.4515874981880188,0.47320446372032166,0.005168466363102198,0.0001148758310591802,0.06359543651342392,0.006329210475087166
25490,1,0,implicit_mmr,explicit_mmr,train,0.6207780838012695,0.34956079721450806,0.005082390271127224,0.00011241233733016998,0.016337472945451736,0.008128807879984379
25505,1,0,implicit_mmr,explicit_mmr,train,0.6326441764831543,0.31758102774620056,0.004605644382536411,8.518890535924584e-05,0.03963925689458847,0.005444641690701246
25512,1,0,implicit_mmr,explicit_mmr,train,0.46984362602233887,0.4531836211681366,0.02109982632100582,0.00018388638272881508,0.0179404579102993,0.03774845227599144
25514,0,0,explicit_mmr,explicit_mmr,train,0.5790887475013733,0.3826509118080139,0.008280409500002861,0.00012348790187388659,0.018588336184620857,0.011268150061368942
25523,4,0,qual_only,explicit_mmr,train,0.4910675883293152,0.33494430780410767,0.0048661008477211,0.00016823258192744106,0.16656732559204102,0.002386491745710373
25526,0,1,explicit_mmr,implicit_mmr,train,0.4342097043991089,0.46278876066207886,0.015793275088071823,8.663653716212139e-05,0.07859691232442856,0.00852473359555006
25531,0,4,explicit_mmr,qual_only,train,0.3002976179122925,0.18160028755664825,0.01020698994398117,0.00015459064161404967,0.5042490363121033,0.003491492010653019
25533,0,0,explicit_mmr,explicit_mmr,train,0.5444319844245911,0.41217607259750366,0.004447394981980324,8.374768367502838e-05,0.03487139567732811,0.003989484626799822
25535,1,0,implicit_mmr,explicit_mmr,train,0.6815853118896484,0.2835327982902527,0.0025194690097123384,0.00011212498066015542,0.028887730091810226,0.0033625324722379446
25553,1,4,implicit_mmr,qual_only,train,0.10257577896118164,0.16093125939369202,0.028161993250250816,0.0002575764956418425,0.6984249949455261,0.009648384526371956
25554,1,4,implicit_mmr,qual_only,train,0.20333944261074066,0.20842500030994415,0.013220896944403648,0.00016210302419494838,0.568177342414856,0.006675160489976406
25563,0,0,explicit_mmr,explicit_mmr,train,0.49870765209198,0.45266053080558777,0.0048243580386042595,0.00011027294385712594,0.03539188951253891,0.0083052609115839
25571,2,5,multi_method_not_mmr,quant_only,train,0.004045548848807812,0.01356202457100153,0.39706552028656006,0.12772564589977264,0.008446346037089825,0.44915488362312317
25580,4,4,qual_only,qual_only,train,0.20307891070842743,0.1836584210395813,0.22030307352542877,0.003958231769502163,0.2624770998954773,0.12652432918548584
25617,4,4,qual_only,qual_only,train,0.10723579674959183,0.10074862092733383,0.20382992923259735,0.0068915970623493195,0.504989504814148,0.07630453258752823
25628,2,0,multi_method_not_mmr,explicit_mmr,train,0.3612263798713684,0.33922433853149414,0.10623732954263687,0.0012466885382309556,0.013077070005238056,0.17898809909820557
25641,1,0,implicit_mmr,explicit_mmr,train,0.6682698130607605,0.30034559965133667,0.0035415650345385075,9.257219062419608e-05,0.022349147126078606,0.005401274189352989
25652,2,5,multi_method_not_mmr,quant_only,train,0.03252943605184555,0.03784821182489395,0.27920103073120117,0.10245496034622192,0.00955286156386137,0.5384134650230408
25656,3,5,no_method_signal,quant_only,train,0.002181348158046603,0.009435453452169895,0.19112399220466614,0.28862228989601135,0.006283636670559645,0.502353310585022
25667,3,5,no_method_signal,quant_only,train,0.004225280601531267,0.013714786618947983,0.2649810016155243,0.14991529285907745,0.015129663050174713,0.5520339012145996
25670,2,5,multi_method_not_mmr,quant_only,train,0.0023952596820890903,0.012026924639940262,0.30641984939575195,0.25775662064552307,0.003957245033234358,0.4174441993236542
25680,3,3,no_method_signal,no_method_signal,train,0.0009430089266970754,0.006299830507487059,0.30098479986190796,0.39849892258644104,0.0807088166475296,0.21256457269191742
25702,3,2,no_method_signal,multi_method_not_mmr,train,0.0038464637473225594,0.010408064350485802,0.4311838746070862,0.20460714399814606,0.004674503114074469,0.3452799618244171
25724,0,0,explicit_mmr,explicit_mmr,train,0.42020341753959656,0.36856508255004883,0.006886286195367575,0.00018166752124670893,0.20107752084732056,0.003086077980697155
25765,5,0,quant_only,explicit_mmr,train,0.5006776452064514,0.36904245615005493,0.031597450375556946,0.0001881138887256384,0.06922496855258942,0.029269324615597725
25770,1,4,implicit_mmr,qual_only,train,0.09768128395080566,0.11218410730361938,0.017669856548309326,0.0002746903628576547,0.7689180374145508,0.003272038185968995
25771,2,0,multi_method_not_mmr,explicit_mmr,train,0.5641360878944397,0.3010169267654419,0.03231131285429001,0.0005547136534005404,0.005852477625012398,0.09612850099802017
25788,2,1,multi_method_not_mmr,implicit_mmr,train,0.4490646421909332,0.47320225834846497,0.020628131926059723,0.00024978621513582766,0.006209146697074175,0.05064595863223076
25789,0,0,explicit_mmr,explicit_mmr,train,0.7366167902946472,0.2418023943901062,0.002369459019973874,0.00012654057354666293,0.01399120595306158,0.005093672778457403
25794,0,1,explicit_mmr,implicit_mmr,train,0.221584290266037,0.6773151755332947,0.025884194299578667,0.00012136973236920312,0.032632000744342804,0.042463019490242004
25796,0,0,explicit_mmr,explicit_mmr,train,0.5166999101638794,0.3880090117454529,0.022525276988744736,0.00018867624748963863,0.020936166867613792,0.05164092406630516
25801,1,2,implicit_mmr,multi_method_not_mmr,train,0.005148620810359716,0.04654013365507126,0.6181167960166931,0.07792004942893982,0.015027803368866444,0.23724661767482758
25812,2,5,multi_method_not_mmr,quant_only,train,0.0009953289991244674,0.017623350024223328,0.3254105746746063,0.11373491585254669,0.18310251832008362,0.35913339257240295
25813,3,3,no_method_signal,no_method_signal,train,0.00010960709187202156,0.0006338428938761353,0.0831378623843193,0.8886638283729553,0.009400923736393452,0.01805386133491993
25814,2,4,multi_method_not_mmr,qual_only,train,0.007382807321846485,0.05723791569471359,0.22785425186157227,0.006512416061013937,0.5858014822006226,0.1152111142873764
25815,5,5,quant_only,quant_only,train,0.0011103245196864009,0.014804454520344734,0.2291226089000702,0.12820325791835785,0.12006307393312454,0.506696343421936
25816,5,5,quant_only,quant_only,train,0.0013518336927518249,0.018221409991383553,0.24312296509742737,0.09797675162553787,0.1074717789888382,0.5318552255630493
25820,0,0,explicit_mmr,explicit_mmr,train,0.7472817301750183,0.2221204936504364,0.002519644098356366,0.00011208593787159771,0.0239463672041893,0.004019692074507475
25823,0,0,explicit_mmr,explicit_mmr,train,0.7108822464942932,0.2554817199707031,0.003285996848717332,9.606739331502467e-05,0.02547788992524147,0.0047760456800460815
25827,0,0,explicit_mmr,explicit_mmr,train,0.3264748156070709,0.26832494139671326,0.0816446840763092,0.0007927778642624617,0.2888602614402771,0.03390253335237503
25831,1,1,implicit_mmr,implicit_mmr,train,0.29071158170700073,0.44996917247772217,0.036499183624982834,0.00011383670062059537,0.20818749070167542,0.014518734999001026
25841,2,4,multi_method_not_mmr,qual_only,train,0.03150848299264908,0.12565521895885468,0.1348477154970169,0.0010786813218146563,0.6477881073951721,0.05912179499864578
25842,2,4,multi_method_not_mmr,qual_only,train,0.0378325954079628,0.17738360166549683,0.16317376494407654,0.0014163284795358777,0.5187411308288574,0.10145267099142075
25843,0,0,explicit_mmr,explicit_mmr,train,0.7470126152038574,0.2223694771528244,0.002522445749491453,0.00011191763769602403,0.023957520723342896,0.004026032984256744
25855,4,4,qual_only,qual_only,train,0.34182050824165344,0.23976638913154602,0.014395407401025295,0.00019889400573447347,0.39967867732048035,0.004140149336308241
25858,0,0,explicit_mmr,explicit_mmr,train,0.6827318072319031,0.2968212366104126,0.0026214097160845995,0.0001307306083617732,0.012064121663570404,0.005630689673125744
25887,1,0,implicit_mmr,explicit_mmr,train,0.48783376812934875,0.4430072605609894,0.007413799408823252,0.00011028008157154545,0.05298345163464546,0.00865147728472948
25901,5,2,quant_only,multi_method_not_mmr,train,0.016772104427218437,0.03268430382013321,0.3502551019191742,0.041027214378118515,0.3429589569568634,0.21630233526229858
25904,0,0,explicit_mmr,explicit_mmr,train,0.7215631604194641,0.25137457251548767,0.002297200495377183,0.00013475997548084706,0.01988697610795498,0.004743295721709728
25928,2,5,multi_method_not_mmr,quant_only,train,0.0025213027838617563,0.023257089778780937,0.14608465135097504,0.12813061475753784,0.013509855605661869,0.6864964962005615
25938,4,4,qual_only,qual_only,train,0.15531978011131287,0.16065272688865662,0.02113432250916958,0.00029951080796308815,0.6584935784339905,0.004099953919649124
25940,2,0,multi_method_not_mmr,explicit_mmr,train,0.5925732254981995,0.35777223110198975,0.008109400980174541,0.00010854464198928326,0.031225914135575294,0.010210639797151089
25973,2,5,multi_method_not_mmr,quant_only,train,0.05494943633675575,0.2140912413597107,0.2681048810482025,0.004439572803676128,0.14498794078826904,0.3134269416332245
25974,2,5,multi_method_not_mmr,quant_only,train,0.0958590880036354,0.15175963938236237,0.2840805649757385,0.005923582706600428,0.08567075431346893,0.3767063319683075
25980,3,3,no_method_signal,no_method_signal,train,0.00013712968211621046,0.0008326466777361929,0.11655695736408234,0.8509933352470398,0.015658022835850716,0.015821829438209534
25983,0,0,explicit_mmr,explicit_mmr,train,0.4794474244117737,0.3714999556541443,0.006043735891580582,0.00014562347496394068,0.13970351219177246,0.0031597556080669165
25984,0,0,explicit_mmr,explicit_mmr,train,0.7002679109573364,0.24347175657749176,0.002469704020768404,0.0001253823284059763,0.05087517201900482,0.0027901153080165386
25985,0,0,explicit_mmr,explicit_mmr,train,0.5715516209602356,0.333462119102478,0.003447273513302207,0.00014796909817960113,0.08900357782840729,0.002387389773502946
25986,0,0,explicit_mmr,explicit_mmr,train,0.5363171100616455,0.3829875588417053,0.005797922611236572,8.897135558072478e-05,0.07075909525156021,0.004049303010106087
25994,1,1,implicit_mmr,implicit_mmr,train,0.30966952443122864,0.6377531886100769,0.010363223031163216,0.00010838597518159077,0.019731199368834496,0.02237444743514061
26017,0,0,explicit_mmr,explicit_mmr,train,0.4072609543800354,0.1997058093547821,0.013441908173263073,0.00020306998339947313,0.3754788041114807,0.003909457009285688
26027,0,0,explicit_mmr,explicit_mmr,train,0.7391367554664612,0.23951679468154907,0.0037866721395403147,0.00015467923367395997,0.007796925492584705,0.009608155116438866
26055,1,1,implicit_mmr,implicit_mmr,train,0.202749103307724,0.7113500237464905,0.014315267093479633,0.00015616280143149197,0.052869316190481186,0.01856015995144844
26059,5,5,quant_only,quant_only,train,0.18837174773216248,0.0838949978351593,0.20730464160442352,0.023766592144966125,0.02376023679971695,0.4729017913341522
26071,1,0,implicit_mmr,explicit_mmr,train,0.6582168340682983,0.318617582321167,0.003146831877529621,9.554773714626208e-05,0.014321963302791119,0.0056012351997196674
26099,1,0,implicit_mmr,explicit_mmr,train,0.5891101956367493,0.3632882833480835,0.007168014068156481,0.00010176337673328817,0.032123927026987076,0.008207849226891994
26102,0,0,explicit_mmr,explicit_mmr,train,0.43815121054649353,0.3841007947921753,0.026244495064020157,0.0001664972660364583,0.13224391639232635,0.019093116745352745
26111,1,0,implicit_mmr,explicit_mmr,train,0.7245551347732544,0.2532258927822113,0.0035189087502658367,0.0001283348974538967,0.011072427034378052,0.0074992417357862
26118,1,1,implicit_mmr,implicit_mmr,train,0.47459155321121216,0.49753251671791077,0.0045785605907440186,0.00010394010314485058,0.014534848742187023,0.008658627979457378
26121,0,0,explicit_mmr,explicit_mmr,train,0.5767020583152771,0.36625561118125916,0.0033063581213355064,0.00011918824748136103,0.05048062279820442,0.0031361801084131002
26122,0,0,explicit_mmr,explicit_mmr,train,0.6850436925888062,0.28366541862487793,0.0029318351298570633,9.870349458651617e-05,0.024012917652726173,0.0042474158108234406
26128,0,0,explicit_mmr,explicit_mmr,train,0.6215802431106567,0.33613839745521545,0.004823764786124229,8.932982746046036e-05,0.03165479004383087,0.0057135033421218395
26131,1,0,implicit_mmr,explicit_mmr,train,0.6381962895393372,0.33226078748703003,0.00641146395355463,0.00014986025053076446,0.009705019183456898,0.013276588171720505
26143,0,2,explicit_mmr,multi_method_not_mmr,train,0.022530563175678253,0.03199084848165512,0.3708091080188751,0.13135382533073425,0.10997030884027481,0.3333453834056854
26155,0,0,explicit_mmr,explicit_mmr,train,0.7602971792221069,0.20585396885871887,0.0025444054044783115,0.0001144912457675673,0.027128905057907104,0.004061177838593721
26159,2,2,multi_method_not_mmr,multi_method_not_mmr,train,0.005536607466638088,0.09302438050508499,0.40995582938194275,0.041769806295633316,0.1418052613735199,0.30790817737579346
26173,1,0,implicit_mmr,explicit_mmr,train,0.5483735799789429,0.34192392230033875,0.00376255065202713,0.00014616070257034153,0.10334958881139755,0.002444107783958316
26186,1,4,implicit_mmr,qual_only,train,0.30715397000312805,0.24926626682281494,0.007647982332855463,0.0002169892395613715,0.43313196301460266,0.0025828168727457523
26187,1,4,implicit_mmr,qual_only,train,0.2996196448802948,0.2362014204263687,0.0074427006766200066,0.0002319377235835418,0.4540213346481323,0.0024829250760376453
26188,1,4,implicit_mmr,qual_only,train,0.3595162630081177,0.21064940094947815,0.0055298213846981525,0.00023108314780984074,0.42156779766082764,0.0025056127924472094
26222,4,4,qual_only,qual_only,train,0.0021080700680613518,0.008326374925673008,0.2662828862667084,0.08983941376209259,0.5248110294342041,0.10863228142261505
26239,0,0,explicit_mmr,explicit_mmr,train,0.535475492477417,0.4173678159713745,0.005543114617466927,0.00012077371502527967,0.033424731343984604,0.008068141527473927
26241,1,4,implicit_mmr,qual_only,train,0.2946356534957886,0.3228840231895447,0.020122913643717766,0.00018497284327168018,0.35390129685401917,0.008271192200481892
26265,0,4,explicit_mmr,qual_only,train,0.3178880214691162,0.21836093068122864,0.07277045398950577,0.0008148556225933135,0.3577840328216553,0.032381750643253326
26275,1,4,implicit_mmr,qual_only,train,0.35507211089134216,0.22483085095882416,0.012229708954691887,0.0002083144645439461,0.40291473269462585,0.004744193982332945
26283,0,0,explicit_mmr,explicit_mmr,train,0.42059022188186646,0.36608174443244934,0.008158775046467781,0.00016424746718257666,0.20098641514778137,0.004018584731966257
26285,0,0,explicit_mmr,explicit_mmr,train,0.5069765448570251,0.43333739042282104,0.012813099659979343,0.00013187708100304008,0.023062629625201225,0.023678435012698174
26291,0,0,explicit_mmr,explicit_mmr,train,0.4585374593734741,0.164142906665802,0.0051866564899683,0.0001750005903886631,0.3688521385192871,0.0031059205066412687
26294,0,4,explicit_mmr,qual_only,train,0.19078746438026428,0.20799709856510162,0.016192566603422165,0.00017779009067453444,0.5808821320533752,0.00396296801045537
26298,2,2,multi_method_not_mmr,multi_method_not_mmr,train,0.017478806897997856,0.07595270872116089,0.371841698884964,0.010756046511232853,0.1742570400238037,0.3497137427330017
26304,0,0,explicit_mmr,explicit_mmr,train,0.3592022955417633,0.16666731238365173,0.1345168799161911,0.004843889735639095,0.21610181033611298,0.11866777390241623
26309,3,5,no_method_signal,quant_only,train,0.0035478512290865183,0.01979481801390648,0.0750974640250206,0.27178120613098145,0.009584525600075722,0.6201941967010498
26319,0,0,explicit_mmr,explicit_mmr,train,0.711854100227356,0.2396138459444046,0.0022419935557991266,0.00013294036034494638,0.0433635413646698,0.002793594030663371
26327,0,0,explicit_mmr,explicit_mmr,train,0.627707302570343,0.3130737245082855,0.005289433058351278,8.558998524677008e-05,0.04823288694024086,0.005611062981188297
26347,0,4,explicit_mmr,qual_only,train,0.197199285030365,0.22731950879096985,0.1730891317129135,0.0014411461306735873,0.33384212851524353,0.06710878014564514
26350,0,1,explicit_mmr,implicit_mmr,train,0.3338874876499176,0.5783895254135132,0.020983820781111717,0.00010663644934538752,0.042265214025974274,0.02436736784875393
26351,0,0,explicit_mmr,explicit_mmr,train,0.7084890604019165,0.26336902379989624,0.002708403393626213,0.00011541595449671149,0.020941324532032013,0.004376757889986038
26357,0,0,explicit_mmr,explicit_mmr,train,0.2969174385070801,0.1995227038860321,0.13744206726551056,0.0019662745762616396,0.2837831974029541,0.08036834001541138
26369,0,0,explicit_mmr,explicit_mmr,train,0.4884816110134125,0.3677971363067627,0.007796367630362511,8.011214958969504e-05,0.13172413408756256,0.004120561759918928
26398,1,1,implicit_mmr,implicit_mmr,train,0.1431829184293747,0.6480013132095337,0.06827744841575623,0.000412442022934556,0.043687328696250916,0.09643857926130295
26401,2,5,multi_method_not_mmr,quant_only,train,0.036859992891550064,0.06163811683654785,0.26836153864860535,0.03459073230624199,0.01675504818558693,0.5817946195602417
26402,2,5,multi_method_not_mmr,quant_only,train,0.053443435579538345,0.1487443745136261,0.3276864290237427,0.0052894102409482,0.05771435797214508,0.40712204575538635
26405,0,1,explicit_mmr,implicit_mmr,train,0.29477056860923767,0.37926220893859863,0.09357278794050217,0.0005842956597916782,0.16775868833065033,0.06405141204595566
26436,0,0,explicit_mmr,explicit_mmr,train,0.6634474992752075,0.2947801351547241,0.009939145296812057,0.00019586693088058382,0.007877480238676071,0.023759890347719193
26438,0,4,explicit_mmr,qual_only,train,0.3440495729446411,0.23512046039104462,0.041360873728990555,0.000430697196861729,0.36183544993400574,0.017202941700816154
26439,0,0,explicit_mmr,explicit_mmr,train,0.6678059697151184,0.27222540974617004,0.008572712540626526,0.00011734035797417164,0.04017512872815132,0.011103382334113121
26444,0,4,explicit_mmr,qual_only,train,0.33784058690071106,0.2466234266757965,0.022791201248764992,0.00024633610155433416,0.3837531805038452,0.008745306171476841
26447,4,0,qual_only,explicit_mmr,train,0.6729335188865662,0.3008424937725067,0.004203819204121828,0.00010495120659470558,0.014763512648642063,0.007151718717068434
26471,5,5,quant_only,quant_only,train,0.032085616141557693,0.02843227982521057,0.2917161285877228,0.0458064079284668,0.005150378681719303,0.5968092083930969
26486,2,2,multi_method_not_mmr,multi_method_not_mmr,train,0.033077891916036606,0.024038484320044518,0.4117158055305481,0.06452388316392899,0.06153743341565132,0.4051065742969513
26522,0,0,explicit_mmr,explicit_mmr,train,0.5183619260787964,0.3954329788684845,0.004807783290743828,0.00010152411414310336,0.07812275737524033,0.0031730220653116703
26523,0,0,explicit_mmr,explicit_mmr,train,0.6690272092819214,0.29065826535224915,0.0026084324344992638,0.00011444334813859314,0.03436928987503052,0.003222353057935834
26525,1,0,implicit_mmr,explicit_mmr,train,0.7722340226173401,0.20587216317653656,0.0022067513782531023,0.0001508247951278463,0.014366365037858486,0.005169931333512068
26526,0,0,explicit_mmr,explicit_mmr,train,0.6722564697265625,0.3017760217189789,0.00386418285779655,9.796937956707552e-05,0.014238622970879078,0.007766749244183302
26530,5,0,quant_only,explicit_mmr,train,0.2943514585494995,0.15286488831043243,0.22281327843666077,0.004011970013380051,0.03530806303024292,0.2906503677368164
26534,4,4,qual_only,qual_only,train,0.18171082437038422,0.2651207745075226,0.029175641015172005,0.00017310392286162823,0.5150415897369385,0.008778054267168045
26542,1,1,implicit_mmr,implicit_mmr,train,0.39594000577926636,0.5013173818588257,0.02412499114871025,0.00027863544528372586,0.008238337002694607,0.07010071724653244
26544,1,0,implicit_mmr,explicit_mmr,train,0.5057761669158936,0.4382117986679077,0.0040252599865198135,0.00012076638086000457,0.048185087740421295,0.003680979134514928
26545,1,0,implicit_mmr,explicit_mmr,train,0.5688235759735107,0.38336384296417236,0.003510131500661373,0.00011401814845157787,0.040945667773485184,0.0032427343539893627
26551,0,0,explicit_mmr,explicit_mmr,train,0.5555627942085266,0.3847544491291046,0.004101073369383812,0.000104313156043645,0.052210502326488495,0.0032669163774698973
26552,0,0,explicit_mmr,explicit_mmr,train,0.5427141785621643,0.3875141441822052,0.0032119962852448225,0.00013589419540949166,0.06370248645544052,0.0027212686836719513
26562,0,0,explicit_mmr,explicit_mmr,train,0.6237409114837646,0.274831086397171,0.03395073488354683,0.0005248166271485388,0.01758759841322899,0.04936490207910538
26570,4,0,qual_only,explicit_mmr,train,0.7087695002555847,0.26734331250190735,0.0046209306456148624,0.00013421275070868433,0.009190348908305168,0.009941771626472473
26571,0,0,explicit_mmr,explicit_mmr,train,0.7481710910797119,0.23057469725608826,0.0038810530677437782,0.00015702158270869404,0.007796043064445257,0.00942015927284956
26591,0,0,explicit_mmr,explicit_mmr,train,0.6617043018341064,0.29720187187194824,0.010460884310305119,0.00014997906691860408,0.01472239475697279,0.015760594978928566
26595,0,5,explicit_mmr,quant_only,train,0.16246597468852997,0.3566598892211914,0.10494411736726761,0.0031180435325950384,0.005182885564863682,0.36762911081314087
26597,0,0,explicit_mmr,explicit_mmr,train,0.5557275414466858,0.19448897242546082,0.07046382874250412,0.0019068778492510319,0.010719495825469494,0.16669335961341858
26600,0,0,explicit_mmr,explicit_mmr,train,0.5180882811546326,0.279526025056839,0.04788967967033386,0.0010473713045939803,0.005211403127759695,0.14823725819587708
26601,0,0,explicit_mmr,explicit_mmr,train,0.7426550984382629,0.2337118238210678,0.004749412648379803,0.00016122311353683472,0.007207130081951618,0.011515253223478794
26608,0,0,explicit_mmr,explicit_mmr,train,0.5310998558998108,0.2646804451942444,0.063839390873909,0.0009719147346913815,0.015607733279466629,0.12380071729421616
26609,0,0,explicit_mmr,explicit_mmr,train,0.7495211958885193,0.2297707051038742,0.003453990910202265,0.0001447961840312928,0.009043274447321892,0.008065953850746155
26611,0,0,explicit_mmr,explicit_mmr,train,0.6791374087333679,0.2833532691001892,0.009142706170678139,0.00021423987345770001,0.013510266318917274,0.014642196707427502
26616,0,0,explicit_mmr,explicit_mmr,train,0.4535371661186218,0.4187745451927185,0.023243917152285576,0.0006878849235363305,0.003668630262836814,0.10008786618709564
26630,1,0,implicit_mmr,explicit_mmr,train,0.6121377944946289,0.2423512190580368,0.0444217249751091,0.0010898406617343426,0.009580094367265701,0.09041925519704819
26631,0,0,explicit_mmr,explicit_mmr,train,0.7060732841491699,0.26497358083724976,0.005975513719022274,0.00013038048928137869,0.01200768630951643,0.010839602909982204
26641,0,0,explicit_mmr,explicit_mmr,train,0.6653022766113281,0.19286370277404785,0.03827792406082153,0.0009430801146663725,0.009000874124467373,0.09361214935779572
26643,0,0,explicit_mmr,explicit_mmr,train,0.633467972278595,0.21871215105056763,0.04343722015619278,0.0009102441254071891,0.01064765453338623,0.09282471239566803
26652,1,1,implicit_mmr,implicit_mmr,train,0.43048590421676636,0.48114460706710815,0.009403891861438751,0.00011228577932342887,0.0687144547700882,0.010138915851712227
26661,4,4,qual_only,qual_only,train,0.018546542152762413,0.03360392153263092,0.03146497532725334,0.0013298385310918093,0.906658947467804,0.008395778015255928
26670,0,0,explicit_mmr,explicit_mmr,train,0.5229224562644958,0.15549802780151367,0.005978215951472521,0.00018277198250871152,0.3118503987789154,0.0035680620931088924
26672,0,0,explicit_mmr,explicit_mmr,train,0.5829184651374817,0.3531835973262787,0.019302699714899063,0.0002810662263073027,0.012086082249879837,0.032228123396635056
26680,0,0,explicit_mmr,explicit_mmr,train,0.6571062207221985,0.3096260130405426,0.005045444238930941,8.374855678994209e-05,0.020349562168121338,0.0077890572138130665
26681,0,0,explicit_mmr,explicit_mmr,train,0.6525939702987671,0.29916369915008545,0.003393441904336214,8.803596574580297e-05,0.0410366989672184,0.0037241384852677584
26752,0,4,explicit_mmr,qual_only,train,0.07731816172599792,0.08593948185443878,0.030686983838677406,0.00029473609174601734,0.7990511059761047,0.006709499750286341
26761,0,2,explicit_mmr,multi_method_not_mmr,train,0.007502070162445307,0.04137769341468811,0.3680066168308258,0.026414476335048676,0.31901973485946655,0.23767943680286407
26795,0,0,explicit_mmr,explicit_mmr,train,0.5790106654167175,0.39349883794784546,0.004394894000142813,0.0001054623062373139,0.015416976064443588,0.0075731524266302586
26796,0,0,explicit_mmr,explicit_mmr,train,0.6384243369102478,0.3003314137458801,0.0035606613382697105,0.00010051891149487346,0.054146233946084976,0.0034367928747087717
26816,0,0,explicit_mmr,explicit_mmr,train,0.6722596883773804,0.30447715520858765,0.004032013472169638,0.0001210510527016595,0.009708191268146038,0.009401890449225903
26820,0,0,explicit_mmr,explicit_mmr,train,0.5341354608535767,0.3891359567642212,0.0067144725471735,0.00011892925977008417,0.0627317801117897,0.0071632955223321915
26821,0,0,explicit_mmr,explicit_mmr,train,0.557305097579956,0.3423518240451813,0.004055497702211142,0.00014602206647396088,0.0894104540348053,0.006731000728905201
26822,0,0,explicit_mmr,explicit_mmr,train,0.5283021926879883,0.3957672119140625,0.00648479675874114,0.00011633675603661686,0.062472645193338394,0.006856829859316349
26823,0,0,explicit_mmr,explicit_mmr,train,0.5510647892951965,0.3780796229839325,0.006203896831721067,0.00011636127601377666,0.05696212127804756,0.0075732506811618805
26824,0,0,explicit_mmr,explicit_mmr,train,0.5573700070381165,0.34254372119903564,0.004054312594234943,0.00014586870383936912,0.08915624022483826,0.006729730870574713
26841,0,0,explicit_mmr,explicit_mmr,train,0.4621064364910126,0.31029507517814636,0.00963412132114172,0.00015915607218630612,0.21376052498817444,0.004044635687023401
26844,1,1,implicit_mmr,implicit_mmr,train,0.3625483810901642,0.565953254699707,0.011719975620508194,7.747423660475761e-05,0.0516246035695076,0.00807630829513073
26846,1,1,implicit_mmr,implicit_mmr,train,0.400674968957901,0.5438820123672485,0.01045998279005289,7.352640386670828e-05,0.03655965253710747,0.008349896408617496
26847,1,0,implicit_mmr,explicit_mmr,train,0.4694366753101349,0.38151758909225464,0.019795862957835197,0.00013445859076455235,0.11723025143146515,0.011885208077728748
26873,1,0,implicit_mmr,explicit_mmr,train,0.6382501721382141,0.32861706614494324,0.004646358545869589,7.892408029874787e-05,0.022377770394086838,0.006029794923961163
26875,0,0,explicit_mmr,explicit_mmr,train,0.6852332949638367,0.28952619433403015,0.0040977951139211655,8.700607577338815e-05,0.01352879498153925,0.007526963483542204
26892,1,0,implicit_mmr,explicit_mmr,train,0.6465088129043579,0.2985004484653473,0.0032964462880045176,9.358541865367442e-05,0.048190679401159286,0.0034101027995347977
26907,0,0,explicit_mmr,explicit_mmr,train,0.6467474699020386,0.31004998087882996,0.0025909377727657557,0.0001149243616964668,0.037454474717378616,0.003042105585336685
26911,1,0,implicit_mmr,explicit_mmr,train,0.6242585778236389,0.29407891631126404,0.003135024569928646,0.00011887584696523845,0.07565134018659592,0.002757346024736762
26913,0,0,explicit_mmr,explicit_mmr,train,0.6314783096313477,0.31590548157691956,0.014383239671587944,0.00016072056314442307,0.01280520111322403,0.025266997516155243
26914,1,1,implicit_mmr,implicit_mmr,train,0.3980181813240051,0.5195634961128235,0.006558321416378021,0.00011647667270153761,0.07129276543855667,0.004450754728168249
26917,0,0,explicit_mmr,explicit_mmr,train,0.5777153372764587,0.29409900307655334,0.005805217195302248,7.628751336596906e-05,0.11813074350357056,0.0041733477264642715
26923,0,0,explicit_mmr,explicit_mmr,train,0.4638383388519287,0.45037662982940674,0.008056762628257275,6.072342148399912e-05,0.07176579535007477,0.005901889409869909
26926,0,0,explicit_mmr,explicit_mmr,train,0.6311043500900269,0.3301011621952057,0.002622131258249283,0.00011152795923408121,0.032795071601867676,0.0032658230047672987
26936,0,1,explicit_mmr,implicit_mmr,train,0.4324912130832672,0.5249565243721008,0.007497649174183607,8.310347038786858e-05,0.025242406874895096,0.009729168377816677
26938,0,0,explicit_mmr,explicit_mmr,train,0.49294131994247437,0.4373195469379425,0.012161226011812687,9.186014358419925e-05,0.046869631856679916,0.010616459883749485
26939,1,1,implicit_mmr,implicit_mmr,train,0.13016466796398163,0.5883623957633972,0.09617206454277039,0.0003778456011787057,0.09846752882003784,0.08645552396774292
26943,1,1,implicit_mmr,implicit_mmr,train,0.15224631130695343,0.40449008345603943,0.08996021747589111,0.0003174857411067933,0.31811803579330444,0.03486796095967293
26945,1,1,implicit_mmr,implicit_mmr,train,0.14107447862625122,0.3844847083091736,0.08832833170890808,0.00035500925150699914,0.3570219576358795,0.028735512867569923
26954,1,4,implicit_mmr,qual_only,train,0.11061448603868484,0.35721355676651,0.11201611906290054,0.0004834497522097081,0.38506796956062317,0.034604333341121674
26959,2,5,multi_method_not_mmr,quant_only,train,0.027237648144364357,0.08276055753231049,0.4037887156009674,0.011395033448934555,0.03774300590157509,0.43707507848739624
26961,0,0,explicit_mmr,explicit_mmr,train,0.6560712456703186,0.2638248801231384,0.0027018182445317507,0.00014039297821000218,0.07476169615983963,0.0025000046007335186
26965,4,0,qual_only,explicit_mmr,train,0.404483437538147,0.3982545733451843,0.013498663902282715,9.243498061550781e-05,0.17058441042900085,0.013086441904306412
26971,0,0,explicit_mmr,explicit_mmr,train,0.6507099866867065,0.32196924090385437,0.005232975818216801,0.00010995385673595592,0.011806669645011425,0.010171144269406796
26976,3,3,no_method_signal,no_method_signal,train,0.00015393913781736046,0.0005733355064876378,0.07282667607069016,0.889895498752594,0.002441869117319584,0.03410874679684639
26977,1,4,implicit_mmr,qual_only,train,0.12772350013256073,0.3455391824245453,0.10734972357749939,0.0004518860951066017,0.3736710548400879,0.04526463523507118
26984,1,0,implicit_mmr,explicit_mmr,train,0.6266193985939026,0.3409319519996643,0.002925172680988908,0.0001199270918732509,0.025859946385025978,0.003543557832017541
26986,0,0,explicit_mmr,explicit_mmr,train,0.5980314612388611,0.3679928779602051,0.003526326734572649,0.00011121340503450483,0.026283500716090202,0.004054511897265911
26994,0,0,explicit_mmr,explicit_mmr,train,0.516739547252655,0.3345441520214081,0.004333821125328541,0.00015498836000915617,0.13856297731399536,0.00566450459882617
26995,4,4,qual_only,qual_only,train,0.13494713604450226,0.11214417964220047,0.008183414116501808,0.0003283123078290373,0.7423854470252991,0.0020115161314606667
26999,0,0,explicit_mmr,explicit_mmr,train,0.5488352179527283,0.40249526500701904,0.005502937361598015,8.063730638241395e-05,0.03831637278199196,0.004769558552652597
27015,2,2,multi_method_not_mmr,multi_method_not_mmr,train,0.002181650372222066,0.006385468412190676,0.4037536084651947,0.3443010151386261,0.013964609242975712,0.22941364347934723
27020,3,3,no_method_signal,no_method_signal,train,0.00014803350495640188,0.000356586737325415,0.02142702043056488,0.9515126943588257,0.0007314460235647857,0.025824256241321564
27040,0,0,explicit_mmr,explicit_mmr,train,0.2947477698326111,0.28979143500328064,0.12113647907972336,0.001044818083755672,0.22188648581504822,0.0713929608464241
27046,0,0,explicit_mmr,explicit_mmr,train,0.3683471381664276,0.3439841568470001,0.014844615943729877,0.00017139838018920273,0.2662520706653595,0.006400607991963625
27047,0,0,explicit_mmr,explicit_mmr,train,0.34785372018814087,0.29330629110336304,0.01506816502660513,0.00020622910233214498,0.33858129382133484,0.0049842712469398975
27050,1,1,implicit_mmr,implicit_mmr,train,0.4098122715950012,0.4485549330711365,0.005978211294859648,0.00014587999612558633,0.13031813502311707,0.005190526135265827
27052,0,4,explicit_mmr,qual_only,train,0.14217115938663483,0.14128731191158295,0.21993239223957062,0.0052533322013914585,0.35188671946525574,0.13946910202503204
27056,0,0,explicit_mmr,explicit_mmr,train,0.5129205584526062,0.4207160770893097,0.005965169053524733,0.00011227000504732132,0.052734460681676865,0.007551431655883789
27059,0,4,explicit_mmr,qual_only,train,0.32447370886802673,0.25037938356399536,0.015337550081312656,0.00022349591017700732,0.40495383739471436,0.0046321554109454155
27060,0,1,explicit_mmr,implicit_mmr,train,0.4686959683895111,0.48884883522987366,0.005336640402674675,0.00011191855446668342,0.02912849746644497,0.00787808932363987
27061,0,1,explicit_mmr,implicit_mmr,train,0.37544265389442444,0.4281902611255646,0.00551432091742754,0.00022044003708288074,0.18622645735740662,0.004405881743878126
27063,0,0,explicit_mmr,explicit_mmr,train,0.45230764150619507,0.41667619347572327,0.008779535070061684,0.00013920286437496543,0.11650495231151581,0.00559246214106679
27071,1,1,implicit_mmr,implicit_mmr,train,0.1483452171087265,0.4754108786582947,0.08902323246002197,0.0004968800931237638,0.20957906544208527,0.07714477926492691
27077,0,1,explicit_mmr,implicit_mmr,train,0.24993515014648438,0.5541724562644958,0.01803186535835266,9.753605991136283e-05,0.16547974944114685,0.012283170595765114
27078,2,5,multi_method_not_mmr,quant_only,train,0.08275511115789413,0.04606515169143677,0.23099544644355774,0.05311506241559982,0.009487318806350231,0.5775819420814514
27102,2,5,multi_method_not_mmr,quant_only,train,0.010304408147931099,0.023612195625901222,0.42557647824287415,0.06962183117866516,0.005338601302355528,0.46554651856422424
27111,4,4,qual_only,qual_only,train,0.03267437964677811,0.03667668625712395,0.021125204861164093,0.0008025659481063485,0.9026853442192078,0.006035768426954746
27113,0,0,explicit_mmr,explicit_mmr,train,0.48536571860313416,0.3185890018939972,0.03028884530067444,0.000274297664873302,0.14742016792297363,0.018061956390738487
27114,2,5,multi_method_not_mmr,quant_only,train,0.007592035923153162,0.015475372783839703,0.2838252782821655,0.15562371909618378,0.0029006944969296455,0.5345828533172607
27128,5,5,quant_only,quant_only,train,0.01797504909336567,0.028962695971131325,0.34696856141090393,0.05291305482387543,0.0037452038377523422,0.5494354367256165
27176,0,0,explicit_mmr,explicit_mmr,train,0.6853252053260803,0.28873106837272644,0.003070150502026081,9.56118747126311e-05,0.017853274941444397,0.004924720153212547
27188,0,0,explicit_mmr,explicit_mmr,train,0.5611578822135925,0.39855894446372986,0.0042105927132070065,0.00010751335503300652,0.03206488490104675,0.003900106530636549
27190,0,0,explicit_mmr,explicit_mmr,train,0.6443239450454712,0.3217811584472656,0.00291699287481606,0.00010652362834662199,0.02753179334104061,0.0033396175131201744
27191,0,0,explicit_mmr,explicit_mmr,train,0.6841384172439575,0.2901891767978668,0.003106613177806139,9.518977458355948e-05,0.017425209283828735,0.0050454773008823395
27194,4,0,qual_only,explicit_mmr,train,0.6099638342857361,0.3369939625263214,0.00866224616765976,0.00011760330380639061,0.03452323004603386,0.009739179164171219
27207,2,5,multi_method_not_mmr,quant_only,train,0.07215564697980881,0.10050512850284576,0.2667084038257599,0.01912315934896469,0.025514565408229828,0.5159931778907776
27212,4,4,qual_only,qual_only,train,0.11499790102243423,0.09228040277957916,0.008384818211197853,0.000351051363395527,0.782128095626831,0.0018577240407466888
27237,2,2,multi_method_not_mmr,multi_method_not_mmr,train,0.0030349174048751593,0.005912093445658684,0.4427856504917145,0.2358611822128296,0.007687737699598074,0.30471834540367126
27238,0,0,explicit_mmr,explicit_mmr,train,0.5762555003166199,0.36635372042655945,0.0033162017352879047,0.00011902760161319748,0.05081998184323311,0.00313558429479599
27239,5,5,quant_only,quant_only,train,0.2546153962612152,0.21721957623958588,0.15550127625465393,0.0024590585380792618,0.017759159207344055,0.352445513010025
27247,5,4,quant_only,qual_only,train,0.11023448407649994,0.09175200015306473,0.2239549458026886,0.0054429685696959496,0.4544215798377991,0.11419399082660675
27279,1,0,implicit_mmr,explicit_mmr,train,0.6164174675941467,0.2849918305873871,0.014922834932804108,0.00014652336540166289,0.0699021965265274,0.013619095087051392
27287,5,4,quant_only,qual_only,train,0.0013757591368630528,0.008196787908673286,0.3501182496547699,0.13843390345573425,0.40845051407814026,0.09342475235462189
27288,0,4,explicit_mmr,qual_only,train,0.31294360756874084,0.292203426361084,0.008883718401193619,0.00019402854377403855,0.3825308680534363,0.0032443306408822536
27293,4,0,qual_only,explicit_mmr,train,0.45722696185112,0.4368823170661926,0.006849576253443956,0.00013426016084849834,0.09354808181524277,0.005358756985515356
27299,0,0,explicit_mmr,explicit_mmr,train,0.5162947773933411,0.376221626996994,0.007036798167973757,0.00012829690240323544,0.09360893070697784,0.00670951884239912
27312,1,0,implicit_mmr,explicit_mmr,train,0.4890422224998474,0.4688393473625183,0.009052248671650887,0.00013551082520280033,0.01538893859833479,0.017541712149977684
27364,0,1,explicit_mmr,implicit_mmr,train,0.46979135274887085,0.48408105969429016,0.007344181649386883,0.00010602553084027022,0.024962835013866425,0.013714484870433807
27365,0,1,explicit_mmr,implicit_mmr,train,0.45610302686691284,0.48203516006469727,0.01333690620958805,0.0001820554316509515,0.0282128918915987,0.02013002336025238
27372,4,4,qual_only,qual_only,train,0.3498585522174835,0.2063893973827362,0.013563370332121849,0.00020455809135455638,0.4262793958187103,0.0037048631347715855
27373,4,4,qual_only,qual_only,train,0.29187068343162537,0.12764742970466614,0.005954526364803314,0.0002461694530211389,0.5717774033546448,0.002503767842426896
27385,0,0,explicit_mmr,explicit_mmr,train,0.4469820559024811,0.4075262248516083,0.00676773814484477,0.00014421298692468554,0.13374432921409607,0.004835437051951885
27386,0,0,explicit_mmr,explicit_mmr,train,0.4028220474720001,0.3992503881454468,0.005045425146818161,0.0001822599588194862,0.18858155608177185,0.004118299577385187
27387,4,4,qual_only,qual_only,train,0.2859722971916199,0.28275802731513977,0.036504995077848434,0.0002906567242462188,0.38148635625839233,0.012987665832042694
27388,4,1,qual_only,implicit_mmr,train,0.16314664483070374,0.5191751718521118,0.0411994643509388,0.00018025813915301114,0.2438836544752121,0.03241477534174919
27389,4,1,qual_only,implicit_mmr,train,0.20957303047180176,0.4145409166812897,0.02180146984755993,0.00014063017442822456,0.3424616754055023,0.011482277885079384
27390,4,4,qual_only,qual_only,train,0.13931642472743988,0.24179601669311523,0.025928236544132233,0.00018085376359522343,0.5833515524864197,0.009426936507225037
27403,4,4,qual_only,qual_only,train,0.1909005492925644,0.31883856654167175,0.021430186927318573,0.00014800869394093752,0.4573426842689514,0.011339970864355564
27404,4,4,qual_only,qual_only,train,0.22346583008766174,0.36329135298728943,0.0241968035697937,0.00013485553790815175,0.37731003761291504,0.011601192876696587
27415,4,4,qual_only,qual_only,train,0.11411407589912415,0.14100629091262817,0.05761837586760521,0.0005251375841908157,0.676325798034668,0.010410335846245289
27416,4,4,qual_only,qual_only,train,0.08603266626596451,0.07118353247642517,0.01178115326911211,0.0003142611822113395,0.8280165195465088,0.0026719383895397186
27418,4,4,qual_only,qual_only,train,0.2085675150156021,0.14740672707557678,0.06683129817247391,0.0005954683874733746,0.5618188977241516,0.01478014700114727
27430,2,3,multi_method_not_mmr,no_method_signal,train,0.0009411942446604371,0.001301150768995285,0.0926981121301651,0.7657023668289185,0.005364798940718174,0.13399235904216766
27471,4,3,qual_only,no_method_signal,train,0.009174320846796036,0.010487955063581467,0.26973527669906616,0.37786951661109924,0.014268788509070873,0.3184641897678375
27506,1,1,implicit_mmr,implicit_mmr,train,0.40878888964653015,0.5379251837730408,0.004737814888358116,0.00012296893692109734,0.040592022240161896,0.007833089679479599
27520,2,0,multi_method_not_mmr,explicit_mmr,train,0.5685957670211792,0.3029330372810364,0.03347458690404892,0.0002583239693194628,0.05721931904554367,0.037518974393606186
27525,2,0,multi_method_not_mmr,explicit_mmr,train,0.319878488779068,0.19309335947036743,0.1851850152015686,0.003155359299853444,0.1422239989042282,0.15646375715732574
27558,3,3,no_method_signal,no_method_signal,train,0.0005156052648089826,0.0010182663099840283,0.09083040803670883,0.8989062309265137,0.0036820629611611366,0.005047506187111139
27559,0,0,explicit_mmr,explicit_mmr,train,0.7494508624076843,0.23033346235752106,0.0029797349125146866,0.0001483584346715361,0.010401562787592411,0.006685958243906498
27572,5,0,quant_only,explicit_mmr,train,0.5022395253181458,0.23049743473529816,0.035419270396232605,0.0021436181850731373,0.003956350032240152,0.22574374079704285
27583,3,3,no_method_signal,no_method_signal,train,8.316974708577618e-05,0.0003761424159165472,0.03021707944571972,0.9569904804229736,0.002751715946942568,0.009581520222127438
27584,3,3,no_method_signal,no_method_signal,train,0.0006118543678894639,0.0010012645507231355,0.05568058043718338,0.9363729953765869,0.0013407269725576043,0.004992617294192314
27585,3,3,no_method_signal,no_method_signal,train,7.871675188653171e-05,0.0003312969347462058,0.026288466528058052,0.9633143544197083,0.0030258451588451862,0.006961338687688112
27594,3,3,no_method_signal,no_method_signal,train,0.00019421562319621444,0.0013742384035140276,0.0428088903427124,0.8685065507888794,0.006106710061430931,0.08100927621126175
27595,1,5,implicit_mmr,quant_only,train,0.028837980702519417,0.0346737764775753,0.26031312346458435,0.06597251445055008,0.007677055429667234,0.6025255918502808
27606,1,0,implicit_mmr,explicit_mmr,train,0.5733471512794495,0.31143438816070557,0.005446423310786486,0.00010028343240264803,0.10588674992322922,0.0037850276567041874
27607,4,3,qual_only,no_method_signal,train,0.00011226104834349826,0.0006644207169301808,0.0292702354490757,0.9317656755447388,0.006632213480770588,0.031555235385894775
27609,2,1,multi_method_not_mmr,implicit_mmr,train,0.43427032232284546,0.5213375091552734,0.010383247397840023,6.817754911025986e-05,0.021974889561533928,0.011965841986238956
27611,4,3,qual_only,no_method_signal,train,0.0003085734788328409,0.004561190493404865,0.155579075217247,0.5718271136283875,0.05702545866370201,0.21069858968257904
27636,0,4,explicit_mmr,qual_only,train,0.05201246216893196,0.05182289332151413,0.013546066358685493,0.0005534582305699587,0.8799794316291809,0.0020856184419244528
27664,5,0,quant_only,explicit_mmr,train,0.29854097962379456,0.20031285285949707,0.19679376482963562,0.002838761080056429,0.0338786318898201,0.2676350176334381
27670,0,0,explicit_mmr,explicit_mmr,train,0.38329198956489563,0.3313559293746948,0.02797538787126541,0.00022306120081339031,0.24488122761249542,0.012272369116544724
27673,0,4,explicit_mmr,qual_only,train,0.3699049949645996,0.21160505712032318,0.005770590156316757,0.00024397227389272302,0.4097572863101959,0.0027181499172002077
27679,1,1,implicit_mmr,implicit_mmr,train,0.46420928835868835,0.49049773812294006,0.006510761566460133,0.00011732397979358211,0.028933951631188393,0.009730927646160126
27686,0,0,explicit_mmr,explicit_mmr,train,0.7024387717247009,0.2605000138282776,0.002440521726384759,0.00011484840797493234,0.031201595440506935,0.003304240293800831
27687,0,4,explicit_mmr,qual_only,train,0.08890394121408463,0.09298981726169586,0.30888181924819946,0.009616653434932232,0.30927973985671997,0.19032801687717438
27706,2,4,multi_method_not_mmr,qual_only,train,0.16188845038414001,0.1796482354402542,0.08446285873651505,0.0007351795211434364,0.5488700866699219,0.024395113810896873
27709,0,0,explicit_mmr,explicit_mmr,train,0.46585509181022644,0.4560241103172302,0.010292275808751583,0.00013231736375018954,0.057509105652570724,0.010187184438109398
27710,0,1,explicit_mmr,implicit_mmr,train,0.4347737729549408,0.49203336238861084,0.00551631161943078,0.00010706128523452207,0.06024002656340599,0.0073293596506118774
27711,0,0,explicit_mmr,explicit_mmr,train,0.4823276102542877,0.4686730206012726,0.0076065934263169765,0.0001126029746956192,0.03095962107181549,0.01032061967998743
27712,0,0,explicit_mmr,explicit_mmr,train,0.5116526484489441,0.444513201713562,0.006182294338941574,0.00010905962699325755,0.027384428307414055,0.010158387012779713
27731,0,1,explicit_mmr,implicit_mmr,train,0.4143465757369995,0.5275459885597229,0.005173040553927422,0.00010462417412782088,0.04820478707551956,0.004625008441507816
27736,0,1,explicit_mmr,implicit_mmr,train,0.44450101256370544,0.4986948072910309,0.005490347743034363,0.00010646300506778061,0.04645437374711037,0.004753007087856531
27739,0,1,explicit_mmr,implicit_mmr,train,0.37324637174606323,0.5845038890838623,0.006314755417406559,0.00012013707600999624,0.028547730296850204,0.007267119362950325
27750,0,0,explicit_mmr,explicit_mmr,train,0.6390180587768555,0.22372554242610931,0.03235757723450661,0.0008656518184579909,0.005132703110575676,0.09890037775039673
27777,2,4,multi_method_not_mmr,qual_only,train,0.19568736851215363,0.17099489271640778,0.13655969500541687,0.002514882478863001,0.4244791567325592,0.06976394355297089
27782,1,4,implicit_mmr,qual_only,train,0.049795910716056824,0.26349037885665894,0.2759382724761963,0.0034458159934729338,0.28381583094596863,0.12351381778717041
27785,0,5,explicit_mmr,quant_only,train,0.10992801934480667,0.10788827389478683,0.2669562101364136,0.015349695459008217,0.07251864671707153,0.4273591935634613
27796,1,0,implicit_mmr,explicit_mmr,train,0.490297794342041,0.3342980742454529,0.004674266092479229,0.00013587402645498514,0.1678173691034317,0.0027766493149101734
27798,0,4,explicit_mmr,qual_only,train,0.32209712266921997,0.18707284331321716,0.006426304113119841,0.00027943053282797337,0.4815175533294678,0.002606678521260619
27802,1,0,implicit_mmr,explicit_mmr,train,0.4961867034435272,0.4118559956550598,0.014052673242986202,0.00013387473882175982,0.06373362988233566,0.014037109911441803
27806,2,5,multi_method_not_mmr,quant_only,train,0.002201732946559787,0.006458152085542679,0.1411951333284378,0.3380995988845825,0.003795440075919032,0.5082499384880066
27856,0,0,explicit_mmr,explicit_mmr,train,0.7359002232551575,0.2424735724925995,0.0035370064433664083,0.00013014028081670403,0.010808277875185013,0.007150828838348389
27859,0,0,explicit_mmr,explicit_mmr,train,0.7019543051719666,0.27010324597358704,0.005242722108960152,0.00010659374675014988,0.01386978942900896,0.008723337203264236
27863,0,5,explicit_mmr,quant_only,train,0.09804324060678482,0.06217987835407257,0.21670249104499817,0.022822031751275063,0.014692998491227627,0.5855593085289001
27864,0,0,explicit_mmr,explicit_mmr,train,0.7094974517822266,0.24151363968849182,0.013714354485273361,0.0002744837838690728,0.0084363529458642,0.02656376361846924
27877,0,0,explicit_mmr,explicit_mmr,train,0.7007630467414856,0.24448199570178986,0.013855434954166412,0.0002905466826632619,0.006425055209547281,0.03418397903442383
27883,1,0,implicit_mmr,explicit_mmr,train,0.6775069832801819,0.2649102509021759,0.016456983983516693,0.00019096613686997443,0.018314223736524582,0.022620689123868942
27884,1,0,implicit_mmr,explicit_mmr,train,0.6488370299339294,0.32747146487236023,0.0037071616388857365,9.869005589280277e-05,0.013533215969800949,0.006352466065436602
27892,1,0,implicit_mmr,explicit_mmr,train,0.6946792602539062,0.2575051188468933,0.012078704312443733,0.0001565730053698644,0.01777534745633602,0.01780499517917633
27896,1,0,implicit_mmr,explicit_mmr,train,0.554660975933075,0.2253708392381668,0.06024248152971268,0.001499578938819468,0.009011656045913696,0.14921452105045319
27898,5,0,quant_only,explicit_mmr,train,0.6215303540229797,0.22612862288951874,0.03032795339822769,0.001148915383964777,0.0036042325664311647,0.11725994944572449
27911,1,0,implicit_mmr,explicit_mmr,train,0.6138017177581787,0.34604838490486145,0.010656158439815044,0.00017010595183819532,0.013539941981434822,0.01578361541032791
27915,0,0,explicit_mmr,explicit_mmr,train,0.6649287939071655,0.23922096192836761,0.032426975667476654,0.0004526232660282403,0.02064605802297592,0.04232451319694519
27922,0,0,explicit_mmr,explicit_mmr,train,0.5405155420303345,0.31100592017173767,0.038207393139600754,0.0007560535450465977,0.009161729365587234,0.10035332292318344
27924,0,0,explicit_mmr,explicit_mmr,train,0.6768630743026733,0.26711729168891907,0.014289690181612968,0.0001606483565410599,0.02165433019399643,0.019914934411644936
27939,0,4,explicit_mmr,qual_only,train,0.08984404057264328,0.1001443862915039,0.20260173082351685,0.0052767423912882805,0.4786261022090912,0.12350697815418243
27949,0,0,explicit_mmr,explicit_mmr,train,0.7251781821250916,0.2159276157617569,0.0024317288771271706,0.00013307674089446664,0.053537312895059586,0.0027922203298658133
27951,0,0,explicit_mmr,explicit_mmr,train,0.7195072770118713,0.23285584151744843,0.002458875300362706,0.0001199541802634485,0.04200246185064316,0.003055497771129012
27968,0,0,explicit_mmr,explicit_mmr,train,0.7157251834869385,0.2602252662181854,0.0039663962088525295,0.00012567441444844007,0.01124737411737442,0.008710161782801151
27986,0,4,explicit_mmr,qual_only,train,0.28727012872695923,0.1633826196193695,0.005172771867364645,0.0002660702739376575,0.5410796999931335,0.002828714670613408
27987,0,4,explicit_mmr,qual_only,train,0.293372243642807,0.16607841849327087,0.005125608295202255,0.0002652130206115544,0.532305121421814,0.0028534168377518654
27997,0,0,explicit_mmr,explicit_mmr,train,0.515374481678009,0.20552784204483032,0.025708185508847237,0.0003429120406508446,0.23983368277549744,0.013212979771196842
28008,5,5,quant_only,quant_only,train,0.060012128204107285,0.04063364490866661,0.22872158885002136,0.03236794099211693,0.010961555875837803,0.6273031830787659
28021,2,4,multi_method_not_mmr,qual_only,train,0.17227643728256226,0.1930522322654724,0.03530946001410484,0.00019748137856367975,0.59052574634552,0.008638651110231876
28023,1,0,implicit_mmr,explicit_mmr,train,0.6780540347099304,0.29449835419654846,0.0030100371222943068,0.00010006567026721314,0.018638210371136665,0.005699279252439737
28034,1,0,implicit_mmr,explicit_mmr,train,0.5868150591850281,0.36652758717536926,0.0033944423776119947,0.0001215569136547856,0.03995118662714958,0.003190153744071722
28038,1,0,implicit_mmr,explicit_mmr,train,0.7113944292068481,0.21881094574928284,0.0023792090360075235,0.0001517673081252724,0.06475887447595596,0.002504829317331314
28044,0,0,explicit_mmr,explicit_mmr,train,0.6378258466720581,0.33349090814590454,0.0032108130399137735,0.00010546762496232986,0.021137496456503868,0.0042295376770198345
28048,1,1,implicit_mmr,implicit_mmr,train,0.059343356639146805,0.44105014204978943,0.08832510560750961,0.0023637290578335524,0.01999201998114586,0.38892561197280884
28074,0,0,explicit_mmr,explicit_mmr,train,0.6715639233589172,0.26410987973213196,0.018696144223213196,0.00028144626412540674,0.010265637189149857,0.03508294001221657
28075,4,2,qual_only,multi_method_not_mmr,train,0.16009020805358887,0.09051068872213364,0.3299406170845032,0.01686089299619198,0.14546158909797668,0.2571360468864441
28132,0,0,explicit_mmr,explicit_mmr,train,0.5997888445854187,0.3022422194480896,0.00798480398952961,0.00010060715430881828,0.08346646279096603,0.0064171175472438335
28133,0,0,explicit_mmr,explicit_mmr,train,0.5953080058097839,0.2887575626373291,0.0037074508145451546,0.0001260295684915036,0.10940505564212799,0.002696035895496607
28134,0,1,explicit_mmr,implicit_mmr,train,0.4315639138221741,0.46918025612831116,0.0063470578752458096,0.00010229285544482991,0.0890394076704979,0.003767188871279359
28140,2,0,multi_method_not_mmr,explicit_mmr,train,0.46373146772384644,0.43836304545402527,0.024060985073447227,0.0004013362340629101,0.004787351004779339,0.0686558410525322
28143,0,0,explicit_mmr,explicit_mmr,train,0.6031094789505005,0.26988908648490906,0.00468993978574872,0.00010532858868828043,0.11912698298692703,0.0030791684985160828
28191,0,0,explicit_mmr,explicit_mmr,train,0.5402423143386841,0.40769556164741516,0.004816567059606314,9.225693065673113e-05,0.04294395446777344,0.004209281411021948
28192,1,0,implicit_mmr,explicit_mmr,train,0.6371904611587524,0.33905109763145447,0.004805304575711489,0.00011328660184517503,0.008113419637084007,0.010726415552198887
28197,0,0,explicit_mmr,explicit_mmr,train,0.6236947178840637,0.2885572016239166,0.00830102525651455,0.00010458156612003222,0.07181622833013535,0.007526276167482138
28204,1,0,implicit_mmr,explicit_mmr,train,0.7060084939002991,0.2726142406463623,0.003714950056746602,0.00013572792522609234,0.0076299430802464485,0.009896642528474331
28205,2,4,multi_method_not_mmr,qual_only,train,0.037124279886484146,0.05945652723312378,0.2892369031906128,0.005132738035172224,0.5312974452972412,0.07775207608938217
28216,1,1,implicit_mmr,implicit_mmr,train,0.34209221601486206,0.6093153953552246,0.014325321651995182,0.0001805486244847998,0.009461948648095131,0.024624578654766083
28219,2,0,multi_method_not_mmr,explicit_mmr,train,0.4955707788467407,0.38227128982543945,0.042578551918268204,0.00030263731605373323,0.012553242035210133,0.06672349572181702
28225,3,2,no_method_signal,multi_method_not_mmr,train,0.002471228828653693,0.026537839323282242,0.38441845774650574,0.06307412683963776,0.30229511857032776,0.22120322287082672
28244,5,0,quant_only,explicit_mmr,train,0.7131597995758057,0.26106128096580505,0.005373579449951649,0.0001360326714348048,0.00904228538274765,0.011226910166442394
28254,0,0,explicit_mmr,explicit_mmr,train,0.619880735874176,0.28987544775009155,0.0072314986027777195,9.185264934785664e-05,0.07747670263051987,0.005443737842142582
28258,0,0,explicit_mmr,explicit_mmr,train,0.6019431352615356,0.254326194524765,0.003991434816271067,0.0001275726390304044,0.13683073222637177,0.0027808547019958496
28272,0,0,explicit_mmr,explicit_mmr,train,0.41570085287094116,0.27679139375686646,0.05198609083890915,0.00040421090670861304,0.23329614102840424,0.021821334958076477
28296,0,0,explicit_mmr,explicit_mmr,train,0.6665969491004944,0.30875134468078613,0.0046925670467317104,0.00011499519314384088,0.009169870056211948,0.010674224235117435
28309,4,0,qual_only,explicit_mmr,train,0.5121971964836121,0.3824548125267029,0.004026393871754408,0.0001432189019396901,0.09553105384111404,0.005647303070873022
28315,0,1,explicit_mmr,implicit_mmr,train,0.4363744556903839,0.46434977650642395,0.016993628814816475,9.889750072034076e-05,0.060855932533741,0.02132716402411461
28316,4,4,qual_only,qual_only,train,0.017606213688850403,0.04443158209323883,0.0784178227186203,0.0011647556675598025,0.8407194018363953,0.017660263925790787
28321,1,4,implicit_mmr,qual_only,train,0.20747114717960358,0.14286328852176666,0.007670484483242035,0.00027066166512668133,0.6396903991699219,0.0020340506453067064
28327,4,0,qual_only,explicit_mmr,train,0.48353996872901917,0.39629510045051575,0.006019020453095436,0.00010716707038227469,0.10633315145969391,0.007705697789788246
28362,1,0,implicit_mmr,explicit_mmr,train,0.588379979133606,0.38097190856933594,0.007400845643132925,0.00015838665422052145,0.006190819200128317,0.016898086294531822
28370,2,5,multi_method_not_mmr,quant_only,train,0.14468815922737122,0.0738956481218338,0.22440189123153687,0.02919655293226242,0.02106240577995777,0.5067553520202637
28384,0,4,explicit_mmr,qual_only,train,0.27876752614974976,0.19509007036685944,0.03818992152810097,0.0003989559190813452,0.47819480299949646,0.009358703158795834
28399,5,5,quant_only,quant_only,train,0.07251819223165512,0.07686033099889755,0.218190997838974,0.016114266589283943,0.010895110666751862,0.6054210662841797
28400,5,5,quant_only,quant_only,train,0.050299834460020065,0.052391376346349716,0.20410126447677612,0.02399636246263981,0.004677686374634504,0.6645334959030151
28401,5,5,quant_only,quant_only,train,0.05687958002090454,0.0938112884759903,0.2778959274291992,0.009712276048958302,0.013223599642515182,0.5484773516654968
28402,5,5,quant_only,quant_only,train,0.08015178889036179,0.10854551941156387,0.24174848198890686,0.00800422951579094,0.01244157925248146,0.5491084456443787
28403,5,5,quant_only,quant_only,train,0.04167576879262924,0.06607601046562195,0.27928683161735535,0.016976304352283478,0.0059611308388412,0.590023934841156
28405,5,5,quant_only,quant_only,train,0.026342658326029778,0.05995799973607063,0.3808986246585846,0.012813353911042213,0.025493213906884193,0.49449422955513
28406,5,5,quant_only,quant_only,train,0.015364882536232471,0.04554952681064606,0.40744680166244507,0.018793288618326187,0.02352967858314514,0.48931586742401123
28407,5,2,quant_only,multi_method_not_mmr,train,0.01425759308040142,0.04789355769753456,0.4674372375011444,0.01735571399331093,0.03698808327317238,0.41606780886650085
28408,0,0,explicit_mmr,explicit_mmr,train,0.46196815371513367,0.44630005955696106,0.0060875872150063515,0.00012012277147732675,0.07874872535467148,0.006775368005037308
28420,0,0,explicit_mmr,explicit_mmr,train,0.6415655612945557,0.33043473958969116,0.0036406468134373426,0.00010444428335176781,0.01858631521463394,0.005668184719979763
28442,2,2,multi_method_not_mmr,multi_method_not_mmr,train,0.021122191101312637,0.01890736073255539,0.4122968912124634,0.06602903455495834,0.28886252641677856,0.1927819848060608
28453,0,0,explicit_mmr,explicit_mmr,train,0.45068272948265076,0.23468585312366486,0.11164585500955582,0.0022640072274953127,0.023924794048070908,0.17679674923419952
28461,1,0,implicit_mmr,explicit_mmr,train,0.642909824848175,0.2426004558801651,0.03163190558552742,0.0005722884670831263,0.007480956148356199,0.07480453699827194
28465,4,0,qual_only,explicit_mmr,train,0.5358003973960876,0.255766898393631,0.06532631069421768,0.0007167216390371323,0.10013967007398605,0.0422501303255558
28471,2,5,multi_method_not_mmr,quant_only,train,0.04021768271923065,0.037330351769924164,0.3083345592021942,0.04489614814519882,0.022978777065873146,0.5462424159049988
28473,2,2,multi_method_not_mmr,multi_method_not_mmr,train,0.0029522457625716925,0.00590538140386343,0.3940950036048889,0.30228641629219055,0.05155748873949051,0.24320343136787415
28486,5,5,quant_only,quant_only,train,0.01880163699388504,0.020679593086242676,0.10135912895202637,0.14772209525108337,0.001196244964376092,0.7102413773536682
28515,0,0,explicit_mmr,explicit_mmr,train,0.4862481355667114,0.44780850410461426,0.004938495811074972,9.211180440615863e-05,0.056996118277311325,0.003916652407497168
28519,5,5,quant_only,quant_only,train,0.059098150581121445,0.03843054920434952,0.3393087089061737,0.022598080337047577,0.05351804569363594,0.487046480178833
28532,2,2,multi_method_not_mmr,multi_method_not_mmr,train,0.010704373940825462,0.026257971301674843,0.4674680233001709,0.06046203896403313,0.006063948851078749,0.42904359102249146
28540,0,0,explicit_mmr,explicit_mmr,train,0.5191450119018555,0.39421525597572327,0.004816001281142235,0.00010192397894570604,0.07856029272079468,0.003161483211442828
28551,3,3,no_method_signal,no_method_signal,train,0.00012825957674067467,0.0017732715932652354,0.08119075745344162,0.8696838021278381,0.005156978033483028,0.04206695035099983
28560,5,0,quant_only,explicit_mmr,train,0.7148504257202148,0.2637712359428406,0.0038489820435643196,0.00013818987645208836,0.00828106515109539,0.00911009218543768
28561,5,0,quant_only,explicit_mmr,train,0.7329802513122559,0.24539467692375183,0.0039055829402059317,0.00014540174743160605,0.008316640742123127,0.009257426485419273
28579,0,5,explicit_mmr,quant_only,train,0.027813110500574112,0.1930684596300125,0.25133025646209717,0.006030273623764515,0.15193459391593933,0.36982327699661255
28581,4,4,qual_only,qual_only,train,0.3038380444049835,0.2277979999780655,0.03406136855483055,0.0002968691987916827,0.42516541481018066,0.008840308524668217
28592,0,0,explicit_mmr,explicit_mmr,train,0.6391885280609131,0.3363839387893677,0.0045763240195810795,9.819259139476344e-05,0.011890798807144165,0.00786220096051693
28593,2,4,multi_method_not_mmr,qual_only,train,0.0012902450980618596,0.020701002329587936,0.3341224193572998,0.0697767361998558,0.3721862733364105,0.20192328095436096
28594,1,1,implicit_mmr,implicit_mmr,train,0.1035839319229126,0.6239216923713684,0.06018737703561783,0.0002859050582628697,0.09975661337375641,0.11226443201303482
28595,4,3,qual_only,no_method_signal,train,9.941207827068865e-05,0.0007998492801561952,0.058843567967414856,0.8858402967453003,0.01038915105164051,0.04402780905365944
28597,3,3,no_method_signal,no_method_signal,train,0.00012734229676425457,0.0006132700364105403,0.07023189216852188,0.9147270917892456,0.0019562100060284138,0.012344257906079292
28598,4,3,qual_only,no_method_signal,train,0.00031788661726750433,0.001548823551274836,0.16388678550720215,0.7096778750419617,0.10051821172237396,0.024050384759902954
28599,2,3,multi_method_not_mmr,no_method_signal,train,0.00020430685253813863,0.0006673817988485098,0.0737934336066246,0.9151872396469116,0.0017285853391513228,0.008419015444815159
28600,1,1,implicit_mmr,implicit_mmr,train,0.19296425580978394,0.42965787649154663,0.04252327233552933,0.0014357018517330289,0.005021118558943272,0.328397661447525
28601,3,3,no_method_signal,no_method_signal,train,0.0001182026244350709,0.000707914587110281,0.06393545866012573,0.9063515663146973,0.010406022891402245,0.018480869010090828
28602,5,2,quant_only,multi_method_not_mmr,train,0.0010164252016693354,0.02458285167813301,0.40755748748779297,0.12991684675216675,0.10411730408668518,0.33280906081199646
28612,0,0,explicit_mmr,explicit_mmr,train,0.5426167249679565,0.3923860490322113,0.015130611136555672,0.00015737951616756618,0.027396077290177345,0.022313151508569717
28613,0,0,explicit_mmr,explicit_mmr,train,0.38613393902778625,0.2306108921766281,0.0950065553188324,0.001130696851760149,0.22546622157096863,0.06165164336562157
28616,0,1,explicit_mmr,implicit_mmr,train,0.42814573645591736,0.4334815442562103,0.007513974327594042,0.00014092847413849086,0.12546801567077637,0.005249750800430775
28617,0,0,explicit_mmr,explicit_mmr,train,0.4415290653705597,0.42543554306030273,0.008125107735395432,0.00012093540135538206,0.11945294588804245,0.005336360540241003
28624,0,0,explicit_mmr,explicit_mmr,train,0.5715315341949463,0.373224675655365,0.013059696182608604,0.00020697829313576221,0.010312925092875957,0.031664248555898666
28664,0,4,explicit_mmr,qual_only,train,0.2801458239555359,0.2251361906528473,0.019456487149000168,0.0002634275588206947,0.47043320536613464,0.0045648482628166676
28665,0,4,explicit_mmr,qual_only,train,0.23889774084091187,0.22301696240901947,0.012746486812829971,0.000268130621407181,0.5219428539276123,0.0031277379021048546
28675,0,4,explicit_mmr,qual_only,train,0.29215165972709656,0.19792039692401886,0.010600256733596325,0.00021276263578329235,0.4954608976840973,0.0036540066357702017
28677,0,0,explicit_mmr,explicit_mmr,train,0.5704453587532043,0.39943453669548035,0.00412755599245429,8.927985618356615e-05,0.01942034810781479,0.0064829145558178425
28678,0,0,explicit_mmr,explicit_mmr,train,0.6853988766670227,0.28682181239128113,0.00514273950830102,0.00011423732212278992,0.012918421998620033,0.009603912942111492
28679,0,0,explicit_mmr,explicit_mmr,train,0.7451935410499573,0.21924921870231628,0.00832407921552658,0.0001600801624590531,0.011036860756576061,0.01603625901043415
28684,5,3,quant_only,no_method_signal,train,0.0016758089186623693,0.0042821611277759075,0.10166749358177185,0.548839807510376,0.00803028978407383,0.3355043828487396
28685,1,0,implicit_mmr,explicit_mmr,train,0.5487426519393921,0.4107702076435089,0.0047941855154931545,0.0001190010443679057,0.027060547843575478,0.00851339753717184
28705,0,0,explicit_mmr,explicit_mmr,train,0.40011316537857056,0.32681113481521606,0.01288648508489132,0.00016473208961542696,0.25498366355895996,0.005040707997977734
28714,0,0,explicit_mmr,explicit_mmr,train,0.4541911482810974,0.23500189185142517,0.007584151811897755,0.00015457569679711014,0.29947009682655334,0.0035981819964945316
28728,0,0,explicit_mmr,explicit_mmr,train,0.740772545337677,0.23822690546512604,0.0029350346885621548,0.0001371008256683126,0.01192916464060545,0.005999218672513962
28775,1,0,implicit_mmr,explicit_mmr,train,0.33823078870773315,0.15159986913204193,0.1914791762828827,0.0035248470958322287,0.14594916999340057,0.1692161113023758
28786,2,3,multi_method_not_mmr,no_method_signal,train,0.0003383778966963291,0.0033598069567233324,0.08614030480384827,0.7540072202682495,0.004504278767853975,0.15164995193481445
28807,3,3,no_method_signal,no_method_signal,train,0.0001533097238279879,0.0005235417629592121,0.05155770853161812,0.9387040138244629,0.003460385138168931,0.005601166747510433
28829,5,5,quant_only,quant_only,train,0.13628092408180237,0.09100025147199631,0.174067422747612,0.02245698682963848,0.013487733900547028,0.5627066493034363
28831,0,4,explicit_mmr,qual_only,train,0.17036683857440948,0.09986969083547592,0.00790936779230833,0.0002633663534652442,0.7193952202796936,0.0021955175325274467
28832,0,4,explicit_mmr,qual_only,train,0.20429855585098267,0.10693144798278809,0.007546383887529373,0.00023996233358047903,0.6787582635879517,0.0022252644412219524
28836,0,0,explicit_mmr,explicit_mmr,train,0.6673122048377991,0.2899664044380188,0.003551948582753539,9.629761188989505e-05,0.03531496971845627,0.0037581874057650566
28851,0,0,explicit_mmr,explicit_mmr,train,0.6706854104995728,0.30615970492362976,0.004085795022547245,0.00010419765749247745,0.009978578425943851,0.008986324071884155
28852,0,0,explicit_mmr,explicit_mmr,train,0.7517516016960144,0.2242794930934906,0.002805925440043211,0.00011104955774499103,0.016115130856633186,0.004936731420457363
28854,1,0,implicit_mmr,explicit_mmr,train,0.5418871641159058,0.2636674642562866,0.011968454346060753,0.00013721876894123852,0.1768781989812851,0.00546148419380188
28855,1,4,implicit_mmr,qual_only,train,0.31485801935195923,0.20443451404571533,0.00950738973915577,0.00023774695000611246,0.46851980686187744,0.0024425494484603405
28872,0,5,explicit_mmr,quant_only,train,0.1839846819639206,0.09583162516355515,0.18477389216423035,0.012397222220897675,0.01907465234398842,0.5039379000663757
28874,5,5,quant_only,quant_only,train,0.005017311777919531,0.022484678775072098,0.08460245281457901,0.09977462142705917,0.015825217589735985,0.7722957134246826
28881,5,3,quant_only,no_method_signal,train,0.0004299163119867444,0.005189406685531139,0.21412332355976105,0.552778959274292,0.03948408365249634,0.1879943460226059
28887,2,3,multi_method_not_mmr,no_method_signal,train,0.00033162449835799634,0.002610820345580578,0.14359615743160248,0.7366759777069092,0.002977214753627777,0.11380819231271744
28891,0,5,explicit_mmr,quant_only,train,0.2034216821193695,0.1419181078672409,0.17211028933525085,0.010132098570466042,0.014543715864419937,0.4578741192817688
28954,5,4,quant_only,qual_only,train,0.1720169633626938,0.25502628087997437,0.169003427028656,0.002360846381634474,0.2918820083141327,0.10971050709486008
28956,3,3,no_method_signal,no_method_signal,train,0.00023421258083544672,0.0016927127726376057,0.13058830797672272,0.7016501426696777,0.1154526025056839,0.05038201063871384
28959,5,2,quant_only,multi_method_not_mmr,train,0.0005532976938411593,0.009754914790391922,0.3093094825744629,0.27145034074783325,0.14583319425582886,0.26309874653816223
28964,2,5,multi_method_not_mmr,quant_only,train,0.0005775047466158867,0.00894541572779417,0.2332194596529007,0.3053126633167267,0.060099124908447266,0.39184582233428955
28966,1,4,implicit_mmr,qual_only,train,0.08532366156578064,0.08337473124265671,0.01698811538517475,0.0003095474967267364,0.8113754391670227,0.0026284363120794296
28967,1,4,implicit_mmr,qual_only,train,0.15557001531124115,0.08295758068561554,0.009522609412670135,0.00024191394913941622,0.7490851879119873,0.0026226353365927935
28969,0,0,explicit_mmr,explicit_mmr,train,0.4818750023841858,0.4604850113391876,0.005880048032850027,0.00011504787107696757,0.04480831325054169,0.006836595479398966
28970,1,0,implicit_mmr,explicit_mmr,train,0.6040813326835632,0.34762057662010193,0.004006010480225086,8.92277093953453e-05,0.040180377662181854,0.004022443201392889
28981,1,0,implicit_mmr,explicit_mmr,train,0.5038688778877258,0.4296790063381195,0.006849162746220827,0.00012604369840119034,0.052080050110816956,0.007396813947707415
28982,2,4,multi_method_not_mmr,qual_only,train,0.32087287306785583,0.23835279047489166,0.011445297859609127,0.00022836275456938893,0.4258384704589844,0.003262170357629657
28986,1,1,implicit_mmr,implicit_mmr,train,0.45918282866477966,0.4878252148628235,0.005850219167768955,0.00010698844562284648,0.039804521948099136,0.007230245508253574
28987,0,1,explicit_mmr,implicit_mmr,train,0.39345914125442505,0.47470542788505554,0.005967068951576948,0.00013525135000236332,0.12083417922258377,0.004898975137621164
28992,2,1,multi_method_not_mmr,implicit_mmr,train,0.33848753571510315,0.36449092626571655,0.040801674127578735,0.000238420267123729,0.2371213138103485,0.018860111013054848
28993,4,4,qual_only,qual_only,train,0.0851142480969429,0.11311528831720352,0.11270880699157715,0.0010698833502829075,0.6682214140892029,0.019770264625549316
28994,1,4,implicit_mmr,qual_only,train,0.07861673086881638,0.0851169005036354,0.04510146751999855,0.0006610085838474333,0.7787753343582153,0.011728597804903984
29003,1,0,implicit_mmr,explicit_mmr,train,0.4728584289550781,0.4402610957622528,0.005697093438357115,0.00011978723341599107,0.07618729770183563,0.00487629696726799
29018,0,0,explicit_mmr,explicit_mmr,train,0.588638424873352,0.3832067847251892,0.006700185127556324,0.00013770356599707156,0.00806265790015459,0.013254282996058464
29031,4,4,qual_only,qual_only,train,0.2907429337501526,0.17298318445682526,0.010486770421266556,0.00022312723740469664,0.5231196284294128,0.0024443878792226315
29032,4,4,qual_only,qual_only,train,0.0886315330862999,0.06739991158246994,0.008859340101480484,0.00041232065996155143,0.8327347636222839,0.0019620300736278296
29039,1,0,implicit_mmr,explicit_mmr,train,0.37535738945007324,0.30932945013046265,0.009362110868096352,0.00021069840295240283,0.3023931682109833,0.003347213612869382
29040,0,0,explicit_mmr,explicit_mmr,train,0.49728497862815857,0.45394954085350037,0.009632876142859459,0.00013004193897359073,0.02561892382800579,0.013383579440414906
29050,0,0,explicit_mmr,explicit_mmr,train,0.4628608524799347,0.4230515658855438,0.006659016944468021,0.00012444163439795375,0.10218122601509094,0.005122872069478035
29055,1,0,implicit_mmr,explicit_mmr,train,0.6847031712532043,0.29193195700645447,0.004081408493220806,0.00011192889360245317,0.01114119216799736,0.00803039874881506
29075,0,0,explicit_mmr,explicit_mmr,train,0.616318941116333,0.34763020277023315,0.0032471297308802605,9.96267408481799e-05,0.028715483844280243,0.003988663200289011
29083,0,4,explicit_mmr,qual_only,train,0.1285909116268158,0.0906703770160675,0.11497196555137634,0.0014336858876049519,0.6294264793395996,0.034906547516584396
29084,5,5,quant_only,quant_only,train,0.0906083807349205,0.27828526496887207,0.14028044044971466,0.00287681189365685,0.012333076447248459,0.47561606764793396
29086,5,5,quant_only,quant_only,train,0.12882818281650543,0.07451270520687103,0.2271086573600769,0.01241622306406498,0.02053776942193508,0.5365965366363525
29102,0,0,explicit_mmr,explicit_mmr,train,0.6547520756721497,0.28677794337272644,0.005312289111316204,8.257241279352456e-05,0.04784872755408287,0.005226511973887682
29108,0,0,explicit_mmr,explicit_mmr,train,0.47179877758026123,0.36838188767433167,0.00475835707038641,0.00021681722137145698,0.1522340625524521,0.0026100389659404755
29109,3,3,no_method_signal,no_method_signal,train,0.0003942959301639348,0.0030331339221447706,0.25561386346817017,0.6726725697517395,0.050232525914907455,0.018053533509373665
29115,4,0,qual_only,explicit_mmr,train,0.6322250962257385,0.3297367990016937,0.0030381404794752598,0.00011113442451460287,0.03137608990073204,0.0035126928705722094
29118,4,4,qual_only,qual_only,train,0.19945593178272247,0.17338958382606506,0.019890842959284782,0.0002873415651265532,0.6034345030784607,0.00354180671274662
29119,4,4,qual_only,qual_only,train,0.19282397627830505,0.15390445291996002,0.010889376513659954,0.00026844150852411985,0.6398919224739075,0.002221869071945548
29121,0,0,explicit_mmr,explicit_mmr,train,0.46446850895881653,0.32894259691238403,0.03587200865149498,0.00027764675905928016,0.14198876917362213,0.028450556099414825
29125,0,0,explicit_mmr,explicit_mmr,train,0.6966961026191711,0.22502820193767548,0.008917011320590973,0.000108036954770796,0.06034252792596817,0.008908099494874477
29127,2,3,multi_method_not_mmr,no_method_signal,train,0.00012104966299375519,0.0005491945194080472,0.052729278802871704,0.9275378584861755,0.00741941761225462,0.01164310984313488
29130,2,2,multi_method_not_mmr,multi_method_not_mmr,train,0.0011705687502399087,0.005112526938319206,0.40209248661994934,0.26175200939178467,0.24885499477386475,0.08101734519004822
29133,0,0,explicit_mmr,explicit_mmr,train,0.6229335069656372,0.22376836836338043,0.036188822239637375,0.0008989394991658628,0.005366139113903046,0.11084423959255219
29136,0,0,explicit_mmr,explicit_mmr,train,0.7224223613739014,0.2534204423427582,0.002998988376930356,0.00011720905604306608,0.01575438492000103,0.005286614876240492
29139,5,5,quant_only,quant_only,train,0.0021468426566570997,0.023704225197434425,0.20601531863212585,0.04871848225593567,0.061770178377628326,0.6576449871063232
29140,1,0,implicit_mmr,explicit_mmr,train,0.6467127203941345,0.3277568221092224,0.0030060552526265383,9.85016449703835e-05,0.018167003989219666,0.004258908797055483
29154,0,1,explicit_mmr,implicit_mmr,train,0.3398234248161316,0.3543913662433624,0.1387156993150711,0.0005704105133190751,0.06570851057767868,0.10079063475131989
29159,3,3,no_method_signal,no_method_signal,train,0.0001396142179146409,0.001137993996962905,0.09478172659873962,0.8599119782447815,0.020539475604891777,0.023489180952310562
29160,4,4,qual_only,qual_only,train,0.06602389365434647,0.05504829064011574,0.013767351396381855,0.00037232707836665213,0.8626121282577515,0.002175989793613553
29169,3,3,no_method_signal,no_method_signal,train,9.453514212509617e-05,0.00043911681859754026,0.02008841000497341,0.9626657962799072,0.002237452659755945,0.014474724419414997
29179,0,2,explicit_mmr,multi_method_not_mmr,train,0.010850926861166954,0.017363447695970535,0.4668203294277191,0.04243519529700279,0.33930981159210205,0.12322030961513519
29188,0,0,explicit_mmr,explicit_mmr,train,0.573392927646637,0.34365347027778625,0.010980783961713314,8.161541336448863e-05,0.06124584376811981,0.01064544077962637
29193,0,0,explicit_mmr,explicit_mmr,train,0.5592312216758728,0.29002001881599426,0.003938192967325449,0.00017540667613502592,0.14433148503303528,0.0023036652710288763
29194,1,0,implicit_mmr,explicit_mmr,train,0.722582221031189,0.24191899597644806,0.0021479527931660414,0.0001310281513724476,0.030124414712190628,0.0030953639652580023
29197,0,1,explicit_mmr,implicit_mmr,train,0.23320478200912476,0.3569994568824768,0.04325459524989128,0.0001778809673851356,0.35408085584640503,0.012282517738640308
29204,0,0,explicit_mmr,explicit_mmr,train,0.5645750164985657,0.25603801012039185,0.01855369471013546,0.0002181370509788394,0.15065215528011322,0.00996292196214199
29205,0,0,explicit_mmr,explicit_mmr,train,0.6708613634109497,0.2821189761161804,0.0054541341960430145,7.328837091336027e-05,0.03688628971576691,0.00460596289485693
29225,4,1,qual_only,implicit_mmr,train,0.40000995993614197,0.5245726704597473,0.0057783061638474464,0.00011039459786843508,0.06515879184007645,0.0043699173256754875
29262,5,4,quant_only,qual_only,train,0.01985964924097061,0.10821627825498581,0.20909589529037476,0.0035784319043159485,0.595069944858551,0.06417975574731827
29265,2,5,multi_method_not_mmr,quant_only,train,0.013334149494767189,0.07188694179058075,0.171207457780838,0.028668969869613647,0.0050619845278561115,0.7098404765129089
29313,1,1,implicit_mmr,implicit_mmr,train,0.376290887594223,0.5573782324790955,0.015022268518805504,0.00012030037760268897,0.015943322330713272,0.0352448932826519
29324,1,0,implicit_mmr,explicit_mmr,train,0.7500895261764526,0.22351472079753876,0.002326101064682007,0.00012387469178065658,0.019942443817853928,0.004003274720162153
29331,4,4,qual_only,qual_only,train,0.12193220108747482,0.058284733444452286,0.009769490920007229,0.0003448407514952123,0.8070302605628967,0.0026385386008769274
29336,4,4,qual_only,qual_only,train,0.10677894949913025,0.055331941694021225,0.012789992615580559,0.00038609301554970443,0.8209177255630493,0.0037952568382024765
29368,2,4,multi_method_not_mmr,qual_only,train,0.008334177546203136,0.010104292072355747,0.2588203251361847,0.04994236305356026,0.6072531342506409,0.06554573029279709
29391,0,0,explicit_mmr,explicit_mmr,train,0.713725209236145,0.26563572883605957,0.0023773135617375374,0.0001183551867143251,0.013547343201935291,0.004595974460244179
29449,3,3,no_method_signal,no_method_signal,train,8.017272921279073e-05,0.00048214601702056825,0.04577644541859627,0.9342479109764099,0.006559155415743589,0.012854088097810745
29460,2,0,multi_method_not_mmr,explicit_mmr,train,0.3717030882835388,0.31511518359184265,0.09110821038484573,0.0006353621720336378,0.1678747981786728,0.05356338992714882
29464,4,0,qual_only,explicit_mmr,train,0.5122441649436951,0.3827264904975891,0.004023281391710043,0.0001432093558833003,0.0952141135931015,0.005648728460073471
29488,0,4,explicit_mmr,qual_only,train,0.20284080505371094,0.24821746349334717,0.021816646680235863,0.0001503595121903345,0.5180274844169617,0.008947161026299
29502,2,4,multi_method_not_mmr,qual_only,train,0.07791867852210999,0.06375637650489807,0.2562556862831116,0.007519835140556097,0.46518823504447937,0.12936116755008698
29508,5,5,quant_only,quant_only,train,0.07568883895874023,0.041632071137428284,0.2495124340057373,0.028958933427929878,0.010426326654851437,0.5937814116477966
29530,0,1,explicit_mmr,implicit_mmr,train,0.3156065344810486,0.5952600240707397,0.031703297048807144,0.00010722488514147699,0.03135323151946068,0.025969624519348145
29531,0,1,explicit_mmr,implicit_mmr,train,0.29711106419563293,0.6069022417068481,0.036040522158145905,0.00012347151641733944,0.023570459336042404,0.03625224903225899
29545,3,3,no_method_signal,no_method_signal,train,0.0009400827111676335,0.002245185198262334,0.11357037723064423,0.6789588332176208,0.017401505261659622,0.18688413500785828
29559,3,5,no_method_signal,quant_only,train,0.06594425439834595,0.036783136427402496,0.24238631129264832,0.022363435477018356,0.011753316968679428,0.6207695007324219
29583,1,1,implicit_mmr,implicit_mmr,train,0.3012968599796295,0.6015576124191284,0.02881670370697975,0.00013634542119689286,0.012492934241890907,0.05569953843951225
29584,1,1,implicit_mmr,implicit_mmr,train,0.15130355954170227,0.659046471118927,0.08019470423460007,0.0002419838128844276,0.02883070707321167,0.0803825855255127
29585,1,1,implicit_mmr,implicit_mmr,train,0.3045317232608795,0.5965988039970398,0.030629917979240417,0.00013020727783441544,0.013371891342103481,0.054737478494644165
29594,0,0,explicit_mmr,explicit_mmr,train,0.6171355247497559,0.31680750846862793,0.0177767314016819,0.00017253590340260416,0.028611907735466957,0.01949583739042282
29597,0,0,explicit_mmr,explicit_mmr,train,0.5627825856208801,0.3727458417415619,0.00530125480145216,0.0001028608821798116,0.054730985313653946,0.004336484242230654
29598,0,0,explicit_mmr,explicit_mmr,train,0.5128730535507202,0.41653430461883545,0.003962227143347263,0.00014137277321424335,0.06335646659135818,0.0031325744930654764
29599,0,0,explicit_mmr,explicit_mmr,train,0.5909830331802368,0.364147812128067,0.0030833350028842688,0.00011436265049269423,0.03857086971402168,0.0031005069613456726
29600,0,0,explicit_mmr,explicit_mmr,train,0.6997528672218323,0.2556605935096741,0.002295362064614892,0.00012848543701693416,0.03932400047779083,0.0028387827333062887
29601,0,0,explicit_mmr,explicit_mmr,train,0.6087130308151245,0.3638569116592407,0.0028569460846483707,0.00010478770855115727,0.020240889862179756,0.004227528348565102
29602,0,0,explicit_mmr,explicit_mmr,train,0.5581385493278503,0.379945307970047,0.0034442036412656307,0.00012960325693711638,0.05538126453757286,0.0029610726051032543
29623,0,0,explicit_mmr,explicit_mmr,train,0.7027835249900818,0.2666685879230499,0.006741530727595091,0.00015453209925908595,0.007229534909129143,0.01642221212387085
29624,0,0,explicit_mmr,explicit_mmr,train,0.6829235553741455,0.2929806709289551,0.0038974592462182045,9.709641744848341e-05,0.012869996950030327,0.0072312382981181145
29625,0,0,explicit_mmr,explicit_mmr,train,0.6868635416030884,0.2888951003551483,0.00373368919827044,9.570612019160762e-05,0.013742608949542046,0.006669440306723118
29626,0,0,explicit_mmr,explicit_mmr,train,0.7088755369186401,0.25691884756088257,0.007806890644133091,0.00017428499995730817,0.007138597778975964,0.019085850566625595
29627,0,0,explicit_mmr,explicit_mmr,train,0.6294273734092712,0.3456439673900604,0.004579705186188221,0.00010593063780106604,0.009839844889938831,0.010403260588645935
29636,0,0,explicit_mmr,explicit_mmr,train,0.5863125324249268,0.30752477049827576,0.022778049111366272,0.00018284691032022238,0.06336463987827301,0.019837165251374245
29648,1,1,implicit_mmr,implicit_mmr,train,0.39594152569770813,0.5241057872772217,0.01660831831395626,0.00022729365446139127,0.00776005070656538,0.05535699799656868
29649,4,4,qual_only,qual_only,train,0.1552930772304535,0.10341553390026093,0.006593664176762104,0.00028794282115995884,0.7318755388259888,0.002534283557906747
29662,0,5,explicit_mmr,quant_only,train,0.13439343869686127,0.23782460391521454,0.2337171584367752,0.01023242250084877,0.02511727623641491,0.35871514678001404
29667,0,0,explicit_mmr,explicit_mmr,train,0.5977669358253479,0.31552794575691223,0.002903145970776677,0.0001480749051552266,0.08116152137517929,0.0024923502933233976
29671,1,0,implicit_mmr,explicit_mmr,train,0.6218969225883484,0.32692527770996094,0.013859288766980171,0.00013022638449911028,0.010840071365237236,0.02634819597005844
29690,0,0,explicit_mmr,explicit_mmr,train,0.5424008369445801,0.4184870421886444,0.005945942830294371,0.00011673419794533402,0.023042043671011925,0.010007411241531372
29693,1,0,implicit_mmr,explicit_mmr,train,0.5029295086860657,0.43015679717063904,0.006157867610454559,0.0001082720045815222,0.05388973280787468,0.006757859140634537
29694,1,1,implicit_mmr,implicit_mmr,train,0.41746270656585693,0.5094856023788452,0.005225003696978092,0.00012578503810800612,0.061607763171195984,0.006093154661357403
29695,1,1,implicit_mmr,implicit_mmr,train,0.4091174006462097,0.5396829843521118,0.008631502278149128,0.00016836400027386844,0.03016314096748829,0.012236651964485645
29696,1,0,implicit_mmr,explicit_mmr,train,0.5196268558502197,0.3830864429473877,0.003879102412611246,0.0001475871104048565,0.08715608716011047,0.006103991065174341
29704,0,1,explicit_mmr,implicit_mmr,train,0.23503164947032928,0.5119614601135254,0.021812133491039276,0.0001429742551408708,0.21755388379096985,0.013497913256287575
29734,1,0,implicit_mmr,explicit_mmr,train,0.5400784015655518,0.3934859335422516,0.0051119038835167885,0.00010971252777380869,0.05742723122239113,0.003786929417401552
29735,1,0,implicit_mmr,explicit_mmr,train,0.548522412776947,0.4078066051006317,0.0031601516529917717,0.00010554678738117218,0.036836810410022736,0.00356848631054163
29736,1,0,implicit_mmr,explicit_mmr,train,0.6289077401161194,0.3084053695201874,0.002715360838919878,0.00012923731992486864,0.05718059837818146,0.002661626087501645
29737,1,0,implicit_mmr,explicit_mmr,train,0.5474055409431458,0.4067719280719757,0.0031597064808011055,0.0001221823476953432,0.039390575140714645,0.0031501343473792076
29738,1,0,implicit_mmr,explicit_mmr,train,0.5411418080329895,0.3651163578033447,0.003664945950731635,0.00014710963296238333,0.08710957318544388,0.0028201784007251263
29739,1,0,implicit_mmr,explicit_mmr,train,0.5107765793800354,0.427193820476532,0.0038914475589990616,0.00013856275472790003,0.05496109649538994,0.003038489492610097
29740,1,0,implicit_mmr,explicit_mmr,train,0.5526050329208374,0.38215988874435425,0.0034731219056993723,0.00014539998664986342,0.05894256755709648,0.002673992421478033
29743,2,0,multi_method_not_mmr,explicit_mmr,train,0.5220778584480286,0.2402842491865158,0.03169587254524231,0.00036535333492793143,0.19250750541687012,0.013069160282611847
29755,0,0,explicit_mmr,explicit_mmr,train,0.6674672961235046,0.305640310049057,0.00460966769605875,0.00010447362728882581,0.015144010074436665,0.007034332025796175
29759,2,2,multi_method_not_mmr,multi_method_not_mmr,train,0.002443260746076703,0.005820921156555414,0.32519325613975525,0.2269563525915146,0.23848870396614075,0.20109744369983673
29775,1,0,implicit_mmr,explicit_mmr,train,0.49171027541160583,0.25492945313453674,0.009646628983318806,0.00017644859326537699,0.2397315353155136,0.003805762156844139
29785,0,0,explicit_mmr,explicit_mmr,train,0.43487706780433655,0.20961031317710876,0.08194531500339508,0.001161416876129806,0.23453842103481293,0.037867411971092224
29791,0,0,explicit_mmr,explicit_mmr,train,0.6542349457740784,0.3112310767173767,0.007887336425483227,0.0001338994043180719,0.015130320563912392,0.01138240471482277
29794,1,0,implicit_mmr,explicit_mmr,train,0.6012631058692932,0.3654493987560272,0.004129743669182062,9.974526619771495e-05,0.02352713607251644,0.00553072290495038
29810,0,0,explicit_mmr,explicit_mmr,train,0.6616332530975342,0.2945807874202728,0.007882456295192242,0.00010519682837184519,0.026148835197091103,0.009649418294429779
29834,5,5,quant_only,quant_only,train,0.07232199609279633,0.062402382493019104,0.2368876039981842,0.020615654066205025,0.01323251985013485,0.5945398211479187
29835,0,0,explicit_mmr,explicit_mmr,train,0.7312204241752625,0.24519488215446472,0.0049954927526414394,0.00015905534382909536,0.007240918930619955,0.011189213022589684
29839,3,3,no_method_signal,no_method_signal,train,0.00011790542339440435,0.0008946547168307006,0.06907843053340912,0.8993919491767883,0.008727320469915867,0.0217896681278944
29861,0,0,explicit_mmr,explicit_mmr,train,0.5555961728096008,0.30310648679733276,0.0050424872897565365,0.00010802318138303235,0.1331978440284729,0.0029489905573427677
29863,4,4,qual_only,qual_only,train,0.1379842311143875,0.11317798495292664,0.008164448663592339,0.0003309477469883859,0.738345742225647,0.0019967174157500267
29872,1,1,implicit_mmr,implicit_mmr,train,0.2529614269733429,0.6480326652526855,0.014872731640934944,9.550448157824576e-05,0.06791789829730988,0.016119692474603653
29873,1,1,implicit_mmr,implicit_mmr,train,0.3296857476234436,0.5841411352157593,0.013464923948049545,7.982251554494724e-05,0.05675113946199417,0.015877265483140945
29874,4,4,qual_only,qual_only,train,0.05865447223186493,0.0805124044418335,0.28787723183631897,0.003977630287408829,0.47158002853393555,0.09739818423986435
29875,4,4,qual_only,qual_only,train,0.03224150836467743,0.07233183085918427,0.28842729330062866,0.0033064926974475384,0.5139350295066833,0.08975794166326523
29876,4,4,qual_only,qual_only,train,0.037106797099113464,0.08499162644147873,0.07071607559919357,0.0006952503463253379,0.7930220365524292,0.013468227349221706
29895,0,5,explicit_mmr,quant_only,train,0.1057526096701622,0.07227588444948196,0.28186145424842834,0.020376337692141533,0.014845125377178192,0.5048885345458984
29933,2,2,multi_method_not_mmr,multi_method_not_mmr,train,0.0026819375343620777,0.017705557867884636,0.539726972579956,0.17471954226493835,0.012371261604130268,0.25279468297958374
29935,5,5,quant_only,quant_only,train,0.007228124421089888,0.016657494008541107,0.39460936188697815,0.07339034229516983,0.008339141495525837,0.4997754991054535
29961,0,0,explicit_mmr,explicit_mmr,train,0.7081990838050842,0.25795629620552063,0.007566307671368122,0.00018221154459752142,0.006988050416111946,0.01910814829170704
29962,0,0,explicit_mmr,explicit_mmr,train,0.6468375325202942,0.32834845781326294,0.002870371798053384,0.00010639090032782406,0.016590146347880363,0.005246923770755529
29969,2,3,multi_method_not_mmr,no_method_signal,train,0.000608146539889276,0.0029848162084817886,0.2945794463157654,0.47709375619888306,0.19831570982933044,0.02641814388334751
29987,1,1,implicit_mmr,implicit_mmr,train,0.21552756428718567,0.3817453682422638,0.0624009445309639,0.00028263599961064756,0.3138163983821869,0.026227030903100967
30041,5,1,quant_only,implicit_mmr,train,0.17463284730911255,0.4488823711872101,0.09113220125436783,0.0009078072616830468,0.009188863448798656,0.2752559185028076
30042,5,1,quant_only,implicit_mmr,train,0.21807615458965302,0.421385794878006,0.06170309707522392,0.0011387135600671172,0.008269150741398335,0.2894270420074463
30043,5,1,quant_only,implicit_mmr,train,0.3352741599082947,0.43428629636764526,0.05002151429653168,0.0004991666064597666,0.008560599759221077,0.17135827243328094
30044,5,1,quant_only,implicit_mmr,train,0.3743041157722473,0.41114726662635803,0.04324289411306381,0.0005003560800105333,0.007885663770139217,0.1629197746515274
30048,1,4,implicit_mmr,qual_only,train,0.33095496892929077,0.15871866047382355,0.007525434717535973,0.00017183632007800043,0.4996148943901062,0.003014214104041457
30092,0,0,explicit_mmr,explicit_mmr,train,0.48762696981430054,0.24946191906929016,0.005003631580621004,0.00016900975606404245,0.25481194257736206,0.002926424378529191
30093,0,0,explicit_mmr,explicit_mmr,train,0.6282544732093811,0.3017183244228363,0.0034480453468859196,0.0001103643371607177,0.06333024054765701,0.0031386041082441807
30096,0,4,explicit_mmr,qual_only,train,0.2121541053056717,0.15878233313560486,0.016469605267047882,0.00017397914780303836,0.6076023578643799,0.0048175896517932415
30097,0,0,explicit_mmr,explicit_mmr,train,0.4280156195163727,0.2687062919139862,0.07894950360059738,0.0006043667672201991,0.18091817200183868,0.04280609264969826
30104,0,1,explicit_mmr,implicit_mmr,train,0.33510705828666687,0.4163808226585388,0.013666223734617233,0.00010251785715809092,0.22327344119548798,0.01146998442709446
30112,0,0,explicit_mmr,explicit_mmr,train,0.7049155831336975,0.2547566294670105,0.0025164843536913395,0.00011995465320069343,0.03465815261006355,0.0030332603491842747
30118,0,0,explicit_mmr,explicit_mmr,train,0.4521041512489319,0.34222137928009033,0.02522873878479004,0.00021635644952766597,0.16584090888500214,0.014388407580554485
30132,1,4,implicit_mmr,qual_only,train,0.22636908292770386,0.25280529260635376,0.014463935978710651,0.00022236390213947743,0.501828670501709,0.004310633055865765
30133,1,4,implicit_mmr,qual_only,train,0.1195439025759697,0.15977244079113007,0.012876427732408047,0.00027672998839989305,0.7040314674377441,0.0034990659914910793
30134,0,1,explicit_mmr,implicit_mmr,train,0.4211180806159973,0.518549919128418,0.007247082889080048,0.00012013478408334777,0.043884679675102234,0.009080152958631516
30142,4,4,qual_only,qual_only,train,0.20631976425647736,0.15946349501609802,0.044834911823272705,0.00045612812391482294,0.5771102905273438,0.011815368197858334
30150,4,4,qual_only,qual_only,train,0.1419491320848465,0.12684260308742523,0.012678497470915318,0.00021966779604554176,0.7142624258995056,0.004047710448503494
30168,4,4,qual_only,qual_only,train,0.1374427080154419,0.10728400945663452,0.008036945015192032,0.0002627937064971775,0.744235098361969,0.0027384478598833084
30170,0,1,explicit_mmr,implicit_mmr,train,0.44745659828186035,0.48156067728996277,0.008795010857284069,0.00011624713079072535,0.05224323645234108,0.009828212670981884
30171,0,0,explicit_mmr,explicit_mmr,train,0.5019311308860779,0.4487403929233551,0.008005586452782154,0.00011499149695737287,0.030353471636772156,0.010854382999241352
30206,5,5,quant_only,quant_only,train,0.1073639765381813,0.045478347688913345,0.17013844847679138,0.030920734629034996,0.003496635239571333,0.6426018476486206
30214,0,0,explicit_mmr,explicit_mmr,train,0.546356201171875,0.3844843804836273,0.0032359529286623,0.00013371506065595895,0.06309723854064941,0.002692519687116146
30216,0,0,explicit_mmr,explicit_mmr,train,0.7306702136993408,0.23909957706928253,0.0023083447013050318,0.00012201894423924387,0.02429870516061783,0.0035012029111385345
30217,0,0,explicit_mmr,explicit_mmr,train,0.4822310507297516,0.4596167504787445,0.004440628923475742,0.0001310512307099998,0.04998102784156799,0.0035994849167764187
30219,0,4,explicit_mmr,qual_only,train,0.3023906946182251,0.17449519038200378,0.040505677461624146,0.0002856153005268425,0.4739739000797272,0.008348955772817135
30220,0,4,explicit_mmr,qual_only,train,0.2200728952884674,0.21806025505065918,0.020618518814444542,0.0002224505878984928,0.5371366739273071,0.0038892370648682117
30224,0,4,explicit_mmr,qual_only,train,0.3610576093196869,0.22216811776161194,0.02897004596889019,0.00021088580251671374,0.37834274768829346,0.009250587783753872
30237,2,3,multi_method_not_mmr,no_method_signal,train,0.00038118186057545245,0.00254069990478456,0.21307122707366943,0.7268236875534058,0.003590306965634227,0.05359290540218353
30239,0,4,explicit_mmr,qual_only,train,0.31623414158821106,0.18471170961856842,0.01005261205136776,0.0001561735844006762,0.48541343212127686,0.003431954886764288
30260,0,0,explicit_mmr,explicit_mmr,train,0.6438342332839966,0.33053499460220337,0.004357513505965471,8.705943037057295e-05,0.012273414991796017,0.00891281571239233
30263,4,4,qual_only,qual_only,train,0.08632244169712067,0.08362114429473877,0.010561599396169186,0.000392369634937495,0.8170397281646729,0.002062746323645115
30266,4,4,qual_only,qual_only,train,0.36849644780158997,0.2178361564874649,0.006880299653857946,0.00021720612130593508,0.4038510322570801,0.002718847943469882
30267,0,0,explicit_mmr,explicit_mmr,train,0.5958537459373474,0.20345920324325562,0.01951347105205059,0.00020492133626248688,0.17227903008460999,0.008689606562256813
30269,0,0,explicit_mmr,explicit_mmr,train,0.5430108904838562,0.3987649083137512,0.005303599406033754,0.00011471358448034152,0.045710500329732895,0.007095318753272295
30272,1,0,implicit_mmr,explicit_mmr,train,0.499526709318161,0.4527592957019806,0.005742286331951618,9.988337114918977e-05,0.03131648525595665,0.010555388405919075
30273,1,0,implicit_mmr,explicit_mmr,train,0.45197445154190063,0.34686899185180664,0.007459783460944891,0.0001787819346645847,0.19035518169403076,0.0031626890413463116
30286,4,4,qual_only,qual_only,train,0.08979500830173492,0.04940738156437874,0.010285332798957825,0.00037779213744215667,0.8473848700523376,0.002749538514763117
30300,1,0,implicit_mmr,explicit_mmr,train,0.5616991519927979,0.22081635892391205,0.005396056454628706,0.00013898871839046478,0.2088162899017334,0.0031330883502960205
30313,0,4,explicit_mmr,qual_only,train,0.37011024355888367,0.18308690190315247,0.005537822376936674,0.00024581028264947236,0.438729465007782,0.0022898747120052576
30314,0,0,explicit_mmr,explicit_mmr,train,0.48733508586883545,0.23761378228664398,0.011933676898479462,0.00020558301184792072,0.25864461064338684,0.00426733773201704
30340,0,0,explicit_mmr,explicit_mmr,train,0.6559487581253052,0.3105517327785492,0.008150368928909302,0.0001463758380850777,0.011738824658095837,0.013463967479765415
30355,4,4,qual_only,qual_only,train,0.24273209273815155,0.19974757730960846,0.06605595350265503,0.0005645484779961407,0.47365477681159973,0.017245080322027206
30373,0,0,explicit_mmr,explicit_mmr,train,0.5430488586425781,0.413099467754364,0.005906753707677126,0.00013287825277075171,0.0315595343708992,0.0062524182721972466
30381,0,4,explicit_mmr,qual_only,train,0.29927921295166016,0.19201122224330902,0.023496543988585472,0.00016782587044872344,0.47866106033325195,0.00638414965942502
30382,0,0,explicit_mmr,explicit_mmr,train,0.3847486078739166,0.27867740392684937,0.021875053644180298,0.00015332852490246296,0.30610886216163635,0.008436743170022964
30403,0,0,explicit_mmr,explicit_mmr,train,0.5172592401504517,0.37056609988212585,0.006005684845149517,0.00012685783440247178,0.10066935420036316,0.00537276454269886
30405,0,0,explicit_mmr,explicit_mmr,train,0.5991250872612,0.28093692660331726,0.038913264870643616,0.00042808675789274275,0.011132752522826195,0.06946387887001038
30426,0,0,explicit_mmr,explicit_mmr,train,0.49585676193237305,0.4410909116268158,0.005870698019862175,0.00011266134242760018,0.0506974495947361,0.00637159775942564
30427,0,1,explicit_mmr,implicit_mmr,train,0.3519821763038635,0.4967910945415497,0.0055689397267997265,0.00020060900715179741,0.14046618342399597,0.004991006571799517
30434,1,1,implicit_mmr,implicit_mmr,train,0.38495805859565735,0.5505003333091736,0.008100373670458794,0.0001232448994414881,0.04754334315657616,0.008774572983384132
30441,1,1,implicit_mmr,implicit_mmr,train,0.45305272936820984,0.4784349799156189,0.006471175234764814,0.00010400566679891199,0.05515674501657486,0.006780352909117937
30443,2,4,multi_method_not_mmr,qual_only,train,0.19592061638832092,0.11973779648542404,0.17177893221378326,0.0034593637101352215,0.39703959226608276,0.11206366121768951
30445,4,0,qual_only,explicit_mmr,train,0.644209623336792,0.29042667150497437,0.0038792015984654427,9.96533126453869e-05,0.05723884329199791,0.004145861137658358
30454,0,0,explicit_mmr,explicit_mmr,train,0.5798550248146057,0.37233254313468933,0.008395520970225334,6.254093023017049e-05,0.031406089663505554,0.007948264479637146
30461,4,0,qual_only,explicit_mmr,train,0.5039916634559631,0.3658513128757477,0.006199927069246769,9.074401168618351e-05,0.12035059928894043,0.0035157317761331797
30478,1,0,implicit_mmr,explicit_mmr,train,0.5174778699874878,0.3534572124481201,0.004864373244345188,0.00011664033809211105,0.12105721980333328,0.003026743419468403
30479,1,1,implicit_mmr,implicit_mmr,train,0.3952218294143677,0.5337069630622864,0.007056207396090031,8.269178215414286e-05,0.0587196946144104,0.005212611053138971
30480,1,0,implicit_mmr,explicit_mmr,train,0.5060808658599854,0.4021032452583313,0.007549270521849394,8.357910701306537e-05,0.07936585694551468,0.004817155655473471
30481,2,0,multi_method_not_mmr,explicit_mmr,train,0.36248043179512024,0.2799689471721649,0.01599334366619587,8.613593672635034e-05,0.33432823419570923,0.007142896298319101
30482,2,4,multi_method_not_mmr,qual_only,train,0.25832948088645935,0.17823250591754913,0.013817447237670422,0.0001387351076118648,0.5447992086410522,0.004682678729295731
30492,0,1,explicit_mmr,implicit_mmr,train,0.28083136677742004,0.5397194027900696,0.06288624554872513,0.00030470103956758976,0.07186239212751389,0.04439584165811539
30493,0,0,explicit_mmr,explicit_mmr,train,0.582728385925293,0.32530462741851807,0.02070789970457554,0.00030528762727044523,0.0049199555069208145,0.06603388488292694
30496,4,4,qual_only,qual_only,train,0.2500605583190918,0.18251506984233856,0.015252592042088509,0.00024633214343339205,0.5486915707588196,0.003233912168070674
30506,3,2,no_method_signal,multi_method_not_mmr,train,0.0021148440428078175,0.028723981231451035,0.4086460769176483,0.09126835316419601,0.21958746016025543,0.24965925514698029
30511,1,0,implicit_mmr,explicit_mmr,train,0.6236080527305603,0.34735041856765747,0.004176746122539043,9.443781164009124e-05,0.019299130886793137,0.005471274256706238
30535,1,0,implicit_mmr,explicit_mmr,train,0.524867832660675,0.4317518174648285,0.007743354886770248,0.00011241785250604153,0.021281559020280838,0.014242907986044884
30547,4,4,qual_only,qual_only,train,0.13063248991966248,0.1429740935564041,0.019057542085647583,0.00021330348681658506,0.6982366442680359,0.008885882794857025
30548,4,4,qual_only,qual_only,train,0.09944973886013031,0.1286773383617401,0.025143412873148918,0.00025472085690125823,0.7371053695678711,0.00936937052756548
30549,4,4,qual_only,qual_only,train,0.0972525104880333,0.1370028257369995,0.030478423461318016,0.00025609208387322724,0.724299430847168,0.01071073580533266
30558,1,0,implicit_mmr,explicit_mmr,train,0.4910532832145691,0.3865724802017212,0.03391394391655922,0.0003134770959150046,0.016019335016608238,0.07212747633457184
30562,2,2,multi_method_not_mmr,multi_method_not_mmr,train,0.007605324499309063,0.042086537927389145,0.5665407776832581,0.039947088807821274,0.07389204949140549,0.2699282467365265
30563,2,2,multi_method_not_mmr,multi_method_not_mmr,train,0.0019024889916181564,0.00819648802280426,0.7276639342308044,0.18911486864089966,0.022661864757537842,0.050460368394851685
30564,2,2,multi_method_not_mmr,multi_method_not_mmr,train,0.0037149530835449696,0.015466068871319294,0.7261770963668823,0.08369576930999756,0.04521068558096886,0.12573546171188354
30578,0,0,explicit_mmr,explicit_mmr,train,0.5013278722763062,0.2061431109905243,0.07814786583185196,0.0016800259472802281,0.00787446927279234,0.20482657849788666
30590,0,0,explicit_mmr,explicit_mmr,train,0.6874906420707703,0.28170740604400635,0.003179773222655058,9.56082294578664e-05,0.023224277421832085,0.0043023088946938515
30591,0,0,explicit_mmr,explicit_mmr,train,0.6005780696868896,0.35445573925971985,0.0033733355812728405,0.00011214262485736981,0.037986889481544495,0.0034938619937747717
30593,0,0,explicit_mmr,explicit_mmr,train,0.666118860244751,0.25653600692749023,0.018293477594852448,0.0006087300134822726,0.004881420638412237,0.053561389446258545
30594,0,0,explicit_mmr,explicit_mmr,train,0.7212069630622864,0.2546655237674713,0.004225397016853094,0.00020232496899552643,0.005335926543921232,0.014363856054842472
30608,0,0,explicit_mmr,explicit_mmr,train,0.7117497324943542,0.2395602911710739,0.0022424536291509867,0.00013310379290487617,0.04352976009249687,0.0027847529854625463
30609,0,0,explicit_mmr,explicit_mmr,train,0.7001290321350098,0.2525121867656708,0.0021977927535772324,0.00013435805158223957,0.04233440384268761,0.002692196052521467
30610,0,0,explicit_mmr,explicit_mmr,train,0.5418213605880737,0.3987168073654175,0.0031311563216149807,0.00013175584899727255,0.05329063534736633,0.002908306196331978
30613,4,0,qual_only,explicit_mmr,train,0.5208584666252136,0.3397672772407532,0.005638970527797937,0.0001319506554864347,0.1305674910545349,0.003035798668861389
30614,5,5,quant_only,quant_only,train,0.006645670626312494,0.05760526657104492,0.3094143271446228,0.03813917189836502,0.015423636883497238,0.5727719068527222
30627,0,0,explicit_mmr,explicit_mmr,train,0.6448506712913513,0.3109365403652191,0.010796913877129555,0.00010208122694166377,0.012541809119284153,0.020771944895386696
30633,0,0,explicit_mmr,explicit_mmr,train,0.5504956245422363,0.41750016808509827,0.003935770131647587,0.00010785520862555131,0.023281464353203773,0.004679040517657995
30641,0,0,explicit_mmr,explicit_mmr,train,0.6566045880317688,0.30248916149139404,0.008800788782536983,0.00011715202708728611,0.0204873438924551,0.011500932276248932
30645,0,0,explicit_mmr,explicit_mmr,train,0.71578049659729,0.25312870740890503,0.007669206243008375,0.0001720250875223428,0.008750542998313904,0.01449917908757925
30653,2,0,multi_method_not_mmr,explicit_mmr,train,0.7210427522659302,0.24093244969844818,0.009368618950247765,0.00023058451188262552,0.0057748169638216496,0.022650813683867455
30672,2,1,multi_method_not_mmr,implicit_mmr,train,0.2797532379627228,0.39643481373786926,0.054764363914728165,0.0019858514424413443,0.003959881607443094,0.26310187578201294
30701,0,0,explicit_mmr,explicit_mmr,train,0.6724302768707275,0.286795973777771,0.010850575752556324,0.00018188697868026793,0.010472944937646389,0.019268246367573738
30706,0,0,explicit_mmr,explicit_mmr,train,0.7449192404747009,0.2333325892686844,0.004185833036899567,0.00014866908895783126,0.008437760174274445,0.008975934237241745
30708,0,0,explicit_mmr,explicit_mmr,train,0.6985834836959839,0.23751616477966309,0.016590721905231476,0.0004035130550619215,0.005448145791888237,0.04145801439881325
30747,4,0,qual_only,explicit_mmr,train,0.5137344002723694,0.22560524940490723,0.00472773564979434,0.00016429623065050691,0.2531484067440033,0.002619835315272212
30751,4,0,qual_only,explicit_mmr,train,0.4369511008262634,0.3014475703239441,0.07287147641181946,0.0003520860045682639,0.15200196206569672,0.03637589514255524
30754,0,0,explicit_mmr,explicit_mmr,train,0.42791056632995605,0.2280222773551941,0.07400967925786972,0.0005366634577512741,0.23729351162910461,0.03222726657986641
30755,4,0,qual_only,explicit_mmr,train,0.5947808027267456,0.2740134298801422,0.004779589828103781,0.0001280304859392345,0.12346160411834717,0.0028364809695631266
30762,5,0,quant_only,explicit_mmr,train,0.40137434005737305,0.16876158118247986,0.12462709844112396,0.0021745695266872644,0.19447191059589386,0.10859062522649765
30772,5,5,quant_only,quant_only,train,0.012132410891354084,0.022715216502547264,0.34199580550193787,0.042290959507226944,0.013405975885689259,0.5674596428871155
30773,5,5,quant_only,quant_only,train,0.004616843536496162,0.05958257615566254,0.30598774552345276,0.07156243175268173,0.05184533819556236,0.5064050555229187
30774,5,5,quant_only,quant_only,train,0.006822573021054268,0.021733932197093964,0.42698588967323303,0.04212895780801773,0.02288343384861946,0.47944512963294983
30794,4,0,qual_only,explicit_mmr,train,0.5577455163002014,0.23852694034576416,0.00935687031596899,0.00017618635320104659,0.18982411921024323,0.004370385780930519
30801,0,0,explicit_mmr,explicit_mmr,train,0.6551436185836792,0.264001727104187,0.0027041404973715544,0.00014139189443085343,0.07551688700914383,0.00249240780249238
30806,5,5,quant_only,quant_only,train,0.2643263638019562,0.14315089583396912,0.22770145535469055,0.004750940017402172,0.03903898596763611,0.3210313320159912
30816,2,4,multi_method_not_mmr,qual_only,train,0.0045342943631112576,0.04013361781835556,0.21997195482254028,0.008238673210144043,0.65133136510849,0.07579004764556885
30872,5,5,quant_only,quant_only,train,0.09093552827835083,0.055959928780794144,0.17856428027153015,0.017382385209202766,0.004900340456515551,0.65225750207901
30904,5,5,quant_only,quant_only,train,0.020463934168219566,0.0187645573168993,0.3607736825942993,0.07813338190317154,0.0033323136158287525,0.5185321569442749
31103,4,0,qual_only,explicit_mmr,train,0.6452980637550354,0.2330835610628128,0.0031607847195118666,0.00016108412819448858,0.11604046076536179,0.0022560756187886
31169,1,0,implicit_mmr,explicit_mmr,train,0.47479334473609924,0.314103364944458,0.10711368173360825,0.0005390055594034493,0.03375914320349693,0.06969144940376282
31213,0,0,explicit_mmr,explicit_mmr,train,0.5987812280654907,0.3469245433807373,0.006274861749261618,9.572767157806084e-05,0.04226025938987732,0.005663375370204449
31214,0,0,explicit_mmr,explicit_mmr,train,0.6865382790565491,0.28697413206100464,0.0035029444843530655,9.928279177984223e-05,0.01744748093187809,0.005437877960503101
31215,0,0,explicit_mmr,explicit_mmr,train,0.5939434766769409,0.3640836775302887,0.005971868988126516,0.00010014411236625165,0.029864931479096413,0.006035896018147469
31216,4,4,qual_only,qual_only,train,0.02475021220743656,0.07174782454967499,0.0889832004904747,0.000965254264883697,0.7877999544143677,0.02575363591313362
31220,0,0,explicit_mmr,explicit_mmr,train,0.6488140821456909,0.2850257158279419,0.01845294050872326,0.00014852166350465268,0.028929328545928,0.018629426136612892
31242,0,0,explicit_mmr,explicit_mmr,train,0.5170403122901917,0.25017210841178894,0.017352474853396416,0.0002002446708502248,0.20805811882019043,0.00717672286555171
31258,0,0,explicit_mmr,explicit_mmr,train,0.6345458030700684,0.2241181880235672,0.005771850235760212,0.00011017538781743497,0.13274621963500977,0.0027077009435743093
31265,0,0,explicit_mmr,explicit_mmr,train,0.4851737320423126,0.3916441798210144,0.004363561514765024,0.00014385081885848194,0.113032266497612,0.0056424010545015335
31268,3,3,no_method_signal,no_method_signal,train,0.0002857319777831435,0.0008485891739837825,0.0653301551938057,0.9253439903259277,0.001074627391062677,0.007116834633052349
31308,1,0,implicit_mmr,explicit_mmr,train,0.663111686706543,0.29723620414733887,0.008383284322917461,0.00011734417785191908,0.0211405660957098,0.010010939091444016
31312,1,5,implicit_mmr,quant_only,train,0.1336381584405899,0.09467662870883942,0.2314944714307785,0.007699728012084961,0.020039837807416916,0.512451171875
31339,2,1,multi_method_not_mmr,implicit_mmr,train,0.4210126996040344,0.5329785346984863,0.006151901092380285,0.00011619425640674308,0.031222734600305557,0.008517869748175144
31340,2,0,multi_method_not_mmr,explicit_mmr,train,0.5285068154335022,0.4214020371437073,0.00654447078704834,0.00010370569361839443,0.03406442701816559,0.009378563612699509
31355,2,2,multi_method_not_mmr,multi_method_not_mmr,train,0.10574866831302643,0.07036814093589783,0.47336483001708984,0.017677880823612213,0.09471394866704941,0.2381264716386795
31356,2,2,multi_method_not_mmr,multi_method_not_mmr,train,0.04569747671484947,0.0920853242278099,0.550182044506073,0.006629010662436485,0.12778404355049133,0.17762215435504913
31372,0,0,explicit_mmr,explicit_mmr,train,0.30016565322875977,0.2764236629009247,0.19465386867523193,0.0011167176999151707,0.14203834533691406,0.08560182899236679
31373,0,1,explicit_mmr,implicit_mmr,train,0.3115067780017853,0.4249948561191559,0.06717398017644882,0.0002950436610262841,0.16062571108341217,0.03540366515517235
31409,1,4,implicit_mmr,qual_only,train,0.3151502013206482,0.3095237612724304,0.0361505001783371,0.00024018206750042737,0.3259581923484802,0.012977104634046555
31419,1,0,implicit_mmr,explicit_mmr,train,0.5144132375717163,0.43332016468048096,0.008654755540192127,0.00010416812438052148,0.030694980174303055,0.01281264889985323
31420,1,0,implicit_mmr,explicit_mmr,train,0.4994976818561554,0.45122820138931274,0.00665987329557538,9.622184734325856e-05,0.029675999656319618,0.012842108495533466
31433,5,5,quant_only,quant_only,train,0.1719646453857422,0.12126529216766357,0.21558013558387756,0.005228669848293066,0.01283271610736847,0.47312861680984497
31442,0,4,explicit_mmr,qual_only,train,0.3362199068069458,0.29912644624710083,0.013403737917542458,0.00020549347391352057,0.3464522957801819,0.004592137411236763
31445,4,0,qual_only,explicit_mmr,train,0.6263454556465149,0.2695883512496948,0.00496775284409523,0.00010058681800728664,0.09569374471902847,0.0033040428534150124
31453,1,1,implicit_mmr,implicit_mmr,train,0.44741290807724,0.4872192144393921,0.017248183488845825,0.00015561882173642516,0.02000574581325054,0.027958372607827187
31457,0,4,explicit_mmr,qual_only,train,0.2894507348537445,0.13586929440498352,0.007789749186486006,0.0002477971138432622,0.5644396543502808,0.002202780684456229
31458,0,0,explicit_mmr,explicit_mmr,train,0.4943517744541168,0.211595818400383,0.00717516103759408,0.0001795627613319084,0.2842707633972168,0.0024268755223602057
31464,0,1,explicit_mmr,implicit_mmr,train,0.4418072998523712,0.49250608682632446,0.00637114979326725,0.00011910198372788727,0.052448853850364685,0.006747480947524309
31465,0,1,explicit_mmr,implicit_mmr,train,0.4551706612110138,0.5009858012199402,0.006297399755567312,0.00010555767948972061,0.02867061272263527,0.008769946172833443
31468,0,0,explicit_mmr,explicit_mmr,train,0.38697725534439087,0.36586323380470276,0.019921815022826195,0.00017271308752242476,0.21784785389900208,0.00921713374555111
31469,0,0,explicit_mmr,explicit_mmr,train,0.4122862219810486,0.369973361492157,0.018265021964907646,0.00015286169946193695,0.19034409523010254,0.008978549391031265
31479,0,0,explicit_mmr,explicit_mmr,train,0.47259604930877686,0.44381558895111084,0.005940607748925686,0.0001182860360131599,0.07227904349565506,0.005250448361039162
31491,0,0,explicit_mmr,explicit_mmr,train,0.7158299088478088,0.2641145884990692,0.0034825464244931936,0.0001269564381800592,0.008308639749884605,0.008137363009154797
31497,5,5,quant_only,quant_only,train,0.03036240115761757,0.03043607994914055,0.22782091796398163,0.04070015624165535,0.010800034739077091,0.6598803997039795
31517,0,0,explicit_mmr,explicit_mmr,train,0.6503051519393921,0.224450021982193,0.003687559859827161,0.00013585355191025883,0.11893776804208755,0.002483665943145752
31524,0,0,explicit_mmr,explicit_mmr,train,0.6700076460838318,0.22853299975395203,0.004257513675838709,0.0001001909768092446,0.09411151707172394,0.0029901419766247272
31527,0,4,explicit_mmr,qual_only,train,0.20125608146190643,0.09498118609189987,0.012241647578775883,0.00031728713656775653,0.6882618069648743,0.002942004706710577
31530,2,1,multi_method_not_mmr,implicit_mmr,train,0.45309996604919434,0.47025710344314575,0.020799124613404274,0.00024392928753513843,0.006293418817222118,0.049306437373161316
31537,0,0,explicit_mmr,explicit_mmr,train,0.7067852020263672,0.26507890224456787,0.00630992092192173,0.00015120777243282646,0.007328786887228489,0.01434601005166769
31538,0,0,explicit_mmr,explicit_mmr,train,0.6822100877761841,0.2909788489341736,0.004489879123866558,8.563818846596405e-05,0.016292007640004158,0.005943558644503355
31540,0,0,explicit_mmr,explicit_mmr,train,0.6332823038101196,0.27350306510925293,0.031603872776031494,0.0003604778612498194,0.011633998714387417,0.04961629584431648
31544,0,0,explicit_mmr,explicit_mmr,train,0.700374186038971,0.261065274477005,0.009617543779313564,0.00011849698057631031,0.015435230918228626,0.013389294035732746
31548,5,5,quant_only,quant_only,train,0.016153937205672264,0.02246139571070671,0.3575144112110138,0.0854107066988945,0.0028298995457589626,0.515629768371582
31552,0,0,explicit_mmr,explicit_mmr,train,0.7304224967956543,0.24867947399616241,0.0027654932346194983,0.00013193384802434593,0.012685614638030529,0.005314906593412161
31557,3,3,no_method_signal,no_method_signal,train,0.0003935872227884829,0.0015940178418532014,0.20092244446277618,0.7471178770065308,0.001990886637941003,0.0479811392724514
31567,0,0,explicit_mmr,explicit_mmr,train,0.28917625546455383,0.15329310297966003,0.2500000298023224,0.004980247467756271,0.034487225115299225,0.2680630385875702
31572,1,0,implicit_mmr,explicit_mmr,train,0.5537822246551514,0.37269189953804016,0.007368248421698809,0.00011728164827218279,0.057474181056022644,0.008566156029701233
31575,0,4,explicit_mmr,qual_only,train,0.3448755741119385,0.28483232855796814,0.0076544987969100475,0.00021755410125479102,0.3596731424331665,0.002746858634054661
31588,0,0,explicit_mmr,explicit_mmr,train,0.5154762268066406,0.4026455283164978,0.0038126439321786165,0.00013905703963246197,0.0714980736374855,0.0064285132102668285
31592,0,0,explicit_mmr,explicit_mmr,train,0.4710845351219177,0.4032209515571594,0.005951744504272938,0.0001379309396725148,0.11526161432266235,0.004343257751315832
31597,5,1,quant_only,implicit_mmr,train,0.24908709526062012,0.2813144326210022,0.15833179652690887,0.0007761215674690902,0.24345728754997253,0.06703322380781174
31615,2,2,multi_method_not_mmr,multi_method_not_mmr,train,0.12067047506570816,0.2811700999736786,0.3095628619194031,0.0013464351650327444,0.21029268205165863,0.07695737481117249
31616,2,2,multi_method_not_mmr,multi_method_not_mmr,train,0.08989681303501129,0.2699189782142639,0.3845333755016327,0.0019458861788734794,0.11901107430458069,0.13469380140304565
31617,2,2,multi_method_not_mmr,multi_method_not_mmr,train,0.07509849220514297,0.05881551653146744,0.5067606568336487,0.01291808020323515,0.07826420664787292,0.26814302802085876
31621,5,5,quant_only,quant_only,train,0.2761639654636383,0.1661868393421173,0.13664720952510834,0.0034656834322959185,0.005646423436701298,0.4118899405002594
31622,0,0,explicit_mmr,explicit_mmr,train,0.6886071562767029,0.2672823667526245,0.003304300596937537,9.983263589674607e-05,0.03698030859231949,0.0037260872777551413
31623,2,2,multi_method_not_mmr,multi_method_not_mmr,train,0.0054154833778738976,0.021596556529402733,0.5618544220924377,0.03175914287567139,0.10430876910686493,0.2750656008720398
31624,2,2,multi_method_not_mmr,multi_method_not_mmr,train,0.002311015035957098,0.0179737601429224,0.47592514753341675,0.09712882339954376,0.22560818493366241,0.181053027510643
31629,0,0,explicit_mmr,explicit_mmr,train,0.7280052304267883,0.22860528528690338,0.011695729568600655,0.0002656375290825963,0.007117258384823799,0.024310849606990814
31635,0,0,explicit_mmr,explicit_mmr,train,0.6364787817001343,0.33068209886550903,0.005080491304397583,7.911110151326284e-05,0.02112743631005287,0.006551933009177446
31636,0,0,explicit_mmr,explicit_mmr,train,0.6875538229942322,0.28273436427116394,0.005997977219521999,9.872045484371483e-05,0.014306150376796722,0.0093090133741498
31646,0,0,explicit_mmr,explicit_mmr,train,0.64719557762146,0.3123759627342224,0.003923407290130854,7.667385943932459e-05,0.03236619755625725,0.004062132444232702
31650,0,0,explicit_mmr,explicit_mmr,train,0.36002418398857117,0.2817319929599762,0.006018674001097679,0.00020425293769221753,0.3486444652080536,0.0033764708787202835
31670,0,0,explicit_mmr,explicit_mmr,train,0.6154301166534424,0.3138091266155243,0.018899936228990555,0.00014956184895709157,0.03545324131846428,0.01625794731080532
31671,0,0,explicit_mmr,explicit_mmr,train,0.6632412672042847,0.29068484902381897,0.010596993379294872,0.00010749995999503881,0.02224106714129448,0.013128303922712803
31679,0,0,explicit_mmr,explicit_mmr,train,0.5894123315811157,0.37702319025993347,0.003847303334623575,0.00010131461021956056,0.025735119357705116,0.003880766686052084
31694,3,3,no_method_signal,no_method_signal,train,0.0006242141244001687,0.010981491766870022,0.22779963910579681,0.48138201236724854,0.07147010415792465,0.20774252712726593
31711,5,5,quant_only,quant_only,train,0.02107488363981247,0.09754118323326111,0.26015371084213257,0.012375530786812305,0.02779609151184559,0.5810585618019104
31713,0,0,explicit_mmr,explicit_mmr,train,0.48832398653030396,0.32425594329833984,0.03791721165180206,0.00012739183148369193,0.13370198011398315,0.01567355915904045
31723,3,3,no_method_signal,no_method_signal,train,0.00013877921446692199,0.0012393296929076314,0.09608923643827438,0.8499114513397217,0.005062233656644821,0.0475589819252491
31732,0,0,explicit_mmr,explicit_mmr,train,0.6975048780441284,0.23070894181728363,0.019449789077043533,0.0003865861799567938,0.006180289667099714,0.04576947167515755
31737,2,5,multi_method_not_mmr,quant_only,train,0.07374241948127747,0.08741097897291183,0.2346726804971695,0.014984885230660439,0.012520930729806423,0.5766681432723999
31755,0,0,explicit_mmr,explicit_mmr,train,0.6079357266426086,0.19204303622245789,0.054259538650512695,0.0009438313427381217,0.011413631960749626,0.1334042251110077
31756,0,1,explicit_mmr,implicit_mmr,train,0.4075292944908142,0.4233078956604004,0.00879319291561842,0.00016458366008009762,0.15479090809822083,0.005414086859673262
31763,0,4,explicit_mmr,qual_only,train,0.15864822268486023,0.16092455387115479,0.025335440412163734,0.000286950176814571,0.6500362753868103,0.0047685373574495316
31764,0,4,explicit_mmr,qual_only,train,0.150856152176857,0.09910300374031067,0.008089897222816944,0.0003007174818776548,0.7391430139541626,0.0025072067510336637
31774,0,4,explicit_mmr,qual_only,train,0.24373982846736908,0.17330403625965118,0.05347541719675064,0.00032315062708221376,0.5207457542419434,0.008411827497184277
31775,0,0,explicit_mmr,explicit_mmr,train,0.5385656356811523,0.21306131780147552,0.02330828458070755,0.00022444363276008517,0.2135981172323227,0.011242203414440155
31779,0,0,explicit_mmr,explicit_mmr,train,0.6598312258720398,0.29782554507255554,0.003008168423548341,0.00011368971172487363,0.03636154532432556,0.0028598320204764605
31786,0,0,explicit_mmr,explicit_mmr,train,0.6556653380393982,0.3052709400653839,0.005163227673619986,8.66198242874816e-05,0.027790555730462074,0.006023351103067398
31804,0,0,explicit_mmr,explicit_mmr,train,0.5138448476791382,0.34106186032295227,0.05113537609577179,0.000194577471120283,0.07031473517417908,0.023448647931218147
31807,0,1,explicit_mmr,implicit_mmr,train,0.42459622025489807,0.48564088344573975,0.025495508685708046,0.0001427831157343462,0.01971467211842537,0.04440988600254059
31819,0,0,explicit_mmr,explicit_mmr,train,0.7146773338317871,0.2522648572921753,0.002602109918370843,0.00010826961806742474,0.02709280513226986,0.0032545921858400106
31824,3,3,no_method_signal,no_method_signal,train,8.251494728028774e-05,0.0003737002843990922,0.03163629770278931,0.951964795589447,0.005952268373221159,0.009990395978093147
31825,2,5,multi_method_not_mmr,quant_only,train,0.0013369735097512603,0.025161411613225937,0.3372751772403717,0.16808153688907623,0.0290040522813797,0.43914079666137695
31827,3,3,no_method_signal,no_method_signal,train,0.0001141443572123535,0.0004011146957054734,0.03769630193710327,0.9537283182144165,0.0028502801433205605,0.0052099283784627914
31828,3,3,no_method_signal,no_method_signal,train,0.0005159614374861121,0.004471640568226576,0.08173589408397675,0.629758358001709,0.013494483195245266,0.2700236737728119
31831,3,3,no_method_signal,no_method_signal,train,0.00011285450455034152,0.0004174050409346819,0.04621293023228645,0.9417592883110046,0.005570888519287109,0.005926629528403282
31832,3,3,no_method_signal,no_method_signal,train,9.043273894349113e-05,0.00042037467937916517,0.043259892612695694,0.9396149516105652,0.007869276218116283,0.008744991384446621
31835,3,3,no_method_signal,no_method_signal,train,0.000248917582212016,0.0034600221551954746,0.1828150600194931,0.6703636050224304,0.011211786419153214,0.13190054893493652
31836,5,5,quant_only,quant_only,train,0.0006402692524716258,0.004783316049724817,0.09915265440940857,0.3858289420604706,0.0401788055896759,0.46941596269607544
31837,5,5,quant_only,quant_only,train,0.0005642044707201421,0.005279086995869875,0.12031526118516922,0.39001110196113586,0.06423294544219971,0.41959744691848755
31838,5,3,quant_only,no_method_signal,train,9.960963507182896e-05,0.00033391869510523975,0.016426533460617065,0.9739986062049866,0.0009003637824207544,0.008241002447903156
31840,3,3,no_method_signal,no_method_signal,train,0.00012529526429716498,0.0003714644117280841,0.03018219955265522,0.9626549482345581,0.0020634105894714594,0.004602584056556225
31841,4,4,qual_only,qual_only,train,0.0009775148937478662,0.0048170266672968864,0.2250117063522339,0.10925818979740143,0.6104474663734436,0.049488041549921036
31842,3,5,no_method_signal,quant_only,train,0.0067772939801216125,0.0417521670460701,0.1442704051733017,0.07975079119205475,0.004494842141866684,0.722954511642456
31843,3,3,no_method_signal,no_method_signal,train,0.0002816270280163735,0.004724306054413319,0.16527707874774933,0.6086181998252869,0.049600809812545776,0.17149795591831207
31845,5,5,quant_only,quant_only,train,0.011860881000757217,0.11982551217079163,0.2201189398765564,0.01648976467549801,0.02520110458135605,0.6065037250518799
31846,3,4,no_method_signal,qual_only,train,0.0011565112508833408,0.01582316868007183,0.3388049304485321,0.0922650620341301,0.343759149312973,0.20819123089313507
31847,3,3,no_method_signal,no_method_signal,train,0.0001276980765396729,0.0004952281597070396,0.049727898091077805,0.939957320690155,0.002987500047311187,0.006704291328787804
31848,2,4,multi_method_not_mmr,qual_only,train,0.0005608087521977723,0.003663673298433423,0.27326011657714844,0.32163307070732117,0.3641578257083893,0.03672445937991142
31849,1,3,implicit_mmr,no_method_signal,train,0.00022604435798712075,0.0019686638843268156,0.05125847086310387,0.8097913861274719,0.00670233927667141,0.13005316257476807
31850,2,5,multi_method_not_mmr,quant_only,train,0.003386767813935876,0.047208983451128006,0.1806589961051941,0.06646028161048889,0.03151683509349823,0.670768141746521
31851,1,3,implicit_mmr,no_method_signal,train,8.797315967967734e-05,0.0008535523666068912,0.0492047518491745,0.9242935180664062,0.0034646810963749886,0.02209564298391342
31852,3,3,no_method_signal,no_method_signal,train,9.314166527474299e-05,0.0006598519394174218,0.0438571535050869,0.9203758239746094,0.005627040285617113,0.02938694879412651
31853,3,3,no_method_signal,no_method_signal,train,0.0002270353288622573,0.0008778685587458313,0.11150984466075897,0.8552007675170898,0.02205427549779415,0.010130112059414387
31854,3,3,no_method_signal,no_method_signal,train,0.000175788183696568,0.0007016368326731026,0.08231860399246216,0.8867944478988647,0.01897214725613594,0.011037281714379787
31855,3,3,no_method_signal,no_method_signal,train,0.00037831146619282663,0.001841399702243507,0.1818205714225769,0.664049506187439,0.12499600648880005,0.026914255693554878
31856,3,5,no_method_signal,quant_only,train,0.004355281591415405,0.029657233506441116,0.20639729499816895,0.23484043776988983,0.004635830409824848,0.5201138854026794
31857,0,5,explicit_mmr,quant_only,train,0.008154356852173805,0.07923765480518341,0.21680843830108643,0.14134220778942108,0.1862303763628006,0.3682270050048828
31858,4,4,qual_only,qual_only,train,0.062495630234479904,0.3433064818382263,0.07887978851795197,0.0004185526631772518,0.4728369414806366,0.04206248000264168
31859,4,4,qual_only,qual_only,train,0.0008066624286584556,0.003952853847295046,0.19603124260902405,0.10809940099716187,0.6354768872261047,0.05563298985362053
31860,4,4,qual_only,qual_only,train,0.0019563273526728153,0.016012925654649734,0.18243199586868286,0.015850363299250603,0.6982172727584839,0.0855310708284378
31861,4,4,qual_only,qual_only,train,0.0033190588001161814,0.022253090515732765,0.17309629917144775,0.007778281345963478,0.7388634085655212,0.054689921438694
31862,4,4,qual_only,qual_only,train,0.0022724252194166183,0.016056183725595474,0.17189259827136993,0.012432949617505074,0.7431640028953552,0.05418187379837036
31863,3,5,no_method_signal,quant_only,train,0.0006298271473497152,0.00794118084013462,0.21824750304222107,0.2669832706451416,0.11747896671295166,0.38871920108795166
31865,5,1,quant_only,implicit_mmr,train,0.09351346641778946,0.5836053490638733,0.08468802273273468,0.00036138572613708675,0.11154385656118393,0.12628798186779022
31866,5,5,quant_only,quant_only,train,0.002066834131255746,0.01624469645321369,0.1167018786072731,0.19376859068870544,0.019080722704529762,0.6521373391151428
31867,2,5,multi_method_not_mmr,quant_only,train,0.01602153293788433,0.12036480009555817,0.29409608244895935,0.005459831561893225,0.21022696793079376,0.35383084416389465
31868,2,4,multi_method_not_mmr,qual_only,train,0.0011099217226728797,0.0077729602344334126,0.3309219181537628,0.09965243935585022,0.4771331548690796,0.08340950310230255
31869,1,1,implicit_mmr,implicit_mmr,train,0.22019590437412262,0.6492565870285034,0.02684227004647255,0.0001765525375958532,0.018059177324175835,0.08546958118677139
31870,4,4,qual_only,qual_only,train,0.0008558333502151072,0.004819996189326048,0.21914918720722198,0.09637069702148438,0.6297495365142822,0.04905484616756439
31872,5,5,quant_only,quant_only,train,0.05533833056688309,0.25987952947616577,0.08112270385026932,0.0029444911051541567,0.009823841974139214,0.5908911228179932
31873,5,4,quant_only,qual_only,train,0.012099317274987698,0.11333524435758591,0.22995394468307495,0.0039671980775892735,0.43752509355545044,0.20311923325061798
31874,4,4,qual_only,qual_only,train,0.018292825669050217,0.06874115765094757,0.06964489817619324,0.001116203493438661,0.8072180151939392,0.034986913204193115
31875,3,3,no_method_signal,no_method_signal,train,0.00013590874732472003,0.0005986278993077576,0.06218460574746132,0.9219563603401184,0.0015104702906683087,0.013613979332149029
31876,3,3,no_method_signal,no_method_signal,train,0.0006714196060784161,0.008312116377055645,0.283682644367218,0.36697885394096375,0.02115572802722454,0.3191993236541748
31877,3,3,no_method_signal,no_method_signal,train,7.28612722014077e-05,0.00041856776806525886,0.026157893240451813,0.9545520544052124,0.0034248805604875088,0.015373780392110348
31878,2,3,multi_method_not_mmr,no_method_signal,train,0.00011572316725505516,0.0006361472769640386,0.07223488390445709,0.9017232656478882,0.013052447699010372,0.01223749853670597
31879,3,3,no_method_signal,no_method_signal,train,0.00010063972149509937,0.0003842189034912735,0.03657061979174614,0.9537442326545715,0.0034232272300869226,0.005776944570243359
31880,5,5,quant_only,quant_only,train,0.0020981072448194027,0.03055792860686779,0.27078521251678467,0.052821286022663116,0.26319000124931335,0.3805474638938904
31881,3,3,no_method_signal,no_method_signal,train,0.00023432560556102544,0.0034185955300927162,0.16745692491531372,0.6706902384757996,0.03702042996883392,0.12117944657802582
31882,2,4,multi_method_not_mmr,qual_only,train,0.001619551912881434,0.014931784011423588,0.3255712389945984,0.05957166105508804,0.447640061378479,0.15066565573215485
31883,2,3,multi_method_not_mmr,no_method_signal,train,0.0006694472394883633,0.005851822439581156,0.17429783940315247,0.5621533393859863,0.0049353353679180145,0.2520923316478729
31885,1,5,implicit_mmr,quant_only,train,0.00406285235658288,0.06719748675823212,0.1884695440530777,0.02892290987074375,0.03929366171360016,0.6720535755157471
31886,2,3,multi_method_not_mmr,no_method_signal,train,0.00030954531393945217,0.003432332770898938,0.0836312398314476,0.6986773610115051,0.015385952778160572,0.19856353104114532
31887,4,4,qual_only,qual_only,train,0.017824668437242508,0.11898397654294968,0.12329770624637604,0.0015327748842537403,0.6549707651138306,0.08339010924100876
31889,5,5,quant_only,quant_only,train,0.003226987784728408,0.04549795016646385,0.2933434844017029,0.021309761330485344,0.29153069853782654,0.3450911045074463
31891,3,3,no_method_signal,no_method_signal,train,9.394971857545897e-05,0.0004082940286025405,0.04125092923641205,0.9419366717338562,0.008220301941037178,0.008089848794043064
31892,3,3,no_method_signal,no_method_signal,train,0.00017769041005522013,0.000545711605809629,0.058121223002672195,0.9319342970848083,0.003848421387374401,0.005372711922973394
31893,5,3,quant_only,no_method_signal,train,0.00042659524478949606,0.004161246586591005,0.22877299785614014,0.3784988522529602,0.2026265561580658,0.18551377952098846
31895,5,5,quant_only,quant_only,train,0.006584965158253908,0.10786613821983337,0.2681833505630493,0.010963653214275837,0.11178074032068253,0.4946211874485016
31896,4,4,qual_only,qual_only,train,0.0035259458236396313,0.037959907203912735,0.31023693084716797,0.019189460203051567,0.3857518136501312,0.24333594739437103
31897,1,5,implicit_mmr,quant_only,train,0.015648212283849716,0.07812575995922089,0.10183876752853394,0.02901165559887886,0.007113533094525337,0.7682620286941528
31898,2,3,multi_method_not_mmr,no_method_signal,train,0.00021814793581143022,0.0007757232524454594,0.11172180622816086,0.8723492622375488,0.007214751560240984,0.007720346096903086
31899,2,3,multi_method_not_mmr,no_method_signal,train,0.0002065574226435274,0.0007344105979427695,0.10418132692575455,0.880681574344635,0.006793467327952385,0.0074026454240083694
31900,2,3,multi_method_not_mmr,no_method_signal,train,0.00019371462985873222,0.0007366394274868071,0.10831847041845322,0.8748849034309387,0.007732869125902653,0.008133351802825928
31901,2,3,multi_method_not_mmr,no_method_signal,train,0.0001908439298858866,0.0007383229094557464,0.11060408502817154,0.8717738389968872,0.008307087235152721,0.008385810069739819
31902,2,3,multi_method_not_mmr,no_method_signal,train,0.0002024552959483117,0.0007149953162297606,0.10150957852602005,0.8836389183998108,0.006636132951825857,0.00729790236800909
31903,3,3,no_method_signal,no_method_signal,train,0.00029691497911699116,0.0008455263450741768,0.09289050102233887,0.8960214257240295,0.0019235447980463505,0.008022211492061615
31904,3,3,no_method_signal,no_method_signal,train,0.0001477591722505167,0.000931891321670264,0.03783898055553436,0.9028153419494629,0.009143756702542305,0.04912230744957924
31905,3,3,no_method_signal,no_method_signal,train,0.0007717221742495894,0.0069928644225001335,0.0724143534898758,0.5286393165588379,0.012990221381187439,0.3781915307044983
31907,5,5,quant_only,quant_only,train,0.0005462432163767517,0.008783085271716118,0.16399993002414703,0.375174880027771,0.04728662595152855,0.4042092561721802
31909,0,1,explicit_mmr,implicit_mmr,train,0.051326651126146317,0.4626580774784088,0.13657408952713013,0.0007466188399121165,0.19490984082221985,0.15378473699092865
31910,0,4,explicit_mmr,qual_only,train,0.17257626354694366,0.19240833818912506,0.009450831450521946,0.0002663644263520837,0.6224918365478516,0.0028063617646694183
31911,3,3,no_method_signal,no_method_signal,train,0.0002994977403432131,0.004322740714997053,0.1435663104057312,0.6227594017982483,0.019710376858711243,0.2093416303396225
31912,5,5,quant_only,quant_only,train,0.001522823702543974,0.012447889894247055,0.1061038076877594,0.21487165987491608,0.01033741608262062,0.6547163724899292
31913,3,3,no_method_signal,no_method_signal,train,0.0006336125079542398,0.009317061863839626,0.25225111842155457,0.4326905608177185,0.025769036263227463,0.27933862805366516
31914,1,4,implicit_mmr,qual_only,train,0.09210862219333649,0.31332919001579285,0.0968756377696991,0.0004891440039500594,0.4347273111343384,0.06247005611658096
31915,3,3,no_method_signal,no_method_signal,train,0.00020684729679487646,0.0005923454882577062,0.04796192795038223,0.9439674019813538,0.0023372184950858355,0.00493416516110301
31916,3,4,no_method_signal,qual_only,train,0.0006748075247742236,0.003665582975372672,0.2488325536251068,0.3116203844547272,0.36578238010406494,0.06942429393529892
31918,1,1,implicit_mmr,implicit_mmr,train,0.27880170941352844,0.6371106505393982,0.015582283027470112,0.00018072522652801126,0.011643432080745697,0.05668118596076965
31919,1,1,implicit_mmr,implicit_mmr,train,0.05708207190036774,0.38203364610671997,0.1350121796131134,0.0014803470112383366,0.04539287090301514,0.37899890542030334
31921,1,2,implicit_mmr,multi_method_not_mmr,train,0.0006518238224089146,0.006536546163260937,0.34225383400917053,0.27951502799987793,0.2288099229335785,0.14223285019397736
31922,2,3,multi_method_not_mmr,no_method_signal,train,0.0002257800369989127,0.0009419090929441154,0.12000752985477448,0.8576905131340027,0.00989134144037962,0.011242948472499847
31923,2,4,multi_method_not_mmr,qual_only,train,0.0009462730376981199,0.004809156060218811,0.28517091274261475,0.19438034296035767,0.42707857489585876,0.08761470019817352
31924,2,3,multi_method_not_mmr,no_method_signal,train,0.0006659412756562233,0.005282253492623568,0.37104570865631104,0.5095420479774475,0.019445251673460007,0.09401878714561462
31925,5,5,quant_only,quant_only,train,0.0023519888054579496,0.03521443530917168,0.33692193031311035,0.03807695582509041,0.11718373000621796,0.4702508747577667
31926,5,5,quant_only,quant_only,train,0.0019033073913305998,0.027843590825796127,0.27922680974006653,0.048657894134521484,0.07970798015594482,0.5626603960990906
31927,2,5,multi_method_not_mmr,quant_only,train,0.008875192143023014,0.09601353853940964,0.2965816855430603,0.006957328878343105,0.28365111351013184,0.3079211413860321
31928,3,3,no_method_signal,no_method_signal,train,0.0005468329763971269,0.003594759851694107,0.3008364737033844,0.3787377178668976,0.2620490789413452,0.054235126823186874
31929,2,4,multi_method_not_mmr,qual_only,train,0.005371412727981806,0.04246726632118225,0.27321040630340576,0.012079056352376938,0.5553321242332458,0.1115397959947586
31930,4,4,qual_only,qual_only,train,0.0010184168349951506,0.01007741130888462,0.2915835678577423,0.10469710826873779,0.321776419878006,0.27084705233573914
31931,2,3,multi_method_not_mmr,no_method_signal,train,0.00034887000219896436,0.0023850398138165474,0.2594013214111328,0.5550558567047119,0.14080630242824554,0.04200262948870659
31932,3,3,no_method_signal,no_method_signal,train,0.00010483646474312991,0.00045364827383309603,0.04177144914865494,0.9374226331710815,0.006412789225578308,0.013834746554493904
31933,1,1,implicit_mmr,implicit_mmr,train,0.3473426103591919,0.605164647102356,0.011343556456267834,8.967828762251884e-05,0.013507073745131493,0.0225523728877306
31934,1,1,implicit_mmr,implicit_mmr,train,0.3875108063220978,0.5458351969718933,0.014782099984586239,9.89173713605851e-05,0.011854241602122784,0.03991871699690819
31935,3,3,no_method_signal,no_method_signal,train,0.0001569498417666182,0.000861950742546469,0.09403419494628906,0.8570895791053772,0.03099158965051174,0.01686568558216095
31936,2,3,multi_method_not_mmr,no_method_signal,train,0.0003847226034849882,0.003117095911875367,0.22482989728450775,0.4614908695220947,0.2114972472190857,0.09868013113737106
31937,3,3,no_method_signal,no_method_signal,train,0.000380541110644117,0.001081983675248921,0.1217385083436966,0.8659255504608154,0.0022893475834280252,0.008583948016166687
31938,3,3,no_method_signal,no_method_signal,train,0.0002908236638177186,0.0010646645678207278,0.12679097056388855,0.8585687279701233,0.0024526093620806932,0.010832292959094048
31939,5,5,quant_only,quant_only,train,0.00200894963927567,0.02729080431163311,0.32159873843193054,0.08308275043964386,0.07093669474124908,0.4950821101665497
31940,1,5,implicit_mmr,quant_only,train,0.06511730700731277,0.3471188247203827,0.17093345522880554,0.0020740958862006664,0.039360400289297104,0.37539586424827576
31941,5,5,quant_only,quant_only,train,0.1251564472913742,0.32612529397010803,0.08996988087892532,0.0024295842740684748,0.006719630211591721,0.44959917664527893
31942,0,5,explicit_mmr,quant_only,train,0.007574600167572498,0.07367674261331558,0.234754741191864,0.03376239538192749,0.020320536568760872,0.6299108862876892
31943,2,5,multi_method_not_mmr,quant_only,train,0.029402008280158043,0.19919131696224213,0.1224323958158493,0.004836431238800287,0.022729001939296722,0.6214088201522827
31944,3,3,no_method_signal,no_method_signal,train,0.0004612365737557411,0.0026412957813590765,0.21805937588214874,0.7449851632118225,0.0034803764428943396,0.030372653156518936
31945,5,2,quant_only,multi_method_not_mmr,train,0.001681458204984665,0.015326601453125477,0.4183725118637085,0.28068995475769043,0.006888313684612513,0.2770412266254425
31946,5,5,quant_only,quant_only,train,0.009784890338778496,0.08204339444637299,0.24027682840824127,0.010197505354881287,0.10739119350910187,0.5503062009811401
31947,3,3,no_method_signal,no_method_signal,train,0.0002121121942764148,0.0008203930919989944,0.10047363489866257,0.8680686354637146,0.020680148154497147,0.009745118208229542
31949,4,4,qual_only,qual_only,train,0.0008141380967572331,0.0038548537995666265,0.2352033406496048,0.22415049374103546,0.4698767364025116,0.0661003589630127
31950,0,1,explicit_mmr,implicit_mmr,train,0.38238289952278137,0.5750183463096619,0.007069828454405069,0.00012276149936951697,0.013406114652752876,0.022000009194016457
31951,5,4,quant_only,qual_only,train,0.0007071046275086701,0.00337717542424798,0.2071082442998886,0.27013757824897766,0.4128094017505646,0.10586053133010864
31952,5,1,quant_only,implicit_mmr,train,0.28418731689453125,0.6531340479850769,0.011770255863666534,0.00010797769937198609,0.019032727926969528,0.03176765516400337
31953,2,3,multi_method_not_mmr,no_method_signal,train,0.0005783159867860377,0.001287807710468769,0.14484982192516327,0.8424035906791687,0.003374286461621523,0.007506177294999361
31954,2,3,multi_method_not_mmr,no_method_signal,train,0.0005463375709950924,0.0012287579011172056,0.13620218634605408,0.8515543937683105,0.0031696357764303684,0.007298704236745834
31955,5,5,quant_only,quant_only,train,0.002478870330378413,0.022804833948612213,0.13072970509529114,0.1210307851433754,0.016716163605451584,0.7062395811080933
31956,5,3,quant_only,no_method_signal,train,0.0002325940877199173,0.0021304439287632704,0.06945199519395828,0.7933036088943481,0.023088520392775536,0.11179285496473312
31957,2,3,multi_method_not_mmr,no_method_signal,train,0.0004265697789378464,0.0022125360555946827,0.09866119176149368,0.6975176334381104,0.04936416819691658,0.1518179327249527
31958,5,5,quant_only,quant_only,train,0.0014851775486022234,0.01676582172513008,0.19949088990688324,0.13632142543792725,0.03133634105324745,0.6146003007888794
31961,5,5,quant_only,quant_only,train,0.004471604712307453,0.0339399017393589,0.21420398354530334,0.09969916194677353,0.006247329991310835,0.6414380669593811
31962,5,5,quant_only,quant_only,train,0.0062345112673938274,0.02929370477795601,0.13210339844226837,0.10914571583271027,0.004281861241906881,0.7189407348632812
31963,3,5,no_method_signal,quant_only,train,0.001394262770190835,0.016053618863224983,0.142002135515213,0.24591736495494843,0.011897487565875053,0.5827351808547974
31964,4,5,qual_only,quant_only,train,0.0035484645050019026,0.05361301079392433,0.2806941866874695,0.03389034792780876,0.11272263526916504,0.5155313014984131
31965,5,5,quant_only,quant_only,train,0.024834563955664635,0.11681485921144485,0.14170295000076294,0.012502938508987427,0.00790506973862648,0.6962395906448364
31966,3,5,no_method_signal,quant_only,train,0.0006850732024759054,0.006517082452774048,0.12711280584335327,0.3729047477245331,0.024415019899606705,0.46836531162261963
31967,1,5,implicit_mmr,quant_only,train,0.0014572623185813427,0.02308257296681404,0.24138562381267548,0.12056343257427216,0.0880151093006134,0.5254960060119629
31968,4,3,qual_only,no_method_signal,train,0.0006687939749099314,0.0039619384333491325,0.2086232304573059,0.36178773641586304,0.2498188018798828,0.17513954639434814
31969,1,5,implicit_mmr,quant_only,train,0.00184848892968148,0.02970607951283455,0.2791964113712311,0.06855406612157822,0.1035153716802597,0.5171796083450317
31970,5,5,quant_only,quant_only,train,0.01774764619767666,0.1485668420791626,0.19529561698436737,0.0071210432797670364,0.026609331369400024,0.6046594977378845
31971,5,5,quant_only,quant_only,train,0.0012653203448280692,0.019805675372481346,0.21265548467636108,0.14631816744804382,0.031158247962594032,0.5887971520423889
31974,4,4,qual_only,qual_only,train,0.002333000535145402,0.01554627250880003,0.15698905289173126,0.009871120564639568,0.769122302532196,0.046138204634189606
31975,0,1,explicit_mmr,implicit_mmr,train,0.42551910877227783,0.5321504473686218,0.008755638264119625,8.500405965605751e-05,0.011519085615873337,0.02197076380252838
31976,5,0,quant_only,explicit_mmr,train,0.4459698498249054,0.3984229564666748,0.023492416366934776,0.0005840485682711005,0.003965160809457302,0.12756554782390594
31977,4,4,qual_only,qual_only,train,0.0007889051339589059,0.004504835233092308,0.24804076552391052,0.16386184096336365,0.5010616779327393,0.08174198865890503
31978,4,3,qual_only,no_method_signal,train,0.0006989761022850871,0.002936077071353793,0.20629872381687164,0.4106779098510742,0.323624849319458,0.055763453245162964
31979,2,5,multi_method_not_mmr,quant_only,train,0.010594294406473637,0.102534718811512,0.2771605849266052,0.013969029299914837,0.05966357886791229,0.5360777974128723
31980,3,5,no_method_signal,quant_only,train,0.0017921689432114363,0.013150757178664207,0.07890424132347107,0.3163693845272064,0.005616413429379463,0.5841670036315918
31981,5,3,quant_only,no_method_signal,train,0.0005337527254596353,0.00675170449540019,0.16808369755744934,0.4409112334251404,0.02799997664988041,0.3557196259498596
31982,3,5,no_method_signal,quant_only,train,0.001531324815005064,0.019032346084713936,0.2665727436542511,0.10925420373678207,0.09908045083284378,0.5045289993286133
31983,2,3,multi_method_not_mmr,no_method_signal,train,0.0005243497435003519,0.003831294598057866,0.21351657807826996,0.5596188306808472,0.00776969688013196,0.21473926305770874
31984,3,3,no_method_signal,no_method_signal,train,0.00018327381985727698,0.0006136568845249712,0.055091600865125656,0.9325658679008484,0.0009303911356255412,0.010615273378789425
31985,3,3,no_method_signal,no_method_signal,train,0.000181030627572909,0.0006494050030596554,0.07101175934076309,0.9169498085975647,0.0015162480995059013,0.009691774845123291
31986,5,5,quant_only,quant_only,train,0.037158332765102386,0.23813365399837494,0.2598414123058319,0.0032254026737064123,0.11373808234930038,0.34790313243865967
31987,2,5,multi_method_not_mmr,quant_only,train,0.022293079644441605,0.1383637636899948,0.2699967324733734,0.004566242452710867,0.22924338281154633,0.33553677797317505
31988,4,4,qual_only,qual_only,train,0.008826305158436298,0.060309600085020065,0.18101881444454193,0.0038839743938297033,0.6519891023635864,0.09397215396165848
31989,3,3,no_method_signal,no_method_signal,train,0.00013113928434904665,0.0008664137567393482,0.07950810343027115,0.9021750092506409,0.005081977229565382,0.012237436138093472
31990,5,3,quant_only,no_method_signal,train,0.00023581220011692494,0.0019634896889328957,0.10298977792263031,0.7575275897979736,0.04131835326552391,0.0959649607539177
31991,3,3,no_method_signal,no_method_signal,train,0.0003607071121223271,0.0011801858199760318,0.15806928277015686,0.8047620058059692,0.025295527651906013,0.010332303121685982
31992,2,1,multi_method_not_mmr,implicit_mmr,train,0.04759019985795021,0.27433034777641296,0.26560840010643005,0.0025519654154777527,0.15116946399211884,0.25874966382980347
31993,2,2,multi_method_not_mmr,multi_method_not_mmr,train,0.04659689962863922,0.27734965085983276,0.2819555103778839,0.0028141795191913843,0.1319659799337387,0.2593177855014801
31995,0,1,explicit_mmr,implicit_mmr,train,0.07679057866334915,0.37859416007995605,0.17508052289485931,0.0011959458934143186,0.11498785763978958,0.2533508539199829
31996,1,1,implicit_mmr,implicit_mmr,train,0.08300674706697464,0.44733259081840515,0.13436830043792725,0.0006197840557433665,0.16898596286773682,0.16568651795387268
31997,4,3,qual_only,no_method_signal,train,0.0006112376577220857,0.005348522681742907,0.22339916229248047,0.4075687527656555,0.1889253407716751,0.17414692044258118
31998,2,2,multi_method_not_mmr,multi_method_not_mmr,train,0.0014487343141809106,0.02461826056241989,0.4328916370868683,0.08390385657548904,0.2447315901517868,0.21240590512752533
31999,4,4,qual_only,qual_only,train,0.008717723190784454,0.07150034606456757,0.23419256508350372,0.005878396797925234,0.5192208886146545,0.16049009561538696
32000,3,3,no_method_signal,no_method_signal,train,0.0003087277873419225,0.00207355129532516,0.18604160845279694,0.56837397813797,0.18979153037071228,0.05341062322258949
32001,2,5,multi_method_not_mmr,quant_only,train,0.008704298175871372,0.08259668946266174,0.2387530505657196,0.011620333418250084,0.04464886337518692,0.6136768460273743
32002,3,3,no_method_signal,no_method_signal,train,0.00018965041090268642,0.0007411802071146667,0.08269541710615158,0.902651846408844,0.006948399357497692,0.006773514673113823
32003,4,4,qual_only,qual_only,train,0.002889664378017187,0.022615820169448853,0.29921096563339233,0.025113193318247795,0.5438845157623291,0.10628587007522583
32004,2,4,multi_method_not_mmr,qual_only,train,0.001096242107450962,0.0101625369861722,0.3573068082332611,0.12689904868602753,0.4161054790019989,0.08842992782592773
32005,3,3,no_method_signal,no_method_signal,train,0.00025529522099532187,0.0012599851470440626,0.15692287683486938,0.816544771194458,0.004022314213216305,0.02099478244781494
32006,3,3,no_method_signal,no_method_signal,train,0.0005424772971309721,0.0072511229664087296,0.26825574040412903,0.4248788356781006,0.024414140731096268,0.2746577262878418
32007,1,5,implicit_mmr,quant_only,train,0.07023896276950836,0.3041762411594391,0.17137424647808075,0.002240894129499793,0.029595304280519485,0.42237433791160583
32008,3,3,no_method_signal,no_method_signal,train,0.00017414205649401993,0.0016622054390609264,0.15563660860061646,0.7966770529747009,0.007794657256454229,0.03805529326200485
32009,4,4,qual_only,qual_only,train,0.08709359914064407,0.272989422082901,0.06999410688877106,0.0003707073337864131,0.5395069718360901,0.030045200139284134
32010,0,0,explicit_mmr,explicit_mmr,train,0.7033293843269348,0.27358776330947876,0.0037311846390366554,0.00012646497634705156,0.006954907439649105,0.012270394712686539
32011,1,1,implicit_mmr,implicit_mmr,train,0.43941229581832886,0.5087352395057678,0.011739056557416916,6.070886956877075e-05,0.017215460538864136,0.02283727377653122
32012,1,1,implicit_mmr,implicit_mmr,train,0.3709556460380554,0.5882608294487,0.00857230369001627,7.34199202270247e-05,0.015643998980522156,0.01649373397231102
32013,3,3,no_method_signal,no_method_signal,train,0.0003754813806153834,0.0007869047112762928,0.061709530651569366,0.9288000464439392,0.001167444046586752,0.007160593289881945
32014,2,3,multi_method_not_mmr,no_method_signal,train,0.0003575469308998436,0.001986491261050105,0.31165745854377747,0.6050159335136414,0.05115335434675217,0.029829226434230804
32015,3,3,no_method_signal,no_method_signal,train,0.00017134165682364255,0.0010320786386728287,0.11575198918581009,0.8298891186714172,0.0335395373404026,0.0196158979088068
32016,1,5,implicit_mmr,quant_only,train,0.0022907324600964785,0.04447305202484131,0.3073781430721283,0.09710125625133514,0.0843782126903534,0.46437862515449524
32017,2,5,multi_method_not_mmr,quant_only,train,0.013711780309677124,0.13352791965007782,0.21079735457897186,0.0138092041015625,0.02974712662398815,0.5984066724777222
32018,3,3,no_method_signal,no_method_signal,train,0.00032329620444215834,0.0008620669250376523,0.09417428076267242,0.8953821659088135,0.003161950735375285,0.006096255499869585
32019,4,4,qual_only,qual_only,train,0.0018431083299219608,0.01170025672763586,0.1842631995677948,0.022181436419487,0.7259761691093445,0.05403590574860573
32020,2,2,multi_method_not_mmr,multi_method_not_mmr,train,0.0010632738703861833,0.011560004204511642,0.41771867871284485,0.32126909494400024,0.015687035396695137,0.23270194232463837
32021,4,3,qual_only,no_method_signal,train,0.0005667961086146533,0.0028979037888348103,0.22968849539756775,0.46218547224998474,0.24828536808490753,0.05637601763010025
32022,2,5,multi_method_not_mmr,quant_only,train,0.01359033863991499,0.13514065742492676,0.3013717830181122,0.01148492656648159,0.11967455595731735,0.4187377989292145
32023,3,3,no_method_signal,no_method_signal,train,0.00034964847145602107,0.002838411135599017,0.1814887374639511,0.5916247963905334,0.12115420401096344,0.10254427045583725
32024,3,3,no_method_signal,no_method_signal,train,0.00029679335420951247,0.0032183066941797733,0.13581521809101105,0.6570720076560974,0.05612920597195625,0.1474684327840805
32025,0,4,explicit_mmr,qual_only,train,0.03218673914670944,0.24615426361560822,0.23445303738117218,0.0018287082202732563,0.293699711561203,0.19167757034301758
32026,0,1,explicit_mmr,implicit_mmr,train,0.032503969967365265,0.26096418499946594,0.23972129821777344,0.0018728369614109397,0.25894439220428467,0.20599326491355896
32027,5,4,quant_only,qual_only,train,0.028416305780410767,0.2135264128446579,0.2137138992547989,0.0019926801323890686,0.3326803147792816,0.20967039465904236
32028,4,4,qual_only,qual_only,train,0.0012016830733045936,0.004374335054308176,0.1770942509174347,0.06274774670600891,0.7154119610786438,0.039170041680336
32029,3,3,no_method_signal,no_method_signal,train,8.748917753109708e-05,0.0008485388243570924,0.07262439280748367,0.8983082175254822,0.006453127134591341,0.021678157150745392
32030,3,3,no_method_signal,no_method_signal,train,8.915025682654232e-05,0.0008664021734148264,0.0756765827536583,0.8938242793083191,0.007842721417546272,0.02170088142156601
32031,3,3,no_method_signal,no_method_signal,train,7.890221604611725e-05,0.0007086342666298151,0.05801408737897873,0.9183769822120667,0.004601708613336086,0.018219664692878723
32032,3,3,no_method_signal,no_method_signal,train,0.000396645424189046,0.004947636276483536,0.1806768923997879,0.4754820764064789,0.08627715706825256,0.25221961736679077
32033,3,3,no_method_signal,no_method_signal,train,0.00014512772031594068,0.0005109767662361264,0.061480361968278885,0.9274817705154419,0.00333434552885592,0.007047506049275398
32034,3,3,no_method_signal,no_method_signal,train,0.0006669838330708444,0.005325129721313715,0.10119984298944473,0.48298048973083496,0.025571798905730247,0.3842557370662689
32035,4,5,qual_only,quant_only,train,0.0029409395065158606,0.04221603646874428,0.33402219414711,0.0454012006521225,0.1590893715620041,0.4163302481174469
32036,0,0,explicit_mmr,explicit_mmr,train,0.5954014658927917,0.3630654811859131,0.006983029190450907,0.0001499027421232313,0.005713052581995726,0.0286870077252388
32037,1,0,implicit_mmr,explicit_mmr,train,0.5375518798828125,0.37784165143966675,0.004370253067463636,7.110749720595777e-05,0.07563227415084839,0.004532809369266033
32038,3,3,no_method_signal,no_method_signal,train,0.00013114954344928265,0.0007071738946251571,0.06449093669652939,0.9025432467460632,0.011422562412917614,0.02070494182407856
32039,2,1,multi_method_not_mmr,implicit_mmr,train,0.38244345784187317,0.4524160623550415,0.02790544368326664,0.0004332243697717786,0.005700620356947184,0.13110113143920898
32040,0,0,explicit_mmr,explicit_mmr,train,0.5601027607917786,0.38565272092819214,0.009691842831671238,0.0001264910097233951,0.0076049622148275375,0.036821212619543076
32041,1,0,implicit_mmr,explicit_mmr,train,0.6263332962989807,0.31712856888771057,0.003570075612515211,7.781777094351128e-05,0.04762271046638489,0.005267546512186527
32042,5,5,quant_only,quant_only,train,0.006468577776104212,0.03255896642804146,0.0876699686050415,0.07380221039056778,0.010232331231236458,0.7892679572105408
32043,5,1,quant_only,implicit_mmr,train,0.12237490713596344,0.5382073521614075,0.09378352761268616,0.0003736497601494193,0.12634149193763733,0.1189190223813057
32044,2,2,multi_method_not_mmr,multi_method_not_mmr,train,0.0006948571535758674,0.0052558500319719315,0.30673450231552124,0.3037808835506439,0.28976812958717346,0.09376571327447891
32045,4,3,qual_only,no_method_signal,train,0.0006366348243318498,0.003531560068950057,0.2477869987487793,0.3889090418815613,0.30834493041038513,0.050790730863809586
32049,2,5,multi_method_not_mmr,quant_only,train,0.03369856998324394,0.23672428727149963,0.22520479559898376,0.003218431258574128,0.062272172421216965,0.4388818144798279
32050,2,5,multi_method_not_mmr,quant_only,train,0.0277935229241848,0.22075800597667694,0.2601605951786041,0.0039666700176894665,0.06746906787157059,0.41985219717025757
32051,5,5,quant_only,quant_only,train,0.0014700674219056964,0.019512051716446877,0.2753243148326874,0.05914653092622757,0.29617583751678467,0.3483712077140808
32052,3,3,no_method_signal,no_method_signal,train,0.000512333819642663,0.005996236577630043,0.12751881778240204,0.5701549649238586,0.04016483947634697,0.2556527853012085
32053,3,3,no_method_signal,no_method_signal,train,0.0005524991429410875,0.00657625263556838,0.12688565254211426,0.45592620968818665,0.03650417923927307,0.37355518341064453
32054,5,1,quant_only,implicit_mmr,train,0.08291424810886383,0.5606416463851929,0.10616394132375717,0.0005069224862381816,0.09371183067560196,0.15606139600276947
32055,1,1,implicit_mmr,implicit_mmr,train,0.05478779599070549,0.34217777848243713,0.14668861031532288,0.0008553199586458504,0.32956168055534363,0.1259288787841797
32056,0,1,explicit_mmr,implicit_mmr,train,0.3681115210056305,0.5758767127990723,0.010353805497288704,5.846096610184759e-05,0.025591718032956123,0.02000785619020462
32057,4,4,qual_only,qual_only,train,0.0006897270795889199,0.005010667722672224,0.269440233707428,0.1912354826927185,0.4050370156764984,0.12858691811561584
32058,5,5,quant_only,quant_only,train,0.10671934485435486,0.29392239451408386,0.07573738694190979,0.0028275155927985907,0.006646838970482349,0.5141464471817017
32059,5,4,quant_only,qual_only,train,0.0017604676540941,0.013233634643256664,0.27203646302223206,0.053555525839328766,0.42917099595069885,0.23024290800094604
32060,4,4,qual_only,qual_only,train,0.0007099295617081225,0.004280186258256435,0.24065068364143372,0.17843474447727203,0.5107181072235107,0.06520640850067139
32061,4,4,qual_only,qual_only,train,0.0007294747047126293,0.0038331837859004736,0.22216521203517914,0.18257880210876465,0.5311034321784973,0.05958985537290573
32062,4,4,qual_only,qual_only,train,0.0007946775876916945,0.004320748150348663,0.22199617326259613,0.14142213761806488,0.5644370317459106,0.06702930480241776
32063,3,3,no_method_signal,no_method_signal,train,0.00012109039380447939,0.0007924921810626984,0.03466743230819702,0.9412721395492554,0.0021769918967038393,0.020969867706298828
32064,3,3,no_method_signal,no_method_signal,train,0.00011688520316965878,0.00048460924881510437,0.0503002405166626,0.9344746470451355,0.005088512785732746,0.009535045363008976
32065,4,2,qual_only,multi_method_not_mmr,train,0.0006281172973103821,0.009819066151976585,0.36659762263298035,0.24166102707386017,0.1505763977766037,0.23071767389774323
32066,3,3,no_method_signal,no_method_signal,train,0.00030950616928748786,0.0006981977494433522,0.04061836376786232,0.9490496516227722,0.0006148870452307165,0.008709358982741833
32067,3,3,no_method_signal,no_method_signal,train,0.0005068790051154792,0.0010441940976306796,0.06968123465776443,0.9215174317359924,0.0012083089677616954,0.00604208093136549
32068,2,4,multi_method_not_mmr,qual_only,train,0.029103342443704605,0.19113396108150482,0.18183426558971405,0.0018768063746392727,0.4054650068283081,0.190586656332016
32069,0,4,explicit_mmr,qual_only,train,0.07504170387983322,0.15732130408287048,0.030491266399621964,0.0002795503824017942,0.7301478385925293,0.006718324031680822
32070,5,2,quant_only,multi_method_not_mmr,train,0.01523362472653389,0.1468484252691269,0.31023648381233215,0.004922823514789343,0.23957590758800507,0.2831827998161316
32071,0,4,explicit_mmr,qual_only,train,0.1704436093568802,0.1907697319984436,0.009945652447640896,0.0002677626325748861,0.625762403011322,0.0028108032420277596
32072,1,5,implicit_mmr,quant_only,train,0.017157521098852158,0.0979207307100296,0.11060038954019547,0.028273217380046844,0.003991347271949053,0.7420568466186523
32073,1,4,implicit_mmr,qual_only,train,0.0011816304177045822,0.00959408562630415,0.2392474114894867,0.12509921193122864,0.5817503929138184,0.04312724620103836
32074,4,3,qual_only,no_method_signal,train,9.833640797296539e-05,0.0005255515570752323,0.04246038943529129,0.93108731508255,0.013086486607789993,0.012741888873279095
32076,2,5,multi_method_not_mmr,quant_only,train,0.029686883091926575,0.13387827575206757,0.15507879853248596,0.020350929349660873,0.0037762592546641827,0.6572288870811462
32077,3,3,no_method_signal,no_method_signal,train,0.0004309243231546134,0.0027728702407330275,0.20216242969036102,0.4752251207828522,0.2422744482755661,0.07713427394628525
32078,3,3,no_method_signal,no_method_signal,train,0.0002874641795642674,0.0007426695083267987,0.06364793330430984,0.9279435873031616,0.002354623284190893,0.005023694597184658
32079,3,3,no_method_signal,no_method_signal,train,0.0004338089202065021,0.004783101845532656,0.23786532878875732,0.5157878994941711,0.10735657066106796,0.1337733268737793
32080,5,5,quant_only,quant_only,train,0.13090060651302338,0.3670063614845276,0.0801495611667633,0.0018982371548190713,0.007854888215661049,0.4121902883052826
32081,3,4,no_method_signal,qual_only,train,0.0007953431340865791,0.0036191579420119524,0.22821347415447235,0.2198856920003891,0.5059717297554016,0.0415145643055439
32082,4,4,qual_only,qual_only,train,0.001030583749525249,0.006553444545716047,0.2803724706172943,0.12255280464887619,0.5018800497055054,0.0876106396317482
32083,0,1,explicit_mmr,implicit_mmr,train,0.4587993323802948,0.49938979744911194,0.0062722633592784405,6.90108208800666e-05,0.02588587813079357,0.009583686478435993
32084,1,1,implicit_mmr,implicit_mmr,train,0.23615412414073944,0.53135085105896,0.04100720211863518,0.0007540815277025104,0.005456155631691217,0.18527758121490479
32085,1,5,implicit_mmr,quant_only,train,0.10191670805215836,0.3059655725955963,0.07442554086446762,0.0027945709880441427,0.008550424128770828,0.5063471794128418
32086,0,1,explicit_mmr,implicit_mmr,train,0.42375850677490234,0.5062986612319946,0.004732359666377306,0.0001308086357312277,0.061095740646123886,0.0039839232340455055
32087,2,5,multi_method_not_mmr,quant_only,train,0.0020964662544429302,0.03146546334028244,0.27691778540611267,0.040182121098041534,0.1526302844285965,0.4967077970504761
32088,5,5,quant_only,quant_only,train,0.00247897463850677,0.04020983353257179,0.23321011662483215,0.08474696427583694,0.033151254057884216,0.6062028408050537
32091,2,1,multi_method_not_mmr,implicit_mmr,train,0.06138128042221069,0.5690931081771851,0.13017143309116364,0.0006846674950793386,0.06599406152963638,0.1726754903793335
32092,3,3,no_method_signal,no_method_signal,train,0.0002545284223742783,0.0008083321154117584,0.09284253418445587,0.8961054682731628,0.0021395557560026646,0.007849532179534435
32095,4,1,qual_only,implicit_mmr,train,0.3121185898780823,0.3757612407207489,0.006751547567546368,0.00016339539433829486,0.30069947242736816,0.004505757708102465
32096,2,4,multi_method_not_mmr,qual_only,train,0.0021537616848945618,0.009269187226891518,0.2161334753036499,0.03145039826631546,0.6763408184051514,0.06465228646993637
32097,4,3,qual_only,no_method_signal,train,0.0004718465206678957,0.004182829055935144,0.3128131031990051,0.4159988760948181,0.1198958158493042,0.14663758873939514
32098,3,3,no_method_signal,no_method_signal,train,7.584978447994217e-05,0.0003116648877039552,0.024269720539450645,0.9648724794387817,0.0025871903635561466,0.007883118465542793
32100,3,3,no_method_signal,no_method_signal,train,0.00035993786877952516,0.004203762859106064,0.06871563196182251,0.6950803399085999,0.01040710136294365,0.22123318910598755
32101,3,3,no_method_signal,no_method_signal,train,9.997560118790716e-05,0.0003315193753223866,0.026871055364608765,0.9653682708740234,0.0022140732035040855,0.00511508621275425
32102,5,3,quant_only,no_method_signal,train,8.642013563076034e-05,0.00032559983083046973,0.022935204207897186,0.967559814453125,0.001651979167945683,0.007441098336130381
32103,1,1,implicit_mmr,implicit_mmr,train,0.2694935202598572,0.6607831120491028,0.012195969931781292,6.77324496791698e-05,0.04390764981508255,0.013552064076066017
32104,3,3,no_method_signal,no_method_signal,train,0.0005298032774589956,0.0045852032490074635,0.24991703033447266,0.5921706557273865,0.006007100455462933,0.14679017663002014
32106,2,1,multi_method_not_mmr,implicit_mmr,train,0.12622666358947754,0.6168151497840881,0.06833241879940033,0.0002733410510700196,0.07338845729827881,0.11496400088071823
32107,3,3,no_method_signal,no_method_signal,train,0.00015292505850084126,0.0005240549216978252,0.04517253860831261,0.946109414100647,0.0030879636760801077,0.004953144583851099
32108,3,3,no_method_signal,no_method_signal,train,0.0001690847857389599,0.0005779870552942157,0.05310005322098732,0.9373822808265686,0.003385860240086913,0.005384704563766718
32109,3,3,no_method_signal,no_method_signal,train,0.0001408667885698378,0.00047908248961903155,0.04918734356760979,0.9417057037353516,0.002675370080396533,0.005811537150293589
32110,3,3,no_method_signal,no_method_signal,train,0.00015320062811952084,0.0005234204581938684,0.04606100544333458,0.9451488256454468,0.0030598794110119343,0.005053582135587931
32111,3,3,no_method_signal,no_method_signal,train,0.0001675172825343907,0.0005710949772037566,0.05259121209383011,0.9379249215126038,0.0033622686751186848,0.005383030045777559
32112,3,3,no_method_signal,no_method_signal,train,0.00013444427167996764,0.00045336969196796417,0.04583355039358139,0.9454485177993774,0.0026210176292806864,0.0055091483518481255
32115,3,3,no_method_signal,no_method_signal,train,0.00011171772348461673,0.0004499262722674757,0.04670040309429169,0.944101095199585,0.0025270418263971806,0.006109859328716993
32116,3,3,no_method_signal,no_method_signal,train,0.00038654578384011984,0.002734258072450757,0.15730926394462585,0.6659977436065674,0.06923273205757141,0.10433942824602127
32118,3,3,no_method_signal,no_method_signal,train,0.00016335003601852804,0.0005742381326854229,0.05884411185979843,0.9301522970199585,0.004167723003774881,0.006098348181694746
32119,2,3,multi_method_not_mmr,no_method_signal,train,0.0002349775459151715,0.0011034306371584535,0.1465938538312912,0.8327687382698059,0.003906428348273039,0.015392622910439968
32120,1,1,implicit_mmr,implicit_mmr,train,0.1543784886598587,0.5710595846176147,0.07970844954252243,0.00031073635909706354,0.0804481953382492,0.11409461498260498
32121,2,3,multi_method_not_mmr,no_method_signal,train,0.00023751624394208193,0.0010545956902205944,0.13933633267879486,0.8417177796363831,0.0035871732980012894,0.014066695235669613
32122,5,5,quant_only,quant_only,train,0.016661742702126503,0.12255097925662994,0.1833714097738266,0.010298732668161392,0.018516959622502327,0.648600161075592
32123,2,3,multi_method_not_mmr,no_method_signal,train,0.0003892647218890488,0.0018310942687094212,0.18973764777183533,0.6797313094139099,0.10338842868804932,0.02492230199277401
32125,3,3,no_method_signal,no_method_signal,train,0.0001164475834229961,0.00045875110663473606,0.04820431396365166,0.9375227689743042,0.007440086454153061,0.006257657427340746
32127,4,4,qual_only,qual_only,train,0.001478570164181292,0.010711227543652058,0.2007588893175125,0.033892564475536346,0.6341537237167358,0.11900504678487778
32128,3,3,no_method_signal,no_method_signal,train,0.00046015792759135365,0.0027332783211022615,0.2046518176794052,0.3824217915534973,0.34768933057785034,0.06204363331198692
32129,3,3,no_method_signal,no_method_signal,train,0.0004961267695762217,0.00607070978730917,0.12224018573760986,0.49791163206100464,0.024036698043346405,0.34924471378326416
32130,1,1,implicit_mmr,implicit_mmr,train,0.19344553351402283,0.6576236486434937,0.034414589405059814,0.00011063061538152397,0.06262647360563278,0.05177909508347511
32131,4,4,qual_only,qual_only,train,0.00772486999630928,0.03987324610352516,0.1797279417514801,0.004021522589027882,0.7024799585342407,0.06617244333028793
32132,5,5,quant_only,quant_only,train,0.008021772839128971,0.04425705224275589,0.07761260867118835,0.04657333716750145,0.008381449617445469,0.8151537775993347
32133,5,5,quant_only,quant_only,train,0.004125091712921858,0.015083879232406616,0.0726143941283226,0.18226997554302216,0.019116055220365524,0.7067906260490417
32134,2,3,multi_method_not_mmr,no_method_signal,train,8.529522165190428e-05,0.0004214299260638654,0.035278864204883575,0.9472589492797852,0.006098609417676926,0.01085691899061203
32135,3,3,no_method_signal,no_method_signal,train,0.00036582720349542797,0.003652595216408372,0.1841135025024414,0.5382050275802612,0.12051405012607574,0.15314903855323792
32136,4,4,qual_only,qual_only,train,0.0220887940376997,0.10104942321777344,0.06821072101593018,0.0006683669053018093,0.7947889566421509,0.013193757273256779
32137,5,5,quant_only,quant_only,train,0.03604063764214516,0.17507772147655487,0.10898512601852417,0.005584271624684334,0.007491625379770994,0.6668205857276917
32138,2,4,multi_method_not_mmr,qual_only,train,0.0031290119513869286,0.03179928660392761,0.33371639251708984,0.027172906324267387,0.40121063590049744,0.20297180116176605
32139,0,1,explicit_mmr,implicit_mmr,train,0.3253350555896759,0.5565529465675354,0.027050955221056938,0.000130595188238658,0.021359996870160103,0.06957041472196579
32140,4,4,qual_only,qual_only,train,0.01727105863392353,0.1166524738073349,0.23163427412509918,0.003025081241503358,0.5249461531639099,0.1064710021018982
32141,3,3,no_method_signal,no_method_signal,train,0.000255039514740929,0.0018218921031802893,0.03371543064713478,0.8905817866325378,0.007014516741037369,0.06661141663789749
32142,3,3,no_method_signal,no_method_signal,train,9.431791113456711e-05,0.0005245976499281824,0.02885304018855095,0.9516833424568176,0.0027477843686938286,0.01609703153371811
32143,3,3,no_method_signal,no_method_signal,train,0.00022941138013266027,0.0016354807885363698,0.08687332272529602,0.8123492002487183,0.01371664460748434,0.08519595861434937
32145,0,4,explicit_mmr,qual_only,train,0.07397861778736115,0.1671978235244751,0.029252810403704643,0.0002391813904978335,0.718959391117096,0.010372196324169636
32146,0,0,explicit_mmr,explicit_mmr,train,0.5513350963592529,0.4062849283218384,0.004686092957854271,6.208795093698427e-05,0.032080795615911484,0.005550930742174387
32147,3,3,no_method_signal,no_method_signal,train,8.255110878963023e-05,0.0003073376719839871,0.02662728913128376,0.9629745483398438,0.0037848760839551687,0.0062233926728367805
32148,1,1,implicit_mmr,implicit_mmr,train,0.06507685035467148,0.4347434937953949,0.1349104791879654,0.0007088107522577047,0.2308775633573532,0.13368278741836548
32149,3,3,no_method_signal,no_method_signal,train,0.001203648280352354,0.00826209131628275,0.2451210618019104,0.4102918207645416,0.004432696383446455,0.3306887447834015
32150,5,3,quant_only,no_method_signal,train,0.00026588374748826027,0.002332397038117051,0.07968350499868393,0.8288686275482178,0.0027787326835095882,0.0860709473490715
32152,3,3,no_method_signal,no_method_signal,train,0.00011555819946806878,0.0005653880652971566,0.056567516177892685,0.9172653555870056,0.015613858588039875,0.009872324764728546
32153,5,5,quant_only,quant_only,train,0.011098148301243782,0.14868523180484772,0.25257644057273865,0.0074173882603645325,0.27728036046028137,0.3029424548149109
32155,3,3,no_method_signal,no_method_signal,train,7.428872777381912e-05,0.00034944817889481783,0.036934226751327515,0.949517011642456,0.0029560248367488384,0.010168969631195068
32156,0,1,explicit_mmr,implicit_mmr,train,0.3247036337852478,0.5586783289909363,0.026776231825351715,0.00012590273399837315,0.02187631092965603,0.067839615046978
32157,4,4,qual_only,qual_only,train,0.006936435122042894,0.040233198553323746,0.2579192817211151,0.010411545634269714,0.5808925032615662,0.10360699146986008
32158,5,3,quant_only,no_method_signal,train,0.0005052776541560888,0.003340549534186721,0.061558861285448074,0.6956018805503845,0.011745168827474117,0.22724826633930206
32159,5,3,quant_only,no_method_signal,train,0.0002140965370927006,0.0015364309074357152,0.05281899496912956,0.8432816863059998,0.016176370903849602,0.085972361266613
32160,4,3,qual_only,no_method_signal,train,0.00026042270474135876,0.0029330654069781303,0.10806937515735626,0.6877127289772034,0.032683342695236206,0.16834105551242828
32161,3,3,no_method_signal,no_method_signal,train,0.00013815698912367225,0.001177594531327486,0.05324504151940346,0.8824172019958496,0.0055199116468429565,0.057502150535583496
32162,3,3,no_method_signal,no_method_signal,train,0.0001019119517877698,0.0004847365780733526,0.025138763710856438,0.9510497450828552,0.002622224623337388,0.02060258574783802
32163,5,3,quant_only,no_method_signal,train,0.00022389806690625846,0.001599107519723475,0.046423301100730896,0.8455093502998352,0.015074492432177067,0.0911698192358017
32165,0,5,explicit_mmr,quant_only,train,0.029149143025279045,0.12557949125766754,0.14300663769245148,0.01001696102321148,0.016011234372854233,0.6762365102767944
32168,0,1,explicit_mmr,implicit_mmr,train,0.07002469152212143,0.34868448972702026,0.1540740430355072,0.0010020975023508072,0.24171733856201172,0.1844973862171173
32170,3,3,no_method_signal,no_method_signal,train,0.0001571081520523876,0.0008694136631675065,0.08213137835264206,0.8613621592521667,0.031877513974905014,0.023602385073900223
32171,5,4,quant_only,qual_only,train,0.037894923239946365,0.25373929738998413,0.19424623250961304,0.0015372722409665585,0.310629665851593,0.20195263624191284
32172,5,4,quant_only,qual_only,train,0.03587060049176216,0.21052995324134827,0.16625769436359406,0.0014518608804792166,0.48226460814476013,0.10362525284290314
32173,5,1,quant_only,implicit_mmr,train,0.08874467760324478,0.37905943393707275,0.12666475772857666,0.000687846855726093,0.26417842507362366,0.14066486060619354
32174,0,1,explicit_mmr,implicit_mmr,train,0.30283573269844055,0.5775975584983826,0.01810741424560547,0.0003925539494957775,0.006386402063071728,0.09468043595552444
32175,1,1,implicit_mmr,implicit_mmr,train,0.2663589417934418,0.6660302877426147,0.013290518894791603,9.424186282558367e-05,0.02148750238120556,0.032738447189331055
32176,1,1,implicit_mmr,implicit_mmr,train,0.3925279676914215,0.4905148148536682,0.016161784529685974,0.0002655992575455457,0.008035773411393166,0.09249399602413177
32177,2,4,multi_method_not_mmr,qual_only,train,0.0013073632726445794,0.007520071230828762,0.23667964339256287,0.0684453696012497,0.6063311100006104,0.07971645146608353
32178,2,4,multi_method_not_mmr,qual_only,train,0.0013273365329951048,0.009083895944058895,0.28962838649749756,0.089601069688797,0.5178363919258118,0.09252296388149261
32179,5,5,quant_only,quant_only,train,0.002365438500419259,0.029963575303554535,0.2688804864883423,0.0567515529692173,0.0702279731631279,0.5718109011650085
32180,3,4,no_method_signal,qual_only,train,0.0006813936633989215,0.0030134383123368025,0.21122269332408905,0.28263381123542786,0.45637261867523193,0.046076055616140366
32181,2,4,multi_method_not_mmr,qual_only,train,0.001590219559147954,0.010987685061991215,0.29214510321617126,0.06911608576774597,0.5300090312957764,0.09615186601877213
32182,5,5,quant_only,quant_only,train,0.0019021297339349985,0.028859907761216164,0.33713406324386597,0.057432230561971664,0.1357675939798355,0.4389040470123291
32183,4,4,qual_only,qual_only,train,0.09531350433826447,0.3555130958557129,0.0918096974492073,0.00038791948463767767,0.38605666160583496,0.07091919332742691
32185,4,4,qual_only,qual_only,train,0.00224871002137661,0.00749783031642437,0.11042635887861252,0.014321520924568176,0.8372918963432312,0.028213711455464363
32186,2,5,multi_method_not_mmr,quant_only,train,0.01529894769191742,0.13002270460128784,0.2694077491760254,0.006211263593286276,0.18801596760749817,0.39104339480400085
32188,3,3,no_method_signal,no_method_signal,train,9.384798613609746e-05,0.00041677235276438296,0.04874369874596596,0.938186526298523,0.00326003460213542,0.009299137629568577
32189,3,3,no_method_signal,no_method_signal,train,0.00017518650565762073,0.0011110445484519005,0.14071714878082275,0.8244315981864929,0.004313296638429165,0.02925175428390503
32191,2,5,multi_method_not_mmr,quant_only,train,0.0009896300034597516,0.009075334295630455,0.12442122399806976,0.39914417266845703,0.00671120872721076,0.4596584141254425
32192,5,3,quant_only,no_method_signal,train,0.0006059451261535287,0.005934633780270815,0.1309034675359726,0.541025698184967,0.0069221737794578075,0.314608097076416
32193,3,3,no_method_signal,no_method_signal,train,8.243344927905127e-05,0.00041844521183520555,0.03270215913653374,0.9523215293884277,0.004127970896661282,0.010347441770136356
32195,2,3,multi_method_not_mmr,no_method_signal,train,0.001177102909423411,0.006371687166392803,0.17045918107032776,0.3831900358200073,0.20767323672771454,0.2311287224292755
32196,3,3,no_method_signal,no_method_signal,train,7.272340735653415e-05,0.00039359749644063413,0.02839147299528122,0.9580085277557373,0.0035643535666167736,0.009569386951625347
32197,3,5,no_method_signal,quant_only,train,0.0007020033663138747,0.009354355745017529,0.12721329927444458,0.4023684561252594,0.029995862394571304,0.43036603927612305
32198,3,3,no_method_signal,no_method_signal,train,0.00039182466571219265,0.004857958294451237,0.12205639481544495,0.6100146770477295,0.007583856116980314,0.2550952434539795
32199,0,0,explicit_mmr,explicit_mmr,train,0.5170930027961731,0.45439019799232483,0.005403384566307068,8.33154481370002e-05,0.014533334411680698,0.008496781811118126
32200,0,0,explicit_mmr,explicit_mmr,train,0.5411005020141602,0.4305490553379059,0.005835779011249542,0.00010382268374087289,0.008253460749983788,0.014157382771372795
32201,0,0,explicit_mmr,explicit_mmr,train,0.5257384777069092,0.43271884322166443,0.00878636073321104,9.198486077366397e-05,0.007612138520926237,0.02505219168961048
32202,1,0,implicit_mmr,explicit_mmr,train,0.5567895770072937,0.40989479422569275,0.0061151133850216866,6.266011769184843e-05,0.01733051799237728,0.009807364083826542
32203,2,4,multi_method_not_mmr,qual_only,train,0.002516806358471513,0.008532918058335781,0.17389948666095734,0.07644060999155045,0.7013580203056335,0.03725222498178482
32204,5,5,quant_only,quant_only,train,0.1517576426267624,0.2445605993270874,0.071625716984272,0.0025199835654348135,0.007710222154855728,0.521825909614563
32205,3,3,no_method_signal,no_method_signal,train,0.00031354284146800637,0.0019250460900366306,0.13523466885089874,0.6242955327033997,0.17624883353710175,0.06198236718773842
32206,4,5,qual_only,quant_only,train,0.0018385580042377114,0.028097771108150482,0.3004744052886963,0.046520158648490906,0.30982130765914917,0.31324777007102966
32208,1,1,implicit_mmr,implicit_mmr,train,0.39024263620376587,0.5751177668571472,0.007119940593838692,7.304897007998079e-05,0.01497010700404644,0.012476561591029167
32209,2,3,multi_method_not_mmr,no_method_signal,train,0.00040900864405557513,0.006444810424000025,0.23837308585643768,0.4041358530521393,0.10189542174339294,0.24874192476272583
32210,5,5,quant_only,quant_only,train,0.0018824681174010038,0.025700369849801064,0.15629835426807404,0.1018344834446907,0.04360717535018921,0.6706772446632385
32211,1,1,implicit_mmr,implicit_mmr,train,0.412264883518219,0.5580369830131531,0.005739557556807995,9.721399692352861e-05,0.01179411355406046,0.012067394331097603
32212,1,0,implicit_mmr,explicit_mmr,train,0.5312162041664124,0.43740609288215637,0.0049616871401667595,6.449901411542669e-05,0.013759003020823002,0.012592465616762638
32213,4,4,qual_only,qual_only,train,0.009767291136085987,0.10497508943080902,0.24501684308052063,0.005507897585630417,0.4889640212059021,0.1457688808441162
32214,1,1,implicit_mmr,implicit_mmr,train,0.25919675827026367,0.6482051610946655,0.019820600748062134,7.39668685127981e-05,0.04435336962342262,0.028350168839097023
32215,0,1,explicit_mmr,implicit_mmr,train,0.23724809288978577,0.6601284742355347,0.026686090975999832,9.267863060813397e-05,0.0369953028857708,0.03884940594434738
32216,4,4,qual_only,qual_only,train,0.002781377639621496,0.025599058717489243,0.2730756998062134,0.0166866984218359,0.6218107342720032,0.06004642695188522
32217,4,4,qual_only,qual_only,train,0.0020173622760921717,0.01904088817536831,0.24336488544940948,0.021560128778219223,0.6238657236099243,0.09015106409788132
32218,4,4,qual_only,qual_only,train,0.005312078166753054,0.023885028436779976,0.10545617341995239,0.0031303176656365395,0.8338340520858765,0.028382426127791405
32220,3,3,no_method_signal,no_method_signal,train,0.0002625533670652658,0.002288761781528592,0.10635294020175934,0.7168278098106384,0.059036459773778915,0.1152314841747284
32221,0,5,explicit_mmr,quant_only,train,0.02201739512383938,0.24855172634124756,0.21513649821281433,0.0032699978910386562,0.16771887242794037,0.3433055579662323
32222,3,3,no_method_signal,no_method_signal,train,0.00010462885984452441,0.0007170201861299574,0.06786485761404037,0.9094883799552917,0.006639949511736631,0.015185129828751087
32223,1,1,implicit_mmr,implicit_mmr,train,0.1864914447069168,0.6217080950737,0.02542686089873314,0.00010418712190585211,0.14706510305404663,0.019204232841730118
32224,1,1,implicit_mmr,implicit_mmr,train,0.0857115089893341,0.6069960594177246,0.06017963960766792,0.0002579257998149842,0.20084848999977112,0.04600638151168823
32225,2,2,multi_method_not_mmr,multi_method_not_mmr,train,0.0010332127567380667,0.01672597974538803,0.33195966482162476,0.12395776808261871,0.2729699909687042,0.25335338711738586
32226,1,1,implicit_mmr,implicit_mmr,train,0.2879672944545746,0.6531299352645874,0.010809199884533882,9.125013457378373e-05,0.02477770857512951,0.023224592208862305
32227,5,3,quant_only,no_method_signal,train,0.00013517918705474585,0.001419951906427741,0.057954493910074234,0.8559756875038147,0.012274317443370819,0.07224029302597046
32228,3,3,no_method_signal,no_method_signal,train,0.0001381080219289288,0.0008516601519659162,0.044850222766399384,0.8982937335968018,0.020475313067436218,0.035391077399253845
32230,5,5,quant_only,quant_only,train,0.001302232500165701,0.008642226457595825,0.06890260428190231,0.4478217661380768,0.010437230579555035,0.4628939628601074
32231,4,3,qual_only,no_method_signal,train,0.00044973412877880037,0.0027574237901717424,0.09904994815587997,0.6618912220001221,0.13987252116203308,0.09597917646169662
32233,3,3,no_method_signal,no_method_signal,train,0.0002132969966623932,0.0015858219703659415,0.19629842042922974,0.7486165761947632,0.009092221967875957,0.04419363662600517
32234,3,3,no_method_signal,no_method_signal,train,0.00033491820795461535,0.0009694646578282118,0.10629650950431824,0.8821387887001038,0.001998311374336481,0.008261935785412788
32235,3,3,no_method_signal,no_method_signal,train,8.452806650893763e-05,0.00038935046177357435,0.03300207108259201,0.9552069306373596,0.0034299360122531652,0.00788713339716196
32237,5,5,quant_only,quant_only,train,0.07458988577127457,0.20457026362419128,0.08223141729831696,0.007339230738580227,0.0037856665439903736,0.6274835467338562
32238,3,3,no_method_signal,no_method_signal,train,7.8999662946444e-05,0.00036569469375535846,0.020165298134088516,0.9712409377098083,0.0020648189820349216,0.006084159016609192
32239,3,3,no_method_signal,no_method_signal,train,0.00021976437710691243,0.0020804302766919136,0.1979706883430481,0.727226197719574,0.03816092759370804,0.03434193879365921
32240,2,3,multi_method_not_mmr,no_method_signal,train,0.00034168214187957346,0.0029782713390886784,0.2595246136188507,0.5856968760490417,0.10672851651906967,0.044729992747306824
32241,5,4,quant_only,qual_only,train,0.0017540447879582644,0.013227525167167187,0.31757181882858276,0.058769870549440384,0.4192409813404083,0.1894357055425644
32242,1,1,implicit_mmr,implicit_mmr,train,0.18508337438106537,0.554450273513794,0.049072265625,0.0009478399879299104,0.007660429924726486,0.20278587937355042
32243,1,1,implicit_mmr,implicit_mmr,train,0.3662397265434265,0.4380832314491272,0.026457928121089935,0.0004972981987521052,0.007980739697813988,0.16074104607105255
32244,3,3,no_method_signal,no_method_signal,train,0.0004763926554005593,0.007027891464531422,0.28156962990760803,0.28554028272628784,0.14621196687221527,0.27917376160621643
32245,5,2,quant_only,multi_method_not_mmr,train,0.005497240461409092,0.05316876992583275,0.35159462690353394,0.014555143192410469,0.29477301239967346,0.2804112732410431
32246,3,3,no_method_signal,no_method_signal,train,0.0001326796627836302,0.0007207696326076984,0.08181577175855637,0.8793619275093079,0.024084344506263733,0.013884450308978558
32250,2,4,multi_method_not_mmr,qual_only,train,0.007439363747835159,0.07519452273845673,0.19582508504390717,0.005369401071220636,0.5550423860549927,0.1611291766166687
32251,5,5,quant_only,quant_only,train,0.003621309529989958,0.040698036551475525,0.14352118968963623,0.031366974115371704,0.024422649294137955,0.7563698887825012
32252,3,3,no_method_signal,no_method_signal,train,0.00013810045493301004,0.0004943229141645133,0.05175060033798218,0.9382842183113098,0.003174383193254471,0.0061583551578223705
32253,5,5,quant_only,quant_only,train,0.0026858989149332047,0.050430044531822205,0.2397395670413971,0.04323834553360939,0.0717993900179863,0.5921066999435425
32254,3,3,no_method_signal,no_method_signal,train,0.0001392718986608088,0.001062351162545383,0.07613179087638855,0.8446093201637268,0.03616893291473389,0.04188831150531769
32255,4,4,qual_only,qual_only,train,0.000706076214555651,0.004838394001126289,0.2457342892885208,0.17008532583713531,0.4882097840309143,0.09042611718177795
32256,1,1,implicit_mmr,implicit_mmr,train,0.1939953714609146,0.6711796522140503,0.029217423871159554,0.00014477307558991015,0.04301784932613373,0.062445007264614105
32257,2,5,multi_method_not_mmr,quant_only,train,0.008434944786131382,0.06972362101078033,0.30990275740623474,0.013020829297602177,0.07309245318174362,0.5258253812789917
32258,5,5,quant_only,quant_only,train,0.003206744324415922,0.025208251550793648,0.23997041583061218,0.03463725745677948,0.2647225856781006,0.4322547912597656
32259,4,4,qual_only,qual_only,train,0.0021319028455764055,0.01688368059694767,0.21857908368110657,0.019131718203425407,0.6615469455718994,0.08172662556171417
32261,3,3,no_method_signal,no_method_signal,train,8.8915963715408e-05,0.0003790895571000874,0.03851093351840973,0.9502155184745789,0.003885868238285184,0.0069196792319417
32262,2,3,multi_method_not_mmr,no_method_signal,train,0.00020015996415168047,0.0017251353710889816,0.18445441126823425,0.7615990042686462,0.016721412539482117,0.03529994934797287
32263,2,3,multi_method_not_mmr,no_method_signal,train,0.00045261005288921297,0.0019198302179574966,0.20641152560710907,0.6390734314918518,0.12997277081012726,0.022169847041368484
32264,0,1,explicit_mmr,implicit_mmr,train,0.12047804892063141,0.5502628684043884,0.06335389614105225,0.0006072181859053671,0.016787178814411163,0.24851082265377045
32265,0,1,explicit_mmr,implicit_mmr,train,0.25790566205978394,0.4992107152938843,0.03655003011226654,0.00041236524702981114,0.009087951853871346,0.1968332678079605
32266,3,3,no_method_signal,no_method_signal,train,0.00019876698206644505,0.001951983547769487,0.19553817808628082,0.7424703240394592,0.012653570622205734,0.04718718305230141
32267,1,4,implicit_mmr,qual_only,train,0.0133255859836936,0.05619865655899048,0.11579179763793945,0.002254670951515436,0.7588072419166565,0.05362199619412422
32268,1,1,implicit_mmr,implicit_mmr,train,0.357467383146286,0.5946100950241089,0.007726346142590046,0.00011748973338399082,0.016188526526093483,0.023890133947134018
32269,2,1,multi_method_not_mmr,implicit_mmr,train,0.1426839679479599,0.4536046087741852,0.07480757683515549,0.0009848070330917835,0.017964916303753853,0.30995407700538635
32270,5,4,quant_only,qual_only,train,0.014777380973100662,0.13252072036266327,0.2788478434085846,0.005644363816827536,0.32878416776657104,0.23942555487155914
32272,1,1,implicit_mmr,implicit_mmr,train,0.18878750503063202,0.4914630055427551,0.016440128907561302,0.00012741914542857558,0.29195570945739746,0.011226148344576359
32273,4,4,qual_only,qual_only,train,0.004913590382784605,0.035955335944890976,0.2259104698896408,0.00897256936877966,0.6003813743591309,0.12386661022901535
32274,4,4,qual_only,qual_only,train,0.004247109871357679,0.018884632736444473,0.18041366338729858,0.008915828540921211,0.7114599347114563,0.07607876509428024
32275,2,5,multi_method_not_mmr,quant_only,train,0.0007961431401781738,0.014121177606284618,0.28657349944114685,0.18460729718208313,0.10998522490262985,0.403916597366333
32276,4,4,qual_only,qual_only,train,0.0017229580553248525,0.008331247605383396,0.15487505495548248,0.018402548506855965,0.7629712820053101,0.05369702726602554
32277,4,4,qual_only,qual_only,train,0.0015195388114079833,0.008415979333221912,0.1763017177581787,0.024069759994745255,0.7257636785507202,0.06392928212881088
32278,4,4,qual_only,qual_only,train,0.0018325409619137645,0.00844212993979454,0.14526017010211945,0.01530266460031271,0.7789710760116577,0.05019138753414154
32279,3,3,no_method_signal,no_method_signal,train,0.0006508087390102446,0.005140569526702166,0.12943334877490997,0.4176466763019562,0.05231131613254547,0.3948172926902771
32280,4,4,qual_only,qual_only,train,0.001924573560245335,0.009548678994178772,0.16180670261383057,0.017242219299077988,0.7523866295814514,0.05709123611450195
32281,4,4,qual_only,qual_only,train,0.0014392809243872762,0.006524235475808382,0.16147871315479279,0.027305128052830696,0.7500109672546387,0.05324164405465126
32282,1,1,implicit_mmr,implicit_mmr,train,0.1623469591140747,0.5739827156066895,0.07596825063228607,0.0002966036554425955,0.07668928802013397,0.11071624606847763
32283,0,0,explicit_mmr,explicit_mmr,train,0.5318225026130676,0.43035462498664856,0.0043881675228476524,5.7242232287535444e-05,0.0259765163064003,0.007400990929454565
32284,3,3,no_method_signal,no_method_signal,train,0.00037790165515616536,0.0037076084408909082,0.2101910263299942,0.5437284111976624,0.12454956769943237,0.11744552105665207
32285,0,0,explicit_mmr,explicit_mmr,train,0.4146469831466675,0.3552756905555725,0.010317260399460793,7.074568566167727e-05,0.2130611091852188,0.006628198083490133
32286,0,0,explicit_mmr,explicit_mmr,train,0.43742606043815613,0.40663573145866394,0.021137598901987076,0.00046578148612752557,0.004316270351409912,0.13001859188079834
32287,1,5,implicit_mmr,quant_only,train,0.011252661235630512,0.1292516589164734,0.234544038772583,0.007598869036883116,0.1668376922607422,0.45051512122154236
32288,5,5,quant_only,quant_only,train,0.003016976872459054,0.01891493797302246,0.08501967042684555,0.14920517802238464,0.011709524318575859,0.732133686542511
32289,2,5,multi_method_not_mmr,quant_only,train,0.002129491651430726,0.022868352010846138,0.12409167736768723,0.1685768961906433,0.01770547218620777,0.6646280884742737
32290,1,1,implicit_mmr,implicit_mmr,train,0.1513766050338745,0.5470092296600342,0.061047617346048355,0.00023703722399659455,0.19028283655643463,0.05004668980836868
32291,0,1,explicit_mmr,implicit_mmr,train,0.18746809661388397,0.6465756893157959,0.03942309319972992,0.00017742793716024607,0.034498680382966995,0.09185703843832016
32292,1,4,implicit_mmr,qual_only,train,0.1438886672258377,0.3645602762699127,0.033743709325790405,0.00019218766828998923,0.44378966093063354,0.013825521804392338
32293,1,4,implicit_mmr,qual_only,train,0.2058134824037552,0.35265013575553894,0.018573664128780365,0.00016264543228317052,0.4156159460544586,0.007184082642197609
32294,1,1,implicit_mmr,implicit_mmr,train,0.1425018310546875,0.547789454460144,0.06543944031000137,0.00024951252271421254,0.18855148553848267,0.05546821653842926
32295,3,3,no_method_signal,no_method_signal,train,0.0001419351901859045,0.0014532083878293633,0.08285515755414963,0.8547067046165466,0.0034056943841278553,0.057437263429164886
32296,0,0,explicit_mmr,explicit_mmr,train,0.6514195799827576,0.29380106925964355,0.002851744880899787,9.698784560896456e-05,0.04746720939874649,0.004363388288766146
32297,1,1,implicit_mmr,implicit_mmr,train,0.14406323432922363,0.5537201166152954,0.06252769380807877,0.00023831641010474414,0.1912604123353958,0.04819029942154884
32298,4,4,qual_only,qual_only,train,0.011170961894094944,0.056656613945961,0.18295994400978088,0.002934733871370554,0.6739034056663513,0.07237426936626434
32299,3,3,no_method_signal,no_method_signal,train,0.0014929749304428697,0.012018906883895397,0.32977423071861267,0.33333033323287964,0.005613428074866533,0.3177700936794281
32301,3,3,no_method_signal,no_method_signal,train,0.00011914717470062897,0.000700832053553313,0.03760634735226631,0.9174690842628479,0.018961498513817787,0.025143081322312355
32302,2,5,multi_method_not_mmr,quant_only,train,0.0012612194987013936,0.02000577189028263,0.21163789927959442,0.166326105594635,0.06695980578660965,0.5338091850280762
32303,3,3,no_method_signal,no_method_signal,train,9.143468923866749e-05,0.00048105078167282045,0.02982085943222046,0.9467865228652954,0.006161185912787914,0.01665891334414482
32304,3,3,no_method_signal,no_method_signal,train,0.00011145489406771958,0.0011109139304608107,0.07711708545684814,0.8699052929878235,0.019947228953242302,0.03180808573961258
32305,2,3,multi_method_not_mmr,no_method_signal,train,0.0005554457893595099,0.008069224655628204,0.13308165967464447,0.47959089279174805,0.01959383115172386,0.35910895466804504
32306,3,3,no_method_signal,no_method_signal,train,0.0005359921487979591,0.0008901375695131719,0.03780313953757286,0.9558033347129822,0.0011451146565377712,0.0038222887087613344
32307,5,5,quant_only,quant_only,train,0.0029010032303631306,0.0173804871737957,0.2558496296405792,0.057303741574287415,0.2921992838382721,0.374365895986557
32308,5,5,quant_only,quant_only,train,0.0019660829566419125,0.014177043922245502,0.24390879273414612,0.09331773966550827,0.22959399223327637,0.4170363247394562
32309,2,4,multi_method_not_mmr,qual_only,train,0.001119704800657928,0.005398377310484648,0.2094762623310089,0.17539654672145844,0.48187193274497986,0.12673719227313995
32310,5,4,quant_only,qual_only,train,0.001770664006471634,0.012139411643147469,0.3288208544254303,0.05728946998715401,0.40596243739128113,0.194017231464386
32311,0,1,explicit_mmr,implicit_mmr,train,0.3590551018714905,0.5559302568435669,0.012390440329909325,7.62526979087852e-05,0.04638148844242096,0.026166550815105438
32312,0,0,explicit_mmr,explicit_mmr,train,0.5426622629165649,0.4293624460697174,0.005719435401260853,0.00010384497727500275,0.008279251866042614,0.013872766867280006
32313,0,0,explicit_mmr,explicit_mmr,train,0.5291992425918579,0.4425681233406067,0.0054840692318975925,8.4133971540723e-05,0.011542696505784988,0.011121734976768494
32314,0,0,explicit_mmr,explicit_mmr,train,0.4980234205722809,0.4746614098548889,0.005334721878170967,0.00010955861216643825,0.011216234415769577,0.010654667392373085
32315,5,3,quant_only,no_method_signal,train,0.00030707218684256077,0.002094603842124343,0.19844724237918854,0.6868534684181213,0.08495565503835678,0.02734191156923771
32316,3,3,no_method_signal,no_method_signal,train,0.00010975103941746056,0.0004417556629050523,0.04423779621720314,0.9413198828697205,0.0072715627029538155,0.006619217339903116
32317,3,3,no_method_signal,no_method_signal,train,0.00016021849296521395,0.0007459786138497293,0.08413922041654587,0.8890602588653564,0.017051691189408302,0.008842535316944122
32318,3,3,no_method_signal,no_method_signal,train,0.00016958932974375784,0.0006043561734259129,0.07043341547250748,0.9124976396560669,0.010310367681086063,0.005984696093946695
32320,5,5,quant_only,quant_only,train,0.0036585903726518154,0.01683630608022213,0.22905227541923523,0.22036676108837128,0.004000317770987749,0.5260856747627258
32321,0,4,explicit_mmr,qual_only,train,0.004705128259956837,0.03667882829904556,0.2437552660703659,0.010353272780776024,0.6404954791069031,0.06401199102401733
32323,3,3,no_method_signal,no_method_signal,train,0.0003179901686962694,0.002394335111603141,0.18915607035160065,0.6198084354400635,0.13980069756507874,0.04852252081036568
32324,2,4,multi_method_not_mmr,qual_only,train,0.0007363261538557708,0.005201720166951418,0.2423827052116394,0.2711406946182251,0.3013770878314972,0.1791614592075348
32325,1,1,implicit_mmr,implicit_mmr,train,0.39734119176864624,0.4818667471408844,0.005640837363898754,0.00013734005915466696,0.11123324185609818,0.003780626691877842
32326,5,5,quant_only,quant_only,train,0.004035856109112501,0.06069352105259895,0.17727196216583252,0.020833654329180717,0.04796821251511574,0.689196765422821
32327,3,3,no_method_signal,no_method_signal,train,0.00027767018764279783,0.002439656760543585,0.11902304738759995,0.6724132299423218,0.08659639954566956,0.11924993991851807
32328,3,3,no_method_signal,no_method_signal,train,0.00018585004727356136,0.000983081990852952,0.08886315673589706,0.8376567363739014,0.05252926051616669,0.01978188008069992
32329,5,5,quant_only,quant_only,train,0.0014529883628711104,0.011672060936689377,0.1787627637386322,0.10139736533164978,0.10839502513408661,0.5983198285102844
32330,1,1,implicit_mmr,implicit_mmr,train,0.2547469437122345,0.5827503204345703,0.02118685096502304,7.226361049106345e-05,0.12403985112905502,0.017203770577907562
32331,5,5,quant_only,quant_only,train,0.005913085769861937,0.03277914971113205,0.0698254406452179,0.09170655161142349,0.006519376300275326,0.793256402015686
32332,5,5,quant_only,quant_only,train,0.0013500017812475562,0.010102511383593082,0.1676562875509262,0.12693795561790466,0.1113814041018486,0.5825718641281128
32333,3,3,no_method_signal,no_method_signal,train,0.00012276205234229565,0.0006744670099578798,0.05760766938328743,0.9010556936264038,0.024840926751494408,0.015698503702878952
32334,5,5,quant_only,quant_only,train,0.004064957145601511,0.05726964399218559,0.1893792450428009,0.03865006938576698,0.060658056288957596,0.6499781012535095
32335,2,5,multi_method_not_mmr,quant_only,train,0.006202938035130501,0.05730658769607544,0.12995362281799316,0.021340452134609222,0.017078464850783348,0.7681179046630859
32337,3,3,no_method_signal,no_method_signal,train,0.00021603216009680182,0.0019011900294572115,0.09620709717273712,0.8022142052650452,0.027744662016630173,0.07171671092510223
32338,3,3,no_method_signal,no_method_signal,train,0.00010988737631123513,0.0003547894593793899,0.02797667495906353,0.9637342691421509,0.0016951202414929867,0.006129309069365263
32339,5,4,quant_only,qual_only,train,0.001928322366438806,0.02609183080494404,0.3056029975414276,0.032078225165605545,0.49543094635009766,0.13886766135692596
32340,0,1,explicit_mmr,implicit_mmr,train,0.13309697806835175,0.43875652551651,0.0692284107208252,0.0002510730118956417,0.30177608132362366,0.05689089000225067
32341,1,1,implicit_mmr,implicit_mmr,train,0.35066431760787964,0.5394715070724487,0.017174677923321724,8.601290755905211e-05,0.056920479983091354,0.03568308427929878
32342,0,1,explicit_mmr,implicit_mmr,train,0.13224612176418304,0.5960642695426941,0.07996143400669098,0.0003110696852672845,0.09738262742757797,0.09403448551893234
32343,5,5,quant_only,quant_only,train,0.0022122368682175875,0.044928692281246185,0.3061639368534088,0.050822578370571136,0.20232488214969635,0.3935477137565613
32344,5,5,quant_only,quant_only,train,0.003133396152406931,0.02316899411380291,0.10824659466743469,0.13655707240104675,0.010086728259921074,0.7188072204589844
32346,5,3,quant_only,no_method_signal,train,8.540994167560712e-05,0.00036973797250539064,0.030793309211730957,0.9579063057899475,0.0033205519430339336,0.00752468965947628
32347,5,5,quant_only,quant_only,train,0.0025612683966755867,0.01966443657875061,0.10336976498365402,0.1423719972372055,0.014338993467390537,0.7176935076713562
32348,5,5,quant_only,quant_only,train,0.0010025325464084744,0.007329168263822794,0.07753735035657883,0.42777588963508606,0.018870346248149872,0.4674847424030304
32351,5,2,quant_only,multi_method_not_mmr,train,0.0009606632520444691,0.011667589657008648,0.29575714468955994,0.14389699697494507,0.2771298587322235,0.27058783173561096
32352,5,5,quant_only,quant_only,train,0.0013969190185889602,0.012570935301482677,0.11444655805826187,0.2230573445558548,0.03093760833144188,0.6175905466079712
32353,0,0,explicit_mmr,explicit_mmr,train,0.6327354311943054,0.34428536891937256,0.0037040647584944963,0.00010211893822997808,0.009988263249397278,0.009184795431792736
32360,2,2,multi_method_not_mmr,multi_method_not_mmr,train,0.0026789321564137936,0.04000839218497276,0.544651985168457,0.06859418749809265,0.10799887776374817,0.23606757819652557
32448,2,5,multi_method_not_mmr,quant_only,train,0.0010387926595285535,0.009083282202482224,0.1824287474155426,0.2767563760280609,0.054426420480012894,0.47626641392707825
32485,2,2,multi_method_not_mmr,multi_method_not_mmr,train,0.00971705187112093,0.09378042072057724,0.36927762627601624,0.009744604118168354,0.20583587884902954,0.31164437532424927
32521,2,5,multi_method_not_mmr,quant_only,train,0.0032901843078434467,0.014076916500926018,0.10414819419384003,0.08357109129428864,0.010499226860702038,0.7844143509864807
32527,3,3,no_method_signal,no_method_signal,train,0.0004805188800673932,0.0026199650019407272,0.19716589152812958,0.4489819407463074,0.14304885268211365,0.20770278573036194
32545,3,3,no_method_signal,no_method_signal,train,7.230243500089273e-05,0.00027155192219652236,0.027723580598831177,0.9537553191184998,0.003835709299892187,0.01434161327779293
32554,3,3,no_method_signal,no_method_signal,train,0.0019068574765697122,0.004880016669631004,0.05876006931066513,0.5054513216018677,0.005102937575429678,0.42389869689941406
32570,5,5,quant_only,quant_only,train,0.22160588204860687,0.2800232470035553,0.053628016263246536,0.0025637203361839056,0.0044380961917340755,0.43774107098579407
32573,5,5,quant_only,quant_only,train,0.007188176736235619,0.014423652552068233,0.18848392367362976,0.08558095991611481,0.008667693473398685,0.6956556439399719
32610,5,5,quant_only,quant_only,train,0.02563614770770073,0.014824970625340939,0.07075844705104828,0.09196720272302628,0.005186138674616814,0.7916271090507507
32633,2,5,multi_method_not_mmr,quant_only,train,0.010399794206023216,0.08358057588338852,0.20038895308971405,0.009921628050506115,0.025766558945178986,0.6699424386024475
32644,2,3,multi_method_not_mmr,no_method_signal,train,0.00034551857970654964,0.0021400495897978544,0.2054225206375122,0.6133807301521301,0.1365399956703186,0.04217108339071274
32648,2,5,multi_method_not_mmr,quant_only,train,0.05525815114378929,0.31906628608703613,0.21519209444522858,0.0024011062923818827,0.04705125093460083,0.36103102564811707
32706,5,3,quant_only,no_method_signal,train,0.003108602948486805,0.0049851927906274796,0.03939126059412956,0.5610564947128296,0.0013637650990858674,0.39009466767311096
32747,5,5,quant_only,quant_only,train,0.0034230623859912157,0.016978314146399498,0.10570132732391357,0.1413833051919937,0.005340767093002796,0.7271732687950134
32756,3,3,no_method_signal,no_method_signal,train,0.00010697152902139351,0.00047931575682014227,0.047017116099596024,0.9377269744873047,0.005719663575291634,0.008950041607022285
32784,3,3,no_method_signal,no_method_signal,train,0.001730322721414268,0.004896676633507013,0.08916747570037842,0.5163553357124329,0.002176197012886405,0.38567402958869934
11960,3,3,no_method_signal,no_method_signal,validation,0.00016058352775871754,0.0003066101635340601,0.018936501815915108,0.9388622045516968,0.0033807125873863697,0.03835346922278404
12060,2,3,multi_method_not_mmr,no_method_signal,validation,8.670048555359244e-05,0.00021860783454030752,0.02476467750966549,0.9660274982452393,0.0012522420147433877,0.00765023659914732
12832,1,5,implicit_mmr,quant_only,validation,0.09039334952831268,0.23705600202083588,0.10556604713201523,0.0031603926327079535,0.011018405668437481,0.5528057813644409
12941,4,5,qual_only,quant_only,validation,0.01971658505499363,0.22018444538116455,0.23338040709495544,0.0033742596860975027,0.25980666279792786,0.2635376453399658
12979,4,4,qual_only,qual_only,validation,0.0051390910521149635,0.025309693068265915,0.2914404273033142,0.027130817994475365,0.3636358976364136,0.2873440980911255
13249,4,4,qual_only,qual_only,validation,0.00224661105312407,0.01791750080883503,0.3164041042327881,0.041430823504924774,0.4403954744338989,0.1816055029630661
13254,2,5,multi_method_not_mmr,quant_only,validation,0.19344715774059296,0.236993208527565,0.08924458175897598,0.004111354239284992,0.005265367217361927,0.47093823552131653
13473,1,1,implicit_mmr,implicit_mmr,validation,0.22592557966709137,0.679135799407959,0.02024400606751442,0.0001995367492781952,0.012554068118333817,0.06194097176194191
13713,4,3,qual_only,no_method_signal,validation,0.001162608270533383,0.011890511028468609,0.10102944821119308,0.6711079478263855,0.06323898583650589,0.15157048404216766
13820,4,1,qual_only,implicit_mmr,validation,0.35004907846450806,0.37937575578689575,0.07694968581199646,0.0015891946386545897,0.047187529504299164,0.14484870433807373
13890,4,4,qual_only,qual_only,validation,0.014287736266851425,0.0805966928601265,0.20062384009361267,0.003324819030240178,0.6082178354263306,0.09294909238815308
13944,3,5,no_method_signal,quant_only,validation,0.0026849370915442705,0.010364349000155926,0.07732657343149185,0.3539496660232544,0.0026516239158809185,0.5530228614807129
13983,2,1,multi_method_not_mmr,implicit_mmr,validation,0.2399173527956009,0.42594048380851746,0.045397430658340454,0.001093692728318274,0.005312402732670307,0.28233861923217773
13984,2,1,multi_method_not_mmr,implicit_mmr,validation,0.24417923390865326,0.4586044251918793,0.04357846826314926,0.0008034420316107571,0.006168166641145945,0.24666625261306763
14019,5,5,quant_only,quant_only,validation,0.025346066802740097,0.15078146755695343,0.11292871087789536,0.0070255412720143795,0.008518866263329983,0.6953993439674377
14953,2,5,multi_method_not_mmr,quant_only,validation,0.0077299559488892555,0.03556408733129501,0.11253846436738968,0.07065951079130173,0.006573157384991646,0.7669348120689392
15030,2,3,multi_method_not_mmr,no_method_signal,validation,0.00010067951370729133,0.00019948618137277663,0.01489169243723154,0.9699695706367493,0.001639254274778068,0.013199380598962307
15116,3,3,no_method_signal,no_method_signal,validation,0.0012869681231677532,0.005725875962525606,0.225429967045784,0.475307434797287,0.015595918521285057,0.27665379643440247
15122,3,3,no_method_signal,no_method_signal,validation,0.0011191467056050897,0.014303010888397694,0.2627241909503937,0.431794136762619,0.05116770416498184,0.2388918399810791
15706,3,5,no_method_signal,quant_only,validation,0.0006826351745985448,0.006324021145701408,0.09321568161249161,0.4153214991092682,0.03673992305994034,0.44771620631217957
15786,0,0,explicit_mmr,explicit_mmr,validation,0.34476885199546814,0.19083386659622192,0.10188546776771545,0.002616139128804207,0.29354190826416016,0.06635376811027527
16040,3,3,no_method_signal,no_method_signal,validation,0.000314079545205459,0.0015140252653509378,0.08582266420125961,0.7269026637077332,0.013972733169794083,0.17147383093833923
16210,2,5,multi_method_not_mmr,quant_only,validation,0.032969411462545395,0.07066243141889572,0.1279028058052063,0.024796320125460625,0.008265025913715363,0.7354040145874023
16591,2,5,multi_method_not_mmr,quant_only,validation,0.007817608304321766,0.04481203109025955,0.1256256401538849,0.04376184567809105,0.008462448604404926,0.7695204019546509
16804,2,3,multi_method_not_mmr,no_method_signal,validation,0.00023290092940442264,0.001106801675632596,0.12102214246988297,0.8304957151412964,0.03061274066567421,0.01652967371046543
17598,2,1,multi_method_not_mmr,implicit_mmr,validation,0.2111871987581253,0.42140185832977295,0.05461396649479866,0.0002274369035148993,0.2927795350551605,0.019790075719356537
17659,1,5,implicit_mmr,quant_only,validation,0.12955382466316223,0.18486131727695465,0.10657408833503723,0.010821228846907616,0.006085655651986599,0.562103807926178
18058,2,5,multi_method_not_mmr,quant_only,validation,0.0048534763045609,0.009032408706843853,0.12925736606121063,0.24637936055660248,0.017727605998516083,0.5927497744560242
18109,5,5,quant_only,quant_only,validation,0.003933321218937635,0.04954233020544052,0.22183041274547577,0.04395955055952072,0.060871705412864685,0.6198626756668091
18297,0,5,explicit_mmr,quant_only,validation,0.008556222543120384,0.01720109023153782,0.2729590833187103,0.11958939582109451,0.2878971993923187,0.29379695653915405
18681,5,3,quant_only,no_method_signal,validation,0.0004963913816027343,0.005518782418221235,0.3143764138221741,0.599348247051239,0.006499342620372772,0.07376085966825485
18688,5,5,quant_only,quant_only,validation,0.01524145994335413,0.03972787782549858,0.16516070067882538,0.07370095700025558,0.009421740658581257,0.6967473030090332
19398,0,1,explicit_mmr,implicit_mmr,validation,0.44796615839004517,0.5152987837791443,0.0054196687415242195,0.0001333692780463025,0.020416555926203728,0.010765595361590385
19466,0,0,explicit_mmr,explicit_mmr,validation,0.4829494059085846,0.44394704699516296,0.017222048714756966,0.00019039781182073057,0.010643281042575836,0.0450478158891201
19488,3,5,no_method_signal,quant_only,validation,0.027991507202386856,0.05964355543255806,0.06715191900730133,0.04918946698307991,0.0038255308754742146,0.7921980619430542
19768,0,1,explicit_mmr,implicit_mmr,validation,0.24730508029460907,0.2979365885257721,0.09584075212478638,0.0009662917582318187,0.2855915427207947,0.07235973328351974
19827,4,4,qual_only,qual_only,validation,0.1105918139219284,0.21361136436462402,0.2220180332660675,0.0025640835519880056,0.29376402497291565,0.15745069086551666
19873,4,0,qual_only,explicit_mmr,validation,0.7178048491477966,0.23301279544830322,0.008987976238131523,0.00035649113124236465,0.003861393313854933,0.03597644343972206
20414,2,2,multi_method_not_mmr,multi_method_not_mmr,validation,0.02110409550368786,0.038404680788517,0.39175790548324585,0.04923342913389206,0.3085201382637024,0.1909797340631485
20426,0,0,explicit_mmr,explicit_mmr,validation,0.6197509765625,0.3470389246940613,0.005907393991947174,0.0001449042174499482,0.017007896676659584,0.010149902664124966
20645,1,0,implicit_mmr,explicit_mmr,validation,0.43990617990493774,0.3734748363494873,0.007889618165791035,0.00015157400048337877,0.17386171221733093,0.004716109484434128
20744,0,0,explicit_mmr,explicit_mmr,validation,0.34858059883117676,0.3065686523914337,0.014280780218541622,0.00018905161414295435,0.3243323862552643,0.00604855315759778
20799,5,3,quant_only,no_method_signal,validation,0.00014176452532410622,0.0012464361498132348,0.05891727656126022,0.8889471292495728,0.007049446925520897,0.04369789734482765
20800,5,3,quant_only,no_method_signal,validation,0.0001962658134289086,0.002340516075491905,0.10927313566207886,0.7963050007820129,0.015766527503728867,0.0761185809969902
20801,5,3,quant_only,no_method_signal,validation,0.0002565177856013179,0.0030456853564828634,0.10917271673679352,0.7605900764465332,0.017947446554899216,0.1089874878525734
20823,3,0,no_method_signal,explicit_mmr,validation,0.35926276445388794,0.3398531973361969,0.03337543085217476,0.00028664551791734993,0.24849233031272888,0.018729599192738533
21136,2,0,multi_method_not_mmr,explicit_mmr,validation,0.43451687693595886,0.25704488158226013,0.0693148672580719,0.0022625476121902466,0.008028299547731876,0.22883251309394836
21265,0,4,explicit_mmr,qual_only,validation,0.006399746984243393,0.03348894044756889,0.27083075046539307,0.018040712922811508,0.5198332667350769,0.15140654146671295
21336,1,2,implicit_mmr,multi_method_not_mmr,validation,0.002961541060358286,0.03289995715022087,0.33940139412879944,0.04286625608801842,0.2983756363391876,0.2834952473640442
21503,1,0,implicit_mmr,explicit_mmr,validation,0.5723864436149597,0.40422114729881287,0.003734943689778447,0.00011099904804723337,0.01144164614379406,0.008104859851300716
21569,5,0,quant_only,explicit_mmr,validation,0.5511249899864197,0.3972594439983368,0.010251704603433609,0.00015481818991247565,0.01518212165683508,0.0260270144790411
21702,2,3,multi_method_not_mmr,no_method_signal,validation,0.00010536818444961682,0.000926462234929204,0.060359857976436615,0.8925331830978394,0.00514973234385252,0.04092537239193916
22452,0,0,explicit_mmr,explicit_mmr,validation,0.6471219062805176,0.29612067341804504,0.013785929419100285,0.0002983450540341437,0.006948147900402546,0.03572515398263931
22517,4,4,qual_only,qual_only,validation,0.14452309906482697,0.3757426142692566,0.066030353307724,0.00032715286943130195,0.37798336148262024,0.03539338707923889
23272,0,5,explicit_mmr,quant_only,validation,0.027101827785372734,0.034066058695316315,0.18130768835544586,0.11655834317207336,0.0036315128672868013,0.6373345851898193
23324,4,5,qual_only,quant_only,validation,0.008947484195232391,0.040506184101104736,0.09067916125059128,0.07836031913757324,0.005964841227978468,0.7755419611930847
23529,0,0,explicit_mmr,explicit_mmr,validation,0.45046138763427734,0.44056636095046997,0.008379684761166573,0.00011256793368374929,0.09319561719894409,0.007284402381628752
24328,0,4,explicit_mmr,qual_only,validation,0.05499541759490967,0.23623433709144592,0.12750837206840515,0.0009624530794098973,0.5366110801696777,0.0436883419752121
24447,0,0,explicit_mmr,explicit_mmr,validation,0.7264693975448608,0.24633261561393738,0.002269668970257044,0.00012191507266834378,0.020829541608691216,0.003976828418672085
24491,0,0,explicit_mmr,explicit_mmr,validation,0.6125662326812744,0.3540956676006317,0.006056536454707384,0.00013814638077747077,0.01740911416709423,0.00973436702042818
24505,5,5,quant_only,quant_only,validation,0.007800314575433731,0.025225427001714706,0.2962741255760193,0.13782848417758942,0.028561564162373543,0.504310131072998
24542,1,0,implicit_mmr,explicit_mmr,validation,0.44775697588920593,0.38937878608703613,0.007905034348368645,0.00014011999883223325,0.14977490901947021,0.005044238641858101
24789,1,0,implicit_mmr,explicit_mmr,validation,0.5654176473617554,0.3512023091316223,0.021150480955839157,0.00015017214172985405,0.042120497673749924,0.01995893381536007
25817,5,3,quant_only,no_method_signal,validation,0.00013245070294942707,0.0008299837354570627,0.03388101980090141,0.9076358079910278,0.005100572481751442,0.05242020636796951
25845,4,3,qual_only,no_method_signal,validation,0.0062691387720406055,0.013162633404135704,0.20110580325126648,0.41074904799461365,0.008340422064065933,0.360372930765152
26078,0,0,explicit_mmr,explicit_mmr,validation,0.43576866388320923,0.3394872844219208,0.008612084202468395,0.00014398897474166006,0.2123289406299591,0.003659031819552183
26452,5,5,quant_only,quant_only,validation,0.03490569815039635,0.056862883269786835,0.2484341561794281,0.061526890844106674,0.019605688750743866,0.5786646604537964
26645,5,0,quant_only,explicit_mmr,validation,0.6719679236412048,0.21273131668567657,0.030817393213510513,0.0007250590715557337,0.007137650158256292,0.07662063091993332
26693,4,4,qual_only,qual_only,validation,0.030635645613074303,0.046693671494722366,0.3766838312149048,0.01715337298810482,0.3846796751022339,0.14415381848812103
27289,0,0,explicit_mmr,explicit_mmr,validation,0.49626150727272034,0.42548444867134094,0.008387656882405281,0.00011023710248991847,0.061389219015836716,0.008366997353732586
27381,0,0,explicit_mmr,explicit_mmr,validation,0.6971040368080139,0.271758109331131,0.006826188415288925,0.00015918444842100143,0.00983985885977745,0.014312525279819965
27382,0,0,explicit_mmr,explicit_mmr,validation,0.6750569939613342,0.29744893312454224,0.0057408930733799934,0.00013133867469150573,0.009798510000109673,0.011823384091258049
27473,0,0,explicit_mmr,explicit_mmr,validation,0.6696414351463318,0.30019402503967285,0.006850597448647022,0.00014571429346688092,0.009056718088686466,0.014111394062638283
27936,2,0,multi_method_not_mmr,explicit_mmr,validation,0.7000373005867004,0.24596017599105835,0.013555026613175869,0.0003039671864826232,0.005731760058552027,0.03441179543733597
28451,0,0,explicit_mmr,explicit_mmr,validation,0.3415573239326477,0.16995511949062347,0.1847381293773651,0.005451286677271128,0.0364810973405838,0.26181715726852417
28596,3,3,no_method_signal,no_method_signal,validation,0.0006207682308740914,0.0036437876988202333,0.09315292537212372,0.4834451675415039,0.10301952809095383,0.3161177933216095
28968,3,3,no_method_signal,no_method_signal,validation,0.00017922719416674227,0.0008699308964423835,0.13813479244709015,0.8217154741287231,0.018799230456352234,0.02030126005411148
28977,1,4,implicit_mmr,qual_only,validation,0.1265239268541336,0.1411140114068985,0.12303346395492554,0.001588555402122438,0.5586955547332764,0.0490444079041481
29306,1,0,implicit_mmr,explicit_mmr,validation,0.6651557683944702,0.2051815241575241,0.02858428657054901,0.0009943087352439761,0.004045122303068638,0.09603890776634216
29974,5,5,quant_only,quant_only,validation,0.04779056832194328,0.04867595434188843,0.2817848026752472,0.04904258996248245,0.007257829420268536,0.5654482245445251
29983,5,4,quant_only,qual_only,validation,0.1183609887957573,0.16265833377838135,0.12794312834739685,0.0009308914304710925,0.549708902835846,0.04039771854877472
30040,2,0,multi_method_not_mmr,explicit_mmr,validation,0.4510793089866638,0.3320665657520294,0.007280213758349419,0.00012206570681883022,0.20311538875102997,0.0063364761881530285
30126,2,2,multi_method_not_mmr,multi_method_not_mmr,validation,0.096677266061306,0.09514021873474121,0.31339582800865173,0.011215132661163807,0.2321029156446457,0.25146862864494324
30345,0,0,explicit_mmr,explicit_mmr,validation,0.7031422257423401,0.2602318227291107,0.008810744620859623,0.00013878931349609047,0.01122475229203701,0.016451682895421982
30419,4,4,qual_only,qual_only,validation,0.2813348174095154,0.18432427942752838,0.00627241563051939,0.000221671856706962,0.5244436860084534,0.0034031267277896404
30657,0,0,explicit_mmr,explicit_mmr,validation,0.7002856731414795,0.23709972202777863,0.015044031664729118,0.0004076681798323989,0.004693194292485714,0.04246976226568222
30692,0,0,explicit_mmr,explicit_mmr,validation,0.7070254683494568,0.22837214171886444,0.01786775328218937,0.00035465002292767167,0.006784508936107159,0.039595454931259155
31821,3,3,no_method_signal,no_method_signal,validation,0.0003027883649338037,0.001316673937253654,0.13257719576358795,0.760053277015686,0.08477313071489334,0.0209768395870924
31823,2,4,multi_method_not_mmr,qual_only,validation,0.010301614180207253,0.07277456670999527,0.13325409591197968,0.0021702724043279886,0.6956843733787537,0.08581507205963135
31829,3,3,no_method_signal,no_method_signal,validation,0.0001089100624085404,0.0006341282278299332,0.05086629465222359,0.9038146138191223,0.019984301179647446,0.0245917160063982
31833,3,5,no_method_signal,quant_only,validation,0.0012906225165352225,0.009001928381621838,0.10947304219007492,0.3283216655254364,0.006274918094277382,0.5456377863883972
31834,3,3,no_method_signal,no_method_signal,validation,0.00012104940105928108,0.0007544024265371263,0.0496567077934742,0.8961566686630249,0.004422222264111042,0.0488889254629612
31839,4,3,qual_only,no_method_signal,validation,8.139498095260933e-05,0.00036120822187513113,0.030513446778059006,0.9557657837867737,0.005079088732600212,0.008199188858270645
31884,0,5,explicit_mmr,quant_only,validation,0.13186001777648926,0.3126232624053955,0.06706788390874863,0.0028197336941957474,0.0058374726213514805,0.479791522026062
31888,3,3,no_method_signal,no_method_signal,validation,0.00011250373790971935,0.00042329414281994104,0.050070639699697495,0.9338993430137634,0.008638535626232624,0.006855665240436792
31894,3,1,no_method_signal,implicit_mmr,validation,0.10113415122032166,0.4946001172065735,0.07992623746395111,0.0008164533064700663,0.01705196686089039,0.3064711093902588
31959,3,3,no_method_signal,no_method_signal,validation,0.000509522040374577,0.003912414889782667,0.2712833881378174,0.3997151553630829,0.248514324426651,0.07606519758701324
31960,3,3,no_method_signal,no_method_signal,validation,0.00037058189627714455,0.0018991470569744706,0.19613048434257507,0.628642201423645,0.14568573236465454,0.027271876111626625
31973,2,3,multi_method_not_mmr,no_method_signal,validation,0.00042042735731229186,0.001987668452784419,0.22504808008670807,0.5920143127441406,0.15038380026817322,0.030145741999149323
31994,3,3,no_method_signal,no_method_signal,validation,0.0012060301378369331,0.006866341456770897,0.2096114158630371,0.5152539610862732,0.0030831454787403345,0.26397907733917236
32046,5,3,quant_only,no_method_signal,validation,0.0003240116639062762,0.0009334624046459794,0.122716024518013,0.8650081753730774,0.0032890827860683203,0.007729245815426111
32048,4,3,qual_only,no_method_signal,validation,0.00039365244447253644,0.0024546959903091192,0.16446292400360107,0.6013109087944031,0.16509544849395752,0.06628234684467316
32075,3,3,no_method_signal,no_method_signal,validation,0.0002215015556430444,0.0011517852544784546,0.134179949760437,0.7951480150222778,0.052963629364967346,0.01633509062230587
32089,5,4,quant_only,qual_only,validation,0.0017517880769446492,0.012182163074612617,0.24968913197517395,0.03615443408489227,0.5979291200637817,0.10229332000017166
32090,5,5,quant_only,quant_only,validation,0.000889406306669116,0.014427495189011097,0.22820614278316498,0.17695148289203644,0.09247273206710815,0.48705270886421204
32094,4,1,qual_only,implicit_mmr,validation,0.190902978181839,0.7087457776069641,0.02248065173625946,0.00021323544206097722,0.015956439077854156,0.06170087680220604
32099,3,3,no_method_signal,no_method_signal,validation,0.00010635804937919602,0.0003761124098673463,0.03226049616932869,0.9589737057685852,0.0026662657037377357,0.005616993643343449
32105,2,3,multi_method_not_mmr,no_method_signal,validation,0.00020469709124881774,0.0008468048763461411,0.09656020253896713,0.8549401760101318,0.0344744510948658,0.012973591685295105
32113,3,3,no_method_signal,no_method_signal,validation,0.00023040559608489275,0.0010586322750896215,0.12064510583877563,0.8327487707138062,0.03178759291768074,0.01352945901453495
32114,3,3,no_method_signal,no_method_signal,validation,0.00021271852892823517,0.001088102930225432,0.10638997703790665,0.8210256695747375,0.05239741504192352,0.018886128440499306
32117,3,5,no_method_signal,quant_only,validation,0.0015869252383708954,0.017585894092917442,0.32306814193725586,0.10642988234758377,0.17416132986545563,0.37716785073280334
32144,3,3,no_method_signal,no_method_signal,validation,0.00026948386221192777,0.0025590613950043917,0.13833412528038025,0.675872266292572,0.0786876454949379,0.10427739471197128
32151,3,3,no_method_signal,no_method_signal,validation,0.000139544703415595,0.0010072666918858886,0.10066238790750504,0.8385912775993347,0.03404765576124191,0.025551874190568924
32154,3,3,no_method_signal,no_method_signal,validation,7.815688877599314e-05,0.0003954433195758611,0.03690104931592941,0.9480445384979248,0.005146277602761984,0.009434604085981846
32166,5,1,quant_only,implicit_mmr,validation,0.1320473849773407,0.7176593542098999,0.041940607130527496,0.0002816355845425278,0.013494337908923626,0.09457676112651825
32187,0,0,explicit_mmr,explicit_mmr,validation,0.5077301859855652,0.43076950311660767,0.004424051847308874,6.890222721267492e-05,0.05241379514336586,0.004593607038259506
32190,3,2,no_method_signal,multi_method_not_mmr,validation,0.005918422713875771,0.037157751619815826,0.5250530242919922,0.10950720310211182,0.013280383311212063,0.30908316373825073
32194,3,3,no_method_signal,no_method_signal,validation,0.00014093091886024922,0.00044097041245549917,0.035734619945287704,0.9566615223884583,0.0021608511451631784,0.0048610433004796505
32207,3,3,no_method_signal,no_method_signal,validation,0.00016309530474245548,0.000628030626103282,0.05985649302601814,0.9262852668762207,0.0010952254524454474,0.011971849948167801
32229,1,3,implicit_mmr,no_method_signal,validation,0.0006862130248919129,0.008094055578112602,0.11355026811361313,0.4256535470485687,0.03896303102374077,0.41305282711982727
32247,2,3,multi_method_not_mmr,no_method_signal,validation,0.0003849283093586564,0.008913020603358746,0.33772391080856323,0.46843183040618896,0.06898584216833115,0.11556044965982437
32248,3,4,no_method_signal,qual_only,validation,0.0007935224566608667,0.005460735410451889,0.2189231812953949,0.12686382234096527,0.5580017566680908,0.08995692431926727
32260,0,5,explicit_mmr,quant_only,validation,0.02179853618144989,0.2183520495891571,0.1503744125366211,0.006433050148189068,0.0301582720130682,0.572883665561676
32300,5,5,quant_only,quant_only,validation,0.027243783697485924,0.12180174887180328,0.07451014965772629,0.01907869428396225,0.005280808545649052,0.7520847916603088
32319,3,5,no_method_signal,quant_only,validation,0.001762543572112918,0.02898229844868183,0.24919940531253815,0.09346089512109756,0.1233358159661293,0.503259003162384
32322,1,1,implicit_mmr,implicit_mmr,validation,0.1790352463722229,0.6718588471412659,0.03676960617303848,0.00015006822650320828,0.033534493297338486,0.07865169644355774
32336,5,3,quant_only,no_method_signal,validation,0.0008314125007018447,0.00825243815779686,0.08055762201547623,0.48036646842956543,0.014821138232946396,0.41517093777656555
32345,3,3,no_method_signal,no_method_signal,validation,8.85523550095968e-05,0.0005828742869198322,0.03465350344777107,0.9481528401374817,0.0032054923940449953,0.013316637836396694
32349,5,3,quant_only,no_method_signal,validation,0.0004648898611776531,0.0043898834846913815,0.07809892296791077,0.623664140701294,0.01951637677848339,0.27386587858200073
32350,4,4,qual_only,qual_only,validation,0.014382898807525635,0.06920437514781952,0.09347447752952576,0.00198348774574697,0.7542988657951355,0.06665591150522232
32389,1,5,implicit_mmr,quant_only,validation,0.07399025559425354,0.36832287907600403,0.12107618898153305,0.002434220863506198,0.022925548255443573,0.41125085949897766
32425,5,3,quant_only,no_method_signal,validation,0.0002176771085942164,0.0006457182462327182,0.04041234403848648,0.8866721391677856,0.005641569849103689,0.06641051173210144
32536,3,4,no_method_signal,qual_only,validation,0.0007662302814424038,0.004278974607586861,0.2519146502017975,0.19145318865776062,0.47317883372306824,0.07840810716152191
11903,2,3,multi_method_not_mmr,no_method_signal,test,0.00042625534115359187,0.0009672125452198088,0.023036262020468712,0.8403277397155762,0.0018224698724225163,0.13342005014419556
12150,5,3,quant_only,no_method_signal,test,0.0005845017149113119,0.01007231418043375,0.24854473769664764,0.3513498306274414,0.10309893637895584,0.2863495945930481
12151,5,3,quant_only,no_method_signal,test,9.301024692831561e-05,0.0003170004056300968,0.03048647753894329,0.9609771370887756,0.0026691847015172243,0.005457207560539246
12168,3,5,no_method_signal,quant_only,test,0.0025421306490898132,0.0400470495223999,0.22624269127845764,0.0448434054851532,0.143018901348114,0.5433058142662048
12409,1,5,implicit_mmr,quant_only,test,0.07174138724803925,0.2971509099006653,0.1809196174144745,0.004043588414788246,0.08244457840919495,0.36369988322257996
12922,3,3,no_method_signal,no_method_signal,test,0.00039679394103586674,0.0038853930309414864,0.17232100665569305,0.5736368894577026,0.09878120571374893,0.15097872912883759
13146,3,3,no_method_signal,no_method_signal,test,0.0001045088647515513,0.0006359718390740454,0.07504236698150635,0.9046732187271118,0.00425270851701498,0.015291211195290089
13355,3,3,no_method_signal,no_method_signal,test,0.00028503977227956057,0.0014998383121564984,0.12168140709400177,0.7292885780334473,0.015517117455601692,0.13172809779644012
14528,3,3,no_method_signal,no_method_signal,test,0.00013149174628779292,0.0003407570475246757,0.0307777039706707,0.9281798005104065,0.008202027529478073,0.03236815333366394
15438,1,4,implicit_mmr,qual_only,test,0.04360091686248779,0.15701812505722046,0.2040860801935196,0.0026718969456851482,0.4619196057319641,0.13070333003997803
16162,0,0,explicit_mmr,explicit_mmr,test,0.6961315274238586,0.2565271556377411,0.008296667598187923,0.0002446392027195543,0.006130939815193415,0.03266902267932892
16275,2,5,multi_method_not_mmr,quant_only,test,0.04239654168486595,0.04413383826613426,0.14288881421089172,0.09188509732484818,0.012796374969184399,0.6658993363380432
16529,0,5,explicit_mmr,quant_only,test,0.06614396721124649,0.05920642241835594,0.20536543428897858,0.10801996290683746,0.036907702684402466,0.5243565440177917
16774,5,5,quant_only,quant_only,test,0.05547414347529411,0.2977244257926941,0.1742851734161377,0.003498262260109186,0.020504368469119072,0.44851353764533997
16989,0,1,explicit_mmr,implicit_mmr,test,0.41281792521476746,0.5113945007324219,0.008416984230279922,0.00011247186193941161,0.056779853999614716,0.010478168725967407
17063,0,1,explicit_mmr,implicit_mmr,test,0.2082359343767166,0.5992967486381531,0.06028740108013153,0.0003848426858894527,0.028748471289873123,0.10304655879735947
17592,2,5,multi_method_not_mmr,quant_only,test,0.002096431562677026,0.011061918921768665,0.31934502720832825,0.11457126587629318,0.22813548147678375,0.32478994131088257
17857,4,3,qual_only,no_method_signal,test,0.0028756388928741217,0.006676531862467527,0.12134842574596405,0.5201840996742249,0.0012696906924247742,0.34764569997787476
18784,2,5,multi_method_not_mmr,quant_only,test,0.02379569038748741,0.028518373146653175,0.13917198777198792,0.159324049949646,0.0051897866651415825,0.6440001130104065
18930,0,0,explicit_mmr,explicit_mmr,test,0.7602491974830627,0.2127070277929306,0.004570314660668373,0.00020637037232518196,0.005899827461689711,0.016367241740226746
19110,3,5,no_method_signal,quant_only,test,0.035633385181427,0.20081789791584015,0.2936951220035553,0.005907888524234295,0.09413740038871765,0.3698083162307739
19745,5,3,quant_only,no_method_signal,test,0.0009388764156028628,0.005512333940714598,0.19616231322288513,0.7171669006347656,0.0014082139823585749,0.07881135493516922
19785,1,0,implicit_mmr,explicit_mmr,test,0.7243263721466064,0.24688176810741425,0.0038121622055768967,0.0001101087691495195,0.01686350628733635,0.008006062358617783
19846,4,5,qual_only,quant_only,test,0.1890425831079483,0.10970143228769302,0.13847173750400543,0.016411004588007927,0.007841764949262142,0.538531482219696
20057,0,5,explicit_mmr,quant_only,test,0.04959970712661743,0.07297320663928986,0.38814783096313477,0.023489536717534065,0.016161076724529266,0.44962871074676514
20392,3,3,no_method_signal,no_method_signal,test,0.0002744768571574241,0.0008052003686316311,0.02811315841972828,0.8582713007926941,0.0026654100511223078,0.1098705381155014
20674,1,0,implicit_mmr,explicit_mmr,test,0.5226929783821106,0.4294723570346832,0.006074896547943354,0.00012744578998535872,0.030934683978557587,0.01069775503128767
21062,3,5,no_method_signal,quant_only,test,0.01612740382552147,0.07392095029354095,0.3621940016746521,0.05361099913716316,0.07670655101537704,0.4174400866031647
21196,1,1,implicit_mmr,implicit_mmr,test,0.41529718041419983,0.49711036682128906,0.02350434847176075,0.0001678049738984555,0.021371418610215187,0.04254882037639618
21654,0,0,explicit_mmr,explicit_mmr,test,0.7411587238311768,0.2315085232257843,0.004636221565306187,0.00011146796896355227,0.011706586927175522,0.010878385044634342
21751,5,0,quant_only,explicit_mmr,test,0.4247109889984131,0.2811521589756012,0.09556175023317337,0.0020476914942264557,0.03343099355697632,0.1630963385105133
21766,2,3,multi_method_not_mmr,no_method_signal,test,0.0019266526214778423,0.0055231014266610146,0.26645299792289734,0.5024138689041138,0.015506880357861519,0.2081765979528427
21861,0,1,explicit_mmr,implicit_mmr,test,0.39715734124183655,0.5387889742851257,0.006082627922296524,0.0001225954620167613,0.0498737171292305,0.00797463208436966
21913,0,1,explicit_mmr,implicit_mmr,test,0.4362543821334839,0.4949660301208496,0.009617694653570652,0.00010130040755029768,0.03945092856884003,0.019609661772847176
22252,0,5,explicit_mmr,quant_only,test,0.09061821550130844,0.07242388278245926,0.27343037724494934,0.039750561118125916,0.01126805692911148,0.5125088691711426
22262,0,5,explicit_mmr,quant_only,test,0.006805912591516972,0.009059137664735317,0.10184802114963531,0.31939205527305603,0.001773959374986589,0.5611209273338318
22263,2,5,multi_method_not_mmr,quant_only,test,0.0017680213786661625,0.008517837151885033,0.09148861467838287,0.4378214478492737,0.004073630087077618,0.45633047819137573
22388,0,0,explicit_mmr,explicit_mmr,test,0.5842557549476624,0.3624262511730194,0.004697226453572512,9.261001832783222e-05,0.043804705142974854,0.004723347723484039
22465,0,0,explicit_mmr,explicit_mmr,test,0.5710065364837646,0.21717962622642517,0.060904063284397125,0.001794912270270288,0.01794709637761116,0.13116784393787384
22834,0,1,explicit_mmr,implicit_mmr,test,0.4063006341457367,0.5429438352584839,0.008153378032147884,0.00010764372564153746,0.02969394251704216,0.012800542637705803
23010,0,0,explicit_mmr,explicit_mmr,test,0.5595499873161316,0.37061718106269836,0.0042122965678572655,7.914991147117689e-05,0.06164366751909256,0.0038976643700152636
23054,2,3,multi_method_not_mmr,no_method_signal,test,0.005676975008100271,0.01011975109577179,0.2503807544708252,0.4232882857322693,0.02367493137717247,0.28685930371284485
23106,2,3,multi_method_not_mmr,no_method_signal,test,0.0012958974111825228,0.005533614661544561,0.4259960353374481,0.43401646614074707,0.042881593108177185,0.0902763158082962
23148,0,1,explicit_mmr,implicit_mmr,test,0.40847766399383545,0.47507235407829285,0.010177895426750183,0.00013718148693442345,0.09832929819822311,0.007805598899722099
23166,1,1,implicit_mmr,implicit_mmr,test,0.4277164340019226,0.5010777711868286,0.013021226041018963,0.00013040931662544608,0.014306099154055119,0.04374804347753525
23167,1,1,implicit_mmr,implicit_mmr,test,0.30300936102867126,0.6170126795768738,0.020673736929893494,0.00015871520736254752,0.013202113099396229,0.04594331607222557
23634,5,3,quant_only,no_method_signal,test,0.0011741252383217216,0.008968277834355831,0.2816854417324066,0.5562970638275146,0.05065130442380905,0.10122377425432205
23667,2,1,multi_method_not_mmr,implicit_mmr,test,0.2566610276699066,0.388583779335022,0.06355470418930054,0.0011572353541851044,0.005120532587170601,0.2849227786064148
23763,1,0,implicit_mmr,explicit_mmr,test,0.4849418103694916,0.18428094685077667,0.0928092896938324,0.0041027371771633625,0.013690828345716,0.2201743870973587
24443,5,5,quant_only,quant_only,test,0.1045210063457489,0.15371203422546387,0.3271614611148834,0.012145686894655228,0.05405675619840622,0.3484030067920685
24565,1,1,implicit_mmr,implicit_mmr,test,0.3494512736797333,0.523802638053894,0.0069600315764546394,0.00021943601313978434,0.11393069475889206,0.005635843612253666
24628,0,0,explicit_mmr,explicit_mmr,test,0.5004590749740601,0.428660124540329,0.00846522394567728,0.00011478039232315496,0.05267830938100815,0.009622517973184586
25184,1,0,implicit_mmr,explicit_mmr,test,0.6324056386947632,0.2956908643245697,0.019728394225239754,0.00039648954407311976,0.008186262100934982,0.043592438101768494
25497,2,3,multi_method_not_mmr,no_method_signal,test,0.0002281801134813577,0.0014647204661741853,0.06254412233829498,0.8259472846984863,0.002561957808211446,0.10725372284650803
25754,3,5,no_method_signal,quant_only,test,0.0022012668196111917,0.009045773185789585,0.31384333968162537,0.2544519901275635,0.09781741350889206,0.3226402699947357
25757,0,1,explicit_mmr,implicit_mmr,test,0.17800846695899963,0.304972380399704,0.20076309144496918,0.0018214266747236252,0.02976866066455841,0.2846659719944
26051,0,0,explicit_mmr,explicit_mmr,test,0.7421436905860901,0.22821329534053802,0.005706069525331259,0.00024003021826501936,0.004823998548090458,0.018872855231165886
26254,0,0,explicit_mmr,explicit_mmr,test,0.44108322262763977,0.3762914836406708,0.009805440902709961,0.0001456659665564075,0.16667211055755615,0.006002044305205345
26421,0,0,explicit_mmr,explicit_mmr,test,0.6251330971717834,0.30484631657600403,0.004460684955120087,8.801902004051954e-05,0.06163626164197922,0.003835588227957487
26548,0,0,explicit_mmr,explicit_mmr,test,0.390141099691391,0.18454015254974365,0.13088908791542053,0.004151246044784784,0.014383058995008469,0.2758953869342804
26576,0,0,explicit_mmr,explicit_mmr,test,0.5886747241020203,0.1996876746416092,0.03829660639166832,0.001971758669242263,0.0031674180645495653,0.16820171475410461
27096,0,0,explicit_mmr,explicit_mmr,test,0.6363415122032166,0.25798654556274414,0.03130047395825386,0.0005371420993469656,0.010793675668537617,0.06304071843624115
27171,2,0,multi_method_not_mmr,explicit_mmr,test,0.39984822273254395,0.24771420657634735,0.1277218610048294,0.00267790793441236,0.05353810638189316,0.1684996634721756
27189,4,0,qual_only,explicit_mmr,test,0.5904524326324463,0.3081362545490265,0.03310232236981392,0.00034449074883013964,0.021299799904227257,0.04666467383503914
27255,3,5,no_method_signal,quant_only,test,0.00296246400102973,0.028615625575184822,0.16671037673950195,0.10364920645952225,0.014484905637800694,0.6835774183273315
27508,1,3,implicit_mmr,no_method_signal,test,0.0004940853687003255,0.0024498978164047003,0.0297335647046566,0.8253217339515686,0.0031684054993093014,0.13883228600025177
27575,3,3,no_method_signal,no_method_signal,test,8.182629971997812e-05,0.00041139646782539785,0.035648468881845474,0.9513441324234009,0.004197296686470509,0.008316919207572937
27681,0,0,explicit_mmr,explicit_mmr,test,0.6477251648902893,0.31842154264450073,0.004754634108394384,9.366042650071904e-05,0.02269836887717247,0.006306627299636602
27861,5,0,quant_only,explicit_mmr,test,0.6885204315185547,0.24204741418361664,0.014389543794095516,0.0004859312030021101,0.0037118701729923487,0.050844818353652954
27875,0,0,explicit_mmr,explicit_mmr,test,0.6620674133300781,0.28156572580337524,0.016477996483445168,0.00021752451721113175,0.012601633556187153,0.027069617062807083
28255,2,4,multi_method_not_mmr,qual_only,test,0.0006575750885531306,0.006613816600292921,0.29087793827056885,0.23716288805007935,0.3304240107536316,0.1342637836933136
28271,0,0,explicit_mmr,explicit_mmr,test,0.591744601726532,0.27296924591064453,0.00430976552888751,0.00014360104978550225,0.12825283408164978,0.00257991929538548
28863,5,5,quant_only,quant_only,test,0.0016596883069723845,0.01901416666805744,0.23774565756320953,0.09599542617797852,0.07348240911960602,0.5721026062965393
28991,0,0,explicit_mmr,explicit_mmr,test,0.48581835627555847,0.34842437505722046,0.019769791513681412,0.0001678496482782066,0.13033698499202728,0.015482691116631031
29195,1,0,implicit_mmr,explicit_mmr,test,0.4383607506752014,0.1907554268836975,0.004419047851115465,0.0002264645299874246,0.36376863718032837,0.002469601109623909
29421,5,5,quant_only,quant_only,test,0.008423976600170135,0.034339118748903275,0.11138536036014557,0.0725611224770546,0.005366952158510685,0.7679234743118286
29756,2,2,multi_method_not_mmr,multi_method_not_mmr,test,0.014392063952982426,0.028593268245458603,0.4097710847854614,0.0897243395447731,0.140651136636734,0.3168681561946869
29814,2,5,multi_method_not_mmr,quant_only,test,0.05817819759249687,0.07567957043647766,0.32701531052589417,0.008042002096772194,0.020869407802820206,0.5102155208587646
29997,0,0,explicit_mmr,explicit_mmr,test,0.4494696855545044,0.23470181226730347,0.08888961374759674,0.0017730164108797908,0.007715284358710051,0.21745064854621887
30270,4,3,qual_only,no_method_signal,test,0.000546319701243192,0.0017279813764616847,0.12993311882019043,0.6754822731018066,0.11557567119598389,0.07673458755016327
30357,0,0,explicit_mmr,explicit_mmr,test,0.5402724146842957,0.39693206548690796,0.012795413844287395,0.00015733133477624506,0.008137539029121399,0.041705165058374405
30676,0,0,explicit_mmr,explicit_mmr,test,0.6020227670669556,0.2910739481449127,0.030826419591903687,0.000572018907405436,0.009208325296640396,0.06629650294780731
30700,1,0,implicit_mmr,explicit_mmr,test,0.6010696887969971,0.24638685584068298,0.040722474455833435,0.0008733580471016467,0.006234404630959034,0.10471314936876297
30988,0,0,explicit_mmr,explicit_mmr,test,0.6523301601409912,0.2970331907272339,0.01363413780927658,0.00027066387701779604,0.0067372508347034454,0.029994601383805275
31247,0,0,explicit_mmr,explicit_mmr,test,0.6882172226905823,0.25642791390419006,0.01638643816113472,0.00021769320301245898,0.014178032986819744,0.02457272633910179
31712,0,2,explicit_mmr,multi_method_not_mmr,test,0.0027115182019770145,0.01931276172399521,0.40674543380737305,0.10905949026346207,0.19597826898097992,0.2661925256252289
31822,3,3,no_method_signal,no_method_signal,test,0.00013303072773851454,0.0004332581884227693,0.040940746665000916,0.9506834149360657,0.002741907024756074,0.005067731719464064
31826,3,3,no_method_signal,no_method_signal,test,0.00019840065215248615,0.00091243238421157,0.08164823055267334,0.8901751041412354,0.0014789258129894733,0.02558690309524536
31830,5,3,quant_only,no_method_signal,test,0.00019893256830982864,0.001415768638253212,0.07917921245098114,0.7946917414665222,0.04765770584344864,0.07685665786266327
31844,3,4,no_method_signal,qual_only,test,0.0009793288772925735,0.01198624912649393,0.3302723467350006,0.12044525146484375,0.3724302649497986,0.16388657689094543
31864,2,4,multi_method_not_mmr,qual_only,test,0.006044261623173952,0.05601755529642105,0.21695536375045776,0.0064296177588403225,0.6147401332855225,0.0998130813241005
31871,4,3,qual_only,no_method_signal,test,0.0005716985324397683,0.005800263024866581,0.23852981626987457,0.3738335371017456,0.21102020144462585,0.17024452984333038
31890,3,3,no_method_signal,no_method_signal,test,0.00014405375986825675,0.0010911275167018175,0.08965814858675003,0.8352616429328918,0.03354283422231674,0.0403020977973938
31906,2,4,multi_method_not_mmr,qual_only,test,0.0013929690467193723,0.009753279387950897,0.302458792924881,0.09134942293167114,0.4595336616039276,0.13551181554794312
31908,0,1,explicit_mmr,implicit_mmr,test,0.10928274691104889,0.45250165462493896,0.07983678579330444,0.0003375363885425031,0.28933626413345337,0.06870495527982712
31917,2,4,multi_method_not_mmr,qual_only,test,0.0035581346601247787,0.023116962984204292,0.13826608657836914,0.006915905978530645,0.7742859125137329,0.053857073187828064
31920,2,2,multi_method_not_mmr,multi_method_not_mmr,test,0.02696092799305916,0.25338688492774963,0.2846755087375641,0.0032725289929658175,0.148229718208313,0.2834744155406952
31948,2,3,multi_method_not_mmr,no_method_signal,test,0.00010735429532360286,0.00039116054540500045,0.03448154777288437,0.9561639428138733,0.0011466817231848836,0.007709316443651915
31972,4,5,qual_only,quant_only,test,0.03359665721654892,0.27300333976745605,0.20000764727592468,0.002867532428354025,0.039749570190906525,0.45077529549598694
32047,1,5,implicit_mmr,quant_only,test,0.0028579160571098328,0.0232411976903677,0.09005613625049591,0.1436394453048706,0.009230566211044788,0.7309747934341431
32093,0,5,explicit_mmr,quant_only,test,0.006258017383515835,0.039552122354507446,0.10745474696159363,0.06385524570941925,0.00895328912883997,0.7739265561103821
32124,2,3,multi_method_not_mmr,no_method_signal,test,0.000297355349175632,0.0012981286272406578,0.14620590209960938,0.7841936349868774,0.05156950280070305,0.016435476019978523
32126,5,5,quant_only,quant_only,test,0.0014422729145735502,0.013172010891139507,0.12194361537694931,0.24163006246089935,0.03991379588842392,0.5818982124328613
32164,5,5,quant_only,quant_only,test,0.0029044151306152344,0.028364310041069984,0.10881388932466507,0.09923888742923737,0.01573939435184002,0.7449391484260559
32167,0,4,explicit_mmr,qual_only,test,0.011992689222097397,0.06757887452840805,0.19858628511428833,0.0032627014443278313,0.6467103362083435,0.07186907529830933
32169,4,3,qual_only,no_method_signal,test,0.00042077721445821226,0.0018494363175705075,0.1873939335346222,0.6516501307487488,0.13608324527740479,0.022602487355470657
32184,5,4,quant_only,qual_only,test,0.01903398148715496,0.10519955307245255,0.19162370264530182,0.0021052127704024315,0.5900646448135376,0.09197290986776352
32219,2,3,multi_method_not_mmr,no_method_signal,test,0.00010679983097361401,0.00046273181214928627,0.04733321815729141,0.9366987943649292,0.0077021680772304535,0.007696253247559071
32232,2,5,multi_method_not_mmr,quant_only,test,0.0007548258872702718,0.006981321144849062,0.121956005692482,0.41062211990356445,0.023751504719257355,0.4359341561794281
32236,3,3,no_method_signal,no_method_signal,test,0.00021718631614930928,0.0025215880014002323,0.061091043055057526,0.7876056432723999,0.00966959074139595,0.1388949155807495
32249,2,5,multi_method_not_mmr,quant_only,test,0.002873030724003911,0.025436514988541603,0.17005722224712372,0.057018715888261795,0.023880060762166977,0.7207344174385071
32271,3,3,no_method_signal,no_method_signal,test,0.00012442485603969544,0.0005723428912460804,0.06480702012777328,0.9168584942817688,0.008413413539528847,0.009224356152117252
32369,3,3,no_method_signal,no_method_signal,test,0.0006615648744627833,0.0028035833965986967,0.2100345492362976,0.44195908308029175,0.28830477595329285,0.056236397475004196
32763,4,5,qual_only,quant_only,test,0.0019185832934454083,0.02235056273639202,0.16609440743923187,0.09883572161197662,0.02679513208568096,0.684005618095398
