award_node_idx,true_id,pred_id,true_label,pred_label,eval_split,prob_explicit_mmr,prob_implicit_mmr,prob_multi_method_not_mmr,prob_no_method_signal,prob_qual_only,prob_quant_only
11903,2,3,multi_method_not_mmr,no_method_signal,train,0.00017176501569338143,0.002465347060933709,0.03886586055159569,0.8692235350608826,0.010240348987281322,0.07903324067592621
11907,3,3,no_method_signal,no_method_signal,train,0.0002069359179586172,0.003659151028841734,0.060430027544498444,0.7944972515106201,0.019458413124084473,0.12174822390079498
11951,3,3,no_method_signal,no_method_signal,train,8.425677515333518e-05,0.00029666561749763787,0.0567612387239933,0.9295413494110107,0.005436388775706291,0.007880180142819881
11960,3,3,no_method_signal,no_method_signal,train,7.97176908235997e-05,0.0004719204443972558,0.05000857263803482,0.9157530069351196,0.009406620636582375,0.024280130863189697
11971,2,5,multi_method_not_mmr,quant_only,train,0.002382103353738785,0.04343936964869499,0.13439378142356873,0.3424837589263916,0.023963749408721924,0.4533372223377228
11984,5,2,quant_only,multi_method_not_mmr,train,0.0007919708150438964,0.003217794932425022,0.4133850932121277,0.35823920369148254,0.006874812766909599,0.21749114990234375
12047,0,4,explicit_mmr,qual_only,train,0.036955323070287704,0.1951896995306015,0.2222093939781189,0.004692358430474997,0.460150808095932,0.08080234378576279
12060,2,3,multi_method_not_mmr,no_method_signal,train,0.0002010426833294332,0.00032842360087670386,0.152193084359169,0.8269981741905212,0.01254949253052473,0.007729837205260992
12115,0,0,explicit_mmr,explicit_mmr,train,0.6688620448112488,0.30240586400032043,0.007505573332309723,0.00012809288455173373,0.003621242940425873,0.01747727394104004
12136,4,4,qual_only,qual_only,train,0.0004043470253236592,0.002644639229401946,0.08695033192634583,0.41692644357681274,0.4429951310157776,0.05007912218570709
12140,4,4,qual_only,qual_only,train,0.0007731438963674009,0.000629633606877178,0.038224391639232635,0.15898755192756653,0.7868466377258301,0.014538624323904514
12141,3,3,no_method_signal,no_method_signal,train,0.00010708740592235699,0.0010733326198533177,0.06333782523870468,0.8224360346794128,0.03191566839814186,0.08113003522157669
12147,3,3,no_method_signal,no_method_signal,train,0.00012605744996108115,0.0007498814375139773,0.016711145639419556,0.9165314435958862,0.0421634279191494,0.023718100041151047
12148,3,3,no_method_signal,no_method_signal,train,9.030992077896371e-05,0.000577254977542907,0.028606243431568146,0.937777042388916,0.022360481321811676,0.010588652454316616
12150,5,5,quant_only,quant_only,train,0.0006145426887087524,0.00927539449185133,0.13890621066093445,0.34869998693466187,0.042257342487573624,0.4602464735507965
12151,5,3,quant_only,no_method_signal,train,0.00020728347590193152,0.0021938018035143614,0.02471749298274517,0.8865891695022583,0.009371796622872353,0.07692045718431473
12160,1,1,implicit_mmr,implicit_mmr,train,0.04965769499540329,0.5965986847877502,0.12230391055345535,0.001282807206735015,0.15109658241271973,0.07906034588813782
12166,2,3,multi_method_not_mmr,no_method_signal,train,0.00014562772412318736,0.00032956028007902205,0.12354478985071182,0.8592414259910583,0.008667427115142345,0.008071225136518478
12167,0,1,explicit_mmr,implicit_mmr,train,0.35295045375823975,0.5439860820770264,0.019100124016404152,0.0001439026091247797,0.02689681388437748,0.05692256987094879
12168,3,4,no_method_signal,qual_only,train,0.0004352416726760566,0.0009381896816194057,0.08505351096391678,0.13517969846725464,0.7238891124725342,0.05450430512428284
12183,2,1,multi_method_not_mmr,implicit_mmr,train,0.02994442731142044,0.4946199655532837,0.15952168405056,0.0025194131303578615,0.08493616431951523,0.22845830023288727
12184,0,1,explicit_mmr,implicit_mmr,train,0.04949565976858139,0.5195505619049072,0.08606529235839844,0.003687096294015646,0.019472455605864525,0.32172900438308716
12186,4,4,qual_only,qual_only,train,0.0011653706897050142,0.003961309790611267,0.21031519770622253,0.037724096328020096,0.7118515372276306,0.034982532262802124
12324,4,4,qual_only,qual_only,train,0.0007417008746415377,0.005305845756083727,0.29633939266204834,0.09680455923080444,0.5353754758834839,0.06543298810720444
12362,3,3,no_method_signal,no_method_signal,train,0.00014355038001667708,0.0009597180178388953,0.04858637601137161,0.9263697862625122,0.0017065191641449928,0.022234082221984863
12394,4,2,qual_only,multi_method_not_mmr,train,0.0010247771861031651,0.0016854190034791827,0.43792515993118286,0.336366206407547,0.20821493864059448,0.014783495105803013
12402,3,3,no_method_signal,no_method_signal,train,0.000586872105486691,0.001162806642241776,0.1426653265953064,0.8332234621047974,0.0013956880429759622,0.020965825766324997
12404,1,5,implicit_mmr,quant_only,train,0.014965885318815708,0.25450506806373596,0.1876806616783142,0.009856476448476315,0.03578959032893181,0.49720239639282227
12409,1,1,implicit_mmr,implicit_mmr,train,0.06393434852361679,0.3702867031097412,0.1851007491350174,0.006643336266279221,0.09988046437501907,0.2741544246673584
12440,5,3,quant_only,no_method_signal,train,0.0007701687281951308,0.006076031364500523,0.28416985273361206,0.3520221710205078,0.005360636860132217,0.35160109400749207
12442,5,5,quant_only,quant_only,train,0.0010074398014694452,0.008337867446243763,0.2815093398094177,0.31890761852264404,0.0041618989780545235,0.3860759139060974
12444,3,3,no_method_signal,no_method_signal,train,0.0003248784632887691,0.0006803828291594982,0.15532182157039642,0.8274425268173218,0.0023056589998304844,0.013924741186201572
12445,5,5,quant_only,quant_only,train,0.004237942397594452,0.044701267033815384,0.1209433525800705,0.18258875608444214,0.0038791147526353598,0.6436495780944824
12448,3,3,no_method_signal,no_method_signal,train,0.00028747128089889884,0.0038738439325243235,0.015187409706413746,0.9423056840896606,0.004384230822324753,0.03396131098270416
12453,3,3,no_method_signal,no_method_signal,train,0.0003200917853973806,0.0005967155448161066,0.1808094084262848,0.8026363253593445,0.0026815657038241625,0.01295585185289383
12488,2,3,multi_method_not_mmr,no_method_signal,train,0.0003175314632244408,0.000860136526171118,0.26358070969581604,0.6950234174728394,0.0033659141045063734,0.03685229271650314
12528,3,3,no_method_signal,no_method_signal,train,0.00016680707631167024,0.00036732887383550406,0.11176425218582153,0.8749160766601562,0.004094669595360756,0.008690881542861462
12529,3,3,no_method_signal,no_method_signal,train,0.0002884015557356179,0.0018785976571962237,0.14584176242351532,0.6451275944709778,0.025867735967040062,0.180995911359787
12580,3,3,no_method_signal,no_method_signal,train,0.00021639162150677294,0.0014383218949660659,0.07211250811815262,0.8847329616546631,0.0017097681993618608,0.03979005664587021
12595,0,1,explicit_mmr,implicit_mmr,train,0.4154762029647827,0.5375319719314575,0.00823111180216074,0.00032043104874901474,0.0015971468528732657,0.03684312850236893
12598,5,5,quant_only,quant_only,train,0.022790148854255676,0.21450212597846985,0.150011345744133,0.012778441421687603,0.03670079633593559,0.5632171630859375
12600,5,1,quant_only,implicit_mmr,train,0.05784408375620842,0.40005922317504883,0.11472900956869125,0.005344051402062178,0.03119547851383686,0.3908281922340393
12608,2,5,multi_method_not_mmr,quant_only,train,0.02050529234111309,0.14187774062156677,0.2611050307750702,0.009470435790717602,0.12488171458244324,0.4421597421169281
12610,3,3,no_method_signal,no_method_signal,train,0.00022702832939103246,0.0005221589235588908,0.14063408970832825,0.8399617671966553,0.002693734597414732,0.015961235389113426
12626,4,4,qual_only,qual_only,train,0.0018957272404804826,0.002457280643284321,0.16009175777435303,0.01469226274639368,0.8034723401069641,0.017390593886375427
12629,4,4,qual_only,qual_only,train,0.0017702237237244844,0.002307006623595953,0.18118470907211304,0.01789439655840397,0.7774469256401062,0.01939678192138672
12641,3,3,no_method_signal,no_method_signal,train,0.00022438204905483872,0.00039640688919462264,0.21874715387821198,0.7522678375244141,0.008617841638624668,0.019746409729123116
12693,3,3,no_method_signal,no_method_signal,train,0.0002654524287208915,0.0005488643073476851,0.14063139259815216,0.8442342877388,0.0027267318218946457,0.011593307368457317
12746,3,2,no_method_signal,multi_method_not_mmr,train,0.0011224524350836873,0.0008015688508749008,0.49183031916618347,0.48464107513427734,0.011294849216938019,0.010309785604476929
12747,1,2,implicit_mmr,multi_method_not_mmr,train,0.0028314231894910336,0.042915113270282745,0.44173556566238403,0.035038504749536514,0.20925293862819672,0.26822641491889954
12760,3,3,no_method_signal,no_method_signal,train,0.0005108413170091808,0.0005373361054807901,0.3684840798377991,0.595704197883606,0.024760577827692032,0.010002998635172844
12771,1,5,implicit_mmr,quant_only,train,0.027973197400569916,0.31278055906295776,0.16412362456321716,0.006817538291215897,0.08018115907907486,0.4081239402294159
12812,5,5,quant_only,quant_only,train,0.0020704572089016438,0.016278265044093132,0.291461318731308,0.04647919908165932,0.2682713270187378,0.37543949484825134
12830,2,4,multi_method_not_mmr,qual_only,train,0.0005921999108977616,0.0013916034949943423,0.10579255223274231,0.27255019545555115,0.6079686284065247,0.011704884469509125
12832,1,1,implicit_mmr,implicit_mmr,train,0.08029894530773163,0.7304064631462097,0.03840656206011772,0.00147163774818182,0.009105229750275612,0.1403110921382904
12856,1,1,implicit_mmr,implicit_mmr,train,0.05016423761844635,0.5056241750717163,0.08741580694913864,0.005710093770176172,0.025461776182055473,0.3256239593029022
12857,5,4,quant_only,qual_only,train,0.011282391846179962,0.11975760012865067,0.21146143972873688,0.007663967087864876,0.3975253701210022,0.25230929255485535
12897,3,3,no_method_signal,no_method_signal,train,9.768422751221806e-05,0.0003085214120801538,0.08596117049455643,0.8928500413894653,0.00946410745382309,0.011318512260913849
12907,1,1,implicit_mmr,implicit_mmr,train,0.06498216837644577,0.8819195628166199,0.01254855003207922,0.0004027046379633248,0.0023964017163962126,0.03775060921907425
12914,3,3,no_method_signal,no_method_signal,train,0.00032979348907247186,0.0010652068303897977,0.0525440014898777,0.921987771987915,0.0013545718975365162,0.02271871455013752
12921,3,3,no_method_signal,no_method_signal,train,0.00011038326192647219,0.0003699155931826681,0.05934850126504898,0.8686686158180237,0.05070082098245621,0.020801691338419914
12922,3,4,no_method_signal,qual_only,train,0.0003910004743374884,0.0008280432666651905,0.11261361837387085,0.4088781177997589,0.4526142179965973,0.024674953892827034
12941,4,4,qual_only,qual_only,train,0.001266196952201426,0.0020178204867988825,0.2759224772453308,0.24639283120632172,0.4622395634651184,0.012161226943135262
12946,5,4,quant_only,qual_only,train,0.002347115660086274,0.0030223517678678036,0.21648475527763367,0.06964749097824097,0.6334653496742249,0.07503283023834229
12957,4,4,qual_only,qual_only,train,0.30652981996536255,0.16788838803768158,0.10866761207580566,0.004847080912441015,0.335960328578949,0.07610683888196945
12965,1,1,implicit_mmr,implicit_mmr,train,0.09113819152116776,0.7931886315345764,0.02332487888634205,0.0011183260940015316,0.002910107607021928,0.08831986039876938
12979,4,4,qual_only,qual_only,train,0.0010751636000350118,0.0027713722083717585,0.08300821483135223,0.032891273498535156,0.8693055510520935,0.010948464274406433
12995,0,0,explicit_mmr,explicit_mmr,train,0.8731403946876526,0.11252940446138382,0.0024578638840466738,0.00021145508799236268,0.000632118433713913,0.01102873682975769
13089,3,5,no_method_signal,quant_only,train,0.002332261297851801,0.03777270391583443,0.18586888909339905,0.1689639687538147,0.023540886119008064,0.5815213322639465
13108,3,3,no_method_signal,no_method_signal,train,0.0009417639812454581,0.005043477285653353,0.2508101463317871,0.47341734170913696,0.10786709189414978,0.16192017495632172
13133,1,4,implicit_mmr,qual_only,train,0.22519709169864655,0.3156999945640564,0.04057512804865837,0.0006151887937448919,0.3794623911380768,0.03845023736357689
13146,3,3,no_method_signal,no_method_signal,train,0.00011170125071657822,0.0006861130823381245,0.043263375759124756,0.9375954270362854,0.0026715018320828676,0.015671802684664726
13168,4,4,qual_only,qual_only,train,0.0002818091888912022,0.0009763751877471805,0.17406316101551056,0.20203004777431488,0.5342549085617065,0.0883936882019043
13176,5,4,quant_only,qual_only,train,0.000526580901350826,0.0033666209783405066,0.3446045219898224,0.07228056341409683,0.4537275731563568,0.1254940927028656
13177,0,1,explicit_mmr,implicit_mmr,train,0.06351356208324432,0.4278133511543274,0.11198964715003967,0.0012354168575257063,0.33430060744285583,0.06114748492836952
13180,2,3,multi_method_not_mmr,no_method_signal,train,0.00029917099163867533,0.00047145041753537953,0.18231554329395294,0.8039035201072693,0.004128419794142246,0.008881880901753902
13223,3,3,no_method_signal,no_method_signal,train,0.0005225674249231815,0.0020372981671243906,0.061866194009780884,0.8986924886703491,0.0009597019525244832,0.035921771079301834
13229,3,3,no_method_signal,no_method_signal,train,0.0012557200388982892,0.0054133073426783085,0.1087675541639328,0.7472665905952454,0.002217421540990472,0.13507939875125885
13236,1,1,implicit_mmr,implicit_mmr,train,0.07579554617404938,0.7525452375411987,0.03206407651305199,0.0010656608501449227,0.006188125349581242,0.13234128057956696
13237,4,4,qual_only,qual_only,train,0.0008636515703983605,0.004376061260700226,0.26406121253967285,0.031836092472076416,0.6321783661842346,0.06668461859226227
13249,4,4,qual_only,qual_only,train,0.0005501541891135275,0.0011264885542914271,0.16572465002536774,0.15060950815677643,0.6699975728988647,0.01199167687445879
13254,2,1,multi_method_not_mmr,implicit_mmr,train,0.08013186603784561,0.6188493967056274,0.04316366836428642,0.004897679667919874,0.005229524802416563,0.2477278858423233
13323,3,3,no_method_signal,no_method_signal,train,8.720825280761346e-05,0.0003479603328742087,0.07517368346452713,0.9077014923095703,0.005490491632372141,0.011199181899428368
13329,0,0,explicit_mmr,explicit_mmr,train,0.8732076287269592,0.10635882616043091,0.003154424484819174,0.0002329208655282855,0.0013939019991084933,0.01565227098762989
13355,3,3,no_method_signal,no_method_signal,train,0.00038566740113310516,0.002947376109659672,0.28400683403015137,0.5043826103210449,0.053014762699604034,0.15526267886161804
13356,4,4,qual_only,qual_only,train,0.00046881340676918626,0.0011868113651871681,0.19241532683372498,0.367237389087677,0.42598333954811096,0.012708261609077454
13367,5,5,quant_only,quant_only,train,0.008442213758826256,0.02322874590754509,0.2347308248281479,0.1786520779132843,0.21897263824939728,0.3359735310077667
13385,5,5,quant_only,quant_only,train,0.021378984674811363,0.3426613211631775,0.10430657118558884,0.01783534325659275,0.010155982337892056,0.5036618709564209
13386,0,0,explicit_mmr,explicit_mmr,train,0.8618118166923523,0.12166053056716919,0.0027962406165897846,0.00016971577133517712,0.0010365863563492894,0.012525011785328388
13387,5,5,quant_only,quant_only,train,0.02926231175661087,0.1988011598587036,0.17849767208099365,0.009874985553324223,0.05890193209052086,0.5246618986129761
13390,0,0,explicit_mmr,explicit_mmr,train,0.9402252435684204,0.04890987649559975,0.001673283288255334,7.002236088737845e-05,0.004181283991783857,0.00494019128382206
13391,0,0,explicit_mmr,explicit_mmr,train,0.714573085308075,0.2406575083732605,0.006183200050145388,0.00032995641231536865,0.0012476948322728276,0.037008535116910934
13393,1,1,implicit_mmr,implicit_mmr,train,0.0492166206240654,0.6287184953689575,0.09360352158546448,0.0014963651774451137,0.05674980208277702,0.1702152043581009
13402,0,0,explicit_mmr,explicit_mmr,train,0.9800897836685181,0.014590918086469173,0.0009483284084126353,0.00017345660307910293,0.0007637249655090272,0.0034336650278419256
13403,5,5,quant_only,quant_only,train,0.024929840117692947,0.22315116226673126,0.16589906811714172,0.008960103616118431,0.05088610202074051,0.5261737704277039
13449,2,4,multi_method_not_mmr,qual_only,train,0.0043365322053432465,0.028940826654434204,0.3503635823726654,0.030107613652944565,0.45152294635772705,0.1347285807132721
13450,0,0,explicit_mmr,explicit_mmr,train,0.887860894203186,0.09586600214242935,0.0027529301587492228,7.307007763301954e-05,0.006955118849873543,0.006491944659501314
13453,0,0,explicit_mmr,explicit_mmr,train,0.9381487369537354,0.027643384411931038,0.005773595999926329,0.0004910318530164659,0.018510865047574043,0.009432272054255009
13454,0,0,explicit_mmr,explicit_mmr,train,0.9108579158782959,0.07500256597995758,0.002328794449567795,9.844889427768067e-05,0.004507882054895163,0.0072043281979858875
13473,1,1,implicit_mmr,implicit_mmr,train,0.06663518399000168,0.857046365737915,0.021011829376220703,0.0003856421390082687,0.0044924370013177395,0.050428472459316254
13498,0,0,explicit_mmr,explicit_mmr,train,0.9121028184890747,0.07879810780286789,0.0016591824823990464,0.00010458864562679082,0.0007651107152923942,0.006570152938365936
13499,3,3,no_method_signal,no_method_signal,train,0.0004864266375079751,0.0007088820566423237,0.39989957213401794,0.49098268151283264,0.09279530495405197,0.015127170830965042
13504,3,2,no_method_signal,multi_method_not_mmr,train,0.001130952499806881,0.0014729317044839263,0.40891405940055847,0.3013444244861603,0.27015650272369385,0.016981130465865135
13506,0,0,explicit_mmr,explicit_mmr,train,0.982767641544342,0.011224618181586266,0.0011175046674907207,0.00032304812339134514,0.0008374642347916961,0.0037297115195542574
13518,0,0,explicit_mmr,explicit_mmr,train,0.8825554251670837,0.10304883867502213,0.002399756107479334,0.00017976881645154208,0.0007376259309239686,0.011078632436692715
13524,0,0,explicit_mmr,explicit_mmr,train,0.9234417676925659,0.06637655198574066,0.001615295303054154,0.00017467763973399997,0.0006173436413519084,0.007774394005537033
13531,0,0,explicit_mmr,explicit_mmr,train,0.658941924571991,0.26021531224250793,0.010430599562823772,0.00015645474195480347,0.04687837138772011,0.02337740920484066
13532,2,1,multi_method_not_mmr,implicit_mmr,train,0.09016017615795135,0.7609553337097168,0.03664283826947212,0.0006579269538633525,0.018225815147161484,0.09335793554782867
13543,0,0,explicit_mmr,explicit_mmr,train,0.9836937785148621,0.01112431287765503,0.0009796847589313984,0.00027473527006804943,0.0008324069203808904,0.003095233580097556
13544,0,0,explicit_mmr,explicit_mmr,train,0.9105522036552429,0.07807876169681549,0.0019034368451684713,0.00016694466467015445,0.0006771735497750342,0.008621403016149998
13579,0,1,explicit_mmr,implicit_mmr,train,0.12184759229421616,0.8070001006126404,0.01464826799929142,0.0004030757991131395,0.0028772633522748947,0.05322356894612312
13626,3,3,no_method_signal,no_method_signal,train,0.00031808181665837765,0.0008816499030217528,0.0784432664513588,0.8981516361236572,0.0012508422369137406,0.020954469218850136
13630,5,3,quant_only,no_method_signal,train,0.0006694130715914071,0.006123589351773262,0.24844735860824585,0.38073161244392395,0.004839681554585695,0.35918834805488586
13666,2,3,multi_method_not_mmr,no_method_signal,train,6.169765401864424e-05,0.00030861186678521335,0.04456888511776924,0.9283573031425476,0.015984028577804565,0.010719483718276024
13669,3,5,no_method_signal,quant_only,train,0.0012894893297925591,0.01448284275829792,0.2167995423078537,0.185402974486351,0.12568864226341248,0.45633652806282043
13708,5,5,quant_only,quant_only,train,0.1478353589773178,0.20769456028938293,0.15834756195545197,0.03492587059736252,0.057059768587350845,0.394136905670166
13713,4,4,qual_only,qual_only,train,0.0005457198130898178,0.0022768531925976276,0.10750303417444229,0.06413587927818298,0.7470072507858276,0.07853128761053085
13714,1,0,implicit_mmr,explicit_mmr,train,0.7186866402626038,0.25222164392471313,0.004787927959114313,0.0003683689865283668,0.0007602880941703916,0.023175153881311417
13719,3,3,no_method_signal,no_method_signal,train,0.00029988616006448865,0.00061616679886356,0.17823024094104767,0.8015767335891724,0.002648562891408801,0.0166283268481493
13747,1,1,implicit_mmr,implicit_mmr,train,0.08626522868871689,0.7137982249259949,0.06862396001815796,0.001025412231683731,0.05835003778338432,0.07193708419799805
13757,2,2,multi_method_not_mmr,multi_method_not_mmr,train,0.0012694263132289052,0.0011785364476963878,0.7416509389877319,0.1791684925556183,0.057613495737314224,0.019119180738925934
13766,0,0,explicit_mmr,explicit_mmr,train,0.8550421595573425,0.1037108525633812,0.005474829580634832,0.00011974965309491381,0.026053069159388542,0.009599401615560055
13779,2,4,multi_method_not_mmr,qual_only,train,0.014344820752739906,0.014044846408069134,0.07586109638214111,0.007787758018821478,0.8781450390815735,0.009816410951316357
13799,5,3,quant_only,no_method_signal,train,0.0013659889809787273,0.0013818904990330338,0.1561206877231598,0.5912290811538696,0.1463913470506668,0.10351108759641647
13820,4,5,qual_only,quant_only,train,0.10646840184926987,0.18996119499206543,0.2185947299003601,0.037242840975522995,0.134526789188385,0.3132060766220093
13847,5,5,quant_only,quant_only,train,0.004096766002476215,0.032268788665533066,0.17760224640369415,0.06109965592622757,0.026892470195889473,0.6980400681495667
13890,4,4,qual_only,qual_only,train,0.001161601161584258,0.0010757161071524024,0.10246814042329788,0.06886667758226395,0.819392204284668,0.007035627029836178
13914,2,2,multi_method_not_mmr,multi_method_not_mmr,train,0.004945020191371441,0.019414378330111504,0.41008642315864563,0.20137101411819458,0.03271486982703209,0.33146828413009644
13922,0,0,explicit_mmr,explicit_mmr,train,0.9434064626693726,0.04678524285554886,0.00173491844907403,7.078527414705604e-05,0.0029381150379776955,0.005064542405307293
13944,3,3,no_method_signal,no_method_signal,train,0.001276403316296637,0.038762982934713364,0.029409026727080345,0.7029715776443481,0.01079366821795702,0.21678629517555237
13965,5,5,quant_only,quant_only,train,0.029624205082654953,0.22783306241035461,0.1079816222190857,0.014839991927146912,0.045681845396757126,0.5740392804145813
13967,5,5,quant_only,quant_only,train,0.028537854552268982,0.22480274736881256,0.0980915054678917,0.014581361785531044,0.04951508343219757,0.5844714045524597
13982,2,3,multi_method_not_mmr,no_method_signal,train,0.0004999725497327745,0.000578507489990443,0.36802780628204346,0.596594512462616,0.02419317699968815,0.010106004774570465
13983,2,1,multi_method_not_mmr,implicit_mmr,train,0.0674719288945198,0.6120997071266174,0.048259589821100235,0.004160807002335787,0.009826923720538616,0.258181095123291
13984,2,1,multi_method_not_mmr,implicit_mmr,train,0.0770643949508667,0.6339365243911743,0.050580013543367386,0.003479758044704795,0.009485326707363129,0.22545409202575684
14013,2,2,multi_method_not_mmr,multi_method_not_mmr,train,0.0011788486735895276,0.0007980803493410349,0.5305252075195312,0.4399895966053009,0.01739422231912613,0.010113947093486786
14019,5,5,quant_only,quant_only,train,0.025423763319849968,0.40367138385772705,0.10562711954116821,0.006719245575368404,0.026607312262058258,0.4319511950016022
14033,2,3,multi_method_not_mmr,no_method_signal,train,0.0007124351104721427,0.0005984999006614089,0.43784937262535095,0.5285845398902893,0.022724827751517296,0.009530354291200638
14034,3,3,no_method_signal,no_method_signal,train,7.33309643692337e-05,0.0002552925143390894,0.07719127833843231,0.8953487277030945,0.01287385355681181,0.014257648959755898
14059,1,1,implicit_mmr,implicit_mmr,train,0.09747924655675888,0.7541842460632324,0.027638288214802742,0.000864913163240999,0.009265748783946037,0.11056758463382721
14067,0,0,explicit_mmr,explicit_mmr,train,0.9534029960632324,0.03866847604513168,0.0012570327380672097,0.00013969653809908777,0.0006535155698657036,0.005878303665667772
14105,3,3,no_method_signal,no_method_signal,train,9.919638250721619e-05,0.000396699266275391,0.09170914441347122,0.8847903609275818,0.005578363314270973,0.01742616482079029
14122,3,3,no_method_signal,no_method_signal,train,9.05536362552084e-05,0.0002567359188105911,0.08565783500671387,0.8963738679885864,0.007272637449204922,0.010348322801291943
14128,3,3,no_method_signal,no_method_signal,train,0.00010721028229454532,0.000392509886296466,0.07093304395675659,0.8938989639282227,0.02072007581591606,0.013948203064501286
14158,3,3,no_method_signal,no_method_signal,train,7.815720891812816e-05,0.0003598263720050454,0.05917396396398544,0.9219909310340881,0.004741258919239044,0.013655847869813442
14163,0,1,explicit_mmr,implicit_mmr,train,0.3800874352455139,0.5805011987686157,0.007602172438055277,0.00019418122246861458,0.002413347130641341,0.029201723635196686
14221,2,0,multi_method_not_mmr,explicit_mmr,train,0.6549146175384521,0.30312928557395935,0.007146042305976152,0.00030064675956964493,0.001449971692636609,0.03305942565202713
14222,3,3,no_method_signal,no_method_signal,train,0.0007331680390052497,0.0008309419499710202,0.2862745523452759,0.6957385540008545,0.0029112184420228004,0.013511593453586102
14223,0,1,explicit_mmr,implicit_mmr,train,0.1617911159992218,0.7589330673217773,0.015894543379545212,0.0002714112342800945,0.0075941444374620914,0.05551572144031525
14234,5,5,quant_only,quant_only,train,0.01945105567574501,0.19842326641082764,0.2800448536872864,0.016830097883939743,0.0864153578877449,0.3988354206085205
14236,3,3,no_method_signal,no_method_signal,train,0.0001056307737599127,0.00042971991933882236,0.058432407677173615,0.8797782063484192,0.039698563516139984,0.021555501967668533
14249,0,0,explicit_mmr,explicit_mmr,train,0.8306280970573425,0.046477627009153366,0.005373143125325441,0.0003094037529081106,0.10817499458789825,0.009036672301590443
14259,3,3,no_method_signal,no_method_signal,train,0.0005180907901376486,0.0029191775247454643,0.09615394473075867,0.494945764541626,0.034172989428043365,0.37129002809524536
14268,1,1,implicit_mmr,implicit_mmr,train,0.04858813062310219,0.8133939504623413,0.02443830482661724,0.0036912644281983376,0.0012958835577592254,0.10859239101409912
14280,5,5,quant_only,quant_only,train,0.0021921731531620026,0.015510094352066517,0.17771732807159424,0.23550833761692047,0.015884384512901306,0.5531877279281616
14282,5,3,quant_only,no_method_signal,train,0.0001674253144301474,0.001951037673279643,0.11298816651105881,0.7264691591262817,0.0259407926350832,0.1324833333492279
14288,3,3,no_method_signal,no_method_signal,train,0.0013363067992031574,0.00743252644315362,0.2574012279510498,0.3412497639656067,0.07049062848091125,0.3220895528793335
14311,5,3,quant_only,no_method_signal,train,0.0006138148601166904,0.005212587304413319,0.15276049077510834,0.49527227878570557,0.03397173061966896,0.3121691048145294
14314,3,3,no_method_signal,no_method_signal,train,0.000853187870234251,0.0073315454646945,0.13839785754680634,0.5550950169563293,0.015948528423905373,0.2823738753795624
14352,5,3,quant_only,no_method_signal,train,0.0005226795328781009,0.003920130431652069,0.18572713434696198,0.5073040723800659,0.03889064863324165,0.2636353075504303
14366,3,3,no_method_signal,no_method_signal,train,0.00010186007420998067,0.0003919176524505019,0.07001452147960663,0.8851192593574524,0.023752324283123016,0.02062009833753109
14373,2,5,multi_method_not_mmr,quant_only,train,0.001960254041478038,0.01202524732798338,0.20905698835849762,0.0703001469373703,0.19808247685432434,0.508574903011322
14384,5,3,quant_only,no_method_signal,train,0.0003720236709341407,0.0021887116599828005,0.1410844773054123,0.758160412311554,0.002918511861935258,0.09527584910392761
14404,5,5,quant_only,quant_only,train,0.001869718311354518,0.027101615443825722,0.20780529081821442,0.18394140899181366,0.005690202582627535,0.5735917091369629
14414,5,5,quant_only,quant_only,train,0.014685351401567459,0.13079535961151123,0.16444119811058044,0.019374443218111992,0.03358348459005356,0.6371201276779175
14431,2,3,multi_method_not_mmr,no_method_signal,train,0.0003330464824102819,0.0005677881417796016,0.2095656841993332,0.7733905911445618,0.003108154283836484,0.013034721836447716
14480,3,3,no_method_signal,no_method_signal,train,0.0002724066434893757,0.0004522779490798712,0.1754608005285263,0.8108766078948975,0.003549347398802638,0.009388605132699013
14511,2,1,multi_method_not_mmr,implicit_mmr,train,0.12301189452409744,0.6427065134048462,0.05571779981255531,0.0032713229302316904,0.006063377950340509,0.16922907531261444
14518,0,0,explicit_mmr,explicit_mmr,train,0.5528135299682617,0.39287111163139343,0.0081935441121459,0.0002717384195420891,0.0023860984947532415,0.04346388578414917
14528,3,3,no_method_signal,no_method_signal,train,8.594003156758845e-05,0.00039569943328388035,0.05604269355535507,0.9240944981575012,0.004340765997767448,0.015040457248687744
14544,5,5,quant_only,quant_only,train,0.0007106235134415329,0.012811251915991306,0.18466974794864655,0.29271963238716125,0.02012668363749981,0.4889620840549469
14548,0,5,explicit_mmr,quant_only,train,0.01108431164175272,0.0535961352288723,0.18953055143356323,0.15520736575126648,0.008118175901472569,0.5824634432792664
14576,1,5,implicit_mmr,quant_only,train,0.00590461865067482,0.18740524351596832,0.11973289400339127,0.1143394261598587,0.014351747930049896,0.5582661032676697
14590,5,2,quant_only,multi_method_not_mmr,train,0.0007028758409433067,0.0072806342504918575,0.41245201230049133,0.11885490268468857,0.28452035784721375,0.17618919909000397
14598,3,3,no_method_signal,no_method_signal,train,0.0005341241485439241,0.0006711654714308679,0.2579892575740814,0.7254050970077515,0.003036759328097105,0.0123635558411479
14599,0,0,explicit_mmr,explicit_mmr,train,0.8986340761184692,0.06097624823451042,0.006750752218067646,0.00028613078757189214,0.02211880125105381,0.011233889497816563
14601,1,4,implicit_mmr,qual_only,train,0.04576166719198227,0.04308389499783516,0.16653817892074585,0.03054691292345524,0.551326334476471,0.1627430021762848
14614,0,0,explicit_mmr,explicit_mmr,train,0.6908441781997681,0.19710667431354523,0.01740805245935917,0.0004968189168721437,0.06097594276070595,0.033168330788612366
14651,5,1,quant_only,implicit_mmr,train,0.09520687907934189,0.8355791568756104,0.01885298453271389,0.00029904962866567075,0.01059867162257433,0.03946331888437271
14655,4,1,qual_only,implicit_mmr,train,0.10081709176301956,0.6996952891349792,0.042604073882102966,0.0010145356645807624,0.014431865885853767,0.14143721759319305
14669,5,1,quant_only,implicit_mmr,train,0.17526216804981232,0.7697463035583496,0.009974531829357147,0.00022644562704954296,0.0025426275096833706,0.042248018085956573
14674,5,5,quant_only,quant_only,train,0.008354118093848228,0.18539375066757202,0.16281728446483612,0.011449846439063549,0.024409933015704155,0.6075751185417175
14676,5,1,quant_only,implicit_mmr,train,0.06973395496606827,0.8483145833015442,0.0203676950186491,0.00040274494676850736,0.0045156837441027164,0.056665245443582535
14677,4,4,qual_only,qual_only,train,0.0008227567304857075,0.0014239660231396556,0.16024993360042572,0.1878470480442047,0.6365674734115601,0.013088811188936234
14694,1,1,implicit_mmr,implicit_mmr,train,0.06402982771396637,0.4745577871799469,0.1185820996761322,0.0016210800968110561,0.261212021112442,0.07999726384878159
14707,1,4,implicit_mmr,qual_only,train,0.00528685050085187,0.04398086667060852,0.23227781057357788,0.007998834364116192,0.6598689556121826,0.050586678087711334
14710,0,0,explicit_mmr,explicit_mmr,train,0.5599009394645691,0.2204446792602539,0.05293167382478714,0.010901754721999168,0.002791531616821885,0.1530294120311737
14712,0,0,explicit_mmr,explicit_mmr,train,0.4939447343349457,0.20087070763111115,0.07240550965070724,0.022015077993273735,0.0029936882201582193,0.2077702432870865
14715,0,0,explicit_mmr,explicit_mmr,train,0.6101895570755005,0.3312270939350128,0.010678797960281372,0.00014653272228315473,0.02228889800608158,0.02546919323503971
14739,5,2,quant_only,multi_method_not_mmr,train,0.0008676935103721917,0.0021103047765791416,0.5921206474304199,0.23307399451732635,0.14937743544578552,0.022449953481554985
14752,0,0,explicit_mmr,explicit_mmr,train,0.8879953622817993,0.0955798327922821,0.002434413880109787,0.0001827768428483978,0.0009171422570943832,0.012890409678220749
14753,0,0,explicit_mmr,explicit_mmr,train,0.89195716381073,0.09281319379806519,0.0020228405483067036,0.00017493541236035526,0.0008497986709699035,0.012182141654193401
14754,0,0,explicit_mmr,explicit_mmr,train,0.9268754124641418,0.06306394189596176,0.0016960634384304285,7.782165630487725e-05,0.001988215371966362,0.006298641674220562
14827,5,5,quant_only,quant_only,train,0.004609094932675362,0.13856194913387299,0.06378946453332901,0.12996473908424377,0.011258475482463837,0.6518162488937378
14835,4,1,qual_only,implicit_mmr,train,0.3037140667438507,0.44018110632896423,0.014058108441531658,0.0009320343961007893,0.2118867039680481,0.029227910563349724
14841,3,3,no_method_signal,no_method_signal,train,9.726061398396268e-05,0.0011672916589304805,0.019609887152910233,0.9383214712142944,0.007201371714472771,0.03360270708799362
14848,3,3,no_method_signal,no_method_signal,train,8.00189736764878e-05,0.0002527190954424441,0.08980295062065125,0.8898288607597351,0.007444362156093121,0.01259099692106247
14862,3,3,no_method_signal,no_method_signal,train,0.0002352619922021404,0.0004920139326713979,0.16268104314804077,0.8214972019195557,0.0033968619536608458,0.011697511188685894
14871,5,5,quant_only,quant_only,train,0.0026591536588966846,0.08660630136728287,0.04621941223740578,0.3187910318374634,0.01686304621398449,0.5288611054420471
14873,3,5,no_method_signal,quant_only,train,0.00141334964428097,0.032486654818058014,0.24903704226016998,0.26775386929512024,0.01470014825463295,0.43460893630981445
14875,3,3,no_method_signal,no_method_signal,train,6.359009421430528e-05,0.0002811850281432271,0.048106178641319275,0.932280957698822,0.005614191293716431,0.013653907924890518
14882,0,0,explicit_mmr,explicit_mmr,train,0.9417576193809509,0.04776659980416298,0.00140902039129287,6.614247831748798e-05,0.0033691669814288616,0.005631426349282265
14888,3,4,no_method_signal,qual_only,train,0.003558217780664563,0.014041191898286343,0.34323716163635254,0.02270696312189102,0.5214677453041077,0.09498869627714157
14894,3,3,no_method_signal,no_method_signal,train,0.00010720013960963115,0.0003503361367620528,0.07158142328262329,0.8881798982620239,0.02874770388007164,0.011033345013856888
14897,2,3,multi_method_not_mmr,no_method_signal,train,0.00014792292495258152,0.00045573769602924585,0.2593984603881836,0.7036213278770447,0.015987373888492584,0.020389191806316376
14899,1,5,implicit_mmr,quant_only,train,0.004994021728634834,0.22535637021064758,0.20812773704528809,0.0839657112956047,0.011890282854437828,0.4656658470630646
14904,1,1,implicit_mmr,implicit_mmr,train,0.24655604362487793,0.6748753786087036,0.008310066536068916,0.0004560000670608133,0.025891078636050224,0.04391135275363922
14907,2,4,multi_method_not_mmr,qual_only,train,0.0011598279234021902,0.0019928079564124346,0.18508198857307434,0.07109687477350235,0.7315896153450012,0.009078845381736755
14910,2,3,multi_method_not_mmr,no_method_signal,train,0.0006329955067485571,0.0012407222529873252,0.3521210551261902,0.4236198365688324,0.2041841745376587,0.018201174214482307
14913,2,5,multi_method_not_mmr,quant_only,train,0.006006010342389345,0.07830365747213364,0.17432565987110138,0.04970918595790863,0.02906731702387333,0.6625881791114807
14917,3,4,no_method_signal,qual_only,train,0.005448357667773962,0.01312041562050581,0.1545218825340271,0.11380366235971451,0.6809733510017395,0.03213232010602951
14930,3,3,no_method_signal,no_method_signal,train,0.00016197703371290118,0.0005216512945480645,0.14095082879066467,0.8370649814605713,0.003149634227156639,0.018150970339775085
14939,3,3,no_method_signal,no_method_signal,train,0.0005536898970603943,0.0007392634870484471,0.2377115935087204,0.7451959848403931,0.002798741450533271,0.013000755570828915
14941,3,3,no_method_signal,no_method_signal,train,0.00030669395346194506,0.0006270988378673792,0.1567564159631729,0.8257588148117065,0.002710462547838688,0.013840519823133945
14949,3,3,no_method_signal,no_method_signal,train,0.00022331468062475324,0.00042021440458483994,0.15643857419490814,0.8125961422920227,0.007055232301354408,0.023266512900590897
14953,2,3,multi_method_not_mmr,no_method_signal,train,0.0004090873699169606,0.008095180615782738,0.1451486498117447,0.4337749779224396,0.011158561334013939,0.40141355991363525
14956,3,3,no_method_signal,no_method_signal,train,0.00024010546621866524,0.0007037960458546877,0.1404571384191513,0.8351331949234009,0.0019460630137473345,0.021519754081964493
14962,5,5,quant_only,quant_only,train,0.001486699446104467,0.020429661497473717,0.16992777585983276,0.16142040491104126,0.008840315043926239,0.6378951668739319
14963,0,1,explicit_mmr,implicit_mmr,train,0.1626635193824768,0.339210569858551,0.15076027810573578,0.01822631247341633,0.10715201497077942,0.2219872921705246
15013,2,4,multi_method_not_mmr,qual_only,train,0.014917927794158459,0.1244153156876564,0.30349308252334595,0.025699397549033165,0.40468689799308777,0.12678737938404083
15022,3,4,no_method_signal,qual_only,train,0.0006479672738350928,0.001293861074373126,0.1661483496427536,0.3105696141719818,0.505685031414032,0.01565517485141754
15026,3,3,no_method_signal,no_method_signal,train,0.00011117273243144155,0.00033701048232614994,0.09094949811697006,0.8656359314918518,0.028165385127067566,0.014801031909883022
15027,3,3,no_method_signal,no_method_signal,train,0.0001909851562231779,0.0003177196194883436,0.17156918346881866,0.810410737991333,0.010132269002497196,0.007379010785371065
15030,2,3,multi_method_not_mmr,no_method_signal,train,0.00011045443534385413,0.00038595098885707557,0.0807071179151535,0.848638117313385,0.05452539771795273,0.015632888302206993
15074,4,3,qual_only,no_method_signal,train,0.0004972986644133925,0.0005351315485313535,0.4358091652393341,0.5229038000106812,0.026563869789242744,0.01369071751832962
15097,2,4,multi_method_not_mmr,qual_only,train,0.0017127697356045246,0.0018922352464869618,0.06102229654788971,0.010511426255106926,0.9173122644424438,0.007548998109996319
15116,3,3,no_method_signal,no_method_signal,train,0.0004083053208887577,0.001076546381227672,0.07424717396497726,0.892333447933197,0.0019691477064043283,0.029965415596961975
15122,3,3,no_method_signal,no_method_signal,train,0.0012072569224983454,0.0041261413134634495,0.06374286115169525,0.853924036026001,0.0015529724769294262,0.07544669508934021
15141,1,1,implicit_mmr,implicit_mmr,train,0.03573581948876381,0.8426390290260315,0.033836040645837784,0.0012092948891222477,0.004292420577257872,0.08228740096092224
15148,5,3,quant_only,no_method_signal,train,0.0003638336493168026,0.0029240099247545004,0.2299133986234665,0.5191237330436707,0.011092126369476318,0.23658283054828644
15163,4,4,qual_only,qual_only,train,0.0038049952127039433,0.009414692409336567,0.10277025401592255,0.013406983576714993,0.6943929195404053,0.17621015012264252
15177,1,1,implicit_mmr,implicit_mmr,train,0.06042259931564331,0.633668065071106,0.06378033012151718,0.00226394459605217,0.0152062913402915,0.2246588170528412
15183,5,2,quant_only,multi_method_not_mmr,train,0.008842985145747662,0.10202694684267044,0.368389755487442,0.01257664430886507,0.3144100308418274,0.19375358521938324
15192,1,1,implicit_mmr,implicit_mmr,train,0.12106404453516006,0.7637110352516174,0.022124631330370903,0.0005057928501628339,0.008367438800632954,0.08422713726758957
15193,5,1,quant_only,implicit_mmr,train,0.03366296738386154,0.513866126537323,0.153978630900383,0.0036613168194890022,0.10034766048192978,0.19448328018188477
15202,5,5,quant_only,quant_only,train,0.011125458404421806,0.13957765698432922,0.1690194010734558,0.010432006791234016,0.08184836804866791,0.5879970192909241
15210,2,5,multi_method_not_mmr,quant_only,train,0.0027479350101202726,0.0740247294306755,0.23965322971343994,0.02776608057320118,0.1887209564447403,0.467087060213089
15231,5,5,quant_only,quant_only,train,0.011777596548199654,0.14957720041275024,0.29599958658218384,0.01236248854547739,0.16582024097442627,0.3644629120826721
15238,3,3,no_method_signal,no_method_signal,train,0.0012368980096653104,0.000834243546705693,0.4434441030025482,0.536643922328949,0.009133905172348022,0.008706911467015743
15243,5,1,quant_only,implicit_mmr,train,0.10024260729551315,0.6402151584625244,0.052960556000471115,0.0014856599736958742,0.02560332976281643,0.1794927567243576
15269,2,3,multi_method_not_mmr,no_method_signal,train,0.00034048338420689106,0.0038988005835562944,0.07734333723783493,0.5668779015541077,0.08059737831354141,0.27094215154647827
15279,5,5,quant_only,quant_only,train,0.01919899322092533,0.07412686198949814,0.13859985768795013,0.0260112676769495,0.20975585281848907,0.5323071479797363
15307,4,3,qual_only,no_method_signal,train,0.00017410660802852362,0.0006729660090059042,0.1697855144739151,0.7195178270339966,0.07755360007286072,0.03229597583413124
15320,5,5,quant_only,quant_only,train,0.007171978708356619,0.09535800665616989,0.19228845834732056,0.02876516431570053,0.03603478521108627,0.6403816938400269
15343,2,4,multi_method_not_mmr,qual_only,train,0.00347230676561594,0.03638206049799919,0.3287220597267151,0.0249849371612072,0.3713543117046356,0.23508435487747192
15353,1,0,implicit_mmr,explicit_mmr,train,0.7751649618148804,0.19329509139060974,0.004966252949088812,0.00032055319752544165,0.0011628016363829374,0.025090375915169716
15354,3,3,no_method_signal,no_method_signal,train,0.00024848146131262183,0.0008439377998001873,0.11726423352956772,0.8578474521636963,0.002018862869590521,0.021776964887976646
15384,5,5,quant_only,quant_only,train,0.005727170500904322,0.019315803423523903,0.13692252337932587,0.1522016078233719,0.04707684367895126,0.6387560963630676
15402,0,0,explicit_mmr,explicit_mmr,train,0.8935153484344482,0.09229862689971924,0.002209246624261141,0.00016225966101046652,0.0008493382483720779,0.010965184308588505
15426,1,1,implicit_mmr,implicit_mmr,train,0.08519183844327927,0.7136306762695312,0.0688488781452179,0.0008254392887465656,0.06333750486373901,0.06816563010215759
15427,5,5,quant_only,quant_only,train,0.04847950115799904,0.24538439512252808,0.12458450347185135,0.011783615685999393,0.04443953558802605,0.5253284573554993
15431,5,5,quant_only,quant_only,train,0.05661117658019066,0.28295835852622986,0.12056617438793182,0.00946094561368227,0.03835884854197502,0.49204444885253906
15438,1,1,implicit_mmr,implicit_mmr,train,0.08342289179563522,0.7377585768699646,0.04451272636651993,0.0010997806675732136,0.020040275529026985,0.11316582560539246
15439,5,1,quant_only,implicit_mmr,train,0.060810837894678116,0.7071874141693115,0.040842391550540924,0.0016834208508953452,0.008777255192399025,0.18069864809513092
15445,2,2,multi_method_not_mmr,multi_method_not_mmr,train,0.00114089110866189,0.0007864122744649649,0.5325602293014526,0.4369567036628723,0.018258031457662582,0.010297661647200584
15456,1,1,implicit_mmr,implicit_mmr,train,0.07942017912864685,0.755850076675415,0.03260723128914833,0.0005401512025855482,0.014269244857132435,0.11731304973363876
15463,5,4,quant_only,qual_only,train,0.00046693524927832186,0.0024362001568078995,0.3588922917842865,0.1761654168367386,0.4070373475551605,0.055001866072416306
15469,3,4,no_method_signal,qual_only,train,0.000782668124884367,0.0008962912834249437,0.1696830689907074,0.268378347158432,0.5508047938346863,0.009454866871237755
15476,0,0,explicit_mmr,explicit_mmr,train,0.9573001861572266,0.03483248129487038,0.0010584912961348891,7.325586921069771e-05,0.0022277324460446835,0.004507937468588352
15480,2,4,multi_method_not_mmr,qual_only,train,0.0022390696685761213,0.012579882517457008,0.3173042833805084,0.024980291724205017,0.6112954616546631,0.031601082533597946
15482,0,4,explicit_mmr,qual_only,train,0.0036048279143869877,0.00287143443711102,0.10782740265130997,0.009420289658010006,0.8537564873695374,0.02251955308020115
15494,5,5,quant_only,quant_only,train,0.007905567064881325,0.027463162317872047,0.24505630135536194,0.08298474550247192,0.1266711801290512,0.5099189877510071
15514,3,4,no_method_signal,qual_only,train,0.0007613423513248563,0.0006295760977081954,0.043695118278265,0.22896353900432587,0.7104840874671936,0.015466270036995411
15521,2,2,multi_method_not_mmr,multi_method_not_mmr,train,0.0003441063454374671,0.002326552290469408,0.4724143147468567,0.33929741382598877,0.08044938743114471,0.1051681786775589
15522,3,3,no_method_signal,no_method_signal,train,0.0007181797409430146,0.0006743937265127897,0.3955006003379822,0.5838688015937805,0.009775220416486263,0.009462869726121426
15541,3,5,no_method_signal,quant_only,train,0.001657893881201744,0.012435337528586388,0.16591522097587585,0.2555127441883087,0.023436933755874634,0.5410418510437012
15544,2,3,multi_method_not_mmr,no_method_signal,train,0.0005717658204957843,0.0006027355557307601,0.420785129070282,0.5189369320869446,0.048170797526836395,0.0109325610101223
15596,5,5,quant_only,quant_only,train,0.02631440944969654,0.18955180048942566,0.13012906908988953,0.04557555541396141,0.008798136375844479,0.5996310114860535
15622,3,3,no_method_signal,no_method_signal,train,0.00018043877207674086,0.0003684276598505676,0.11021025478839874,0.8539589643478394,0.027139287441968918,0.00814259797334671
15623,3,3,no_method_signal,no_method_signal,train,0.00015274657926056534,0.001054647145792842,0.029277414083480835,0.9351702332496643,0.02127079851925373,0.013074163347482681
15635,0,4,explicit_mmr,qual_only,train,0.3148747682571411,0.1925467699766159,0.06267867982387543,0.0033417323138564825,0.3638905882835388,0.06266746670007706
15677,2,2,multi_method_not_mmr,multi_method_not_mmr,train,0.0006700519588775933,0.0025079285260289907,0.5190041065216064,0.34466832876205444,0.02210577018558979,0.11104395240545273
15684,5,3,quant_only,no_method_signal,train,0.0005495467339642346,0.0037143488880246878,0.20132075250148773,0.6240257024765015,0.002076708013191819,0.16831281781196594
15693,5,5,quant_only,quant_only,train,0.000993050984106958,0.012182955630123615,0.18703244626522064,0.3737281560897827,0.004038862884044647,0.42202454805374146
15702,5,5,quant_only,quant_only,train,0.0028596464544534683,0.02013852633535862,0.14760605990886688,0.10056298226118088,0.0871090516448021,0.6417236924171448
15703,5,3,quant_only,no_method_signal,train,0.0001472687436034903,0.0014143913285806775,0.2601739466190338,0.46583160758018494,0.08858458697795868,0.18384812772274017
15704,5,4,quant_only,qual_only,train,0.002283914713189006,0.004217674024403095,0.11417694389820099,0.1334676444530487,0.3861089050769806,0.3597449064254761
15705,2,4,multi_method_not_mmr,qual_only,train,0.000949616136495024,0.005485434550791979,0.243015319108963,0.14578427374362946,0.540869951248169,0.06389539688825607
15706,3,3,no_method_signal,no_method_signal,train,0.0001677280233707279,0.0010495150927454233,0.04624233767390251,0.7886688709259033,0.05022716894745827,0.1136443167924881
15707,3,5,no_method_signal,quant_only,train,0.008713525719940662,0.09511697292327881,0.16186705231666565,0.02395109459757805,0.061428286135196686,0.6489230990409851
15708,5,2,quant_only,multi_method_not_mmr,train,0.0002870834432542324,0.0010316948173567653,0.5069591403007507,0.35472339391708374,0.09585212916135788,0.04114660993218422
15709,4,4,qual_only,qual_only,train,0.00032805639784783125,0.0006716601783409715,0.17560327053070068,0.29210084676742554,0.5077295303344727,0.02356663905084133
15710,5,4,quant_only,qual_only,train,0.001732921227812767,0.02526739053428173,0.31372126936912537,0.023113638162612915,0.3223077952861786,0.3138570487499237
15711,3,3,no_method_signal,no_method_signal,train,0.0004937248886562884,0.0007825235370546579,0.2917706072330475,0.533088207244873,0.1614719033241272,0.012393041513860226
15712,4,5,qual_only,quant_only,train,0.006447928491979837,0.03626837953925133,0.18432071805000305,0.015934808179736137,0.24610155820846558,0.5109266042709351
15713,5,4,quant_only,qual_only,train,0.0005651703686453402,0.006033050827682018,0.29041293263435364,0.05690735578536987,0.4307681620121002,0.21531333029270172
15714,4,2,qual_only,multi_method_not_mmr,train,0.0005622288445010781,0.006542810704559088,0.41350752115249634,0.08615594357252121,0.1980092078447342,0.29522228240966797
15715,2,4,multi_method_not_mmr,qual_only,train,0.0007072771550156176,0.008746539242565632,0.23303113877773285,0.060672808438539505,0.4233686923980713,0.2734735310077667
15720,2,3,multi_method_not_mmr,no_method_signal,train,0.0006880757864564657,0.003374811029061675,0.31609851121902466,0.3950316905975342,0.00826878473162651,0.2765381336212158
15726,3,3,no_method_signal,no_method_signal,train,0.00016480589692946523,0.0005527784232981503,0.08372587710618973,0.9008134603500366,0.002030088799074292,0.012713037431240082
15731,5,3,quant_only,no_method_signal,train,0.0007158871158026159,0.007120917551219463,0.2527196407318115,0.5297540426254272,0.017379093915224075,0.1923103779554367
15775,3,3,no_method_signal,no_method_signal,train,0.00024041859433054924,0.002793219406157732,0.01623568683862686,0.9469181895256042,0.010318279266357422,0.023494262248277664
15786,0,0,explicit_mmr,explicit_mmr,train,0.9793684482574463,0.011773353442549706,0.0018323210533708334,0.0006343641434796154,0.001784873311407864,0.004606592934578657
15837,1,1,implicit_mmr,implicit_mmr,train,0.024185046553611755,0.8450226783752441,0.048348743468523026,0.0048152185045182705,0.0035277020651847124,0.07410057634115219
15838,1,1,implicit_mmr,implicit_mmr,train,0.015864470973610878,0.7422056794166565,0.08215122669935226,0.011436098255217075,0.0047060176730155945,0.14363646507263184
15840,1,1,implicit_mmr,implicit_mmr,train,0.02439754270017147,0.8615618944168091,0.03082047589123249,0.0055492292158305645,0.0024370793253183365,0.07523374259471893
15841,1,1,implicit_mmr,implicit_mmr,train,0.021259015426039696,0.8584787845611572,0.03921196609735489,0.00608246261253953,0.0033897128887474537,0.07157804816961288
15842,0,0,explicit_mmr,explicit_mmr,train,0.9448643922805786,0.04684559255838394,0.0012787835439667106,0.00014419802755583078,0.0007685763412155211,0.006098440382629633
15868,2,4,multi_method_not_mmr,qual_only,train,0.002897593891248107,0.004655840341001749,0.3452196419239044,0.10437878221273422,0.47253522276878357,0.07031289488077164
15870,1,0,implicit_mmr,explicit_mmr,train,0.5250474214553833,0.21758559346199036,0.0473409965634346,0.0020059910602867603,0.09737297892570496,0.11064712703227997
15892,5,4,quant_only,qual_only,train,0.008149799890816212,0.05882401019334793,0.12133052200078964,0.008682381361722946,0.5032036304473877,0.29980963468551636
15928,0,0,explicit_mmr,explicit_mmr,train,0.828767716884613,0.1515733301639557,0.003193217795342207,7.502473454223946e-05,0.005241265520453453,0.011149565689265728
15948,4,4,qual_only,qual_only,train,0.027857450768351555,0.051656708121299744,0.05874435976147652,0.0017394906608387828,0.8465276956558228,0.013474245555698872
15950,2,4,multi_method_not_mmr,qual_only,train,0.00120124954264611,0.0037871000822633505,0.13514138758182526,0.02374969609081745,0.8212504982948303,0.014870165847241879
15955,4,4,qual_only,qual_only,train,0.004600984044373035,0.00809353869408369,0.044281307607889175,0.002370235277339816,0.9317131042480469,0.008940815925598145
15957,0,1,explicit_mmr,implicit_mmr,train,0.17082606256008148,0.4698726236820221,0.058688726276159286,0.001306906808167696,0.06311139464378357,0.23619428277015686
15988,5,3,quant_only,no_method_signal,train,0.0007024575024843216,0.002313394797965884,0.0712125226855278,0.8779275417327881,0.0014245501952245831,0.04641946777701378
15996,0,4,explicit_mmr,qual_only,train,0.004760175012052059,0.004025015980005264,0.07860885560512543,0.02151249535381794,0.8852625489234924,0.0058309040032327175
16004,0,4,explicit_mmr,qual_only,train,0.25685811042785645,0.17696426808834076,0.03413544222712517,0.0007170456228777766,0.5114263892173767,0.019898731261491776
16026,1,1,implicit_mmr,implicit_mmr,train,0.07557488977909088,0.7421494126319885,0.03091185726225376,0.0011304005747660995,0.007344522513449192,0.14288893342018127
16040,3,3,no_method_signal,no_method_signal,train,0.00019254031940363348,0.0009144784417003393,0.23279188573360443,0.5940336585044861,0.11265802383422852,0.059409379959106445
16055,0,0,explicit_mmr,explicit_mmr,train,0.910786509513855,0.08060187846422195,0.0016705691814422607,7.619636016897857e-05,0.0013665998121723533,0.005498177371919155
16062,1,1,implicit_mmr,implicit_mmr,train,0.10253749042749405,0.7716624140739441,0.023044349625706673,0.0005608379142358899,0.008241115137934685,0.09395372122526169
16072,0,0,explicit_mmr,explicit_mmr,train,0.9791712164878845,0.012897970154881477,0.0015239495551213622,0.0004308028146624565,0.0008306611562147737,0.005145277362316847
16080,5,1,quant_only,implicit_mmr,train,0.08343304693698883,0.7243169546127319,0.04562956094741821,0.0005733444704674184,0.018254289403557777,0.1277928650379181
16088,1,1,implicit_mmr,implicit_mmr,train,0.10891848802566528,0.719889223575592,0.04642537981271744,0.0005065054865553975,0.07229966670274734,0.05196066200733185
16107,1,5,implicit_mmr,quant_only,train,0.08785272389650345,0.2027716040611267,0.2595450282096863,0.03155352547764778,0.03581257164478302,0.38246458768844604
16130,1,1,implicit_mmr,implicit_mmr,train,0.05459735915064812,0.7939373850822449,0.04282963648438454,0.0004624439461622387,0.026389749720692635,0.08178341388702393
16147,0,0,explicit_mmr,explicit_mmr,train,0.9625377655029297,0.03198031336069107,0.0008105758461169899,7.517269841628149e-05,0.0013443229254335165,0.0032519821543246508
16160,3,3,no_method_signal,no_method_signal,train,0.0002836367639247328,0.0005988337798044086,0.31495723128318787,0.620505690574646,0.05167045444250107,0.011984197422862053
16162,0,0,explicit_mmr,explicit_mmr,train,0.8861544132232666,0.09742870181798935,0.002671467838808894,0.00019763736054301262,0.0012188336113467813,0.01232890971004963
16177,2,4,multi_method_not_mmr,qual_only,train,0.0005069402395747602,0.0019284274894744158,0.17476266622543335,0.03776756674051285,0.7336758971214294,0.05135846510529518
16191,4,4,qual_only,qual_only,train,0.0005447307485155761,0.0013530318392440677,0.11036954075098038,0.03454377502202988,0.832359790802002,0.020829135552048683
16203,0,0,explicit_mmr,explicit_mmr,train,0.764739990234375,0.19919084012508392,0.004824511706829071,0.00026115545188076794,0.0015956228598952293,0.02938785031437874
16204,5,5,quant_only,quant_only,train,0.0012163426727056503,0.013637972064316273,0.13644841313362122,0.33158549666404724,0.03195099160075188,0.485160768032074
16210,2,5,multi_method_not_mmr,quant_only,train,0.0027423249557614326,0.023958031088113785,0.2189498245716095,0.15628133714199066,0.02204902656376362,0.5760194659233093
16211,3,3,no_method_signal,no_method_signal,train,0.0007500649080611765,0.006317788735032082,0.2911500036716461,0.3175249695777893,0.1545988917350769,0.2296583503484726
16213,2,4,multi_method_not_mmr,qual_only,train,0.001291010295972228,0.0041127377189695835,0.13174641132354736,0.012181025929749012,0.7940773963928223,0.056591473519802094
16221,5,1,quant_only,implicit_mmr,train,0.06677363067865372,0.7028003334999084,0.03687315806746483,0.001977755455300212,0.006530262995511293,0.18504491448402405
16231,0,0,explicit_mmr,explicit_mmr,train,0.9138897657394409,0.07494725286960602,0.0018642646027728915,0.00016554686590097845,0.0006795630324631929,0.008453520946204662
16260,3,3,no_method_signal,no_method_signal,train,0.0006098911981098354,0.003275456605479121,0.23452714085578918,0.533815324306488,0.16683246195316315,0.06093974411487579
16270,4,4,qual_only,qual_only,train,0.013422048650681973,0.008528790436685085,0.05582667514681816,0.01948988065123558,0.8959205746650696,0.006812035106122494
16275,2,5,multi_method_not_mmr,quant_only,train,0.0058717792853713036,0.05772276967763901,0.27256709337234497,0.10321827232837677,0.03700370341539383,0.5236163139343262
16310,1,1,implicit_mmr,implicit_mmr,train,0.3393372893333435,0.5830919742584229,0.01220577210187912,0.00016222489648498595,0.032381799072027206,0.03282104805111885
16329,5,5,quant_only,quant_only,train,0.03235378488898277,0.1725139170885086,0.165146142244339,0.012585300952196121,0.03467850014567375,0.5827223062515259
16368,2,1,multi_method_not_mmr,implicit_mmr,train,0.05410785600543022,0.635460376739502,0.0652952641248703,0.003088050289079547,0.015478130429983139,0.22657039761543274
16376,3,3,no_method_signal,no_method_signal,train,0.00046913372352719307,0.0014217975549399853,0.1068856492638588,0.8623881936073303,0.001140535925514996,0.027694668620824814
16379,0,0,explicit_mmr,explicit_mmr,train,0.8778176307678223,0.10496371984481812,0.002589718671515584,0.00015377876115962863,0.0012083484325557947,0.01326679065823555
16380,0,0,explicit_mmr,explicit_mmr,train,0.9744375348091125,0.018735142424702644,0.0008369290153495967,0.00015976422582753003,0.0017618837300688028,0.004068862181156874
16383,0,0,explicit_mmr,explicit_mmr,train,0.9075482487678528,0.08050597459077835,0.0017890941817313433,8.05014424258843e-05,0.0014651668025180697,0.008610991761088371
16420,5,5,quant_only,quant_only,train,0.049781281501054764,0.2008700668811798,0.18202713131904602,0.027036160230636597,0.05523346737027168,0.4850519001483917
16423,5,2,quant_only,multi_method_not_mmr,train,0.002584924455732107,0.026496460661292076,0.4306745231151581,0.05219882354140282,0.2643769383430481,0.22366829216480255
16456,2,1,multi_method_not_mmr,implicit_mmr,train,0.1332692801952362,0.7736198902130127,0.02164165861904621,0.00029254439868964255,0.014705492183566093,0.05647117272019386
16462,3,3,no_method_signal,no_method_signal,train,0.0005507165915332735,0.0005430118762888014,0.35168325901031494,0.6227102279663086,0.016053449362516403,0.008459276519715786
16480,5,1,quant_only,implicit_mmr,train,0.04221218079328537,0.6084609031677246,0.055844854563474655,0.0041300454176962376,0.010393191128969193,0.278958797454834
16483,3,4,no_method_signal,qual_only,train,0.000424334779381752,0.000843106594402343,0.17684851586818695,0.3610016107559204,0.4468906819820404,0.013991732150316238
16488,4,4,qual_only,qual_only,train,0.013990705832839012,0.012419110164046288,0.02425386570394039,0.0014401715015992522,0.9432039856910706,0.004692151211202145
16489,3,2,no_method_signal,multi_method_not_mmr,train,0.0011371409054845572,0.0017719229217618704,0.4105501174926758,0.27512896060943604,0.29824185371398926,0.013169951736927032
16505,3,3,no_method_signal,no_method_signal,train,9.02626125025563e-05,0.0002496803062967956,0.09332935512065887,0.8854126930236816,0.010481261648237705,0.010436700657010078
16529,0,0,explicit_mmr,explicit_mmr,train,0.9577503800392151,0.03246432915329933,0.002069682814180851,0.00026853574672713876,0.0018867839826270938,0.005560160614550114
16573,0,0,explicit_mmr,explicit_mmr,train,0.9325885772705078,0.05223458632826805,0.0026412177830934525,0.00025423162151128054,0.0029870520811527967,0.009294338524341583
16577,5,5,quant_only,quant_only,train,0.006894377991557121,0.1023208498954773,0.12365702539682388,0.046478237956762314,0.0195741169154644,0.7010753750801086
16587,1,1,implicit_mmr,implicit_mmr,train,0.0659879744052887,0.4323485493659973,0.09618736803531647,0.010827009566128254,0.012803889811038971,0.38184529542922974
16591,2,3,multi_method_not_mmr,no_method_signal,train,0.00022000411991029978,0.0023099735844880342,0.31571608781814575,0.40226495265960693,0.015593980439007282,0.26389503479003906
16622,5,3,quant_only,no_method_signal,train,0.0003577018214855343,0.002028471790254116,0.24405252933502197,0.6730268001556396,0.006861318368464708,0.07367318123579025
16626,3,4,no_method_signal,qual_only,train,0.00029714085394516587,0.0006758378003723919,0.1486707180738449,0.2982112467288971,0.5230108499526978,0.02913416177034378
16632,0,0,explicit_mmr,explicit_mmr,train,0.9607027769088745,0.032404135912656784,0.000874335237313062,7.059532799758017e-05,0.002082235412672162,0.0038658983539789915
16634,0,0,explicit_mmr,explicit_mmr,train,0.9498588442802429,0.041646406054496765,0.0010805085767060518,8.15901585156098e-05,0.002382738748565316,0.004949960857629776
16636,4,4,qual_only,qual_only,train,0.004313575103878975,0.004876778461039066,0.0578061081469059,0.0035129368770867586,0.9209229350090027,0.008567637763917446
16637,5,1,quant_only,implicit_mmr,train,0.06917495280504227,0.5346164107322693,0.07007616013288498,0.006487318780273199,0.010876093991100788,0.30876901745796204
16652,3,3,no_method_signal,no_method_signal,train,0.00012899904686491936,0.00025709581677801907,0.12401915341615677,0.8590592741966248,0.00788529496639967,0.008650206960737705
16699,2,3,multi_method_not_mmr,no_method_signal,train,0.00028958357870578766,0.0015125686768442392,0.1925571709871292,0.7397626638412476,0.0021934574469923973,0.06368456035852432
16707,2,3,multi_method_not_mmr,no_method_signal,train,0.0001437660976080224,0.0016488688997924328,0.12412600964307785,0.5984073877334595,0.13397616147994995,0.14169776439666748
16708,3,3,no_method_signal,no_method_signal,train,9.170118573820218e-05,0.00031147163826972246,0.1287812888622284,0.8424980044364929,0.01429241243749857,0.014025050215423107
16709,3,3,no_method_signal,no_method_signal,train,9.58894524956122e-05,0.0002771609288174659,0.08442307263612747,0.86763596534729,0.03733978793025017,0.0102281104773283
16710,3,3,no_method_signal,no_method_signal,train,0.0002897833473980427,0.00044073601020500064,0.2759738266468048,0.6806105375289917,0.03329712525010109,0.009388010017573833
16711,4,4,qual_only,qual_only,train,0.00043618265772238374,0.0010180132230743766,0.23007716238498688,0.24532955884933472,0.5028014779090881,0.020337607711553574
16712,3,3,no_method_signal,no_method_signal,train,0.00014441453095059842,0.0010749861830845475,0.02151316963136196,0.955355167388916,0.005466145928949118,0.016446063295006752
16713,2,3,multi_method_not_mmr,no_method_signal,train,0.00017972418572753668,0.0004450318810995668,0.16231109201908112,0.8187091946601868,0.0032275610137730837,0.0151274548843503
16746,1,5,implicit_mmr,quant_only,train,0.031145060434937477,0.3154294192790985,0.14385560154914856,0.04136311635375023,0.03131037577986717,0.4368963837623596
16774,5,5,quant_only,quant_only,train,0.01252074632793665,0.11785643547773361,0.15808214247226715,0.045753560960292816,0.02460451051592827,0.6411826610565186
16779,5,5,quant_only,quant_only,train,0.00256705773063004,0.05876990035176277,0.1328338384628296,0.14081166684627533,0.005141582805663347,0.6598760485649109
16789,5,5,quant_only,quant_only,train,0.004132390022277832,0.030610181391239166,0.07165417075157166,0.08400413393974304,0.20446407794952393,0.6051350235939026
16794,3,3,no_method_signal,no_method_signal,train,0.0004407204396557063,0.001673201797530055,0.29687318205833435,0.4647526144981384,0.03935406729578972,0.196906179189682
16804,2,3,multi_method_not_mmr,no_method_signal,train,0.0004216344386804849,0.00044529669685289264,0.3110295236110687,0.6523216366767883,0.027904091402888298,0.007877795957028866
16819,3,3,no_method_signal,no_method_signal,train,0.00013254696386866271,0.0003306439029984176,0.10511600226163864,0.878739595413208,0.006404850631952286,0.009276335127651691
16833,4,4,qual_only,qual_only,train,0.000894110300578177,0.0016259890981018543,0.19998808205127716,0.12786242365837097,0.6569493412971497,0.012679990381002426
16842,3,3,no_method_signal,no_method_signal,train,0.00010447180829942226,0.0003796439559664577,0.08875195682048798,0.8925796151161194,0.003777617821469903,0.014406684786081314
16850,4,4,qual_only,qual_only,train,0.004045062232762575,0.007055322173982859,0.042977165430784225,0.00251870253123343,0.9347038269042969,0.008699876256287098
16857,0,0,explicit_mmr,explicit_mmr,train,0.9567304849624634,0.03690832853317261,0.0010934303281828761,7.246118184411898e-05,0.0017212633974850178,0.0034740809351205826
16859,1,1,implicit_mmr,implicit_mmr,train,0.14299985766410828,0.7152965664863586,0.028064807876944542,0.0002558162377681583,0.04888515546917915,0.06449788808822632
16881,5,1,quant_only,implicit_mmr,train,0.08604203164577484,0.7763034105300903,0.04174179956316948,0.0005649728118441999,0.05044298246502876,0.04490477219223976
16897,5,1,quant_only,implicit_mmr,train,0.05879901722073555,0.5437784194946289,0.11967930942773819,0.0013448437675833702,0.20233029127120972,0.07406819611787796
16911,5,1,quant_only,implicit_mmr,train,0.04892716556787491,0.4480258822441101,0.12267018854618073,0.0034349074121564627,0.052460264414548874,0.32448163628578186
16925,1,1,implicit_mmr,implicit_mmr,train,0.05536359176039696,0.7804890275001526,0.04274575784802437,0.0008677212172187865,0.013484083116054535,0.10704976320266724
16932,4,4,qual_only,qual_only,train,0.002624449087306857,0.00501156784594059,0.09269127249717712,0.01233013067394495,0.8781725168228149,0.009170016273856163
16967,0,0,explicit_mmr,explicit_mmr,train,0.909792423248291,0.07732412964105606,0.001845120103098452,0.00016056132153607905,0.0008079279796220362,0.010069888085126877
16989,0,0,explicit_mmr,explicit_mmr,train,0.7367405295372009,0.23481805622577667,0.004414416383951902,0.00010973538155667484,0.002372059505432844,0.021545162424445152
17005,5,0,quant_only,explicit_mmr,train,0.8973739743232727,0.08661820739507675,0.0024944553151726723,0.00018875540990848094,0.0012127100490033627,0.012111972086131573
17018,4,4,qual_only,qual_only,train,0.07668893039226532,0.15581105649471283,0.07231345772743225,0.0012983508640900254,0.6746756434440613,0.01921250857412815
17054,1,0,implicit_mmr,explicit_mmr,train,0.5455132722854614,0.4114657938480377,0.007582883350551128,0.0004302890447434038,0.0010980472434312105,0.03390975296497345
17056,0,0,explicit_mmr,explicit_mmr,train,0.9187523722648621,0.07238351553678513,0.0016192075563594699,0.00011030306632164866,0.000800511275883764,0.006334048695862293
17058,0,0,explicit_mmr,explicit_mmr,train,0.6137983202934265,0.3439848721027374,0.007123964373022318,7.896040187915787e-05,0.009234515950083733,0.025779351592063904
17063,0,1,explicit_mmr,implicit_mmr,train,0.16137468814849854,0.6626245379447937,0.03097866289317608,0.0006692327442578971,0.01658591814339161,0.127766951918602
17086,0,0,explicit_mmr,explicit_mmr,train,0.879158079624176,0.10199416428804398,0.0027829476166516542,0.000129665233544074,0.002903035609051585,0.013032098300755024
17115,5,5,quant_only,quant_only,train,0.007784690707921982,0.051063790917396545,0.25356000661849976,0.07292579859495163,0.0933787003159523,0.5212869644165039
17128,2,4,multi_method_not_mmr,qual_only,train,0.0014711206313222647,0.0030655437149107456,0.16083389520645142,0.01805873215198517,0.7957674264907837,0.02080320566892624
17145,1,1,implicit_mmr,implicit_mmr,train,0.10600177198648453,0.6437579989433289,0.045691654086112976,0.0015683890087530017,0.019752560183405876,0.18322767317295074
17173,2,2,multi_method_not_mmr,multi_method_not_mmr,train,0.0006814353982917964,0.0018070883816108108,0.7040273547172546,0.20377546548843384,0.05855490267276764,0.031153753399848938
17175,0,1,explicit_mmr,implicit_mmr,train,0.21627113223075867,0.5499234795570374,0.040730640292167664,0.0008847392746247351,0.03026880882680416,0.16192106902599335
17177,1,0,implicit_mmr,explicit_mmr,train,0.8356689810752869,0.14124231040477753,0.003394698491320014,0.0002276591258123517,0.0010269961785525084,0.018439386039972305
17180,4,4,qual_only,qual_only,train,0.02655518427491188,0.23061777651309967,0.22589875757694244,0.005151056218892336,0.36792197823524475,0.14385519921779633
17185,0,1,explicit_mmr,implicit_mmr,train,0.2394634634256363,0.7152350544929504,0.0056796264834702015,0.0004977695061825216,0.008729011751711369,0.030395081266760826
17194,3,1,no_method_signal,implicit_mmr,train,0.06941437721252441,0.3906288146972656,0.15755695104599,0.006727295927703381,0.08823788166046143,0.2874346673488617
17195,5,5,quant_only,quant_only,train,0.029613830149173737,0.3029513657093048,0.12370703369379044,0.033642061054706573,0.005922161974012852,0.5041635036468506
17197,0,1,explicit_mmr,implicit_mmr,train,0.32560065388679504,0.5927051901817322,0.0066248225048184395,0.0008388743735849857,0.029294278472661972,0.044936176389455795
17198,0,1,explicit_mmr,implicit_mmr,train,0.10252638161182404,0.6208895444869995,0.05166025459766388,0.0016862860647961497,0.02853233739733696,0.19470511376857758
17210,2,4,multi_method_not_mmr,qual_only,train,0.0019823312759399414,0.00527633260935545,0.25115343928337097,0.024653563275933266,0.6961389780044556,0.020795393735170364
17264,4,3,qual_only,no_method_signal,train,0.0004101755912415683,0.0010451854905113578,0.338871568441391,0.46283966302871704,0.1787792295217514,0.018054131418466568
17272,3,4,no_method_signal,qual_only,train,0.002063749823719263,0.012755000032484531,0.3401193916797638,0.05487680062651634,0.4691134989261627,0.1210714727640152
17278,5,5,quant_only,quant_only,train,0.013317595236003399,0.11251888424158096,0.10667123645544052,0.08791856467723846,0.020007304847240448,0.6595664620399475
17279,5,5,quant_only,quant_only,train,0.010739943943917751,0.07478659600019455,0.1485578864812851,0.09688828140497208,0.017716029658913612,0.6513111591339111
17284,2,5,multi_method_not_mmr,quant_only,train,0.0016702889697626233,0.013488476164638996,0.2212543785572052,0.29660993814468384,0.012029407545924187,0.45494750142097473
17301,1,1,implicit_mmr,implicit_mmr,train,0.21489903330802917,0.6909663677215576,0.009349728003144264,0.003755429061129689,0.0251456368714571,0.055883873254060745
17315,0,1,explicit_mmr,implicit_mmr,train,0.4128628969192505,0.4338301420211792,0.011189844459295273,0.0026961308903992176,0.08282342553138733,0.056597594171762466
17322,1,1,implicit_mmr,implicit_mmr,train,0.19470173120498657,0.7442464828491211,0.007954194210469723,0.0004988247528672218,0.025922859087586403,0.026675984263420105
17331,0,0,explicit_mmr,explicit_mmr,train,0.9396777153015137,0.04865410923957825,0.0017870712326839566,0.00011512017226777971,0.003671996993944049,0.006093976553529501
17338,3,3,no_method_signal,no_method_signal,train,0.00033216873998753726,0.0008967354660853744,0.15381945669651031,0.8212354183197021,0.0018158236052840948,0.021900413557887077
17339,3,3,no_method_signal,no_method_signal,train,0.00019734192756004632,0.0008148739580065012,0.09214247763156891,0.8841186761856079,0.0018058368004858494,0.020920781418681145
17365,4,4,qual_only,qual_only,train,0.004922063555568457,0.0039777797646820545,0.03179757297039032,0.0024461534339934587,0.9515839219093323,0.005272534675896168
17372,0,0,explicit_mmr,explicit_mmr,train,0.7138399481773376,0.19298997521400452,0.019450007006525993,0.0006669567083008587,0.029140198603272438,0.04391281306743622
17389,2,4,multi_method_not_mmr,qual_only,train,0.012854392640292645,0.02855825424194336,0.3051736652851105,0.05266442894935608,0.5454015731811523,0.0553477481007576
17406,5,2,quant_only,multi_method_not_mmr,train,0.0018399793189018965,0.009052727371454239,0.4043835997581482,0.1603408306837082,0.1913600116968155,0.23302289843559265
17413,0,0,explicit_mmr,explicit_mmr,train,0.9695047736167908,0.02296779304742813,0.0012292495230212808,0.00019409750530030578,0.0008826232515275478,0.005221526138484478
17425,0,0,explicit_mmr,explicit_mmr,train,0.8422186374664307,0.10228526592254639,0.008959515020251274,0.00044726242776960135,0.026352617889642715,0.019736560061573982
17463,5,1,quant_only,implicit_mmr,train,0.1363082230091095,0.7764318585395813,0.015009437687695026,0.0003501181199681014,0.006892962381243706,0.065007284283638
17474,4,4,qual_only,qual_only,train,0.0009214936289936304,0.0018297903006896377,0.17457215487957,0.08683492243289948,0.7226619720458984,0.013179724104702473
17493,5,4,quant_only,qual_only,train,0.1273745745420456,0.2681517004966736,0.046931538730859756,0.010128268972039223,0.44731757044792175,0.10009637475013733
17579,1,0,implicit_mmr,explicit_mmr,train,0.903016984462738,0.08653378486633301,0.001812295988202095,0.00014347916294354945,0.0007003938662819564,0.007793030701577663
17592,2,4,multi_method_not_mmr,qual_only,train,0.0014397752238437533,0.006585939787328243,0.2716209292411804,0.04183480516076088,0.6428467631340027,0.035671837627887726
17598,2,4,multi_method_not_mmr,qual_only,train,0.0033199817407876253,0.01015319675207138,0.2587428689002991,0.02252073399722576,0.6827574968338013,0.02250565215945244
17599,2,3,multi_method_not_mmr,no_method_signal,train,0.000667115964461118,0.0012587092351168394,0.3391778767108917,0.41957858204841614,0.22577431797981262,0.013543395325541496
17603,5,1,quant_only,implicit_mmr,train,0.19183114171028137,0.6269654035568237,0.03855922445654869,0.0010644376743584871,0.0378863699734211,0.10369344055652618
17630,2,3,multi_method_not_mmr,no_method_signal,train,0.001575917936861515,0.0009428471676073968,0.48661938309669495,0.49353817105293274,0.007293116766959429,0.01003055926412344
17639,2,4,multi_method_not_mmr,qual_only,train,0.0012647121911868453,0.0012068657670170069,0.381366103887558,0.18418507277965546,0.41687870025634766,0.01509863045066595
17658,1,1,implicit_mmr,implicit_mmr,train,0.12066826969385147,0.6449877023696899,0.03735228627920151,0.002453837776556611,0.00839577428996563,0.1861421763896942
17659,1,1,implicit_mmr,implicit_mmr,train,0.3574995994567871,0.444181352853775,0.02216358110308647,0.0020515683572739363,0.007398699410259724,0.1667052060365677
17698,1,0,implicit_mmr,explicit_mmr,train,0.3243575096130371,0.24789223074913025,0.10556996613740921,0.0212858896702528,0.007583425380289555,0.2933110296726227
17720,5,3,quant_only,no_method_signal,train,0.002096986398100853,0.01038095448166132,0.2501348555088043,0.39027851819992065,0.018923919647932053,0.3281847834587097
17729,2,5,multi_method_not_mmr,quant_only,train,0.017202001065015793,0.10063707083463669,0.18073086440563202,0.08675532042980194,0.005431490018963814,0.6092432141304016
17753,2,3,multi_method_not_mmr,no_method_signal,train,0.0006880815490148962,0.004430574830621481,0.3438738286495209,0.4570133090019226,0.004981407895684242,0.1890127956867218
17759,3,3,no_method_signal,no_method_signal,train,0.00016038455942180008,0.0005183986504562199,0.28725874423980713,0.6576911807060242,0.02963046357035637,0.024740828201174736
17771,3,3,no_method_signal,no_method_signal,train,0.000883564236573875,0.008068366907536983,0.2599005401134491,0.5024677515029907,0.005395686253905296,0.2232840210199356
17791,4,4,qual_only,qual_only,train,0.37234020233154297,0.049999937415122986,0.01126360334455967,0.0007677045068703592,0.5548826456069946,0.010745893232524395
17793,4,4,qual_only,qual_only,train,0.017012404277920723,0.014390017837285995,0.036940332502126694,0.0018147696973755956,0.9236301779747009,0.006212267559021711
17796,4,4,qual_only,qual_only,train,0.02427799254655838,0.03178279101848602,0.06436435133218765,0.001423085224814713,0.855705738067627,0.0224460382014513
17799,4,4,qual_only,qual_only,train,0.007705816067755222,0.007519476115703583,0.055072586983442307,0.004839886445552111,0.9184557199478149,0.006406542379409075
17801,4,4,qual_only,qual_only,train,0.029383085668087006,0.032766424119472504,0.038781825453042984,0.0010463763028383255,0.8828216195106506,0.015200740657746792
17823,2,3,multi_method_not_mmr,no_method_signal,train,0.0005157138220965862,0.001021747593767941,0.30752047896385193,0.6568225622177124,0.0027304268442094326,0.03138904273509979
17828,2,3,multi_method_not_mmr,no_method_signal,train,0.0003256603085901588,0.001485322369262576,0.28171634674072266,0.6427902579307556,0.0037396454717963934,0.06994275748729706
17847,2,3,multi_method_not_mmr,no_method_signal,train,0.0005207950016483665,0.0014368281699717045,0.07601065188646317,0.8894505500793457,0.0012392258504405618,0.031342025846242905
17857,4,5,qual_only,quant_only,train,0.0018957387655973434,0.023884357884526253,0.17932461202144623,0.2182626873254776,0.00783631019294262,0.5687962770462036
17870,3,3,no_method_signal,no_method_signal,train,9.517636499367654e-05,0.0002866541617549956,0.06594531238079071,0.9194772839546204,0.007048209197819233,0.00714751286432147
17874,0,0,explicit_mmr,explicit_mmr,train,0.922145664691925,0.05660806596279144,0.0032097073271870613,0.00015461083967238665,0.010750891640782356,0.007131213787943125
17911,1,1,implicit_mmr,implicit_mmr,train,0.13109228014945984,0.5410609245300293,0.06466863304376602,0.004762616474181414,0.02377835102379322,0.23463718593120575
17916,5,5,quant_only,quant_only,train,0.0020958990789949894,0.06395839154720306,0.039881087839603424,0.39355966448783875,0.01780061423778534,0.4827043414115906
17917,5,5,quant_only,quant_only,train,0.0017399927601218224,0.02564196288585663,0.09907495975494385,0.26299384236335754,0.01735934242606163,0.5931898951530457
17921,5,3,quant_only,no_method_signal,train,0.0007058478076942265,0.0028481159824877977,0.2125718593597412,0.6287195086479187,0.00648659560829401,0.14866802096366882
17926,1,1,implicit_mmr,implicit_mmr,train,0.060421787202358246,0.7135272026062012,0.03768031671643257,0.0048818704672157764,0.00466660363599658,0.17882221937179565
17939,1,1,implicit_mmr,implicit_mmr,train,0.05259624868631363,0.6202725768089294,0.09099394828081131,0.0032684726174920797,0.027365658432245255,0.20550312101840973
17946,1,1,implicit_mmr,implicit_mmr,train,0.06793104112148285,0.758589506149292,0.04123292118310928,0.0008499490795657039,0.012054582126438618,0.11934193968772888
17947,5,5,quant_only,quant_only,train,0.00487901596352458,0.11858555674552917,0.12028983235359192,0.09695252031087875,0.004853576887398958,0.6544395089149475
17963,1,1,implicit_mmr,implicit_mmr,train,0.04592959210276604,0.5695995092391968,0.13779498636722565,0.0023890752345323563,0.07331620901823044,0.17097067832946777
17964,1,1,implicit_mmr,implicit_mmr,train,0.32470887899398804,0.5961788296699524,0.009834807366132736,0.00026797858299687505,0.005376637447625399,0.06363282352685928
17965,0,0,explicit_mmr,explicit_mmr,train,0.782357394695282,0.19058750569820404,0.004856947343796492,0.00010088774433825165,0.003257508622482419,0.018839776515960693
17967,1,1,implicit_mmr,implicit_mmr,train,0.08027349412441254,0.7205039858818054,0.03781311586499214,0.0012715024640783668,0.008827360346913338,0.1513104885816574
17976,4,1,qual_only,implicit_mmr,train,0.029406972229480743,0.509572446346283,0.16132420301437378,0.0025822517927736044,0.07466945052146912,0.22244471311569214
17977,0,0,explicit_mmr,explicit_mmr,train,0.8380833268165588,0.13793084025382996,0.0037050789687782526,0.0002191921230405569,0.001178339938633144,0.01888323947787285
17995,2,2,multi_method_not_mmr,multi_method_not_mmr,train,0.0003941016911994666,0.001169056398794055,0.3912524878978729,0.21528422832489014,0.3155629634857178,0.07633722573518753
18000,2,4,multi_method_not_mmr,qual_only,train,0.0010322710731998086,0.0027417310047894716,0.10111568123102188,0.020747600123286247,0.822529137134552,0.051833488047122955
18003,1,1,implicit_mmr,implicit_mmr,train,0.22903025150299072,0.5338618159294128,0.038557618856430054,0.002128226449713111,0.04146336764097214,0.15495872497558594
18012,4,4,qual_only,qual_only,train,0.043873775750398636,0.011055962182581425,0.04106035456061363,0.0078452592715621,0.8901198506355286,0.0060447873547673225
18053,0,0,explicit_mmr,explicit_mmr,train,0.9765470027923584,0.017759742215275764,0.0009965163189917803,0.00015628318942617625,0.0008789383573457599,0.00366164930164814
18058,2,5,multi_method_not_mmr,quant_only,train,0.009534194134175777,0.07670813798904419,0.16854393482208252,0.05582192540168762,0.059028904885053635,0.6303629279136658
18062,0,0,explicit_mmr,explicit_mmr,train,0.910207211971283,0.0735015869140625,0.0022901948541402817,0.0001570340828038752,0.0012793332571163774,0.012564524076879025
18069,0,0,explicit_mmr,explicit_mmr,train,0.7308972477912903,0.2334529012441635,0.005741642322391272,0.00026724449708126485,0.0014881528913974762,0.028152717277407646
18073,0,1,explicit_mmr,implicit_mmr,train,0.07578765600919724,0.6321808695793152,0.0738552063703537,0.0019428530940786004,0.029643725603818893,0.18658970296382904
18086,0,0,explicit_mmr,explicit_mmr,train,0.9772294759750366,0.01731732115149498,0.0009904148755595088,0.00017706630751490593,0.0008362533408217132,0.0034494975116103888
18087,4,4,qual_only,qual_only,train,0.0034688960295170546,0.008851651102304459,0.10563366860151291,0.014345628209412098,0.6933823823928833,0.1743178516626358
18101,2,1,multi_method_not_mmr,implicit_mmr,train,0.39263346791267395,0.523216187953949,0.014746664091944695,0.0003345675067976117,0.010985447093844414,0.05808378383517265
18109,5,5,quant_only,quant_only,train,0.0038508870638906956,0.05237625539302826,0.22389532625675201,0.09714032709598541,0.020626196637749672,0.6021110415458679
18116,1,1,implicit_mmr,implicit_mmr,train,0.10521107912063599,0.7930116653442383,0.01825002394616604,0.0004419650067575276,0.004082093480974436,0.07900319248437881
18120,0,4,explicit_mmr,qual_only,train,0.17295026779174805,0.14739492535591125,0.1249178797006607,0.004739328753203154,0.4905734062194824,0.059424206614494324
18131,0,0,explicit_mmr,explicit_mmr,train,0.9218031764030457,0.06541140377521515,0.0022576083429157734,8.852035534800962e-05,0.0020418569911271334,0.008397424593567848
18135,1,1,implicit_mmr,implicit_mmr,train,0.06013030558824539,0.6870660185813904,0.07036498188972473,0.0013752116356045008,0.012052714824676514,0.1690109223127365
18153,4,4,qual_only,qual_only,train,0.0414532795548439,0.15112099051475525,0.2175358533859253,0.004753303714096546,0.5154886841773987,0.06964778900146484
18159,1,1,implicit_mmr,implicit_mmr,train,0.11945070326328278,0.7843045592308044,0.020827660337090492,0.00031562679214403033,0.017138363793492317,0.0579630509018898
18187,0,0,explicit_mmr,explicit_mmr,train,0.6696515083312988,0.28049466013908386,0.007675864268094301,0.00014357478357851505,0.020324507728219032,0.021709803491830826
18202,0,0,explicit_mmr,explicit_mmr,train,0.9648765921592712,0.02796158194541931,0.0011308068642392755,0.00018188345711678267,0.0005807834095321596,0.005268516484647989
18216,4,4,qual_only,qual_only,train,0.04020044207572937,0.012604327872395515,0.0363427959382534,0.0037622936069965363,0.9011460542678833,0.005944107659161091
18224,3,3,no_method_signal,no_method_signal,train,8.277187589555979e-05,0.00028117018518969417,0.070477195084095,0.9100081324577332,0.010628880001604557,0.008521722629666328
18268,5,0,quant_only,explicit_mmr,train,0.791610836982727,0.17948414385318756,0.004532384220510721,0.000212362632737495,0.0016671635676175356,0.02249309793114662
18280,5,0,quant_only,explicit_mmr,train,0.865472674369812,0.0947357714176178,0.00444892980158329,0.00010782654862850904,0.026530519127845764,0.008704349398612976
18297,0,0,explicit_mmr,explicit_mmr,train,0.38088539242744446,0.1946248859167099,0.06006347015500069,0.005332091357558966,0.268536239862442,0.09055790305137634
18301,0,2,explicit_mmr,multi_method_not_mmr,train,0.0013001317856833339,0.010221855714917183,0.42274707555770874,0.08801811188459396,0.27393725514411926,0.20377565920352936
18313,1,1,implicit_mmr,implicit_mmr,train,0.044474538415670395,0.8890847563743591,0.019681358709931374,0.0005148874479345977,0.0038590384647250175,0.04238547012209892
18315,4,4,qual_only,qual_only,train,0.001176123390905559,0.0014957517851144075,0.1633496731519699,0.04952295497059822,0.7732661962509155,0.011189376004040241
18318,4,4,qual_only,qual_only,train,0.0009646605467423797,0.001973493956029415,0.1689785122871399,0.07769331336021423,0.7406933307647705,0.009696741588413715
18327,1,1,implicit_mmr,implicit_mmr,train,0.07592172920703888,0.8673667907714844,0.01284173596650362,0.0005965703167021275,0.0018922197632491589,0.04138089716434479
18328,3,5,no_method_signal,quant_only,train,0.009173968806862831,0.03521003574132919,0.332595556974411,0.10935056954622269,0.16161157190799713,0.3520582318305969
18334,1,1,implicit_mmr,implicit_mmr,train,0.0927811935544014,0.8460493683815002,0.013691198080778122,0.0007956053595989943,0.0017144707962870598,0.04496818035840988
18340,5,0,quant_only,explicit_mmr,train,0.7729690074920654,0.1927352398633957,0.005195814184844494,0.0002619989973027259,0.0014374108286574483,0.02740059420466423
18342,0,0,explicit_mmr,explicit_mmr,train,0.9203132390975952,0.06942712515592575,0.001675369217991829,0.0001114433107431978,0.0011084829457104206,0.007364282384514809
18349,4,4,qual_only,qual_only,train,0.0009647299884818494,0.0024295789189636707,0.11323624849319458,0.03576173260807991,0.8388533592224121,0.008754412643611431
18356,0,0,explicit_mmr,explicit_mmr,train,0.9325716495513916,0.0577685721218586,0.0014826306141912937,0.00010334268881706521,0.0009847584879025817,0.007089047227054834
18357,0,0,explicit_mmr,explicit_mmr,train,0.9833480715751648,0.011738746426999569,0.000864650821313262,0.00017624313477426767,0.0008891653269529343,0.002983220387250185
18358,0,0,explicit_mmr,explicit_mmr,train,0.9503360986709595,0.04078781604766846,0.0012707874411717057,6.821448914706707e-05,0.0035212538205087185,0.004015812184661627
18361,5,5,quant_only,quant_only,train,0.0011205192422494292,0.019342081621289253,0.3660910129547119,0.09337002784013748,0.023677345365285873,0.49639904499053955
18364,0,0,explicit_mmr,explicit_mmr,train,0.9770424365997314,0.017797335982322693,0.0006490879459306598,9.702648094389588e-05,0.0017226844793185592,0.0026913995388895273
18365,1,0,implicit_mmr,explicit_mmr,train,0.5308500528335571,0.39307647943496704,0.011779975146055222,0.00030800970853306353,0.018288901075720787,0.045696597546339035
18366,0,0,explicit_mmr,explicit_mmr,train,0.5743699073791504,0.374002605676651,0.006372479256242514,7.090579310897738e-05,0.023490585386753082,0.021693553775548935
18367,0,0,explicit_mmr,explicit_mmr,train,0.9812043309211731,0.013640000484883785,0.0006143637001514435,0.00011508059833431616,0.0021500256843864918,0.0022762708831578493
18377,3,5,no_method_signal,quant_only,train,0.0017186484765261412,0.01795487478375435,0.16888344287872314,0.23531122505664825,0.01757356896996498,0.5585582256317139
18391,0,0,explicit_mmr,explicit_mmr,train,0.7908263206481934,0.1772327870130539,0.004897948354482651,0.00038706426857970655,0.0010778416180983186,0.02557811699807644
18396,2,3,multi_method_not_mmr,no_method_signal,train,0.00043046532664448023,0.0029287151992321014,0.20194004476070404,0.5287795066833496,0.021651212126016617,0.24427005648612976
18397,5,5,quant_only,quant_only,train,0.002374713309109211,0.038261763751506805,0.06875497102737427,0.3821887671947479,0.02174256183207035,0.4866771697998047
18422,1,1,implicit_mmr,implicit_mmr,train,0.2703070044517517,0.5665364265441895,0.011038820259273052,0.0009852618677541614,0.11787962913513184,0.03325285390019417
18424,0,0,explicit_mmr,explicit_mmr,train,0.9540555477142334,0.04100444167852402,0.0005898613017052412,8.400269143749028e-05,0.00168825953733176,0.002577876439318061
18425,1,1,implicit_mmr,implicit_mmr,train,0.3209421634674072,0.6080946326255798,0.0067053018137812614,0.00047097602509893477,0.03582410141825676,0.02796289138495922
18426,0,0,explicit_mmr,explicit_mmr,train,0.8265509009361267,0.15482723712921143,0.003212172770872712,0.00022228869784157723,0.0007729348726570606,0.014414477162063122
18433,0,1,explicit_mmr,implicit_mmr,train,0.2934136390686035,0.6278396248817444,0.007832109928131104,0.0009386108722537756,0.027866670861840248,0.042109329253435135
18438,5,0,quant_only,explicit_mmr,train,0.9515448212623596,0.04252026975154877,0.001055487198755145,0.0001030945495585911,0.0008445016574114561,0.003931821323931217
18444,1,0,implicit_mmr,explicit_mmr,train,0.5846420526504517,0.3560694754123688,0.008455434814095497,0.0002836849307641387,0.002649487229064107,0.04789989814162254
18448,0,0,explicit_mmr,explicit_mmr,train,0.9192511439323425,0.07259508222341537,0.0015466503100469708,0.00010811846004799008,0.0007933070883154869,0.0057056862860918045
18451,0,0,explicit_mmr,explicit_mmr,train,0.9482085108757019,0.045479271560907364,0.0007108027348294854,7.701957656536251e-05,0.002988990396261215,0.002535478677600622
18465,0,1,explicit_mmr,implicit_mmr,train,0.3634585738182068,0.4108145534992218,0.03992763161659241,0.0020647638011723757,0.024889137595891953,0.1588454246520996
18517,2,4,multi_method_not_mmr,qual_only,train,0.0055479621514678,0.005913098808377981,0.21038784086704254,0.06817413866519928,0.6818011999130249,0.028175750747323036
18570,1,1,implicit_mmr,implicit_mmr,train,0.17056898772716522,0.6650651097297668,0.031209278851747513,0.0007996669155545533,0.022785834968090057,0.10957112163305283
18574,2,5,multi_method_not_mmr,quant_only,train,0.00817778892815113,0.06352172046899796,0.3196062743663788,0.04061564430594444,0.12420560419559479,0.44387286901474
18580,1,1,implicit_mmr,implicit_mmr,train,0.13447634875774384,0.6969157457351685,0.04019183665513992,0.0007238532998599112,0.018276577815413475,0.10941559076309204
18587,4,4,qual_only,qual_only,train,0.010729456320405006,0.009834847413003445,0.03828844428062439,0.0017476003849878907,0.9318335652351379,0.007566106040030718
18593,4,4,qual_only,qual_only,train,0.007068896200507879,0.0076429094187915325,0.04242117702960968,0.0022409805096685886,0.9332336783409119,0.007392370142042637
18603,0,0,explicit_mmr,explicit_mmr,train,0.9481775164604187,0.04446660354733467,0.0006774014909751713,0.00011038919183192775,0.0021218599285930395,0.004446154925972223
18607,5,0,quant_only,explicit_mmr,train,0.504268229007721,0.36553123593330383,0.006331941112875938,0.0010518128983676434,0.08128110319375992,0.04153570905327797
18651,1,4,implicit_mmr,qual_only,train,0.06779804825782776,0.23354190587997437,0.06448712944984436,0.002298701787367463,0.6023629903793335,0.029511205852031708
18681,5,3,quant_only,no_method_signal,train,0.0006116093718446791,0.004176916088908911,0.2929905951023102,0.4081895649433136,0.006767533253878355,0.28726381063461304
18688,5,5,quant_only,quant_only,train,0.0014497125521302223,0.013631693087518215,0.22329574823379517,0.2677546441555023,0.006597123108804226,0.48727110028266907
18695,3,3,no_method_signal,no_method_signal,train,0.0002956966054625809,0.000661815982311964,0.22257865965366364,0.6585851907730103,0.10557246953248978,0.012306111864745617
18748,0,1,explicit_mmr,implicit_mmr,train,0.24169889092445374,0.7038967609405518,0.011166872456669807,0.0002124643506249413,0.003978924825787544,0.039046112447977066
18769,4,4,qual_only,qual_only,train,0.010378762148320675,0.006282574962824583,0.027429884299635887,0.0022243179846554995,0.9486184120178223,0.005066018085926771
18784,2,5,multi_method_not_mmr,quant_only,train,0.03729784116148949,0.13275425136089325,0.17828473448753357,0.08130540698766708,0.005282717756927013,0.5650750398635864
18803,1,3,implicit_mmr,no_method_signal,train,0.0012608944671228528,0.008718898519873619,0.31437066197395325,0.4255310595035553,0.049606259912252426,0.2005121260881424
18804,4,4,qual_only,qual_only,train,0.0029535433277487755,0.003959419205784798,0.3645041584968567,0.13583843410015106,0.4618323743343353,0.030912024900317192
18809,5,5,quant_only,quant_only,train,0.0026888842694461346,0.00787330325692892,0.20898641645908356,0.281706839799881,0.03061613254249096,0.468128502368927
18811,5,2,quant_only,multi_method_not_mmr,train,0.002405743580311537,0.0169576033949852,0.3969416618347168,0.12831278145313263,0.14998392760753632,0.3053983151912689
18868,1,1,implicit_mmr,implicit_mmr,train,0.0629584863781929,0.8004428148269653,0.03243603557348251,0.0004974450566805899,0.009319750592112541,0.09434552490711212
18872,0,0,explicit_mmr,explicit_mmr,train,0.8726099729537964,0.11305598169565201,0.0024554505944252014,0.00021216263121459633,0.0006292322068475187,0.011037205345928669
18893,1,0,implicit_mmr,explicit_mmr,train,0.9153862595558167,0.07168461382389069,0.002010233700275421,0.0002231413673143834,0.00080861896276474,0.009887170977890491
18905,0,0,explicit_mmr,explicit_mmr,train,0.9639160633087158,0.02646454982459545,0.0006645133253186941,0.00011181108857272193,0.006221586838364601,0.0026215012185275555
18911,4,4,qual_only,qual_only,train,0.004373859614133835,0.00592995248734951,0.05307038128376007,0.004658432211726904,0.9131303429603577,0.018837004899978638
18913,4,4,qual_only,qual_only,train,0.015336268581449986,0.020809734240174294,0.046319279819726944,0.003357219509780407,0.8749570846557617,0.03922038897871971
18917,4,4,qual_only,qual_only,train,0.004507229197770357,0.00622209720313549,0.051280856132507324,0.004535993095487356,0.9159756898880005,0.017478199675679207
18919,1,0,implicit_mmr,explicit_mmr,train,0.9762488007545471,0.018635187298059464,0.0009058130672201514,0.00017347637913189828,0.0006605468224734068,0.0033762408420443535
18923,0,0,explicit_mmr,explicit_mmr,train,0.9318444132804871,0.059888970106840134,0.0008064959547482431,0.0001117947613238357,0.0021979869343340397,0.005150309298187494
18924,0,0,explicit_mmr,explicit_mmr,train,0.8953408002853394,0.09364587813615799,0.0010812757536768913,0.00011387654376449063,0.0026497498620301485,0.00716836703941226
18930,0,0,explicit_mmr,explicit_mmr,train,0.9135488271713257,0.07579074800014496,0.0012421258725225925,0.00016449914255645126,0.0018672801088541746,0.007386483252048492
18962,0,0,explicit_mmr,explicit_mmr,train,0.9007945656776428,0.08337046205997467,0.0027469901833683252,0.00028513133293017745,0.000730650092009455,0.012072266079485416
18967,3,5,no_method_signal,quant_only,train,0.017637889832258224,0.07728365808725357,0.2049812525510788,0.12237546592950821,0.006137460935860872,0.5715842843055725
18968,2,5,multi_method_not_mmr,quant_only,train,0.002876695478335023,0.01037359144538641,0.282646507024765,0.25749433040618896,0.018992166966199875,0.427616685628891
19013,0,0,explicit_mmr,explicit_mmr,train,0.8586431741714478,0.11802764236927032,0.0036193139385432005,0.0002677093434613198,0.0012390317860990763,0.018203141167759895
19018,0,0,explicit_mmr,explicit_mmr,train,0.8819306492805481,0.09984102100133896,0.0028488636016845703,0.0001888331025838852,0.0012346412986516953,0.013956025242805481
19042,1,1,implicit_mmr,implicit_mmr,train,0.09674528241157532,0.8431605100631714,0.01345798559486866,0.0007128177094273269,0.0017993468791246414,0.04412400349974632
19054,3,3,no_method_signal,no_method_signal,train,0.00011034524504793808,0.00040225888369604945,0.07727526128292084,0.9022382497787476,0.0031301926355808973,0.016843728721141815
19068,0,1,explicit_mmr,implicit_mmr,train,0.41096991300582886,0.5308687686920166,0.00769108347594738,0.00035777961602434516,0.0023162008728832006,0.04779626801609993
19071,3,5,no_method_signal,quant_only,train,0.0019462311174720526,0.021868744865059853,0.21765059232711792,0.14964917302131653,0.012718265876173973,0.5961669683456421
19073,3,5,no_method_signal,quant_only,train,0.021585777401924133,0.09373489767313004,0.16333679854869843,0.1603516936302185,0.0049513946287333965,0.5560394525527954
19090,3,3,no_method_signal,no_method_signal,train,0.0004389550886116922,0.0028684106655418873,0.2840324640274048,0.5721476674079895,0.0040789139457046986,0.1364336460828781
19110,3,1,no_method_signal,implicit_mmr,train,0.04982306808233261,0.39710378646850586,0.1746063530445099,0.01587361842393875,0.007315759547054768,0.35527732968330383
19132,3,3,no_method_signal,no_method_signal,train,0.0004712419176939875,0.010474384762346745,0.0209454745054245,0.874747097492218,0.01961974985897541,0.07374192029237747
19137,3,4,no_method_signal,qual_only,train,0.0010076863691210747,0.0013940928038209677,0.2543262541294098,0.2515433430671692,0.4765095114707947,0.01521911658346653
19144,5,1,quant_only,implicit_mmr,train,0.03801665082573891,0.7142051458358765,0.11297398060560226,0.001901489682495594,0.08614124357700348,0.04676142334938049
19157,0,1,explicit_mmr,implicit_mmr,train,0.047260209918022156,0.6232107281684875,0.07210903614759445,0.002828913973644376,0.021471630781888962,0.23311953246593475
19168,3,3,no_method_signal,no_method_signal,train,0.00038175887311808765,0.0013986524427309632,0.260854035615921,0.6437489986419678,0.016660278663039207,0.0769563615322113
19170,1,0,implicit_mmr,explicit_mmr,train,0.8813414573669434,0.10330362617969513,0.002602771855890751,6.591329292859882e-05,0.0046341801062226295,0.008052083663642406
19188,0,0,explicit_mmr,explicit_mmr,train,0.8788951635360718,0.10403541475534439,0.002617120975628495,0.0001928075507748872,0.0012473815586417913,0.01301209069788456
19197,2,0,multi_method_not_mmr,explicit_mmr,train,0.7371228933334351,0.2347215861082077,0.004912858828902245,0.00028235148056410253,0.0010344922775402665,0.02192591316998005
19200,2,0,multi_method_not_mmr,explicit_mmr,train,0.7831979990005493,0.19528433680534363,0.003677504137158394,0.0002627488283906132,0.0006788473692722619,0.0168986264616251
19224,2,2,multi_method_not_mmr,multi_method_not_mmr,train,0.0021087455097585917,0.018045693635940552,0.36129629611968994,0.035349901765584946,0.3254798948764801,0.2577194571495056
19241,1,1,implicit_mmr,implicit_mmr,train,0.15760304033756256,0.7312451004981995,0.022451156750321388,0.0003167991526424885,0.022907130420207977,0.06547694653272629
19244,0,0,explicit_mmr,explicit_mmr,train,0.9641544222831726,0.02773326076567173,0.001405548769980669,0.0001332466781605035,0.0015607269015163183,0.005012850277125835
19252,5,5,quant_only,quant_only,train,0.06315232068300247,0.34715500473976135,0.1072063148021698,0.011215061880648136,0.008745966479182243,0.46252527832984924
19266,4,4,qual_only,qual_only,train,0.011066514067351818,0.02884531393647194,0.24519960582256317,0.03736182674765587,0.48373058438301086,0.19379620254039764
19271,2,2,multi_method_not_mmr,multi_method_not_mmr,train,0.0003878273710142821,0.002307276474311948,0.3684391677379608,0.332884818315506,0.13094525039196014,0.16503570973873138
19277,0,0,explicit_mmr,explicit_mmr,train,0.9311930537223816,0.05992751196026802,0.0014331728452816606,8.28864867798984e-05,0.001182108884677291,0.006181212607771158
19279,0,0,explicit_mmr,explicit_mmr,train,0.9660024642944336,0.027370380237698555,0.0010777630377560854,6.539553578477353e-05,0.002375851385295391,0.003108127973973751
19281,3,3,no_method_signal,no_method_signal,train,0.0005531944916583598,0.007223446853458881,0.1584348827600479,0.4907071888446808,0.007606972008943558,0.3354742228984833
19320,3,3,no_method_signal,no_method_signal,train,0.0010442492784932256,0.0014923792332410812,0.2911704182624817,0.3811825215816498,0.3126465380191803,0.012463931925594807
19372,5,1,quant_only,implicit_mmr,train,0.07349137216806412,0.6599621176719666,0.03569623827934265,0.006356315687298775,0.003456832841038704,0.2210371345281601
19386,1,1,implicit_mmr,implicit_mmr,train,0.04437657818198204,0.8891423344612122,0.019679324701428413,0.000513663690071553,0.003853995818644762,0.04243411123752594
19393,5,5,quant_only,quant_only,train,0.032204147428274155,0.30864351987838745,0.1808430701494217,0.006033148616552353,0.07974915951490402,0.3925270438194275
19398,0,0,explicit_mmr,explicit_mmr,train,0.9670064449310303,0.027335848659276962,0.0009389540646225214,0.00011844348773593083,0.0007487800903618336,0.003851494286209345
19399,1,0,implicit_mmr,explicit_mmr,train,0.8473169207572937,0.13156025111675262,0.0031593916937708855,0.00022106646792963147,0.0009690565057098866,0.01677321456372738
19402,5,5,quant_only,quant_only,train,0.007823305204510689,0.07643576711416245,0.25721725821495056,0.020440401509404182,0.08166437596082687,0.5564188957214355
19405,1,1,implicit_mmr,implicit_mmr,train,0.11269466578960419,0.7465397119522095,0.03782515227794647,0.0003947985824197531,0.029850132763385773,0.07269545644521713
19422,0,0,explicit_mmr,explicit_mmr,train,0.5940881371498108,0.35994285345077515,0.008014757186174393,0.0001514468021923676,0.006083952262997627,0.031718846410512924
19424,4,4,qual_only,qual_only,train,0.0010745354229584336,0.0025799341965466738,0.14742638170719147,0.06169876456260681,0.7704898715019226,0.01673053950071335
19439,0,0,explicit_mmr,explicit_mmr,train,0.8678421974182129,0.1179104596376419,0.002440455835312605,0.0001581428077770397,0.0007437024032697082,0.010904915630817413
19443,0,0,explicit_mmr,explicit_mmr,train,0.7003257274627686,0.06302952766418457,0.006576630286872387,0.00095108721870929,0.21835210919380188,0.01076496485620737
19452,5,5,quant_only,quant_only,train,0.008660883642733097,0.1403992921113968,0.1599319726228714,0.04324955865740776,0.014000244438648224,0.6337580680847168
19459,2,4,multi_method_not_mmr,qual_only,train,0.003167051589116454,0.008560349233448505,0.37275850772857666,0.06522970646619797,0.4768065810203552,0.07347775250673294
19466,0,0,explicit_mmr,explicit_mmr,train,0.9169349670410156,0.07070630043745041,0.0018352861516177654,0.00016843185585457832,0.0008884894195944071,0.009466561488807201
19487,5,5,quant_only,quant_only,train,0.00724850594997406,0.0589030496776104,0.13786116242408752,0.08429313451051712,0.019540036097168922,0.6921541690826416
19488,3,5,no_method_signal,quant_only,train,0.0036665890365839005,0.05198852717876434,0.08067993074655533,0.17736151814460754,0.008123996667563915,0.6781793832778931
19522,2,4,multi_method_not_mmr,qual_only,train,0.0010330816730856895,0.008254551328718662,0.3465138077735901,0.09044233709573746,0.4744170308113098,0.0793391540646553
19525,3,5,no_method_signal,quant_only,train,0.005048641934990883,0.029606930911540985,0.1578671634197235,0.3451405465602875,0.030554382130503654,0.43178239464759827
19536,0,0,explicit_mmr,explicit_mmr,train,0.9425359964370728,0.04947039857506752,0.0011924722930416465,6.842194125056267e-05,0.0017588329501450062,0.0049738469533622265
19555,1,1,implicit_mmr,implicit_mmr,train,0.0593307763338089,0.7761950492858887,0.04062199965119362,0.0011221220484003425,0.01026434637606144,0.1124657690525055
19556,2,5,multi_method_not_mmr,quant_only,train,0.0016085233073681593,0.010609103366732597,0.26051798462867737,0.34902051091194153,0.003393223276361823,0.3748507499694824
19559,0,0,explicit_mmr,explicit_mmr,train,0.9259101748466492,0.06372139602899551,0.0017128873150795698,9.845908061834052e-05,0.0014378956984728575,0.007119196467101574
19561,0,0,explicit_mmr,explicit_mmr,train,0.9700642228126526,0.023178547620773315,0.0012593030696734786,8.88523572939448e-05,0.0023010256700217724,0.0031080737244337797
19564,0,0,explicit_mmr,explicit_mmr,train,0.9757694602012634,0.01919219084084034,0.0009316345676779747,0.00011251040268689394,0.0012006615288555622,0.0027935607358813286
19581,1,1,implicit_mmr,implicit_mmr,train,0.04789683222770691,0.8875060081481934,0.019611943513154984,0.000580336491111666,0.003426772076636553,0.04097820073366165
19582,1,1,implicit_mmr,implicit_mmr,train,0.05109978839755058,0.8850876092910767,0.019136954098939896,0.000575906946323812,0.003229413414373994,0.04087040573358536
19583,1,1,implicit_mmr,implicit_mmr,train,0.06344190239906311,0.7724272608757019,0.042068906128406525,0.0010178094962611794,0.016322890296578407,0.10472123324871063
19586,1,1,implicit_mmr,implicit_mmr,train,0.05235778167843819,0.8862655758857727,0.018435243517160416,0.0004151923640165478,0.004299067426472902,0.03822709992527962
19589,1,1,implicit_mmr,implicit_mmr,train,0.050417616963386536,0.8877475261688232,0.01870393566787243,0.00044433792936615646,0.004141651559621096,0.0385449156165123
19597,1,1,implicit_mmr,implicit_mmr,train,0.04439930245280266,0.8012874722480774,0.041630201041698456,0.0012293602339923382,0.008128241635859013,0.10332545638084412
19621,0,0,explicit_mmr,explicit_mmr,train,0.9627370238304138,0.03071814589202404,0.000950962770730257,9.156647138297558e-05,0.001236499403603375,0.00426572747528553
19632,5,1,quant_only,implicit_mmr,train,0.11875426769256592,0.6270713806152344,0.04634763300418854,0.001861037453636527,0.017774756997823715,0.18819084763526917
19644,1,1,implicit_mmr,implicit_mmr,train,0.03816599398851395,0.7143040299415588,0.06570623815059662,0.0017837329069152474,0.020621484145522118,0.15941843390464783
19653,0,0,explicit_mmr,explicit_mmr,train,0.7281705737113953,0.22723110020160675,0.006702756974846125,0.00020505418069660664,0.0040781935676932335,0.03361234813928604
19657,5,1,quant_only,implicit_mmr,train,0.05619530752301216,0.41650834679603577,0.08715938031673431,0.007263964973390102,0.028416689485311508,0.4044562876224518
19706,4,4,qual_only,qual_only,train,0.02554435469210148,0.05802594870328903,0.11745625734329224,0.014668882824480534,0.7180888056755066,0.06621576845645905
19731,2,2,multi_method_not_mmr,multi_method_not_mmr,train,0.01940970867872238,0.09490864723920822,0.3937661349773407,0.010813609696924686,0.175075963139534,0.30602598190307617
19733,0,4,explicit_mmr,qual_only,train,0.26611438393592834,0.04205645993351936,0.013105617836117744,0.0006512609543278813,0.670905590057373,0.007166717201471329
19745,5,5,quant_only,quant_only,train,0.00267362454906106,0.017309432849287987,0.26774415373802185,0.17681466042995453,0.008582632057368755,0.5268755555152893
19754,2,4,multi_method_not_mmr,qual_only,train,0.0022554597817361355,0.004059618338942528,0.17802701890468597,0.03208675608038902,0.7691140174865723,0.014457129873335361
19766,0,0,explicit_mmr,explicit_mmr,train,0.7673671841621399,0.20072145760059357,0.004910863470286131,0.0001877817849162966,0.0020416222978383303,0.02477102540433407
19768,0,0,explicit_mmr,explicit_mmr,train,0.9189900159835815,0.06871575862169266,0.002102513797581196,6.416452379198745e-05,0.004075577016919851,0.006051978096365929
19770,0,0,explicit_mmr,explicit_mmr,train,0.7051643133163452,0.2665831446647644,0.00415631290525198,7.633228233316913e-05,0.004160749260336161,0.019859135150909424
19785,1,1,implicit_mmr,implicit_mmr,train,0.28692466020584106,0.6294248700141907,0.012087730690836906,0.0003680778609123081,0.005103420000523329,0.06609126180410385
19796,2,4,multi_method_not_mmr,qual_only,train,0.001620372524484992,0.004598870873451233,0.17656676471233368,0.016377240419387817,0.7782819271087646,0.02255490981042385
19827,4,4,qual_only,qual_only,train,0.13491179049015045,0.3272040784358978,0.027104321867227554,0.0030956631526350975,0.4671887755393982,0.0404953733086586
19927,2,3,multi_method_not_mmr,no_method_signal,train,0.00032107552397064865,0.0006415134994313121,0.24715152382850647,0.725511372089386,0.004670870490372181,0.021703660488128662
19928,2,4,multi_method_not_mmr,qual_only,train,0.0005450997850857675,0.001439951010979712,0.32871395349502563,0.16487480700016022,0.4738563597202301,0.030569886788725853
19929,2,3,multi_method_not_mmr,no_method_signal,train,0.00034506304655224085,0.003727708011865616,0.3781713545322418,0.4338580071926117,0.05718608573079109,0.12671181559562683
19933,0,0,explicit_mmr,explicit_mmr,train,0.9312002062797546,0.06064240634441376,0.001490587368607521,0.00014873043983243406,0.0006596139282919466,0.005858483724296093
19936,2,2,multi_method_not_mmr,multi_method_not_mmr,train,0.0005636902642436326,0.002206990262493491,0.4640386700630188,0.1857725828886032,0.2939089238643646,0.053509149700403214
19978,1,1,implicit_mmr,implicit_mmr,train,0.04713429883122444,0.7641245722770691,0.03851331025362015,0.003328479127958417,0.005266707390546799,0.14163260161876678
19991,1,1,implicit_mmr,implicit_mmr,train,0.030391644686460495,0.4786926507949829,0.14457592368125916,0.010300802066922188,0.02378370612859726,0.31225529313087463
19992,1,1,implicit_mmr,implicit_mmr,train,0.05185806751251221,0.8905075788497925,0.0165818203240633,0.0010588581208139658,0.0019132401794195175,0.03808046877384186
19993,1,1,implicit_mmr,implicit_mmr,train,0.10706023126840591,0.6323363780975342,0.07746028900146484,0.004947775509208441,0.017495986074209213,0.16069933772087097
20000,3,3,no_method_signal,no_method_signal,train,0.00014143854787107557,0.00038611929630860686,0.17631147801876068,0.7977017760276794,0.009789150208234787,0.015670046210289
20057,0,0,explicit_mmr,explicit_mmr,train,0.9604599475860596,0.029502272605895996,0.0017434459878131747,0.0001867542596301064,0.0011911290930584073,0.006916554179042578
20169,4,4,qual_only,qual_only,train,0.01038283295929432,0.006304320879280567,0.02794967219233513,0.002237536944448948,0.9480071663856506,0.005118540488183498
20371,5,5,quant_only,quant_only,train,0.004233565181493759,0.035743746906518936,0.32789039611816406,0.022079847753047943,0.1781785637140274,0.4318738877773285
20387,1,1,implicit_mmr,implicit_mmr,train,0.09427738189697266,0.8465335965156555,0.013133293949067593,0.0006789132603444159,0.0018314486369490623,0.04354526102542877
20501,1,0,implicit_mmr,explicit_mmr,train,0.7483885288238525,0.22479942440986633,0.004476454108953476,0.0002668840461410582,0.0008901800028979778,0.02117856778204441
21267,5,0,quant_only,explicit_mmr,train,0.9497458338737488,0.04426214471459389,0.0010710512287914753,0.0001033324224408716,0.0008365684770978987,0.0039810664020478725
21285,0,0,explicit_mmr,explicit_mmr,train,0.8161798119544983,0.16368843615055084,0.0033967606723308563,0.00013240477710496634,0.0020382381044328213,0.014564303681254387
24527,3,3,no_method_signal,no_method_signal,train,0.000622234889306128,0.0007713886443525553,0.28398770093917847,0.697993814945221,0.0029657860286533833,0.013659164309501648
24990,4,4,qual_only,qual_only,train,0.0008749630069360137,0.0007867591921240091,0.04043886065483093,0.024340743198990822,0.9283379316329956,0.005220815073698759
25108,3,3,no_method_signal,no_method_signal,train,0.00014187477063387632,0.0008649115916341543,0.1108555868268013,0.686566948890686,0.1544080376625061,0.0471627339720726
25812,2,3,multi_method_not_mmr,no_method_signal,train,0.00023580426932312548,0.0017005526460707188,0.3235791325569153,0.3910326063632965,0.20881903171539307,0.07463297247886658
25813,3,3,no_method_signal,no_method_signal,train,0.0002824998227879405,0.00037900390452705324,0.23579464852809906,0.7442947030067444,0.010082409717142582,0.009166691452264786
25814,2,4,multi_method_not_mmr,qual_only,train,0.001116452389396727,0.0012167453533038497,0.07304731756448746,0.025928230956196785,0.8913483023643494,0.007342992816120386
25815,5,5,quant_only,quant_only,train,0.002201545750722289,0.026861760765314102,0.20873697102069855,0.04106660187244415,0.1266859918832779,0.5944471955299377
25816,5,5,quant_only,quant_only,train,0.003256099997088313,0.039898455142974854,0.19524644315242767,0.03410446643829346,0.09437065571546555,0.6331238746643066
25817,5,3,quant_only,no_method_signal,train,0.000606246292591095,0.0033238634932786226,0.06871993839740753,0.5584009885787964,0.0404057539999485,0.32854318618774414
25980,3,3,no_method_signal,no_method_signal,train,0.00038297276478260756,0.000454164226539433,0.32152730226516724,0.6503565311431885,0.018089158460497856,0.00918981246650219
26309,3,3,no_method_signal,no_method_signal,train,0.0012594809522852302,0.02144237793982029,0.040722187608480453,0.6246354579925537,0.012885453179478645,0.2990550398826599
26398,1,5,implicit_mmr,quant_only,train,0.03963838890194893,0.4144740700721741,0.07774515450000763,0.009089860133826733,0.010333462618291378,0.4487191140651703
27508,1,5,implicit_mmr,quant_only,train,0.016135049983859062,0.2321213036775589,0.023767974227666855,0.19449637830257416,0.03595740348100662,0.49752187728881836
27558,3,3,no_method_signal,no_method_signal,train,0.0002896834339480847,0.0014641550369560719,0.19114062190055847,0.7117925882339478,0.017456473782658577,0.07785645872354507
27575,3,3,no_method_signal,no_method_signal,train,9.152734855888411e-05,0.0010122901294380426,0.02299114689230919,0.9397931694984436,0.010342808440327644,0.025769107043743134
27583,3,3,no_method_signal,no_method_signal,train,0.00010827342339325696,0.0006192419677972794,0.05987005680799484,0.9050760865211487,0.0034844873007386923,0.030841803178191185
27584,3,3,no_method_signal,no_method_signal,train,0.00021977545111440122,0.0005809034337289631,0.12958699464797974,0.8496711850166321,0.0027304207906126976,0.017210636287927628
27585,3,3,no_method_signal,no_method_signal,train,8.589420758653432e-05,0.0003757199156098068,0.06350928544998169,0.9142764210700989,0.0037054247222840786,0.018047098070383072
27594,3,3,no_method_signal,no_method_signal,train,0.0001542247919132933,0.0010939283529296517,0.08655010908842087,0.7256738543510437,0.06107189878821373,0.1254560500383377
27607,4,5,qual_only,quant_only,train,0.001557153183966875,0.00521391024813056,0.07158510386943817,0.29689282178878784,0.19254595041275024,0.43220508098602295
27611,4,3,qual_only,no_method_signal,train,0.0002010808530030772,0.002301557920873165,0.22149726748466492,0.49012231826782227,0.10224360227584839,0.18363408744335175
28048,1,1,implicit_mmr,implicit_mmr,train,0.03192685544490814,0.6736842393875122,0.0963728278875351,0.005578836426138878,0.014214799739420414,0.1782224476337433
28255,2,2,multi_method_not_mmr,multi_method_not_mmr,train,0.0008638662402518094,0.0011317846365272999,0.40656158328056335,0.35902610421180725,0.2183295339345932,0.014087121933698654
28593,2,3,multi_method_not_mmr,no_method_signal,train,0.0005436051287688315,0.00081419269554317,0.42645034193992615,0.5008135437965393,0.05952991172671318,0.011848417110741138
28594,1,1,implicit_mmr,implicit_mmr,train,0.19988642632961273,0.7250857949256897,0.015605654567480087,0.00024221232160925865,0.006377664394676685,0.052802249789237976
28595,4,3,qual_only,no_method_signal,train,6.907751958351582e-05,0.00034487643279135227,0.0772722065448761,0.8919216394424438,0.0093047134578228,0.021087365224957466
28596,3,4,no_method_signal,qual_only,train,0.0014652954414486885,0.0010997301433235407,0.026543695479631424,0.14896497130393982,0.7879136204719543,0.03401269391179085
28597,3,3,no_method_signal,no_method_signal,train,0.00016689757467247546,0.00025784948957152665,0.13032899796962738,0.8550170063972473,0.007582658901810646,0.006646576803177595
28598,4,4,qual_only,qual_only,train,0.0004218399408273399,0.0007161167450249195,0.10539146512746811,0.27493277192115784,0.6067631840705872,0.01177459117025137
28599,2,3,multi_method_not_mmr,no_method_signal,train,0.00045959081035107374,0.0006105078500695527,0.24864663183689117,0.7343186736106873,0.003786666551604867,0.012177892960608006
28600,1,1,implicit_mmr,implicit_mmr,train,0.28625401854515076,0.6529241800308228,0.011211720295250416,0.0006060105515643954,0.0011368736159056425,0.04786722734570503
28601,3,3,no_method_signal,no_method_signal,train,0.0001625608274480328,0.0003531126712914556,0.16067726910114288,0.8195577263832092,0.005364305339753628,0.01388495322316885
28602,5,2,quant_only,multi_method_not_mmr,train,0.0005587927298620343,0.007249745074659586,0.3995468020439148,0.09841249883174896,0.14780329167842865,0.34642884135246277
28786,2,3,multi_method_not_mmr,no_method_signal,train,0.00015607112436555326,0.001458190381526947,0.12797068059444427,0.6762190461158752,0.018656525760889053,0.1755395233631134
28807,3,3,no_method_signal,no_method_signal,train,0.0003066686913371086,0.0005572825320996344,0.18435586988925934,0.7989280819892883,0.003081537550315261,0.012770554050803185
28863,5,5,quant_only,quant_only,train,0.0006369412876665592,0.005281325429677963,0.3034035265445709,0.1694992184638977,0.2022416591644287,0.31893739104270935
28874,5,5,quant_only,quant_only,train,0.0015818503452464938,0.016624655574560165,0.1201753169298172,0.1953795701265335,0.0430821068584919,0.6231565475463867
28881,5,5,quant_only,quant_only,train,0.0013917060568928719,0.006160126533359289,0.2214849293231964,0.17544004321098328,0.08551183342933655,0.5100113153457642
28887,2,3,multi_method_not_mmr,no_method_signal,train,0.00020702082838397473,0.0012304692063480616,0.11539972573518753,0.814107358455658,0.00255709420889616,0.06649840623140335
28956,3,4,no_method_signal,qual_only,train,0.0008199433796107769,0.0006637204205617309,0.027172483503818512,0.12888778746128082,0.8303792476654053,0.012076877057552338
28959,5,3,quant_only,no_method_signal,train,0.00015789656026754528,0.0011410920415073633,0.3119686543941498,0.4756820499897003,0.07797769457101822,0.13307258486747742
28964,2,3,multi_method_not_mmr,no_method_signal,train,0.0001998288935283199,0.0003780030529014766,0.20551665127277374,0.7723085284233093,0.009030355140566826,0.012566721998155117
29109,3,3,no_method_signal,no_method_signal,train,0.00036421194090507925,0.0005131330690346658,0.29745301604270935,0.6726914644241333,0.0190699752420187,0.009908204898238182
29127,2,3,multi_method_not_mmr,no_method_signal,train,0.0002789191494230181,0.000494208827149123,0.1886441707611084,0.7944591641426086,0.004108015913516283,0.012015444226562977
29139,5,5,quant_only,quant_only,train,0.004261114168912172,0.047789014875888824,0.2501433491706848,0.015600984916090965,0.14751902222633362,0.5346865057945251
29159,3,3,no_method_signal,no_method_signal,train,0.00034278069506399333,0.000668499618768692,0.1333884745836258,0.8520233631134033,0.0031756835523992777,0.01040119118988514
29169,3,3,no_method_signal,no_method_signal,train,0.0006061518797650933,0.0027680250350385904,0.04509696364402771,0.8983064889907837,0.001283929799683392,0.051938287913799286
29449,3,3,no_method_signal,no_method_signal,train,0.00014425419794861227,0.00029298171284608543,0.14979703724384308,0.8294240832328796,0.011098723858594894,0.009242826141417027
29969,2,2,multi_method_not_mmr,multi_method_not_mmr,train,0.0009531024261377752,0.0007588493172079325,0.5292499661445618,0.4348931908607483,0.023128772154450417,0.011016092263162136
30237,2,3,multi_method_not_mmr,no_method_signal,train,0.0002046547015197575,0.0005435021012090147,0.21237333118915558,0.7521851062774658,0.004348350688815117,0.030345063656568527
30816,2,4,multi_method_not_mmr,qual_only,train,0.0012819914845749736,0.0045200614258646965,0.37919166684150696,0.05197949334979057,0.533877968788147,0.02914879471063614
31268,3,3,no_method_signal,no_method_signal,train,0.0005709860124625266,0.0010902921203523874,0.14647243916988373,0.8317941427230835,0.0013262799475342035,0.018745919689536095
31821,3,4,no_method_signal,qual_only,train,0.00042302784277126193,0.0007003617356531322,0.18682068586349487,0.3825611174106598,0.40220141410827637,0.0272933728992939
31822,3,3,no_method_signal,no_method_signal,train,6.310569733614102e-05,0.00046036008279770613,0.02276678755879402,0.9526796340942383,0.012444702908396721,0.011585444211959839
31823,2,4,multi_method_not_mmr,qual_only,train,0.000653203169349581,0.00449339859187603,0.15239989757537842,0.05620940029621124,0.6387330293655396,0.1475110501050949
31824,3,3,no_method_signal,no_method_signal,train,0.00011456305219326168,0.0011157231638208032,0.019198551774024963,0.9368172287940979,0.010186399333178997,0.03256761282682419
31825,2,3,multi_method_not_mmr,no_method_signal,train,0.00011765320232370868,0.0003533231792971492,0.17353056371212006,0.7977626323699951,0.014381730929017067,0.013854147866368294
31826,3,3,no_method_signal,no_method_signal,train,0.00011674175038933754,0.0004989310982637107,0.0926361083984375,0.8802857995033264,0.0033960749860852957,0.023066291585564613
31827,3,3,no_method_signal,no_method_signal,train,0.00011657045251922682,0.001483755186200142,0.014272244647145271,0.9484281539916992,0.00963547918945551,0.026063797995448112
31828,3,3,no_method_signal,no_method_signal,train,0.0004003461799584329,0.008087149821221828,0.12467625737190247,0.4814458191394806,0.037770260125398636,0.34762024879455566
31829,3,3,no_method_signal,no_method_signal,train,8.013707702048123e-05,0.0002770220162346959,0.10166945308446884,0.8689677715301514,0.013088995590806007,0.015916621312499046
31830,5,3,quant_only,no_method_signal,train,0.0002263439673697576,0.0018639413174241781,0.08244140446186066,0.50687575340271,0.17746268212795258,0.23112991452217102
31831,3,3,no_method_signal,no_method_signal,train,0.00046022774768061936,0.0005516305682249367,0.26671797037124634,0.7161456942558289,0.004893503151834011,0.011231017298996449
31832,3,3,no_method_signal,no_method_signal,train,0.00020524972933344543,0.0003397852706257254,0.18015709519386292,0.8018800020217896,0.007657705806195736,0.009760073386132717
31833,3,3,no_method_signal,no_method_signal,train,0.0019838609732687473,0.04625534266233444,0.043483421206474304,0.43114420771598816,0.054792050272226334,0.42234116792678833
31834,3,3,no_method_signal,no_method_signal,train,0.0010457715252414346,0.0157657228410244,0.022761601954698563,0.7444750666618347,0.05001106113195419,0.16594085097312927
31835,3,3,no_method_signal,no_method_signal,train,0.00010008041863329709,0.000583590823225677,0.19549354910850525,0.7072590589523315,0.026543088257312775,0.0700206533074379
31836,5,3,quant_only,no_method_signal,train,0.0002080708072753623,0.0026724389754235744,0.19052185118198395,0.4411909878253937,0.21119801700115204,0.1542086899280548
31837,5,3,quant_only,no_method_signal,train,0.00021527426724787802,0.0007418308523483574,0.14527247846126556,0.5227125883102417,0.29875868558883667,0.03229912742972374
31838,5,3,quant_only,no_method_signal,train,0.0016490999842062593,0.027323227375745773,0.022357871755957603,0.7048672437667847,0.012011402286589146,0.23179112374782562
31839,4,3,qual_only,no_method_signal,train,5.150097422301769e-05,0.0002649095840752125,0.03352794051170349,0.9336435198783875,0.020915379747748375,0.011596708558499813
31840,3,3,no_method_signal,no_method_signal,train,7.961804658407345e-05,0.00032947430736385286,0.06821471452713013,0.9136032462120056,0.004907202906906605,0.012865918688476086
31841,4,4,qual_only,qual_only,train,0.0010278961854055524,0.0011243796907365322,0.07063785195350647,0.03284797817468643,0.8870506286621094,0.007311310153454542
31842,3,5,no_method_signal,quant_only,train,0.0010760182049125433,0.025186913087964058,0.16627192497253418,0.2004234492778778,0.00837737787514925,0.5986642837524414
31843,3,3,no_method_signal,no_method_signal,train,0.0002149184001609683,0.004144409205764532,0.01844376139342785,0.9338511228561401,0.011839133687317371,0.03150656819343567
31844,3,3,no_method_signal,no_method_signal,train,0.00013192309415899217,0.0003690659359563142,0.0906171053647995,0.8327828049659729,0.06359527260065079,0.012503821402788162
31845,5,5,quant_only,quant_only,train,0.005302795208990574,0.12065998464822769,0.2387704849243164,0.03428232669830322,0.03667590767145157,0.5643084645271301
31846,3,2,no_method_signal,multi_method_not_mmr,train,0.00033466232707723975,0.003375624306499958,0.4338173568248749,0.2789101302623749,0.22978247702121735,0.053779736161231995
31847,3,3,no_method_signal,no_method_signal,train,0.0003710162709467113,0.00044734030961990356,0.26165544986724854,0.7214483022689819,0.00739247165620327,0.00868540070950985
31848,2,4,multi_method_not_mmr,qual_only,train,0.0006539489259012043,0.0012393106007948518,0.22322697937488556,0.21125192940235138,0.545711874961853,0.01791597716510296
31849,1,5,implicit_mmr,quant_only,train,0.002386892680078745,0.0709836333990097,0.07100120186805725,0.23028555512428284,0.03569271042943001,0.5896499752998352
31850,2,5,multi_method_not_mmr,quant_only,train,0.0016797013813629746,0.02072121575474739,0.3241182863712311,0.09283145517110825,0.1882944107055664,0.3723548650741577
31851,1,5,implicit_mmr,quant_only,train,0.019835060462355614,0.2627876102924347,0.10004455596208572,0.05075667053461075,0.012812403030693531,0.553763747215271
31852,3,3,no_method_signal,no_method_signal,train,0.00029385078232735395,0.004085513297468424,0.08427521586418152,0.5297444462776184,0.08890869468450546,0.29269227385520935
31853,3,3,no_method_signal,no_method_signal,train,0.0004643846186809242,0.000492156483232975,0.3305497467517853,0.6408150792121887,0.019825652241706848,0.007853091694414616
31854,3,3,no_method_signal,no_method_signal,train,0.00011432068276917562,0.0003013589303009212,0.1311188042163849,0.8243089318275452,0.030703410506248474,0.013453233055770397
31855,3,2,no_method_signal,multi_method_not_mmr,train,0.0008896017097868025,0.0008108970359899104,0.5065963864326477,0.4327481687068939,0.04949316382408142,0.009461882524192333
31856,3,5,no_method_signal,quant_only,train,0.0022463658824563026,0.046680156141519547,0.12498728185892105,0.40367141366004944,0.009774906560778618,0.41263991594314575
31857,0,1,explicit_mmr,implicit_mmr,train,0.07799875736236572,0.6558228731155396,0.12485500425100327,0.018402554094791412,0.03312539681792259,0.08979552239179611
31858,4,4,qual_only,qual_only,train,0.0013816151767969131,0.010615197010338306,0.24082255363464355,0.03257416933774948,0.37947437167167664,0.3351321220397949
31859,4,4,qual_only,qual_only,train,0.00041343210614286363,0.0011299424804747105,0.17120929062366486,0.09678857773542404,0.7071630954742432,0.023295577615499496
31860,4,4,qual_only,qual_only,train,0.0006177363684400916,0.002216970082372427,0.11450894922018051,0.01900465227663517,0.8291045427322388,0.034547075629234314
31861,4,4,qual_only,qual_only,train,0.0005627205828204751,0.001273670932278037,0.10811403393745422,0.032556839287281036,0.8376795649528503,0.019813114777207375
31862,4,4,qual_only,qual_only,train,0.0005707113305106759,0.0012896353146061301,0.12239483743906021,0.04101277515292168,0.8166588544845581,0.018073132261633873
31863,3,3,no_method_signal,no_method_signal,train,0.0001327602512901649,0.0010237167589366436,0.26024916768074036,0.47027066349983215,0.15601186454296112,0.11231177300214767
31864,2,4,multi_method_not_mmr,qual_only,train,0.00042770386789925396,0.0016493574948981404,0.26954689621925354,0.1196308359503746,0.5738400816917419,0.034905195236206055
31865,5,1,quant_only,implicit_mmr,train,0.03540843725204468,0.5085819363594055,0.09985030442476273,0.004341119900345802,0.020543845370411873,0.3312743604183197
31866,5,5,quant_only,quant_only,train,0.0025565833784639835,0.05703131482005119,0.06505823880434036,0.24310719966888428,0.03315373882651329,0.5990930199623108
31867,2,2,multi_method_not_mmr,multi_method_not_mmr,train,0.005359951872378588,0.021238824352622032,0.4028881788253784,0.02149197831749916,0.2650336027145386,0.28398749232292175
31868,2,3,multi_method_not_mmr,no_method_signal,train,0.00037559689371846616,0.0005843155086040497,0.39346325397491455,0.4521911144256592,0.129324272274971,0.024061469361186028
31869,1,1,implicit_mmr,implicit_mmr,train,0.10206274688243866,0.8118967413902283,0.01963123492896557,0.000514392217155546,0.00396927073597908,0.06192559748888016
31870,4,4,qual_only,qual_only,train,0.0009631509892642498,0.0009188662515953183,0.06880941241979599,0.04024462401866913,0.8816007971763611,0.007463081274181604
31871,4,3,qual_only,no_method_signal,train,0.0004237487737555057,0.0006178613984957337,0.10221830755472183,0.5286951065063477,0.31650424003601074,0.05154067650437355
31872,5,1,quant_only,implicit_mmr,train,0.049671150743961334,0.6972106099128723,0.05965206399559975,0.002104356652125716,0.010417669080197811,0.18094408512115479
31873,5,4,quant_only,qual_only,train,0.001254073460586369,0.012138402089476585,0.34199413657188416,0.033845409750938416,0.45922157168388367,0.15154637396335602
31874,4,4,qual_only,qual_only,train,0.0009318655356764793,0.0008501923875883222,0.03310675919055939,0.01436205580830574,0.9437740445137024,0.0069750589318573475
31875,3,3,no_method_signal,no_method_signal,train,0.0002022943808697164,0.000548415700905025,0.12727132439613342,0.8534861207008362,0.002249680692330003,0.016242127865552902
31876,3,3,no_method_signal,no_method_signal,train,8.79528233781457e-05,0.00029306704527698457,0.09861376136541367,0.8757869601249695,0.00700892461463809,0.018209317699074745
31877,3,3,no_method_signal,no_method_signal,train,0.00021686902618966997,0.0036159681621938944,0.02426670677959919,0.872626006603241,0.01203844789415598,0.08723601698875427
31878,2,3,multi_method_not_mmr,no_method_signal,train,6.604217924177647e-05,0.0002613132237456739,0.05869320034980774,0.9233325123786926,0.008118358440697193,0.009528584778308868
31879,3,3,no_method_signal,no_method_signal,train,0.0002342100633541122,0.0032667831983417273,0.016094744205474854,0.9351457357406616,0.007255061529576778,0.03800347447395325
31880,5,3,quant_only,no_method_signal,train,0.0005133390077389777,0.005846803542226553,0.17309126257896423,0.2921111285686493,0.2821829915046692,0.24625447392463684
31881,3,3,no_method_signal,no_method_signal,train,7.096232729963958e-05,0.000404125516070053,0.08430030196905136,0.8705571889877319,0.013629243709146976,0.031038198620080948
31882,2,4,multi_method_not_mmr,qual_only,train,0.000577989558223635,0.0020057056099176407,0.21529299020767212,0.044622037559747696,0.6846905946731567,0.0528106614947319
31883,2,3,multi_method_not_mmr,no_method_signal,train,0.00014794099843129516,0.0006273294566199183,0.1524161845445633,0.8084395527839661,0.003476935438811779,0.034891992807388306
31884,0,1,explicit_mmr,implicit_mmr,train,0.13498812913894653,0.7887645959854126,0.01473319437354803,0.0007834066636860371,0.0021887999027967453,0.05854187533259392
31885,1,5,implicit_mmr,quant_only,train,0.00511308154091239,0.10733123123645782,0.18072539567947388,0.03438527137041092,0.03053555078804493,0.6419094204902649
31886,2,3,multi_method_not_mmr,no_method_signal,train,0.00011974793596891686,0.0007201608386822045,0.15080557763576508,0.6891055107116699,0.044453833252191544,0.11479523777961731
31887,4,4,qual_only,qual_only,train,0.0009097443544305861,0.001853955676779151,0.0565948523581028,0.008553318679332733,0.9186630249023438,0.013425073586404324
31888,3,3,no_method_signal,no_method_signal,train,0.00010236168600386009,0.0002710873377509415,0.11299723386764526,0.8327330350875854,0.03861504793167114,0.015281226485967636
31889,5,2,quant_only,multi_method_not_mmr,train,0.0024134477134793997,0.034083906561136246,0.3530232012271881,0.03769194707274437,0.24788373708724976,0.32490378618240356
31890,3,3,no_method_signal,no_method_signal,train,6.656384357484058e-05,0.00026225473266094923,0.057222381234169006,0.9001880884170532,0.029487332329154015,0.012773416005074978
31891,3,3,no_method_signal,no_method_signal,train,5.659864837070927e-05,0.00026345340302214026,0.04726005345582962,0.9305253624916077,0.009267618879675865,0.012626818381249905
31892,3,3,no_method_signal,no_method_signal,train,0.0005916471709497273,0.0005866025458090007,0.314741849899292,0.6679878234863281,0.006021667737513781,0.010070426389575005
31893,5,3,quant_only,no_method_signal,train,0.00015531384269706905,0.0007198558887466788,0.30640363693237305,0.4786967933177948,0.14858309924602509,0.0654413253068924
31894,3,1,no_method_signal,implicit_mmr,train,0.039173200726509094,0.5375975966453552,0.08948010206222534,0.00479082390666008,0.017772065475583076,0.311186283826828
31895,5,5,quant_only,quant_only,train,0.004221029579639435,0.03542545810341835,0.20551353693008423,0.03498494252562523,0.119917131960392,0.599937915802002
31896,4,4,qual_only,qual_only,train,0.0012923352187499404,0.012440783903002739,0.2953290641307831,0.031286850571632385,0.33237001299858093,0.32728102803230286
31897,1,5,implicit_mmr,quant_only,train,0.0048148538917303085,0.1421404927968979,0.20274651050567627,0.0788431167602539,0.0144419614225626,0.5570130944252014
31898,2,2,multi_method_not_mmr,multi_method_not_mmr,train,0.0012461901642382145,0.0009132368140853941,0.5784310102462769,0.3930724561214447,0.013962838798761368,0.01237434521317482
31899,2,2,multi_method_not_mmr,multi_method_not_mmr,train,0.001242234604433179,0.000912996765691787,0.5783936977386475,0.3931008577346802,0.013944881968200207,0.01240528654307127
31900,2,3,multi_method_not_mmr,no_method_signal,train,0.0008110521594062448,0.0006999605684541166,0.447591632604599,0.5309120416641235,0.009607433341443539,0.010377928614616394
31901,2,3,multi_method_not_mmr,no_method_signal,train,0.0007293375674635172,0.000674036331474781,0.4364902377128601,0.541672945022583,0.009606171399354935,0.010827227495610714
31902,2,2,multi_method_not_mmr,multi_method_not_mmr,train,0.0012321107788011432,0.0009103327756747603,0.5790278315544128,0.39216628670692444,0.014173934236168861,0.012489520944654942
31903,3,3,no_method_signal,no_method_signal,train,0.0009670628351159394,0.0008700615144334733,0.3959585428237915,0.5843515396118164,0.004633250646293163,0.013219590298831463
31904,3,3,no_method_signal,no_method_signal,train,0.00017131093773059547,0.0010816460708156228,0.08330165594816208,0.6520387530326843,0.182965949177742,0.08044072240591049
31905,3,5,no_method_signal,quant_only,train,0.004085052292793989,0.08001909404993057,0.04860389232635498,0.1463720202445984,0.037855278700590134,0.6830646991729736
31906,2,4,multi_method_not_mmr,qual_only,train,0.0009522438631393015,0.0008232143009081483,0.13434800505638123,0.12781944870948792,0.7226408123970032,0.013416307978332043
31907,5,5,quant_only,quant_only,train,0.0003967492957599461,0.008194763213396072,0.180009663105011,0.31533282995224,0.1200772151350975,0.37598881125450134
31908,0,1,explicit_mmr,implicit_mmr,train,0.08390212059020996,0.8017180562019348,0.03609861433506012,0.0004375747812446207,0.03075401484966278,0.047089654952287674
31909,0,5,explicit_mmr,quant_only,train,0.021215882152318954,0.3756733238697052,0.12322030961513519,0.006829775869846344,0.03657860681414604,0.43648210167884827
31910,0,0,explicit_mmr,explicit_mmr,train,0.9726253747940063,0.01836491748690605,0.001128705800510943,0.00011889020242961124,0.005019654519855976,0.002742445096373558
31911,3,5,no_method_signal,quant_only,train,0.0006252129678614438,0.010081726126372814,0.24858173727989197,0.24668167531490326,0.09922527521848679,0.3948043882846832
31912,5,5,quant_only,quant_only,train,0.0004063965461682528,0.005220460239797831,0.13129755854606628,0.35987815260887146,0.04718784987926483,0.45600956678390503
31913,3,3,no_method_signal,no_method_signal,train,0.00024997457512654364,0.0012426301836967468,0.3013177216053009,0.5560675859451294,0.012305964715778828,0.12881602346897125
31914,1,4,implicit_mmr,qual_only,train,0.011656610295176506,0.024080676957964897,0.07726796716451645,0.0020114583894610405,0.8638100624084473,0.021173233166337013
31915,3,3,no_method_signal,no_method_signal,train,0.0006397469551302493,0.0006969021051190794,0.3141331076622009,0.667975127696991,0.004409087356179953,0.012146113440394402
31916,3,4,no_method_signal,qual_only,train,0.00047830858966335654,0.0010366324568167329,0.159990593791008,0.23062528669834137,0.5934919118881226,0.014377297833561897
31917,2,4,multi_method_not_mmr,qual_only,train,0.0011188638163730502,0.0019203935516998172,0.08454975485801697,0.011741308495402336,0.8860421776771545,0.014627526514232159
31918,1,1,implicit_mmr,implicit_mmr,train,0.12418881803750992,0.7630942463874817,0.02481849491596222,0.001169112860225141,0.001959199318662286,0.08477013558149338
31919,1,5,implicit_mmr,quant_only,train,0.01669098436832428,0.12632562220096588,0.1931929737329483,0.014085862785577774,0.0800207182765007,0.569683849811554
31920,2,2,multi_method_not_mmr,multi_method_not_mmr,train,0.003611515508964658,0.07023336738348007,0.44628897309303284,0.019686924293637276,0.2111780047416687,0.24900119006633759
31921,1,3,implicit_mmr,no_method_signal,train,0.0004700036661233753,0.0006784651195630431,0.4256981909275055,0.47792497277259827,0.0765259638428688,0.01870243437588215
31922,2,3,multi_method_not_mmr,no_method_signal,train,0.0011769653065130115,0.0008650835952721536,0.46091321110725403,0.5191143155097961,0.007143978029489517,0.01078642625361681
31923,2,4,multi_method_not_mmr,qual_only,train,0.0008854969055391848,0.006185498088598251,0.240970179438591,0.029504427686333656,0.6026083827018738,0.11984605342149734
31924,2,3,multi_method_not_mmr,no_method_signal,train,0.001090899226255715,0.006330661475658417,0.11909180879592896,0.754904568195343,0.001953431870788336,0.11662863194942474
31925,5,4,quant_only,qual_only,train,0.0009414778323844075,0.008660927414894104,0.29966697096824646,0.042199354618787766,0.3607231676578522,0.2878080904483795
31926,5,4,quant_only,qual_only,train,0.0006991240079514682,0.0068299914710223675,0.28607258200645447,0.059012334793806076,0.33655110001564026,0.3108348846435547
31927,2,5,multi_method_not_mmr,quant_only,train,0.0035923831164836884,0.037484172731637955,0.2867254316806793,0.016654064878821373,0.2314985990524292,0.4240453839302063
31928,3,3,no_method_signal,no_method_signal,train,0.0002958906698040664,0.0005348132108338177,0.33188459277153015,0.577184796333313,0.07586522400379181,0.014234771952033043
31929,2,4,multi_method_not_mmr,qual_only,train,0.0013956223847344518,0.021058935672044754,0.3661876916885376,0.03581419959664345,0.46981558203697205,0.10572800040245056
31930,4,4,qual_only,qual_only,train,0.0003437116101849824,0.0015856175450608134,0.1863444298505783,0.13510969281196594,0.555881142616272,0.12073538452386856
31931,2,3,multi_method_not_mmr,no_method_signal,train,0.0004535415500868112,0.000510838464833796,0.32241982221603394,0.6566178202629089,0.009431345388293266,0.010566645301878452
31932,3,3,no_method_signal,no_method_signal,train,7.834704592823982e-05,0.00046056820428930223,0.05945669487118721,0.9103059768676758,0.005320526659488678,0.024377934634685516
31933,1,1,implicit_mmr,implicit_mmr,train,0.0504983551800251,0.8429275155067444,0.025546733289957047,0.0007063670782372355,0.004178784787654877,0.07614222168922424
31934,1,1,implicit_mmr,implicit_mmr,train,0.0708061158657074,0.8062235713005066,0.028483768925070763,0.0008602243033237755,0.004949522204697132,0.0886768102645874
31935,3,3,no_method_signal,no_method_signal,train,5.504226646735333e-05,0.0002939371042884886,0.03606324642896652,0.9393236041069031,0.01477302610874176,0.009491057135164738
31936,2,3,multi_method_not_mmr,no_method_signal,train,0.00046934958663769066,0.0005548015469685197,0.3839830458164215,0.5881351828575134,0.014142822474241257,0.012714776210486889
31937,3,3,no_method_signal,no_method_signal,train,0.0009154980652965605,0.0008820845396257937,0.3835846483707428,0.595801591873169,0.004388799425214529,0.014427421614527702
31938,3,3,no_method_signal,no_method_signal,train,0.0005742007051594555,0.0006541148177348077,0.29620087146759033,0.687470555305481,0.003897743532434106,0.011202443391084671
31939,5,2,quant_only,multi_method_not_mmr,train,0.0006016420084051788,0.005693530198186636,0.3945911228656769,0.13528797030448914,0.19065727293491364,0.2731684744358063
31940,1,1,implicit_mmr,implicit_mmr,train,0.08963312208652496,0.6903138756752014,0.04725419729948044,0.0010513212764635682,0.012370291166007519,0.15937724709510803
31941,5,1,quant_only,implicit_mmr,train,0.28221336007118225,0.6445690989494324,0.012075385078787804,0.0005333790322765708,0.001570735010318458,0.059037961065769196
31942,0,5,explicit_mmr,quant_only,train,0.008578597567975521,0.34823256731033325,0.25080931186676025,0.019880354404449463,0.020299721509218216,0.3521994650363922
31943,2,5,multi_method_not_mmr,quant_only,train,0.002328671282157302,0.011579352430999279,0.2015312761068344,0.07829925417900085,0.171847864985466,0.5344135165214539
31944,3,3,no_method_signal,no_method_signal,train,0.00035609619226306677,0.000966298975981772,0.19896866381168365,0.7721274495124817,0.002314989920705557,0.025266515091061592
31945,5,2,quant_only,multi_method_not_mmr,train,0.0006297035724855959,0.003587540704756975,0.42439842224121094,0.3357728123664856,0.009591445326805115,0.22602005302906036
31946,5,5,quant_only,quant_only,train,0.006365855690091848,0.049506574869155884,0.24282683432102203,0.015518818981945515,0.19312117993831635,0.492660790681839
31947,3,3,no_method_signal,no_method_signal,train,0.00045369777944870293,0.00048535835230723023,0.32589516043663025,0.6457980275154114,0.019477443769574165,0.007890301756560802
31948,2,3,multi_method_not_mmr,no_method_signal,train,0.000603129155933857,0.0007236379897221923,0.2699689567089081,0.7138588428497314,0.0034238696098327637,0.01142157707363367
31949,4,4,qual_only,qual_only,train,0.0003131320409011096,0.0009082721662707627,0.14401866495609283,0.2633083462715149,0.5745394229888916,0.016912223771214485
31950,0,0,explicit_mmr,explicit_mmr,train,0.8752403259277344,0.11144477128982544,0.0022967285476624966,9.465913899475709e-05,0.0011654176050797105,0.009758039377629757
31951,5,3,quant_only,no_method_signal,train,0.00013531245349440724,0.0005758506013080478,0.1347998082637787,0.6284458041191101,0.1979569047689438,0.038086242973804474
31952,5,1,quant_only,implicit_mmr,train,0.06493397057056427,0.3347056806087494,0.12872762978076935,0.0022850469686090946,0.22073480486869812,0.2486128956079483
31953,2,3,multi_method_not_mmr,no_method_signal,train,0.0009488996583968401,0.0008907816372811794,0.4501122236251831,0.5262711644172668,0.0058722104877233505,0.015904661267995834
31954,2,3,multi_method_not_mmr,no_method_signal,train,0.0009760914254002273,0.0008942164713516831,0.4518875181674957,0.5247719287872314,0.0058160568587481976,0.015654245391488075
31955,5,5,quant_only,quant_only,train,0.0024217551108449697,0.04294700548052788,0.06735221296548843,0.1726571023464203,0.061735913157463074,0.6528859734535217
31956,5,5,quant_only,quant_only,train,0.003371558152139187,0.09924627095460892,0.0410257950425148,0.3426057696342468,0.053819622844457626,0.459930956363678
31957,2,3,multi_method_not_mmr,no_method_signal,train,7.813783304300159e-05,0.0005630991072393954,0.023665934801101685,0.9218696355819702,0.029588550329208374,0.024234533309936523
31958,5,5,quant_only,quant_only,train,0.0015474417014047503,0.025113319978117943,0.14269861578941345,0.15674859285354614,0.0453692190349102,0.6285227537155151
31959,3,3,no_method_signal,no_method_signal,train,8.626117050880566e-05,0.0006404074374586344,0.049574993550777435,0.8909859657287598,0.04793805256485939,0.010774295777082443
31960,3,3,no_method_signal,no_method_signal,train,0.00046694139018654823,0.0005276752053759992,0.3281239867210388,0.6496049761772156,0.012575176544487476,0.008701242506504059
31961,5,5,quant_only,quant_only,train,0.0007228223257698119,0.018209567293524742,0.26170286536216736,0.2904403507709503,0.006246370263397694,0.42267799377441406
31962,5,5,quant_only,quant_only,train,0.015097329393029213,0.05189597234129906,0.09155797213315964,0.131685271859169,0.011269417591392994,0.698494017124176
31963,3,3,no_method_signal,no_method_signal,train,0.0003652385785244405,0.010777714662253857,0.07259558141231537,0.6737579107284546,0.01034658681601286,0.23215697705745697
31964,4,2,qual_only,multi_method_not_mmr,train,0.0006132793496362865,0.011822639964520931,0.37011855840682983,0.12793990969657898,0.14706125855445862,0.34244441986083984
31965,5,5,quant_only,quant_only,train,0.007287751417607069,0.17805050313472748,0.07101428508758545,0.048981864005327225,0.031184183433651924,0.6634814143180847
31966,3,5,no_method_signal,quant_only,train,0.0005115627427585423,0.004583411384373903,0.1795399934053421,0.24129319190979004,0.12831884622573853,0.4457530081272125
31967,1,5,implicit_mmr,quant_only,train,0.002802895847707987,0.10461991280317307,0.2796374559402466,0.07121158391237259,0.05296068638563156,0.48876750469207764
31968,4,3,qual_only,no_method_signal,train,0.00022819542209617794,0.00042063186992891133,0.20609936118125916,0.6167647242546082,0.16183297336101532,0.014654193073511124
31969,1,5,implicit_mmr,quant_only,train,0.0033817582298070192,0.12530380487442017,0.23867014050483704,0.05182847008109093,0.07688336819410324,0.5039324164390564
31970,5,5,quant_only,quant_only,train,0.006749794818460941,0.16193455457687378,0.17867401242256165,0.022501278668642044,0.029087932780385017,0.6010524034500122
31971,5,5,quant_only,quant_only,train,0.0004433505528140813,0.012615328654646873,0.14512945711612701,0.29430562257766724,0.054537851363420486,0.49296846985816956
31972,4,4,qual_only,qual_only,train,0.0010985573753714561,0.005090291146188974,0.11393781006336212,0.016704481095075607,0.737564742565155,0.12560410797595978
31973,2,2,multi_method_not_mmr,multi_method_not_mmr,train,0.0008499522809870541,0.0007107470883056521,0.49053433537483215,0.47442626953125,0.02392204850912094,0.00955661665648222
31974,4,4,qual_only,qual_only,train,0.0005276863230392337,0.0009842760628089309,0.09511526674032211,0.03655146807432175,0.8482952117919922,0.018526190891861916
31975,0,0,explicit_mmr,explicit_mmr,train,0.7074590921401978,0.263569712638855,0.005399974063038826,0.00012968480587005615,0.0017118845134973526,0.02172963321208954
31976,5,0,quant_only,explicit_mmr,train,0.5558602213859558,0.39139679074287415,0.008855300955474377,0.00034829272772185504,0.0014494091738015413,0.04209006205201149
31977,4,4,qual_only,qual_only,train,0.0002631591050885618,0.0007792611722834408,0.11784324795007706,0.1642463505268097,0.6989107728004456,0.01795719936490059
31978,4,3,qual_only,no_method_signal,train,0.00038977869553491473,0.0005534726078622043,0.17949816584587097,0.4216921329498291,0.38552722334861755,0.012339302338659763
31979,2,2,multi_method_not_mmr,multi_method_not_mmr,train,0.0004892369033768773,0.0055406601168215275,0.36749401688575745,0.1391819715499878,0.20376665890216827,0.2835273742675781
31980,3,5,no_method_signal,quant_only,train,0.002584119327366352,0.08848385512828827,0.09825468808412552,0.11744929850101471,0.012284748256206512,0.6809433102607727
31981,5,3,quant_only,no_method_signal,train,0.00021430698689073324,0.002496666507795453,0.22973193228244781,0.4443219304084778,0.055338259786367416,0.2678969204425812
31982,3,4,no_method_signal,qual_only,train,0.000994590693153441,0.0014871613821014762,0.11457274109125137,0.02870715968310833,0.8076213002204895,0.04661715403199196
31983,2,3,multi_method_not_mmr,no_method_signal,train,0.00011308307875879109,0.00028633599868044257,0.18350601196289062,0.7839717864990234,0.017377736046910286,0.01474508736282587
31984,3,3,no_method_signal,no_method_signal,train,0.00015302441897802055,0.0022450261749327183,0.02566699869930744,0.9102603197097778,0.004409478511661291,0.05726506561040878
31985,3,3,no_method_signal,no_method_signal,train,9.494378173258156e-05,0.0003462829045020044,0.0952509269118309,0.8841468095779419,0.0041523464024066925,0.016008691862225533
31986,5,5,quant_only,quant_only,train,0.021072423085570335,0.11497925221920013,0.20820342004299164,0.018223309889435768,0.08218090236186981,0.5553406476974487
31987,2,5,multi_method_not_mmr,quant_only,train,0.028724070638418198,0.17827339470386505,0.17421145737171173,0.0075116027146577835,0.13578036427497864,0.4754991829395294
31988,4,4,qual_only,qual_only,train,0.0008979797130450606,0.0026563627179712057,0.08797019720077515,0.009858311153948307,0.879467785358429,0.01914932020008564
31989,3,3,no_method_signal,no_method_signal,train,0.00014732540876138955,0.001337798428721726,0.02497723512351513,0.8922608494758606,0.03202272579073906,0.0492541566491127
31990,5,3,quant_only,no_method_signal,train,0.00012128743401262909,0.001414593425579369,0.024566275998950005,0.8957840204238892,0.036150358617305756,0.04196343198418617
31991,3,2,no_method_signal,multi_method_not_mmr,train,0.0010216254740953445,0.0007655613590031862,0.5171555280685425,0.4549065828323364,0.01615489274263382,0.009995796717703342
31992,2,2,multi_method_not_mmr,multi_method_not_mmr,train,0.01448932383209467,0.279654860496521,0.33299529552459717,0.007391777355223894,0.17896074056625366,0.1865079700946808
31993,2,1,multi_method_not_mmr,implicit_mmr,train,0.022267425432801247,0.46758151054382324,0.23639127612113953,0.006221901625394821,0.06282897293567657,0.20470885932445526
31994,3,3,no_method_signal,no_method_signal,train,0.00031685936846770346,0.005056418478488922,0.03883510082960129,0.8792153596878052,0.0022603319957852364,0.07431583851575851
31995,0,0,explicit_mmr,explicit_mmr,train,0.547873854637146,0.4135795831680298,0.007312288507819176,0.00013072781439404935,0.003982310649007559,0.02712128311395645
31996,1,1,implicit_mmr,implicit_mmr,train,0.1121625229716301,0.6087507009506226,0.06203904002904892,0.0013385420897975564,0.024417422711849213,0.19129177927970886
31997,4,4,qual_only,qual_only,train,0.0003577395109459758,0.0009721029200591147,0.1070617213845253,0.12359397113323212,0.7141838073730469,0.05383066087961197
31998,2,2,multi_method_not_mmr,multi_method_not_mmr,train,0.00044623774010688066,0.0017559208208695054,0.4427429735660553,0.17527592182159424,0.3137741982936859,0.06600480526685715
31999,4,4,qual_only,qual_only,train,0.0025690668262541294,0.02577253244817257,0.29088836908340454,0.013394064269959927,0.45173728466033936,0.21563872694969177
32000,3,3,no_method_signal,no_method_signal,train,0.000364804727723822,0.0005342686199583113,0.3442502021789551,0.5397450923919678,0.10144082456827164,0.013664747588336468
32001,2,5,multi_method_not_mmr,quant_only,train,0.00509644765406847,0.06646450608968735,0.2340276688337326,0.01984979957342148,0.08303903043270111,0.5915225744247437
32002,3,3,no_method_signal,no_method_signal,train,0.0006130546098574996,0.0007860667537897825,0.20373821258544922,0.7788349986076355,0.002090803347527981,0.013936927542090416
32003,4,4,qual_only,qual_only,train,0.0009790525073185563,0.0008804668905213475,0.09288318455219269,0.052173811942338943,0.844713568687439,0.008369904942810535
32004,2,3,multi_method_not_mmr,no_method_signal,train,0.0006021886365488172,0.000829139375127852,0.43402189016342163,0.4871264100074768,0.0665629431605339,0.010857482440769672
32005,3,3,no_method_signal,no_method_signal,train,0.00035783834755420685,0.0005038505187258124,0.21953411400318146,0.7660694122314453,0.003972189500927925,0.009562534280121326
32006,3,3,no_method_signal,no_method_signal,train,0.0002558688574936241,0.0010387975489720702,0.35592105984687805,0.5890933871269226,0.004763304255902767,0.04892759770154953
32007,1,1,implicit_mmr,implicit_mmr,train,0.0552687868475914,0.7512953281402588,0.04872399568557739,0.001319233444519341,0.007568225264549255,0.13582448661327362
32008,3,3,no_method_signal,no_method_signal,train,5.98794904362876e-05,0.0002807457640301436,0.06790269166231155,0.9035354256629944,0.015092371962964535,0.013128897175192833
32009,4,4,qual_only,qual_only,train,0.0036753832828253508,0.008617421612143517,0.07242099195718765,0.0034592272713780403,0.8856576085090637,0.026169391348958015
32010,0,0,explicit_mmr,explicit_mmr,train,0.8738341927528381,0.10672122240066528,0.002526658121496439,0.00022418117441702634,0.0009656281908974051,0.01572822779417038
32011,1,1,implicit_mmr,implicit_mmr,train,0.22069388628005981,0.5309094786643982,0.04772019013762474,0.0006837485707364976,0.03674725815653801,0.16324545443058014
32012,1,1,implicit_mmr,implicit_mmr,train,0.057863470166921616,0.85093754529953,0.021257923915982246,0.0006140191107988358,0.0036051650531589985,0.06572180986404419
32013,3,3,no_method_signal,no_method_signal,train,0.0001752676471369341,0.00043468899093568325,0.14355961978435516,0.8376673460006714,0.0030640463810414076,0.01509898528456688
32014,2,3,multi_method_not_mmr,no_method_signal,train,0.00023240290465764701,0.0003049374499823898,0.23513613641262054,0.7372593283653259,0.017182234674692154,0.009884958155453205
32015,3,3,no_method_signal,no_method_signal,train,7.581005047541112e-05,0.00028468636446632445,0.0871134102344513,0.8911115527153015,0.009415505453944206,0.011999028734862804
32016,1,1,implicit_mmr,implicit_mmr,train,0.009950544685125351,0.48935553431510925,0.1473097801208496,0.03594512864947319,0.009289378300309181,0.3081496059894562
32017,2,5,multi_method_not_mmr,quant_only,train,0.010471413843333721,0.38774344325065613,0.14042893052101135,0.03146408125758171,0.01073237881064415,0.41915974020957947
32018,3,3,no_method_signal,no_method_signal,train,0.0007975510670803487,0.0006979193422012031,0.36424192786216736,0.6192978024482727,0.006013446021825075,0.008951395750045776
32019,4,4,qual_only,qual_only,train,0.0006222752272151411,0.0016803434118628502,0.15491805970668793,0.037758491933345795,0.7805560827255249,0.024464789777994156
32020,2,3,multi_method_not_mmr,no_method_signal,train,0.00022540823556482792,0.0005269241519272327,0.17040689289569855,0.8094431161880493,0.0030278367921710014,0.016369732096791267
32021,4,4,qual_only,qual_only,train,0.0005490606999956071,0.0009501618333160877,0.16450101137161255,0.2659289836883545,0.5558174848556519,0.01225324533879757
32022,2,3,multi_method_not_mmr,no_method_signal,train,0.0006752054905518889,0.0019195150816813111,0.35175836086273193,0.4085771143436432,0.21931619942188263,0.01775357685983181
32023,3,3,no_method_signal,no_method_signal,train,0.00020776878227479756,0.003459896892309189,0.052042920142412186,0.6333370804786682,0.1749487966299057,0.1360035091638565
32024,3,3,no_method_signal,no_method_signal,train,7.850472320569679e-05,0.00044401659397408366,0.02522490918636322,0.9413310885429382,0.01978445053100586,0.01313705276697874
32025,0,1,explicit_mmr,implicit_mmr,train,0.29378023743629456,0.5262107849121094,0.03215530142188072,0.0003092517436016351,0.0549122653901577,0.09263212233781815
32026,0,1,explicit_mmr,implicit_mmr,train,0.20124442875385284,0.5703375339508057,0.04465492069721222,0.0006246834527701139,0.030503958463668823,0.15263445675373077
32027,5,5,quant_only,quant_only,train,0.014364662580192089,0.12809579074382782,0.2313133031129837,0.009010929614305496,0.22781206667423248,0.38940325379371643
32028,4,4,qual_only,qual_only,train,0.0005045697325840592,0.0007587965810671449,0.0543498620390892,0.023315487429499626,0.9108929634094238,0.010178432799875736
32029,3,3,no_method_signal,no_method_signal,train,8.181652810890228e-05,0.00041747704381123185,0.05733245611190796,0.9286549687385559,0.004729698412120342,0.008783557452261448
32030,3,3,no_method_signal,no_method_signal,train,0.00013190496247261763,0.00040107997483573854,0.12022524327039719,0.8647652864456177,0.00527507159858942,0.00920136272907257
32031,3,3,no_method_signal,no_method_signal,train,8.234484994318336e-05,0.0006632281001657248,0.0383320190012455,0.9457411766052246,0.0037877890281379223,0.011393539607524872
32032,3,3,no_method_signal,no_method_signal,train,0.00015967006038408726,0.0009203575900755823,0.13082432746887207,0.7476652264595032,0.09823478758335114,0.02219559997320175
32033,3,3,no_method_signal,no_method_signal,train,0.000427616381784901,0.0004891085554845631,0.2962893843650818,0.6851333379745483,0.007813909091055393,0.009846668690443039
32034,3,3,no_method_signal,no_method_signal,train,0.0007045299280434847,0.0028479050379246473,0.15177811682224274,0.4210043251514435,0.048964448273181915,0.374700665473938
32035,4,5,qual_only,quant_only,train,0.0012364662252366543,0.01238245703279972,0.3151114881038666,0.11197225004434586,0.2226317673921585,0.336665540933609
32036,0,0,explicit_mmr,explicit_mmr,train,0.7913709282875061,0.18155506253242493,0.004325753543525934,0.0002919491089414805,0.0009430589270778,0.02151321806013584
32037,1,1,implicit_mmr,implicit_mmr,train,0.1588217318058014,0.7988474369049072,0.009672259911894798,0.00026307752705179155,0.0023731980472803116,0.03002232126891613
32038,3,3,no_method_signal,no_method_signal,train,0.00010367258073529229,0.00032455186010338366,0.11285930871963501,0.8693169951438904,0.006140605080872774,0.011254776269197464
32039,2,1,multi_method_not_mmr,implicit_mmr,train,0.07331840693950653,0.7894245386123657,0.03135381266474724,0.0009568936075083911,0.004822317510843277,0.1001240611076355
32040,0,1,explicit_mmr,implicit_mmr,train,0.23284535109996796,0.6803138852119446,0.015107780694961548,0.0004126207495573908,0.003685425501316786,0.06763492524623871
32041,1,1,implicit_mmr,implicit_mmr,train,0.2230501025915146,0.7352758646011353,0.00910762045532465,0.0002146471233572811,0.002926599932834506,0.02942512370646
32042,5,5,quant_only,quant_only,train,0.0027545152697712183,0.04915289580821991,0.12479409575462341,0.08617230504751205,0.031921133399009705,0.7052050232887268
32043,5,1,quant_only,implicit_mmr,train,0.27250516414642334,0.5359860062599182,0.034507639706134796,0.000772533705458045,0.014484710991382599,0.14174391329288483
32044,2,2,multi_method_not_mmr,multi_method_not_mmr,train,0.0007121838279999793,0.0011140109272673726,0.4914070963859558,0.3845469355583191,0.10758667439222336,0.014633175916969776
32045,4,4,qual_only,qual_only,train,0.000764550466556102,0.0008176211267709732,0.08856972306966782,0.07200125604867935,0.828514814376831,0.009332056157290936
32046,5,3,quant_only,no_method_signal,train,0.0007070171996019781,0.0007013135473243892,0.40920600295066833,0.5704632997512817,0.006921861320734024,0.012000523507595062
32047,1,5,implicit_mmr,quant_only,train,0.009637902490794659,0.2571644186973572,0.06948411464691162,0.05111720412969589,0.018523363396525383,0.5940729975700378
32048,4,4,qual_only,qual_only,train,0.000716082751750946,0.0005692277336493134,0.03966786339879036,0.06322387605905533,0.8901360034942627,0.005686846561729908
32049,2,1,multi_method_not_mmr,implicit_mmr,train,0.04060537740588188,0.6333324313163757,0.1188986748456955,0.0016171543393284082,0.049656447023153305,0.15588988363742828
32050,2,1,multi_method_not_mmr,implicit_mmr,train,0.0429733507335186,0.6472166776657104,0.11051524430513382,0.0016553985187783837,0.03553805872797966,0.16210110485553741
32051,5,5,quant_only,quant_only,train,0.0018560028402134776,0.02530074492096901,0.11072543263435364,0.060335323214530945,0.21748311817646027,0.5842994451522827
32052,3,5,no_method_signal,quant_only,train,0.003295599017292261,0.021267930045723915,0.10881344228982925,0.15553994476795197,0.06957589089870453,0.6415072679519653
32053,3,5,no_method_signal,quant_only,train,0.0009086731588467956,0.008955906145274639,0.17282864451408386,0.17374150454998016,0.08956383913755417,0.5540014505386353
32054,5,5,quant_only,quant_only,train,0.01773793064057827,0.1225752979516983,0.19545267522335052,0.015878695994615555,0.1645820587873459,0.4837733209133148
32055,1,5,implicit_mmr,quant_only,train,0.0335964560508728,0.35644152760505676,0.13581381738185883,0.0063374885357916355,0.061835236847400665,0.40597543120384216
32056,0,1,explicit_mmr,implicit_mmr,train,0.15009494125843048,0.7796620726585388,0.01447916030883789,0.0003334414213895798,0.004088301211595535,0.051342155784368515
32057,4,4,qual_only,qual_only,train,0.000488527410198003,0.0018942138412967324,0.2805321514606476,0.0903497189283371,0.5684926509857178,0.05824269726872444
32058,5,1,quant_only,implicit_mmr,train,0.04793982580304146,0.5439903736114502,0.0800454244017601,0.003920779563486576,0.018618667498230934,0.3054850697517395
32059,5,4,quant_only,qual_only,train,0.0012647344265133142,0.002024905988946557,0.07557495683431625,0.018083203583955765,0.8624349236488342,0.04061725363135338
32060,4,2,qual_only,multi_method_not_mmr,train,0.0008985855965875089,0.0010707620531320572,0.474575400352478,0.3680984377861023,0.14245165884494781,0.012905184179544449
32061,4,4,qual_only,qual_only,train,0.000906744331587106,0.0009053350077010691,0.1069740504026413,0.07127276062965393,0.810781717300415,0.00915942620486021
32062,4,4,qual_only,qual_only,train,0.0006147730746306479,0.0008370112045668066,0.07421992719173431,0.07643290609121323,0.8400613069534302,0.007834101095795631
32063,3,3,no_method_signal,no_method_signal,train,0.0006040543667040765,0.002523642498999834,0.05950881168246269,0.8886022567749023,0.0010716120013967156,0.04768965020775795
32064,3,3,no_method_signal,no_method_signal,train,0.00014820358774159104,0.0003279070369899273,0.12440407276153564,0.8614289164543152,0.0051355822943151,0.0085553377866745
32065,4,3,qual_only,no_method_signal,train,0.00039617903530597687,0.0008544843876734376,0.35044485330581665,0.5555188059806824,0.08064880222082138,0.012136909179389477
32066,3,3,no_method_signal,no_method_signal,train,0.00010227416350971907,0.00047695470857433975,0.05472422018647194,0.9239463806152344,0.002457774942740798,0.01829245500266552
32067,3,3,no_method_signal,no_method_signal,train,0.00018222242943011224,0.00046278652735054493,0.10904299467802048,0.8768195509910583,0.002433626912534237,0.011058801785111427
32068,2,4,multi_method_not_mmr,qual_only,train,0.006511096376925707,0.01655399054288864,0.2883399426937103,0.011327329091727734,0.5174493789672852,0.15981820225715637
32069,0,4,explicit_mmr,qual_only,train,0.29385218024253845,0.04844146966934204,0.018824409693479538,0.0007251332863233984,0.6233324408531189,0.014824318699538708
32070,5,4,quant_only,qual_only,train,0.004931675735861063,0.014921599067747593,0.39602431654930115,0.015825990587472916,0.44730597734451294,0.12099050730466843
32071,0,0,explicit_mmr,explicit_mmr,train,0.974032998085022,0.015530631877481937,0.001113097881898284,0.00013801365275867283,0.0064556775614619255,0.0027295162435621023
32072,1,5,implicit_mmr,quant_only,train,0.007051820866763592,0.3619249761104584,0.13760800659656525,0.045168038457632065,0.008119172416627407,0.4401279389858246
32073,1,3,implicit_mmr,no_method_signal,train,0.0019813792314380407,0.045000944286584854,0.2611497938632965,0.5273851752281189,0.006623416673392057,0.15785925090312958
32074,4,3,qual_only,no_method_signal,train,5.5090742534957826e-05,0.0002841317327693105,0.03134714066982269,0.9444193840026855,0.015030073001980782,0.008864183910191059
32075,3,3,no_method_signal,no_method_signal,train,0.00018897108384408057,0.0003243959799874574,0.19253046810626984,0.7783752083778381,0.020217211917042732,0.00836377777159214
32076,2,5,multi_method_not_mmr,quant_only,train,0.00831679068505764,0.3003339171409607,0.17190757393836975,0.05585727468132973,0.004413403570652008,0.4591711163520813
32077,3,4,no_method_signal,qual_only,train,0.0004826602526009083,0.0008650535019114614,0.2082429975271225,0.2581309974193573,0.5151774883270264,0.017100825905799866
32078,3,3,no_method_signal,no_method_signal,train,0.0007499321945942938,0.0006889207870699465,0.31936895847320557,0.6642742156982422,0.004507220815867186,0.010410798713564873
32079,3,3,no_method_signal,no_method_signal,train,0.00015369229367934167,0.0031276505906134844,0.042256925255060196,0.8246839046478271,0.04052127152681351,0.08925650268793106
32080,5,1,quant_only,implicit_mmr,train,0.2598120868206024,0.6702126264572144,0.0123363072052598,0.0004944663378410041,0.0018399901455268264,0.05530455335974693
32081,3,4,no_method_signal,qual_only,train,0.001098726294003427,0.0012469784123823047,0.12461383640766144,0.062159206718206406,0.8035629987716675,0.007318215910345316
32082,4,4,qual_only,qual_only,train,0.001090207602828741,0.0013812198303639889,0.15564902126789093,0.11527103930711746,0.7167339324951172,0.009874594397842884
32083,0,0,explicit_mmr,explicit_mmr,train,0.976017951965332,0.01826053485274315,0.0008131477516144514,9.374999353894964e-05,0.0020961957052350044,0.0027184009086340666
32084,1,1,implicit_mmr,implicit_mmr,train,0.02673320472240448,0.6261158585548401,0.05492963641881943,0.010022922419011593,0.002745423000305891,0.2794528305530548
32085,1,1,implicit_mmr,implicit_mmr,train,0.16546475887298584,0.6295978426933289,0.03188835829496384,0.0023652759846299887,0.004020532127469778,0.16666321456432343
32086,0,1,explicit_mmr,implicit_mmr,train,0.055431000888347626,0.8749664425849915,0.017205731943249702,0.00033807693398557603,0.0037545820232480764,0.04830431565642357
32087,2,5,multi_method_not_mmr,quant_only,train,0.002722778357565403,0.020726829767227173,0.21225698292255402,0.03515162691473961,0.20713569223880768,0.5220060348510742
32088,5,5,quant_only,quant_only,train,0.005603655707091093,0.030342895537614822,0.10483649373054504,0.026028664782643318,0.2114425152540207,0.6217458248138428
32089,5,4,quant_only,qual_only,train,0.0008470449829474092,0.005744874011725187,0.13877643644809723,0.03884292393922806,0.6403481960296631,0.17544053494930267
32090,5,5,quant_only,quant_only,train,0.0014057750813663006,0.02617664448916912,0.16260452568531036,0.06660383939743042,0.12294791638851166,0.6202612519264221
32091,2,5,multi_method_not_mmr,quant_only,train,0.008095546625554562,0.1747754067182541,0.3041034936904907,0.006867568474262953,0.16094712913036346,0.3452107608318329
32092,3,3,no_method_signal,no_method_signal,train,0.0007129742298275232,0.0007727178744971752,0.3361681401729584,0.644967794418335,0.004158862866461277,0.013219480402767658
32093,0,5,explicit_mmr,quant_only,train,0.032817039638757706,0.4119481146335602,0.10062628239393234,0.014460388571023941,0.011506149545311928,0.4286419153213501
32094,4,1,qual_only,implicit_mmr,train,0.04247692972421646,0.8664024472236633,0.021018071100115776,0.0007020249031484127,0.0035797087475657463,0.06582094728946686
32095,4,0,qual_only,explicit_mmr,train,0.9441419839859009,0.02054029516875744,0.0027363887056708336,0.00026657996932044625,0.028600573539733887,0.0037142112851142883
32096,2,4,multi_method_not_mmr,qual_only,train,0.002136062830686569,0.008180131204426289,0.15581771731376648,0.00874803215265274,0.788849413394928,0.03626862168312073
32097,4,3,qual_only,no_method_signal,train,0.00011895867646671832,0.0003220985527150333,0.08559607714414597,0.8366804718971252,0.06124883517622948,0.016033591702580452
32098,3,3,no_method_signal,no_method_signal,train,0.00014558048860635608,0.0013969644205644727,0.029074257239699364,0.9095966815948486,0.006422887090593576,0.053363677114248276
32099,3,3,no_method_signal,no_method_signal,train,9.369379404233769e-05,0.0002671170805115253,0.09113015234470367,0.8918525576591492,0.006166086066514254,0.010490396991372108
32100,3,3,no_method_signal,no_method_signal,train,0.0006921200547367334,0.015830624848604202,0.041844043880701065,0.5492947101593018,0.03569025173783302,0.3566482663154602
32101,3,3,no_method_signal,no_method_signal,train,0.00017015748017001897,0.0022841589525341988,0.016298985108733177,0.9320723414421082,0.007690798956900835,0.04148351773619652
32102,5,3,quant_only,no_method_signal,train,0.00010832029511220753,0.000809943419881165,0.04661302641034126,0.9125652313232422,0.003434147220104933,0.03646930679678917
32103,1,1,implicit_mmr,implicit_mmr,train,0.06410517543554306,0.7934463024139404,0.03272971510887146,0.0010517992777749896,0.005215083248913288,0.10345180332660675
32104,3,3,no_method_signal,no_method_signal,train,0.00010927686525974423,0.0011310754343867302,0.10038887709379196,0.8373827934265137,0.005458507686853409,0.05552943795919418
32105,2,3,multi_method_not_mmr,no_method_signal,train,0.00038124475395306945,0.0006433054804801941,0.35165169835090637,0.513687014579773,0.11302018165588379,0.020616518333554268
32106,2,4,multi_method_not_mmr,qual_only,train,0.03382129222154617,0.12750788033008575,0.18872614204883575,0.003816834418103099,0.4375302493572235,0.20859763026237488
32107,3,3,no_method_signal,no_method_signal,train,0.00019035459263250232,0.0003943825140595436,0.14436207711696625,0.8405582308769226,0.004461402539163828,0.010033542290329933
32108,3,3,no_method_signal,no_method_signal,train,0.0004077852936461568,0.0005370511207729578,0.23570124804973602,0.7485631704330444,0.004510548897087574,0.0102801863104105
32109,3,3,no_method_signal,no_method_signal,train,0.00041004832019098103,0.0005234759300947189,0.2248837649822235,0.7607568502426147,0.004418583121150732,0.009007275104522705
32110,3,3,no_method_signal,no_method_signal,train,0.00027900212444365025,0.0036584956105798483,0.016660479828715324,0.9421178698539734,0.006679978687316179,0.030604207888245583
32111,3,3,no_method_signal,no_method_signal,train,0.000393919792259112,0.0005273436545394361,0.22797363996505737,0.7564710378646851,0.0044306074269115925,0.010203402489423752
32112,3,3,no_method_signal,no_method_signal,train,0.0003662694070953876,0.0004942727391608059,0.21501606702804565,0.7705239057540894,0.004567003343254328,0.00903252698481083
32113,3,3,no_method_signal,no_method_signal,train,0.00037845992483198643,0.0006279908120632172,0.3389108180999756,0.5427170991897583,0.09865839034318924,0.01870727725327015
32114,3,3,no_method_signal,no_method_signal,train,0.000776471511926502,0.0007098753121681511,0.4544467329978943,0.46081987023353577,0.07357679307460785,0.0096703190356493
32115,3,3,no_method_signal,no_method_signal,train,6.868711352581158e-05,0.0003363390569575131,0.029920140281319618,0.9561961889266968,0.005310116335749626,0.008168586529791355
32116,3,4,no_method_signal,qual_only,train,0.00028117705369368196,0.0012266339035704732,0.17675921320915222,0.31605851650238037,0.43876832723617554,0.0669061541557312
32117,3,4,no_method_signal,qual_only,train,0.0004655997909139842,0.0009076023707166314,0.20067653059959412,0.1795002669095993,0.5914452075958252,0.027004821226000786
32118,3,3,no_method_signal,no_method_signal,train,0.00021294699399732053,0.0003322318661957979,0.20618219673633575,0.7722983956336975,0.010761254467070103,0.010212977416813374
32119,2,3,multi_method_not_mmr,no_method_signal,train,0.0007618771633133292,0.0007856083102524281,0.35183632373809814,0.6294161081314087,0.00421306025236845,0.012986923567950726
32120,1,1,implicit_mmr,implicit_mmr,train,0.031871497631073,0.6649149060249329,0.07785654067993164,0.0035231872461736202,0.009550105780363083,0.21228376030921936
32121,2,3,multi_method_not_mmr,no_method_signal,train,0.0007991493912413716,0.0008045074646361172,0.3629298806190491,0.6180235743522644,0.004347905516624451,0.01309499517083168
32122,5,5,quant_only,quant_only,train,0.022294092923402786,0.2588038146495819,0.13948248326778412,0.010893029160797596,0.025317193940281868,0.5432093143463135
32123,2,2,multi_method_not_mmr,multi_method_not_mmr,train,0.0008812888991087675,0.0009361435077153146,0.3671906292438507,0.3133713901042938,0.3070870041847229,0.010533474385738373
32124,2,3,multi_method_not_mmr,no_method_signal,train,0.0005918492679484189,0.0005704730283468962,0.4131854772567749,0.5154569149017334,0.060399409383535385,0.009795949794352055
32125,3,3,no_method_signal,no_method_signal,train,0.000488765595946461,0.0004988469299860299,0.3092889189720154,0.6710111498832703,0.009068435057997704,0.009643921628594398
32126,5,5,quant_only,quant_only,train,0.0036435099318623543,0.02884889580309391,0.08417323976755142,0.11930800974369049,0.09786221385002136,0.6661641597747803
32127,4,3,qual_only,no_method_signal,train,0.0002474324428476393,0.0006012791418470442,0.0659017413854599,0.47613048553466797,0.43747925758361816,0.019639788195490837
32128,3,3,no_method_signal,no_method_signal,train,0.00036521535366773605,0.000486471108160913,0.2917695641517639,0.5657713413238525,0.12960602343082428,0.012001392431557178
32129,3,3,no_method_signal,no_method_signal,train,0.0001074205938493833,0.001011590356938541,0.04646322503685951,0.8300979733467102,0.03172692283987999,0.09059293568134308
32130,1,1,implicit_mmr,implicit_mmr,train,0.09517435729503632,0.7477254271507263,0.033881448209285736,0.0009980967734009027,0.008366930298507214,0.11385391652584076
32131,4,4,qual_only,qual_only,train,0.0006940940511412919,0.0008219697047024965,0.03391985222697258,0.018364470452070236,0.9300206899642944,0.016178961843252182
32132,5,5,quant_only,quant_only,train,0.02319393865764141,0.0826316624879837,0.15683963894844055,0.05332456901669502,0.012757382355630398,0.6712528467178345
32133,5,5,quant_only,quant_only,train,0.002465910278260708,0.02172064036130905,0.06754827499389648,0.16913843154907227,0.10919899493455887,0.6299277544021606
32134,2,3,multi_method_not_mmr,no_method_signal,train,0.00010790427040774375,0.00028715477674268186,0.10330979526042938,0.8785994052886963,0.006108999717980623,0.011586743406951427
32135,3,3,no_method_signal,no_method_signal,train,0.0001752968382788822,0.0006052019307389855,0.1103305071592331,0.6232628226280212,0.23119139671325684,0.03443479537963867
32136,4,4,qual_only,qual_only,train,0.0005027014412917197,0.0009024448227137327,0.18035219609737396,0.08600884675979614,0.6774798035621643,0.054753970354795456
32137,5,5,quant_only,quant_only,train,0.015009977854788303,0.19018562138080597,0.10631968826055527,0.01911526545882225,0.02393287606537342,0.6454365849494934
32138,2,3,multi_method_not_mmr,no_method_signal,train,0.0006742575205862522,0.0010069898562505841,0.31631770730018616,0.5258201360702515,0.14526045322418213,0.010920440778136253
32139,0,0,explicit_mmr,explicit_mmr,train,0.5432377457618713,0.4106988310813904,0.008912008255720139,0.00033523919410072267,0.0016802907921373844,0.03513587266206741
32140,4,4,qual_only,qual_only,train,0.002100663259625435,0.001236986368894577,0.038518622517585754,0.008073799312114716,0.9445433020591736,0.005526706576347351
32141,3,3,no_method_signal,no_method_signal,train,0.0005854878108948469,0.0023426839616149664,0.04559784010052681,0.9034484028816223,0.0013206785079091787,0.04670485481619835
32142,3,3,no_method_signal,no_method_signal,train,0.0014471440808847547,0.006602303124964237,0.05474022403359413,0.8457664251327515,0.0014623583992943168,0.08998160064220428
32143,3,3,no_method_signal,no_method_signal,train,0.00039558415301144123,0.0010868326062336564,0.06960497051477432,0.9030120372772217,0.0012883127201348543,0.0246123019605875
32144,3,3,no_method_signal,no_method_signal,train,0.00018760096281766891,0.00039593956898897886,0.17100508511066437,0.7775959372520447,0.04241768643260002,0.008397676050662994
32145,0,0,explicit_mmr,explicit_mmr,train,0.9651775360107422,0.009643645957112312,0.0016186395660042763,0.00035521778045222163,0.02011384814977646,0.003091181628406048
32146,0,0,explicit_mmr,explicit_mmr,train,0.9669642448425293,0.027120694518089294,0.0008036181679926813,9.1648253146559e-05,0.001213549985550344,0.0038062299136072397
32147,3,3,no_method_signal,no_method_signal,train,9.04531407286413e-05,0.0008203568286262453,0.021135127171874046,0.9393833875656128,0.008502587676048279,0.030068136751651764
32148,1,1,implicit_mmr,implicit_mmr,train,0.055034738034009933,0.8401963710784912,0.03960448503494263,0.0006363341817632318,0.015412048436701298,0.049116089940071106
32149,3,3,no_method_signal,no_method_signal,train,0.0003361971175763756,0.004681041929870844,0.03815699368715286,0.866791844367981,0.002953484421595931,0.08708041161298752
32150,5,3,quant_only,no_method_signal,train,0.0025423092301934958,0.015789058059453964,0.06475362181663513,0.7185405492782593,0.0015006285393610597,0.19687387347221375
32151,3,3,no_method_signal,no_method_signal,train,6.374478834914044e-05,0.0003963698400184512,0.05001288279891014,0.9058441519737244,0.026689153164625168,0.01699366234242916
32152,3,3,no_method_signal,no_method_signal,train,0.0002917382516898215,0.00035735484561882913,0.25310999155044556,0.7065610289573669,0.030744334682822227,0.00893555860966444
32153,5,4,quant_only,qual_only,train,0.0005702227936126292,0.003647035453468561,0.27955591678619385,0.18743102252483368,0.30224522948265076,0.22655053436756134
32154,3,3,no_method_signal,no_method_signal,train,7.686349272262305e-05,0.00035942698013968766,0.04935558885335922,0.9251211285591125,0.0051425667479634285,0.019944356754422188
32155,3,3,no_method_signal,no_method_signal,train,0.00010498063784325495,0.0009617546456865966,0.019245415925979614,0.9599175453186035,0.004332901444286108,0.015437286347150803
32156,0,0,explicit_mmr,explicit_mmr,train,0.5092637538909912,0.44448110461235046,0.008494049310684204,0.00029207192710600793,0.0018660551868379116,0.03560294210910797
32157,4,4,qual_only,qual_only,train,0.001483411411754787,0.003095311811193824,0.41634801030158997,0.05738538131117821,0.49173057079315186,0.029957270249724388
32158,5,3,quant_only,no_method_signal,train,0.00011493953206809238,0.0007982376264408231,0.05292114242911339,0.9015842080116272,0.0036800927482545376,0.040901366621255875
32159,5,3,quant_only,no_method_signal,train,0.00011926034494535998,0.0009604397928342223,0.05683871731162071,0.814114511013031,0.04868060350418091,0.0792865976691246
32160,4,3,qual_only,no_method_signal,train,0.00014645209012087435,0.0010874815052375197,0.12453317642211914,0.6691306233406067,0.09305315464735031,0.11204911768436432
32161,3,3,no_method_signal,no_method_signal,train,0.0001780013262759894,0.0017630812944844365,0.13609559834003448,0.6465856432914734,0.029133420437574387,0.18624432384967804
32162,3,3,no_method_signal,no_method_signal,train,7.453000580426306e-05,0.0003814970259554684,0.049622368067502975,0.9226728081703186,0.004702570848166943,0.02254624478518963
32163,5,3,quant_only,no_method_signal,train,8.010218880372122e-05,0.0003905660123564303,0.035803183913230896,0.9114405512809753,0.02645571529865265,0.025829849764704704
32164,5,5,quant_only,quant_only,train,0.0012137859594076872,0.034899551421403885,0.06275856494903564,0.33710744976997375,0.06106136739253998,0.5029593110084534
32165,0,1,explicit_mmr,implicit_mmr,train,0.32852286100387573,0.3605753183364868,0.04685062915086746,0.0014290927210822701,0.02343897521495819,0.23918311297893524
32166,5,1,quant_only,implicit_mmr,train,0.03129897639155388,0.7781790494918823,0.039216164499521255,0.0012130230898037553,0.00637728301808238,0.14371556043624878
32167,0,0,explicit_mmr,explicit_mmr,train,0.7523258328437805,0.05141191557049751,0.008354493416845798,0.00036278393235988915,0.17686255276203156,0.010682360269129276
32168,0,0,explicit_mmr,explicit_mmr,train,0.9130232930183411,0.06091639772057533,0.0038804300129413605,0.0001971460587810725,0.006572121754288673,0.015410654246807098
32169,4,4,qual_only,qual_only,train,0.001138949184678495,0.0010558812646195292,0.10876405984163284,0.05576793849468231,0.8253433108329773,0.007929814979434013
32170,3,3,no_method_signal,no_method_signal,train,0.0005123384762555361,0.0005074514774605632,0.3242138624191284,0.6568918228149414,0.009464876726269722,0.008409577421844006
32171,5,5,quant_only,quant_only,train,0.05472042039036751,0.14804019033908844,0.17698867619037628,0.026514537632465363,0.023000840097665787,0.5707353353500366
32172,5,5,quant_only,quant_only,train,0.015267124399542809,0.17633089423179626,0.26511505246162415,0.009318994358181953,0.09278365224599838,0.44118422269821167
32173,5,1,quant_only,implicit_mmr,train,0.06286429613828659,0.5747038722038269,0.11191452294588089,0.0017885639099404216,0.06053241342306137,0.18819628655910492
32174,0,0,explicit_mmr,explicit_mmr,train,0.7112928628921509,0.25941577553749084,0.005186652764678001,0.0002965874446090311,0.0008507529273629189,0.022957365959882736
32175,1,1,implicit_mmr,implicit_mmr,train,0.11791611462831497,0.8213157057762146,0.0113829942420125,0.0004667558241635561,0.0017067594453692436,0.047211647033691406
32176,1,1,implicit_mmr,implicit_mmr,train,0.1242084875702858,0.791252851486206,0.01727810502052307,0.0008795261383056641,0.002257460728287697,0.06412360817193985
32177,2,4,multi_method_not_mmr,qual_only,train,0.0013939562486484647,0.0033189095556735992,0.09516464918851852,0.010107951238751411,0.8510116934776306,0.039002787321805954
32178,2,4,multi_method_not_mmr,qual_only,train,0.0021040833089500666,0.01847131922841072,0.3286408483982086,0.02316814847290516,0.4870442748069763,0.14057129621505737
32179,5,5,quant_only,quant_only,train,0.0038799243047833443,0.05441024526953697,0.29452183842658997,0.017124000936746597,0.12790237367153168,0.5021615624427795
32180,3,3,no_method_signal,no_method_signal,train,0.0007124420953914523,0.000773738429415971,0.37659624218940735,0.41276779770851135,0.196808323264122,0.012341354973614216
32181,2,4,multi_method_not_mmr,qual_only,train,0.003489359049126506,0.035755254328250885,0.35891300439834595,0.019159039482474327,0.40840286016464233,0.17428052425384521
32182,5,5,quant_only,quant_only,train,0.0018524805782362819,0.022104991599917412,0.3408564627170563,0.03159955516457558,0.19576701521873474,0.4078194797039032
32183,4,4,qual_only,qual_only,train,0.014576718211174011,0.05382808670401573,0.18551093339920044,0.004743365105241537,0.5947113633155823,0.14662952721118927
32184,5,4,quant_only,qual_only,train,0.001706337439827621,0.000902780273463577,0.028475988656282425,0.008185265585780144,0.9513819813728333,0.009347688406705856
32185,4,4,qual_only,qual_only,train,0.0013929551932960749,0.0014413889730349183,0.06143557280302048,0.013226840645074844,0.916770339012146,0.005732869729399681
32186,2,5,multi_method_not_mmr,quant_only,train,0.005338434595614672,0.026499813422560692,0.2635818421840668,0.019087402150034904,0.2634671926498413,0.4220253527164459
32187,0,1,explicit_mmr,implicit_mmr,train,0.4633137285709381,0.4813239872455597,0.008335592225193977,0.00024987681536003947,0.0028597544878721237,0.04391702637076378
32188,3,3,no_method_signal,no_method_signal,train,8.847178833093494e-05,0.0002418763906462118,0.08480170369148254,0.8984686136245728,0.005539734847843647,0.010859610512852669
32189,3,3,no_method_signal,no_method_signal,train,0.0004329126386437565,0.0005152221419848502,0.2992275059223175,0.6827489733695984,0.006149075925350189,0.010926310904324055
32190,3,3,no_method_signal,no_method_signal,train,0.001462399261072278,0.005547796841710806,0.20516705513000488,0.5525220036506653,0.0031700613908469677,0.2321307510137558
32191,2,5,multi_method_not_mmr,quant_only,train,0.0037461959291249514,0.09992499649524689,0.166299968957901,0.18802180886268616,0.005181413609534502,0.5368256568908691
32192,5,3,quant_only,no_method_signal,train,0.00011860940139740705,0.0006668754504062235,0.0774877741932869,0.8955721855163574,0.0022017459850758314,0.023952746763825417
32193,3,3,no_method_signal,no_method_signal,train,6.673797179246321e-05,0.00033145135967060924,0.05659903585910797,0.9179458022117615,0.009604496881365776,0.015452505089342594
32194,3,3,no_method_signal,no_method_signal,train,0.0001747705100569874,0.0003902066091541201,0.13570834696292877,0.8481127619743347,0.0039286124520003796,0.011685279197990894
32195,2,3,multi_method_not_mmr,no_method_signal,train,0.0004746316699311137,0.0010492046130821109,0.10810752958059311,0.5211971998214722,0.3212807774543762,0.047890692949295044
32196,3,3,no_method_signal,no_method_signal,train,6.336862861644477e-05,0.0003375429369043559,0.05008456110954285,0.9208289384841919,0.012164548970758915,0.016521010547876358
32197,3,5,no_method_signal,quant_only,train,0.00118705362547189,0.010023286566138268,0.1682363599538803,0.2321314662694931,0.12019053846597672,0.46823129057884216
32198,3,3,no_method_signal,no_method_signal,train,0.00010649628529790789,0.0005058209062553942,0.06723190099000931,0.9175959229469299,0.0023119475226849318,0.012247879058122635
32199,0,0,explicit_mmr,explicit_mmr,train,0.9607396721839905,0.03209434822201729,0.000908140791580081,0.0001207674213219434,0.0009729418670758605,0.005164260044693947
32200,0,0,explicit_mmr,explicit_mmr,train,0.9438179731369019,0.04695514589548111,0.0011437488719820976,0.0001177731974166818,0.0009536714642308652,0.00701164873316884
32201,0,0,explicit_mmr,explicit_mmr,train,0.6797601580619812,0.2733575999736786,0.0053890119306743145,0.00022899913892615587,0.0025152890011668205,0.03874904289841652
32202,1,1,implicit_mmr,implicit_mmr,train,0.18156114220619202,0.7039033770561218,0.017412465065717697,0.0005331931752152741,0.004290270619094372,0.09229954332113266
32203,2,2,multi_method_not_mmr,multi_method_not_mmr,train,0.001740389154292643,0.0015563835622742772,0.5104959607124329,0.25421279668807983,0.21782487630844116,0.014169648289680481
32204,5,5,quant_only,quant_only,train,0.05829092487692833,0.3255137801170349,0.09064969420433044,0.007154796738177538,0.015646660700440407,0.5027441382408142
32205,3,3,no_method_signal,no_method_signal,train,0.0002461658150423318,0.0004201928968541324,0.189852774143219,0.6930321455001831,0.10471641272306442,0.011732306331396103
32206,4,4,qual_only,qual_only,train,0.00021505200129467994,0.0010032313875854015,0.07201740145683289,0.4027419090270996,0.4404909908771515,0.08353149145841599
32207,3,3,no_method_signal,no_method_signal,train,0.00019757777045015246,0.0005104169831611216,0.11282443255186081,0.869478702545166,0.002179731149226427,0.014809086918830872
32208,1,1,implicit_mmr,implicit_mmr,train,0.09690838307142258,0.8465617299079895,0.013139254413545132,0.0005039846291765571,0.0022795263212174177,0.04060720279812813
32209,2,3,multi_method_not_mmr,no_method_signal,train,0.00013977274647913873,0.0006062309839762747,0.21747532486915588,0.6665963530540466,0.07743600010871887,0.037746232002973557
32210,5,5,quant_only,quant_only,train,0.004435354843735695,0.06590082496404648,0.07807228714227676,0.08522673696279526,0.05474228784441948,0.7116225361824036
32211,1,1,implicit_mmr,implicit_mmr,train,0.08674488961696625,0.8571235537528992,0.012975162826478481,0.0005208987277001143,0.0021322148386389017,0.040503308176994324
32212,1,1,implicit_mmr,implicit_mmr,train,0.12210297584533691,0.8186628222465515,0.013135175220668316,0.00043415126856416464,0.002761510433629155,0.0429033525288105
32213,4,4,qual_only,qual_only,train,0.0008910955511964858,0.005168955307453871,0.20765726268291473,0.03064490668475628,0.6252874135971069,0.13035038113594055
32214,1,1,implicit_mmr,implicit_mmr,train,0.12961223721504211,0.817223846912384,0.013665693812072277,0.0003075833956245333,0.0041772001422941685,0.03501349687576294
32215,0,1,explicit_mmr,implicit_mmr,train,0.112267404794693,0.7596478462219238,0.02516856975853443,0.0006591646815650165,0.006788126192986965,0.0954689159989357
32216,4,4,qual_only,qual_only,train,0.0002736611641012132,0.0021126074716448784,0.063896544277668,0.2764883041381836,0.5840989947319031,0.07312988489866257
32217,4,2,qual_only,multi_method_not_mmr,train,0.00034115981543436646,0.0009900840232148767,0.38945111632347107,0.2967880964279175,0.2839290201663971,0.028500588610768318
32218,4,4,qual_only,qual_only,train,0.001697793835774064,0.0012920828303322196,0.020355697721242905,0.005296869669109583,0.9654204845428467,0.0059371283277869225
32219,2,3,multi_method_not_mmr,no_method_signal,train,0.0002844111586455256,0.00036972397356294096,0.2118849903345108,0.7709513902664185,0.007664764765650034,0.008844730444252491
32220,3,3,no_method_signal,no_method_signal,train,0.00012452273222152144,0.00030331790912896395,0.07004184275865555,0.8474748730659485,0.06993935257196426,0.0121160252019763
32221,0,1,explicit_mmr,implicit_mmr,train,0.049499642103910446,0.8243283629417419,0.03830540180206299,0.0008974709780886769,0.009949791245162487,0.07701928168535233
32222,3,3,no_method_signal,no_method_signal,train,0.0001281862350879237,0.0004956793854944408,0.20851708948612213,0.6790872812271118,0.06031595170497894,0.05145582929253578
32223,1,1,implicit_mmr,implicit_mmr,train,0.06534522026777267,0.8768612742424011,0.01357265654951334,0.0003995642764493823,0.0026750240940600634,0.041146229952573776
32224,1,1,implicit_mmr,implicit_mmr,train,0.04492606595158577,0.8859433531761169,0.0184492077678442,0.0004225365410093218,0.004109513945877552,0.04614940658211708
32225,2,3,multi_method_not_mmr,no_method_signal,train,0.0005555973039008677,0.0022870267275720835,0.3498600423336029,0.4814112186431885,0.145693838596344,0.020192183554172516
32226,1,1,implicit_mmr,implicit_mmr,train,0.330584853887558,0.6112228631973267,0.010263117961585522,0.000410506094340235,0.0016280935378745198,0.04589053988456726
32227,5,3,quant_only,no_method_signal,train,0.0005328357219696045,0.010088212788105011,0.031180692836642265,0.6604088544845581,0.054414838552474976,0.2433745115995407
32228,3,3,no_method_signal,no_method_signal,train,0.00012791257177013904,0.00025568431010469794,0.11547692865133286,0.8687481880187988,0.0071171605959534645,0.008274160325527191
32229,1,5,implicit_mmr,quant_only,train,0.006940402556210756,0.06489718705415726,0.07678861171007156,0.15851004421710968,0.07913050055503845,0.6137332320213318
32230,5,5,quant_only,quant_only,train,0.0029093921184539795,0.03689606115221977,0.044673625379800797,0.21831320226192474,0.03336669132113457,0.6638410091400146
32231,4,3,qual_only,no_method_signal,train,0.00019299409177619964,0.0004357667057774961,0.10751086473464966,0.7249783277511597,0.15184719860553741,0.015034845098853111
32232,2,3,multi_method_not_mmr,no_method_signal,train,0.00017391233996022493,0.0010926048271358013,0.10460911691188812,0.693909764289856,0.04861939325928688,0.15159519016742706
32233,3,3,no_method_signal,no_method_signal,train,0.00020360585767775774,0.0003211820439901203,0.1731538027524948,0.8086649775505066,0.0075773014687001705,0.01007916871458292
32234,3,3,no_method_signal,no_method_signal,train,0.000887958041857928,0.0008739681798033416,0.3701125681400299,0.6095986366271973,0.0042052376084029675,0.014321600086987019
32235,3,3,no_method_signal,no_method_signal,train,6.682069215457886e-05,0.0002477649541106075,0.050267260521650314,0.9337056875228882,0.005409275181591511,0.010303161107003689
32236,3,3,no_method_signal,no_method_signal,train,0.00010721878061303869,0.0008926453883759677,0.04307899624109268,0.8785025477409363,0.010485204868018627,0.06693346798419952
32237,5,5,quant_only,quant_only,train,0.011893291026353836,0.18321552872657776,0.08223254233598709,0.0517311654984951,0.013372290879487991,0.6575551629066467
32238,3,3,no_method_signal,no_method_signal,train,0.00030699174385517836,0.0011079314863309264,0.0543815977871418,0.91802978515625,0.0011815933976322412,0.024992145597934723
32239,3,3,no_method_signal,no_method_signal,train,0.00027673051226884127,0.0005068466998636723,0.1994282305240631,0.7856648564338684,0.004442246165126562,0.009681068360805511
32240,2,3,multi_method_not_mmr,no_method_signal,train,0.00027295577456243336,0.00045265836524777114,0.2276352047920227,0.6626434326171875,0.09744224697351456,0.011553487740457058
32241,5,4,quant_only,qual_only,train,0.001044318312779069,0.00737308245152235,0.2824139893054962,0.026022808626294136,0.548846423625946,0.1342993676662445
32242,1,1,implicit_mmr,implicit_mmr,train,0.052046988159418106,0.6621258854866028,0.0687750056385994,0.0016912127612158656,0.012844935059547424,0.20251597464084625
32243,1,1,implicit_mmr,implicit_mmr,train,0.36366915702819824,0.4707999527454376,0.026872793212532997,0.0011308754328638315,0.005705933552235365,0.13182127475738525
32244,3,3,no_method_signal,no_method_signal,train,0.00016603985568508506,0.0007594623602926731,0.22166474163532257,0.4116683006286621,0.2856335937976837,0.08010782301425934
32245,5,4,quant_only,qual_only,train,0.005588097497820854,0.05643298104405403,0.31426194310188293,0.010908977128565311,0.33743587136268616,0.2753720283508301
32246,3,3,no_method_signal,no_method_signal,train,0.00020016482449136674,0.00038936821511015296,0.24333606660366058,0.7215981483459473,0.021682975813746452,0.012793322093784809
32247,2,3,multi_method_not_mmr,no_method_signal,train,0.00017728873353917152,0.0006836967659182847,0.2599649429321289,0.6821812391281128,0.039655786007642746,0.01733705773949623
32248,3,3,no_method_signal,no_method_signal,train,0.0002131549408659339,0.0005926823941990733,0.2058490514755249,0.4626734256744385,0.3077109456062317,0.022960808128118515
32249,2,5,multi_method_not_mmr,quant_only,train,0.001025595935061574,0.008703994564712048,0.23933131992816925,0.08291300386190414,0.18174028396606445,0.48628586530685425
32250,2,4,multi_method_not_mmr,qual_only,train,0.0012180785415694118,0.009264342486858368,0.2430671751499176,0.01909768022596836,0.5979772806167603,0.12937550246715546
32251,5,5,quant_only,quant_only,train,0.002442925702780485,0.02027277462184429,0.19131675362586975,0.06925639510154724,0.1602744162082672,0.5564367771148682
32252,3,3,no_method_signal,no_method_signal,train,0.00020943323033861816,0.0003864042810164392,0.14923298358917236,0.8359217643737793,0.004081569612026215,0.010167860426008701
32253,5,5,quant_only,quant_only,train,0.0020451403688639402,0.018577998504042625,0.13462819159030914,0.13848024606704712,0.08000831305980682,0.6262601613998413
32254,3,3,no_method_signal,no_method_signal,train,0.0001583110715728253,0.0003154318255838007,0.1593862920999527,0.8194231986999512,0.009675627574324608,0.011041180230677128
32255,4,3,qual_only,no_method_signal,train,0.0001700699795037508,0.0008737575262784958,0.26983559131622314,0.38347163796424866,0.27030858397483826,0.07534028589725494
32256,1,5,implicit_mmr,quant_only,train,0.02457835152745247,0.2382507175207138,0.15362724661827087,0.009461058303713799,0.07931128889322281,0.4947713613510132
32257,2,2,multi_method_not_mmr,multi_method_not_mmr,train,0.00694471737369895,0.08034276217222214,0.3464931547641754,0.013015171512961388,0.22714819014072418,0.32605597376823425
32258,5,4,quant_only,qual_only,train,0.0004751175583805889,0.004303784109652042,0.2301403284072876,0.05902409926056862,0.5350790619850159,0.17097756266593933
32259,4,4,qual_only,qual_only,train,0.001310050836764276,0.003367806551977992,0.2696439325809479,0.03707856684923172,0.6655252575874329,0.023074431344866753
32260,0,5,explicit_mmr,quant_only,train,0.019346697255969048,0.2219654768705368,0.08339297026395798,0.06667828559875488,0.0171053484082222,0.5915111899375916
32261,3,3,no_method_signal,no_method_signal,train,5.6738404964562505e-05,0.00023082306142896414,0.04847857728600502,0.9273874163627625,0.011728289537131786,0.012118133716285229
32262,2,3,multi_method_not_mmr,no_method_signal,train,0.0006755455979146063,0.0019430328393355012,0.0967608392238617,0.8713186383247375,0.001004674006253481,0.028297334909439087
32263,2,2,multi_method_not_mmr,multi_method_not_mmr,train,0.0013730049831792712,0.001056344830431044,0.5988112688064575,0.3336649537086487,0.05415455624461174,0.010939865373075008
32264,0,1,explicit_mmr,implicit_mmr,train,0.43155938386917114,0.5208085179328918,0.010944277979433537,0.00010811365064000711,0.007243940606713295,0.02933575212955475
32265,0,0,explicit_mmr,explicit_mmr,train,0.685348391532898,0.28069108724594116,0.00572721753269434,0.0002834653714671731,0.001136261853389442,0.02681347168982029
32266,3,3,no_method_signal,no_method_signal,train,0.00021242864022497088,0.0004092857998330146,0.1709577590227127,0.810813844203949,0.004081641789525747,0.013525083661079407
32267,1,1,implicit_mmr,implicit_mmr,train,0.09824240952730179,0.6610615849494934,0.06029713153839111,0.0007466633687727153,0.13807523250579834,0.04157690703868866
32268,1,1,implicit_mmr,implicit_mmr,train,0.4060852825641632,0.5557373762130737,0.006664327811449766,0.0003043023752979934,0.0011881077662110329,0.030020680278539658
32269,2,1,multi_method_not_mmr,implicit_mmr,train,0.18660680949687958,0.6419981122016907,0.027451109141111374,0.0008286137599498034,0.008870445191860199,0.13424499332904816
32270,5,1,quant_only,implicit_mmr,train,0.05228490009903908,0.7428655028343201,0.07934285700321198,0.0019089592387899756,0.021897809579968452,0.10169997811317444
32271,3,3,no_method_signal,no_method_signal,train,0.000696562638040632,0.0006236442713998258,0.39998337626457214,0.5769018530845642,0.012430598959326744,0.009363902732729912
32272,1,1,implicit_mmr,implicit_mmr,train,0.06781264394521713,0.8334618806838989,0.03084721602499485,0.0004002505447715521,0.015957394614815712,0.05152067169547081
32273,4,4,qual_only,qual_only,train,0.001130984746851027,0.0020197085104882717,0.10807502269744873,0.023770587518811226,0.8231064081192017,0.04189726337790489
32274,4,4,qual_only,qual_only,train,0.000908861227799207,0.0013459244510158896,0.07822077721357346,0.015042843297123909,0.8857572078704834,0.018724307417869568
32275,2,3,multi_method_not_mmr,no_method_signal,train,0.0004477022448554635,0.0010796694550663233,0.29587990045547485,0.4370967149734497,0.2500063478946686,0.01548968255519867
32276,4,4,qual_only,qual_only,train,0.0005895575741305947,0.0011170560028403997,0.07076016813516617,0.030364306643605232,0.8872233629226685,0.009945479221642017
32277,4,4,qual_only,qual_only,train,0.0005213540862314403,0.000801224960014224,0.036859143525362015,0.02052215486764908,0.9317585229873657,0.00953756645321846
32278,4,4,qual_only,qual_only,train,0.0007543568499386311,0.0010389410890638828,0.07503042370080948,0.022107267752289772,0.8899633884429932,0.011105614714324474
32279,3,5,no_method_signal,quant_only,train,0.0020406031981110573,0.015295167453587055,0.101805180311203,0.1380353718996048,0.12692157924175262,0.6159021258354187
32280,4,4,qual_only,qual_only,train,0.0007322198362089694,0.0012374105863273144,0.11136271059513092,0.045874059200286865,0.8292447924613953,0.011548805050551891
32281,4,4,qual_only,qual_only,train,0.0007751638768240809,0.0011834771139547229,0.14229318499565125,0.06274833530187607,0.7787178754806519,0.014282026328146458
32282,1,1,implicit_mmr,implicit_mmr,train,0.0343022495508194,0.7217625379562378,0.05899916961789131,0.0029073229525238276,0.007416325621306896,0.17461243271827698
32283,0,1,explicit_mmr,implicit_mmr,train,0.32812801003456116,0.6279435157775879,0.008511929772794247,0.00021761671814601868,0.0023716844152659178,0.032827235758304596
32284,3,3,no_method_signal,no_method_signal,train,0.0001134210906457156,0.00032691218075342476,0.16957628726959229,0.79423987865448,0.023598723113536835,0.01214476116001606
32285,0,0,explicit_mmr,explicit_mmr,train,0.9496467709541321,0.038912333548069,0.0011724793585017323,8.829287980915979e-05,0.005334635730832815,0.00484550092369318
32286,0,1,explicit_mmr,implicit_mmr,train,0.18874816596508026,0.7218284606933594,0.01484818384051323,0.0009666821570135653,0.0018215060699731112,0.07178700715303421
32287,1,2,implicit_mmr,multi_method_not_mmr,train,0.0011019674129784107,0.0183734018355608,0.4188384413719177,0.15686500072479248,0.23243357241153717,0.17238758504390717
32288,5,5,quant_only,quant_only,train,0.0017562003340572119,0.032592739909887314,0.08393749594688416,0.2987414002418518,0.008600114844739437,0.5743721127510071
32289,2,5,multi_method_not_mmr,quant_only,train,0.0036919598933309317,0.06424938142299652,0.12491121888160706,0.21755880117416382,0.005549068097025156,0.584039568901062
32290,1,1,implicit_mmr,implicit_mmr,train,0.02953239530324936,0.8163960576057434,0.08458922058343887,0.0038811902049928904,0.024440862238407135,0.041160255670547485
32291,0,1,explicit_mmr,implicit_mmr,train,0.387031614780426,0.4245445132255554,0.034968260675668716,0.0007878710166551173,0.025343554094433784,0.12732411921024323
32292,1,1,implicit_mmr,implicit_mmr,train,0.03324587643146515,0.8299886584281921,0.07134366780519485,0.0034338284749537706,0.028859637677669525,0.03312841057777405
32293,1,1,implicit_mmr,implicit_mmr,train,0.03785764053463936,0.8542503714561462,0.05453123897314072,0.0022702431306242943,0.018977999687194824,0.03211259841918945
32294,1,1,implicit_mmr,implicit_mmr,train,0.024848543107509613,0.758324146270752,0.12105438113212585,0.007903877645730972,0.042116373777389526,0.04575268551707268
32295,3,3,no_method_signal,no_method_signal,train,7.492129225283861e-05,0.0005121928406879306,0.04695408418774605,0.9312554001808167,0.003335464047268033,0.017867980524897575
32296,0,0,explicit_mmr,explicit_mmr,train,0.8831456303596497,0.10353877395391464,0.0022560032084584236,0.00011969122715527192,0.0014199669240042567,0.009519815444946289
32297,1,1,implicit_mmr,implicit_mmr,train,0.032219719141721725,0.8434165716171265,0.06663738936185837,0.003222852945327759,0.017197798937559128,0.037305716425180435
32298,4,4,qual_only,qual_only,train,0.0005653840489685535,0.001014312612824142,0.04858116805553436,0.020265525206923485,0.9092626571655273,0.020310930907726288
32299,3,3,no_method_signal,no_method_signal,train,0.00021720990480389446,0.0006566343945451081,0.15276601910591125,0.8243093490600586,0.0022214523050934076,0.019829364493489265
32300,5,5,quant_only,quant_only,train,0.03045681118965149,0.26407092809677124,0.06314663589000702,0.04274573549628258,0.02289396896958351,0.576685905456543
32301,3,3,no_method_signal,no_method_signal,train,8.047807205002755e-05,0.0002582201559562236,0.06866545230150223,0.9145908355712891,0.005168497562408447,0.011236518621444702
32302,2,5,multi_method_not_mmr,quant_only,train,0.0007293135276995599,0.012579548172652721,0.3142314851284027,0.20768770575523376,0.1284329742193222,0.33633893728256226
32303,3,3,no_method_signal,no_method_signal,train,0.0001448563125450164,0.001184678403660655,0.02800022065639496,0.8538174033164978,0.05155698210000992,0.06529591232538223
32304,3,3,no_method_signal,no_method_signal,train,0.00011975470988545567,0.0008790395804680884,0.05646192282438278,0.8121918439865112,0.1050383672118187,0.02530907467007637
32305,2,5,multi_method_not_mmr,quant_only,train,0.000991221982985735,0.015382271260023117,0.11094921827316284,0.2835995554924011,0.03227376937866211,0.5568039417266846
32306,3,3,no_method_signal,no_method_signal,train,0.0001416295999661088,0.0005437472136691213,0.0826401561498642,0.8940632939338684,0.003021983429789543,0.019589167088270187
32307,5,5,quant_only,quant_only,train,0.0030218034517019987,0.022005503997206688,0.07146383076906204,0.18350592255592346,0.16588905453681946,0.5541138648986816
32308,5,3,quant_only,no_method_signal,train,0.0007448002579621971,0.003008816158398986,0.24756787717342377,0.32347312569618225,0.10819162428379059,0.31701380014419556
32309,2,2,multi_method_not_mmr,multi_method_not_mmr,train,0.0003609570558182895,0.0006883027381263673,0.48355206847190857,0.4042113125324249,0.0705014169216156,0.04068595543503761
32310,5,2,quant_only,multi_method_not_mmr,train,0.00040283292764797807,0.0009732416947372258,0.474646657705307,0.3394894301891327,0.04289191588759422,0.14159588515758514
32311,0,0,explicit_mmr,explicit_mmr,train,0.7677057385444641,0.20899903774261475,0.004531200509518385,0.00011668818478938192,0.004380197264254093,0.014267087914049625
32312,0,0,explicit_mmr,explicit_mmr,train,0.9435068368911743,0.04716354236006737,0.0011619401630014181,0.00012019991117995232,0.0009389056358486414,0.007108435966074467
32313,0,0,explicit_mmr,explicit_mmr,train,0.9367888569831848,0.05417333543300629,0.0014001161325722933,0.00014382414519786835,0.0007625221624039114,0.00673120841383934
32314,0,0,explicit_mmr,explicit_mmr,train,0.915320873260498,0.0755569264292717,0.0016516465693712234,0.0001548539730720222,0.00061405124142766,0.006701648700982332
32315,5,3,quant_only,no_method_signal,train,0.0006464195903390646,0.0007201345870271325,0.3640668988227844,0.6044548153877258,0.02227558195590973,0.007836061529815197
32316,3,3,no_method_signal,no_method_signal,train,8.209367661038414e-05,0.00023836470791138709,0.07943779975175858,0.9009678363800049,0.010084016248583794,0.009189923293888569
32317,3,3,no_method_signal,no_method_signal,train,0.0003043244651053101,0.00038870424032211304,0.23174893856048584,0.7163585424423218,0.042697031050920486,0.008502437733113766
32318,3,3,no_method_signal,no_method_signal,train,0.00015413718938361853,0.0003155608137603849,0.14494869112968445,0.7885347008705139,0.054037436842918396,0.012009559199213982
32319,3,3,no_method_signal,no_method_signal,train,0.00025956847821362317,0.00044224000885151327,0.1942344754934311,0.7826873064041138,0.014028528705239296,0.008347784169018269
32320,5,5,quant_only,quant_only,train,0.003602562705054879,0.04378437250852585,0.05794290453195572,0.23084713518619537,0.010651684366166592,0.6531712412834167
32321,0,4,explicit_mmr,qual_only,train,0.001887491438537836,0.00402589188888669,0.2729840576648712,0.15077091753482819,0.5567781925201416,0.013553471304476261
32322,1,1,implicit_mmr,implicit_mmr,train,0.05796772986650467,0.7921177744865417,0.037107132375240326,0.0011576908873394132,0.008288009092211723,0.10336174070835114
32323,3,3,no_method_signal,no_method_signal,train,0.0005819895886816084,0.0009936284041032195,0.27628448605537415,0.509673535823822,0.1996341347694397,0.012832154519855976
32324,2,4,multi_method_not_mmr,qual_only,train,0.0021439488045871258,0.008319352753460407,0.12111005932092667,0.06352845579385757,0.5544958114624023,0.25040239095687866
32325,1,1,implicit_mmr,implicit_mmr,train,0.34945517778396606,0.6126382946968079,0.008300390094518661,0.00012232035805936903,0.004685692489147186,0.024798119440674782
32326,5,5,quant_only,quant_only,train,0.009628020226955414,0.07087260484695435,0.10923667252063751,0.03466913849115372,0.07393994927406311,0.7016535401344299
32327,3,3,no_method_signal,no_method_signal,train,0.0005127133917994797,0.010136079043149948,0.07444115728139877,0.43448179960250854,0.1126261055469513,0.36780208349227905
32328,3,3,no_method_signal,no_method_signal,train,0.00018412104691378772,0.00027857316308654845,0.10550158470869064,0.7532139420509338,0.13179446756839752,0.009027320891618729
32329,5,5,quant_only,quant_only,train,0.00380758591927588,0.03726601600646973,0.10494408011436462,0.05622328072786331,0.12274826318025589,0.6750108599662781
32330,1,1,implicit_mmr,implicit_mmr,train,0.0960371345281601,0.838366687297821,0.0150273023173213,0.00040889656520448625,0.0032974875066429377,0.04686255753040314
32331,5,5,quant_only,quant_only,train,0.0028436300344765186,0.041101112961769104,0.08590558171272278,0.1348048895597458,0.03511056303977966,0.7002341747283936
32332,5,5,quant_only,quant_only,train,0.0028855809941887856,0.025660315528512,0.12058001011610031,0.07110021263360977,0.15246790647506714,0.6273059844970703
32333,3,3,no_method_signal,no_method_signal,train,0.00011464238195912912,0.00023389568377751857,0.09778545796871185,0.8816635608673096,0.011822971515357494,0.008379481732845306
32334,5,5,quant_only,quant_only,train,0.004659819882363081,0.055407240986824036,0.0864611566066742,0.12523820996284485,0.07823831588029861,0.6499952673912048
32335,2,5,multi_method_not_mmr,quant_only,train,0.01292636152356863,0.11932296305894852,0.12591807544231415,0.03224094957113266,0.05208389833569527,0.6575077176094055
32336,5,5,quant_only,quant_only,train,0.0015809638425707817,0.016030242666602135,0.07722794264554977,0.19132691621780396,0.08100305497646332,0.632830798625946
32337,3,3,no_method_signal,no_method_signal,train,0.0008800755022093654,0.0032800682820379734,0.04729464277625084,0.8849616646766663,0.0019020239124074578,0.06168162450194359
32338,3,3,no_method_signal,no_method_signal,train,0.00011422947864048183,0.00031445943750441074,0.10605031996965408,0.8751282095909119,0.004636614117771387,0.01375605072826147
32339,5,2,quant_only,multi_method_not_mmr,train,0.0007957962807267904,0.004333736840635538,0.446095734834671,0.3127877712249756,0.10784120857715607,0.12814581394195557
32340,0,1,explicit_mmr,implicit_mmr,train,0.07999428361654282,0.7402492761611938,0.05575152486562729,0.000691913184709847,0.033523816615343094,0.08978912979364395
32341,1,1,implicit_mmr,implicit_mmr,train,0.15623262524604797,0.7137842178344727,0.028490805998444557,0.001247550593689084,0.004176285583525896,0.09606844186782837
32342,0,1,explicit_mmr,implicit_mmr,train,0.12122184038162231,0.7832468152046204,0.024404555559158325,0.000371940725017339,0.010000105015933514,0.06075461208820343
32343,5,4,quant_only,qual_only,train,0.00042666037916205823,0.0006502558244392276,0.07629843801259995,0.16607004404067993,0.7384981513023376,0.018056394532322884
32344,5,5,quant_only,quant_only,train,0.0033404568675905466,0.052609432488679886,0.10385247319936752,0.2315550595521927,0.007781381718814373,0.6008612513542175
32345,3,3,no_method_signal,no_method_signal,train,0.0005330293206498027,0.0026969227474182844,0.04690339416265488,0.9036744236946106,0.0009593301801942289,0.04523293673992157
32346,5,3,quant_only,no_method_signal,train,7.844928768463433e-05,0.00033140077721327543,0.05966299772262573,0.9196333885192871,0.004570383112877607,0.015723245218396187
32347,5,5,quant_only,quant_only,train,0.001972819212824106,0.022673606872558594,0.06578139960765839,0.20590607821941376,0.04813399165868759,0.6555320620536804
32348,5,3,quant_only,no_method_signal,train,0.0003078524023294449,0.0031849283259361982,0.06956446915864944,0.5984266400337219,0.058707449585199356,0.26980867981910706
32349,5,5,quant_only,quant_only,train,0.001091240905225277,0.021339159458875656,0.07136689126491547,0.3785971701145172,0.03917637839913368,0.48842912912368774
32350,4,4,qual_only,qual_only,train,0.0009583943756297231,0.00397965032607317,0.18096256256103516,0.018522042781114578,0.7701014876365662,0.02547585777938366
32351,5,3,quant_only,no_method_signal,train,0.00027877045795321465,0.0012906237971037626,0.15182961523532867,0.49422135949134827,0.30309972167015076,0.04927990213036537
32352,5,5,quant_only,quant_only,train,0.0015388895990327,0.03033985197544098,0.14744509756565094,0.38305482268333435,0.011556574143469334,0.4260648190975189
32353,0,0,explicit_mmr,explicit_mmr,train,0.8648240566253662,0.11933495849370956,0.002704040613025427,0.000161018775543198,0.0009109168313443661,0.012064868584275246
32360,2,2,multi_method_not_mmr,multi_method_not_mmr,train,0.00042803972610272467,0.003879076335579157,0.5296209454536438,0.2047489881515503,0.16148129105567932,0.09984160959720612
32369,3,3,no_method_signal,no_method_signal,train,0.00024933816166594625,0.0005829858127981424,0.2291526198387146,0.62104731798172,0.13735176622867584,0.011615979485213757
32389,1,1,implicit_mmr,implicit_mmr,train,0.07263584434986115,0.37685689330101013,0.134759321808815,0.004624872002750635,0.03745913505554199,0.3736639618873596
32425,5,3,quant_only,no_method_signal,train,0.00034576375037431717,0.0017235666746273637,0.22763259708881378,0.4178353250026703,0.09071316570043564,0.26174959540367126
32448,2,3,multi_method_not_mmr,no_method_signal,train,0.00011913701746379957,0.0012080796295776963,0.10333449393510818,0.6706163883209229,0.1427396982908249,0.08198216557502747
32485,2,2,multi_method_not_mmr,multi_method_not_mmr,train,0.009923532605171204,0.17232108116149902,0.336022287607193,0.010412842966616154,0.1580207198858261,0.31329959630966187
32521,2,5,multi_method_not_mmr,quant_only,train,0.000933400820940733,0.008942289277911186,0.25921446084976196,0.0938807800412178,0.2332247793674469,0.40380430221557617
32527,3,2,no_method_signal,multi_method_not_mmr,train,0.0003538270539138466,0.00382913532666862,0.40927183628082275,0.12904515862464905,0.29917341470718384,0.15832668542861938
32536,3,4,no_method_signal,qual_only,train,0.00020785664673894644,0.0007423035567626357,0.1490740180015564,0.3152787983417511,0.4981364607810974,0.03656052052974701
32545,3,3,no_method_signal,no_method_signal,train,0.00012914343096781522,0.0005866907886229455,0.18147334456443787,0.7412132620811462,0.03167671337723732,0.04492081329226494
32554,3,5,no_method_signal,quant_only,train,0.0007681148126721382,0.004704075865447521,0.25443917512893677,0.23239609599113464,0.060838066041469574,0.4468543827533722
32570,5,1,quant_only,implicit_mmr,train,0.13769425451755524,0.6768046617507935,0.030769290402531624,0.0015431114006787539,0.004409540444612503,0.14877909421920776
32573,5,5,quant_only,quant_only,train,0.000942967482842505,0.01678319461643696,0.3854444622993469,0.05477573350071907,0.14630696177482605,0.39574670791625977
32610,5,2,quant_only,multi_method_not_mmr,train,0.0006709795561619103,0.010104143992066383,0.3690585196018219,0.07321466505527496,0.22938032448291779,0.31757134199142456
32633,2,5,multi_method_not_mmr,quant_only,train,0.0018148509552702308,0.02999543957412243,0.2731981873512268,0.03404650464653969,0.13616488873958588,0.5247800946235657
32644,2,3,multi_method_not_mmr,no_method_signal,train,0.00021206034580245614,0.0003958308370783925,0.2630326449871063,0.6791599988937378,0.04365502670407295,0.013544389978051186
32648,2,2,multi_method_not_mmr,multi_method_not_mmr,train,0.0033602952025830746,0.035418108105659485,0.3630410432815552,0.017654461786150932,0.29906877875328064,0.2814573049545288
32706,5,5,quant_only,quant_only,train,0.0007367859943769872,0.013052452355623245,0.12986111640930176,0.24688155949115753,0.05389818921685219,0.5555698275566101
32747,5,5,quant_only,quant_only,train,0.0008941167034208775,0.013197683729231358,0.22487464547157288,0.12183475494384766,0.06804061681032181,0.5711581707000732
32756,3,3,no_method_signal,no_method_signal,train,9.610400593373924e-05,0.00029562367126345634,0.11163091659545898,0.866169810295105,0.007199110463261604,0.014608476310968399
32763,4,5,qual_only,quant_only,train,0.001107799238525331,0.012017807923257351,0.20235812664031982,0.11057340353727341,0.21200311183929443,0.4619397521018982
32784,3,3,no_method_signal,no_method_signal,train,0.0017357339384034276,0.01164840254932642,0.10986793041229248,0.595366358757019,0.0029023669194430113,0.27847927808761597
16034,1,1,implicit_mmr,implicit_mmr,validation,0.0652318000793457,0.8802723288536072,0.014638123102486134,0.00031102393404580653,0.00394811574369669,0.03559865057468414
16038,1,1,implicit_mmr,implicit_mmr,validation,0.07949117571115494,0.8497499227523804,0.018725546076893806,0.0005208546645008028,0.003687480464577675,0.04782504960894585
16042,1,1,implicit_mmr,implicit_mmr,validation,0.11782238632440567,0.7846049666404724,0.01932252012193203,0.0004237050306983292,0.008009528741240501,0.06981682777404785
16047,1,1,implicit_mmr,implicit_mmr,validation,0.07519754767417908,0.8626863956451416,0.01765044778585434,0.000342412298778072,0.004933929070830345,0.03918912634253502
16049,1,1,implicit_mmr,implicit_mmr,validation,0.06912267953157425,0.8757338523864746,0.014660985209047794,0.00033704700763337314,0.0036067496985197067,0.03653867170214653
16065,1,1,implicit_mmr,implicit_mmr,validation,0.09593697637319565,0.7540693283081055,0.031888920813798904,0.0007620101678185165,0.011264481581747532,0.10607834160327911
16475,0,0,explicit_mmr,explicit_mmr,validation,0.9186065793037415,0.07155904173851013,0.0014007778372615576,8.262827759608626e-05,0.0013687907485291362,0.006982034537941217
18499,3,5,no_method_signal,quant_only,validation,0.0009908516658470035,0.013646051287651062,0.3067280352115631,0.15876129269599915,0.02937578596174717,0.49049806594848633
18942,1,1,implicit_mmr,implicit_mmr,validation,0.226979598402977,0.5788273811340332,0.0393429733812809,0.0006532414699904621,0.06843498349189758,0.08576187491416931
18953,1,0,implicit_mmr,explicit_mmr,validation,0.32842862606048584,0.3155849874019623,0.020801950246095657,0.0003575542359612882,0.306781530380249,0.028045423328876495
19347,0,0,explicit_mmr,explicit_mmr,validation,0.8915714025497437,0.09486901760101318,0.002095940290018916,0.00013913422299083322,0.0009515464189462364,0.010372960940003395
19473,1,5,implicit_mmr,quant_only,validation,0.31701236963272095,0.20664149522781372,0.11251480132341385,0.036331433802843094,0.0050850859843194485,0.3224148452281952
19622,0,1,explicit_mmr,implicit_mmr,validation,0.03377201408147812,0.569050669670105,0.08749257028102875,0.0032706139609217644,0.01337264385074377,0.2930414378643036
19631,0,1,explicit_mmr,implicit_mmr,validation,0.06310972571372986,0.6395117044448853,0.06433487683534622,0.0021260958164930344,0.014883357100188732,0.21603429317474365
19636,0,1,explicit_mmr,implicit_mmr,validation,0.04322106018662453,0.6490589380264282,0.07037703692913055,0.0021589642856270075,0.013056143186986446,0.22212791442871094
19764,0,0,explicit_mmr,explicit_mmr,validation,0.6575812697410583,0.3001282513141632,0.006746943574398756,0.00011661746975732967,0.011695830151438713,0.023731034249067307
19774,1,0,implicit_mmr,explicit_mmr,validation,0.339358389377594,0.31403130292892456,0.03517560660839081,0.0008664571214467287,0.28015759587287903,0.030410688370466232
19846,4,0,qual_only,explicit_mmr,validation,0.33988726139068604,0.23432393372058868,0.10252536088228226,0.021859850734472275,0.004516657441854477,0.29688698053359985
19870,1,0,implicit_mmr,explicit_mmr,validation,0.7764987945556641,0.18395909667015076,0.0062178694643080235,0.0005603895406238735,0.0011202084133401513,0.03164365887641907
19873,4,0,qual_only,explicit_mmr,validation,0.7834394574165344,0.18482476472854614,0.004920151550322771,0.0003521036996971816,0.0011345356469973922,0.02532901056110859
19892,4,2,qual_only,multi_method_not_mmr,validation,0.002970945555716753,0.013586536981165409,0.29803431034088135,0.19144760072231293,0.2531353831291199,0.2408253252506256
19937,0,0,explicit_mmr,explicit_mmr,validation,0.9642255306243896,0.023687709122896194,0.001206019427627325,0.00012494185648392886,0.005680007394403219,0.005075897555798292
20048,0,5,explicit_mmr,quant_only,validation,0.041470468044281006,0.18404042720794678,0.08453299105167389,0.01261332631111145,0.061140865087509155,0.6162019371986389
20094,2,5,multi_method_not_mmr,quant_only,validation,0.0014128913171589375,0.010977980680763721,0.26553264260292053,0.3228895366191864,0.003536372212693095,0.39565062522888184
20108,4,1,qual_only,implicit_mmr,validation,0.06316190958023071,0.40746384859085083,0.10444989800453186,0.0033905019517987967,0.04666544124484062,0.3748684227466583
20122,0,0,explicit_mmr,explicit_mmr,validation,0.8700728416442871,0.11490422487258911,0.002615643199533224,0.00018004013691097498,0.0008958851685747504,0.011331401765346527
20127,1,4,implicit_mmr,qual_only,validation,0.04246697947382927,0.05688219889998436,0.21826352179050446,0.007071651052683592,0.4895746409893036,0.18574103713035583
20131,3,5,no_method_signal,quant_only,validation,0.0018842426361516118,0.01794986054301262,0.19332058727741241,0.23954036831855774,0.12847895920276642,0.41882604360580444
20175,5,3,quant_only,no_method_signal,validation,0.0001591146574355662,0.0012937589781358838,0.09215927869081497,0.843616783618927,0.004994428250938654,0.057776615023612976
20176,3,3,no_method_signal,no_method_signal,validation,0.0006296689971350133,0.000580923049710691,0.32730913162231445,0.6556075811386108,0.007554961368441582,0.008317728526890278
20218,1,0,implicit_mmr,explicit_mmr,validation,0.7430611848831177,0.2267855554819107,0.004034609068185091,0.00022281153360381722,0.0017307824455201626,0.0241650752723217
20250,3,3,no_method_signal,no_method_signal,validation,0.00042491755448281765,0.001102193258702755,0.14903433620929718,0.6839091181755066,0.13307712972164154,0.03245231509208679
20258,3,3,no_method_signal,no_method_signal,validation,0.0006090628448873758,0.0076892380602657795,0.1356317698955536,0.47658246755599976,0.01573692075908184,0.3637506067752838
20264,3,4,no_method_signal,qual_only,validation,0.03193763643503189,0.023124681785702705,0.12144231796264648,0.024550428614020348,0.7850662469863892,0.013878719881176949
20300,4,5,qual_only,quant_only,validation,0.020464126020669937,0.1484101116657257,0.18507346510887146,0.01044720970094204,0.07159235328435898,0.5640127062797546
20306,0,0,explicit_mmr,explicit_mmr,validation,0.9300122261047363,0.05464886501431465,0.002204849384725094,7.72057828726247e-05,0.008540120907127857,0.004516849294304848
20308,4,5,qual_only,quant_only,validation,0.013009339570999146,0.11707569658756256,0.2153313308954239,0.011301815509796143,0.09311990439891815,0.5501618385314941
20323,4,5,qual_only,quant_only,validation,0.013779276981949806,0.10473203659057617,0.2040269523859024,0.013212386518716812,0.08234142512083054,0.5819079279899597
20356,4,4,qual_only,qual_only,validation,0.26966699957847595,0.150265172123909,0.01928853988647461,0.0005832418682985008,0.5460540652275085,0.014142045751214027
20358,0,0,explicit_mmr,explicit_mmr,validation,0.5643116235733032,0.39495790004730225,0.006694774143397808,0.00012882379814982414,0.007515623699873686,0.02639130689203739
20359,4,4,qual_only,qual_only,validation,0.057987578213214874,0.024879172444343567,0.024987630546092987,0.001104635070078075,0.8845942616462708,0.006446767132729292
20363,0,0,explicit_mmr,explicit_mmr,validation,0.9015443921089172,0.08466354757547379,0.0017355147283524275,0.00010701326391426846,0.0019484669901430607,0.010001113638281822
20365,1,1,implicit_mmr,implicit_mmr,validation,0.31270432472229004,0.5149016380310059,0.026297936215996742,0.0003414821985643357,0.09933945536613464,0.04641519859433174
20390,2,3,multi_method_not_mmr,no_method_signal,validation,0.0005086074233986437,0.00607916759327054,0.13999386131763458,0.5146413445472717,0.005063866730779409,0.3337130844593048
20392,3,3,no_method_signal,no_method_signal,validation,0.00037670796154998243,0.009288272820413113,0.026969285681843758,0.8337705731391907,0.01138577051460743,0.11820945143699646
20399,5,0,quant_only,explicit_mmr,validation,0.29723435640335083,0.23314975202083588,0.13188841938972473,0.040653977543115616,0.0027166646905243397,0.2943568229675293
20400,4,3,qual_only,no_method_signal,validation,0.0009793845238164067,0.010887152515351772,0.1605979949235916,0.5533404350280762,0.013919170945882797,0.2602759003639221
20407,3,3,no_method_signal,no_method_signal,validation,0.001352720893919468,0.01541217416524887,0.12456037104129791,0.44484445452690125,0.006853615865111351,0.40697669982910156
20414,2,5,multi_method_not_mmr,quant_only,validation,0.0015414574882015586,0.01324252039194107,0.27583417296409607,0.25996023416519165,0.06781095266342163,0.3816106915473938
20417,3,3,no_method_signal,no_method_signal,validation,0.00010714081872720271,0.0004113779868930578,0.0641632154583931,0.9197117686271667,0.004109051078557968,0.01149754785001278
20426,0,0,explicit_mmr,explicit_mmr,validation,0.9805786609649658,0.013615647330880165,0.0010718568228185177,0.0003027763159479946,0.0008065385045483708,0.003624604782089591
20437,0,0,explicit_mmr,explicit_mmr,validation,0.9705039262771606,0.02274269051849842,0.0010521892691031098,0.00021687346452381462,0.0007979584624990821,0.004686312284320593
20466,3,1,no_method_signal,implicit_mmr,validation,0.06274622678756714,0.5852043628692627,0.04568801075220108,0.010072368197143078,0.004878456704318523,0.29141056537628174
20495,0,1,explicit_mmr,implicit_mmr,validation,0.1470784991979599,0.6278074979782104,0.03266594186425209,0.0012780141551047564,0.011729152873158455,0.1794409602880478
20498,1,1,implicit_mmr,implicit_mmr,validation,0.017786165699362755,0.529254138469696,0.10683093965053558,0.004064624663442373,0.01498317439109087,0.3270810544490814
20511,1,5,implicit_mmr,quant_only,validation,0.0038637479301542044,0.022622069343924522,0.10923456400632858,0.09621664136648178,0.09853647649288177,0.6695264577865601
20514,1,1,implicit_mmr,implicit_mmr,validation,0.12895344197750092,0.7737851738929749,0.01719614304602146,0.00026609646738506854,0.011798301711678505,0.06800094246864319
20562,0,1,explicit_mmr,implicit_mmr,validation,0.08437132090330124,0.8279682397842407,0.022549418732523918,0.0002462792326696217,0.02040240541100502,0.04446236789226532
20579,0,1,explicit_mmr,implicit_mmr,validation,0.10021504014730453,0.7405540943145752,0.027335049584507942,0.0005654262495227158,0.014533407986164093,0.11679700016975403
20589,0,1,explicit_mmr,implicit_mmr,validation,0.09078650921583176,0.7604731917381287,0.023249486461281776,0.0008917414816096425,0.006686530541628599,0.11791244149208069
20600,1,5,implicit_mmr,quant_only,validation,0.018223421648144722,0.1453230232000351,0.1754043996334076,0.01893983781337738,0.06595620512962341,0.5761530995368958
20619,5,5,quant_only,quant_only,validation,0.0028680628165602684,0.024140488356351852,0.3422984778881073,0.045310311019420624,0.20554161071777344,0.37984105944633484
20632,0,3,explicit_mmr,no_method_signal,validation,0.002363923005759716,0.009659703820943832,0.32996684312820435,0.3577088415622711,0.04068586602807045,0.2596147656440735
20637,3,3,no_method_signal,no_method_signal,validation,0.0013782985042780638,0.0029394140001386404,0.2837328016757965,0.5507435202598572,0.038153715431690216,0.123052217066288
20642,0,5,explicit_mmr,quant_only,validation,0.015047761611640453,0.24341563880443573,0.15589609742164612,0.06853795051574707,0.010736714117228985,0.5063658952713013
20645,1,0,implicit_mmr,explicit_mmr,validation,0.9502065777778625,0.041667740792036057,0.0012713869800791144,6.964022031752393e-05,0.0027353682089596987,0.00404931278899312
20647,4,0,qual_only,explicit_mmr,validation,0.9442474246025085,0.04541751742362976,0.0015832474455237389,8.005717245396227e-05,0.004156024195253849,0.004515763837844133
20653,0,0,explicit_mmr,explicit_mmr,validation,0.8347206115722656,0.14589671790599823,0.0032944532576948404,0.0002545043535064906,0.0007986785494722426,0.015035038813948631
20656,0,4,explicit_mmr,qual_only,validation,0.026341505348682404,0.05174451321363449,0.13627855479717255,0.003969697747379541,0.7593897581100464,0.022276010364294052
20657,0,0,explicit_mmr,explicit_mmr,validation,0.9154918789863586,0.07129055261611938,0.0021133229602128267,0.00011218593863304704,0.0027576060965657234,0.008234430104494095
20664,0,4,explicit_mmr,qual_only,validation,0.15928250551223755,0.1564662903547287,0.0471402071416378,0.0009476940031163394,0.6188334226608276,0.017329780384898186
20667,4,1,qual_only,implicit_mmr,validation,0.08746273070573807,0.5971865057945251,0.07223773002624512,0.0007525153923779726,0.19506964087486267,0.04729083552956581
20672,1,1,implicit_mmr,implicit_mmr,validation,0.0713345855474472,0.8249714374542236,0.020118732005357742,0.0005519352853298187,0.005571754649281502,0.07745147496461868
20673,1,1,implicit_mmr,implicit_mmr,validation,0.3506702184677124,0.41240227222442627,0.024697890505194664,0.0003537433221936226,0.1789243072271347,0.03295155614614487
20674,1,0,implicit_mmr,explicit_mmr,validation,0.9801604151725769,0.013072948902845383,0.0013187139993533492,0.0003091185644734651,0.0008980678394436836,0.004240657668560743
20679,1,4,implicit_mmr,qual_only,validation,0.027369018644094467,0.11316600441932678,0.24337470531463623,0.008623075671494007,0.5113897323608398,0.09607744961977005
20683,1,0,implicit_mmr,explicit_mmr,validation,0.9007327556610107,0.08030810207128525,0.0025469891261309385,7.099301728885621e-05,0.010134387761354446,0.006206893362104893
20685,1,0,implicit_mmr,explicit_mmr,validation,0.918639600276947,0.0680561512708664,0.0021390439942479134,7.538074714830145e-05,0.005133801605552435,0.005956063512712717
20694,0,0,explicit_mmr,explicit_mmr,validation,0.5723344087600708,0.3830932676792145,0.0059024435468018055,0.00027029632474295795,0.0023584074806421995,0.03604114055633545
20709,2,5,multi_method_not_mmr,quant_only,validation,0.00561003852635622,0.09241659194231033,0.1331697702407837,0.1051509901881218,0.009874994866549969,0.6537775993347168
20744,0,1,explicit_mmr,implicit_mmr,validation,0.26341378688812256,0.3521815240383148,0.04506875202059746,0.0013957550982013345,0.30011746287345886,0.03782273828983307
20770,0,0,explicit_mmr,explicit_mmr,validation,0.9093546867370605,0.07774366438388824,0.0019421156030148268,0.00015067846106830984,0.0008527045720256865,0.009956128895282745
20784,2,3,multi_method_not_mmr,no_method_signal,validation,0.0006991378613747656,0.006960839033126831,0.20838381350040436,0.4230155944824219,0.02736830897629261,0.3335723280906677
20799,5,3,quant_only,no_method_signal,validation,0.00012142686318838969,0.00032106024445965886,0.16445983946323395,0.787200391292572,0.024150757119059563,0.023746484890580177
20800,5,3,quant_only,no_method_signal,validation,9.830425551626831e-05,0.00036572664976119995,0.14230068027973175,0.760240912437439,0.06879197061061859,0.028202351182699203
20801,5,3,quant_only,no_method_signal,validation,0.00010608084267005324,0.00043434719555079937,0.130513995885849,0.7308115363121033,0.10225857049226761,0.03587546572089195
20819,3,3,no_method_signal,no_method_signal,validation,0.0003914116823580116,0.0014600760769098997,0.1200593039393425,0.8294875025749207,0.00421444745734334,0.044387198984622955
20822,5,4,quant_only,qual_only,validation,0.08029115200042725,0.08955089747905731,0.15882736444473267,0.057319045066833496,0.44747117161750793,0.16654029488563538
20823,3,1,no_method_signal,implicit_mmr,validation,0.4133630096912384,0.5247955322265625,0.014981567859649658,0.0004848457174375653,0.009585907682776451,0.03678911179304123
20835,5,1,quant_only,implicit_mmr,validation,0.13739249110221863,0.8028520941734314,0.008509797975420952,0.0007645365549251437,0.02046103961765766,0.03002002276480198
20837,5,1,quant_only,implicit_mmr,validation,0.12370876967906952,0.8133191466331482,0.00996755063533783,0.0009359633550047874,0.017697691917419434,0.03437072038650513
20838,5,1,quant_only,implicit_mmr,validation,0.12855549156665802,0.8158057332038879,0.008356940932571888,0.0006343024433590472,0.017586935311555862,0.029060589149594307
20845,4,4,qual_only,qual_only,validation,0.00199937354773283,0.006894357036799192,0.15091289579868317,0.026590673252940178,0.8015866875648499,0.012016004882752895
20850,2,4,multi_method_not_mmr,qual_only,validation,0.0030106978956609964,0.0027778944931924343,0.08733534067869186,0.007276359014213085,0.8910490274429321,0.008550730533897877
20916,1,1,implicit_mmr,implicit_mmr,validation,0.07262887060642242,0.8677293658256531,0.017939254641532898,0.00037330022314563394,0.005185736808925867,0.03614348545670509
20925,0,0,explicit_mmr,explicit_mmr,validation,0.9020689725875854,0.08495733141899109,0.002146267332136631,0.00016065970703493804,0.000896176730748266,0.009770541451871395
20948,5,1,quant_only,implicit_mmr,validation,0.031561367213726044,0.41983991861343384,0.21068046987056732,0.004045610781759024,0.09493529796600342,0.23893731832504272
20953,0,0,explicit_mmr,explicit_mmr,validation,0.8705446124076843,0.11135023832321167,0.002902025356888771,0.0002030168252531439,0.0010261654388159513,0.013974029570817947
20957,0,0,explicit_mmr,explicit_mmr,validation,0.8901912569999695,0.09569551795721054,0.0023569862823933363,0.00016593759937677532,0.0009022895828820765,0.010687888599932194
20960,5,2,quant_only,multi_method_not_mmr,validation,0.01748117245733738,0.26078879833221436,0.31491583585739136,0.00578707829117775,0.14094431698322296,0.260082870721817
20999,4,3,qual_only,no_method_signal,validation,0.00034786033211275935,0.0005478218663483858,0.23362191021442413,0.7476974129676819,0.003925704397261143,0.013859326019883156
21005,2,5,multi_method_not_mmr,quant_only,validation,0.014067823067307472,0.14480002224445343,0.20534595847129822,0.0389256589114666,0.012885878793895245,0.5839745998382568
21023,0,1,explicit_mmr,implicit_mmr,validation,0.36326730251312256,0.38905778527259827,0.009848025627434254,0.0010951170697808266,0.20422744750976562,0.0325043648481369
21028,0,1,explicit_mmr,implicit_mmr,validation,0.3432725667953491,0.581015944480896,0.006948473863303661,0.0003557938907761127,0.0457286462187767,0.022678600624203682
21062,3,5,no_method_signal,quant_only,validation,0.0167213324457407,0.1277257651090622,0.18763741850852966,0.08045820891857147,0.00458916649222374,0.5828681588172913
21065,2,3,multi_method_not_mmr,no_method_signal,validation,0.00017518243112135679,0.0008730400004424155,0.12213869392871857,0.7035076022148132,0.15079332888126373,0.022512122988700867
21067,0,0,explicit_mmr,explicit_mmr,validation,0.5508596897125244,0.3435573875904083,0.01387799996882677,0.0002981728466693312,0.06487192213535309,0.026534805074334145
21071,0,0,explicit_mmr,explicit_mmr,validation,0.8670482635498047,0.11518927663564682,0.0027094909455627203,0.0001507178822066635,0.0014374156016856432,0.013464807532727718
21076,2,4,multi_method_not_mmr,qual_only,validation,0.16235479712486267,0.34697797894477844,0.09477588534355164,0.002798410365357995,0.3529694080352783,0.04012346267700195
21097,2,1,multi_method_not_mmr,implicit_mmr,validation,0.2287014126777649,0.47513547539711,0.05203134939074516,0.0007048635743558407,0.2114611715078354,0.031965747475624084
21118,4,1,qual_only,implicit_mmr,validation,0.057627394795417786,0.42165470123291016,0.0876426175236702,0.017900757491588593,0.006276444066315889,0.4088980257511139
21122,0,5,explicit_mmr,quant_only,validation,0.017161929979920387,0.06532733142375946,0.21410951018333435,0.1513535976409912,0.007553435862064362,0.5444942712783813
21136,2,5,multi_method_not_mmr,quant_only,validation,0.04581806808710098,0.16920959949493408,0.18941731750965118,0.08885049819946289,0.0043634576722979546,0.502341091632843
21155,1,1,implicit_mmr,implicit_mmr,validation,0.2023354470729828,0.7526384592056274,0.010265497490763664,0.00016875550500117242,0.0038598289247602224,0.0307320524007082
21171,0,0,explicit_mmr,explicit_mmr,validation,0.8806982040405273,0.10247761756181717,0.002608619863167405,0.0002091714704874903,0.0009547910303808749,0.013051741756498814
21183,2,4,multi_method_not_mmr,qual_only,validation,0.053309906274080276,0.05569253861904144,0.09288131445646286,0.005073649808764458,0.7700511813163757,0.022991344332695007
21184,0,0,explicit_mmr,explicit_mmr,validation,0.8608059883117676,0.09344775974750519,0.009793950244784355,0.001263903104700148,0.0007827534573152661,0.03390554338693619
21188,5,0,quant_only,explicit_mmr,validation,0.867875337600708,0.10809077322483063,0.004484342411160469,0.0004603458510246128,0.000764407915994525,0.01832473650574684
21196,1,1,implicit_mmr,implicit_mmr,validation,0.0901092141866684,0.7077016234397888,0.020625127479434013,0.002276345156133175,0.003373019164428115,0.1759146898984909
21199,1,3,implicit_mmr,no_method_signal,validation,0.0003696060739457607,0.0018534427508711815,0.20447364449501038,0.6455962061882019,0.1069624125957489,0.040744759142398834
21204,1,1,implicit_mmr,implicit_mmr,validation,0.10803307592868805,0.8294491767883301,0.015534140169620514,0.000206855169381015,0.00885999109596014,0.03791673853993416
21218,0,5,explicit_mmr,quant_only,validation,0.08782929182052612,0.3796825408935547,0.08547045290470123,0.016021382063627243,0.034640055149793625,0.3963562846183777
21227,0,0,explicit_mmr,explicit_mmr,validation,0.7878454327583313,0.18622329831123352,0.004188613034784794,0.00020599356503225863,0.001851486973464489,0.019685206934809685
21230,0,0,explicit_mmr,explicit_mmr,validation,0.8240939378738403,0.12335310876369476,0.011874055489897728,0.0015611575217917562,0.0009577472810633481,0.038160018622875214
21244,3,0,no_method_signal,explicit_mmr,validation,0.8294392824172974,0.1470242142677307,0.0037805999163538218,0.00025957933394238353,0.0010113246971741319,0.018485132604837418
21256,3,3,no_method_signal,no_method_signal,validation,0.001092590275220573,0.002785762306302786,0.2648850977420807,0.3992529511451721,0.28103867173194885,0.050944983959198
21265,0,3,explicit_mmr,no_method_signal,validation,0.0004711222427431494,0.0010320486035197973,0.35207077860832214,0.5346404314041138,0.015267843380570412,0.09651786834001541
21334,1,1,implicit_mmr,implicit_mmr,validation,0.035731565207242966,0.6872706413269043,0.08815594762563705,0.0016810292145237327,0.0323878675699234,0.15477299690246582
21336,1,3,implicit_mmr,no_method_signal,validation,0.0004576287465170026,0.0008493952336721122,0.2607039511203766,0.5324636697769165,0.18812736868858337,0.017397932708263397
21373,5,3,quant_only,no_method_signal,validation,0.0004731430090032518,0.0033413846977055073,0.18442079424858093,0.6260435581207275,0.0046422421000897884,0.1810789555311203
21390,4,4,qual_only,qual_only,validation,0.03869851678609848,0.0071919020265340805,0.010119561105966568,0.0012540033785626292,0.9395909905433655,0.0031450826209038496
21397,5,3,quant_only,no_method_signal,validation,0.0006748253363184631,0.0035333612468093634,0.37050342559814453,0.41162022948265076,0.09467241168022156,0.11899570375680923
21398,0,1,explicit_mmr,implicit_mmr,validation,0.07774484902620316,0.5944482684135437,0.06384839117527008,0.002690146677196026,0.01575382612645626,0.24551452696323395
21413,1,1,implicit_mmr,implicit_mmr,validation,0.16942192614078522,0.4103547930717468,0.04592086374759674,0.00840727798640728,0.007714681327342987,0.35818052291870117
21415,0,1,explicit_mmr,implicit_mmr,validation,0.127976194024086,0.7184386849403381,0.02494778484106064,0.0008821162628009915,0.005749915726482868,0.12200528383255005
21445,3,3,no_method_signal,no_method_signal,validation,0.0004621627740561962,0.0009070726227946579,0.058887045830488205,0.9111610651016235,0.0027659668121486902,0.02581661008298397
21499,2,4,multi_method_not_mmr,qual_only,validation,0.006799077615141869,0.0034380012657493353,0.07971823960542679,0.14308665692806244,0.7605226039886475,0.006435429211705923
21503,1,0,implicit_mmr,explicit_mmr,validation,0.9487575888633728,0.04328296333551407,0.001192424795590341,0.00010943995584966615,0.0009503173059783876,0.005707279313355684
21528,3,4,no_method_signal,qual_only,validation,0.06696231663227081,0.03832894191145897,0.12770579755306244,0.05949244648218155,0.6487679481506348,0.05874260514974594
21569,5,0,quant_only,explicit_mmr,validation,0.4808025360107422,0.3680233955383301,0.04036181792616844,0.003987020812928677,0.0034818672575056553,0.1033434197306633
21585,0,4,explicit_mmr,qual_only,validation,0.08929314464330673,0.10381069034337997,0.04730051010847092,0.0010498780757188797,0.7438218593597412,0.014723926782608032
21590,0,4,explicit_mmr,qual_only,validation,0.09270691871643066,0.06959781050682068,0.054741229861974716,0.0019522614311426878,0.7705307602882385,0.010471045970916748
21604,1,1,implicit_mmr,implicit_mmr,validation,0.08950668573379517,0.6928955912590027,0.03318729251623154,0.0019533990416675806,0.007246318738907576,0.17521072924137115
21606,4,4,qual_only,qual_only,validation,0.0009241019142791629,0.003291103756055236,0.20855268836021423,0.06431596726179123,0.6533037424087524,0.06961249560117722
21617,2,0,multi_method_not_mmr,explicit_mmr,validation,0.5719762444496155,0.38392722606658936,0.007025581784546375,0.00016486216918565333,0.0035385782830417156,0.033367451280355453
21620,4,0,qual_only,explicit_mmr,validation,0.5696725249290466,0.3716050386428833,0.009293348528444767,0.00010524810204515234,0.02463924139738083,0.024684516713023186
21626,0,1,explicit_mmr,implicit_mmr,validation,0.4272114932537079,0.5241765379905701,0.007752680219709873,0.0001629484468139708,0.006010185927152634,0.03468621149659157
21635,1,1,implicit_mmr,implicit_mmr,validation,0.3885374963283539,0.43377262353897095,0.025948023423552513,0.0012879575369879603,0.01323202345520258,0.13722197711467743
21637,0,0,explicit_mmr,explicit_mmr,validation,0.945199191570282,0.04817846417427063,0.0007349847001023591,0.00010890769772231579,0.001715443329885602,0.00406300462782383
21651,0,0,explicit_mmr,explicit_mmr,validation,0.9523389339447021,0.040275536477565765,0.0011799279600381851,0.00015952355170156807,0.0006730410386808217,0.005373104941099882
21654,0,0,explicit_mmr,explicit_mmr,validation,0.5364617109298706,0.43386390805244446,0.004100524354726076,0.00030941207660362124,0.0017833178862929344,0.023481102660298347
21668,0,2,explicit_mmr,multi_method_not_mmr,validation,0.006279205437749624,0.052560970187187195,0.39428746700286865,0.01547098159790039,0.15417487919330597,0.37722650170326233
21669,0,5,explicit_mmr,quant_only,validation,0.06871646642684937,0.2042476087808609,0.21401020884513855,0.07610153406858444,0.004605887457728386,0.4323182702064514
21694,3,3,no_method_signal,no_method_signal,validation,9.707198478281498e-05,0.0005902524571865797,0.05092234164476395,0.9297517538070679,0.002904570894315839,0.015734070912003517
21702,2,3,multi_method_not_mmr,no_method_signal,validation,0.00021435052622109652,0.0014764940133318305,0.22875209152698517,0.6207812428474426,0.007066168822348118,0.14170967042446136
21749,0,0,explicit_mmr,explicit_mmr,validation,0.9301124811172485,0.05980219319462776,0.0016117822378873825,0.00018785650900099427,0.0007153317565098405,0.007570331916213036
21751,5,5,quant_only,quant_only,validation,0.05463964492082596,0.20376035571098328,0.18364708125591278,0.08689222484827042,0.0034867359790951014,0.46757397055625916
21766,2,3,multi_method_not_mmr,no_method_signal,validation,0.0001619931572349742,0.0005504398723132908,0.09652432799339294,0.8838649988174438,0.002980412682518363,0.015917794778943062
21774,0,0,explicit_mmr,explicit_mmr,validation,0.804410994052887,0.16952760517597198,0.0038117726799100637,0.00023075052013155073,0.0010778337018564343,0.02094106376171112
21796,3,3,no_method_signal,no_method_signal,validation,0.0009250944131053984,0.003087650053203106,0.09359114617109299,0.8531522154808044,0.0011425863485783339,0.048101384192705154
21801,1,1,implicit_mmr,implicit_mmr,validation,0.32070207595825195,0.4000120162963867,0.012725873850286007,0.002129834610968828,0.21889500319957733,0.04553523287177086
21808,0,1,explicit_mmr,implicit_mmr,validation,0.21823404729366302,0.40158140659332275,0.016745876520872116,0.001063467818312347,0.3329175114631653,0.029457688331604004
21809,0,0,explicit_mmr,explicit_mmr,validation,0.40260738134384155,0.21607182919979095,0.014722727239131927,0.0017303017666563392,0.34500789642333984,0.01985992304980755
21819,2,1,multi_method_not_mmr,implicit_mmr,validation,0.0676477700471878,0.4750434458255768,0.07437489926815033,0.0021881472785025835,0.04014876112341881,0.34059691429138184
21839,4,1,qual_only,implicit_mmr,validation,0.20230478048324585,0.747159481048584,0.010136067867279053,0.000242722308030352,0.0026535510551184416,0.03750348836183548
21847,0,0,explicit_mmr,explicit_mmr,validation,0.8672270774841309,0.11580471694469452,0.0026713209226727486,9.640722419135273e-05,0.003461522050201893,0.010738968849182129
21850,5,1,quant_only,implicit_mmr,validation,0.06296410411596298,0.582664430141449,0.11348956823348999,0.0012821232667192817,0.15896905958652496,0.08063076436519623
21861,0,0,explicit_mmr,explicit_mmr,validation,0.9016844034194946,0.086115263402462,0.0020945293363183737,7.197442027973011e-05,0.0038892237935215235,0.006144582759588957
21872,1,1,implicit_mmr,implicit_mmr,validation,0.15939468145370483,0.6244605779647827,0.09617578983306885,0.004991436377167702,0.024066662415862083,0.09091085940599442
21885,0,1,explicit_mmr,implicit_mmr,validation,0.03995363041758537,0.4582551121711731,0.15942606329917908,0.002565559698268771,0.15043015778064728,0.18936939537525177
21890,0,0,explicit_mmr,explicit_mmr,validation,0.44798409938812256,0.4182472229003906,0.022060781717300415,0.00048498695832677186,0.014817237854003906,0.09640578180551529
21912,0,1,explicit_mmr,implicit_mmr,validation,0.10993500053882599,0.7477474808692932,0.03567378222942352,0.0003832764341495931,0.04187672212719917,0.06438378244638443
21913,0,0,explicit_mmr,explicit_mmr,validation,0.8668240904808044,0.09697147458791733,0.004079240374267101,0.0001055211978382431,0.023093564435839653,0.008926191367208958
21926,2,4,multi_method_not_mmr,qual_only,validation,0.028576191514730453,0.17928948998451233,0.2647090554237366,0.0058093382976949215,0.31292545795440674,0.20869044959545135
21939,2,1,multi_method_not_mmr,implicit_mmr,validation,0.06484030187129974,0.5114583969116211,0.12435229867696762,0.001660626963712275,0.20634616911411285,0.09134212881326675
21941,5,1,quant_only,implicit_mmr,validation,0.14622057974338531,0.7416732311248779,0.020674986764788628,0.00036860149702988565,0.011338409967720509,0.07972417026758194
21946,0,0,explicit_mmr,explicit_mmr,validation,0.8607696294784546,0.12140053510665894,0.0029128207825124264,0.0001553249458083883,0.0012416596291586757,0.013519875705242157
21999,2,1,multi_method_not_mmr,implicit_mmr,validation,0.014218676835298538,0.41120317578315735,0.15026842057704926,0.005283131264150143,0.03446417674422264,0.3845623731613159
22006,2,3,multi_method_not_mmr,no_method_signal,validation,0.001846203114837408,0.01565096341073513,0.13990582525730133,0.6643939018249512,0.005087602883577347,0.1731155514717102
22008,2,3,multi_method_not_mmr,no_method_signal,validation,0.000758081441745162,0.005633220542222261,0.13139638304710388,0.7522455453872681,0.003518193494528532,0.10644856095314026
22074,1,1,implicit_mmr,implicit_mmr,validation,0.06520251929759979,0.7749909162521362,0.03212873637676239,0.0012498340802267194,0.005760569591075182,0.1206674575805664
22080,1,1,implicit_mmr,implicit_mmr,validation,0.0781622901558876,0.61311936378479,0.06011083349585533,0.003829570021480322,0.012318677268922329,0.23245936632156372
22087,1,1,implicit_mmr,implicit_mmr,validation,0.2715802490711212,0.610670268535614,0.02255803719162941,0.0005441603716462851,0.028312169015407562,0.06633517146110535
22091,1,1,implicit_mmr,implicit_mmr,validation,0.06598791480064392,0.7932586073875427,0.033403802663087845,0.0010584625415503979,0.006278166547417641,0.10001302510499954
22107,2,0,multi_method_not_mmr,explicit_mmr,validation,0.49423936009407043,0.42660924792289734,0.012932810932397842,0.0004165964783169329,0.005777135491371155,0.060024771839380264
22108,2,1,multi_method_not_mmr,implicit_mmr,validation,0.4128064215183258,0.4905613660812378,0.016330046579241753,0.0004064749809913337,0.00915688555687666,0.07073882222175598
22120,0,5,explicit_mmr,quant_only,validation,0.051118914037942886,0.1304837018251419,0.19849969446659088,0.052262213081121445,0.007566075772047043,0.5600693821907043
22142,0,0,explicit_mmr,explicit_mmr,validation,0.7040833830833435,0.03544863685965538,0.007235633209347725,0.0005969710182398558,0.24367107450962067,0.008964353241026402
22143,0,0,explicit_mmr,explicit_mmr,validation,0.7768168449401855,0.08291222900152206,0.009001667611300945,0.0002520604757592082,0.11641653627157211,0.014600657857954502
22151,5,3,quant_only,no_method_signal,validation,0.001230931025929749,0.006624224595725536,0.22738510370254517,0.5543743371963501,0.003348124213516712,0.20703735947608948
22198,5,3,quant_only,no_method_signal,validation,0.00013351161032915115,0.0004202679847367108,0.08139573037624359,0.9056612849235535,0.0031030464451760054,0.009286156855523586
22207,0,0,explicit_mmr,explicit_mmr,validation,0.9173047542572021,0.07232234627008438,0.0017733683343976736,8.41235596453771e-05,0.0019217667868360877,0.006593790836632252
22211,2,1,multi_method_not_mmr,implicit_mmr,validation,0.12278834730386734,0.8138570785522461,0.02224780060350895,0.0003458521096035838,0.015756260603666306,0.025004660710692406
22212,2,4,multi_method_not_mmr,qual_only,validation,0.0007580118253827095,0.0008969182963483036,0.18520812690258026,0.35556772351264954,0.4417467415332794,0.015822580084204674
22227,0,0,explicit_mmr,explicit_mmr,validation,0.9501534104347229,0.04314405098557472,0.0010379246668890119,9.950155072147027e-05,0.000913753523491323,0.004651437979191542
22232,0,1,explicit_mmr,implicit_mmr,validation,0.19844508171081543,0.6924787163734436,0.01897166296839714,0.0003492838586680591,0.022896818816661835,0.0668584480881691
22233,0,0,explicit_mmr,explicit_mmr,validation,0.9815559983253479,0.013824651017785072,0.0008630005177110434,0.00016444710490759462,0.0008417154313065112,0.002750339452177286
22242,0,0,explicit_mmr,explicit_mmr,validation,0.8320415616035461,0.1470356285572052,0.0033333306200802326,0.0001894684974104166,0.001234007184393704,0.016166023910045624
22252,0,5,explicit_mmr,quant_only,validation,0.005556836724281311,0.056222520768642426,0.2847157120704651,0.11425364017486572,0.017813952639698982,0.5214373469352722
22259,5,5,quant_only,quant_only,validation,0.014768009074032307,0.14058668911457062,0.16765128076076508,0.07329124212265015,0.015010402537882328,0.5886924266815186
22262,0,3,explicit_mmr,no_method_signal,validation,0.00035636205575428903,0.003123789792880416,0.16288872063159943,0.622041642665863,0.009729686193168163,0.2018597424030304
22263,2,3,multi_method_not_mmr,no_method_signal,validation,0.0004576745559461415,0.0025757027324289083,0.13919450342655182,0.6908281445503235,0.0028903710190206766,0.16405363380908966
22277,5,0,quant_only,explicit_mmr,validation,0.9159833192825317,0.0745430439710617,0.0014524465659633279,7.932179869385436e-05,0.0012877275003120303,0.0066541340202093124
22286,5,0,quant_only,explicit_mmr,validation,0.9275069236755371,0.06345218420028687,0.0013937854673713446,8.243659976869822e-05,0.0012854892993345857,0.0062791272066533566
22292,4,0,qual_only,explicit_mmr,validation,0.754063606262207,0.10036658495664597,0.0040416712872684,0.00043664267286658287,0.1344052255153656,0.0066861845552921295
22326,5,1,quant_only,implicit_mmr,validation,0.23205694556236267,0.7160074710845947,0.01382757443934679,0.00018327428551856428,0.007239640690386295,0.03068523481488228
22329,5,5,quant_only,quant_only,validation,0.008008500561118126,0.03502880409359932,0.2619166374206543,0.03727073594927788,0.044221654534339905,0.6135536432266235
22347,0,1,explicit_mmr,implicit_mmr,validation,0.2846948802471161,0.5513761639595032,0.025313830003142357,0.0011748390970751643,0.013762441463768482,0.12367789447307587
22353,0,0,explicit_mmr,explicit_mmr,validation,0.9655493497848511,0.027843790128827095,0.0010650096228346229,0.00014526078302878886,0.0007379013113677502,0.004658618941903114
22356,2,4,multi_method_not_mmr,qual_only,validation,0.013059382326900959,0.05064333602786064,0.19848915934562683,0.01802951470017433,0.4612439274787903,0.258534699678421
22359,0,1,explicit_mmr,implicit_mmr,validation,0.29018643498420715,0.646561861038208,0.009126490913331509,0.00017603115702513605,0.005644932854920626,0.048304226249456406
22362,1,0,implicit_mmr,explicit_mmr,validation,0.8469396829605103,0.13310690224170685,0.003502920735627413,0.00020253841648809612,0.0012543621705844998,0.014993591234087944
22363,2,4,multi_method_not_mmr,qual_only,validation,0.032971132546663284,0.05026109516620636,0.20819616317749023,0.01327770110219717,0.6137185096740723,0.08157535642385483
22368,0,0,explicit_mmr,explicit_mmr,validation,0.9137915372848511,0.07436805963516235,0.0018522348254919052,0.000166179466759786,0.0008126794127747416,0.009009295143187046
22378,0,1,explicit_mmr,implicit_mmr,validation,0.24644169211387634,0.6657782196998596,0.015992678701877594,0.0005220271414145827,0.010896583087742329,0.06036879122257233
22388,0,1,explicit_mmr,implicit_mmr,validation,0.19444450736045837,0.6137250661849976,0.03198619186878204,0.0009293167386204004,0.023393120616674423,0.13552193343639374
22391,5,5,quant_only,quant_only,validation,0.04628497734665871,0.31933969259262085,0.11306235939264297,0.031087860465049744,0.0046955496072769165,0.4855296313762665
22396,0,5,explicit_mmr,quant_only,validation,0.052563972771167755,0.3800549805164337,0.10314206033945084,0.030820732936263084,0.0031660739332437515,0.4302521347999573
22403,5,5,quant_only,quant_only,validation,0.022976314648985863,0.14282582700252533,0.17468655109405518,0.07310687005519867,0.00461930688470602,0.5817850828170776
22409,0,0,explicit_mmr,explicit_mmr,validation,0.6323282122612,0.3218638002872467,0.00782975647598505,0.0003997742314822972,0.0031331004574894905,0.03444541245698929
22435,2,5,multi_method_not_mmr,quant_only,validation,0.017351126298308372,0.1824597865343094,0.1063443049788475,0.05290047451853752,0.017626836895942688,0.6233174204826355
22443,2,1,multi_method_not_mmr,implicit_mmr,validation,0.2214362919330597,0.5917071104049683,0.02318624220788479,0.002339049708098173,0.005859408527612686,0.15547186136245728
22450,0,5,explicit_mmr,quant_only,validation,0.023377221077680588,0.1618310511112213,0.22934654355049133,0.05634503811597824,0.03902977332472801,0.49007031321525574
22452,0,0,explicit_mmr,explicit_mmr,validation,0.5049832463264465,0.41535845398902893,0.011272589676082134,0.0006830294732935727,0.004618939012289047,0.06308377534151077
22458,2,0,multi_method_not_mmr,explicit_mmr,validation,0.9787322282791138,0.015118447132408619,0.0011995548848062754,0.0002550934732425958,0.001029545208439231,0.003665177384391427
22460,1,0,implicit_mmr,explicit_mmr,validation,0.6410144567489624,0.2710753083229065,0.00933716632425785,0.0008498396491631866,0.0021845826413482428,0.07553867995738983
22465,0,5,explicit_mmr,quant_only,validation,0.12820766866207123,0.31846681237220764,0.11397730559110641,0.019117387011647224,0.03804308548569679,0.38218778371810913
22469,5,0,quant_only,explicit_mmr,validation,0.6381134986877441,0.2995627522468567,0.008357401005923748,0.00045789405703544617,0.002367050852626562,0.051141440868377686
22472,3,3,no_method_signal,no_method_signal,validation,0.0009576190495863557,0.003416132414713502,0.23222678899765015,0.4900847375392914,0.007944860495626926,0.26536983251571655
22514,0,1,explicit_mmr,implicit_mmr,validation,0.16614562273025513,0.6710272431373596,0.02547549083828926,0.0008920693071559072,0.01110694371163845,0.1253526508808136
22517,4,1,qual_only,implicit_mmr,validation,0.12272711098194122,0.772483229637146,0.02033715508878231,0.00033990488736890256,0.013208202086389065,0.07090426981449127
22521,2,1,multi_method_not_mmr,implicit_mmr,validation,0.1787661463022232,0.7187775373458862,0.030427468940615654,0.0008065609727054834,0.028748508542776108,0.042473819106817245
22544,1,0,implicit_mmr,explicit_mmr,validation,0.3653751015663147,0.2290593385696411,0.06375614553689957,0.0015178195899352431,0.2948651909828186,0.04542641341686249
22545,1,4,implicit_mmr,qual_only,validation,0.0012637770269066095,0.0025476342998445034,0.3291124999523163,0.09958162903785706,0.5304700136184692,0.03702443093061447
22548,1,0,implicit_mmr,explicit_mmr,validation,0.4223809838294983,0.3806805908679962,0.04289470240473747,0.0011303252540528774,0.08346425741910934,0.06944913417100906
22593,3,4,no_method_signal,qual_only,validation,0.004136320669203997,0.014419409446418285,0.4315046966075897,0.05268145725131035,0.45442503690719604,0.042833112180233
22612,2,1,multi_method_not_mmr,implicit_mmr,validation,0.055843353271484375,0.4421647787094116,0.07793562114238739,0.009467455558478832,0.00840163417160511,0.4061870574951172
22631,5,5,quant_only,quant_only,validation,0.006080463994294405,0.06519132107496262,0.27286526560783386,0.04985901713371277,0.014330804347991943,0.5916730761528015
22645,2,5,multi_method_not_mmr,quant_only,validation,0.020847290754318237,0.14878691732883453,0.3251928687095642,0.034959301352500916,0.04858388379216194,0.42162975668907166
22684,5,5,quant_only,quant_only,validation,0.0036007945891469717,0.026675349101424217,0.23907877504825592,0.18669556081295013,0.0027866887394338846,0.5411627888679504
22685,5,5,quant_only,quant_only,validation,0.002880566054955125,0.027162829414010048,0.23133733868598938,0.2549724876880646,0.0024961065500974655,0.48115068674087524
22688,2,5,multi_method_not_mmr,quant_only,validation,0.0041715907864272594,0.05512846261262894,0.2139812409877777,0.1707710325717926,0.002525984775274992,0.5534216165542603
22690,2,5,multi_method_not_mmr,quant_only,validation,0.0020312017295509577,0.02692665532231331,0.22152923047542572,0.26422178745269775,0.003996466752141714,0.4812946617603302
22734,5,1,quant_only,implicit_mmr,validation,0.16631416976451874,0.4409335255622864,0.1385512501001358,0.0050759464502334595,0.20125381648540497,0.04787120968103409
22746,5,5,quant_only,quant_only,validation,0.016155820339918137,0.03929581493139267,0.3280709385871887,0.045819614082574844,0.22390645742416382,0.3467513620853424
22778,3,3,no_method_signal,no_method_signal,validation,0.0006976051372475922,0.0008790359715931118,0.22612303495407104,0.7552833557128906,0.0020873756147921085,0.014929636381566525
22787,0,0,explicit_mmr,explicit_mmr,validation,0.9224889278411865,0.0690983235836029,0.0015436881221830845,0.00011510289914440364,0.0008172366069629788,0.00593668082728982
22832,0,1,explicit_mmr,implicit_mmr,validation,0.2374296486377716,0.6411598920822144,0.01830991357564926,0.0005152800003997982,0.008752824738621712,0.09383242577314377
22834,0,0,explicit_mmr,explicit_mmr,validation,0.7191628217697144,0.22813326120376587,0.012292827479541302,0.0011228161165490746,0.0011517885141074657,0.03813641145825386
22843,0,0,explicit_mmr,explicit_mmr,validation,0.6815515756607056,0.27928340435028076,0.006519897375255823,0.00023135950323194265,0.002679369878023863,0.02973434142768383
22847,0,0,explicit_mmr,explicit_mmr,validation,0.913059413433075,0.07555623352527618,0.0016763025196269155,0.00013918921467848122,0.000815979961771518,0.008752930909395218
22851,5,0,quant_only,explicit_mmr,validation,0.9328837394714355,0.04925449565052986,0.003972199745476246,0.0005653799744322896,0.0007043988443911076,0.01261969469487667
22854,1,0,implicit_mmr,explicit_mmr,validation,0.6218353509902954,0.31929537653923035,0.010300971567630768,0.00014112881035543978,0.03295205906033516,0.015475059859454632
22873,2,2,multi_method_not_mmr,multi_method_not_mmr,validation,0.002392546273767948,0.014453745447099209,0.4798143804073334,0.3156169652938843,0.03472781553864479,0.15299463272094727
22884,2,3,multi_method_not_mmr,no_method_signal,validation,0.0012890665093436837,0.008989977650344372,0.3126722574234009,0.35788050293922424,0.00807083211839199,0.3110973834991455
22895,5,5,quant_only,quant_only,validation,0.033446650952100754,0.3547942042350769,0.09416627138853073,0.025538990274071693,0.005360123701393604,0.48669371008872986
22908,0,4,explicit_mmr,qual_only,validation,0.11017592996358871,0.14524929225444794,0.05229818448424339,0.0010084309615194798,0.6735950112342834,0.01767319068312645
22964,4,3,qual_only,no_method_signal,validation,0.000342488317983225,0.0005246044020168483,0.2220645248889923,0.760360836982727,0.003994722850620747,0.012712826021015644
22989,5,4,quant_only,qual_only,validation,0.00677077379077673,0.13906170427799225,0.29240715503692627,0.03299584984779358,0.3051362931728363,0.22362825274467468
22995,0,0,explicit_mmr,explicit_mmr,validation,0.8507767915725708,0.13277634978294373,0.002636941149830818,8.229481318267062e-05,0.002188954735174775,0.011538672260940075
22997,0,1,explicit_mmr,implicit_mmr,validation,0.41415801644325256,0.46827927231788635,0.006448967382311821,0.000812568177934736,0.07828500121831894,0.0320160947740078
22998,1,0,implicit_mmr,explicit_mmr,validation,0.9384341239929199,0.05468357726931572,0.0013700484996661544,8.336883183801547e-05,0.001241933205164969,0.004186978563666344
23003,0,1,explicit_mmr,implicit_mmr,validation,0.3237389624118805,0.4092208445072174,0.014526564627885818,0.002171451225876808,0.20363038778305054,0.04671182855963707
23010,0,0,explicit_mmr,explicit_mmr,validation,0.7038155198097229,0.14671500027179718,0.010424514301121235,0.0003332669148221612,0.09679311513900757,0.04191859811544418
23011,1,1,implicit_mmr,implicit_mmr,validation,0.021605869755148888,0.49375128746032715,0.11217688769102097,0.014636937528848648,0.012530631385743618,0.3452983498573303
23054,2,5,multi_method_not_mmr,quant_only,validation,0.007090577855706215,0.06039072200655937,0.15783756971359253,0.17548583447933197,0.004537448287010193,0.5946577787399292
23063,3,5,no_method_signal,quant_only,validation,0.005876166746020317,0.050445761531591415,0.18674926459789276,0.21114607155323029,0.006174570880830288,0.5396080613136292
23069,2,3,multi_method_not_mmr,no_method_signal,validation,0.0012735450873151422,0.008655086159706116,0.21636420488357544,0.3911241292953491,0.01273217611014843,0.3698509633541107
23098,0,5,explicit_mmr,quant_only,validation,0.06200694292783737,0.1976071447134018,0.17032386362552643,0.06719320267438889,0.0032585933804512024,0.4996102452278137
23106,2,3,multi_method_not_mmr,no_method_signal,validation,0.0003353454521857202,0.007115860003978014,0.02647973783314228,0.8925952315330505,0.008909394033253193,0.06456445902585983
23114,2,5,multi_method_not_mmr,quant_only,validation,0.020156091079115868,0.12142820656299591,0.22090545296669006,0.12783896923065186,0.005644524935632944,0.5040267705917358
23119,1,1,implicit_mmr,implicit_mmr,validation,0.3389523923397064,0.47682106494903564,0.024128606542944908,0.0003186444810125977,0.11847446113824844,0.04130478575825691
23125,1,1,implicit_mmr,implicit_mmr,validation,0.08043421059846878,0.7434285283088684,0.03757702559232712,0.0012117603328078985,0.010041497647762299,0.1273069977760315
23157,0,0,explicit_mmr,explicit_mmr,validation,0.9499179124832153,0.04302952438592911,0.0011385047109797597,0.00011860719678224996,0.000769670179579407,0.00502585805952549
23159,1,0,implicit_mmr,explicit_mmr,validation,0.5161423087120056,0.4425349235534668,0.007002915255725384,0.00010947613191092387,0.006712448783218861,0.027497917413711548
23160,1,0,implicit_mmr,explicit_mmr,validation,0.750863790512085,0.20619186758995056,0.00600159028545022,0.0001223265571752563,0.020040560513734818,0.016779888421297073
23162,0,0,explicit_mmr,explicit_mmr,validation,0.9806166887283325,0.013504944741725922,0.001009028754197061,0.0003306697471998632,0.0008142403094097972,0.003724351292476058
23166,1,0,implicit_mmr,explicit_mmr,validation,0.8872302174568176,0.09862668812274933,0.002321102889254689,0.00012826228339690715,0.0011425380362197757,0.010551206767559052
23167,1,0,implicit_mmr,explicit_mmr,validation,0.9377185702323914,0.050362925976514816,0.0024023053701967,0.00025293880025856197,0.0007242506253533065,0.008539008907973766
23172,1,4,implicit_mmr,qual_only,validation,0.16894769668579102,0.2826360762119293,0.04524942860007286,0.0008562561124563217,0.4767908751964569,0.02551960200071335
23176,0,1,explicit_mmr,implicit_mmr,validation,0.2230396866798401,0.7110464572906494,0.011627527885138988,0.00018020407878793776,0.008710211142897606,0.045396026223897934
23188,4,1,qual_only,implicit_mmr,validation,0.08656333386898041,0.8527706861495972,0.020084839314222336,0.00035179522819817066,0.008736131712794304,0.03149319440126419
23190,4,1,qual_only,implicit_mmr,validation,0.22668558359146118,0.47594329714775085,0.04666450247168541,0.0007154091726988554,0.2227799892425537,0.02721129171550274
23192,0,1,explicit_mmr,implicit_mmr,validation,0.08107157051563263,0.8710809350013733,0.014121458865702152,0.00032564924913458526,0.004532064311206341,0.028868354856967926
23194,4,2,qual_only,multi_method_not_mmr,validation,0.00604509050026536,0.07747410982847214,0.4065485894680023,0.02979654259979725,0.2685803771018982,0.21155540645122528
23198,5,0,quant_only,explicit_mmr,validation,0.9260536432266235,0.04933041334152222,0.0025942777283489704,0.00013889995170757174,0.01584729179739952,0.006035481579601765
23205,4,1,qual_only,implicit_mmr,validation,0.11152859777212143,0.6564599871635437,0.05229886993765831,0.0006102698971517384,0.13890615105628967,0.04019618779420853
23211,0,4,explicit_mmr,qual_only,validation,0.13326740264892578,0.3288889229297638,0.07640788704156876,0.0012774694478139281,0.4305664300918579,0.029591867700219154
23232,0,0,explicit_mmr,explicit_mmr,validation,0.9293205738067627,0.0608660988509655,0.0016367556527256966,7.348431972786784e-05,0.0019040642073377967,0.006199119612574577
23233,0,1,explicit_mmr,implicit_mmr,validation,0.2282678782939911,0.6651482582092285,0.01788724958896637,0.0003451653174124658,0.01319545041769743,0.07515595108270645
23234,1,1,implicit_mmr,implicit_mmr,validation,0.11147172749042511,0.3508765995502472,0.1557624787092209,0.005991109646856785,0.23199599981307983,0.14390207827091217
23264,4,4,qual_only,qual_only,validation,0.03051670640707016,0.07453963160514832,0.10300135612487793,0.002603070344775915,0.7719825506210327,0.01735670678317547
23272,0,5,explicit_mmr,quant_only,validation,0.04223650321364403,0.23325805366039276,0.11301818490028381,0.057967476546764374,0.011146999895572662,0.5423728227615356
23285,0,0,explicit_mmr,explicit_mmr,validation,0.9212982058525085,0.06912767887115479,0.0013717572437599301,8.212501415982842e-05,0.0013493294827640057,0.0067708250135183334
23290,1,1,implicit_mmr,implicit_mmr,validation,0.06797398626804352,0.8795797824859619,0.014144008047878742,0.00032315694261342287,0.00369281810708344,0.034286197274923325
23300,0,0,explicit_mmr,explicit_mmr,validation,0.925946831703186,0.06495574116706848,0.0014204715844243765,0.0001034671877278015,0.0009730931487865746,0.0066003343090415
23304,2,5,multi_method_not_mmr,quant_only,validation,0.00850939191877842,0.12443530559539795,0.05667081102728844,0.12920185923576355,0.013362872414290905,0.6678197383880615
23307,5,5,quant_only,quant_only,validation,0.01793254166841507,0.30048903822898865,0.0744672641158104,0.0454697348177433,0.009599801152944565,0.5520415306091309
23311,0,0,explicit_mmr,explicit_mmr,validation,0.8744637966156006,0.10951070487499237,0.0026449174620211124,0.00022792884556110948,0.0008376757614314556,0.012314979918301105
23315,5,0,quant_only,explicit_mmr,validation,0.6094738841056824,0.2198074460029602,0.02869260124862194,0.0062744165770709515,0.01907542534172535,0.11667624861001968
23320,4,4,qual_only,qual_only,validation,0.0008745283121243119,0.0026409602724015713,0.20299877226352692,0.07862746715545654,0.6472868919372559,0.06757139414548874
23324,4,5,qual_only,quant_only,validation,0.0037051194813102484,0.05416487902402878,0.08523126691579819,0.17344501614570618,0.007747329771518707,0.6757064461708069
23341,0,0,explicit_mmr,explicit_mmr,validation,0.912178635597229,0.07660733163356781,0.0018727910937741399,0.00012489280197769403,0.0010561711387708783,0.008160045370459557
23407,0,0,explicit_mmr,explicit_mmr,validation,0.9105920791625977,0.07690433412790298,0.002035711659118533,0.00013499324268195778,0.001246957341209054,0.009086021222174168
23425,0,0,explicit_mmr,explicit_mmr,validation,0.930436909198761,0.06083482876420021,0.001508094952441752,8.26824179966934e-05,0.0013184688286855817,0.005819077603518963
23451,0,1,explicit_mmr,implicit_mmr,validation,0.22084906697273254,0.6638289093971252,0.024188430979847908,0.0003600240161176771,0.0378032810986042,0.052970219403505325
23453,0,0,explicit_mmr,explicit_mmr,validation,0.9789696931838989,0.01585027389228344,0.000846029375679791,0.00021945837943349034,0.0007603815174661577,0.0033542264718562365
23456,5,3,quant_only,no_method_signal,validation,0.00043761389679275453,0.002155349822714925,0.18299748003482819,0.6889724135398865,0.003714699996635318,0.12172242254018784
23490,1,1,implicit_mmr,implicit_mmr,validation,0.2078372687101364,0.7475836873054504,0.010164408013224602,0.00018079011351801455,0.0033090042416006327,0.030924882739782333
23502,1,0,implicit_mmr,explicit_mmr,validation,0.7758404016494751,0.19325459003448486,0.004987698048353195,0.0001054371168720536,0.008902016095817089,0.016909975558519363
23512,0,0,explicit_mmr,explicit_mmr,validation,0.6660089492797852,0.3004694879055023,0.002922758227214217,0.00019727151084225625,0.01216764748096466,0.018233783543109894
23523,5,0,quant_only,explicit_mmr,validation,0.8786716461181641,0.10821980983018875,0.002301993314176798,0.00017157316324301064,0.0006929109222255647,0.00994206964969635
23529,0,0,explicit_mmr,explicit_mmr,validation,0.9086276888847351,0.08048229664564133,0.0017659399891272187,8.745222294237465e-05,0.001399702625349164,0.00763710867613554
23534,1,0,implicit_mmr,explicit_mmr,validation,0.6450996398925781,0.31068095564842224,0.006424975581467152,0.00018845013983082026,0.0027379642706364393,0.03486799821257591
23541,0,0,explicit_mmr,explicit_mmr,validation,0.8896149396896362,0.09586120396852493,0.00226013595238328,9.061941818799824e-05,0.0028672171756625175,0.009305904619395733
23560,3,5,no_method_signal,quant_only,validation,0.0031495082657784224,0.028343966230750084,0.2565362751483917,0.21600082516670227,0.003279699245467782,0.49268972873687744
23575,5,2,quant_only,multi_method_not_mmr,validation,0.014468363486230373,0.009625514037907124,0.48546841740608215,0.1751680076122284,0.14802509546279907,0.16724462807178497
23577,5,4,quant_only,qual_only,validation,0.011001450009644032,0.009904571808874607,0.11333434283733368,0.033333808183670044,0.8169664144515991,0.015459359623491764
23602,3,3,no_method_signal,no_method_signal,validation,0.0005260756006464362,0.0006953996489755809,0.4074576795101166,0.4502972364425659,0.1214030385017395,0.019620556384325027
23625,0,0,explicit_mmr,explicit_mmr,validation,0.9016353487968445,0.08395944535732269,0.002222726820036769,0.00022421538596972823,0.0009296398493461311,0.011028651148080826
23626,0,0,explicit_mmr,explicit_mmr,validation,0.9200498461723328,0.07029076665639877,0.0015481027076020837,8.072544005699456e-05,0.001414204016327858,0.006616318132728338
23629,0,1,explicit_mmr,implicit_mmr,validation,0.44670939445495605,0.48406654596328735,0.009181671775877476,0.00017287077207583934,0.03903263062238693,0.02083689346909523
23634,5,1,quant_only,implicit_mmr,validation,0.1307535618543625,0.545383870601654,0.027700772508978844,0.017385808750987053,0.1503765732049942,0.12839943170547485
23667,2,1,multi_method_not_mmr,implicit_mmr,validation,0.03811810538172722,0.449224054813385,0.06589464843273163,0.007222252432256937,0.01322868000715971,0.42631232738494873
23688,1,1,implicit_mmr,implicit_mmr,validation,0.3252796232700348,0.33835569024086,0.02160012535750866,0.0003587538667488843,0.28483259677886963,0.029573241248726845
23741,0,5,explicit_mmr,quant_only,validation,0.011138198897242546,0.042785584926605225,0.18568430840969086,0.09437866508960724,0.008119813166558743,0.6578934192657471
23744,0,5,explicit_mmr,quant_only,validation,0.01012436393648386,0.09879623353481293,0.2522054612636566,0.07567204535007477,0.03263149410486221,0.5305703282356262
23808,1,1,implicit_mmr,implicit_mmr,validation,0.2922968566417694,0.5825954079627991,0.017550531774759293,0.00044927760609425604,0.009928831830620766,0.097179114818573
23809,1,1,implicit_mmr,implicit_mmr,validation,0.25002530217170715,0.6583729386329651,0.014391649514436722,0.00036143508623354137,0.006845981813967228,0.0700027272105217
23840,0,1,explicit_mmr,implicit_mmr,validation,0.10586290806531906,0.7261502146720886,0.0406142883002758,0.0005323166842572391,0.03905593976378441,0.08778435736894608
23856,4,4,qual_only,qual_only,validation,0.003088292432948947,0.020115571096539497,0.3455764055252075,0.030193492770195007,0.4722670614719391,0.12875905632972717
23884,4,0,qual_only,explicit_mmr,validation,0.4842034578323364,0.13179077208042145,0.06415659934282303,0.007783946581184864,0.24548952281475067,0.06657574325799942
23911,5,4,quant_only,qual_only,validation,0.03880651295185089,0.14868475496768951,0.32014936208724976,0.02359386906027794,0.34981489181518555,0.11895059794187546
23924,1,1,implicit_mmr,implicit_mmr,validation,0.4113175570964813,0.5191420316696167,0.009885033592581749,0.00039786973502486944,0.005910778883844614,0.05334668979048729
23944,3,5,no_method_signal,quant_only,validation,0.0025076190941035748,0.02778083272278309,0.4073050022125244,0.09441995620727539,0.019500212743878365,0.4484862983226776
23980,0,0,explicit_mmr,explicit_mmr,validation,0.8840134739875793,0.10272209346294403,0.002358483150601387,0.00017081454279832542,0.0009055992704816163,0.009829544462263584
23981,0,0,explicit_mmr,explicit_mmr,validation,0.7765997648239136,0.2071627378463745,0.0021388716995716095,0.00014731931150890887,0.001965862698853016,0.0119855348020792
23985,5,5,quant_only,quant_only,validation,0.012092764489352703,0.11748423427343369,0.20010735094547272,0.046905145049095154,0.0350976288318634,0.5883129239082336
24275,0,0,explicit_mmr,explicit_mmr,validation,0.8987829089164734,0.08808696269989014,0.0021870625205338,0.0001606179284863174,0.0008906698785722256,0.009891629219055176
24284,4,4,qual_only,qual_only,validation,0.0009967179503291845,0.002896036021411419,0.1572161316871643,0.027843963354825974,0.7390035390853882,0.07204361259937286
24336,0,1,explicit_mmr,implicit_mmr,validation,0.14274638891220093,0.6377285718917847,0.040682051330804825,0.001331701991148293,0.012938805855810642,0.16457244753837585
24589,0,1,explicit_mmr,implicit_mmr,validation,0.06164279952645302,0.7113444209098816,0.054444797337055206,0.0011366003891453147,0.017250483855605125,0.15418095886707306
24661,2,4,multi_method_not_mmr,qual_only,validation,0.002865406684577465,0.0028029391542077065,0.06109796091914177,0.005515609867870808,0.9205883145332336,0.007129739038646221
24832,0,0,explicit_mmr,explicit_mmr,validation,0.8692091703414917,0.1160072609782219,0.002384649822488427,0.0001484188687754795,0.0008616404375061393,0.011388806626200676
24937,0,0,explicit_mmr,explicit_mmr,validation,0.9032334089279175,0.08312972635030746,0.0017213030951097608,0.00010683354776119813,0.0019337283447384834,0.009874939918518066
24957,4,0,qual_only,explicit_mmr,validation,0.9032760262489319,0.0865432471036911,0.002030914882197976,7.794585690135136e-05,0.0020701922476291656,0.0060016014613211155
17948,1,1,implicit_mmr,implicit_mmr,test,0.05810610577464104,0.6591352224349976,0.06335964053869247,0.0018594438442960382,0.01646018773317337,0.20107945799827576
19352,0,1,explicit_mmr,implicit_mmr,test,0.06450699269771576,0.7043710947036743,0.06805577874183655,0.0013486971147358418,0.028883419930934906,0.13283400237560272
19362,0,1,explicit_mmr,implicit_mmr,test,0.06044561415910721,0.6663677096366882,0.060721226036548615,0.002435825066640973,0.012974451296031475,0.19705507159233093
20124,0,0,explicit_mmr,explicit_mmr,test,0.8109623789787292,0.17654232680797577,0.0014826219994574785,0.00011505516886245459,0.002579247811809182,0.008318298496305943
20364,1,1,implicit_mmr,implicit_mmr,test,0.333945631980896,0.5617426037788391,0.019379910081624985,0.00032936615752987564,0.034204550087451935,0.050397954881191254
20366,1,0,implicit_mmr,explicit_mmr,test,0.6336566805839539,0.27199721336364746,0.007786543108522892,0.0001494284806540236,0.06790753453969955,0.018502693623304367
20733,1,0,implicit_mmr,explicit_mmr,test,0.8670883178710938,0.11781380325555801,0.0025320923887193203,0.0001383065537083894,0.001127451891079545,0.011300035752356052
20754,1,0,implicit_mmr,explicit_mmr,test,0.9247103333473206,0.06681744754314423,0.001448574592359364,9.229481656802818e-05,0.0010082443477585912,0.005923043470829725
20772,1,1,implicit_mmr,implicit_mmr,test,0.2040986865758896,0.6420438289642334,0.03547224774956703,0.0006165039376355708,0.039811164140701294,0.0779576227068901
20855,0,1,explicit_mmr,implicit_mmr,test,0.03681846335530281,0.7470194697380066,0.057365357875823975,0.002105217194184661,0.007748972158879042,0.14894244074821472
21424,4,0,qual_only,explicit_mmr,test,0.9482147097587585,0.023303566500544548,0.001438512117601931,0.00013301784929353744,0.023619428277015686,0.003290673019364476
22234,0,4,explicit_mmr,qual_only,test,0.017291953787207603,0.017335793003439903,0.04740724340081215,0.003230727044865489,0.9087244272232056,0.006009836681187153
23148,0,0,explicit_mmr,explicit_mmr,test,0.7793729901313782,0.12892216444015503,0.008513792417943478,0.00016061357746366411,0.07372263818979263,0.009307808242738247
23253,1,0,implicit_mmr,explicit_mmr,test,0.6309612989425659,0.333574116230011,0.004942233208566904,0.00013302176375873387,0.0026700482703745365,0.027719266712665558
23346,4,4,qual_only,qual_only,test,0.051789384335279465,0.010648657567799091,0.011634200811386108,0.0010268031619489193,0.9204394221305847,0.004461576230823994
23354,4,4,qual_only,qual_only,test,0.4536004364490509,0.04077568277716637,0.007650640793144703,0.0005452394252642989,0.48908939957618713,0.00833849236369133
23494,1,1,implicit_mmr,implicit_mmr,test,0.15350566804409027,0.7278726100921631,0.023039307445287704,0.0003100580652244389,0.04458954557776451,0.05068286135792732
23533,2,0,multi_method_not_mmr,explicit_mmr,test,0.7979506850242615,0.18300724029541016,0.003083777381107211,0.00010040531196864322,0.0017622108571231365,0.014095589518547058
23605,2,4,multi_method_not_mmr,qual_only,test,0.0017456446075811982,0.0018486690241843462,0.19511006772518158,0.11448445916175842,0.6784061193466187,0.008404945023357868
23679,0,0,explicit_mmr,explicit_mmr,test,0.9447284936904907,0.0470733605325222,0.0013088166015222669,0.00017642798775341362,0.0006766747101210058,0.0060363635420799255
23700,0,1,explicit_mmr,implicit_mmr,test,0.1424919068813324,0.5268984436988831,0.0537542998790741,0.006763454992324114,0.007219179533421993,0.26287275552749634
23705,0,5,explicit_mmr,quant_only,test,0.0277600958943367,0.24087734520435333,0.14611521363258362,0.04172900319099426,0.008645887486636639,0.5348725318908691
23707,0,5,explicit_mmr,quant_only,test,0.017918704077601433,0.14035150408744812,0.17663438618183136,0.05588768050074577,0.02862449921667576,0.5805832147598267
23727,0,1,explicit_mmr,implicit_mmr,test,0.1574404388666153,0.5243943929672241,0.04637102410197258,0.0070952377282083035,0.007262637373059988,0.2574361562728882
23732,0,5,explicit_mmr,quant_only,test,0.005359731148928404,0.09195522964000702,0.20545467734336853,0.10170005261898041,0.035646673291921616,0.5598835945129395
23742,0,5,explicit_mmr,quant_only,test,0.004767571110278368,0.10795612633228302,0.17756178975105286,0.11249002814292908,0.033320534974336624,0.5639039874076843
23752,0,0,explicit_mmr,explicit_mmr,test,0.8061290383338928,0.1667027324438095,0.0038608748000115156,0.00023349907132796943,0.001211815164424479,0.021862031891942024
23754,1,0,implicit_mmr,explicit_mmr,test,0.9763868451118469,0.017317475751042366,0.0011522870045155287,0.00020268822845537215,0.0011416930938139558,0.0037990075070410967
23755,2,0,multi_method_not_mmr,explicit_mmr,test,0.6766688227653503,0.2837259769439697,0.005974395200610161,0.00033522219746373594,0.0014810641296207905,0.031814463436603546
23763,1,5,implicit_mmr,quant_only,test,0.007927454076707363,0.06818193197250366,0.21055398881435394,0.11166411638259888,0.014687697403132915,0.5869848132133484
23765,0,5,explicit_mmr,quant_only,test,0.015047776512801647,0.1592492312192917,0.15604239702224731,0.07984811812639236,0.031045520678162575,0.5587669014930725
23807,3,5,no_method_signal,quant_only,test,0.005874906200915575,0.04906894266605377,0.21605683863162994,0.21851906180381775,0.005095997359603643,0.5053842663764954
23819,0,0,explicit_mmr,explicit_mmr,test,0.8861702680587769,0.09974933415651321,0.0024952921085059643,0.00010551105515332893,0.0016158155631273985,0.009863699786365032
23838,0,1,explicit_mmr,implicit_mmr,test,0.20706379413604736,0.702988862991333,0.013415046967566013,0.00028647208819165826,0.0074990191496908665,0.06874676793813705
23883,1,0,implicit_mmr,explicit_mmr,test,0.8519978523254395,0.1303793489933014,0.00287913391366601,0.0001920858194353059,0.0011897246586158872,0.013361938297748566
23953,0,0,explicit_mmr,explicit_mmr,test,0.9208124876022339,0.06896401941776276,0.0008912185439839959,0.00010515304893488064,0.003977090585976839,0.005250072572380304
23956,0,0,explicit_mmr,explicit_mmr,test,0.9158011078834534,0.07135187834501266,0.0011575722601264715,0.00010419054160593078,0.006163023877888918,0.005422400776296854
23959,0,0,explicit_mmr,explicit_mmr,test,0.935946524143219,0.054588433355093,0.0015428432961925864,0.0001446029491489753,0.0009251605370081961,0.006852380931377411
23968,0,0,explicit_mmr,explicit_mmr,test,0.9133800268173218,0.07559441775083542,0.001081076799891889,0.0001111366436816752,0.003661456750705838,0.006171803455799818
24018,2,2,multi_method_not_mmr,multi_method_not_mmr,test,0.0008028973825275898,0.008971466682851315,0.4847806692123413,0.22222104668617249,0.011536896228790283,0.27168703079223633
24058,4,5,qual_only,quant_only,test,0.0016261674463748932,0.008393791504204273,0.3060225546360016,0.08669285476207733,0.27212217450141907,0.3251424729824066
24059,1,1,implicit_mmr,implicit_mmr,test,0.24079425632953644,0.5773383378982544,0.03591102734208107,0.0003434950776863843,0.07869355380535126,0.06691937893629074
24063,1,1,implicit_mmr,implicit_mmr,test,0.2595318853855133,0.6257429122924805,0.021537361666560173,0.00029234567773528397,0.06005774065852165,0.03283783793449402
24075,0,0,explicit_mmr,explicit_mmr,test,0.9157276153564453,0.07533667236566544,0.001962965354323387,7.208523311419412e-05,0.0021600641775876284,0.004740673117339611
24077,0,0,explicit_mmr,explicit_mmr,test,0.7536267042160034,0.06769656389951706,0.0298104640096426,0.007115362212061882,0.020993391051888466,0.1207575649023056
24079,0,0,explicit_mmr,explicit_mmr,test,0.9779719114303589,0.015435876324772835,0.0007095422479324043,0.00011356741015333682,0.003390338271856308,0.0023787596728652716
24083,4,4,qual_only,qual_only,test,0.02337590791285038,0.010092713870108128,0.014027287252247334,0.0011011167662218213,0.947124183177948,0.004278817214071751
24085,4,0,qual_only,explicit_mmr,test,0.9436091780662537,0.013957267627120018,0.001746363821439445,0.00030065982718952,0.03760611638426781,0.0027805001009255648
24091,0,5,explicit_mmr,quant_only,test,0.012506081722676754,0.30022957921028137,0.1436174511909485,0.01257540937513113,0.017585113644599915,0.513486385345459
24092,0,1,explicit_mmr,implicit_mmr,test,0.07831667363643646,0.8589731454849243,0.013573208823800087,0.0004626241570804268,0.0023703768383711576,0.04630398750305176
24111,3,3,no_method_signal,no_method_signal,test,0.005875101312994957,0.0169096440076828,0.14522264897823334,0.49897441267967224,0.009770482778549194,0.3232477605342865
24137,4,0,qual_only,explicit_mmr,test,0.7573736906051636,0.068111352622509,0.008058495819568634,0.00030316159245558083,0.1550629436969757,0.011090327054262161
24143,1,0,implicit_mmr,explicit_mmr,test,0.9294856786727905,0.05942245200276375,0.0017938435776159167,0.00024574450799264014,0.0007568543078377843,0.008295347914099693
24154,0,0,explicit_mmr,explicit_mmr,test,0.927483856678009,0.06128694862127304,0.0017697211587801576,0.00015923078171908855,0.0011121099814772606,0.008188322186470032
24166,0,4,explicit_mmr,qual_only,test,0.04850982129573822,0.21730856597423553,0.24451719224452972,0.007989354431629181,0.37037938833236694,0.1112956777215004
24167,0,0,explicit_mmr,explicit_mmr,test,0.9013887643814087,0.07328277081251144,0.003016207367181778,9.527827933197841e-05,0.01630730740725994,0.00590949272736907
24169,2,3,multi_method_not_mmr,no_method_signal,test,0.0004234425723552704,0.003454208839684725,0.2022058218717575,0.6890797019004822,0.006262246053665876,0.09857460856437683
24173,1,0,implicit_mmr,explicit_mmr,test,0.8035055994987488,0.13455107808113098,0.01286680344492197,0.001587391598150134,0.0012098110746592283,0.04627934843301773
24188,2,2,multi_method_not_mmr,multi_method_not_mmr,test,0.017410248517990112,0.06533564627170563,0.3624265491962433,0.1464422196149826,0.19869375228881836,0.2096916139125824
24199,0,1,explicit_mmr,implicit_mmr,test,0.050018396228551865,0.47523173689842224,0.09508204460144043,0.007919021882116795,0.028462249785661697,0.34328654408454895
24243,5,2,quant_only,multi_method_not_mmr,test,0.0005435681669041514,0.0016195959178730845,0.5218595862388611,0.28634563088417053,0.16716362535953522,0.02246800810098648
24250,2,4,multi_method_not_mmr,qual_only,test,0.00706695718690753,0.009204835630953312,0.26391878724098206,0.10830579698085785,0.5815693736076355,0.029934296384453773
24251,5,0,quant_only,explicit_mmr,test,0.8016993999481201,0.16884072124958038,0.005717630963772535,0.00011347987310728058,0.008645621128380299,0.014983179979026318
24265,3,5,no_method_signal,quant_only,test,0.002663305029273033,0.016107875853776932,0.27832475304603577,0.32824504375457764,0.0035173133946955204,0.3711416721343994
24306,0,0,explicit_mmr,explicit_mmr,test,0.9775110483169556,0.013916557654738426,0.0020420353394001722,0.0006547784432768822,0.0006212044972926378,0.0052544185891747475
24313,0,5,explicit_mmr,quant_only,test,0.06635798513889313,0.22149689495563507,0.18500183522701263,0.05537354201078415,0.00475973030552268,0.4670100510120392
24325,0,0,explicit_mmr,explicit_mmr,test,0.7047445178031921,0.24657803773880005,0.007450140081346035,0.0004354636766947806,0.0032648458145558834,0.03752705827355385
24328,0,5,explicit_mmr,quant_only,test,0.0016000157920643687,0.02294192463159561,0.22192047536373138,0.19562408328056335,0.07745537161827087,0.48045819997787476
24366,0,1,explicit_mmr,implicit_mmr,test,0.20796015858650208,0.7119067311286926,0.013384701684117317,0.0004979599616490304,0.003460109233856201,0.06279028207063675
24367,4,1,qual_only,implicit_mmr,test,0.08909323066473007,0.7833235263824463,0.02040419541299343,0.0011652694083750248,0.004049213137477636,0.10196452587842941
24385,3,5,no_method_signal,quant_only,test,0.002150243381038308,0.029884574934840202,0.12460411339998245,0.1704908311367035,0.011481436900794506,0.6613887548446655
24392,5,5,quant_only,quant_only,test,0.001751106115989387,0.019292069599032402,0.1426495611667633,0.09136535227298737,0.0979386642575264,0.6470032334327698
24404,1,0,implicit_mmr,explicit_mmr,test,0.9020828008651733,0.08501958101987839,0.0018941512098535895,0.00013082660734653473,0.0010139308869838715,0.009858603589236736
24416,2,5,multi_method_not_mmr,quant_only,test,0.03111700713634491,0.3816821873188019,0.07275163382291794,0.03980529308319092,0.011586295440793037,0.4630575478076935
24425,2,1,multi_method_not_mmr,implicit_mmr,test,0.1016475036740303,0.7602258324623108,0.02134147845208645,0.000743502692785114,0.005537571385502815,0.11050396412611008
24434,5,1,quant_only,implicit_mmr,test,0.02784864418208599,0.6064977049827576,0.04469716176390648,0.011198864318430424,0.005027196370065212,0.30473047494888306
24443,5,5,quant_only,quant_only,test,0.017018739134073257,0.313326895236969,0.09314732998609543,0.04886271804571152,0.005391668062657118,0.5222525596618652
24447,0,0,explicit_mmr,explicit_mmr,test,0.8611046075820923,0.12393102794885635,0.002575950464233756,0.00016551387670915574,0.0009233075543306768,0.011299586854875088
24478,2,3,multi_method_not_mmr,no_method_signal,test,0.0009796010563150048,0.009294940158724785,0.26210716366767883,0.3682299554347992,0.0319645069539547,0.32742393016815186
24479,0,0,explicit_mmr,explicit_mmr,test,0.948855996131897,0.04358859732747078,0.00122841855045408,0.0001537343778181821,0.0006858471897430718,0.00548758078366518
24481,0,0,explicit_mmr,explicit_mmr,test,0.9795289039611816,0.014982389286160469,0.0006201445939950645,0.00023792803403921425,0.002168611390516162,0.0024620124604552984
24488,0,1,explicit_mmr,implicit_mmr,test,0.21216115355491638,0.7060880661010742,0.010916207917034626,0.0005210675299167633,0.0026048284489661455,0.06770873069763184
24489,3,3,no_method_signal,no_method_signal,test,0.0011154910316690803,0.012092123739421368,0.18049556016921997,0.42141056060791016,0.006923530716449022,0.3779626786708832
24491,0,0,explicit_mmr,explicit_mmr,test,0.9760934710502625,0.01741008460521698,0.00114737031981349,0.00026897777570411563,0.0007456991006620228,0.004334236960858107
24496,0,0,explicit_mmr,explicit_mmr,test,0.9026957154273987,0.08158554136753082,0.0015054680407047272,0.00011991618521278724,0.0071449195966124535,0.006948332767933607
24500,2,5,multi_method_not_mmr,quant_only,test,0.0037978882901370525,0.024737676605582237,0.16705921292304993,0.25435590744018555,0.009268688037991524,0.5407806634902954
24505,5,5,quant_only,quant_only,test,0.004649356007575989,0.1392696052789688,0.09386738389730453,0.1255342662334442,0.0073709990829229355,0.6293084025382996
24506,0,1,explicit_mmr,implicit_mmr,test,0.23611091077327728,0.693185567855835,0.009495984762907028,0.00037835800321772695,0.0032386742532253265,0.05759047344326973
24522,0,0,explicit_mmr,explicit_mmr,test,0.7550214529037476,0.225094735622406,0.0036838112864643335,0.00010785743506858125,0.0031276254449039698,0.012964462861418724
24526,0,5,explicit_mmr,quant_only,test,0.008951318450272083,0.09067244827747345,0.14027617871761322,0.12388566136360168,0.014522355049848557,0.6216920018196106
24542,1,1,implicit_mmr,implicit_mmr,test,0.3226076364517212,0.5645719766616821,0.0319216325879097,0.0014361621579155326,0.009458173997700214,0.07000439614057541
24559,1,0,implicit_mmr,explicit_mmr,test,0.9378430843353271,0.05232713371515274,0.0015779382083564997,0.00013621804828289896,0.0015005029272288084,0.006615136284381151
24565,1,0,implicit_mmr,explicit_mmr,test,0.9360392689704895,0.040592607110738754,0.0037827480118721724,0.00024422197020612657,0.014864322729408741,0.004476835485547781
24568,1,0,implicit_mmr,explicit_mmr,test,0.9545271396636963,0.03787655010819435,0.0012462136801332235,6.987505912547931e-05,0.0027720180805772543,0.00350822857581079
24570,5,4,quant_only,qual_only,test,0.055575523525476456,0.02610279805958271,0.044388141483068466,0.004032694268971682,0.8646485805511475,0.005252286791801453
24576,1,0,implicit_mmr,explicit_mmr,test,0.935112476348877,0.05432065576314926,0.0016785984626039863,0.00010510703577892855,0.002728559309616685,0.006054563447833061
24598,1,1,implicit_mmr,implicit_mmr,test,0.16645964980125427,0.7510165572166443,0.01223693136125803,0.00031837710412219167,0.004297382198274136,0.0656711608171463
24609,1,0,implicit_mmr,explicit_mmr,test,0.8567809462547302,0.12447769939899445,0.002479668240994215,0.00022160052321851254,0.0007913057343102992,0.015248680487275124
24610,5,0,quant_only,explicit_mmr,test,0.32035407423973083,0.24684341251850128,0.10556623339653015,0.02225249633193016,0.004430555272847414,0.30055320262908936
24614,0,5,explicit_mmr,quant_only,test,0.015428011305630207,0.2713529169559479,0.1036858931183815,0.043527353554964066,0.00702253682538867,0.558983325958252
24616,4,4,qual_only,qual_only,test,0.01459018886089325,0.03812914714217186,0.08653195947408676,0.0031555905006825924,0.8458621501922607,0.011730865575373173
24627,4,4,qual_only,qual_only,test,0.007878313772380352,0.018596600741147995,0.0759018212556839,0.0033709274139255285,0.8831893801689148,0.011062958277761936
24628,0,0,explicit_mmr,explicit_mmr,test,0.9244491457939148,0.06528030335903168,0.0022129795979708433,0.00012212064757477492,0.0018828317988663912,0.006052711047232151
24633,0,0,explicit_mmr,explicit_mmr,test,0.671416699886322,0.2920801639556885,0.005515708588063717,0.00011863132385769859,0.009577637538313866,0.021291110664606094
24637,0,0,explicit_mmr,explicit_mmr,test,0.666571319103241,0.29727256298065186,0.005442352499812841,0.00014282473421189934,0.006048517767339945,0.024522436782717705
24644,0,0,explicit_mmr,explicit_mmr,test,0.9358198046684265,0.055539119988679886,0.001466440735384822,9.510209201835096e-05,0.001144968206062913,0.0059347026981413364
24650,0,0,explicit_mmr,explicit_mmr,test,0.9458901882171631,0.04056870937347412,0.0021024439483880997,8.684926433488727e-05,0.007624790072441101,0.0037270872853696346
24698,2,0,multi_method_not_mmr,explicit_mmr,test,0.6781415939331055,0.2545190453529358,0.009838998317718506,0.0009883061284199357,0.003452971810474992,0.053059171885252
24787,5,4,quant_only,qual_only,test,0.04034503549337387,0.15214523673057556,0.23344838619232178,0.006543369963765144,0.4940914809703827,0.0734265074133873
24789,1,1,implicit_mmr,implicit_mmr,test,0.1837901920080185,0.6449677348136902,0.02341018058359623,0.0011946209706366062,0.006662415806204081,0.13997487723827362
24792,0,1,explicit_mmr,implicit_mmr,test,0.033150650560855865,0.5771258473396301,0.12455707788467407,0.0021816245280206203,0.05652769282460213,0.20645710825920105
24798,0,1,explicit_mmr,implicit_mmr,test,0.06492947787046432,0.3973793387413025,0.1307259351015091,0.004113156348466873,0.054412711411714554,0.34843936562538147
24800,0,5,explicit_mmr,quant_only,test,0.040340717881917953,0.31206926703453064,0.19585922360420227,0.004956650547683239,0.10133679956197739,0.34543734788894653
24802,0,1,explicit_mmr,implicit_mmr,test,0.02375160902738571,0.49634209275245667,0.12651297450065613,0.004108460154384375,0.037044085562229156,0.3122408092021942
24845,2,0,multi_method_not_mmr,explicit_mmr,test,0.9253077507019043,0.06490351259708405,0.0016365378396585584,0.000137698560138233,0.0009593205177225173,0.007055214140564203
24860,0,1,explicit_mmr,implicit_mmr,test,0.11919289827346802,0.7249751091003418,0.03701779618859291,0.00036380841629579663,0.04431740939617157,0.07413291186094284
24893,5,1,quant_only,implicit_mmr,test,0.2560405135154724,0.5004172325134277,0.050325438380241394,0.004283751826733351,0.004117187112569809,0.18481583893299103
24920,1,0,implicit_mmr,explicit_mmr,test,0.9840050935745239,0.010724997147917747,0.001060838927514851,0.00035597450914792717,0.000866952701471746,0.002986049046739936
24933,5,1,quant_only,implicit_mmr,test,0.10800111293792725,0.7896329760551453,0.020056888461112976,0.000535345810931176,0.004518827423453331,0.07725495845079422
24948,4,1,qual_only,implicit_mmr,test,0.044464197009801865,0.6771516799926758,0.056587234139442444,0.001897580805234611,0.014888409525156021,0.20501089096069336
24949,0,0,explicit_mmr,explicit_mmr,test,0.9614129662513733,0.031968556344509125,0.0010837852023541927,0.0001261358556803316,0.0007163065019994974,0.0046922327019274235
24953,4,1,qual_only,implicit_mmr,test,0.10244923830032349,0.8031173944473267,0.022486144676804543,0.0004524513497017324,0.010545734316110611,0.06094897910952568
24956,5,4,quant_only,qual_only,test,0.020445607602596283,0.03281061351299286,0.21883393824100494,0.09808004647493362,0.49908435344696045,0.13074536621570587
24976,4,4,qual_only,qual_only,test,0.00503369327634573,0.015981027856469154,0.24250821769237518,0.01801019348204136,0.6803839206695557,0.03808291628956795
24999,1,0,implicit_mmr,explicit_mmr,test,0.9693933129310608,0.02523607201874256,0.0008258983143605292,9.956341091310605e-05,0.0013577949721366167,0.003087308956310153
25021,0,1,explicit_mmr,implicit_mmr,test,0.39044851064682007,0.5105999708175659,0.006936831399798393,0.0008428736473433673,0.04331022873520851,0.04786153510212898
25034,4,1,qual_only,implicit_mmr,test,0.32518574595451355,0.33726561069488525,0.031537026166915894,0.00044993494520895183,0.2812342047691345,0.024327486753463745
25043,0,0,explicit_mmr,explicit_mmr,test,0.8406574726104736,0.1400463581085205,0.0033229421824216843,0.0001234335359185934,0.005287248641252518,0.010562634095549583
25044,0,0,explicit_mmr,explicit_mmr,test,0.9116297364234924,0.07867938280105591,0.0013337671989575028,0.00013009863323532045,0.0015422591241076589,0.006684691645205021
25045,4,1,qual_only,implicit_mmr,test,0.06710737943649292,0.37736764550209045,0.06023728474974632,0.03341443091630936,0.23876678943634033,0.2231065034866333
25046,4,5,qual_only,quant_only,test,0.012581351213157177,0.14775682985782623,0.10151433944702148,0.16063393652439117,0.059452977031469345,0.518060564994812
25047,4,5,qual_only,quant_only,test,0.012099828571081161,0.06226374953985214,0.20387475192546844,0.17998994886875153,0.01935233734548092,0.5224194526672363
25048,5,4,quant_only,qual_only,test,0.022545626387000084,0.24319960176944733,0.28046539425849915,0.007337401621043682,0.34284302592277527,0.1036088839173317
25068,4,1,qual_only,implicit_mmr,test,0.09339769929647446,0.5359619855880737,0.13568533957004547,0.017338963225483894,0.0053508225828409195,0.21226520836353302
25072,0,0,explicit_mmr,explicit_mmr,test,0.8156511783599854,0.16545794904232025,0.0028932224959135056,0.00010273967927787453,0.001721072243526578,0.014173912815749645
25076,0,0,explicit_mmr,explicit_mmr,test,0.9163153767585754,0.07203861325979233,0.0018152130069211125,0.00015573912241961807,0.0006886654300615191,0.0089863371104002
25090,5,2,quant_only,multi_method_not_mmr,test,0.022134212777018547,0.12844711542129517,0.3419632911682129,0.01713516190648079,0.3331303894519806,0.15718978643417358
25106,1,2,implicit_mmr,multi_method_not_mmr,test,0.016434133052825928,0.21710744500160217,0.3817516565322876,0.018848175182938576,0.12873575091362,0.23712272942066193
25107,1,1,implicit_mmr,implicit_mmr,test,0.06290069967508316,0.8217908143997192,0.04256577417254448,0.000630633148830384,0.029595598578453064,0.042516570538282394
25111,1,1,implicit_mmr,implicit_mmr,test,0.41155484318733215,0.5367271304130554,0.008086545392870903,0.00016592979955021292,0.007938714697957039,0.035526830703020096
25120,0,0,explicit_mmr,explicit_mmr,test,0.7215995788574219,0.24797382950782776,0.00554180471226573,0.0002553848607931286,0.0028408924117684364,0.02178850769996643
25130,0,0,explicit_mmr,explicit_mmr,test,0.8125659823417664,0.15872137248516083,0.006895608268678188,0.0007369817467406392,0.0006234910688363016,0.020456558093428612
25133,0,4,explicit_mmr,qual_only,test,0.052808165550231934,0.08066681027412415,0.09768763184547424,0.0021991783287376165,0.7263621687889099,0.04027600958943367
25134,0,4,explicit_mmr,qual_only,test,0.009700587950646877,0.010281943716108799,0.048699114471673965,0.0021077929995954037,0.921613872051239,0.007596613373607397
25135,0,4,explicit_mmr,qual_only,test,0.011566588655114174,0.0110047971829772,0.087980717420578,0.0032847519032657146,0.8732931017875671,0.012870052829384804
25137,0,4,explicit_mmr,qual_only,test,0.009087571874260902,0.010016269981861115,0.05736633390188217,0.002416420029476285,0.9128854274749756,0.008228051476180553
25152,0,1,explicit_mmr,implicit_mmr,test,0.07327702641487122,0.6685814261436462,0.041091106832027435,0.0036508210469037294,0.005771441385149956,0.20762820541858673
25153,0,5,explicit_mmr,quant_only,test,0.0541648305952549,0.09800329059362411,0.16225652396678925,0.10370093584060669,0.173001229763031,0.40887317061424255
25163,1,0,implicit_mmr,explicit_mmr,test,0.7660977840423584,0.21049684286117554,0.0034969085827469826,0.00019737551338039339,0.0015414331573992968,0.018169738352298737
25171,0,5,explicit_mmr,quant_only,test,0.03512363135814667,0.13197718560695648,0.2147947996854782,0.09294202923774719,0.005177424754947424,0.5199848413467407
25184,1,0,implicit_mmr,explicit_mmr,test,0.5256505608558655,0.3806929290294647,0.014263098128139973,0.0010784994810819626,0.001722267479635775,0.0765925794839859
25192,1,1,implicit_mmr,implicit_mmr,test,0.16333229839801788,0.6454063653945923,0.033489570021629333,0.0030258644837886095,0.009340428747236729,0.14540550112724304
25195,5,1,quant_only,implicit_mmr,test,0.12595230340957642,0.5494040250778198,0.0591219887137413,0.0069745006039738655,0.0062125385738909245,0.2523345649242401
25222,0,5,explicit_mmr,quant_only,test,0.17919735610485077,0.2883434593677521,0.13132555782794952,0.039955586194992065,0.002936074510216713,0.358242005109787
25272,4,4,qual_only,qual_only,test,0.12559455633163452,0.37505143880844116,0.06561833620071411,0.001044371398165822,0.40284061431884766,0.029850730672478676
25277,0,1,explicit_mmr,implicit_mmr,test,0.22137592732906342,0.6979752779006958,0.012442457489669323,0.00023787087411619723,0.007819188758730888,0.060149263590574265
25279,5,5,quant_only,quant_only,test,0.0044014002196490765,0.06923695653676987,0.22318018972873688,0.19071663916110992,0.05488629639148712,0.45757853984832764
25280,0,0,explicit_mmr,explicit_mmr,test,0.9035463929176331,0.08525998890399933,0.0015792300691828132,0.00011578640987863764,0.0008854509796947241,0.008613049052655697
25285,0,0,explicit_mmr,explicit_mmr,test,0.920556902885437,0.06865629553794861,0.0017731289844959974,0.00017487883451394737,0.0007481009233742952,0.008090577088296413
25318,1,1,implicit_mmr,implicit_mmr,test,0.24526628851890564,0.6446486115455627,0.02141539379954338,0.00028867620858363807,0.05522162467241287,0.03315943107008934
25320,2,1,multi_method_not_mmr,implicit_mmr,test,0.046488575637340546,0.49599260091781616,0.09223809093236923,0.004618593491613865,0.017731407657265663,0.34293070435523987
25324,2,3,multi_method_not_mmr,no_method_signal,test,0.0003579389594960958,0.008253286592662334,0.06610864400863647,0.6355781555175781,0.023451365530490875,0.2662505805492401
25336,0,1,explicit_mmr,implicit_mmr,test,0.3534907400608063,0.5792414546012878,0.007754829246550798,0.000323405081871897,0.0029149430338293314,0.056274570524692535
25360,5,1,quant_only,implicit_mmr,test,0.22654864192008972,0.5568425059318542,0.014925515279173851,0.0031533753499388695,0.13610170781612396,0.0624283030629158
25377,0,4,explicit_mmr,qual_only,test,0.03760058805346489,0.08714238554239273,0.11959078907966614,0.0027701861690729856,0.7234375476837158,0.029458418488502502
25378,0,4,explicit_mmr,qual_only,test,0.02546447329223156,0.10264803469181061,0.18689826130867004,0.0042549618519842625,0.6280727982521057,0.052661411464214325
25395,5,4,quant_only,qual_only,test,0.04298310726881027,0.039422012865543365,0.053556136786937714,0.0026616889517754316,0.853818416595459,0.00755859911441803
25429,1,1,implicit_mmr,implicit_mmr,test,0.16941559314727783,0.5206004977226257,0.018520232290029526,0.0010654089273884892,0.2492719441652298,0.041126299649477005
25431,0,0,explicit_mmr,explicit_mmr,test,0.9345945715904236,0.0565044991672039,0.0014985353918746114,0.0001876883179647848,0.0006485255435109138,0.006566253025084734
25490,1,0,implicit_mmr,explicit_mmr,test,0.9506772756576538,0.042795758694410324,0.0011380678042769432,8.822421659715474e-05,0.0009004526655189693,0.004400360397994518
25497,2,3,multi_method_not_mmr,no_method_signal,test,0.00022507685935124755,0.0010522629600018263,0.10902608186006546,0.8072463870048523,0.003664389718323946,0.07878576219081879
25505,1,0,implicit_mmr,explicit_mmr,test,0.7822909951210022,0.19507934153079987,0.003523493418470025,0.00010837618901859969,0.002796285320073366,0.016201473772525787
25512,1,1,implicit_mmr,implicit_mmr,test,0.15681104362010956,0.7347407341003418,0.013709353283047676,0.00038249336648732424,0.0072758616879582405,0.08708050101995468
25514,0,0,explicit_mmr,explicit_mmr,test,0.9370631575584412,0.050837744027376175,0.002249384531751275,0.0001075468462659046,0.0013233870267868042,0.00841878168284893
25523,4,0,qual_only,explicit_mmr,test,0.9363495707511902,0.051976658403873444,0.0012767299776896834,7.334751717280596e-05,0.0048475107178092,0.0054761385545134544
25526,0,0,explicit_mmr,explicit_mmr,test,0.9293784499168396,0.05540584772825241,0.0035515869967639446,0.00031934757134877145,0.0031356217805296183,0.008209201507270336
25531,0,0,explicit_mmr,explicit_mmr,test,0.7903340458869934,0.17495135962963104,0.005098032299429178,9.777478408068419e-05,0.01638021692633629,0.013138528913259506
25533,0,0,explicit_mmr,explicit_mmr,test,0.9717282056808472,0.022606240585446358,0.0007108138524927199,8.668854570714757e-05,0.0017528720200061798,0.0031152539886534214
25535,1,0,implicit_mmr,explicit_mmr,test,0.9446707367897034,0.04949197545647621,0.0007596866344101727,9.588938701199368e-05,0.0014581691939383745,0.003523648250848055
25553,1,1,implicit_mmr,implicit_mmr,test,0.11303777247667313,0.7838239669799805,0.030462179332971573,0.0004526534758042544,0.04418417438864708,0.02803933247923851
25554,1,1,implicit_mmr,implicit_mmr,test,0.10726259648799896,0.832565188407898,0.01968708261847496,0.0003391781647223979,0.01476847380399704,0.02537764050066471
25563,0,0,explicit_mmr,explicit_mmr,test,0.9015791416168213,0.07732782512903214,0.002816507825627923,0.00011001129314536229,0.01017351821064949,0.007992957718670368
25571,2,3,multi_method_not_mmr,no_method_signal,test,0.0003854410315398127,0.004149042069911957,0.24631550908088684,0.592219889163971,0.007510058581829071,0.14941999316215515
25580,4,1,qual_only,implicit_mmr,test,0.08770320564508438,0.3138215243816376,0.20989426970481873,0.018843626603484154,0.10188321024179459,0.2678541839122772
25617,4,4,qual_only,qual_only,test,0.3766477406024933,0.07950367033481598,0.0436478815972805,0.00798999983817339,0.4715336859226227,0.020677076652646065
25628,2,1,multi_method_not_mmr,implicit_mmr,test,0.17608582973480225,0.6161885857582092,0.034190982580184937,0.00432958547025919,0.0046610464341938496,0.16454392671585083
25641,1,0,implicit_mmr,explicit_mmr,test,0.9360013604164124,0.05463029071688652,0.0015354841016232967,0.0001232635841006413,0.0013375479029491544,0.006372126750648022
25652,2,5,multi_method_not_mmr,quant_only,test,0.05430177226662636,0.19572392106056213,0.1730794757604599,0.07889633625745773,0.004307928960770369,0.4936906099319458
25656,3,5,no_method_signal,quant_only,test,0.01220976933836937,0.21588963270187378,0.08260279148817062,0.07387132942676544,0.011251409538090229,0.6041750311851501
25667,3,1,no_method_signal,implicit_mmr,test,0.3458641767501831,0.4990815818309784,0.029189230874180794,0.002680141245946288,0.015406851656734943,0.10777807980775833
25670,2,3,multi_method_not_mmr,no_method_signal,test,0.00023664427862968296,0.001094445469789207,0.16030053794384003,0.7712417840957642,0.0038251341320574284,0.0633014515042305
25680,3,4,no_method_signal,qual_only,test,0.07939491420984268,0.10583256930112839,0.20686781406402588,0.01248591486364603,0.4698214828968048,0.12559731304645538
25702,3,3,no_method_signal,no_method_signal,test,0.000880880921613425,0.009545089676976204,0.16734713315963745,0.5723445415496826,0.004797732923179865,0.24508462846279144
25724,0,0,explicit_mmr,explicit_mmr,test,0.9515417814254761,0.030414819717407227,0.0023564533330500126,0.00016526132822036743,0.011541723273694515,0.003979934845119715
25754,3,5,no_method_signal,quant_only,test,0.002156573813408613,0.054348476231098175,0.08219676464796066,0.3873216211795807,0.027823431417346,0.44615310430526733
25757,0,1,explicit_mmr,implicit_mmr,test,0.02357148565351963,0.5504598617553711,0.05284097045660019,0.018303282558918,0.005000101402401924,0.3498242497444153
25765,5,0,quant_only,explicit_mmr,test,0.8484322428703308,0.132741779088974,0.0025981739163398743,0.00017102847050409764,0.0009966654470190406,0.015060090459883213
25770,1,0,implicit_mmr,explicit_mmr,test,0.719633162021637,0.2608144283294678,0.003728098701685667,0.00012908507778774947,0.0017566203605383635,0.013938507065176964
25771,2,0,multi_method_not_mmr,explicit_mmr,test,0.9381994009017944,0.05335376411676407,0.0013733040541410446,0.0001376305881422013,0.0007474322337657213,0.006188325583934784
25788,2,0,multi_method_not_mmr,explicit_mmr,test,0.898591935634613,0.09022980183362961,0.001956384861841798,0.0001640300324652344,0.000682951882481575,0.00837496668100357
25789,0,0,explicit_mmr,explicit_mmr,test,0.8545259833335876,0.12786920368671417,0.002969103865325451,0.00024020159617066383,0.0008334385929629207,0.013562050648033619
25794,0,1,explicit_mmr,implicit_mmr,test,0.09808807820081711,0.8289272785186768,0.01774263009428978,0.00025342803564853966,0.006671602837741375,0.04831691458821297
25796,0,0,explicit_mmr,explicit_mmr,test,0.6512402296066284,0.31432750821113586,0.005353584885597229,0.00014111166819930077,0.0036971052177250385,0.025240520015358925
25801,1,2,implicit_mmr,multi_method_not_mmr,test,0.0011118430411443114,0.011375400237739086,0.3646853566169739,0.25233587622642517,0.009040172211825848,0.36145123839378357
25820,0,0,explicit_mmr,explicit_mmr,test,0.6781597137451172,0.2993588149547577,0.0028990425635129213,0.00015288364375010133,0.005016303155571222,0.014413230121135712
25823,0,0,explicit_mmr,explicit_mmr,test,0.6778700947761536,0.2877947688102722,0.004763534292578697,0.00022699771216139197,0.0017622992163524032,0.027582330629229546
25827,0,0,explicit_mmr,explicit_mmr,test,0.4188676178455353,0.22489678859710693,0.09087840467691422,0.010820590890944004,0.15883289277553558,0.09570373594760895
25831,1,1,implicit_mmr,implicit_mmr,test,0.3504265546798706,0.5290350914001465,0.013352176174521446,0.00036363862454891205,0.00861922837793827,0.09820329397916794
25841,2,1,multi_method_not_mmr,implicit_mmr,test,0.07467430830001831,0.6377673149108887,0.0768662616610527,0.0009129458339884877,0.04879232496023178,0.16098681092262268
25842,2,1,multi_method_not_mmr,implicit_mmr,test,0.056469645351171494,0.6289482712745667,0.09510060399770737,0.0012016858672723174,0.04435350000858307,0.17392611503601074
25843,0,0,explicit_mmr,explicit_mmr,test,0.6779336929321289,0.2995399236679077,0.002900049090385437,0.0001534692128188908,0.005044941790401936,0.014427823945879936
25845,4,5,qual_only,quant_only,test,0.011412287130951881,0.09214814752340317,0.15586072206497192,0.16969339549541473,0.003396641230210662,0.5674887895584106
25855,4,0,qual_only,explicit_mmr,test,0.9487561583518982,0.03764110803604126,0.0022217382211238146,0.00012635653547476977,0.006845730356872082,0.004408848937600851
25858,0,0,explicit_mmr,explicit_mmr,test,0.8979034423828125,0.08553840219974518,0.0024990153033286333,0.00024853882496245205,0.0009938059374690056,0.012816830538213253
25887,1,1,implicit_mmr,implicit_mmr,test,0.2215045988559723,0.6067450642585754,0.030350519344210625,0.0009455393301323056,0.02363591641187668,0.11681831628084183
25901,5,4,quant_only,qual_only,test,0.0017463411204516888,0.0015171881532296538,0.22487331926822662,0.2795499861240387,0.4813665747642517,0.010946515016257763
25904,0,0,explicit_mmr,explicit_mmr,test,0.7857721447944641,0.19279304146766663,0.003602092619985342,0.00020822029910050333,0.000985836493782699,0.01663864590227604
25928,2,5,multi_method_not_mmr,quant_only,test,0.0020566501189023256,0.022783484309911728,0.09364548325538635,0.1425265073776245,0.027852125465869904,0.7111356854438782
25938,4,4,qual_only,qual_only,test,0.12890152633190155,0.3395279049873352,0.06585191935300827,0.0010397343430668116,0.437713623046875,0.026965299621224403
25940,2,0,multi_method_not_mmr,explicit_mmr,test,0.9781672954559326,0.017062321305274963,0.0008619458531029522,0.00014571410429198295,0.0010184628190472722,0.0027441817801445723
25973,2,1,multi_method_not_mmr,implicit_mmr,test,0.05357925593852997,0.7187515497207642,0.06786564737558365,0.0013105088146403432,0.025622913613915443,0.1328701674938202
25974,2,1,multi_method_not_mmr,implicit_mmr,test,0.054354678839445114,0.7476134300231934,0.052634771913290024,0.0012133973650634289,0.02016063779592514,0.12402301281690598
25983,0,0,explicit_mmr,explicit_mmr,test,0.9503896832466125,0.041232965886592865,0.0012327848235145211,7.882839418016374e-05,0.0028716542292386293,0.004194081295281649
25984,0,0,explicit_mmr,explicit_mmr,test,0.9646706581115723,0.027776526287198067,0.0009137634187936783,0.00010619474778650329,0.0025658858940005302,0.003967069089412689
25985,0,0,explicit_mmr,explicit_mmr,test,0.9773871302604675,0.017056917771697044,0.0006447260966524482,0.00010321216541342437,0.0021428524050861597,0.0026652957312762737
25986,0,0,explicit_mmr,explicit_mmr,test,0.9501808285713196,0.04314705356955528,0.0009695157059468329,0.00010279293201165274,0.0008703226922079921,0.004729397129267454
25994,1,5,implicit_mmr,quant_only,test,0.09973372519016266,0.29477715492248535,0.21204063296318054,0.04205655679106712,0.005475305020809174,0.34591662883758545
26017,0,4,explicit_mmr,qual_only,test,0.019896939396858215,0.011872339993715286,0.03052748367190361,0.0022399858571588993,0.931362509727478,0.004100803751498461
26027,0,0,explicit_mmr,explicit_mmr,test,0.9507986307144165,0.041511066257953644,0.001210483256727457,0.0001787677756510675,0.0006365429144352674,0.005664524622261524
26051,0,0,explicit_mmr,explicit_mmr,test,0.8965083360671997,0.08840801566839218,0.0023978983517736197,0.00024605789803899825,0.0008975652162916958,0.011542212218046188
26055,1,1,implicit_mmr,implicit_mmr,test,0.027644043788313866,0.7390915155410767,0.09658540040254593,0.0021810010075569153,0.010530596598982811,0.12396741658449173
26059,5,0,quant_only,explicit_mmr,test,0.31845954060554504,0.18950395286083221,0.1647665649652481,0.017413875088095665,0.1603480726480484,0.14950795471668243
26071,1,1,implicit_mmr,implicit_mmr,test,0.31657400727272034,0.6423896551132202,0.007890574634075165,0.00024047179613262415,0.0015689048450440168,0.03133644908666611
26078,0,1,explicit_mmr,implicit_mmr,test,0.26385679841041565,0.6644406914710999,0.01331340242177248,0.00019911056733690202,0.0194974634796381,0.038692500442266464
26099,1,1,implicit_mmr,implicit_mmr,test,0.1030367985367775,0.4640541672706604,0.10827478766441345,0.0008247424266301095,0.21369457244873047,0.1101149395108223
26102,0,1,explicit_mmr,implicit_mmr,test,0.12011914700269699,0.7819637656211853,0.017387593165040016,0.00044015777530148625,0.007287389598786831,0.07280199229717255
26111,1,0,implicit_mmr,explicit_mmr,test,0.9274871945381165,0.06206773221492767,0.0017777759348973632,0.00013281092105899006,0.0013591395691037178,0.0071753570809960365
26118,1,1,implicit_mmr,implicit_mmr,test,0.21948587894439697,0.6967212557792664,0.014498206786811352,0.0002635496202856302,0.005381657276302576,0.06364955753087997
26121,0,0,explicit_mmr,explicit_mmr,test,0.9574314951896667,0.036503709852695465,0.001245238003320992,9.712296741781756e-05,0.0017316245939582586,0.0029907722491770983
26122,0,0,explicit_mmr,explicit_mmr,test,0.9411675930023193,0.04953726381063461,0.001509399269707501,0.00011675011046463624,0.0016940506175160408,0.005974913015961647
26128,0,0,explicit_mmr,explicit_mmr,test,0.9294145703315735,0.06170472130179405,0.0014576868852600455,0.0001199081088998355,0.0008444240083917975,0.006458565592765808
26131,1,1,implicit_mmr,implicit_mmr,test,0.26988789439201355,0.6535287499427795,0.014437862671911716,0.00013845061766915023,0.013931000605225563,0.04807612672448158
26143,0,2,explicit_mmr,multi_method_not_mmr,test,0.0038668999914079905,0.00938987173140049,0.4132375121116638,0.3014696538448334,0.10189910233020782,0.170136958360672
26155,0,0,explicit_mmr,explicit_mmr,test,0.9367849826812744,0.055221959948539734,0.0009027837659232318,0.00010702164581744,0.0021359354723244905,0.00484735332429409
26159,2,5,multi_method_not_mmr,quant_only,test,0.0011291070841252804,0.019574401900172234,0.07285969704389572,0.3147215247154236,0.016440052539110184,0.5752751231193542
26173,1,0,implicit_mmr,explicit_mmr,test,0.5942402482032776,0.31420794129371643,0.008601875975728035,0.00015114241978153586,0.06203092262148857,0.020767878741025925
26186,1,4,implicit_mmr,qual_only,test,0.05577893182635307,0.07866223156452179,0.0343811959028244,0.000838321284390986,0.8107737898826599,0.019565509632229805
26187,1,4,implicit_mmr,qual_only,test,0.1065516546368599,0.14459910988807678,0.03128160908818245,0.0006916994461789727,0.6899247169494629,0.026951143518090248
26188,1,4,implicit_mmr,qual_only,test,0.060987167060375214,0.08766988664865494,0.034198418259620667,0.0008493112400174141,0.7954704165458679,0.020824728533625603
26222,4,3,qual_only,no_method_signal,test,0.0004561800160445273,0.0019415265414863825,0.1013089194893837,0.8399998545646667,0.009943331591784954,0.046350203454494476
26239,0,0,explicit_mmr,explicit_mmr,test,0.9810494184494019,0.014127427712082863,0.0008665614295750856,0.00019933364819735289,0.0008052648045122623,0.002951935166493058
26241,1,0,implicit_mmr,explicit_mmr,test,0.4711320102214813,0.4510115683078766,0.014355120249092579,0.00022513302974402905,0.04292171448469162,0.020354483276605606
26254,0,1,explicit_mmr,implicit_mmr,test,0.17447085678577423,0.7573789358139038,0.015094755217432976,0.000232320002396591,0.015906304121017456,0.03691684827208519
26265,0,4,explicit_mmr,qual_only,test,0.01694958284497261,0.032223787158727646,0.1047113835811615,0.004790920298546553,0.8296900987625122,0.011634200811386108
26275,1,4,implicit_mmr,qual_only,test,0.2831800580024719,0.3226205110549927,0.031890880316495895,0.0006156073068268597,0.3390105664730072,0.02268235571682453
26283,0,1,explicit_mmr,implicit_mmr,test,0.16907614469528198,0.7704969644546509,0.012641939334571362,0.00016845030768308789,0.01607338897883892,0.03154303878545761
26285,0,0,explicit_mmr,explicit_mmr,test,0.7031506299972534,0.2669932544231415,0.00542190857231617,9.33891860768199e-05,0.006192563101649284,0.01814822107553482
26291,0,0,explicit_mmr,explicit_mmr,test,0.5068526864051819,0.05212085321545601,0.008955243974924088,0.0006023511523380876,0.4207313358783722,0.010737525299191475
26294,0,0,explicit_mmr,explicit_mmr,test,0.634931206703186,0.06024572253227234,0.006508726626634598,0.0003498618316370994,0.28638890385627747,0.011575594544410706
26298,2,1,multi_method_not_mmr,implicit_mmr,test,0.044128693640232086,0.6188784837722778,0.11268378794193268,0.001566618331708014,0.07371661067008972,0.1490257978439331
26304,0,0,explicit_mmr,explicit_mmr,test,0.9463696479797363,0.04076158255338669,0.0024157394655048847,0.00025426087086088955,0.0034515378065407276,0.006747298873960972
26319,0,0,explicit_mmr,explicit_mmr,test,0.8693830966949463,0.11647336184978485,0.0023455170448869467,0.0001009959087241441,0.00250702491030097,0.009189904667437077
26327,0,1,explicit_mmr,implicit_mmr,test,0.08435842394828796,0.7623253464698792,0.03955413028597832,0.0005371450097300112,0.040598608553409576,0.07262632995843887
26347,0,5,explicit_mmr,quant_only,test,0.05203528329730034,0.30315089225769043,0.18349730968475342,0.011600617319345474,0.07917714864015579,0.37053871154785156
26350,0,1,explicit_mmr,implicit_mmr,test,0.08592548221349716,0.6008578538894653,0.08280019462108612,0.006082287989556789,0.007328905165195465,0.21700529754161835
26351,0,0,explicit_mmr,explicit_mmr,test,0.7331000566482544,0.23768235743045807,0.005173541139811277,0.00011000790254911408,0.009359249845147133,0.014574805274605751
26357,0,4,explicit_mmr,qual_only,test,0.038558922708034515,0.042762402445077896,0.08424089103937149,0.007014114409685135,0.8054640293121338,0.021959710866212845
26369,0,1,explicit_mmr,implicit_mmr,test,0.055412691086530685,0.8760172724723816,0.022130625322461128,0.00039186826325021684,0.00679051224142313,0.03925696015357971
26401,2,0,multi_method_not_mmr,explicit_mmr,test,0.7392498850822449,0.11843258887529373,0.03229212388396263,0.008402694016695023,0.0015281521482393146,0.1000944972038269
26402,2,0,multi_method_not_mmr,explicit_mmr,test,0.9533734321594238,0.038572609424591064,0.001452211756259203,6.39944919385016e-05,0.0029553852509707212,0.0035824079532176256
26405,0,1,explicit_mmr,implicit_mmr,test,0.17247413098812103,0.6718064546585083,0.03214043006300926,0.0008679369348101318,0.0170304998755455,0.10568049550056458
26421,0,1,explicit_mmr,implicit_mmr,test,0.15656714141368866,0.6373593211174011,0.06854669749736786,0.00415594968944788,0.009580624289810658,0.12379026412963867
26436,0,0,explicit_mmr,explicit_mmr,test,0.9156233668327332,0.07308546453714371,0.001740001025609672,0.00017772382125258446,0.0007480725180357695,0.008625389076769352
26438,0,0,explicit_mmr,explicit_mmr,test,0.9608891010284424,0.031889766454696655,0.001334769302047789,7.882122008595616e-05,0.0025757013354450464,0.0032317854929715395
26439,0,0,explicit_mmr,explicit_mmr,test,0.942435622215271,0.048771459609270096,0.0014754936564713717,0.00011091924534412101,0.001789637259207666,0.005416924599558115
26444,0,4,explicit_mmr,qual_only,test,0.22619955241680145,0.32162827253341675,0.04114830121397972,0.0006941898609511554,0.38862451910972595,0.02170516364276409
26447,4,0,qual_only,explicit_mmr,test,0.9531230926513672,0.04023025929927826,0.001146559719927609,0.00012590621190611273,0.0008172264788299799,0.004556925967335701
26452,5,5,quant_only,quant_only,test,0.03341210260987282,0.1348111927509308,0.25850600004196167,0.1348341703414917,0.033436622470617294,0.40499988198280334
26471,5,5,quant_only,quant_only,test,0.009269434958696365,0.12219464033842087,0.30489054322242737,0.04515548422932625,0.02740130014717579,0.4910885691642761
26486,2,4,multi_method_not_mmr,qual_only,test,0.03036801889538765,0.033197224140167236,0.1724315881729126,0.04927556589245796,0.6631916165351868,0.05153602361679077
26522,0,0,explicit_mmr,explicit_mmr,test,0.9593790769577026,0.034045666456222534,0.0010975810000672936,0.00014102266868576407,0.0008000297239050269,0.004536711145192385
26523,0,0,explicit_mmr,explicit_mmr,test,0.920421838760376,0.06495337188243866,0.001242623315192759,0.00011108008038718253,0.010062681511044502,0.0032084586564451456
26525,1,0,implicit_mmr,explicit_mmr,test,0.9025769829750061,0.08728011697530746,0.0013787837233394384,0.00012711076124105603,0.0015608201501891017,0.007076230365782976
26526,0,0,explicit_mmr,explicit_mmr,test,0.9113330245018005,0.07370906323194504,0.002012892859056592,0.00015088448708411306,0.0012610171688720584,0.011533140204846859
26530,5,0,quant_only,explicit_mmr,test,0.7214045524597168,0.25357407331466675,0.004411632660776377,0.00012715955381281674,0.005119562614709139,0.01536304596811533
26534,4,1,qual_only,implicit_mmr,test,0.08712546527385712,0.8498735427856445,0.015074513852596283,0.00036457472015172243,0.003833336755633354,0.043728478252887726
26542,1,0,implicit_mmr,explicit_mmr,test,0.7530383467674255,0.21925634145736694,0.0042833685874938965,0.00025709992041811347,0.0009168129181489348,0.0222480446100235
26544,1,1,implicit_mmr,implicit_mmr,test,0.4378795921802521,0.5205978751182556,0.006419794633984566,0.00011661410826491192,0.0037588034756481647,0.03122733160853386
26545,1,1,implicit_mmr,implicit_mmr,test,0.27067142724990845,0.6943999528884888,0.007257129531353712,0.00020612349908333272,0.0018160955514758825,0.0256493017077446
26548,0,5,explicit_mmr,quant_only,test,0.060716643929481506,0.356553852558136,0.10654094070196152,0.015547421760857105,0.028284460306167603,0.43235665559768677
26551,0,0,explicit_mmr,explicit_mmr,test,0.5176762938499451,0.44327428936958313,0.006792656611651182,0.00010444290819577873,0.012463011778891087,0.019689269363880157
26552,0,0,explicit_mmr,explicit_mmr,test,0.4826490879058838,0.30866047739982605,0.01962324045598507,0.00026244702166877687,0.15169166028499603,0.037113040685653687
26562,0,5,explicit_mmr,quant_only,test,0.12096484750509262,0.2936159372329712,0.133850559592247,0.029804987832903862,0.00413378095254302,0.4176299273967743
26570,4,0,qual_only,explicit_mmr,test,0.6392977237701416,0.2936214804649353,0.01383785530924797,0.0013697710819542408,0.0012910319492220879,0.050582099705934525
26571,0,0,explicit_mmr,explicit_mmr,test,0.9216812252998352,0.06728097051382065,0.001797032542526722,0.000193919098819606,0.0007879790500737727,0.008258797228336334
26576,0,5,explicit_mmr,quant_only,test,0.04355410113930702,0.3306708335876465,0.1149669736623764,0.03552071005105972,0.003182582790032029,0.4721047878265381
26591,0,1,explicit_mmr,implicit_mmr,test,0.030079122632741928,0.42433270812034607,0.10257373005151749,0.016871295869350433,0.012111006304621696,0.41403213143348694
26595,0,5,explicit_mmr,quant_only,test,0.003310551866889,0.09006427228450775,0.14718475937843323,0.10047736763954163,0.013187342323362827,0.6457757353782654
26597,0,5,explicit_mmr,quant_only,test,0.00567298149690032,0.05092192068696022,0.20960745215415955,0.10911098122596741,0.031854987144470215,0.5928316712379456
26600,0,5,explicit_mmr,quant_only,test,0.006631130818277597,0.22049197554588318,0.07498852163553238,0.08071024715900421,0.011804195120930672,0.6053739190101624
26601,0,0,explicit_mmr,explicit_mmr,test,0.8864274024963379,0.0980767235159874,0.0024557365104556084,0.00023998678079806268,0.0008450902532786131,0.011955163441598415
26608,0,5,explicit_mmr,quant_only,test,0.008085859939455986,0.1885601431131363,0.11913801729679108,0.06191253289580345,0.02380416914820671,0.5984992980957031
26609,0,0,explicit_mmr,explicit_mmr,test,0.9032167792320251,0.08397510647773743,0.0021088772919028997,0.00016391303506679833,0.0009685549885034561,0.009566837921738625
26611,0,0,explicit_mmr,explicit_mmr,test,0.9829829931259155,0.012471448630094528,0.000901751103810966,0.0002099237171933055,0.0008355151512660086,0.0025984514504671097
26616,0,5,explicit_mmr,quant_only,test,0.0057405452243983746,0.11531495302915573,0.03837943077087402,0.15514448285102844,0.027054771780967712,0.6583658456802368
26630,1,5,implicit_mmr,quant_only,test,0.014111769385635853,0.22613073885440826,0.1486942023038864,0.02930707298219204,0.013773267157375813,0.5679829120635986
26631,0,0,explicit_mmr,explicit_mmr,test,0.9821067452430725,0.013635057955980301,0.0008021513349376619,0.0001541547098895535,0.0009252388263121247,0.0023765701334923506
26641,0,0,explicit_mmr,explicit_mmr,test,0.8827255368232727,0.10204210877418518,0.0024543078616261482,0.0001914642343763262,0.0012436836259439588,0.011342919431626797
26643,0,5,explicit_mmr,quant_only,test,0.015177877619862556,0.14984111487865448,0.18325933814048767,0.058101605623960495,0.022444503381848335,0.5711755752563477
26645,5,0,quant_only,explicit_mmr,test,0.3257814943790436,0.22384902834892273,0.11443350464105606,0.03476286679506302,0.0036695378366857767,0.29750344157218933
26652,1,1,implicit_mmr,implicit_mmr,test,0.17835058271884918,0.37207716703414917,0.12650561332702637,0.01858425699174404,0.006872334983199835,0.2976100742816925
26661,4,5,qual_only,quant_only,test,0.017632165923714638,0.13550028204917908,0.16406048834323883,0.12264081090688705,0.07148292660713196,0.48868328332901
26670,0,0,explicit_mmr,explicit_mmr,test,0.9118562340736389,0.07720315456390381,0.0010889607947319746,0.00010996693163178861,0.0035689990036189556,0.006172578781843185
26672,0,0,explicit_mmr,explicit_mmr,test,0.9162800312042236,0.0700443834066391,0.0026831496506929398,0.00014540973643306643,0.0011872564209625125,0.009659924544394016
26680,0,1,explicit_mmr,implicit_mmr,test,0.1819472759962082,0.7505420446395874,0.010217143222689629,0.00020917713118251413,0.0055573307909071445,0.05152704939246178
26681,0,1,explicit_mmr,implicit_mmr,test,0.16178090870380402,0.7798040509223938,0.010480622760951519,0.0002450449683237821,0.0030023078434169292,0.04468703642487526
26693,4,4,qual_only,qual_only,test,0.015590189024806023,0.05175646394491196,0.2286977916955948,0.03487248718738556,0.6106389760971069,0.058444034308195114
26752,0,1,explicit_mmr,implicit_mmr,test,0.10320869088172913,0.5516911149024963,0.05938111990690231,0.0013601912651211023,0.0390096977353096,0.24534916877746582
26761,0,4,explicit_mmr,qual_only,test,0.009420306421816349,0.009767797775566578,0.0864982008934021,0.011980116367340088,0.8728801012039185,0.009453564882278442
26795,0,0,explicit_mmr,explicit_mmr,test,0.9563502669334412,0.03839603811502457,0.0010153800249099731,0.00010599226516205817,0.0008581563015468419,0.0032742097973823547
26796,0,0,explicit_mmr,explicit_mmr,test,0.9451960325241089,0.04486222192645073,0.001552620087750256,0.00012571467959787697,0.0029698163270950317,0.005293631460517645
26816,0,0,explicit_mmr,explicit_mmr,test,0.934069037437439,0.05590662732720375,0.0016254951478913426,0.0001493650343036279,0.0013295048847794533,0.006919982843101025
26820,0,0,explicit_mmr,explicit_mmr,test,0.9583885073661804,0.035485781729221344,0.0010513311717659235,0.0001180030158138834,0.0008672816911712289,0.00408904766663909
26821,0,0,explicit_mmr,explicit_mmr,test,0.9343899488449097,0.057285405695438385,0.0014376563485711813,0.0001270072243642062,0.001017024740576744,0.005743064917623997
26822,0,0,explicit_mmr,explicit_mmr,test,0.9494900703430176,0.0429060123860836,0.0012683231616392732,0.00016151675663422793,0.0007152854814194143,0.005458930041640997
26823,0,0,explicit_mmr,explicit_mmr,test,0.9667217135429382,0.0281105637550354,0.0009043528698384762,9.69183529377915e-05,0.0009994406718760729,0.0031670101452618837
26824,0,0,explicit_mmr,explicit_mmr,test,0.9342772364616394,0.05739397928118706,0.0014386321417987347,0.00012698318460024893,0.0010164837585762143,0.005746656097471714
26841,0,1,explicit_mmr,implicit_mmr,test,0.2009764313697815,0.47692444920539856,0.0509331040084362,0.0009126134100370109,0.23694376647472382,0.03330959379673004
26844,1,0,implicit_mmr,explicit_mmr,test,0.6918832063674927,0.28440427780151367,0.004978975281119347,0.00017117643437813967,0.0013130955630913377,0.01724931225180626
26846,1,0,implicit_mmr,explicit_mmr,test,0.7121129631996155,0.2583487629890442,0.006401478312909603,0.00040381241706199944,0.0008167226333171129,0.021916279569268227
26847,1,0,implicit_mmr,explicit_mmr,test,0.8480691313743591,0.13205388188362122,0.0032773115672171116,0.00010362851753598079,0.0034656713251024485,0.01303053367882967
26873,1,0,implicit_mmr,explicit_mmr,test,0.7219511866569519,0.2508283853530884,0.0052728732116520405,0.00014558355906046927,0.0032485045958310366,0.01855340413749218
26875,0,0,explicit_mmr,explicit_mmr,test,0.9143819808959961,0.07403180748224258,0.0017908806912600994,0.00012342359696049243,0.001161382533609867,0.008510521613061428
26892,1,1,implicit_mmr,implicit_mmr,test,0.11790778487920761,0.8202696442604065,0.012149406597018242,0.0003188718401361257,0.002784168813377619,0.046570125967264175
26907,0,0,explicit_mmr,explicit_mmr,test,0.9686642289161682,0.023724127560853958,0.0011797273764386773,0.00010166384163312614,0.0037166597321629524,0.0026137451641261578
26911,1,1,implicit_mmr,implicit_mmr,test,0.1186717301607132,0.8211421966552734,0.011786673218011856,0.0002232985571026802,0.00512847863137722,0.04304772615432739
26913,0,0,explicit_mmr,explicit_mmr,test,0.9521982073783875,0.040097203105688095,0.0013752806698903441,7.434959115926176e-05,0.0016530563589185476,0.004601836204528809
26914,1,1,implicit_mmr,implicit_mmr,test,0.05984935164451599,0.8587446212768555,0.02113259956240654,0.0003762896521948278,0.0058846306055784225,0.054012417793273926
26917,0,1,explicit_mmr,implicit_mmr,test,0.10524905472993851,0.8226320743560791,0.013590727001428604,0.00026416618493385613,0.004631758201867342,0.053632285445928574
26923,0,1,explicit_mmr,implicit_mmr,test,0.06392856687307358,0.847144365310669,0.01962331496179104,0.0004276862018741667,0.00448344461619854,0.06439269334077835
26926,0,0,explicit_mmr,explicit_mmr,test,0.9562402367591858,0.037989333271980286,0.0010155682684853673,8.896204235497862e-05,0.0010445896768942475,0.0036213600542396307
26936,0,0,explicit_mmr,explicit_mmr,test,0.9538704752922058,0.03803199157118797,0.0012723809340968728,6.890930671943352e-05,0.00243048882111907,0.00432579405605793
26938,0,0,explicit_mmr,explicit_mmr,test,0.9368143677711487,0.05359203368425369,0.0016408779192715883,5.854628761881031e-05,0.0033381774555891752,0.0045560793951153755
26939,1,5,implicit_mmr,quant_only,test,0.01573515497148037,0.10171473771333694,0.2211340069770813,0.026774313300848007,0.10943053662776947,0.5252112150192261
26943,1,5,implicit_mmr,quant_only,test,0.005123474635183811,0.050955597311258316,0.28341078758239746,0.034518033266067505,0.14753367006778717,0.478458434343338
26945,1,5,implicit_mmr,quant_only,test,0.007377600762993097,0.05808250606060028,0.22964021563529968,0.04239446297287941,0.09565960615873337,0.5668456554412842
26954,1,5,implicit_mmr,quant_only,test,0.00632850406691432,0.04792727530002594,0.2657340168952942,0.0360926054418087,0.14510315656661987,0.49881449341773987
26959,2,1,multi_method_not_mmr,implicit_mmr,test,0.035672590136528015,0.4118667244911194,0.11045575886964798,0.01125002559274435,0.02219235710799694,0.408562570810318
26961,0,0,explicit_mmr,explicit_mmr,test,0.923202633857727,0.06462868303060532,0.0018603294156491756,9.292709728470072e-05,0.004314547870308161,0.005900851916521788
26965,4,1,qual_only,implicit_mmr,test,0.11312799900770187,0.8250280618667603,0.012759706936776638,0.00024141116591636091,0.004186348989605904,0.04465647414326668
26971,0,0,explicit_mmr,explicit_mmr,test,0.856290340423584,0.12476395815610886,0.0028608604334294796,0.0001912593434099108,0.0009584898361936212,0.01493510790169239
26976,3,3,no_method_signal,no_method_signal,test,0.00031559853232465684,0.002426927210763097,0.2974480390548706,0.46867597103118896,0.0757773146033287,0.15535616874694824
26977,1,5,implicit_mmr,quant_only,test,0.00860573910176754,0.050778161734342575,0.30071717500686646,0.019933369010686874,0.30813783407211304,0.31182774901390076
26984,1,0,implicit_mmr,explicit_mmr,test,0.9528737664222717,0.04030739888548851,0.0010706711327657104,0.0001318230206379667,0.0007384284399449825,0.0048777079209685326
26986,0,0,explicit_mmr,explicit_mmr,test,0.8009158372879028,0.1832776665687561,0.0029225109610706568,0.0001439479092368856,0.000904162647202611,0.01183584239333868
26994,0,0,explicit_mmr,explicit_mmr,test,0.8809855580329895,0.10442157834768295,0.0025105103850364685,8.86584457475692e-05,0.004637031350284815,0.007356663234531879
26995,4,4,qual_only,qual_only,test,0.10782662034034729,0.0123650673776865,0.009605522267520428,0.0010741092264652252,0.8649423718452454,0.004186308942735195
26999,0,0,explicit_mmr,explicit_mmr,test,0.8533782958984375,0.13214224576950073,0.002531423233449459,0.00018630038539413363,0.0007246980094350874,0.01103692315518856
27015,2,3,multi_method_not_mmr,no_method_signal,test,0.0005107406177558005,0.0030765885021537542,0.09345227479934692,0.8065449595451355,0.0035268536303192377,0.0928884968161583
27020,3,3,no_method_signal,no_method_signal,test,0.0010459141340106726,0.004409626126289368,0.07757331430912018,0.7937994003295898,0.0019774744287133217,0.12119429558515549
27040,0,1,explicit_mmr,implicit_mmr,test,0.19712236523628235,0.5679702162742615,0.056801825761795044,0.0010800965828821063,0.056810926645994186,0.1202145516872406
27046,0,1,explicit_mmr,implicit_mmr,test,0.2403431534767151,0.520015299320221,0.03986313194036484,0.0004173539637122303,0.1660608947277069,0.03330008313059807
27047,0,1,explicit_mmr,implicit_mmr,test,0.3862215578556061,0.4385037422180176,0.030914220958948135,0.000570765056181699,0.11141150444746017,0.03237827867269516
27050,1,0,implicit_mmr,explicit_mmr,test,0.9484605193138123,0.045473627746105194,0.0011393727036193013,9.379971015732735e-05,0.0010217464296147227,0.0038108828011900187
27052,0,4,explicit_mmr,qual_only,test,0.005282721947878599,0.006296367384493351,0.10656514018774033,0.021626118570566177,0.8489059209823608,0.01132375467568636
27056,0,0,explicit_mmr,explicit_mmr,test,0.8969100713729858,0.08946169912815094,0.0023218404967337847,0.00012118675658712164,0.0022841929458081722,0.008900935761630535
27059,0,4,explicit_mmr,qual_only,test,0.11876650899648666,0.1609736979007721,0.05381079390645027,0.0012645500246435404,0.6518471837043762,0.013337334617972374
27060,0,0,explicit_mmr,explicit_mmr,test,0.7285402417182922,0.24745279550552368,0.003855085698887706,0.00010871398990275338,0.002323319436982274,0.017719902098178864
27061,0,0,explicit_mmr,explicit_mmr,test,0.499930202960968,0.4333590567111969,0.012052937410771847,0.00018158726743422449,0.031743116676807404,0.022733034566044807
27063,0,1,explicit_mmr,implicit_mmr,test,0.3592628836631775,0.529224693775177,0.023166431114077568,0.0004229408223181963,0.05941072851419449,0.02851230651140213
27071,1,4,implicit_mmr,qual_only,test,0.0029269412625581026,0.012357964180409908,0.32112887501716614,0.08706902712583542,0.49807849526405334,0.07843874394893646
27077,0,1,explicit_mmr,implicit_mmr,test,0.05136798694729805,0.8084976673126221,0.03475622460246086,0.0013159951195120811,0.005213575437664986,0.09884858876466751
27078,2,5,multi_method_not_mmr,quant_only,test,0.012448853813111782,0.025118645280599594,0.28496143221855164,0.22372372448444366,0.017270172014832497,0.4364771544933319
27096,0,0,explicit_mmr,explicit_mmr,test,0.9219831228256226,0.06827368587255478,0.0016200800891965628,0.0001323080068686977,0.0008273111307062209,0.007163500413298607
27102,2,3,multi_method_not_mmr,no_method_signal,test,0.0015644780360162258,0.01808904856443405,0.2631168067455292,0.37531813979148865,0.006088279653340578,0.3358232080936432
27111,4,5,qual_only,quant_only,test,0.03744376078248024,0.19325177371501923,0.16579212248325348,0.059307750314474106,0.11050744354724884,0.4336972236633301
27113,0,0,explicit_mmr,explicit_mmr,test,0.4780675768852234,0.4493050277233124,0.014091646298766136,0.0002668276720214635,0.026301052421331406,0.03196783736348152
27114,2,3,multi_method_not_mmr,no_method_signal,test,0.0009096026769839227,0.012089483439922333,0.16435600817203522,0.4940076768398285,0.005173508543521166,0.3234637379646301
27128,5,5,quant_only,quant_only,test,0.007934695109724998,0.1245485469698906,0.14770425856113434,0.09513245522975922,0.004862581379711628,0.6198174357414246
27171,2,0,multi_method_not_mmr,explicit_mmr,test,0.5733050107955933,0.2262926697731018,0.04320000857114792,0.00985049456357956,0.004999601282179356,0.14235219359397888
27176,0,0,explicit_mmr,explicit_mmr,test,0.9753240346908569,0.01832554303109646,0.0008295077132061124,0.00011238645674893633,0.0022043015342205763,0.003204167354851961
27188,0,0,explicit_mmr,explicit_mmr,test,0.9814994931221008,0.012598003260791302,0.0007704571471549571,0.00019229162717238069,0.001883213990367949,0.0030565757770091295
27189,4,0,qual_only,explicit_mmr,test,0.8968565464019775,0.08759580552577972,0.0026075132191181183,0.00014727948291692883,0.0025758424308151007,0.010216872207820415
27190,0,0,explicit_mmr,explicit_mmr,test,0.9690057039260864,0.023319298401474953,0.0010375292040407658,0.00021122541511431336,0.001130774850025773,0.005295454524457455
27191,0,0,explicit_mmr,explicit_mmr,test,0.9757741093635559,0.017854107543826103,0.000830834498628974,0.00011447929864516482,0.0022301538847386837,0.003196300007402897
27194,4,0,qual_only,explicit_mmr,test,0.9811952114105225,0.014056258834898472,0.0009943079203367233,0.00018780080426950008,0.0008601973531767726,0.00270620989613235
27207,2,1,multi_method_not_mmr,implicit_mmr,test,0.14237728714942932,0.47474831342697144,0.07132317125797272,0.007982403971254826,0.030106499791145325,0.27346235513687134
27212,4,0,qual_only,explicit_mmr,test,0.943423867225647,0.013992926105856895,0.0017453100299462676,0.0003001991135533899,0.037759244441986084,0.0027785110287368298
27237,2,3,multi_method_not_mmr,no_method_signal,test,0.00023578638501930982,0.0010276680113747716,0.20375768840312958,0.7365698218345642,0.007248885929584503,0.05116012319922447
27238,0,0,explicit_mmr,explicit_mmr,test,0.9578423500061035,0.036094874143600464,0.0012434032978489995,9.802763088373467e-05,0.0017460938543081284,0.002975278999656439
27239,5,0,quant_only,explicit_mmr,test,0.967150866985321,0.027368351817131042,0.0009144049836322665,8.514556247973815e-05,0.0015338864177465439,0.002947399392724037
27247,5,1,quant_only,implicit_mmr,test,0.3326803743839264,0.40730565786361694,0.014538945630192757,0.002059639198705554,0.20660026371479034,0.03681516274809837
27255,3,5,no_method_signal,quant_only,test,0.005818515084683895,0.146346315741539,0.07325305044651031,0.06536173075437546,0.013463371433317661,0.6957570910453796
27279,1,0,implicit_mmr,explicit_mmr,test,0.9141459465026855,0.07415836304426193,0.0018843411235138774,9.549935930408537e-05,0.002702697180211544,0.007013125345110893
27287,5,4,quant_only,qual_only,test,0.0010202655103057623,0.0027834023348987103,0.31366032361984253,0.059272900223731995,0.5411791205406189,0.08208397775888443
27288,0,1,explicit_mmr,implicit_mmr,test,0.20984546840190887,0.5025114417076111,0.04030860587954521,0.000493276456836611,0.21463364362716675,0.03220761939883232
27289,0,1,explicit_mmr,implicit_mmr,test,0.4392877519130707,0.5140934586524963,0.00889491569250822,0.00021423326688818634,0.0058733318001031876,0.031636349856853485
27293,4,0,qual_only,explicit_mmr,test,0.9724336862564087,0.020256822928786278,0.0012969138333573937,0.00019038017489947379,0.0015374282374978065,0.004284722730517387
27299,0,1,explicit_mmr,implicit_mmr,test,0.30159130692481995,0.6275068521499634,0.011764260940253735,0.00019494921434670687,0.02435736358165741,0.03458532318472862
27312,1,0,implicit_mmr,explicit_mmr,test,0.8196005821228027,0.1572767049074173,0.0030210784170776606,0.0002481107076164335,0.0008661603787913918,0.018987420946359634
27364,0,0,explicit_mmr,explicit_mmr,test,0.9324641823768616,0.05800628289580345,0.001547865686006844,0.00012366862210910767,0.0012193124275654554,0.006638733204454184
27365,0,0,explicit_mmr,explicit_mmr,test,0.9703922271728516,0.02252006344497204,0.001234571449458599,0.00022515261662192643,0.0010360631858929992,0.004591987933963537
27372,4,0,qual_only,explicit_mmr,test,0.38298919796943665,0.3373757302761078,0.008912535384297371,0.0007980227237567306,0.2505667507648468,0.019357820972800255
27373,4,1,qual_only,implicit_mmr,test,0.41924992203712463,0.5314702391624451,0.005071009509265423,0.00024092117382679135,0.026928437873721123,0.017039425671100616
27381,0,0,explicit_mmr,explicit_mmr,test,0.9801015853881836,0.014055033214390278,0.0010074414312839508,0.0003324784920550883,0.0008520805859006941,0.0036512226797640324
27382,0,0,explicit_mmr,explicit_mmr,test,0.9286748170852661,0.061184417456388474,0.0016697122482582927,0.000167657490237616,0.0008655903511680663,0.0074377842247486115
27385,0,0,explicit_mmr,explicit_mmr,test,0.9297136068344116,0.06157245114445686,0.0013819675659760833,6.558054155902937e-05,0.0018942836904898286,0.005372091196477413
27386,0,0,explicit_mmr,explicit_mmr,test,0.9205322861671448,0.07132207602262497,0.0014830378349870443,8.132690709317103e-05,0.001538921962492168,0.005042373668402433
27387,4,0,qual_only,explicit_mmr,test,0.9547252058982849,0.038549747318029404,0.0012255535693839192,7.962888776091859e-05,0.0012769976165145636,0.00414283387362957
27388,4,0,qual_only,explicit_mmr,test,0.7862664461135864,0.19239698350429535,0.0042642634361982346,9.429438796360046e-05,0.0020456062629818916,0.014932426624000072
27389,4,0,qual_only,explicit_mmr,test,0.9147542119026184,0.07408668100833893,0.0017971809720620513,0.00013802143803332,0.0007415461004711688,0.008482391014695168
27390,4,0,qual_only,explicit_mmr,test,0.952995240688324,0.03513985499739647,0.0020559681579470634,0.00011663430632324889,0.004682566970586777,0.005009643267840147
27403,4,1,qual_only,implicit_mmr,test,0.3721614480018616,0.41663870215415955,0.02841799333691597,0.0003089560486841947,0.11790097504854202,0.06457196176052094
27404,4,0,qual_only,explicit_mmr,test,0.5794571042060852,0.32435283064842224,0.01100997719913721,0.0003786255547311157,0.008819728158414364,0.07598181813955307
27415,4,0,qual_only,explicit_mmr,test,0.799849808216095,0.16087907552719116,0.006639545783400536,0.00011484030983410776,0.02153303474187851,0.010983653366565704
27416,4,0,qual_only,explicit_mmr,test,0.8622143268585205,0.10502833127975464,0.004015041049569845,0.00014574758824892342,0.02000357210636139,0.0085929399356246
27418,4,0,qual_only,explicit_mmr,test,0.9604372978210449,0.029672179371118546,0.0014160614227876067,9.080627205548808e-05,0.0051850429736077785,0.0031986802350729704
27430,2,3,multi_method_not_mmr,no_method_signal,test,0.00036360000376589596,0.0024010215420275927,0.10733659565448761,0.7706414461135864,0.005892082117497921,0.11336521804332733
27471,4,5,qual_only,quant_only,test,0.028698649257421494,0.11970216780900955,0.18472810089588165,0.12420684844255447,0.0037737893871963024,0.5388903617858887
27473,0,0,explicit_mmr,explicit_mmr,test,0.9624818563461304,0.030208881944417953,0.0011425019474700093,0.00022508848633151501,0.0006618999759666622,0.0052795736119151115
27506,1,0,implicit_mmr,explicit_mmr,test,0.919894278049469,0.07134611159563065,0.0015116377035155892,9.411018982063979e-05,0.0009926423663273454,0.006161285098642111
27520,2,0,multi_method_not_mmr,explicit_mmr,test,0.8904799818992615,0.09573328495025635,0.0022625646088272333,0.00011087634629802778,0.001779728103429079,0.009633591398596764
27525,2,0,multi_method_not_mmr,explicit_mmr,test,0.6473692059516907,0.3052941560745239,0.008822930045425892,0.0001865925150923431,0.01872405968606472,0.019603081047534943
27559,0,0,explicit_mmr,explicit_mmr,test,0.898156464099884,0.0888325646519661,0.00197909539565444,0.00012315930507611483,0.001282008714042604,0.009626719169318676
27572,5,0,quant_only,explicit_mmr,test,0.8705765008926392,0.11132952570915222,0.002668087836354971,0.00021790110622532666,0.0008216078858822584,0.014386330731213093
27595,1,5,implicit_mmr,quant_only,test,0.002750659827142954,0.026424244046211243,0.2656203806400299,0.33121559023857117,0.018754808232188225,0.3552342653274536
27606,1,1,implicit_mmr,implicit_mmr,test,0.14181236922740936,0.7712680697441101,0.017310108989477158,0.00023472384782508016,0.020411739125847816,0.04896296188235283
27609,2,0,multi_method_not_mmr,explicit_mmr,test,0.5282221436500549,0.4389719069004059,0.00648081861436367,0.00023022711684461683,0.0013776547275483608,0.024717286229133606
27636,0,4,explicit_mmr,qual_only,test,0.017757851630449295,0.009581105783581734,0.018763743340969086,0.001338187139481306,0.9475951790809631,0.004963942337781191
27664,5,0,quant_only,explicit_mmr,test,0.9023006558418274,0.08705917000770569,0.0018252882873639464,0.00010206167644355446,0.0013425379293039441,0.00737028568983078
27670,0,1,explicit_mmr,implicit_mmr,test,0.16984738409519196,0.6137398481369019,0.0567174069583416,0.001033190987072885,0.1177426278591156,0.040919527411460876
27673,0,4,explicit_mmr,qual_only,test,0.12588506937026978,0.14807599782943726,0.040562331676483154,0.00116088823415339,0.6667110919952393,0.017604663968086243
27679,1,0,implicit_mmr,explicit_mmr,test,0.9661480784416199,0.02834364026784897,0.0009066920028999448,0.00012638806947506964,0.0009686514968052506,0.003506674198433757
27681,0,0,explicit_mmr,explicit_mmr,test,0.9145591259002686,0.0751969963312149,0.0016253424109891057,0.00011817170889116824,0.0008922004490159452,0.007608174812048674
27686,0,0,explicit_mmr,explicit_mmr,test,0.7637510895729065,0.21217234432697296,0.003952536266297102,0.00016766930639278144,0.0014450614107772708,0.018511313945055008
27687,0,2,explicit_mmr,multi_method_not_mmr,test,0.03935045376420021,0.2552647888660431,0.37740346789360046,0.023646468296647072,0.04459257423877716,0.25974225997924805
27706,2,4,multi_method_not_mmr,qual_only,test,0.13823704421520233,0.2540435194969177,0.05596622824668884,0.0010922221699729562,0.5315778851509094,0.019083159044384956
27709,0,0,explicit_mmr,explicit_mmr,test,0.926706075668335,0.06353206932544708,0.001639106310904026,6.139749893918633e-05,0.0037093928549438715,0.00435188552364707
27710,0,0,explicit_mmr,explicit_mmr,test,0.8851305842399597,0.07946954667568207,0.00398001354187727,0.0001554919726913795,0.022199086844921112,0.00906527042388916
27711,0,0,explicit_mmr,explicit_mmr,test,0.905744194984436,0.08323898911476135,0.0019643669947981834,6.277293141465634e-05,0.00270224385894835,0.006287463940680027
27712,0,0,explicit_mmr,explicit_mmr,test,0.9155576229095459,0.06773637235164642,0.002419424243271351,8.960458217188716e-05,0.007753732614219189,0.0064432877115905285
27731,0,1,explicit_mmr,implicit_mmr,test,0.22755543887615204,0.7240925431251526,0.010142954997718334,0.0001678954140515998,0.0036270893178880215,0.034414127469062805
27736,0,1,explicit_mmr,implicit_mmr,test,0.2738499343395233,0.6765422821044922,0.011136242188513279,0.00014632583770435303,0.0047399201430380344,0.03358537703752518
27739,0,1,explicit_mmr,implicit_mmr,test,0.08439605683088303,0.8119978904724121,0.020318947732448578,0.0004326536727603525,0.0036438065581023693,0.07921062409877777
27750,0,0,explicit_mmr,explicit_mmr,test,0.48482316732406616,0.33384615182876587,0.04452449828386307,0.00565758254379034,0.0023593681398779154,0.12878920137882233
27777,2,0,multi_method_not_mmr,explicit_mmr,test,0.5734070539474487,0.0699271634221077,0.014636670239269733,0.0011048251762986183,0.3328045606613159,0.008119757287204266
27782,1,4,implicit_mmr,qual_only,test,0.00396357337012887,0.003307576756924391,0.3370809853076935,0.04122881591320038,0.5938974022865295,0.02052159421145916
27785,0,1,explicit_mmr,implicit_mmr,test,0.10143998265266418,0.2813521921634674,0.23018306493759155,0.010530858300626278,0.199258953332901,0.17723487317562103
27796,1,1,implicit_mmr,implicit_mmr,test,0.25906556844711304,0.6760209798812866,0.013359062373638153,0.00014479852688964456,0.014613956212997437,0.03679556027054787
27798,0,0,explicit_mmr,explicit_mmr,test,0.6708583235740662,0.2269713133573532,0.004149453714489937,0.00037592515582218766,0.07709769904613495,0.020547227934002876
27802,1,0,implicit_mmr,explicit_mmr,test,0.6576389670372009,0.30704939365386963,0.006078057456761599,0.0001843173522502184,0.003080252092331648,0.02596898004412651
27806,2,3,multi_method_not_mmr,no_method_signal,test,0.0001992158795474097,0.003002876415848732,0.05282925069332123,0.8335658311843872,0.009609530679881573,0.1007932499051094
27856,0,0,explicit_mmr,explicit_mmr,test,0.690690815448761,0.2777247428894043,0.004980246536433697,0.00028855702839791775,0.0013686944730579853,0.024946855381131172
27859,0,0,explicit_mmr,explicit_mmr,test,0.8071501851081848,0.1569332629442215,0.007968512363731861,0.0008712230483070016,0.0010083195520564914,0.026068473234772682
27861,5,1,quant_only,implicit_mmr,test,0.04806710034608841,0.5150315165519714,0.0556301549077034,0.015158615075051785,0.004344236105680466,0.36176833510398865
27863,0,5,explicit_mmr,quant_only,test,0.006651353556662798,0.04134924337267876,0.202916219830513,0.12833452224731445,0.040466152131557465,0.5802825093269348
27864,0,1,explicit_mmr,implicit_mmr,test,0.26406604051589966,0.5915910005569458,0.02331872470676899,0.0019203765550628304,0.007486745249480009,0.11161714792251587
27875,0,0,explicit_mmr,explicit_mmr,test,0.8781112432479858,0.1076660305261612,0.002522469963878393,0.00013158709043636918,0.001455864985473454,0.010112835094332695
27877,0,5,explicit_mmr,quant_only,test,0.02523927204310894,0.3652462065219879,0.10360860079526901,0.023869162425398827,0.012020471505820751,0.470016211271286
27883,1,0,implicit_mmr,explicit_mmr,test,0.48362743854522705,0.4456171691417694,0.01212797500193119,0.000594727520365268,0.006609734613448381,0.05142290145158768
27884,1,1,implicit_mmr,implicit_mmr,test,0.1700468808412552,0.7616687417030334,0.012216062285006046,0.0005912345950491726,0.0016835406422615051,0.05379354581236839
27892,1,0,implicit_mmr,explicit_mmr,test,0.710027813911438,0.2569052577018738,0.005629276856780052,0.0002659950696397573,0.005696148611605167,0.021475432440638542
27896,1,5,implicit_mmr,quant_only,test,0.03464900329709053,0.370913565158844,0.09874199330806732,0.026704376563429832,0.00810236670076847,0.46088868379592896
27898,5,1,quant_only,implicit_mmr,test,0.08754687756299973,0.6831431984901428,0.02975221537053585,0.004108276683837175,0.003708404954522848,0.1917409747838974
27911,1,0,implicit_mmr,explicit_mmr,test,0.48968011140823364,0.25644615292549133,0.049557432532310486,0.009592533111572266,0.001597312861122191,0.19312648475170135
27915,0,1,explicit_mmr,implicit_mmr,test,0.10773394256830215,0.44686752557754517,0.07481428235769272,0.01581720821559429,0.015192029997706413,0.33957499265670776
27922,0,5,explicit_mmr,quant_only,test,0.022669324651360512,0.24326559901237488,0.13208366930484772,0.05417323857545853,0.006116341333836317,0.5416918396949768
27924,0,1,explicit_mmr,implicit_mmr,test,0.07533442229032516,0.5429433584213257,0.07815331965684891,0.010201333090662956,0.0225346889346838,0.27083298563957214
27936,2,1,multi_method_not_mmr,implicit_mmr,test,0.08425060659646988,0.6808081269264221,0.032816216349601746,0.0044186655431985855,0.004166958387941122,0.19353944063186646
27939,0,4,explicit_mmr,qual_only,test,0.11597178876399994,0.2738282084465027,0.03607282042503357,0.005654576234519482,0.5320807695388794,0.036391858011484146
27949,0,0,explicit_mmr,explicit_mmr,test,0.9463160037994385,0.04605448618531227,0.0009182515204884112,9.963681077351794e-05,0.0028677373193204403,0.0037437784485518932
27951,0,0,explicit_mmr,explicit_mmr,test,0.849586546421051,0.1348865032196045,0.0018580785254016519,0.00011047163570765406,0.0052967132069170475,0.008261715061962605
27968,0,0,explicit_mmr,explicit_mmr,test,0.9091992974281311,0.07861758023500443,0.0019761668518185616,0.00019631325267255306,0.000900146784260869,0.009110536426305771
27986,0,0,explicit_mmr,explicit_mmr,test,0.8319413065910339,0.1373538374900818,0.004368513356894255,0.00015936470299493521,0.015628373250365257,0.010548709891736507
27987,0,0,explicit_mmr,explicit_mmr,test,0.8503314256668091,0.12164395302534103,0.004003811627626419,0.00015335272473748773,0.01420389860868454,0.009663598611950874
27997,0,0,explicit_mmr,explicit_mmr,test,0.4276181757450104,0.1889415979385376,0.011274905875325203,0.00074142892844975,0.3596159815788269,0.011807872913777828
28008,5,5,quant_only,quant_only,test,0.030858196318149567,0.21875612437725067,0.1663580983877182,0.030461471527814865,0.05647149309515953,0.49709469079971313
28021,2,0,multi_method_not_mmr,explicit_mmr,test,0.9627435803413391,0.029225096106529236,0.0009727120632305741,0.00011981934949290007,0.0015892640221863985,0.00534954434260726
28023,1,0,implicit_mmr,explicit_mmr,test,0.9168611168861389,0.07376798242330551,0.0017078808741644025,0.00012718870129901916,0.000934321025852114,0.006601563189178705
28034,1,0,implicit_mmr,explicit_mmr,test,0.9554232954978943,0.038932595402002335,0.0010356990387663245,9.162104106508195e-05,0.0010769052896648645,0.00343993678689003
28038,1,0,implicit_mmr,explicit_mmr,test,0.9490535259246826,0.04135549068450928,0.0009457434643991292,0.00010499755444470793,0.004961843602359295,0.0035784791689366102
28044,0,0,explicit_mmr,explicit_mmr,test,0.9096646308898926,0.08051009476184845,0.0017026113346219063,0.00011676280701067299,0.0008367293630726635,0.007169067393988371
28074,0,0,explicit_mmr,explicit_mmr,test,0.9506872892379761,0.04221780225634575,0.00123350671492517,0.00014146648754831403,0.0007376788998953998,0.004982351791113615
28075,4,2,qual_only,multi_method_not_mmr,test,0.048268504440784454,0.06914980709552765,0.414302259683609,0.09819512814283371,0.11697320640087128,0.25311118364334106
28132,0,0,explicit_mmr,explicit_mmr,test,0.7723039984703064,0.20355233550071716,0.003970705438405275,9.565071377437562e-05,0.006672734394669533,0.013404546305537224
28133,0,0,explicit_mmr,explicit_mmr,test,0.7967385053634644,0.18064731359481812,0.003889089683070779,0.00011452219041530043,0.007194198668003082,0.011416441760957241
28134,0,1,explicit_mmr,implicit_mmr,test,0.32646727561950684,0.638142466545105,0.007703794166445732,0.00018143444322049618,0.0020858405623584986,0.025419168174266815
28140,2,0,multi_method_not_mmr,explicit_mmr,test,0.9003480672836304,0.08734948933124542,0.0021070034708827734,0.00022216349316295236,0.0006916265119798481,0.009281555190682411
28143,0,0,explicit_mmr,explicit_mmr,test,0.9531846046447754,0.040158431977033615,0.0011373477755114436,0.00010513355664443225,0.0012217656476423144,0.004192752297967672
28191,0,0,explicit_mmr,explicit_mmr,test,0.938296377658844,0.0536840446293354,0.0012242242228239775,0.00010226591257378459,0.0010177468648180366,0.00567529397085309
28192,1,0,implicit_mmr,explicit_mmr,test,0.9075232148170471,0.0835956484079361,0.0016889621037989855,9.678690548753366e-05,0.0008871152531355619,0.006208156235516071
28197,0,0,explicit_mmr,explicit_mmr,test,0.8434773087501526,0.1338735967874527,0.0032421217765659094,9.798682003747672e-05,0.008950436487793922,0.010358531028032303
28204,1,0,implicit_mmr,explicit_mmr,test,0.8562110662460327,0.12787975370883942,0.0027385572902858257,0.00019078858895227313,0.0008367279078811407,0.012143058702349663
28205,2,4,multi_method_not_mmr,qual_only,test,0.019044075161218643,0.02423327974975109,0.09499528259038925,0.005690515507012606,0.8442035913467407,0.01183329988270998
28216,1,1,implicit_mmr,implicit_mmr,test,0.2888675034046173,0.3179173171520233,0.09561334550380707,0.007057299837470055,0.010711081326007843,0.27983352541923523
28219,2,1,multi_method_not_mmr,implicit_mmr,test,0.10557956993579865,0.7852647304534912,0.014712568372488022,0.0006419169367291033,0.004769939463585615,0.08903136104345322
28225,3,1,no_method_signal,implicit_mmr,test,0.03410875424742699,0.6035311222076416,0.13756120204925537,0.002185873920097947,0.048313356935977936,0.17429959774017334
28244,5,0,quant_only,explicit_mmr,test,0.9180614352226257,0.07198444753885269,0.0016092153964564204,0.00011876858479809016,0.000880621315445751,0.007345475256443024
28254,0,0,explicit_mmr,explicit_mmr,test,0.9489734172821045,0.043939944356679916,0.001208833185955882,0.00012025629985146224,0.0008777095936238766,0.004879804793745279
28258,0,0,explicit_mmr,explicit_mmr,test,0.9540290832519531,0.039269525557756424,0.0011296792654320598,0.00011349023407092318,0.0011054440401494503,0.004352749790996313
28271,0,1,explicit_mmr,implicit_mmr,test,0.24026137590408325,0.6689260005950928,0.01476600393652916,0.0002435586939100176,0.03631085157394409,0.039492152631282806
28272,0,4,explicit_mmr,qual_only,test,0.2105727642774582,0.0570683553814888,0.03137042000889778,0.0014386578695848584,0.6900929808616638,0.009456789121031761
28296,0,0,explicit_mmr,explicit_mmr,test,0.92206871509552,0.06703555583953857,0.0018506577471271157,0.00012207924737595022,0.0014102691784501076,0.00751262903213501
28309,4,1,qual_only,implicit_mmr,test,0.3745790421962738,0.59285569190979,0.007000632584095001,0.00015708728460595012,0.003246570937335491,0.02216101996600628
28315,0,1,explicit_mmr,implicit_mmr,test,0.15742748975753784,0.5353077054023743,0.039608050137758255,0.0015262976521626115,0.015986807644367218,0.2501436769962311
28316,4,4,qual_only,qual_only,test,0.0009226149413734674,0.0015480878064408898,0.14174523949623108,0.04070230573415756,0.7880515456199646,0.02703014388680458
28321,1,0,implicit_mmr,explicit_mmr,test,0.9689161777496338,0.015084924176335335,0.000980839948169887,0.00012796475493814796,0.01249673217535019,0.0023933632764965296
28327,4,1,qual_only,implicit_mmr,test,0.14592145383358002,0.812537431716919,0.009047189727425575,0.00019098061602562666,0.003562945406883955,0.02873995713889599
28362,1,0,implicit_mmr,explicit_mmr,test,0.8937033414840698,0.09517750889062881,0.0019580803345888853,0.0001465172099415213,0.000693985668476671,0.008320615626871586
28370,2,0,multi_method_not_mmr,explicit_mmr,test,0.6699057221412659,0.17374883592128754,0.03678186610341072,0.008034437894821167,0.005976090673357248,0.10555295646190643
28384,0,4,explicit_mmr,qual_only,test,0.2384236454963684,0.2074599415063858,0.06795845925807953,0.002254911232739687,0.4627867639064789,0.021116329357028008
28399,5,1,quant_only,implicit_mmr,test,0.308260053396225,0.6487023830413818,0.008174929767847061,0.0001546946441521868,0.006195057183504105,0.028512828052043915
28400,5,1,quant_only,implicit_mmr,test,0.0610118992626667,0.5285821557044983,0.10770569741725922,0.011941609904170036,0.008596017025411129,0.2821626663208008
28401,5,1,quant_only,implicit_mmr,test,0.24594320356845856,0.7083547711372375,0.00897896382957697,0.00019096379401162267,0.005078623536974192,0.031453486531972885
28402,5,1,quant_only,implicit_mmr,test,0.2970636188983917,0.6615546941757202,0.007679270580410957,0.000152333450387232,0.0048238602466881275,0.0287262462079525
28403,5,1,quant_only,implicit_mmr,test,0.12363587319850922,0.7434669733047485,0.023450905457139015,0.0015086508356034756,0.004813665524125099,0.10312391817569733
28405,5,1,quant_only,implicit_mmr,test,0.11144954711198807,0.5756960511207581,0.0738789290189743,0.0011374071473255754,0.20695418119430542,0.030883917585015297
28406,5,1,quant_only,implicit_mmr,test,0.059090010821819305,0.6975888609886169,0.101449154317379,0.0036116372793912888,0.0712665542960167,0.06699375808238983
28407,5,1,quant_only,implicit_mmr,test,0.022898225113749504,0.3948381841182709,0.28168055415153503,0.009179186075925827,0.18141542375087738,0.10998854041099548
28408,0,0,explicit_mmr,explicit_mmr,test,0.9551061987876892,0.03906552866101265,0.0010846509831026196,0.00010420232865726575,0.0008953514043241739,0.0037441253662109375
28420,0,0,explicit_mmr,explicit_mmr,test,0.9599589705467224,0.03417179360985756,0.0009657360496930778,0.00011808405542979017,0.000766066659707576,0.004019424319267273
28442,2,4,multi_method_not_mmr,qual_only,test,0.011540794745087624,0.005577721633017063,0.2021515667438507,0.14476452767848969,0.6146349310874939,0.021330496296286583
28451,0,5,explicit_mmr,quant_only,test,0.0031660653185099363,0.024747096002101898,0.22311773896217346,0.25578033924102783,0.020800160244107246,0.4723886251449585
28453,0,5,explicit_mmr,quant_only,test,0.008693208917975426,0.051744215190410614,0.2020682394504547,0.1633329689502716,0.012176196090877056,0.561985194683075
28461,1,1,implicit_mmr,implicit_mmr,test,0.14117784798145294,0.6496025919914246,0.02464221604168415,0.0037599876523017883,0.0031624308321624994,0.17765502631664276
28465,4,0,qual_only,explicit_mmr,test,0.5987823605537415,0.20122118294239044,0.04352265223860741,0.002229430479928851,0.10553716123104095,0.04870718717575073
28471,2,5,multi_method_not_mmr,quant_only,test,0.10538894683122635,0.34629327058792114,0.12611959874629974,0.019586237147450447,0.040757350623607635,0.36185455322265625
28473,2,3,multi_method_not_mmr,no_method_signal,test,0.0007376371650025249,0.0024731657467782497,0.2571900188922882,0.5265583395957947,0.17727550864219666,0.03576524928212166
28486,5,3,quant_only,no_method_signal,test,0.00020348578982520849,0.00042440625838935375,0.21121515333652496,0.7689950466156006,0.006966856773942709,0.012195056304335594
28515,0,1,explicit_mmr,implicit_mmr,test,0.15076400339603424,0.7313767671585083,0.018787069246172905,0.0005231184768490493,0.007306345738470554,0.09124266356229782
28519,5,4,quant_only,qual_only,test,0.12005109339952469,0.25914621353149414,0.059455495327711105,0.01062439288944006,0.4780816435813904,0.07264108955860138
28532,2,5,multi_method_not_mmr,quant_only,test,0.0016006487421691418,0.023561447858810425,0.281591534614563,0.32645705342292786,0.007464836351573467,0.35932451486587524
28540,0,0,explicit_mmr,explicit_mmr,test,0.9601504802703857,0.03329066187143326,0.0010961852967739105,0.0001423331123078242,0.000803106464445591,0.004517140332609415
28551,3,5,no_method_signal,quant_only,test,0.005226092878729105,0.20586159825325012,0.13492240011692047,0.15603795647621155,0.004449982196092606,0.4935019910335541
28560,5,0,quant_only,explicit_mmr,test,0.9098948240280151,0.07722103595733643,0.002019911538809538,0.00014837602793704718,0.0010922262445092201,0.009623638354241848
28561,5,0,quant_only,explicit_mmr,test,0.9079564809799194,0.07910271733999252,0.002018637489527464,0.00015126971993595362,0.001063755713403225,0.009707121178507805
28579,0,2,explicit_mmr,multi_method_not_mmr,test,0.007226888556033373,0.055956896394491196,0.35795438289642334,0.021438274532556534,0.3162935972213745,0.24112987518310547
28581,4,0,qual_only,explicit_mmr,test,0.8544983863830566,0.11621595174074173,0.003784764790907502,7.832437404431403e-05,0.018656907603144646,0.0067656622268259525
28592,0,0,explicit_mmr,explicit_mmr,test,0.45949938893318176,0.4451223909854889,0.02614191547036171,0.0024717524647712708,0.0013207204174250364,0.06544379144906998
28612,0,0,explicit_mmr,explicit_mmr,test,0.7502201795578003,0.2209693044424057,0.004477153066545725,0.00020313746063038707,0.0019699125550687313,0.02216040901839733
28613,0,1,explicit_mmr,implicit_mmr,test,0.39973369240760803,0.5105316042900085,0.016328981146216393,0.0004318652499932796,0.021633287891745567,0.051340483129024506
28616,0,1,explicit_mmr,implicit_mmr,test,0.13788555562496185,0.731377899646759,0.037510622292757034,0.0004104182298760861,0.048782430589199066,0.04403311759233475
28617,0,1,explicit_mmr,implicit_mmr,test,0.20978990197181702,0.7067511677742004,0.019131146371364594,0.00023916366626508534,0.03193528205156326,0.032153356820344925
28624,0,0,explicit_mmr,explicit_mmr,test,0.6129361391067505,0.3440248668193817,0.0066451216116547585,0.00025190121959894896,0.0023360284976661205,0.03380585089325905
28664,0,4,explicit_mmr,qual_only,test,0.243925079703331,0.3245740234851837,0.06323283910751343,0.0017423806712031364,0.34275633096694946,0.023769335821270943
28665,0,1,explicit_mmr,implicit_mmr,test,0.28300994634628296,0.4023135006427765,0.04710758849978447,0.0008660315070301294,0.2429109513759613,0.023791970685124397
28675,0,4,explicit_mmr,qual_only,test,0.0643862634897232,0.1167597845196724,0.057003203779459,0.0016220120014622808,0.742520272731781,0.01770850270986557
28677,0,0,explicit_mmr,explicit_mmr,test,0.9615802764892578,0.03244590014219284,0.0009280694066546857,8.61517692101188e-05,0.0012299050576984882,0.0037297422531992197
28678,0,0,explicit_mmr,explicit_mmr,test,0.9536437392234802,0.04025132581591606,0.001047139405272901,8.409553265664726e-05,0.00103575992397964,0.00393788842484355
28679,0,0,explicit_mmr,explicit_mmr,test,0.8106765747070312,0.16619035601615906,0.0037084161303937435,0.00021234102314338088,0.001319905393756926,0.01789245754480362
28684,5,5,quant_only,quant_only,test,0.0068479422479867935,0.06534318625926971,0.1453372985124588,0.22530119121074677,0.00378208514302969,0.5533883571624756
28685,1,0,implicit_mmr,explicit_mmr,test,0.9294692873954773,0.05992530286312103,0.0017015739576891065,0.00015389631153084338,0.001311637694016099,0.007438264321535826
28705,0,0,explicit_mmr,explicit_mmr,test,0.8887292742729187,0.09296312183141708,0.0033148822840303183,8.894278289517388e-05,0.009347362443804741,0.005556284915655851
28714,0,1,explicit_mmr,implicit_mmr,test,0.2577678859233856,0.6596055626869202,0.01478726975619793,0.00022156610793899745,0.02785945124924183,0.03975827246904373
28728,0,0,explicit_mmr,explicit_mmr,test,0.9108294248580933,0.07702101767063141,0.0019849964883178473,0.00018419114348944277,0.0009695006883703172,0.009010900743305683
28775,1,4,implicit_mmr,qual_only,test,0.03364509344100952,0.19223599135875702,0.26431939005851746,0.01213925238698721,0.32305973768234253,0.17460058629512787
28829,5,4,quant_only,qual_only,test,0.26088210940361023,0.03411088511347771,0.14505836367607117,0.02525055594742298,0.5201245546340942,0.01457354985177517
28831,0,4,explicit_mmr,qual_only,test,0.08605824410915375,0.06632813066244125,0.019963834434747696,0.0006992093403823674,0.8124747276306152,0.014475848525762558
28832,0,4,explicit_mmr,qual_only,test,0.05041097104549408,0.045529063791036606,0.022995149716734886,0.0008289821562357247,0.868462324142456,0.011773495934903622
28836,0,0,explicit_mmr,explicit_mmr,test,0.7738738656044006,0.2055080533027649,0.0032800459302961826,7.938607450341806e-05,0.0054702553898096085,0.011788368225097656
28851,0,0,explicit_mmr,explicit_mmr,test,0.9655312895774841,0.02839018777012825,0.0008311679121106863,0.0001360612513963133,0.0009522945620119572,0.0041590118780732155
28852,0,0,explicit_mmr,explicit_mmr,test,0.9504684209823608,0.041270896792411804,0.0011050499742850661,0.0001500218641012907,0.0010173758491873741,0.005988283548504114
28854,1,1,implicit_mmr,implicit_mmr,test,0.08913334459066391,0.6851583123207092,0.06020403653383255,0.0011447544675320387,0.04837039113044739,0.115989089012146
28855,1,0,implicit_mmr,explicit_mmr,test,0.6363228559494019,0.2574368119239807,0.008750440552830696,0.00017182386363856494,0.08125871419906616,0.01605929806828499
28872,0,0,explicit_mmr,explicit_mmr,test,0.9247147440910339,0.05932614579796791,0.0023448632564395666,0.000352346571162343,0.0022407639771699905,0.011021089740097523
28891,0,0,explicit_mmr,explicit_mmr,test,0.9121349453926086,0.07235826551914215,0.002447060775011778,0.0002606767520774156,0.0013982339296489954,0.011400805786252022
28954,5,4,quant_only,qual_only,test,0.015975190326571465,0.009234892204403877,0.07809892296791077,0.009801279753446579,0.8811416029930115,0.005748135037720203
28966,1,4,implicit_mmr,qual_only,test,0.012303676456212997,0.012373625300824642,0.04281265661120415,0.0017059081001207232,0.9185109734535217,0.012293173000216484
28967,1,4,implicit_mmr,qual_only,test,0.015638310462236404,0.018744295462965965,0.03702898696064949,0.0013161256210878491,0.9156771302223206,0.011595097370445728
28968,3,3,no_method_signal,no_method_signal,test,0.00036996137350797653,0.00044931855518370867,0.1986391842365265,0.7834159731864929,0.011602077633142471,0.0055234855972230434
28969,0,0,explicit_mmr,explicit_mmr,test,0.6627219915390015,0.30789315700531006,0.00507270498201251,8.598927524872124e-05,0.006553721614181995,0.017672475427389145
28970,1,0,implicit_mmr,explicit_mmr,test,0.8331337571144104,0.15527522563934326,0.0014564008451998234,0.00010155139898415655,0.0017393920570611954,0.00829383172094822
28977,1,0,implicit_mmr,explicit_mmr,test,0.48768267035484314,0.39707738161087036,0.014107471331954002,0.00028831991949118674,0.08130132406949997,0.019542843103408813
28981,1,0,implicit_mmr,explicit_mmr,test,0.9808644652366638,0.0145733542740345,0.0008711787522770464,0.00016906634846236557,0.0011598863638937473,0.0023619395215064287
28982,2,0,multi_method_not_mmr,explicit_mmr,test,0.6075631380081177,0.25531601905822754,0.012991758063435555,0.00017277647566515952,0.11088269203901291,0.013073609210550785
28986,1,0,implicit_mmr,explicit_mmr,test,0.8847985863685608,0.10138476639986038,0.001994852442294359,0.0001236742245964706,0.001153862802311778,0.010544178076088428
28987,0,0,explicit_mmr,explicit_mmr,test,0.5381424427032471,0.287576824426651,0.016607845202088356,0.00019671105837915093,0.13849005103111267,0.018986180424690247
28991,0,1,explicit_mmr,implicit_mmr,test,0.13312183320522308,0.6893475651741028,0.04123189300298691,0.0005821156082674861,0.0955204889178276,0.040196046233177185
28992,2,1,multi_method_not_mmr,implicit_mmr,test,0.1291949599981308,0.7960129380226135,0.01729099079966545,0.0002782451920211315,0.014421556144952774,0.04280142858624458
28993,4,4,qual_only,qual_only,test,0.08451461791992188,0.09204467386007309,0.056514788419008255,0.0015348041197285056,0.7538978457450867,0.011493266560137272
28994,1,4,implicit_mmr,qual_only,test,0.22838924825191498,0.1528400182723999,0.035401955246925354,0.0011389064602553844,0.5666849613189697,0.015544842928647995
29003,1,0,implicit_mmr,explicit_mmr,test,0.947537899017334,0.04510697349905968,0.0011832306627184153,8.604300091974437e-05,0.0013684654841199517,0.0047173649072647095
29018,0,0,explicit_mmr,explicit_mmr,test,0.9293279051780701,0.059045370668172836,0.001676342566497624,0.00021105028281453997,0.0007668776088394225,0.008972412906587124
29031,4,0,qual_only,explicit_mmr,test,0.8956683874130249,0.06593344360589981,0.0017461178358644247,0.0001590810134075582,0.03150445595383644,0.004988469183444977
29032,4,0,qual_only,explicit_mmr,test,0.9001717567443848,0.06826063990592957,0.0016101193614304066,0.00013669650070369244,0.02587577886879444,0.003944905940443277
29039,1,0,implicit_mmr,explicit_mmr,test,0.9617664813995361,0.025899827480316162,0.0016906228847801685,0.00013371917884796858,0.0074619571678340435,0.003047477686777711
29040,0,0,explicit_mmr,explicit_mmr,test,0.9509308338165283,0.04215778037905693,0.0012223597150295973,9.181223867926747e-05,0.0012738610384985805,0.004323319531977177
29050,0,0,explicit_mmr,explicit_mmr,test,0.9631949067115784,0.02489747479557991,0.0016135816695168614,0.00014859468501526862,0.006793302949517965,0.0033520853612571955
29055,1,1,implicit_mmr,implicit_mmr,test,0.3287177085876465,0.6167902946472168,0.008124691434204578,0.0002914618235081434,0.0018062120070680976,0.0442696213722229
29075,0,0,explicit_mmr,explicit_mmr,test,0.9698828458786011,0.023096157237887383,0.001149097690358758,0.0001086483389372006,0.0029346791561692953,0.0028284587897360325
29083,0,1,explicit_mmr,implicit_mmr,test,0.19359925389289856,0.3881852924823761,0.04616076499223709,0.000888800946995616,0.3409714102745056,0.03019440546631813
29084,5,1,quant_only,implicit_mmr,test,0.09157990664243698,0.8116103410720825,0.020167797803878784,0.00042985472828149796,0.00515266926959157,0.07105939090251923
29086,5,1,quant_only,implicit_mmr,test,0.25413769483566284,0.5843515992164612,0.03169604390859604,0.0015094386180862784,0.031754445284605026,0.09655071049928665
29102,0,0,explicit_mmr,explicit_mmr,test,0.6653884649276733,0.3028657138347626,0.005015973933041096,9.629832493374124e-05,0.007752554025501013,0.018881000578403473
29108,0,0,explicit_mmr,explicit_mmr,test,0.9779641628265381,0.015457960776984692,0.000706592807546258,0.00011338978220010176,0.003381978254765272,0.0023757764138281345
29115,4,0,qual_only,explicit_mmr,test,0.9391456842422485,0.05398917198181152,0.0013227432500571012,0.0001227264292538166,0.0007612562621943653,0.004658401478081942
29118,4,4,qual_only,qual_only,test,0.016798904165625572,0.012799075804650784,0.03039141185581684,0.0020821839570999146,0.9338619112968445,0.00406646728515625
29119,4,4,qual_only,qual_only,test,0.03555510565638542,0.007949981838464737,0.013364216312766075,0.0013577903155237436,0.9386290907859802,0.003143909852951765
29121,0,0,explicit_mmr,explicit_mmr,test,0.902834951877594,0.08415059745311737,0.0023045670241117477,6.195649621076882e-05,0.00497241597622633,0.005675393622368574
29125,0,0,explicit_mmr,explicit_mmr,test,0.9458116888999939,0.046133968979120255,0.001294960849918425,0.00012607616372406483,0.0011678239097818732,0.005465487018227577
29130,2,4,multi_method_not_mmr,qual_only,test,0.0013339936267584562,0.0020542216952890158,0.185466468334198,0.09751176834106445,0.7049131989479065,0.008720364421606064
29133,0,0,explicit_mmr,explicit_mmr,test,0.8740599751472473,0.11079254001379013,0.0025056975428014994,0.0001440372143406421,0.001103298389352858,0.011394494213163853
29136,0,0,explicit_mmr,explicit_mmr,test,0.9477267265319824,0.04448968917131424,0.0013386919163167477,0.00010284394375048578,0.0015845519956201315,0.004757565446197987
29140,1,0,implicit_mmr,explicit_mmr,test,0.9449999928474426,0.04641483351588249,0.0013198390370234847,0.00015297578647732735,0.000825217692181468,0.0062871999107301235
29154,0,0,explicit_mmr,explicit_mmr,test,0.9594992399215698,0.032837316393852234,0.0014046186115592718,0.0001017578033497557,0.0015952056273818016,0.004561903886497021
29160,4,0,qual_only,explicit_mmr,test,0.4719250798225403,0.04108167812228203,0.0074381716549396515,0.0005335258319973946,0.4707810580730438,0.008240371942520142
29179,0,4,explicit_mmr,qual_only,test,0.0022336032707244158,0.002869443967938423,0.2516731321811676,0.16466385126113892,0.569431483745575,0.009128493256866932
29188,0,1,explicit_mmr,implicit_mmr,test,0.4254521429538727,0.5165773034095764,0.008440093137323856,0.000323071755701676,0.002541425172239542,0.046666063368320465
29193,0,1,explicit_mmr,implicit_mmr,test,0.36788105964660645,0.5612711906433105,0.005374569445848465,0.00032322987681254745,0.041434697806835175,0.023715250194072723
29194,1,0,implicit_mmr,explicit_mmr,test,0.9158197641372681,0.07484196871519089,0.0016859592869877815,0.00011542736319825053,0.0012125404318794608,0.0063243284821510315
29195,1,0,implicit_mmr,explicit_mmr,test,0.942140519618988,0.024347564205527306,0.0022411553654819727,0.00021022165310569108,0.027062319219112396,0.0039981575682759285
29197,0,1,explicit_mmr,implicit_mmr,test,0.14975933730602264,0.6504340171813965,0.0304820965975523,0.0011624181643128395,0.008231569081544876,0.1599305272102356
29204,0,0,explicit_mmr,explicit_mmr,test,0.8707531094551086,0.11689674854278564,0.001889568753540516,7.769916555844247e-05,0.0018518251599743962,0.008530927821993828
29205,0,0,explicit_mmr,explicit_mmr,test,0.8548322319984436,0.12566402554512024,0.0023480807431042194,0.00017233633843716234,0.001241503399796784,0.015741819515824318
29225,4,1,qual_only,implicit_mmr,test,0.06609047949314117,0.8423187732696533,0.021948400884866714,0.0004647311579901725,0.004658206831663847,0.06451934576034546
29262,5,1,quant_only,implicit_mmr,test,0.26324889063835144,0.41052499413490295,0.03875850886106491,0.0006659624632447958,0.26750651001930237,0.019295167177915573
29265,2,5,multi_method_not_mmr,quant_only,test,0.0035344501957297325,0.0737675130367279,0.08025052398443222,0.09695065766572952,0.014342735521495342,0.7311541438102722
29306,1,5,implicit_mmr,quant_only,test,0.021894825622439384,0.39046788215637207,0.07662008702754974,0.033255163580179214,0.0046698846854269505,0.4730921983718872
29313,1,1,implicit_mmr,implicit_mmr,test,0.46015477180480957,0.48607638478279114,0.007993858307600021,0.00023339808103628457,0.0019984892569482327,0.04354310780763626
29324,1,0,implicit_mmr,explicit_mmr,test,0.9275455474853516,0.06465572863817215,0.0010612341575324535,0.00011926399020012468,0.0014413608005270362,0.005176927428692579
29331,4,0,qual_only,explicit_mmr,test,0.7735896110534668,0.15860910713672638,0.003043389180675149,0.00024113827385008335,0.053168945014476776,0.011347749270498753
29336,4,0,qual_only,explicit_mmr,test,0.8002790212631226,0.1771695464849472,0.0020049491431564093,0.0001386167132295668,0.009951429441571236,0.010456351563334465
29368,2,4,multi_method_not_mmr,qual_only,test,0.009090517647564411,0.0038682164158672094,0.048858970403671265,0.025948574766516685,0.9085378646850586,0.0036957943812012672
29391,0,0,explicit_mmr,explicit_mmr,test,0.9008786082267761,0.08771789073944092,0.0019148552091792226,0.00018650728452485055,0.0006286081625148654,0.008673539385199547
29421,5,5,quant_only,quant_only,test,0.0009366974118165672,0.014771153219044209,0.0746627151966095,0.3154028058052063,0.019351406022906303,0.5748752355575562
29460,2,1,multi_method_not_mmr,implicit_mmr,test,0.12210499495267868,0.7748890519142151,0.023284228518605232,0.0004067501286044717,0.022953849285840988,0.056361135095357895
29464,4,1,qual_only,implicit_mmr,test,0.3619728088378906,0.605277955532074,0.006979977246373892,0.00015127871301956475,0.003398285014554858,0.022219695150852203
29488,0,4,explicit_mmr,qual_only,test,0.008588913828134537,0.018631858751177788,0.12043153494596481,0.00548545690253377,0.7978583574295044,0.04900389909744263
29502,2,0,multi_method_not_mmr,explicit_mmr,test,0.37689343094825745,0.3409165143966675,0.01029790099710226,0.0011185426265001297,0.2479463815689087,0.022827252745628357
29508,5,1,quant_only,implicit_mmr,test,0.22195225954055786,0.5039083361625671,0.05285324901342392,0.003718005958944559,0.034362856298685074,0.1832052618265152
29530,0,0,explicit_mmr,explicit_mmr,test,0.5192199349403381,0.4208834171295166,0.0082827964797616,0.00012742579565383494,0.008413098752498627,0.043073322623968124
29531,0,1,explicit_mmr,implicit_mmr,test,0.3903806805610657,0.5245177745819092,0.012534260749816895,0.0001618342357687652,0.011615647003054619,0.060789838433265686
29545,3,4,no_method_signal,qual_only,test,0.03498842567205429,0.11254919320344925,0.12963896989822388,0.14974087476730347,0.43691080808639526,0.13617168366909027
29559,3,5,no_method_signal,quant_only,test,0.056042905896902084,0.14193685352802277,0.2126878798007965,0.02978423982858658,0.24577689170837402,0.3137713074684143
29583,1,5,implicit_mmr,quant_only,test,0.03920099139213562,0.20867376029491425,0.09164942055940628,0.011358628049492836,0.04267142713069916,0.6064457893371582
29584,1,5,implicit_mmr,quant_only,test,0.004270331934094429,0.03491239994764328,0.19427384436130524,0.03920789062976837,0.09144336730241776,0.6358921527862549
29585,1,5,implicit_mmr,quant_only,test,0.036430422216653824,0.18249741196632385,0.10337025672197342,0.010135043412446976,0.05912439897656441,0.6084425449371338
29594,0,1,explicit_mmr,implicit_mmr,test,0.20500776171684265,0.6595760583877563,0.022166995331645012,0.0007863607024773955,0.011731931008398533,0.10073094069957733
29597,0,0,explicit_mmr,explicit_mmr,test,0.9192663431167603,0.07167650759220123,0.001685448456555605,6.896814738865942e-05,0.001692914287559688,0.005609868559986353
29598,0,0,explicit_mmr,explicit_mmr,test,0.8868708610534668,0.10013489425182343,0.0026807538233697414,8.820325456326827e-05,0.00415194733068347,0.006073327269405127
29599,0,0,explicit_mmr,explicit_mmr,test,0.818107545375824,0.16658265888690948,0.0028182142414152622,0.00014375428145285696,0.0009218932827934623,0.011425928212702274
29600,0,0,explicit_mmr,explicit_mmr,test,0.8752977848052979,0.11226662248373032,0.002230836544185877,0.0001304092729697004,0.0011176798725500703,0.008956559002399445
29601,0,0,explicit_mmr,explicit_mmr,test,0.6893565654754639,0.28522464632987976,0.004389614798128605,0.0002594175166450441,0.0008371309959329665,0.019932549446821213
29602,0,0,explicit_mmr,explicit_mmr,test,0.8876575827598572,0.10221029818058014,0.0019870586693286896,9.154461440630257e-05,0.001353936968371272,0.006699741818010807
29623,0,0,explicit_mmr,explicit_mmr,test,0.6349174380302429,0.329230397939682,0.005049587227404118,0.00018684568931348622,0.0018260838696733117,0.02878963202238083
29624,0,0,explicit_mmr,explicit_mmr,test,0.502082109451294,0.4573282301425934,0.006385711021721363,0.00025157956406474113,0.0015097170835360885,0.03244268149137497
29625,0,0,explicit_mmr,explicit_mmr,test,0.4882691204547882,0.47047677636146545,0.006616220343858004,0.0002487958699930459,0.0015212692087516189,0.03286781162023544
29626,0,0,explicit_mmr,explicit_mmr,test,0.6634429097175598,0.30347326397895813,0.004858334548771381,0.0001857705065049231,0.0018119884189218283,0.02622774802148342
29627,0,0,explicit_mmr,explicit_mmr,test,0.6268921494483948,0.3352741599082947,0.005141759756952524,0.0001925288961501792,0.0018286703852936625,0.03067074902355671
29636,0,0,explicit_mmr,explicit_mmr,test,0.6759004592895508,0.2901165187358856,0.005287958309054375,0.00011775024177040905,0.008947123773396015,0.01963026076555252
29648,1,0,implicit_mmr,explicit_mmr,test,0.7289813756942749,0.24497447907924652,0.004137312527745962,0.0002594914985820651,0.0008393896860070527,0.02080804482102394
29649,4,4,qual_only,qual_only,test,0.24781692028045654,0.09309229999780655,0.02006402239203453,0.0007567232823930681,0.6237272620201111,0.01454287301748991
29662,0,5,explicit_mmr,quant_only,test,0.06909586489200592,0.14554306864738464,0.23408305644989014,0.04211318492889404,0.005150204058736563,0.5040146708488464
29667,0,0,explicit_mmr,explicit_mmr,test,0.8421699404716492,0.13236506283283234,0.00260184402577579,9.123316704062745e-05,0.010654459707438946,0.01211745385080576
29671,1,0,implicit_mmr,explicit_mmr,test,0.9350823760032654,0.05361826345324516,0.0016363064059987664,0.0002158343995688483,0.0008010506862774491,0.008646262809634209
29690,0,0,explicit_mmr,explicit_mmr,test,0.9519568085670471,0.0415252149105072,0.001136476406827569,8.739911572774872e-05,0.0012844695011153817,0.004009588621556759
29693,1,0,implicit_mmr,explicit_mmr,test,0.9415725469589233,0.050701700150966644,0.0012894057435914874,8.544416050426662e-05,0.0013454443542286754,0.0050053964368999004
29694,1,0,implicit_mmr,explicit_mmr,test,0.9244357347488403,0.06706859171390533,0.0014604749158024788,0.00013201830734033138,0.0007193273631855845,0.00618383102118969
29695,1,5,implicit_mmr,quant_only,test,0.004679385107010603,0.01391615066677332,0.27009958028793335,0.2673756778240204,0.03214801102876663,0.4117812216281891
29696,1,0,implicit_mmr,explicit_mmr,test,0.9454430341720581,0.046776581555604935,0.0013325694017112255,9.691510058473796e-05,0.0019725037273019552,0.004378499463200569
29704,0,1,explicit_mmr,implicit_mmr,test,0.04335961118340492,0.8098489046096802,0.06377764046192169,0.002784065203741193,0.011984958313405514,0.06824476271867752
29734,1,0,implicit_mmr,explicit_mmr,test,0.9382625818252563,0.05298420041799545,0.0015439753187820315,6.130981637397781e-05,0.0029672253876924515,0.004180748946964741
29735,1,0,implicit_mmr,explicit_mmr,test,0.8396579027175903,0.14228399097919464,0.003256213152781129,8.0167330452241e-05,0.005298539996147156,0.00942325685173273
29736,1,0,implicit_mmr,explicit_mmr,test,0.9381725788116455,0.045939188450574875,0.002022487809881568,0.00010427433880977333,0.009063362143933773,0.004698214121162891
29737,1,0,implicit_mmr,explicit_mmr,test,0.8934367299079895,0.09562312811613083,0.0019804590847343206,8.061426342464983e-05,0.0015862162690609694,0.007292827591300011
29738,1,0,implicit_mmr,explicit_mmr,test,0.9291713237762451,0.04348563402891159,0.0028204875998198986,0.00015040254220366478,0.01936335302889347,0.00500873988494277
29739,1,0,implicit_mmr,explicit_mmr,test,0.9315341711044312,0.060536760836839676,0.001384700182825327,7.35781213734299e-05,0.001474653254263103,0.0049961768090724945
29740,1,0,implicit_mmr,explicit_mmr,test,0.9563673734664917,0.03605004400014877,0.0012256347108632326,7.923974771983922e-05,0.0027169394306838512,0.003560832468792796
29743,2,0,multi_method_not_mmr,explicit_mmr,test,0.5636297464370728,0.16764310002326965,0.044032808393239975,0.004282455891370773,0.1902989000082016,0.03011298179626465
29755,0,0,explicit_mmr,explicit_mmr,test,0.9452471137046814,0.046702753752470016,0.0013092459412291646,0.00016916576714720577,0.0007023142534308136,0.0058693597093224525
29756,2,5,multi_method_not_mmr,quant_only,test,0.03660280629992485,0.2315729409456253,0.13260680437088013,0.11106044799089432,0.05031599849462509,0.43784099817276
29759,2,3,multi_method_not_mmr,no_method_signal,test,0.00046974423457868397,0.004478342831134796,0.2447778433561325,0.5149352550506592,0.11076350510120392,0.12457527220249176
29775,1,0,implicit_mmr,explicit_mmr,test,0.5706543326377869,0.34314894676208496,0.018939096480607986,0.0005382588133215904,0.047541990876197815,0.019177528098225594
29785,0,4,explicit_mmr,qual_only,test,0.05436849966645241,0.08890251815319061,0.2612171769142151,0.06766736507415771,0.3458985686302185,0.18194589018821716
29791,0,0,explicit_mmr,explicit_mmr,test,0.9758987426757812,0.017463942989706993,0.0014644924085587263,0.0003065807686652988,0.0005364413373172283,0.004329935647547245
29794,1,0,implicit_mmr,explicit_mmr,test,0.9841048121452332,0.011389818973839283,0.000861386361066252,0.00023030469310469925,0.0008163584861904383,0.0025972684379667044
29810,0,0,explicit_mmr,explicit_mmr,test,0.9483516216278076,0.04456411302089691,0.0013540227664634585,7.948871643748134e-05,0.0015964142512530088,0.004054349381476641
29814,2,0,multi_method_not_mmr,explicit_mmr,test,0.9012681245803833,0.08545061200857162,0.0021519458387047052,0.00013236605445854366,0.0011371728032827377,0.009859808720648289
29834,5,1,quant_only,implicit_mmr,test,0.040995486080646515,0.4360593557357788,0.10788027942180634,0.010321017354726791,0.027860775589942932,0.37688302993774414
29835,0,0,explicit_mmr,explicit_mmr,test,0.960261344909668,0.03300109878182411,0.001115251798182726,0.00016554808826185763,0.000638200028333813,0.004818507935851812
29839,3,3,no_method_signal,no_method_signal,test,0.00012075519771315157,0.0009623514488339424,0.12217572331428528,0.7279453873634338,0.024177132174372673,0.12461869418621063
29861,0,0,explicit_mmr,explicit_mmr,test,0.9531726837158203,0.04044993221759796,0.0011129792546853423,0.00011074344365624711,0.0008802669472061098,0.004273286089301109
29863,4,4,qual_only,qual_only,test,0.10194531083106995,0.01212542224675417,0.009775830432772636,0.0010780430166050792,0.8709240555763245,0.004151369445025921
29872,1,1,implicit_mmr,implicit_mmr,test,0.2920653820037842,0.6519271731376648,0.010091199539601803,0.0002146489277947694,0.002471382264047861,0.04323019087314606
29873,1,0,implicit_mmr,explicit_mmr,test,0.5381813049316406,0.4201332926750183,0.0068813166581094265,0.00020848715212196112,0.0016571379965171218,0.03293841332197189
29874,4,5,qual_only,quant_only,test,0.02053888328373432,0.2790117859840393,0.18488214910030365,0.018211739137768745,0.040905117988586426,0.45645034313201904
29875,4,5,qual_only,quant_only,test,0.014189647510647774,0.2582767605781555,0.18626904487609863,0.02020185813307762,0.03891104459762573,0.4821515679359436
29876,4,5,qual_only,quant_only,test,0.003298241877928376,0.030993882566690445,0.30264604091644287,0.07940031588077545,0.04401412978768349,0.5396474599838257
29895,0,5,explicit_mmr,quant_only,test,0.022187670692801476,0.3653677701950073,0.08949166536331177,0.04467252641916275,0.004446584731340408,0.47383376955986023
29933,2,3,multi_method_not_mmr,no_method_signal,test,0.0004355291894171387,0.0006424610619433224,0.40629351139068604,0.5636605024337769,0.008044951595366001,0.02092304453253746
29935,5,3,quant_only,no_method_signal,test,0.001055038534104824,0.006550140213221312,0.2279285490512848,0.6390359997749329,0.026350321248173714,0.09907988458871841
29961,0,0,explicit_mmr,explicit_mmr,test,0.9588844776153564,0.03454480320215225,0.001086704432964325,0.00015791202895343304,0.0006967923836782575,0.0046293968334794044
29962,0,0,explicit_mmr,explicit_mmr,test,0.9410289525985718,0.04969706013798714,0.0014408330898731947,0.00013868260430172086,0.0012726522982120514,0.006421783939003944
29974,5,5,quant_only,quant_only,test,0.038743507117033005,0.31969308853149414,0.11286990344524384,0.05937047675251961,0.0028591183945536613,0.46646374464035034
29983,5,1,quant_only,implicit_mmr,test,0.11868647485971451,0.39501798152923584,0.07559340447187424,0.0011593929957598448,0.3686262369155884,0.040916528552770615
29987,1,0,implicit_mmr,explicit_mmr,test,0.6096063256263733,0.35899755358695984,0.005277433432638645,0.0003106483200099319,0.0009644070523791015,0.02484363690018654
29997,0,1,explicit_mmr,implicit_mmr,test,0.17337703704833984,0.5762316584587097,0.037064239382743835,0.007672101259231567,0.0014687047805637121,0.2041863203048706
30040,2,0,multi_method_not_mmr,explicit_mmr,test,0.8559448719024658,0.1236395388841629,0.002946459222584963,9.04482149053365e-05,0.0065904599614441395,0.010788374580442905
30041,5,1,quant_only,implicit_mmr,test,0.08803101629018784,0.8582800030708313,0.011290439404547215,0.0003222848172299564,0.0024083179887384176,0.03966802358627319
30042,5,1,quant_only,implicit_mmr,test,0.12570710480213165,0.7907341718673706,0.013930530287325382,0.00028679717797786,0.005309778265655041,0.06403166055679321
30043,5,1,quant_only,implicit_mmr,test,0.15413782000541687,0.7923157215118408,0.009763496927917004,0.00039081647992134094,0.0015244222013279796,0.041867706924676895
30044,5,1,quant_only,implicit_mmr,test,0.15433531999588013,0.7918989062309265,0.009451973251998425,0.0004135278577450663,0.0014348565600812435,0.04246547445654869
30048,1,1,implicit_mmr,implicit_mmr,test,0.13495174050331116,0.5182796120643616,0.05698685348033905,0.0007483754889108241,0.14186729490756989,0.14716613292694092
30092,0,0,explicit_mmr,explicit_mmr,test,0.9140435457229614,0.0675412118434906,0.0023501033429056406,0.00011083060235250741,0.008586369454860687,0.007367984391748905
30093,0,0,explicit_mmr,explicit_mmr,test,0.8181108236312866,0.16994047164916992,0.0014025286072865129,0.000113967529614456,0.0023121493868529797,0.00812008511275053
30096,0,1,explicit_mmr,implicit_mmr,test,0.4684448838233948,0.5007717609405518,0.006116846576333046,0.00015959357551764697,0.0028140756767243147,0.021692780777812004
30097,0,0,explicit_mmr,explicit_mmr,test,0.6841319799423218,0.28980550169944763,0.004515578970313072,0.00011102513235528022,0.0041868314146995544,0.017249124124646187
30104,0,1,explicit_mmr,implicit_mmr,test,0.17484541237354279,0.688020646572113,0.027509409934282303,0.0002821372472681105,0.052538443356752396,0.05680388957262039
30112,0,0,explicit_mmr,explicit_mmr,test,0.9407542943954468,0.05073303356766701,0.0011349886190146208,0.0001103599788621068,0.0012212899746373296,0.006046014372259378
30118,0,4,explicit_mmr,qual_only,test,0.12211005389690399,0.2271932065486908,0.12223482877016068,0.004079741425812244,0.47523680329322815,0.04914548620581627
30126,2,5,multi_method_not_mmr,quant_only,test,0.04625367745757103,0.14060458540916443,0.2595895528793335,0.023537088185548782,0.20426589250564575,0.3257491886615753
30132,1,4,implicit_mmr,qual_only,test,0.0897020474076271,0.1969478577375412,0.06204136833548546,0.001035439781844616,0.6264597177505493,0.023813607171177864
30133,1,4,implicit_mmr,qual_only,test,0.021559452638030052,0.045845404267311096,0.053085800260305405,0.0012982628541067243,0.8606478571891785,0.01756315864622593
30134,0,0,explicit_mmr,explicit_mmr,test,0.9736115336418152,0.020190473645925522,0.0010232481872662902,0.00016409516683779657,0.0011135265231132507,0.0038970967289060354
30142,4,4,qual_only,qual_only,test,0.1556766927242279,0.15813632309436798,0.11131245642900467,0.005259419325739145,0.5268025994300842,0.0428125262260437
30150,4,4,qual_only,qual_only,test,0.06287012994289398,0.02269148640334606,0.025376804172992706,0.0011944468133151531,0.8800612092018127,0.0078059714287519455
30168,4,4,qual_only,qual_only,test,0.1543319821357727,0.17261910438537598,0.038155898451805115,0.000839635671582073,0.6161405444145203,0.017912855371832848
30170,0,0,explicit_mmr,explicit_mmr,test,0.9764193296432495,0.019114654511213303,0.0007280638674274087,9.067872451851144e-05,0.0012700456427410245,0.0023771857377141714
30171,0,0,explicit_mmr,explicit_mmr,test,0.9586995840072632,0.035258084535598755,0.0010332027450203896,0.00010498912160983309,0.0009413533844053745,0.00396268256008625
30206,5,5,quant_only,quant_only,test,0.11357621848583221,0.21435871720314026,0.18195989727973938,0.0556081086397171,0.0052004666067659855,0.4292965829372406
30214,0,0,explicit_mmr,explicit_mmr,test,0.4924568235874176,0.33146610856056213,0.017027532681822777,0.00022639792587142438,0.12437473982572556,0.03444838151335716
30216,0,0,explicit_mmr,explicit_mmr,test,0.9540513157844543,0.03832410275936127,0.000977732241153717,0.00010385621135355905,0.0014105422887951136,0.005132496356964111
30217,0,0,explicit_mmr,explicit_mmr,test,0.9496384263038635,0.027708064764738083,0.0018629871774464846,0.0001341909810435027,0.016325850039720535,0.004330408293753862
30219,0,4,explicit_mmr,qual_only,test,0.026558250188827515,0.07436668872833252,0.09798547625541687,0.002484136028215289,0.7781749367713928,0.02043064311146736
30220,0,4,explicit_mmr,qual_only,test,0.055516138672828674,0.05608174577355385,0.07739271223545074,0.002417801646515727,0.7115557789802551,0.09703584015369415
30224,0,1,explicit_mmr,implicit_mmr,test,0.1312616467475891,0.7090634703636169,0.03753548860549927,0.0004068460548296571,0.07037177681922913,0.05136079341173172
30239,0,0,explicit_mmr,explicit_mmr,test,0.7796230316162109,0.18630634248256683,0.005156335886567831,9.474587568547577e-05,0.015506073832511902,0.013313548639416695
30260,0,5,explicit_mmr,quant_only,test,0.016222622245550156,0.16625915467739105,0.11848580092191696,0.026392366737127304,0.04706940799951553,0.6255705952644348
30263,4,0,qual_only,explicit_mmr,test,0.948563277721405,0.02326870895922184,0.0014204849721863866,0.0001320715236943215,0.023341307416558266,0.0032740789465606213
30266,4,0,qual_only,explicit_mmr,test,0.8751809597015381,0.062188658863306046,0.0050668418407440186,0.00029209748026914895,0.048969123512506485,0.0083022341132164
30267,0,0,explicit_mmr,explicit_mmr,test,0.8979181051254272,0.09155058860778809,0.0018653467996045947,9.328574378741905e-05,0.0021992973051965237,0.0063732401467859745
30269,0,0,explicit_mmr,explicit_mmr,test,0.943379819393158,0.04766350984573364,0.0014945686561986804,0.00012920740118715912,0.0017083842540159822,0.0056244549341499805
30270,4,3,qual_only,no_method_signal,test,0.00022794211690779775,0.0003620269417297095,0.14756056666374207,0.8291307091712952,0.015606537461280823,0.007112235762178898
30272,1,0,implicit_mmr,explicit_mmr,test,0.9472830295562744,0.044639647006988525,0.0013064907398074865,0.00010535021283430979,0.0014784939121454954,0.005186914000660181
30273,1,0,implicit_mmr,explicit_mmr,test,0.9498366713523865,0.03552095964550972,0.001993102952837944,0.00010741647565737367,0.008971919305622578,0.0035699130967259407
30286,4,0,qual_only,explicit_mmr,test,0.5713410377502441,0.31048643589019775,0.005497866775840521,0.0003565885708667338,0.09370147436857224,0.018616631627082825
30300,1,1,implicit_mmr,implicit_mmr,test,0.23218722641468048,0.7277112007141113,0.004919243976473808,0.0002880722167901695,0.012423316948115826,0.02247093804180622
30313,0,0,explicit_mmr,explicit_mmr,test,0.9456292390823364,0.039004333317279816,0.0009098038426600397,0.00010930392454611138,0.011574952863156796,0.0027721859514713287
30314,0,0,explicit_mmr,explicit_mmr,test,0.8045477867126465,0.08154934644699097,0.0034022508189082146,0.0003230739966966212,0.10486272722482681,0.005314714275300503
30340,0,0,explicit_mmr,explicit_mmr,test,0.9473851919174194,0.040162812918424606,0.002387521555647254,0.00027528611826710403,0.0005372192244976759,0.00925194937735796
30345,0,0,explicit_mmr,explicit_mmr,test,0.8937873244285583,0.09304382652044296,0.002106201136484742,0.00015453113883268088,0.0009364447323605418,0.009971654042601585
30355,4,1,qual_only,implicit_mmr,test,0.06995072215795517,0.49902641773223877,0.13978636264801025,0.0034783445298671722,0.19469664990901947,0.09306138753890991
30357,0,0,explicit_mmr,explicit_mmr,test,0.8992868661880493,0.08740061521530151,0.0020490747410804033,0.00011757355969166383,0.0013109168503433466,0.009834925644099712
30373,0,5,explicit_mmr,quant_only,test,0.0031203131657093763,0.04418402910232544,0.2854480445384979,0.18069230020046234,0.054121892899274826,0.43243351578712463
30381,0,4,explicit_mmr,qual_only,test,0.018751952797174454,0.023793930187821388,0.29693737626075745,0.017411785200238228,0.42568567395210266,0.21741926670074463
30382,0,5,explicit_mmr,quant_only,test,0.1190246120095253,0.16642338037490845,0.16372719407081604,0.0075814793817698956,0.14828355610370636,0.39495980739593506
30403,0,0,explicit_mmr,explicit_mmr,test,0.9509285688400269,0.03966224938631058,0.0014930095057934523,0.0001495464239269495,0.002625194611027837,0.0051414500921964645
30405,0,1,explicit_mmr,implicit_mmr,test,0.21024256944656372,0.7075868844985962,0.01060924306511879,0.0004783520707860589,0.0030040305573493242,0.06807892769575119
30419,4,0,qual_only,explicit_mmr,test,0.95154869556427,0.03891800716519356,0.001600234187208116,0.000135601352667436,0.004037314560264349,0.0037602100055664778
30426,0,0,explicit_mmr,explicit_mmr,test,0.694432258605957,0.28253868222236633,0.0038498523645102978,0.00010879588808165863,0.002603924600407481,0.01646645925939083
30427,0,1,explicit_mmr,implicit_mmr,test,0.24392543733119965,0.6760847568511963,0.017244508489966393,0.00021795016073156148,0.03300371393561363,0.02952371910214424
30434,1,1,implicit_mmr,implicit_mmr,test,0.33850863575935364,0.6160410642623901,0.00867432914674282,0.00011145682219648734,0.007176839280873537,0.029487568885087967
30441,1,0,implicit_mmr,explicit_mmr,test,0.9069798588752747,0.08251333981752396,0.0016434304416179657,7.716613617958501e-05,0.0017017876962199807,0.007084330543875694
30443,2,0,multi_method_not_mmr,explicit_mmr,test,0.870166540145874,0.10153746604919434,0.0043526687659323215,0.00017780298367142677,0.015259209088981152,0.008506334386765957
30445,4,1,qual_only,implicit_mmr,test,0.3512876331806183,0.5873076319694519,0.007722037378698587,0.00038231268990784883,0.0016793971881270409,0.05162101238965988
30454,0,0,explicit_mmr,explicit_mmr,test,0.6234710812568665,0.3363458514213562,0.005994587671011686,0.00016503526421729475,0.0025552059523761272,0.03146834671497345
30461,4,0,qual_only,explicit_mmr,test,0.8429778218269348,0.1439589262008667,0.002448693849146366,8.564977179048583e-05,0.001655754167586565,0.00887321401387453
30478,1,1,implicit_mmr,implicit_mmr,test,0.4330576956272125,0.5267865657806396,0.008199173025786877,0.00012786959996446967,0.008144421502947807,0.023684216663241386
30479,1,1,implicit_mmr,implicit_mmr,test,0.1223408654332161,0.8306444883346558,0.010297313332557678,0.00024629259132780135,0.0026355853769928217,0.033835407346487045
30480,1,1,implicit_mmr,implicit_mmr,test,0.461023211479187,0.48887065052986145,0.007263018749654293,0.00019899777544196695,0.0029865342658013105,0.03965749591588974
30481,2,0,multi_method_not_mmr,explicit_mmr,test,0.5500354766845703,0.41185128688812256,0.006120580714195967,0.00020114643848501146,0.0017983365105465055,0.029993193224072456
30482,2,0,multi_method_not_mmr,explicit_mmr,test,0.676965594291687,0.2931412160396576,0.004596901126205921,0.00016093492740765214,0.001925349235534668,0.023210054263472557
30492,0,4,explicit_mmr,qual_only,test,0.31330591440200806,0.04968813806772232,0.01928112283349037,0.0010260508861392736,0.6012049317359924,0.015493866987526417
30493,0,0,explicit_mmr,explicit_mmr,test,0.8868854641914368,0.08905982226133347,0.0027088294737040997,0.00023951522598508745,0.0014584033051505685,0.019648097455501556
30496,4,0,qual_only,explicit_mmr,test,0.8045026063919067,0.16440154612064362,0.00398671068251133,9.938790753949434e-05,0.016790911555290222,0.010218879207968712
30506,3,4,no_method_signal,qual_only,test,0.0019445669604465365,0.009653814136981964,0.24861440062522888,0.026358893141150475,0.5242218375205994,0.18920652568340302
30511,1,1,implicit_mmr,implicit_mmr,test,0.31279271841049194,0.6274673938751221,0.0078355111181736,0.0003568572283256799,0.0017761903582140803,0.0497712679207325
30535,1,1,implicit_mmr,implicit_mmr,test,0.1905508190393448,0.7449184656143188,0.009528933092951775,0.000258234707871452,0.0035772062838077545,0.05116637423634529
30547,4,1,qual_only,implicit_mmr,test,0.0754782184958458,0.8054724931716919,0.03596704825758934,0.00044435536256060004,0.02356952242553234,0.05906841903924942
30548,4,1,qual_only,implicit_mmr,test,0.06740792095661163,0.8031057119369507,0.04154573008418083,0.0004899793420918286,0.024959949776530266,0.06249067559838295
30549,4,1,qual_only,implicit_mmr,test,0.06329285353422165,0.8015849590301514,0.0435643196105957,0.0004955407348461449,0.028696557506918907,0.06236584484577179
30558,1,1,implicit_mmr,implicit_mmr,test,0.09903191030025482,0.8123966455459595,0.014716741628944874,0.0003514625714160502,0.00582454027608037,0.06767870485782623
30562,2,4,multi_method_not_mmr,qual_only,test,0.0019980936776846647,0.001905821613036096,0.24114370346069336,0.11393442749977112,0.6315209269523621,0.009497041814029217
30563,2,3,multi_method_not_mmr,no_method_signal,test,0.00018244999228045344,0.001190969254821539,0.12694701552391052,0.8328495621681213,0.012211334891617298,0.026618637144565582
30564,2,3,multi_method_not_mmr,no_method_signal,test,0.0008949149050749838,0.0023201017174869776,0.2485107183456421,0.4647291898727417,0.269101619720459,0.014443463645875454
30578,0,0,explicit_mmr,explicit_mmr,test,0.5225241780281067,0.4319085478782654,0.006414839532226324,0.0002866883296519518,0.0019574074540287256,0.03690843656659126
30590,0,0,explicit_mmr,explicit_mmr,test,0.9517900347709656,0.04057811573147774,0.0012659665662795305,0.00012892880477011204,0.0012072438839823008,0.005029620137065649
30591,0,0,explicit_mmr,explicit_mmr,test,0.9615654945373535,0.03303514048457146,0.0010973878670483828,9.897611744236201e-05,0.0013448651880025864,0.0028581449296325445
30593,0,0,explicit_mmr,explicit_mmr,test,0.9804612994194031,0.014712123200297356,0.0008971675997599959,0.0001966481504496187,0.0008237640140578151,0.0029090000316500664
30594,0,0,explicit_mmr,explicit_mmr,test,0.8299609422683716,0.1510143131017685,0.0032943678088486195,0.0002642564941197634,0.0007236569072119892,0.014742390252649784
30608,0,0,explicit_mmr,explicit_mmr,test,0.8659418225288391,0.1198485717177391,0.00237371027469635,0.00010220212425338104,0.0024266361724585295,0.009307038970291615
30609,0,0,explicit_mmr,explicit_mmr,test,0.939824104309082,0.04937402158975601,0.0012256213231012225,9.785530710360035e-05,0.003507819026708603,0.00597046222537756
30610,0,0,explicit_mmr,explicit_mmr,test,0.9135756492614746,0.05842873081564903,0.00223687756806612,9.847828914644197e-05,0.0188485998660326,0.006811624858528376
30613,4,1,qual_only,implicit_mmr,test,0.2631925642490387,0.6808276772499084,0.008970762602984905,0.00022598814393859357,0.00395179120823741,0.04283124953508377
30614,5,1,quant_only,implicit_mmr,test,0.030767006799578667,0.4792186915874481,0.06019282713532448,0.009397721849381924,0.006220237817615271,0.4142035245895386
30627,0,1,explicit_mmr,implicit_mmr,test,0.34440770745277405,0.5274671912193298,0.013553309254348278,0.0006407073233276606,0.005558492615818977,0.10837256908416748
30633,0,0,explicit_mmr,explicit_mmr,test,0.8604118824005127,0.1281774938106537,0.0024301616940647364,0.00010308451601304114,0.0010429834946990013,0.007834321819245815
30641,0,0,explicit_mmr,explicit_mmr,test,0.6804309487342834,0.2617891728878021,0.011060051620006561,0.0006100881728343666,0.008773861452937126,0.03733600676059723
30645,0,0,explicit_mmr,explicit_mmr,test,0.8804977536201477,0.10164843499660492,0.0032781383488327265,0.00029784932848997414,0.0006934155826456845,0.01358433160930872
30653,2,0,multi_method_not_mmr,explicit_mmr,test,0.7650353908538818,0.2067302167415619,0.004225089680403471,0.0003218642086721957,0.0009662609663791955,0.022721122950315475
30657,0,1,explicit_mmr,implicit_mmr,test,0.05001363903284073,0.4258887469768524,0.08844055235385895,0.021434247493743896,0.005687512923032045,0.40853533148765564
30672,2,5,multi_method_not_mmr,quant_only,test,0.02164383791387081,0.27433347702026367,0.06700018793344498,0.042585521936416626,0.007413348648697138,0.5870236158370972
30676,0,5,explicit_mmr,quant_only,test,0.035537511110305786,0.40086430311203003,0.11325346678495407,0.01797720417380333,0.013861758634448051,0.41850584745407104
30692,0,0,explicit_mmr,explicit_mmr,test,0.4876618981361389,0.44649532437324524,0.009633226320147514,0.0007402724004350603,0.0032554769422858953,0.052213720977306366
30700,1,1,implicit_mmr,implicit_mmr,test,0.045165009796619415,0.6121374368667603,0.04472682997584343,0.008114202879369259,0.008571134880185127,0.28128546476364136
30701,0,0,explicit_mmr,explicit_mmr,test,0.9056901335716248,0.08327333629131317,0.0018549157539382577,0.00010900895722443238,0.0014478780794888735,0.007624857127666473
30706,0,0,explicit_mmr,explicit_mmr,test,0.8635796308517456,0.11953215301036835,0.0025321112480014563,0.00021270703291520476,0.0008629550575278699,0.013280403800308704
30708,0,5,explicit_mmr,quant_only,test,0.05800476670265198,0.37225982546806335,0.11194898933172226,0.030359433963894844,0.0034330410417169333,0.4239939749240875
30747,4,0,qual_only,explicit_mmr,test,0.9330943822860718,0.05781777203083038,0.0010441115591675043,7.325316255446523e-05,0.0020468169823288918,0.00592365488409996
30751,4,1,qual_only,implicit_mmr,test,0.2899976968765259,0.5547225475311279,0.009253229945898056,0.0012785852886736393,0.10179179906845093,0.04295613616704941
30754,0,0,explicit_mmr,explicit_mmr,test,0.33505138754844666,0.32567480206489563,0.014004124328494072,0.0011421911185607314,0.3047400116920471,0.019387472420930862
30755,4,0,qual_only,explicit_mmr,test,0.8914464116096497,0.060941800475120544,0.0023857669439166784,0.00021288722928147763,0.039394717663526535,0.005618409253656864
30762,5,1,quant_only,implicit_mmr,test,0.35675284266471863,0.45965293049812317,0.009445272386074066,0.001507467939518392,0.13709324598312378,0.03554835170507431
30772,5,5,quant_only,quant_only,test,0.01012679748237133,0.1505226045846939,0.2915264964103699,0.025894522666931152,0.06676757335662842,0.4551619291305542
30773,5,5,quant_only,quant_only,test,0.00156393030192703,0.02191152796149254,0.20476789772510529,0.1297665387392044,0.0321865975856781,0.6098035573959351
30774,5,5,quant_only,quant_only,test,0.010142928920686245,0.3123458921909332,0.1641075164079666,0.019575433805584908,0.04137488082051277,0.4524533450603485
30794,4,0,qual_only,explicit_mmr,test,0.4426032602787018,0.1920263022184372,0.013522115536034107,0.0010912903817370534,0.33871734142303467,0.01203977782279253
30801,0,0,explicit_mmr,explicit_mmr,test,0.9166759848594666,0.07105162739753723,0.0019358292920514941,9.274530748371035e-05,0.004082913044840097,0.0061609274707734585
30806,5,0,quant_only,explicit_mmr,test,0.9155213236808777,0.0743742510676384,0.0015461898874491453,0.00010664707224350423,0.0010163584956899285,0.007435132749378681
30872,5,1,quant_only,implicit_mmr,test,0.0549955777823925,0.5320666432380676,0.07189396768808365,0.006690175272524357,0.01773843728005886,0.3166152536869049
30904,5,5,quant_only,quant_only,test,0.002098232740536332,0.02322709746658802,0.2697330117225647,0.33220764994621277,0.006515475921332836,0.3662184774875641
30988,0,1,explicit_mmr,implicit_mmr,test,0.31482571363449097,0.6113993525505066,0.011729175224900246,0.0004951826413162053,0.004182321485131979,0.05736834555864334
31103,4,0,qual_only,explicit_mmr,test,0.8720369935035706,0.057194024324417114,0.0032469809520989656,0.000196410488570109,0.05946072190999985,0.00786479003727436
31169,1,2,implicit_mmr,multi_method_not_mmr,test,0.0023305388167500496,0.02302919328212738,0.47129908204078674,0.23810721933841705,0.019710678607225418,0.24552328884601593
31213,0,0,explicit_mmr,explicit_mmr,test,0.9674957394599915,0.0274185873568058,0.0009124584030359983,0.00011375828762538731,0.0009684593533165753,0.0030910340137779713
31214,0,0,explicit_mmr,explicit_mmr,test,0.9450210928916931,0.046714913100004196,0.0013653585920110345,0.00013780599692836404,0.0011620470322668552,0.005598818883299828
31215,0,0,explicit_mmr,explicit_mmr,test,0.9835821390151978,0.012001164257526398,0.0008321092464029789,0.00023555201187264174,0.000802883820142597,0.0025462773628532887
31216,4,5,qual_only,quant_only,test,0.00231122481636703,0.02876807376742363,0.21058428287506104,0.07650056481361389,0.07918643951416016,0.602649450302124
31220,0,0,explicit_mmr,explicit_mmr,test,0.9136298894882202,0.07562761753797531,0.0018842618446797132,7.244064909173176e-05,0.0028240419924259186,0.005961828865110874
31242,0,4,explicit_mmr,qual_only,test,0.03270372748374939,0.03048079088330269,0.06792047619819641,0.0039614113047719,0.8567758202552795,0.00815778598189354
31247,0,0,explicit_mmr,explicit_mmr,test,0.9729465246200562,0.02220012992620468,0.0008895837818272412,0.00012199619231978431,0.0008730393601581454,0.0029687725473195314
31258,0,4,explicit_mmr,qual_only,test,0.009047376923263073,0.009096688590943813,0.04765057936310768,0.002195722656324506,0.924820065498352,0.007189521566033363
31265,0,1,explicit_mmr,implicit_mmr,test,0.13382184505462646,0.8171784281730652,0.010613867081701756,0.0002000963722821325,0.0044057536870241165,0.033779922872781754
31308,1,0,implicit_mmr,explicit_mmr,test,0.9347603917121887,0.05707527697086334,0.0014803123194724321,9.795409278012812e-05,0.0011611073277890682,0.005424916744232178
31312,1,1,implicit_mmr,implicit_mmr,test,0.08337889611721039,0.7180643081665039,0.0336633175611496,0.0011770633282139897,0.011790749616920948,0.1519256979227066
31339,2,0,multi_method_not_mmr,explicit_mmr,test,0.9685566425323486,0.016131168231368065,0.0016886474331840873,0.00019668330787681043,0.010559932328760624,0.0028670369647443295
31340,2,0,multi_method_not_mmr,explicit_mmr,test,0.9513270854949951,0.040859099477529526,0.001314803957939148,9.74037466221489e-05,0.001861806958913803,0.004539836663752794
31355,2,5,multi_method_not_mmr,quant_only,test,0.01847223751246929,0.22860507667064667,0.12271130084991455,0.0701860785484314,0.006964006461203098,0.553061306476593
31356,2,5,multi_method_not_mmr,quant_only,test,0.01868869923055172,0.41120946407318115,0.0879899114370346,0.027751198038458824,0.012252944521605968,0.4421077370643616
31372,0,4,explicit_mmr,qual_only,test,0.0033185610082000494,0.007319536060094833,0.21014946699142456,0.10937196761369705,0.6589034199714661,0.01093705277889967
31373,0,4,explicit_mmr,qual_only,test,0.004617202095687389,0.006905137561261654,0.11868315190076828,0.029390443116426468,0.8332698345184326,0.0071342093870043755
31409,1,1,implicit_mmr,implicit_mmr,test,0.07297274470329285,0.7975475192070007,0.03165118396282196,0.0005345864919945598,0.01949825882911682,0.07779563963413239
31419,1,1,implicit_mmr,implicit_mmr,test,0.14625529944896698,0.7929092645645142,0.009084699675440788,0.0002509643672965467,0.0029603573493659496,0.048539452254772186
31420,1,1,implicit_mmr,implicit_mmr,test,0.10454633831977844,0.8478443622589111,0.009212386794388294,0.0003252388851251453,0.0017499694367870688,0.03632163256406784
31433,5,1,quant_only,implicit_mmr,test,0.09252955764532089,0.7699800133705139,0.022110994905233383,0.0007797374273650348,0.008064378052949905,0.10653529316186905
31442,0,4,explicit_mmr,qual_only,test,0.11032400280237198,0.25255218148231506,0.0698593407869339,0.0011088355677202344,0.5383327007293701,0.027822857722640038
31445,4,1,qual_only,implicit_mmr,test,0.3634195625782013,0.589909553527832,0.005946241319179535,0.00016461950144730508,0.003202279331162572,0.03735778108239174
31453,1,1,implicit_mmr,implicit_mmr,test,0.2487679123878479,0.6632539629936218,0.014657986350357533,0.0003457967541180551,0.008614050224423409,0.06436020880937576
31457,0,1,explicit_mmr,implicit_mmr,test,0.33756476640701294,0.575896143913269,0.01192778442054987,0.00018307803838979453,0.03466738015413284,0.03976086527109146
31458,0,1,explicit_mmr,implicit_mmr,test,0.30225929617881775,0.6083786487579346,0.012238098308444023,0.0003128433309029788,0.012216406874358654,0.06459473073482513
31464,0,0,explicit_mmr,explicit_mmr,test,0.9532817006111145,0.039591819047927856,0.0012069499352946877,6.31526781944558e-05,0.0021210690028965473,0.0037352857179939747
31465,0,0,explicit_mmr,explicit_mmr,test,0.923473596572876,0.06580471992492676,0.0016637669177725911,0.00012683056411333382,0.0011064590653404593,0.007824639789760113
31468,0,0,explicit_mmr,explicit_mmr,test,0.6568575501441956,0.26366710662841797,0.012750287540256977,0.00014581833966076374,0.049116101115942,0.017463138327002525
31469,0,0,explicit_mmr,explicit_mmr,test,0.8267947435379028,0.15495160222053528,0.003151607234030962,6.909642979735509e-05,0.00400066003203392,0.011032436974346638
31479,0,0,explicit_mmr,explicit_mmr,test,0.7433933615684509,0.23514261841773987,0.0032518752850592136,9.351134212920442e-05,0.002451990032568574,0.015666663646697998
31491,0,0,explicit_mmr,explicit_mmr,test,0.9265294671058655,0.06275500357151031,0.0017373966984450817,0.00021508088684640825,0.0007351291715167463,0.008027897216379642
31497,5,5,quant_only,quant_only,test,0.003059276845306158,0.03379743918776512,0.17751997709274292,0.15073934197425842,0.022280903533101082,0.6126030683517456
31517,0,0,explicit_mmr,explicit_mmr,test,0.9472383260726929,0.0274939127266407,0.0010016816668212414,0.00018172850832343102,0.02043227292597294,0.00365217262879014
31524,0,1,explicit_mmr,implicit_mmr,test,0.38818320631980896,0.5293409824371338,0.005835676100105047,0.00032750709215179086,0.04776228964328766,0.02855030819773674
31527,0,4,explicit_mmr,qual_only,test,0.003989035729318857,0.0078800730407238,0.08505704253911972,0.006400243379175663,0.8634970784187317,0.03317660093307495
31530,2,0,multi_method_not_mmr,explicit_mmr,test,0.8977499604225159,0.0910693109035492,0.0019652927294373512,0.00016466072702314705,0.0006802889402024448,0.00837035197764635
31537,0,0,explicit_mmr,explicit_mmr,test,0.8400660157203674,0.14084291458129883,0.0030133090913295746,0.00016654908540658653,0.00112699787132442,0.014784174039959908
31538,0,0,explicit_mmr,explicit_mmr,test,0.7937213778495789,0.161430224776268,0.005072982516139746,0.00014242470206227154,0.014717664569616318,0.024915272369980812
31540,0,0,explicit_mmr,explicit_mmr,test,0.8665153980255127,0.11862141638994217,0.002435514237731695,0.00012866395991295576,0.0012037392007187009,0.011095293797552586
31544,0,0,explicit_mmr,explicit_mmr,test,0.7751343250274658,0.2037324756383896,0.0037581834476441145,0.00011134013766422868,0.0030256311874836683,0.014238008297979832
31548,5,3,quant_only,no_method_signal,test,0.0006120284087955952,0.006148423999547958,0.2139638513326645,0.6008347868919373,0.0049241576343774796,0.17351676523685455
31552,0,0,explicit_mmr,explicit_mmr,test,0.9305713772773743,0.05938710644841194,0.001629118574783206,0.000155346337123774,0.0009459962602704763,0.007311016321182251
31557,3,3,no_method_signal,no_method_signal,test,0.00022359355352818966,0.000826254254207015,0.13258862495422363,0.8416268229484558,0.0025065517984330654,0.022228118032217026
31567,0,1,explicit_mmr,implicit_mmr,test,0.19629624485969543,0.5246027708053589,0.07523797452449799,0.007601100951433182,0.00855014193803072,0.1877117156982422
31572,1,0,implicit_mmr,explicit_mmr,test,0.9414640069007874,0.04937346279621124,0.001488107955083251,0.00011917619121959433,0.0018908167257905006,0.005664476193487644
31575,0,0,explicit_mmr,explicit_mmr,test,0.6455926895141602,0.32736021280288696,0.004800957627594471,8.649601659271866e-05,0.005896320100873709,0.016263246536254883
31588,0,0,explicit_mmr,explicit_mmr,test,0.8158993721008301,0.16741718351840973,0.0030008775647729635,0.00011404122051317245,0.0024069994688034058,0.01116160862147808
31592,0,1,explicit_mmr,implicit_mmr,test,0.16063351929187775,0.6565488576889038,0.028822792693972588,0.0003081685572396964,0.12253718078136444,0.031149456277489662
31597,5,0,quant_only,explicit_mmr,test,0.6152862906455994,0.3007782995700836,0.010930255986750126,0.0001509106223238632,0.05639301612973213,0.016461219638586044
31615,2,1,multi_method_not_mmr,implicit_mmr,test,0.0948391780257225,0.5274565815925598,0.06687559187412262,0.002793710445985198,0.019896332174539566,0.28813865780830383
31616,2,1,multi_method_not_mmr,implicit_mmr,test,0.07527108490467072,0.5808371305465698,0.07101302593946457,0.0018701469525694847,0.030913634225726128,0.24009504914283752
31617,2,1,multi_method_not_mmr,implicit_mmr,test,0.15199966728687286,0.37780916690826416,0.13356220722198486,0.021178236231207848,0.0065201763063669205,0.30893057584762573
31621,5,0,quant_only,explicit_mmr,test,0.9611184000968933,0.029950527474284172,0.0014633832033723593,0.00016433006385341287,0.0007467831601388752,0.006556623615324497
31622,0,0,explicit_mmr,explicit_mmr,test,0.8400744795799255,0.1415918618440628,0.0027851974591612816,0.00010821244359249249,0.003040975658223033,0.012399248778820038
31623,2,4,multi_method_not_mmr,qual_only,test,0.0011245267232879996,0.008245070464909077,0.24118751287460327,0.07321254909038544,0.6237928867340088,0.052437521517276764
31624,2,3,multi_method_not_mmr,no_method_signal,test,0.0002217807195847854,0.0007468653493560851,0.35718247294425964,0.4786577820777893,0.12624812126159668,0.03694296255707741
31629,0,0,explicit_mmr,explicit_mmr,test,0.9648864269256592,0.02819937653839588,0.0011201146990060806,0.000147886952618137,0.0009756322833709419,0.004670524504035711
31635,0,1,explicit_mmr,implicit_mmr,test,0.362737774848938,0.5638526082038879,0.01097369659692049,0.0003064502670895308,0.004605215508490801,0.05752430483698845
31636,0,1,explicit_mmr,implicit_mmr,test,0.41803041100502014,0.5213112235069275,0.009470031596720219,0.00024679480702616274,0.00407451344653964,0.046866994351148605
31646,0,1,explicit_mmr,implicit_mmr,test,0.41013219952583313,0.5508798956871033,0.0066190497018396854,0.00023412314476445317,0.001586456666700542,0.03054823912680149
31650,0,0,explicit_mmr,explicit_mmr,test,0.9228775501251221,0.03553999587893486,0.0034331087954342365,0.00024036008107941598,0.03260980173945427,0.005299081094563007
31670,0,0,explicit_mmr,explicit_mmr,test,0.8417500257492065,0.13983918726444244,0.0032985713332891464,0.0001584026322234422,0.0021381184924393892,0.01281569991260767
31671,0,0,explicit_mmr,explicit_mmr,test,0.8127889037132263,0.1692899763584137,0.0031904149800539017,8.820686343824491e-05,0.0031767524778842926,0.011465745978057384
31679,0,1,explicit_mmr,implicit_mmr,test,0.1942848563194275,0.7223874926567078,0.012704038061201572,0.0005420148954726756,0.002352374140173197,0.06772904098033905
31694,3,2,no_method_signal,multi_method_not_mmr,test,0.0007085667457431555,0.012271767482161522,0.3733804523944855,0.2443246692419052,0.19001249969005585,0.17930199205875397
31711,5,5,quant_only,quant_only,test,0.0011703424388542771,0.0052674757316708565,0.339336097240448,0.15272612869739532,0.10784050077199936,0.39365941286087036
31712,0,4,explicit_mmr,qual_only,test,0.00043899097363464534,0.00120180391240865,0.2145313173532486,0.147607684135437,0.5580229163169861,0.07819724828004837
31713,0,1,explicit_mmr,implicit_mmr,test,0.18806011974811554,0.5125348567962646,0.039193958044052124,0.0016128531424328685,0.01678108610212803,0.2418171763420105
31723,3,3,no_method_signal,no_method_signal,test,0.00010140222730115056,0.0006871128571219742,0.20049065351486206,0.7088143825531006,0.015609084628522396,0.07429734617471695
31732,0,1,explicit_mmr,implicit_mmr,test,0.06290086358785629,0.6626323461532593,0.03522637113928795,0.005674614105373621,0.004919735249131918,0.22864609956741333
31737,2,5,multi_method_not_mmr,quant_only,test,0.018668007105588913,0.35628581047058105,0.09746240079402924,0.021953076124191284,0.012758426368236542,0.49287232756614685
31755,0,0,explicit_mmr,explicit_mmr,test,0.7830729484558105,0.19367581605911255,0.0018768146401271224,0.00015933452232275158,0.009482870809733868,0.011732161045074463
31756,0,0,explicit_mmr,explicit_mmr,test,0.9583173394203186,0.027988392859697342,0.0019251878838986158,0.0001463420776417479,0.008212469518184662,0.0034101621713489294
31763,0,1,explicit_mmr,implicit_mmr,test,0.3975050449371338,0.47574862837791443,0.01692119985818863,0.00020380460773594677,0.08451925218105316,0.025102021172642708
31764,0,0,explicit_mmr,explicit_mmr,test,0.672541081905365,0.09675724059343338,0.009586821310222149,0.0003930313396267593,0.20593006908893585,0.014791818335652351
31774,0,0,explicit_mmr,explicit_mmr,test,0.775362491607666,0.013285973109304905,0.019506048411130905,0.012511680833995342,0.1560629904270172,0.02327084168791771
31775,0,0,explicit_mmr,explicit_mmr,test,0.958946943283081,0.03298188000917435,0.001098645618185401,8.278882887680084e-05,0.0033966638147830963,0.003492980496957898
31779,0,0,explicit_mmr,explicit_mmr,test,0.9325403571128845,0.05205036327242851,0.0012639592168852687,7.887391257099807e-05,0.00790222454816103,0.006164091173559427
31786,0,0,explicit_mmr,explicit_mmr,test,0.9310221076011658,0.05959983170032501,0.0015916748670861125,7.724614260951057e-05,0.002297441242262721,0.005411706864833832
31804,0,1,explicit_mmr,implicit_mmr,test,0.08138054609298706,0.5435566902160645,0.09922663867473602,0.002369130961596966,0.03170548379421234,0.2417614907026291
31807,0,1,explicit_mmr,implicit_mmr,test,0.1391150951385498,0.47463834285736084,0.05331208184361458,0.001981120789423585,0.023156866431236267,0.30779653787612915
31819,0,0,explicit_mmr,explicit_mmr,test,0.9406581521034241,0.050739556550979614,0.0011476819636300206,0.00011112840729765594,0.0012301544193178415,0.006113228388130665
