award_node_idx,true_id,pred_id,true_label,pred_label,eval_split,prob_explicit_mmr,prob_implicit_mmr,prob_multi_method_not_mmr,prob_no_method_signal,prob_qual_only,prob_quant_only
11903,2,3,multi_method_not_mmr,no_method_signal,train,0.0003536917211022228,0.0001424550573574379,0.17938748002052307,0.8189718127250671,0.0006671748124063015,0.0004772607353515923
11907,3,3,no_method_signal,no_method_signal,train,2.8747050237143412e-05,4.106052438146435e-05,0.06449957937002182,0.9324728846549988,0.0026734168641269207,0.0002843722468242049
11951,3,2,no_method_signal,multi_method_not_mmr,train,0.001104158814996481,0.00036996681592427194,0.6113352179527283,0.3856523334980011,0.0013308851048350334,0.00020743066852446645
11960,3,3,no_method_signal,no_method_signal,train,0.0005388208664953709,0.00022046685626264662,0.1152580976486206,0.8828845024108887,0.000779368681833148,0.00031872364343144
11971,2,5,multi_method_not_mmr,quant_only,train,0.019362151622772217,0.11114075034856796,0.40888866782188416,0.003530440153554082,0.016611061990261078,0.44046688079833984
12136,4,4,qual_only,qual_only,train,0.0006191650754772127,0.0021794778294861317,0.007966737262904644,0.0009475231054238975,0.9878970384597778,0.00039008527528494596
12140,4,4,qual_only,qual_only,train,0.0007626002770848572,0.00043490834650583565,0.00011925583385163918,0.005949398502707481,0.9920450448989868,0.0006887653726153076
12141,3,3,no_method_signal,no_method_signal,train,2.710114131332375e-05,0.0001327807840425521,0.008696143515408039,0.9624817371368408,0.0069502959959208965,0.0217119213193655
12147,3,3,no_method_signal,no_method_signal,train,4.6162000217009336e-05,5.9648577007465065e-05,0.000758295995183289,0.9829325675964355,0.0009845184395089746,0.01521878782659769
12148,3,3,no_method_signal,no_method_signal,train,2.858867810573429e-05,6.621335342060775e-05,0.09364117681980133,0.8999908566474915,0.006011611316353083,0.0002614858385641128
12150,5,5,quant_only,quant_only,train,0.0009959361050277948,0.003460970474407077,0.0026843782979995012,0.004602132365107536,0.00041148829041048884,0.9878451228141785
12151,5,5,quant_only,quant_only,train,0.00043333321809768677,0.00024420852423645556,0.0009635202586650848,0.3161856532096863,0.0005422549438662827,0.6816310286521912
12160,1,1,implicit_mmr,implicit_mmr,train,0.15571458637714386,0.6029946804046631,0.15895690023899078,0.0003511322720441967,0.00915975496172905,0.07282286137342453
12166,2,2,multi_method_not_mmr,multi_method_not_mmr,train,0.0006673677125945687,0.00027928658528253436,0.7872368097305298,0.20812776684761047,0.0035957559011876583,9.296585631091148e-05
12168,3,5,no_method_signal,quant_only,train,0.00027521513402462006,0.0003594745649024844,0.001022658427245915,0.20867037773132324,0.0021974523551762104,0.7874747514724731
12184,0,1,explicit_mmr,implicit_mmr,train,0.2735174894332886,0.7172359824180603,0.0030491859652101994,3.083352203248069e-05,0.002979145385324955,0.003187434049323201
12186,4,4,qual_only,qual_only,train,0.000776993460021913,0.0002915711665991694,0.007059754803776741,0.026522861793637276,0.9560948610305786,0.00925400946289301
12324,4,4,qual_only,qual_only,train,0.0008056556689552963,0.0008506653248332441,0.07075400650501251,0.005058045964688063,0.9223266839981079,0.00020493409829214215
12362,3,3,no_method_signal,no_method_signal,train,0.00012381566921249032,9.50865214690566e-05,0.010580899193882942,0.9882665276527405,0.00038699942524544895,0.0005466312868520617
12394,4,4,qual_only,qual_only,train,0.005139822605997324,0.009430501610040665,0.01552929263561964,0.00013149602455087006,0.9688616991043091,0.0009072091779671609
12402,3,3,no_method_signal,no_method_signal,train,0.0001508614222984761,7.64059805078432e-05,0.0032381173223257065,0.9959766268730164,0.00022289516346063465,0.0003351370105519891
12404,1,1,implicit_mmr,implicit_mmr,train,0.048680298030376434,0.9181829690933228,0.011529847048223019,2.5551518774591386e-05,0.00942869484424591,0.012152728624641895
12409,1,1,implicit_mmr,implicit_mmr,train,0.14437513053417206,0.6943259835243225,0.03860781714320183,0.00022102550428826362,0.0017651141388341784,0.12070488929748535
12440,5,5,quant_only,quant_only,train,0.004717042203992605,0.0035464258398860693,0.03687998652458191,0.0022251298651099205,0.0002223868650617078,0.952409029006958
12442,5,5,quant_only,quant_only,train,0.0038791873957961798,0.005727968644350767,0.06134556606411934,0.002607539528980851,0.00027116460842080414,0.9261685609817505
12444,3,3,no_method_signal,no_method_signal,train,7.50203471397981e-05,5.830762529512867e-05,0.022412965074181557,0.9766814112663269,0.0004539958608802408,0.0003182630753144622
12445,5,5,quant_only,quant_only,train,0.003352551721036434,0.0018846668535843492,0.0045594023540616035,0.0018210106063634157,0.0001139230007538572,0.9882683753967285
12448,3,3,no_method_signal,no_method_signal,train,0.000224429793888703,0.00012837782560382038,0.22571393847465515,0.7729496955871582,0.0006160570192150772,0.00036747768172062933
12453,3,3,no_method_signal,no_method_signal,train,0.00012817267270293087,0.00010079700587084517,0.16060082614421844,0.8381131887435913,0.00041033720481209457,0.0006466323975473642
12529,3,3,no_method_signal,no_method_signal,train,0.0005857120268046856,0.00021339250088203698,0.3540513217449188,0.6423283815383911,0.0026400741189718246,0.00018106431525666267
12580,3,3,no_method_signal,no_method_signal,train,0.0002755207533482462,0.00012971086835023016,0.2431073784828186,0.7553554177284241,0.0004593635385390371,0.0006726401625201106
12608,2,1,multi_method_not_mmr,implicit_mmr,train,0.05503126233816147,0.5221432447433472,0.29501065611839294,0.0003044105542358011,0.0056000966578722,0.12191028147935867
12610,3,3,no_method_signal,no_method_signal,train,0.00011012936010956764,0.00010647455928847194,0.3389599025249481,0.6593495011329651,0.0010639564134180546,0.0004100315854884684
12626,4,4,qual_only,qual_only,train,0.004051822703331709,0.005703342612832785,0.20297321677207947,0.0007672896608710289,0.7858095169067383,0.0006947582587599754
12629,4,4,qual_only,qual_only,train,0.0045811207965016365,0.006165832746773958,0.14596009254455566,0.000564024259801954,0.8420665264129639,0.0006624673260375857
12693,3,3,no_method_signal,no_method_signal,train,0.0004365429631434381,0.00021188802202232182,0.3202802538871765,0.6780064702033997,0.0005909003666602075,0.0004738786956295371
12746,3,2,no_method_signal,multi_method_not_mmr,train,0.000428699713665992,0.00021011146600358188,0.5423597693443298,0.4556679129600525,0.0009826135355979204,0.0003509209200274199
12747,1,1,implicit_mmr,implicit_mmr,train,0.04088069871068001,0.6023673415184021,0.2879679501056671,0.00032423491938970983,0.021014535799622536,0.04744528606534004
12771,1,5,implicit_mmr,quant_only,train,0.021136820316314697,0.20275552570819855,0.3154718577861786,0.0011194369290024042,0.008078341372311115,0.4514380395412445
12812,5,5,quant_only,quant_only,train,0.0033620393369346857,0.0003704607661347836,0.003090610960498452,0.020043889060616493,8.027719013625756e-05,0.9730527400970459
12830,2,2,multi_method_not_mmr,multi_method_not_mmr,train,0.0006469847285188735,0.0003365282027516514,0.7129825353622437,0.27443304657936096,0.011493304744362831,0.00010748714703368023
12856,1,1,implicit_mmr,implicit_mmr,train,0.05240113288164139,0.503376841545105,0.3643460273742676,0.00031516997842118144,0.06386801600456238,0.015692826360464096
12897,3,3,no_method_signal,no_method_signal,train,0.00014358646876644343,0.00010028004908235744,0.19350217282772064,0.8047031760215759,0.0013292956864461303,0.00022152361634653062
12914,3,3,no_method_signal,no_method_signal,train,0.0025679743848741055,0.0005551661597564816,0.018016314134001732,0.9773968458175659,0.001360904541797936,0.00010271867358824238
12922,3,3,no_method_signal,no_method_signal,train,0.00018557139264885336,0.00021244719391688704,0.0014164382591843605,0.6568917632102966,0.021992884576320648,0.3193008601665497
12941,4,4,qual_only,qual_only,train,0.006399972829967737,0.021670514717698097,0.006907107774168253,0.00026151860947720706,0.9634569883346558,0.0013039393816143274
12946,5,5,quant_only,quant_only,train,0.0014899388188496232,0.001797703094780445,0.06660176068544388,0.008711224421858788,0.001004371210001409,0.920395016670227
12965,1,1,implicit_mmr,implicit_mmr,train,0.1715139001607895,0.7905318140983582,0.004792447201907635,4.138131771469489e-05,0.0029173095244914293,0.030203111469745636
13089,3,3,no_method_signal,no_method_signal,train,3.499540616758168e-05,0.00010740493598859757,0.13840395212173462,0.8543378710746765,0.0024356823414564133,0.0046800123527646065
13108,3,3,no_method_signal,no_method_signal,train,0.00023478997172787786,0.00014243229816202074,0.014657031744718552,0.8790445923805237,0.003451373428106308,0.10246985405683517
13133,1,1,implicit_mmr,implicit_mmr,train,0.20271360874176025,0.7693135738372803,0.0028682027477771044,1.925285869219806e-05,0.020884869620203972,0.004200561437755823
13146,3,3,no_method_signal,no_method_signal,train,7.430458936141804e-05,6.643770757364109e-05,0.04420844465494156,0.9548436403274536,0.0002983363810926676,0.0005088505567982793
13168,4,4,qual_only,qual_only,train,0.0009029037319123745,0.0018915587570518255,0.018596889451146126,0.0005066915764473379,0.9779290556907654,0.00017290444520767778
13176,5,5,quant_only,quant_only,train,0.00018728092254605144,0.000123958321637474,0.022750409319996834,0.06594628095626831,0.0002678012824617326,0.9107242226600647
13177,0,2,explicit_mmr,multi_method_not_mmr,train,0.013507192023098469,0.04726541414856911,0.45251163840293884,0.001941715832799673,0.4308737516403198,0.05390032380819321
13180,2,2,multi_method_not_mmr,multi_method_not_mmr,train,0.000525027047842741,0.0002502081624697894,0.5760877728462219,0.421823650598526,0.001098786131478846,0.0002145950129488483
13223,3,3,no_method_signal,no_method_signal,train,0.0005256779841147363,0.00024501237203367054,0.09504946321249008,0.9034854173660278,0.0004048215632792562,0.00028963826480321586
13229,3,3,no_method_signal,no_method_signal,train,0.003073591971769929,0.00046696228673681617,0.02042021043598652,0.9752776622772217,0.00043925823410972953,0.0003222388622816652
13236,1,1,implicit_mmr,implicit_mmr,train,0.0991472601890564,0.5996423363685608,0.014055078849196434,0.00034673584741540253,0.0011446403805166483,0.2856639325618744
13249,4,2,qual_only,multi_method_not_mmr,train,0.00041075970511883497,0.0023208633065223694,0.748987078666687,0.011135554872453213,0.23587840795516968,0.001267370069399476
13329,0,0,explicit_mmr,explicit_mmr,train,0.8306417465209961,0.16401906311511993,0.002606696682050824,8.155176328727975e-05,0.00039834121707826853,0.0022524746600538492
13356,4,4,qual_only,qual_only,train,0.0005436098435893655,0.0007209975156001747,0.004077657591551542,0.000611924915574491,0.9939519762992859,9.38512894208543e-05
13367,5,5,quant_only,quant_only,train,0.04358465224504471,0.02701764553785324,0.06628108024597168,0.004070148803293705,0.010678540915250778,0.8483679294586182
13385,5,5,quant_only,quant_only,train,0.07828525453805923,0.1480497270822525,0.19169309735298157,0.0008915439248085022,0.004985600709915161,0.5760947465896606
13386,0,0,explicit_mmr,explicit_mmr,train,0.8014625310897827,0.1746056228876114,0.007908894680440426,0.0013239191612228751,0.0006518603186123073,0.014047128148376942
13387,5,5,quant_only,quant_only,train,0.0016732282238081098,0.0013497400796040893,0.009969240054488182,0.0033551675733178854,0.0001850071712397039,0.9834676384925842
13390,0,1,explicit_mmr,implicit_mmr,train,0.23741178214550018,0.7336612939834595,0.005091399420052767,2.9020640795351937e-05,0.0171190332621336,0.006687353830784559
13393,1,1,implicit_mmr,implicit_mmr,train,0.2608897387981415,0.6602333188056946,0.009465006180107594,8.780015195952728e-05,0.06110380217432976,0.008220227435231209
13402,0,0,explicit_mmr,explicit_mmr,train,0.7558566927909851,0.2369184046983719,0.003514543641358614,0.00040407615597359836,0.0006419155397452414,0.002664450788870454
13403,5,5,quant_only,quant_only,train,0.0014388359850272536,0.0009896225528791547,0.006056463345885277,0.0038829902186989784,0.00012740415695589036,0.9875046610832214
13449,2,4,multi_method_not_mmr,qual_only,train,0.05058232694864273,0.3045973777770996,0.2618744671344757,0.0009144895593635738,0.31149542331695557,0.07053589075803757
13450,0,0,explicit_mmr,explicit_mmr,train,0.601273775100708,0.38926178216934204,0.0015276054618880153,0.00014613104576710612,0.0028998851776123047,0.004890850279480219
13453,0,0,explicit_mmr,explicit_mmr,train,0.6888986825942993,0.2965146601200104,0.00231353472918272,0.0002794281463138759,0.0026028866413980722,0.009390712715685368
13454,0,0,explicit_mmr,explicit_mmr,train,0.7196717858314514,0.26982852816581726,0.0011717939050868154,0.00021442482830025256,0.001585148274898529,0.007528283167630434
13473,1,1,implicit_mmr,implicit_mmr,train,0.22589899599552155,0.6852062940597534,0.07132766395807266,0.00026029604487121105,0.0031616922933608294,0.01414504088461399
13498,0,1,explicit_mmr,implicit_mmr,train,0.4883165955543518,0.4973355829715729,0.0029030193109065294,0.00019547383999451995,0.0015652044676244259,0.00968408677726984
13499,3,3,no_method_signal,no_method_signal,train,3.740616011782549e-05,4.4717686250805855e-05,0.13340188562870026,0.8643094301223755,0.001085220486856997,0.001121310517191887
13504,3,3,no_method_signal,no_method_signal,train,1.3835895515512675e-05,2.2656560759060085e-05,0.004390183836221695,0.9941555261611938,0.0005800309008918703,0.0008377082413062453
13506,0,0,explicit_mmr,explicit_mmr,train,0.6835976243019104,0.31156298518180847,0.0011175271356478333,0.00013813370605930686,0.0008357352344319224,0.00274803233332932
13518,0,0,explicit_mmr,explicit_mmr,train,0.5209035873413086,0.4664056599140167,0.005343947559595108,0.0001686404866632074,0.0014390511205419898,0.00573907233774662
13524,0,1,explicit_mmr,implicit_mmr,train,0.4154752492904663,0.5684112906455994,0.003925923723727465,0.0001460141211282462,0.0038364650681614876,0.00820491835474968
13531,0,1,explicit_mmr,implicit_mmr,train,0.34621119499206543,0.6183106303215027,0.010492566041648388,6.896075501572341e-05,0.006475737784057856,0.01844094507396221
13532,2,0,multi_method_not_mmr,explicit_mmr,train,0.48459622263908386,0.4808337688446045,0.026443928480148315,0.00036621492472477257,0.0017788899131119251,0.005980894900858402
13579,0,0,explicit_mmr,explicit_mmr,train,0.7922980189323425,0.2023836374282837,0.0017052467446774244,5.905161378905177e-05,0.00029227774939499795,0.003261695383116603
13626,3,3,no_method_signal,no_method_signal,train,0.0002650000969879329,0.00013810033851768821,0.007474418263882399,0.9915892481803894,0.00037703532143495977,0.00015614577569067478
13630,5,5,quant_only,quant_only,train,0.0028991480357944965,0.0006321530090644956,0.015108914114534855,0.004095837939530611,0.00012266106205061078,0.977141261100769
13666,2,2,multi_method_not_mmr,multi_method_not_mmr,train,0.0007722144946455956,0.012311100959777832,0.9229871034622192,0.0029049196746200323,0.055786773562431335,0.005237879231572151
13669,3,3,no_method_signal,no_method_signal,train,0.0001181594780064188,6.10015049460344e-05,0.0517452098429203,0.9467988014221191,0.00044908004929311574,0.000827767129521817
13708,5,0,quant_only,explicit_mmr,train,0.510473370552063,0.09554611891508102,0.056027185171842575,0.0028697289526462555,0.00039216221193782985,0.33469143509864807
13713,4,4,qual_only,qual_only,train,0.05631665512919426,0.02345338836312294,0.0002655240532476455,0.0018203165382146835,0.9098069071769714,0.008337200619280338
13714,1,1,implicit_mmr,implicit_mmr,train,0.49397820234298706,0.5000873804092407,0.0006135759176686406,2.73341665888438e-05,0.00039801429375074804,0.004895505495369434
13719,3,3,no_method_signal,no_method_signal,train,5.431197860161774e-05,7.118167559383437e-05,0.02257259003818035,0.9759231805801392,0.0003685828996822238,0.0010102095548063517
13747,1,1,implicit_mmr,implicit_mmr,train,0.215652197599411,0.6228309869766235,0.14013688266277313,0.00033901326241903007,0.005259972531348467,0.0157809779047966
13779,2,2,multi_method_not_mmr,multi_method_not_mmr,train,0.0016780417645350099,0.00652777124196291,0.8549228310585022,0.015963438898324966,0.010039190761744976,0.11086880415678024
13944,3,3,no_method_signal,no_method_signal,train,9.596012387191877e-05,5.818527642986737e-05,0.07008443027734756,0.9285558462142944,0.00035064201802015305,0.0008548519108444452
13982,2,2,multi_method_not_mmr,multi_method_not_mmr,train,0.00020634011889342219,0.0002621650928631425,0.9743203520774841,0.02228950709104538,0.002683339174836874,0.00023822260845918208
13983,2,5,multi_method_not_mmr,quant_only,train,0.006746252067387104,0.043631404638290405,0.04018355906009674,0.0026285205967724323,0.00037085972144268453,0.9064393639564514
13984,2,5,multi_method_not_mmr,quant_only,train,0.009767847135663033,0.054965972900390625,0.04907356575131416,0.0022136145271360874,0.0004327578644733876,0.8835462331771851
14013,2,2,multi_method_not_mmr,multi_method_not_mmr,train,0.00018665273091755807,0.00024934104294516146,0.9782754182815552,0.01822924055159092,0.0028132013976573944,0.0002461183466948569
14033,2,2,multi_method_not_mmr,multi_method_not_mmr,train,0.00010448548709973693,0.0007625823491252959,0.9510846138000488,0.026166390627622604,0.017678512260317802,0.004203419201076031
14034,3,3,no_method_signal,no_method_signal,train,1.4206852938514203e-05,2.6033021640614606e-05,0.011645859107375145,0.986792802810669,0.0005850979359820485,0.000936050433665514
14122,3,3,no_method_signal,no_method_signal,train,9.529919043416157e-05,9.320164826931432e-05,0.2237713634967804,0.7746469974517822,0.0007352628163062036,0.0006579298060387373
14128,3,3,no_method_signal,no_method_signal,train,3.0676586902700365e-05,2.434116140648257e-05,0.003947706893086433,0.9919102787971497,0.003152673365548253,0.0009343419224023819
14163,0,1,explicit_mmr,implicit_mmr,train,0.23789380490779877,0.6890159845352173,0.04956329986453056,7.977151108207181e-05,0.0018830990884453058,0.021564042195677757
14221,2,1,multi_method_not_mmr,implicit_mmr,train,0.0965784341096878,0.7510841488838196,0.10898704081773758,0.00011699259630404413,0.0027149696834385395,0.040518324822187424
14222,3,2,no_method_signal,multi_method_not_mmr,train,0.0005003553233109415,0.00025012969854287803,0.5465336441993713,0.45149052143096924,0.000821794499643147,0.0004035233287140727
14223,0,1,explicit_mmr,implicit_mmr,train,0.15382128953933716,0.6702037453651428,0.06792870908975601,0.0002282859932165593,0.002345243701711297,0.10547278076410294
14234,5,5,quant_only,quant_only,train,0.003858438692986965,0.0031039458699524403,0.018909253180027008,0.013654802925884724,0.003453131765127182,0.9570204615592957
14236,3,3,no_method_signal,no_method_signal,train,0.0001116219864343293,8.959315164247528e-05,0.146162211894989,0.8526632189750671,0.0005550874629989266,0.00041828060057014227
14249,0,1,explicit_mmr,implicit_mmr,train,0.23597611486911774,0.4485327899456024,0.0026584432926028967,0.00014064001152291894,0.3037776052951813,0.008914509788155556
14259,3,3,no_method_signal,no_method_signal,train,0.0001514489558758214,0.0001844676589826122,0.0008894886705093086,0.6908637881278992,0.002587520517408848,0.30532336235046387
14268,1,1,implicit_mmr,implicit_mmr,train,0.04299658536911011,0.6674080491065979,0.16386012732982635,0.00039162501343525946,0.001376258092932403,0.12396738678216934
14280,5,5,quant_only,quant_only,train,0.004453273490071297,0.0003387629403732717,0.006845347583293915,0.015559032559394836,0.00021695098257623613,0.9725865721702576
14288,3,3,no_method_signal,no_method_signal,train,0.005839731078594923,0.0004244987212587148,0.41123825311660767,0.5536478757858276,0.011229656636714935,0.017620019614696503
14314,3,3,no_method_signal,no_method_signal,train,0.00012864693417213857,8.02159629529342e-05,0.30613309144973755,0.6860895752906799,0.00609127851203084,0.001477180514484644
14352,5,5,quant_only,quant_only,train,0.0018961246823891997,0.0003389898338355124,0.016171561554074287,0.02133944071829319,0.0005470971809700131,0.9597067832946777
14384,5,5,quant_only,quant_only,train,0.0033900300040841103,0.0007120321388356388,0.02785346284508705,0.14213043451309204,0.00020053901243954897,0.8257134556770325
14480,3,3,no_method_signal,no_method_signal,train,4.152938709012233e-05,4.66207493445836e-05,0.01624445617198944,0.9828389286994934,0.0003566312079783529,0.00047182897105813026
14511,2,2,multi_method_not_mmr,multi_method_not_mmr,train,0.029778873547911644,0.36268818378448486,0.47296416759490967,0.0018739760853350163,0.005292014218866825,0.12740276753902435
14599,0,0,explicit_mmr,explicit_mmr,train,0.6899445652961731,0.29553258419036865,0.002288677031174302,0.00027880945708602667,0.0025949720293283463,0.009360382333397865
14651,5,1,quant_only,implicit_mmr,train,0.02850794978439808,0.6117117404937744,0.13245698809623718,0.00041522193350829184,0.002096805488690734,0.22481133043766022
14669,5,1,quant_only,implicit_mmr,train,0.12256462126970291,0.8488063216209412,0.0012782480334863067,8.465176506433636e-05,0.003330317558720708,0.023935768753290176
14674,5,1,quant_only,implicit_mmr,train,0.24142973124980927,0.7347549796104431,0.0015177462482824922,9.372650674777105e-05,0.0018441330175846815,0.020359719172120094
14676,5,1,quant_only,implicit_mmr,train,0.09742062538862228,0.8834688067436218,0.0020797215402126312,4.228899342706427e-05,0.0018234937451779842,0.015165039338171482
14677,4,4,qual_only,qual_only,train,0.0002220812311861664,0.0007233593496493995,0.25917795300483704,0.11610063910484314,0.6162508726119995,0.007525191176682711
14694,1,1,implicit_mmr,implicit_mmr,train,0.08985348790884018,0.7455618977546692,0.043013375252485275,6.708191358484328e-05,0.10647085309028625,0.015033208765089512
14707,1,1,implicit_mmr,implicit_mmr,train,0.03450040519237518,0.8773809671401978,0.050811149179935455,7.291925430763513e-05,0.02594340778887272,0.01129109226167202
14710,0,1,explicit_mmr,implicit_mmr,train,0.3138445019721985,0.5462003946304321,0.006652001291513443,0.0012254485627636313,0.0005154277896508574,0.13156218826770782
14712,0,1,explicit_mmr,implicit_mmr,train,0.23400361835956573,0.6881475448608398,0.006942230276763439,0.0009280418744310737,0.0006222687079571187,0.0693562924861908
14715,0,1,explicit_mmr,implicit_mmr,train,0.25433745980262756,0.5361735820770264,0.001212711213156581,0.00013997856876812875,0.19818435609340668,0.009951935149729252
14752,0,0,explicit_mmr,explicit_mmr,train,0.6386054754257202,0.35767441987991333,0.0004226944292895496,2.2923393771634437e-05,0.0011253302218392491,0.002149151172488928
14753,0,1,explicit_mmr,implicit_mmr,train,0.47446754574775696,0.5186440348625183,0.00041006403625942767,1.8070810256176628e-05,0.0023378878831863403,0.004122542217373848
14754,0,0,explicit_mmr,explicit_mmr,train,0.6120102405548096,0.3830063045024872,0.0004292288504075259,1.6038855392253026e-05,0.002411654219031334,0.0021264655515551567
14827,5,5,quant_only,quant_only,train,0.0030008493922650814,0.004253932740539312,0.027804119512438774,0.002942010760307312,0.000300281448289752,0.9616987705230713
14841,3,3,no_method_signal,no_method_signal,train,2.4944942197180353e-05,3.434790778555907e-05,0.02641349844634533,0.9721783399581909,0.0004392978153191507,0.000909558089915663
14862,3,3,no_method_signal,no_method_signal,train,0.0001413591526215896,9.963753836927935e-05,0.056268446147441864,0.9426541924476624,0.0005675408756360412,0.000268771342234686
14871,5,5,quant_only,quant_only,train,0.0004125816049054265,0.0013340263394638896,0.002727725077420473,0.007963582873344421,0.0006153991562314332,0.986946702003479
14882,0,0,explicit_mmr,explicit_mmr,train,0.832953929901123,0.15858624875545502,0.000501548929605633,3.0457013053819537e-05,0.004896965809166431,0.003030807012692094
14888,3,2,no_method_signal,multi_method_not_mmr,train,0.0006892505916766822,0.00018267869018018246,0.8743547201156616,0.06661323457956314,0.0035177648533135653,0.05464233458042145
14894,3,3,no_method_signal,no_method_signal,train,5.792567753815092e-05,5.3371983085526153e-05,0.07284151762723923,0.9259040951728821,0.000946869608014822,0.00019614158372860402
14897,2,2,multi_method_not_mmr,multi_method_not_mmr,train,0.0010170420864596963,0.020639099180698395,0.9394094347953796,0.0018015220994129777,0.009155129082500935,0.027977757155895233
14899,1,1,implicit_mmr,implicit_mmr,train,0.04364686459302902,0.7701466679573059,0.11026871204376221,0.00021733126777689904,0.031424880027770996,0.044295597821474075
14904,1,1,implicit_mmr,implicit_mmr,train,0.07872577756643295,0.8843182325363159,0.0014594444073736668,3.302035838714801e-05,0.0013517466140910983,0.034111782908439636
14907,2,2,multi_method_not_mmr,multi_method_not_mmr,train,0.0001416191371390596,0.0002748824772424996,0.9582532048225403,0.03399530425667763,0.007104581221938133,0.0002304005902260542
14913,2,2,multi_method_not_mmr,multi_method_not_mmr,train,0.0007816607831045985,0.0035203900188207626,0.8645532727241516,0.010831166990101337,0.0010396878933534026,0.11927387118339539
14917,3,4,no_method_signal,qual_only,train,0.0012533748522400856,0.0010009600082412362,0.06412523984909058,0.04669153317809105,0.8838688135147095,0.003060061950236559
14930,3,3,no_method_signal,no_method_signal,train,8.711031114216894e-05,6.078925071051344e-05,0.1042170599102974,0.8944061994552612,0.0005379923968575895,0.0006907985080033541
14939,3,3,no_method_signal,no_method_signal,train,0.0005053142085671425,0.00020181143190711737,0.2099083513021469,0.7883778810501099,0.0004377719887997955,0.0005688276723958552
14953,2,2,multi_method_not_mmr,multi_method_not_mmr,train,0.0011233602417632937,0.004169318359345198,0.7860300540924072,0.006898338440805674,0.00090413709403947,0.20087476074695587
14962,5,5,quant_only,quant_only,train,0.0011450460879132152,0.0016038862522691488,0.1803269386291504,0.027049530297517776,0.0006610625423491001,0.7892135977745056
14963,0,0,explicit_mmr,explicit_mmr,train,0.7530909180641174,0.2242448478937149,0.009411786682903767,5.598369534709491e-05,0.0027059740386903286,0.01049045380204916
15013,2,2,multi_method_not_mmr,multi_method_not_mmr,train,0.025810817256569862,0.3075525462627411,0.5258429050445557,0.0009368250612169504,0.12631471455097198,0.013542196713387966
15026,3,3,no_method_signal,no_method_signal,train,0.00199579237960279,0.0004415311850607395,0.23946551978588104,0.755295991897583,0.002511180005967617,0.00028999586356803775
15027,3,3,no_method_signal,no_method_signal,train,1.877044815046247e-05,2.7889420380233787e-05,0.008073597215116024,0.9909002780914307,0.0005817548953928053,0.00039773836033418775
15030,2,3,multi_method_not_mmr,no_method_signal,train,0.0017084263963624835,0.00048405458801425993,0.28974273800849915,0.7060879468917847,0.0017030014423653483,0.000273804267635569
15074,4,2,qual_only,multi_method_not_mmr,train,0.00046391229261644185,0.0010031004203483462,0.9544929265975952,0.005322682671248913,0.03784911334514618,0.0008681346080265939
15097,2,2,multi_method_not_mmr,multi_method_not_mmr,train,8.691998664289713e-05,0.00042024528374895453,0.7602177262306213,0.185690775513649,0.021172894164919853,0.03241150826215744
15116,3,3,no_method_signal,no_method_signal,train,0.0019899189937859774,0.0004618473758455366,0.012257728725671768,0.984490692615509,0.0006179543561302125,0.00018195906886830926
15122,3,3,no_method_signal,no_method_signal,train,0.003323312383145094,0.0006768212770111859,0.0042738234624266624,0.9908128380775452,0.0005597934359684587,0.0003533958806656301
15141,1,1,implicit_mmr,implicit_mmr,train,0.07958699762821198,0.8214505910873413,0.0032053503673523664,0.00011316487507428974,0.05092427134513855,0.04471960291266441
15163,4,4,qual_only,qual_only,train,0.0006358876125887036,0.0006908942596055567,0.012163312174379826,0.008925863541662693,0.9728042483329773,0.004779668524861336
15177,1,1,implicit_mmr,implicit_mmr,train,0.03931957110762596,0.9305984377861023,0.016543859615921974,2.0493753254413605e-05,0.006893932819366455,0.006623642984777689
15192,1,1,implicit_mmr,implicit_mmr,train,0.08094880729913712,0.9095003008842468,0.002417496172711253,6.973482413741294e-06,0.001981833716854453,0.005144710186868906
15193,5,1,quant_only,implicit_mmr,train,0.01423252560198307,0.4058614671230316,0.24420614540576935,0.0009869019268080592,0.005029771011322737,0.3296830952167511
15202,5,5,quant_only,quant_only,train,0.001993804005905986,0.006227569654583931,0.007481262553483248,0.0022773256059736013,0.0004133841139264405,0.9816066026687622
15210,2,2,multi_method_not_mmr,multi_method_not_mmr,train,0.0016674638027325273,0.02441028505563736,0.8023414015769958,0.003870187094435096,0.009547422640025616,0.15816321969032288
15279,5,5,quant_only,quant_only,train,0.005565699655562639,0.0030180986505001783,0.023435404524207115,0.008849029429256916,0.0010976390913128853,0.958034098148346
15307,4,2,qual_only,multi_method_not_mmr,train,0.0026438541244715452,0.004953224211931229,0.5046774744987488,0.015377451665699482,0.47156304121017456,0.0007849200046621263
15320,5,5,quant_only,quant_only,train,0.0021897091064602137,0.004071928560733795,0.032432921230793,0.0028502813074737787,0.00032410433050245047,0.9581310749053955
15343,2,2,multi_method_not_mmr,multi_method_not_mmr,train,0.0014244038611650467,0.012059631757438183,0.8903204202651978,0.008578195236623287,0.016209013760089874,0.07140827924013138
15353,1,1,implicit_mmr,implicit_mmr,train,0.1555997133255005,0.7848473787307739,0.01956108771264553,6.222316005732864e-05,0.00033944242750294507,0.03959016129374504
15384,5,5,quant_only,quant_only,train,0.0017735847504809499,0.006740884855389595,0.06362024694681168,0.017593299970030785,0.0009156969026662409,0.9093562960624695
15427,5,5,quant_only,quant_only,train,0.002664909465238452,0.0009195865713991225,0.007936417125165462,0.012082275003194809,0.00018627401732373983,0.9762104749679565
15431,5,5,quant_only,quant_only,train,0.0020727498922497034,0.0008544176816940308,0.00906169693917036,0.01055280864238739,0.00013712792133446783,0.977321207523346
15438,1,0,implicit_mmr,explicit_mmr,train,0.4969344437122345,0.4877035319805145,0.002101912396028638,0.0001391583209624514,0.002617589198052883,0.010503295809030533
15439,5,5,quant_only,quant_only,train,0.0067586749792099,0.03430161252617836,0.06253887712955475,0.001653342042118311,0.0004765645426232368,0.8942708969116211
15445,2,2,multi_method_not_mmr,multi_method_not_mmr,train,0.00020228399080224335,0.0002593509270809591,0.975566565990448,0.02098037861287594,0.0027534060645848513,0.00023803078511264175
15456,1,1,implicit_mmr,implicit_mmr,train,0.29368895292282104,0.6913973689079285,0.001201449427753687,6.92386383889243e-05,0.0008971851202659309,0.012745894491672516
15469,3,3,no_method_signal,no_method_signal,train,1.5573592463624664e-05,4.150083623244427e-05,0.019027087837457657,0.9747514724731445,0.005531485192477703,0.0006329853786155581
15476,0,1,explicit_mmr,implicit_mmr,train,0.41681018471717834,0.5552844405174255,0.0018996431026607752,0.00035996962105855346,0.008426569402217865,0.01721915975213051
15480,2,4,multi_method_not_mmr,qual_only,train,0.00031355221290141344,0.0019023127388209105,0.3715340197086334,0.009499543346464634,0.613699734210968,0.0030507941264659166
15482,0,2,explicit_mmr,multi_method_not_mmr,train,0.0022003694903105497,0.005662901327013969,0.7063761353492737,0.006064486224204302,0.2789503335952759,0.0007456965977326035
15494,5,5,quant_only,quant_only,train,0.003387229284271598,0.0007049520500004292,0.018621759489178658,0.016693711280822754,0.0010374770499765873,0.9595548510551453
15521,2,2,multi_method_not_mmr,multi_method_not_mmr,train,0.00013968655548524112,0.0007609887979924679,0.9839507341384888,0.009497055783867836,0.002368271118029952,0.0032831637654453516
15522,3,3,no_method_signal,no_method_signal,train,5.431130193755962e-05,5.2704664994962513e-05,0.020962506532669067,0.9779858589172363,0.0006791557534597814,0.00026562815764918923
15541,3,3,no_method_signal,no_method_signal,train,0.0027984289918094873,0.000226492527872324,0.16399453580379486,0.8269805908203125,0.000713713001459837,0.005286276340484619
15596,5,5,quant_only,quant_only,train,0.015195966698229313,0.007959338836371899,0.045588139444589615,0.0021491844672709703,0.00030631423578597605,0.9288010597229004
15622,3,3,no_method_signal,no_method_signal,train,9.115358261624351e-05,7.272846414707601e-05,0.04703850299119949,0.951697826385498,0.0009353132336400449,0.00016449288523290306
15623,3,3,no_method_signal,no_method_signal,train,1.2537433576653711e-05,3.5171426134184e-05,0.004718737676739693,0.9871336221694946,0.005126947537064552,0.0029729939997196198
15635,0,0,explicit_mmr,explicit_mmr,train,0.6263278126716614,0.36025920510292053,0.0008083526045084,7.102639938239008e-05,0.0005754691665060818,0.011958230286836624
15677,2,2,multi_method_not_mmr,multi_method_not_mmr,train,0.00022516974422615021,0.001130622229538858,0.9533023834228516,0.030128246173262596,0.001255239825695753,0.013958319090306759
15702,5,5,quant_only,quant_only,train,0.0035389994736760855,0.011806816793978214,0.015497546643018723,0.0018023671582341194,0.0004442489007487893,0.9669100642204285
15703,5,5,quant_only,quant_only,train,0.0006503111217170954,0.0011766229290515184,0.0052253324538469315,0.003900743555277586,0.0001671471691224724,0.9888797998428345
15704,5,5,quant_only,quant_only,train,0.00012842849537264556,0.0002603847533464432,0.0033032968640327454,0.023777805268764496,0.00044001659261994064,0.9720900058746338
15705,2,2,multi_method_not_mmr,multi_method_not_mmr,train,0.0003700097731780261,0.005766337737441063,0.7123452425003052,0.02896018512547016,0.24287675321102142,0.00968148373067379
15706,3,3,no_method_signal,no_method_signal,train,2.7667407266562805e-05,5.945236262050457e-05,0.07352863997220993,0.9211843013763428,0.0005431484314613044,0.004656915087252855
15710,5,5,quant_only,quant_only,train,0.003509738016873598,0.012677839025855064,0.006561513524502516,0.0010596767533570528,0.00026576005620881915,0.9759254455566406
15711,3,3,no_method_signal,no_method_signal,train,2.347361805732362e-05,5.2935454732505605e-05,0.08966613560914993,0.902556836605072,0.007446743547916412,0.0002538053668104112
15712,4,2,qual_only,multi_method_not_mmr,train,0.009423778392374516,0.2253420352935791,0.5848414897918701,0.0009047883795574307,0.12849724292755127,0.05099058523774147
15713,5,5,quant_only,quant_only,train,0.0019836092833429575,0.009155401960015297,0.016906946897506714,0.0021934681572020054,0.0006015793769620359,0.9691590070724487
15715,2,2,multi_method_not_mmr,multi_method_not_mmr,train,0.0014493274502456188,0.02630171924829483,0.6752831339836121,0.017169145867228508,0.03902386128902435,0.24077291786670685
15720,2,2,multi_method_not_mmr,multi_method_not_mmr,train,0.0001157472506747581,0.00031631847377866507,0.9624040126800537,0.03183794766664505,0.00236725271679461,0.0029586751479655504
15775,3,3,no_method_signal,no_method_signal,train,6.63325481582433e-05,5.140830762684345e-05,0.024020886048674583,0.9750403165817261,0.0005715849110856652,0.0002494793734513223
15786,0,0,explicit_mmr,explicit_mmr,train,0.8906459808349609,0.09916909784078598,0.0018593030981719494,0.0002407956781098619,0.0005864304257556796,0.007498377934098244
15842,0,0,explicit_mmr,explicit_mmr,train,0.5266680717468262,0.4611809551715851,0.0007609815220348537,2.0085417418158613e-05,0.007585751824080944,0.0037841075100004673
15868,2,2,multi_method_not_mmr,multi_method_not_mmr,train,0.002591344527900219,0.011182175949215889,0.6026304364204407,0.014661502093076706,0.011661704629659653,0.35727280378341675
15870,1,0,implicit_mmr,explicit_mmr,train,0.4869765341281891,0.47336071729660034,0.012669580057263374,0.00043251391616649926,0.0008937844540923834,0.025666840374469757
15928,0,0,explicit_mmr,explicit_mmr,train,0.554835855960846,0.43503281474113464,0.000788387842476368,8.364780660485849e-05,0.002504325471818447,0.0067549534142017365
15950,2,2,multi_method_not_mmr,multi_method_not_mmr,train,8.081577834673226e-05,0.00030735688051208854,0.9381360411643982,0.034289564937353134,0.014621760696172714,0.012564330361783504
15957,0,1,explicit_mmr,implicit_mmr,train,0.16781103610992432,0.49448952078819275,0.22548577189445496,0.001166849979199469,0.02845902554690838,0.08258779346942902
15988,5,5,quant_only,quant_only,train,0.000883978558704257,0.0004591124888975173,0.0013606679858639836,0.011358658783137798,0.0003212646988686174,0.9856163263320923
16004,0,0,explicit_mmr,explicit_mmr,train,0.6270204186439514,0.3458874821662903,0.0038520197849720716,0.00024081897572614253,0.00832480750977993,0.014674406498670578
16026,1,1,implicit_mmr,implicit_mmr,train,0.047466475516557693,0.9271741509437561,0.0080471932888031,1.1756720596167725e-05,0.011060001328587532,0.006240476854145527
16034,1,1,implicit_mmr,implicit_mmr,train,0.03145177289843559,0.9513187408447266,0.004052523523569107,1.2377201528579462e-05,0.003498542821034789,0.00966592412441969
16038,1,1,implicit_mmr,implicit_mmr,train,0.03982361778616905,0.9391791224479675,0.00903900247067213,1.8198343241238035e-05,0.0011381604708731174,0.010801835916936398
16040,3,3,no_method_signal,no_method_signal,train,2.2541962607647292e-05,3.332798587507568e-05,0.028844984248280525,0.9688020348548889,0.0019273672951385379,0.00036965185427106917
16042,1,1,implicit_mmr,implicit_mmr,train,0.11623109132051468,0.874605655670166,0.0023075412027537823,7.354855370067526e-06,0.0019216713262721896,0.004926680587232113
16047,1,1,implicit_mmr,implicit_mmr,train,0.03868478909134865,0.944636344909668,0.0068066013045609,1.3379761185206007e-05,0.001275117276236415,0.008583773858845234
16049,1,1,implicit_mmr,implicit_mmr,train,0.03670473396778107,0.9482356309890747,0.003066431963816285,1.0042051144409925e-05,0.002794923260807991,0.009188278578221798
16062,1,1,implicit_mmr,implicit_mmr,train,0.1710795760154724,0.8198215961456299,0.0013223610585555434,1.0341631423216313e-05,0.003650203812867403,0.004115833900868893
16065,1,1,implicit_mmr,implicit_mmr,train,0.06820281594991684,0.9151164293289185,0.0026779554318636656,1.344046995654935e-05,0.0011671121465042233,0.012822193093597889
16107,1,1,implicit_mmr,implicit_mmr,train,0.12706482410430908,0.7863027453422546,0.019377589225769043,8.494713256368414e-05,0.0018953436519950628,0.06527458131313324
16160,3,3,no_method_signal,no_method_signal,train,0.00041464585228823125,9.257718193111941e-05,0.3537364602088928,0.638668417930603,0.006210521329194307,0.000877366226632148
16177,2,2,multi_method_not_mmr,multi_method_not_mmr,train,0.00014780752826482058,0.00027531091473065317,0.8499472737312317,0.09407434612512589,0.04615416005253792,0.009401148185133934
16204,5,5,quant_only,quant_only,train,0.0010044177761301398,0.00020891212625429034,0.049798402935266495,0.05942748859524727,0.0004470743879210204,0.8891136646270752
16210,2,2,multi_method_not_mmr,multi_method_not_mmr,train,0.006620109546929598,0.022940829396247864,0.8337022066116333,0.005585901439189911,0.003939476795494556,0.12721146643161774
16211,3,2,no_method_signal,multi_method_not_mmr,train,0.0012210514396429062,0.0001189118338515982,0.8087296485900879,0.18169794976711273,0.0013897409662604332,0.006842746865004301
16260,3,3,no_method_signal,no_method_signal,train,9.945828060153872e-05,9.800675616133958e-05,0.3582717180252075,0.6368937492370605,0.004369777627289295,0.00026726184296421707
16270,4,4,qual_only,qual_only,train,0.0009687616839073598,0.0011351800058037043,0.30835530161857605,0.036813199520111084,0.6520942449569702,0.000633361516520381
16275,2,2,multi_method_not_mmr,multi_method_not_mmr,train,0.004900122992694378,0.0022107933182269335,0.9439066648483276,0.015606909990310669,0.005848769564181566,0.027526745572686195
16368,2,5,multi_method_not_mmr,quant_only,train,0.0043803052976727486,0.07029994577169418,0.2196211963891983,0.002142335521057248,0.0017428561113774776,0.7018133401870728
16376,3,3,no_method_signal,no_method_signal,train,0.0001534724433440715,8.375899778911844e-05,0.006137390621006489,0.9930827617645264,0.00021954203839413822,0.00032307818764820695
16380,0,0,explicit_mmr,explicit_mmr,train,0.9595816135406494,0.03337346389889717,0.0002532385988160968,0.000163088392582722,0.004643119405955076,0.001985336421057582
16383,0,0,explicit_mmr,explicit_mmr,train,0.9329626560211182,0.060694966465234756,0.0005964651354588568,4.643913052859716e-05,0.001250543282367289,0.0044488064013421535
16423,5,5,quant_only,quant_only,train,0.0005915078218095005,0.0010216060327365994,0.15618127584457397,0.017024138942360878,0.0006813383661210537,0.8245001435279846
16456,2,1,multi_method_not_mmr,implicit_mmr,train,0.13296552002429962,0.7287041544914246,0.014593943022191525,0.00011288369569228962,0.10643970966339111,0.01718384213745594
16462,3,3,no_method_signal,no_method_signal,train,9.183379006572068e-05,8.185536717064679e-05,0.08301965892314911,0.915867269039154,0.0006501786410808563,0.0002892417833209038
16475,0,0,explicit_mmr,explicit_mmr,train,0.9125334620475769,0.07734207808971405,0.00019136688206344843,4.544954572338611e-05,0.00805649720132351,0.001831099740229547
16488,4,4,qual_only,qual_only,train,0.03989727795124054,0.08343767374753952,0.013972707092761993,9.182135545415804e-05,0.8613332509994507,0.001267272513359785
16489,3,2,no_method_signal,multi_method_not_mmr,train,9.722145478008315e-05,0.00011530753545230255,0.8821641206741333,0.11327648162841797,0.004084903281182051,0.0002619112783577293
16505,3,3,no_method_signal,no_method_signal,train,2.064170257654041e-05,3.975412982981652e-05,0.05003330856561661,0.9482623934745789,0.0011789149139076471,0.00046495022252202034
16529,0,0,explicit_mmr,explicit_mmr,train,0.7845795154571533,0.06178232654929161,0.10615884512662888,0.0008437590440735221,0.002312685828655958,0.04432285577058792
16573,0,0,explicit_mmr,explicit_mmr,train,0.7231372594833374,0.11464942246675491,0.0028539395425468683,0.0007335928385145962,0.0023323995992541313,0.15629319846630096
16577,5,5,quant_only,quant_only,train,0.009468796662986279,0.0032827071845531464,0.007534919772297144,0.002943245228379965,0.0002977574185933918,0.9764725565910339
16591,2,2,multi_method_not_mmr,multi_method_not_mmr,train,0.001092513557523489,0.003564675571396947,0.7572798132896423,0.007853626273572445,0.0007087098201736808,0.22950060665607452
16622,5,5,quant_only,quant_only,train,0.0050083487294614315,0.0023793308064341545,0.06545218080282211,0.19749675691127777,0.0006133747519925237,0.7290500402450562
16632,0,0,explicit_mmr,explicit_mmr,train,0.8206853270530701,0.1490476429462433,0.00041935552144423127,4.137884025112726e-05,0.028672020882368088,0.001134303747676313
16634,0,0,explicit_mmr,explicit_mmr,train,0.9080989956855774,0.05977934971451759,0.00038241909351199865,8.49610660225153e-05,0.030281202867627144,0.0013729574857279658
16652,3,3,no_method_signal,no_method_signal,train,3.4211305319331586e-05,4.478946721064858e-05,0.06649408489465714,0.9314794540405273,0.0017009619623422623,0.00024648779071867466
16699,2,2,multi_method_not_mmr,multi_method_not_mmr,train,0.0007745045586489141,0.0014042225666344166,0.8513488173484802,0.01572379469871521,0.00044900484499521554,0.1302996277809143
16708,3,3,no_method_signal,no_method_signal,train,1.331534167547943e-05,4.336350320954807e-05,0.0105334697291255,0.9790783524513245,0.006942943204194307,0.0033886514138430357
16709,3,3,no_method_signal,no_method_signal,train,1.5562691260129213e-05,2.974232120322995e-05,0.014170323498547077,0.9834920763969421,0.002002522349357605,0.0002898068632930517
16710,3,2,no_method_signal,multi_method_not_mmr,train,0.0001537335047032684,0.00021564548660535365,0.8123933672904968,0.18255619704723358,0.004466900136321783,0.0002142156008630991
16711,4,4,qual_only,qual_only,train,0.00018080136214848608,0.0017371029825881124,0.28049436211586,0.06203605234622955,0.6489962935447693,0.006555404979735613
16712,3,2,no_method_signal,multi_method_not_mmr,train,0.00034027203219011426,0.0001994140911847353,0.5258145332336426,0.47246265411376953,0.0004779541050083935,0.0007051995489746332
16713,2,2,multi_method_not_mmr,multi_method_not_mmr,train,0.0001205411899718456,0.00010565956472419202,0.7105361819267273,0.26111841201782227,0.0005146465846337378,0.0276044849306345
16746,1,1,implicit_mmr,implicit_mmr,train,0.0866590291261673,0.7461174726486206,0.10120821744203568,0.0001399598695570603,0.006306278053671122,0.059568967670202255
16774,5,2,quant_only,multi_method_not_mmr,train,0.032758068293333054,0.162851020693779,0.6170139908790588,0.002306581474840641,0.002651670714840293,0.18241862952709198
16789,5,5,quant_only,quant_only,train,0.004051385447382927,0.012425457127392292,0.07109227031469345,0.011417044326663017,0.0011161910369992256,0.8998976349830627
16794,3,5,no_method_signal,quant_only,train,0.0006886076298542321,0.0001588676095707342,0.001040458446368575,0.23987101018428802,0.0010762676829472184,0.7571648359298706
16804,2,2,multi_method_not_mmr,multi_method_not_mmr,train,0.00013865716755390167,0.00018422580615151674,0.9583760499954224,0.038909684866666794,0.002138736890628934,0.00025276344968006015
16833,4,4,qual_only,qual_only,train,0.0036277647595852613,0.005308554973453283,0.47513219714164734,0.018097959458827972,0.4969128370285034,0.000920807127840817
16842,3,5,no_method_signal,quant_only,train,0.0002326592366443947,0.0007041699136607349,0.21965081989765167,0.37440580129623413,0.004219921305775642,0.4007866382598877
16857,0,1,explicit_mmr,implicit_mmr,train,0.35497725009918213,0.6321458220481873,0.0009925554040819407,8.103144500637427e-05,0.0077578602358698845,0.004045538138598204
16881,5,5,quant_only,quant_only,train,0.000684741826262325,0.0009579702164046466,0.19867360591888428,0.01879698969423771,0.0009116396540775895,0.7799749970436096
16897,5,5,quant_only,quant_only,train,0.00078567024320364,0.0013523258967325091,0.260658860206604,0.02348744496703148,0.00095128093380481,0.7127643823623657
16925,1,1,implicit_mmr,implicit_mmr,train,0.28354495763778687,0.6919034719467163,0.00210602767765522,3.8605758163612336e-05,0.017106717452406883,0.00530027924105525
16932,4,4,qual_only,qual_only,train,0.004376692697405815,0.001248101587407291,0.00045740907080471516,0.0002907188609242439,0.9934965372085571,0.00013056474563200027
16967,0,0,explicit_mmr,explicit_mmr,train,0.8080205321311951,0.1835860013961792,0.0013660622062161565,0.0005283295176923275,0.001293455483391881,0.0052057430148124695
16989,0,0,explicit_mmr,explicit_mmr,train,0.6291013360023499,0.36307796835899353,0.0011813679011538625,0.00013626103464048356,0.0015375654911622405,0.004965557251125574
17018,4,4,qual_only,qual_only,train,0.050188757479190826,0.09425953775644302,0.0035974776837974787,8.795163012109697e-05,0.8490100502967834,0.002856281353160739
17054,1,0,implicit_mmr,explicit_mmr,train,0.6716944575309753,0.3237241506576538,0.0009521643514744937,1.7065505744540133e-05,0.0012086648494005203,0.002403487917035818
17056,0,0,explicit_mmr,explicit_mmr,train,0.9405966997146606,0.045715223997831345,0.00017835551989264786,0.00015103902842383832,0.010500802658498287,0.002857859479263425
17058,0,0,explicit_mmr,explicit_mmr,train,0.5689045786857605,0.4270344078540802,0.0005719970213249326,9.545123248244636e-06,0.001014334731735289,0.002465107711032033
17063,0,1,explicit_mmr,implicit_mmr,train,0.043760400265455246,0.8648066520690918,0.07087284326553345,9.107881487580016e-05,0.00521264411509037,0.015256470069289207
17115,5,5,quant_only,quant_only,train,0.008007063530385494,0.0011001653037965298,0.05215461552143097,0.0074726310558617115,0.000538019638042897,0.9307275414466858
17128,2,2,multi_method_not_mmr,multi_method_not_mmr,train,9.898837743094191e-05,0.0008870481979101896,0.9704749584197998,0.016393985599279404,0.00512625090777874,0.007018802221864462
17173,2,2,multi_method_not_mmr,multi_method_not_mmr,train,8.400734805036336e-05,0.0005314509617164731,0.9684101343154907,0.019562609493732452,0.0033812213223427534,0.008030587807297707
17175,0,1,explicit_mmr,implicit_mmr,train,0.16473163664340973,0.8174574971199036,0.011521012522280216,1.1558925507415552e-05,0.0037424357142299414,0.0025357676204293966
17177,1,1,implicit_mmr,implicit_mmr,train,0.2912103235721588,0.7019835710525513,0.000560516957193613,1.5247940609697253e-05,0.0012249834835529327,0.005005402024835348
17180,4,4,qual_only,qual_only,train,0.00272469618357718,0.007125478703528643,0.2906802296638489,0.0025144913233816624,0.6938301920890808,0.003124885493889451
17185,0,0,explicit_mmr,explicit_mmr,train,0.9776707887649536,0.01802797056734562,0.00030104382312856615,0.00030180817702785134,0.0017892709001898766,0.0019090798450633883
17194,3,2,no_method_signal,multi_method_not_mmr,train,0.013927074149250984,0.07346487790346146,0.5168299674987793,0.012434997595846653,0.010975155048072338,0.3723679184913635
17195,5,5,quant_only,quant_only,train,0.0010826584184542298,0.00188040966168046,0.05408709868788719,0.012067260220646858,0.00033882964635267854,0.9305437207221985
17197,0,0,explicit_mmr,explicit_mmr,train,0.9767746329307556,0.01901642419397831,0.0002780425420496613,0.0002385472325840965,0.0015535427955910563,0.002138726646080613
17198,0,5,explicit_mmr,quant_only,train,0.016549356281757355,0.012253925204277039,0.011912377551198006,0.0019127641571685672,0.000595851510297507,0.9567757844924927
17210,2,2,multi_method_not_mmr,multi_method_not_mmr,train,0.0002617331629153341,0.0030937609262764454,0.9750193357467651,0.004825254902243614,0.008347440510988235,0.008452565409243107
17264,4,4,qual_only,qual_only,train,0.00018458285194355994,0.0001856151648098603,0.22323130071163177,0.09862536936998367,0.6771864295005798,0.0005866959691047668
17278,5,5,quant_only,quant_only,train,0.0048081842251122,0.0011433543404564261,0.021342040970921516,0.003198161255568266,0.00013590500748250633,0.9693723320960999
17279,5,5,quant_only,quant_only,train,0.002655591582879424,0.0012114959536120296,0.05718962103128433,0.006408562883734703,0.00032102304976433516,0.9322137236595154
17315,0,3,explicit_mmr,no_method_signal,train,0.1538628339767456,0.0025674679782241583,0.0021366470027714968,0.7717113494873047,0.0017212253296747804,0.06800048053264618
17322,1,1,implicit_mmr,implicit_mmr,train,0.0358642153441906,0.94596266746521,0.0045615253038704395,2.3968050300027244e-05,0.0028773390222340822,0.01071004569530487
17331,0,1,explicit_mmr,implicit_mmr,train,0.4281538724899292,0.5574120879173279,0.0017751283012330532,5.2923744078725576e-05,0.0026116170920431614,0.009994376450777054
17338,3,3,no_method_signal,no_method_signal,train,0.00014819239731878042,0.00010542995005380362,0.11246021091938019,0.8862375617027283,0.000354518968379125,0.0006941264146007597
17339,3,3,no_method_signal,no_method_signal,train,0.0004746281774714589,0.00019350677030161023,0.1939372569322586,0.8044223785400391,0.00044631585478782654,0.0005259793833829463
17372,0,1,explicit_mmr,implicit_mmr,train,0.32430970668792725,0.35691389441490173,0.23374433815479279,0.00019291196076665074,0.07148436456918716,0.013354700058698654
17389,2,2,multi_method_not_mmr,multi_method_not_mmr,train,0.00019728270126506686,0.00047095006448216736,0.9723027348518372,0.016065500676631927,0.010592714883387089,0.00037087241071276367
17413,0,0,explicit_mmr,explicit_mmr,train,0.656297504901886,0.338996946811676,0.0013686405727639794,2.3751570552121848e-05,0.0006635098252445459,0.002649678150191903
17463,5,1,quant_only,implicit_mmr,train,0.05039838328957558,0.8701236248016357,0.013156089931726456,5.611139931716025e-05,0.0013802882749587297,0.06488543748855591
17474,4,2,qual_only,multi_method_not_mmr,train,0.008279982022941113,0.0243541169911623,0.524627685546875,0.0026524763088673353,0.43924233317375183,0.0008434344199486077
17493,5,5,quant_only,quant_only,train,0.0018220433266833425,0.0005912919878028333,0.00109940767288208,0.006801926996558905,0.0003542163467500359,0.9893311262130737
17579,1,1,implicit_mmr,implicit_mmr,train,0.3051068186759949,0.6713092923164368,0.0028664208948612213,0.000177429334144108,0.005885220132768154,0.014654840342700481
17592,2,2,multi_method_not_mmr,multi_method_not_mmr,train,0.00011087407619925216,0.000555932754650712,0.8502081632614136,0.10038463771343231,0.012225215323269367,0.0365150049328804
17598,2,2,multi_method_not_mmr,multi_method_not_mmr,train,0.0002923182910308242,0.002159296302124858,0.9436056613922119,0.01952207274734974,0.018760286271572113,0.015660367906093597
17603,5,5,quant_only,quant_only,train,0.006835900712758303,0.012989355251193047,0.17186446487903595,0.0038192097563296556,0.0012626887764781713,0.8032283782958984
17630,2,2,multi_method_not_mmr,multi_method_not_mmr,train,0.0005604773759841919,0.0002458665694575757,0.7336913347244263,0.26431143283843994,0.0007918694172985852,0.0003990340046584606
17639,2,2,multi_method_not_mmr,multi_method_not_mmr,train,0.00021010776981711388,0.0008515973458997905,0.980901300907135,0.0069175767712295055,0.0013817478902637959,0.009737547487020493
17658,1,1,implicit_mmr,implicit_mmr,train,0.17208455502986908,0.8049678802490234,0.014778295531868935,2.3308346499106847e-05,0.0012505840277299285,0.006895423401147127
17729,2,2,multi_method_not_mmr,multi_method_not_mmr,train,0.005691187456250191,0.003074366832152009,0.8433069586753845,0.031054282560944557,0.0028152670711278915,0.11405797302722931
17753,2,2,multi_method_not_mmr,multi_method_not_mmr,train,0.0002887666632886976,0.00021094166731927544,0.9501315355300903,0.04497237876057625,0.00035061067319475114,0.0040456694550812244
17759,3,3,no_method_signal,no_method_signal,train,0.0011984319426119328,0.00026542050181888044,0.30625084042549133,0.6710965037345886,0.0005996610270813107,0.02058914490044117
17771,3,3,no_method_signal,no_method_signal,train,0.001092363498173654,0.00032746614306233823,0.39865392446517944,0.5695232152938843,0.0004766376514453441,0.029926477000117302
17791,4,4,qual_only,qual_only,train,0.19351470470428467,0.19021426141262054,0.002762138145044446,8.931694901548326e-05,0.6109620332717896,0.002457576571032405
17793,4,4,qual_only,qual_only,train,0.09803310036659241,0.10267208516597748,0.004058417398482561,0.00016058517212513834,0.7903770804405212,0.004698640201240778
17823,2,2,multi_method_not_mmr,multi_method_not_mmr,train,0.00013459114416036755,0.00019190215971320868,0.9426187872886658,0.05497002601623535,0.000853578676469624,0.001231088419444859
17828,2,2,multi_method_not_mmr,multi_method_not_mmr,train,0.0001583243574714288,0.00014191576337907463,0.9319018721580505,0.06614276766777039,0.0010573313338682055,0.00059764354955405
17847,2,3,multi_method_not_mmr,no_method_signal,train,0.0014658821746706963,0.00041331237298436463,0.4757886528968811,0.5209128856658936,0.0011709908721968532,0.0002482982526998967
17857,4,5,qual_only,quant_only,train,0.05534995719790459,0.00685546500608325,0.3898736834526062,0.0618281364440918,0.03291600942611694,0.45317673683166504
17870,3,3,no_method_signal,no_method_signal,train,0.00031285855220630765,0.00014034449122846127,0.0515885166823864,0.9470789432525635,0.000649670313578099,0.00022968946723267436
17874,0,1,explicit_mmr,implicit_mmr,train,0.399835467338562,0.5411752462387085,0.00673230504617095,3.1329720513895154e-05,0.049951545894145966,0.0022740487474948168
17916,5,5,quant_only,quant_only,train,0.0015973802655935287,0.0003061649913433939,0.001806620741263032,0.009221849031746387,0.00012892443919554353,0.9869390726089478
17917,5,5,quant_only,quant_only,train,0.003207514528185129,0.0003046714118681848,0.0016920549096539617,0.016221536323428154,0.000410288805142045,0.9781639575958252
17921,5,5,quant_only,quant_only,train,0.0004982608952559531,0.0003784843429457396,0.004961640574038029,0.01710573025047779,0.0006861408473923802,0.9763697981834412
17926,1,1,implicit_mmr,implicit_mmr,train,0.16516630351543427,0.8154952526092529,0.008069162257015705,2.1403131540864706e-05,0.0005409005098044872,0.010707012377679348
17946,1,1,implicit_mmr,implicit_mmr,train,0.14896716177463531,0.8201035261154175,0.004682071972638369,7.148718577809632e-05,0.004268120974302292,0.021907614544034004
17947,5,5,quant_only,quant_only,train,0.023811746388673782,0.023834770545363426,0.31977614760398865,0.010943008586764336,0.0019819613080471754,0.6196524500846863
17965,0,1,explicit_mmr,implicit_mmr,train,0.16288356482982635,0.819424569606781,0.0039886729791760445,3.934949927497655e-05,0.0016986547270789742,0.011965196579694748
17967,1,1,implicit_mmr,implicit_mmr,train,0.41168132424354553,0.5765331983566284,0.0008232196560129523,8.007851283764467e-05,0.0014362053479999304,0.009445909410715103
17976,4,1,qual_only,implicit_mmr,train,0.11535894870758057,0.718800961971283,0.005948136560618877,6.39455538475886e-05,0.15139123797416687,0.008436834439635277
18053,0,0,explicit_mmr,explicit_mmr,train,0.8444927334785461,0.1517762690782547,0.0008454301860183477,5.0030812417389825e-05,0.0006839650450274348,0.0021515171974897385
18062,0,1,explicit_mmr,implicit_mmr,train,0.30628204345703125,0.6872556209564209,0.001270371489226818,1.0302685041096993e-05,0.0021886005997657776,0.0029929860029369593
18073,0,1,explicit_mmr,implicit_mmr,train,0.12252704054117203,0.8718226552009583,0.002186840632930398,6.199904419190716e-06,0.001129422103986144,0.0023278086446225643
18086,0,0,explicit_mmr,explicit_mmr,train,0.8564003705978394,0.13921602070331573,0.0011629345826804638,6.155784649308771e-05,0.0006510767852887511,0.0025081096682697535
18087,4,4,qual_only,qual_only,train,0.0005499778199009597,0.0005686180084012449,0.010512324050068855,0.00883161835372448,0.9757556915283203,0.0037817719858139753
18116,1,1,implicit_mmr,implicit_mmr,train,0.26358404755592346,0.7169774770736694,0.001185949775390327,0.0001297533162869513,0.007410525809973478,0.01071215607225895
18120,0,0,explicit_mmr,explicit_mmr,train,0.488762766122818,0.4885593354701996,0.0030316568445414305,8.348409755853936e-05,0.01350249070674181,0.006060324609279633
18131,0,1,explicit_mmr,implicit_mmr,train,0.414082795381546,0.5721611380577087,0.0015517231076955795,4.853705468121916e-05,0.007075529545545578,0.005080298986285925
18135,1,1,implicit_mmr,implicit_mmr,train,0.16295604407787323,0.8147804737091064,0.0036618714220821857,0.00011062492558266968,0.003704469185322523,0.014786481857299805
18153,4,1,qual_only,implicit_mmr,train,0.14526468515396118,0.4491000175476074,0.007053902372717857,0.00011562061990844086,0.388596773147583,0.009868967346847057
18159,1,1,implicit_mmr,implicit_mmr,train,0.33679425716400146,0.6467409729957581,0.0016868847887963057,5.0106355047319084e-05,0.009359484538435936,0.005368276033550501
18187,0,0,explicit_mmr,explicit_mmr,train,0.6059398055076599,0.37053394317626953,0.0004599984094966203,0.0002248893870273605,0.00908760167658329,0.013753892853856087
18216,4,4,qual_only,qual_only,train,0.003876488422974944,0.001077174092642963,0.03821271285414696,0.013141904026269913,0.9414569139480591,0.002234857762232423
18224,3,3,no_method_signal,no_method_signal,train,8.409029396716505e-05,8.992966468213126e-05,0.23074990510940552,0.7678834199905396,0.0006878622225485742,0.0005048757884651423
18297,0,0,explicit_mmr,explicit_mmr,train,0.6863805651664734,0.19216512143611908,0.0411604605615139,0.0010912696598097682,0.04552260786294937,0.03368004783987999
18313,1,1,implicit_mmr,implicit_mmr,train,0.02831370197236538,0.9412274956703186,0.017043069005012512,2.5315403036074713e-05,0.004067727364599705,0.009322703815996647
18327,1,1,implicit_mmr,implicit_mmr,train,0.027411144226789474,0.9509457349777222,0.00942495372146368,1.8904067474068142e-05,0.0046586766839027405,0.0075404951348900795
18334,1,1,implicit_mmr,implicit_mmr,train,0.030619166791439056,0.9331144094467163,0.020326659083366394,3.654622923932038e-05,0.002572327386587858,0.013330881483852863
18342,0,1,explicit_mmr,implicit_mmr,train,0.42980527877807617,0.559326171875,0.0008642333559691906,1.565184720675461e-05,0.007592325564473867,0.00239639007486403
18356,0,1,explicit_mmr,implicit_mmr,train,0.2671889662742615,0.5059412717819214,0.017913395538926125,5.3850686526857316e-05,0.20510084927082062,0.0038016552571207285
18357,0,1,explicit_mmr,implicit_mmr,train,0.3125500977039337,0.5077601671218872,0.005678217392414808,3.680961890495382e-05,0.17110629379749298,0.002868467476218939
18358,0,1,explicit_mmr,implicit_mmr,train,0.3267682194709778,0.4797738194465637,0.0036106095649302006,5.138152846484445e-05,0.1858166605234146,0.003979376517236233
18361,5,5,quant_only,quant_only,train,0.0032895104959607124,0.0012470366200432181,0.012977966107428074,0.002262284979224205,0.00012065311602782458,0.9801025986671448
18364,0,0,explicit_mmr,explicit_mmr,train,0.7816368341445923,0.20094743371009827,0.00036983893369324505,3.3108324714703485e-05,0.016237089410424232,0.0007757318671792746
18366,0,0,explicit_mmr,explicit_mmr,train,0.5346718430519104,0.3066861927509308,0.0011744553921744227,5.65075570193585e-05,0.15520742535591125,0.0022035837173461914
18367,0,4,explicit_mmr,qual_only,train,0.3543798625469208,0.17119666934013367,0.0012220499338582158,0.0001138672378147021,0.4713461101055145,0.001741388812661171
18377,3,2,no_method_signal,multi_method_not_mmr,train,0.0012233511079102755,0.00019235086801927537,0.5260416865348816,0.46609511971473694,0.000653810566291213,0.005793703254312277
18391,0,0,explicit_mmr,explicit_mmr,train,0.8644917011260986,0.12311171740293503,0.001507007284089923,9.799262625165284e-05,0.00021673913579434156,0.01057489588856697
18396,2,3,multi_method_not_mmr,no_method_signal,train,0.005028491374105215,0.0005611421074718237,0.4485996663570404,0.5420055389404297,0.0007398878806270659,0.0030652531422674656
18424,0,0,explicit_mmr,explicit_mmr,train,0.9227925539016724,0.07142724096775055,0.00018938552238978446,8.801308285910636e-05,0.004693216644227505,0.0008096199599094689
18426,0,0,explicit_mmr,explicit_mmr,train,0.7997122406959534,0.19123873114585876,0.0006799316615797579,2.4767572540440597e-05,0.006440530996769667,0.0019037947058677673
18433,0,0,explicit_mmr,explicit_mmr,train,0.937070369720459,0.06017470359802246,0.0002043938875431195,9.564274660078809e-05,0.0014631666708737612,0.0009917744901031256
18438,5,0,quant_only,explicit_mmr,train,0.6019010543823242,0.2964974343776703,0.004753040615469217,0.004475303925573826,0.00245063123293221,0.08992257714271545
18444,1,0,implicit_mmr,explicit_mmr,train,0.6619603037834167,0.3291848301887512,0.0025978172197937965,0.00016825436614453793,0.0014882654650136828,0.004600498825311661
18448,0,0,explicit_mmr,explicit_mmr,train,0.5777598023414612,0.40917566418647766,0.0016740927239879966,1.719667670840863e-05,0.009584702551364899,0.0017886175774037838
18451,0,0,explicit_mmr,explicit_mmr,train,0.7888864278793335,0.19185329973697662,0.000241557412664406,5.8287998399464414e-05,0.018121343106031418,0.0008390482398681343
18465,0,1,explicit_mmr,implicit_mmr,train,0.20860280096530914,0.6221820712089539,0.14369288086891174,9.45942520047538e-05,0.005496484227478504,0.019931167364120483
18499,3,3,no_method_signal,no_method_signal,train,4.764844925375655e-05,5.3493818995775655e-05,0.011286345310509205,0.9877604246139526,0.0005288809770718217,0.0003231290902476758
18574,2,2,multi_method_not_mmr,multi_method_not_mmr,train,0.023019295185804367,0.02037551999092102,0.6894575357437134,0.0020893278997391462,0.0032787402160465717,0.2617795765399933
18587,4,4,qual_only,qual_only,train,0.09059388190507889,0.13386651873588562,0.003944847267121077,7.696929242229089e-05,0.769798755645752,0.001719027990475297
18593,4,4,qual_only,qual_only,train,0.1050034835934639,0.15070919692516327,0.004226571414619684,8.509384497301653e-05,0.7376511096954346,0.002324586734175682
18607,5,5,quant_only,quant_only,train,0.0052436962723731995,0.009333299472928047,0.02236016094684601,0.001628302619792521,0.0005456323851831257,0.9608888626098633
18681,5,2,quant_only,multi_method_not_mmr,train,0.0023250908125191927,0.007645966485142708,0.6148877143859863,0.06697506457567215,0.0019383999751880765,0.30622774362564087
18688,5,0,quant_only,explicit_mmr,train,0.5572845935821533,0.045429814606904984,0.06281700730323792,0.002587283495813608,0.0009852767689153552,0.3308959901332855
18695,3,3,no_method_signal,no_method_signal,train,3.3709769923007116e-05,5.772599979536608e-05,0.13160815834999084,0.8498576283454895,0.017523350194096565,0.0009195476304739714
18748,0,1,explicit_mmr,implicit_mmr,train,0.305671751499176,0.671739935874939,0.0042810821905732155,0.00024177803425118327,0.005421795416623354,0.012643636204302311
18784,2,2,multi_method_not_mmr,multi_method_not_mmr,train,0.009050427004694939,0.014646564610302448,0.823835551738739,0.011500222608447075,0.011196422390639782,0.12977083027362823
18804,4,4,qual_only,qual_only,train,0.00600986834615469,0.001668955897912383,0.17748865485191345,0.1023784726858139,0.7094402313232422,0.003013783833011985
18868,1,1,implicit_mmr,implicit_mmr,train,0.09552174806594849,0.8608004450798035,0.00304047716781497,0.00012077981227776036,0.000985497492365539,0.039531007409095764
18893,1,0,implicit_mmr,explicit_mmr,train,0.9018492698669434,0.09430107474327087,0.0005269500543363392,6.89631124259904e-05,0.0007359226001426578,0.002517920918762684
18905,0,0,explicit_mmr,explicit_mmr,train,0.9668293595314026,0.024758361279964447,0.0004291521036066115,0.0008164895698428154,0.0036000842228531837,0.0035665384493768215
18911,4,4,qual_only,qual_only,train,0.001687346026301384,0.0010501091601327062,0.0005390487494878471,0.00019692693604156375,0.9964185953140259,0.00010800620657391846
18913,4,4,qual_only,qual_only,train,0.0016443909844383597,0.0013165532145649195,0.0004940784419886768,0.00030125872581265867,0.9961070418357849,0.00013664650032296777
18917,4,4,qual_only,qual_only,train,0.0017433669418096542,0.0011091812048107386,0.0005572847439907491,0.00018922037270385772,0.9962916374206543,0.00010943040251731873
18919,1,0,implicit_mmr,explicit_mmr,train,0.6028545498847961,0.39007696509361267,0.0002582940796855837,3.281228055129759e-05,0.003401357913389802,0.0033759830985218287
18923,0,0,explicit_mmr,explicit_mmr,train,0.859444260597229,0.12890607118606567,0.00020513204799499363,3.80509918613825e-05,0.010328561998903751,0.0010780292795971036
18924,0,0,explicit_mmr,explicit_mmr,train,0.9636587500572205,0.029576262459158897,0.00017203435709234327,0.00011814268509624526,0.004857885185629129,0.0016168825095519423
18942,1,1,implicit_mmr,implicit_mmr,train,0.036669373512268066,0.8880674839019775,0.047914691269397736,5.539097037399188e-05,0.008722757920622826,0.01857038587331772
18953,1,1,implicit_mmr,implicit_mmr,train,0.059126194566488266,0.9089354276657104,0.007922369055449963,2.2365309632732533e-05,0.014167559333145618,0.009826187044382095
18962,0,0,explicit_mmr,explicit_mmr,train,0.824068009853363,0.15083461999893188,0.015354490838944912,7.433964492520317e-05,0.0027187836822122335,0.006949765607714653
18968,2,2,multi_method_not_mmr,multi_method_not_mmr,train,0.1446320116519928,0.028126908466219902,0.7600730657577515,0.004669812507927418,0.059800878167152405,0.0026972652412950993
19018,0,0,explicit_mmr,explicit_mmr,train,0.8678552508354187,0.11458545923233032,0.006252795923501253,8.389924914808944e-05,0.00033856413210742176,0.010884003713726997
19042,1,1,implicit_mmr,implicit_mmr,train,0.032122381031513214,0.9359390139579773,0.018708396703004837,2.8991516956011765e-05,0.0026968219317495823,0.010504285804927349
19054,3,3,no_method_signal,no_method_signal,train,6.337690865620971e-05,5.661717295879498e-05,0.04336889088153839,0.9554381966590881,0.000258079991908744,0.0008147929329425097
19068,0,1,explicit_mmr,implicit_mmr,train,0.09154456853866577,0.8028499484062195,0.06213008239865303,5.4531679779756814e-05,0.010072731412947178,0.033348072320222855
19090,3,2,no_method_signal,multi_method_not_mmr,train,9.207026596413925e-05,0.00027026215684600174,0.5737342238426208,0.4155053198337555,0.001413351739756763,0.008984671905636787
19110,3,2,no_method_signal,multi_method_not_mmr,train,0.00017831170407589525,0.001305295038037002,0.8450398445129395,0.08337368816137314,0.004117721226066351,0.06598519533872604
19132,3,3,no_method_signal,no_method_signal,train,5.175601472728886e-05,6.379316619131714e-05,0.11081650108098984,0.886483371257782,0.0024094218388199806,0.00017513243074063212
19144,5,2,quant_only,multi_method_not_mmr,train,0.0010115415789186954,0.0026958005037158728,0.5034627914428711,0.018524274230003357,0.0012711044400930405,0.473034530878067
19157,0,1,explicit_mmr,implicit_mmr,train,0.034634266048669815,0.742688000202179,0.16463603079319,0.0001538020878797397,0.009414460510015488,0.04847341775894165
19168,3,2,no_method_signal,multi_method_not_mmr,train,0.0006401585997082293,0.0009780727559700608,0.9055764079093933,0.03304317221045494,0.000727715902030468,0.05903444066643715
19170,1,1,implicit_mmr,implicit_mmr,train,0.27503326535224915,0.7033302783966064,0.008822444826364517,1.0478745025466196e-05,0.010930073447525501,0.0018735119374468923
19188,0,0,explicit_mmr,explicit_mmr,train,0.9388833045959473,0.05549295246601105,0.0017685707425698638,0.0002731788554228842,0.0008564108284190297,0.002725439378991723
19241,1,1,implicit_mmr,implicit_mmr,train,0.24128198623657227,0.7505028247833252,0.0020524600986391306,1.0555917469901033e-05,0.0027412758208811283,0.0034109370317310095
19244,0,1,explicit_mmr,implicit_mmr,train,0.22265049815177917,0.7205735445022583,0.0031232808250933886,1.7323391148238443e-05,0.05092186853289604,0.0027134136762470007
19252,5,5,quant_only,quant_only,train,0.17574819922447205,0.03725329041481018,0.021133724600076675,0.0010921284556388855,0.0005014318157918751,0.7642711400985718
19266,4,2,qual_only,multi_method_not_mmr,train,0.0011864270782098174,0.0005864802515134215,0.4285471439361572,0.15467137098312378,0.41158565878868103,0.003422963200137019
19271,2,2,multi_method_not_mmr,multi_method_not_mmr,train,0.00011092044587712735,0.00039082998409867287,0.9044684171676636,0.05326388403773308,0.03788648545742035,0.0038793482817709446
19277,0,1,explicit_mmr,implicit_mmr,train,0.4379112422466278,0.5543451309204102,0.0008651937241666019,6.754809146514162e-05,0.0026861729566007853,0.004124700557440519
19279,0,1,explicit_mmr,implicit_mmr,train,0.48188135027885437,0.5086238980293274,0.0008605333277955651,8.747268293518573e-05,0.0026536111254245043,0.0058931587263941765
19320,3,3,no_method_signal,no_method_signal,train,0.0002292256394866854,0.00014610849029850215,0.48822417855262756,0.5072116255760193,0.0040128580294549465,0.0001760840677889064
19347,0,0,explicit_mmr,explicit_mmr,train,0.8507178425788879,0.1384020447731018,0.002392974914982915,0.0006060537416487932,0.001119830645620823,0.0067613376304507256
19352,0,1,explicit_mmr,implicit_mmr,train,0.2728410065174103,0.46678295731544495,0.011054770089685917,0.00013137763016857207,0.23403751850128174,0.01515247393399477
19362,0,1,explicit_mmr,implicit_mmr,train,0.4700166881084442,0.49439293146133423,0.0010381119791418314,0.00036070053465664387,0.0016528089763596654,0.03253883495926857
19372,5,5,quant_only,quant_only,train,0.13345429301261902,0.03801674395799637,0.13770930469036102,0.001706765848211944,0.0025861060712486506,0.6865268349647522
19386,1,1,implicit_mmr,implicit_mmr,train,0.029442433267831802,0.9405505061149597,0.01722741685807705,2.3665319531573914e-05,0.004370854701846838,0.008385149762034416
19393,5,5,quant_only,quant_only,train,0.000584239256568253,0.00025620925589464605,0.03693027049303055,0.013350145891308784,0.0008811763837002218,0.9479979276657104
19398,0,0,explicit_mmr,explicit_mmr,train,0.5621345639228821,0.4310787618160248,0.0008890274330042303,0.00010289383499184623,0.001118332496844232,0.004676419775933027
19399,1,1,implicit_mmr,implicit_mmr,train,0.36803290247917175,0.6207444071769714,0.0012719744117930532,6.89995868015103e-05,0.0017107913736253977,0.008171090856194496
19402,5,5,quant_only,quant_only,train,0.00031324196606874466,0.0001149050222011283,0.005275709554553032,0.06118036061525345,0.00018913368694484234,0.9329266548156738
19405,1,1,implicit_mmr,implicit_mmr,train,0.09364701062440872,0.8712500333786011,0.008769760839641094,6.094835407566279e-05,0.0028383731842041016,0.023433862254023552
19424,4,4,qual_only,qual_only,train,0.00013521678920369595,0.00014379284402821213,0.30528464913368225,0.27457746863365173,0.41754600405693054,0.0023128939792513847
19439,0,1,explicit_mmr,implicit_mmr,train,0.2952982485294342,0.6810901761054993,0.002659051213413477,0.00018824143626261503,0.004827497061342001,0.0159368384629488
19443,0,3,explicit_mmr,no_method_signal,train,0.08824305236339569,0.0009811441414058208,0.30686941742897034,0.5558735132217407,0.016585340723395348,0.031447600573301315
19452,5,5,quant_only,quant_only,train,0.0068665603175759315,0.012546403333544731,0.12693986296653748,0.003638560650870204,0.0005309133557602763,0.8494776487350464
19459,2,2,multi_method_not_mmr,multi_method_not_mmr,train,0.005942733958363533,0.011218276806175709,0.7937418222427368,0.0035872424487024546,0.18303586542606354,0.002473935717716813
19473,1,1,implicit_mmr,implicit_mmr,train,0.35287001729011536,0.6112146377563477,0.023959826678037643,3.6327794077806175e-05,0.00485563836991787,0.007063568569719791
19487,5,5,quant_only,quant_only,train,0.0008879951201379299,0.0003191850264556706,0.009314960800111294,0.03782578185200691,0.0007500219508074224,0.9509020447731018
19488,3,5,no_method_signal,quant_only,train,0.0028791402000933886,0.003658557776361704,0.07767727971076965,0.0249419454485178,0.0015637461328878999,0.889279305934906
19522,2,2,multi_method_not_mmr,multi_method_not_mmr,train,0.0031156318727880716,0.05398879200220108,0.8922703266143799,0.0022760105784982443,0.03500821068882942,0.013340955600142479
19525,3,3,no_method_signal,no_method_signal,train,0.003029569983482361,0.00023208666243590415,0.006748859770596027,0.9891161322593689,0.00040055112913250923,0.00047282190644182265
19536,0,1,explicit_mmr,implicit_mmr,train,0.4087127149105072,0.561341404914856,0.0018645843956619501,0.00038155412767082453,0.010420650243759155,0.01727905124425888
19555,1,1,implicit_mmr,implicit_mmr,train,0.09455244988203049,0.8214377760887146,0.013232537545263767,2.365250838920474e-05,0.0675441101193428,0.0032095047645270824
19559,0,0,explicit_mmr,explicit_mmr,train,0.9219180345535278,0.06924184411764145,0.0019808628130704165,6.330577161861584e-05,0.0006298146909102798,0.006166115868836641
19561,0,1,explicit_mmr,implicit_mmr,train,0.41501104831695557,0.5506489276885986,0.007052198518067598,3.548728636815213e-05,0.021823681890964508,0.005428682547062635
19564,0,1,explicit_mmr,implicit_mmr,train,0.42154982686042786,0.5435429215431213,0.004224032629281282,2.759647395578213e-05,0.026463083922863007,0.004192558117210865
19581,1,1,implicit_mmr,implicit_mmr,train,0.040550511330366135,0.9122577905654907,0.01702108420431614,2.164641409763135e-05,0.025669192895293236,0.004479804076254368
19582,1,1,implicit_mmr,implicit_mmr,train,0.04224739968776703,0.9148560762405396,0.012652149423956871,1.8707209164858796e-05,0.025970110669732094,0.00425554858520627
19583,1,1,implicit_mmr,implicit_mmr,train,0.20080670714378357,0.7747348546981812,0.0030817911028862,1.432304907211801e-05,0.017577623948454857,0.00378468562848866
19586,1,1,implicit_mmr,implicit_mmr,train,0.04386118799448013,0.9146477580070496,0.011739359237253666,1.6973614037851803e-05,0.025828218087553978,0.0039064413867890835
19589,1,1,implicit_mmr,implicit_mmr,train,0.04378850385546684,0.913404643535614,0.012079804204404354,1.739859908411745e-05,0.02678484097123146,0.00392469996586442
19597,1,1,implicit_mmr,implicit_mmr,train,0.05543060228228569,0.8999300599098206,0.013948661275207996,1.4889576959831174e-05,0.02709449641406536,0.0035811681300401688
19621,0,1,explicit_mmr,implicit_mmr,train,0.3786758482456207,0.5925983786582947,0.0014289930695667863,1.430940301361261e-05,0.026092635467648506,0.001189826289191842
19622,0,1,explicit_mmr,implicit_mmr,train,0.07736809551715851,0.9055644869804382,0.0052276067435741425,1.4053069207875524e-05,0.007534770295023918,0.0042909723706543446
19631,0,1,explicit_mmr,implicit_mmr,train,0.4905143976211548,0.5036605000495911,0.0009290115558542311,7.278537850652356e-06,0.0035037952475249767,0.0013850366231054068
19632,5,5,quant_only,quant_only,train,0.00639696978032589,0.004144981037825346,0.04901977255940437,0.005507584661245346,0.00044906261609867215,0.9344816207885742
19636,0,1,explicit_mmr,implicit_mmr,train,0.07622282207012177,0.9116401076316833,0.0036217384040355682,7.113166248018388e-06,0.006008933763951063,0.0024993102997541428
19644,1,1,implicit_mmr,implicit_mmr,train,0.09241357445716858,0.8080145120620728,0.02458040416240692,2.641746323206462e-05,0.07111503928899765,0.0038500414229929447
19653,0,0,explicit_mmr,explicit_mmr,train,0.5658544898033142,0.42049190402030945,0.0009323158883489668,2.567385854490567e-05,0.009443197399377823,0.003252485767006874
19657,5,5,quant_only,quant_only,train,0.0009960210882127285,0.0012189920525997877,0.03885624185204506,0.018234271556138992,0.0003455315891187638,0.9403489232063293
19706,4,4,qual_only,qual_only,train,0.004825230687856674,0.001000932534225285,0.09007293730974197,0.009192097000777721,0.88691246509552,0.007996288128197193
19731,2,2,multi_method_not_mmr,multi_method_not_mmr,train,0.00012342495028860867,0.0004757858987431973,0.9582726955413818,0.03123004548251629,0.0016479353653267026,0.008250197395682335
19733,0,4,explicit_mmr,qual_only,train,0.06444241851568222,0.07860039174556732,0.00499256094917655,0.00014553948130924255,0.8484217524528503,0.003397342748939991
19745,5,5,quant_only,quant_only,train,0.002024836838245392,0.004923611413687468,0.24330651760101318,0.018063686788082123,0.0007815040880814195,0.7308998107910156
19766,0,0,explicit_mmr,explicit_mmr,train,0.7087394595146179,0.2795686423778534,0.001599386683665216,0.000364322419045493,0.0007364886114373803,0.008991725742816925
19768,0,0,explicit_mmr,explicit_mmr,train,0.6714959740638733,0.32134658098220825,0.0007975522894412279,0.00012309801240917295,0.0019527412950992584,0.004284028895199299
19785,1,0,implicit_mmr,explicit_mmr,train,0.7822993993759155,0.20891055464744568,0.0005866663414053619,2.292798671987839e-05,0.006529885344207287,0.001650538993999362
19796,2,2,multi_method_not_mmr,multi_method_not_mmr,train,0.00010409969399916008,0.0010149518493562937,0.9755379557609558,0.011842024512588978,0.00582418916746974,0.005676765460520983
19827,4,4,qual_only,qual_only,train,0.0007737925043329597,0.0009066005004569888,0.0009165199007838964,0.00024359702365472913,0.9967947602272034,0.0003646335389930755
19870,1,0,implicit_mmr,explicit_mmr,train,0.8503841161727905,0.13952592015266418,0.0029423709493130445,4.627635280485265e-05,0.000299358885968104,0.006802060175687075
19892,4,4,qual_only,qual_only,train,0.0020239658188074827,0.0010759909637272358,0.07500553131103516,0.0850607231259346,0.8296574354171753,0.0071763754822313786
19927,2,2,multi_method_not_mmr,multi_method_not_mmr,train,0.00012624681403394789,0.0006086204666644335,0.9342278838157654,0.048578206449747086,0.00204983982257545,0.014409137889742851
19928,2,2,multi_method_not_mmr,multi_method_not_mmr,train,0.0005420406814664602,0.005727196577936411,0.9388280510902405,0.01093848142772913,0.004082707688212395,0.039881542325019836
19929,2,2,multi_method_not_mmr,multi_method_not_mmr,train,0.0005700855399481952,0.002846600254997611,0.8977909088134766,0.012915242463350296,0.0024687941186130047,0.0834084078669548
19933,0,0,explicit_mmr,explicit_mmr,train,0.9371262788772583,0.05994108319282532,0.0004628946480806917,9.365257574245334e-05,0.0007293403032235801,0.0016467008972540498
19936,2,2,multi_method_not_mmr,multi_method_not_mmr,train,0.0007419097819365561,0.008611874654889107,0.9484697580337524,0.005386507138609886,0.0056937821209430695,0.03109622560441494
19937,0,0,explicit_mmr,explicit_mmr,train,0.9008064866065979,0.09089824557304382,0.004647794179618359,7.700156857026741e-05,0.0017003349494189024,0.0018701874651014805
19978,1,1,implicit_mmr,implicit_mmr,train,0.1902746558189392,0.7775935530662537,0.0064961910247802734,1.1329871085763443e-05,0.022146835923194885,0.003477442543953657
19991,1,1,implicit_mmr,implicit_mmr,train,0.37428179383277893,0.5980977416038513,0.010434376075863838,3.892252061632462e-05,0.013406635262072086,0.003740455489605665
19992,1,1,implicit_mmr,implicit_mmr,train,0.21981792151927948,0.7593808770179749,0.012799778953194618,1.2033829079882707e-05,0.0066864402033388615,0.0013028174871578813
20000,3,3,no_method_signal,no_method_signal,train,1.7803644368541427e-05,2.9938526495243423e-05,0.010568011552095413,0.9882424473762512,0.000558138417545706,0.0005835795309394598
20048,0,2,explicit_mmr,multi_method_not_mmr,train,0.09714325517416,0.22805942595005035,0.6326668858528137,0.001983396243304014,0.007035560440272093,0.0331115759909153
20108,4,4,qual_only,qual_only,train,0.004216455388814211,0.005333324894309044,0.13138553500175476,0.004108107183128595,0.8537333607673645,0.001223202794790268
20122,0,0,explicit_mmr,explicit_mmr,train,0.9246664047241211,0.07107711583375931,0.0010968114947900176,4.180057658231817e-05,0.000914747710339725,0.002203147392719984
20124,0,0,explicit_mmr,explicit_mmr,train,0.9715088605880737,0.021847445517778397,0.00019252115453127772,0.00031765992753207684,0.004371862392872572,0.0017618009587749839
20131,3,3,no_method_signal,no_method_signal,train,0.00015070998051669449,6.477191345766187e-05,0.2033473253250122,0.791835367679596,0.00349020934663713,0.0011116117238998413
20175,5,5,quant_only,quant_only,train,0.0030357411596924067,0.0015035176184028387,0.38502681255340576,0.03845680505037308,0.0004710862413048744,0.571506142616272
20218,1,0,implicit_mmr,explicit_mmr,train,0.5262883305549622,0.46378082036972046,0.001672106795012951,2.048671740340069e-05,0.005469644442200661,0.002768492791801691
20250,3,3,no_method_signal,no_method_signal,train,0.0029539542738348246,0.00046742756967432797,0.2684922516345978,0.7253181338310242,0.0023930943571031094,0.0003751935437321663
20264,3,2,no_method_signal,multi_method_not_mmr,train,0.00016406120266765356,0.00012527985381893814,0.7554143071174622,0.23786844313144684,0.005911963526159525,0.00051589630311355
20300,4,4,qual_only,qual_only,train,0.0007613071938976645,0.0008698169840499759,0.010842353105545044,0.00519728846848011,0.9789983630180359,0.00333085167221725
20306,0,1,explicit_mmr,implicit_mmr,train,0.13537746667861938,0.5980392694473267,0.1230131983757019,0.0002639160957187414,0.023731347173452377,0.11957473307847977
20308,4,4,qual_only,qual_only,train,0.0008994615054689348,0.001212856499478221,0.028851598501205444,0.013516122475266457,0.9451355338096619,0.010384426452219486
20323,4,4,qual_only,qual_only,train,0.0023323639761656523,0.0016836693976074457,0.00519523723050952,0.0009591356501914561,0.9883549213409424,0.0014746786328032613
20358,0,0,explicit_mmr,explicit_mmr,train,0.6757790446281433,0.3134191334247589,0.0010469764238223433,2.2364023607224226e-05,0.006457463838160038,0.003275073366239667
20359,4,4,qual_only,qual_only,train,0.053291112184524536,0.06750282645225525,0.005273760296404362,0.0001590054016560316,0.8700066208839417,0.00376674416474998
20364,1,1,implicit_mmr,implicit_mmr,train,0.27290475368499756,0.6805233359336853,0.0018544712802395225,1.9416842405917123e-05,0.04251343756914139,0.0021846105810254812
20365,1,1,implicit_mmr,implicit_mmr,train,0.3053908944129944,0.5843877792358398,0.002115675713866949,3.661367009044625e-05,0.1054626852273941,0.0026062545366585255
20366,1,1,implicit_mmr,implicit_mmr,train,0.39432767033576965,0.5567895174026489,0.0011950182961300015,3.2844502129592e-05,0.04557998105883598,0.002075009047985077
20371,5,5,quant_only,quant_only,train,0.0005025447462685406,0.0001439762709196657,0.0030430301558226347,0.04586510732769966,0.00045051518827676773,0.9499948024749756
20387,1,1,implicit_mmr,implicit_mmr,train,0.03352316468954086,0.9416338205337524,0.014165373519062996,2.0635749024222605e-05,0.0027693419251590967,0.007887681014835835
20392,3,3,no_method_signal,no_method_signal,train,3.255277988500893e-05,1.8058819478028454e-05,0.0032882883679121733,0.9952292442321777,0.0005823765532113612,0.0008494431967847049
20407,3,3,no_method_signal,no_method_signal,train,9.196931932820007e-05,7.927835395094007e-05,0.23463575541973114,0.7553497552871704,0.009601651690900326,0.00024161346664186567
20414,2,2,multi_method_not_mmr,multi_method_not_mmr,train,0.0007175210048444569,0.0004904245142824948,0.7584729194641113,0.10942984372377396,0.13069897890090942,0.0001903550000861287
20426,0,0,explicit_mmr,explicit_mmr,train,0.9424629211425781,0.05221237614750862,0.0005572780501097441,0.0001943710958585143,0.0005388600984588265,0.004034270998090506
20437,0,0,explicit_mmr,explicit_mmr,train,0.9426910281181335,0.05167662352323532,0.000300755345961079,0.000114572343591135,0.0015858756378293037,0.003631147788837552
20466,3,5,no_method_signal,quant_only,train,0.007922635413706303,0.0007611759356223047,0.0930689126253128,0.053117912262678146,0.0014510080218315125,0.84367835521698
20495,0,1,explicit_mmr,implicit_mmr,train,0.21518978476524353,0.7732660174369812,0.0064245969988405704,1.1713668754964601e-05,0.0018355732318013906,0.00327224750071764
20501,1,1,implicit_mmr,implicit_mmr,train,0.07333038002252579,0.9006263613700867,0.013354266062378883,1.3688003491552081e-05,0.00337638589553535,0.009298986755311489
20511,1,1,implicit_mmr,implicit_mmr,train,0.06579620391130447,0.9125168919563293,0.012867181561887264,1.293047080253018e-05,0.006125857122242451,0.0026809454429894686
20514,1,1,implicit_mmr,implicit_mmr,train,0.07215902954339981,0.8621591925621033,0.025905117392539978,1.899371090985369e-05,0.031245755031704903,0.008511846885085106
20562,0,4,explicit_mmr,qual_only,train,0.19325004518032074,0.2006361335515976,0.0029742377810180187,9.203435183735564e-05,0.600574254989624,0.002473348518833518
20579,0,1,explicit_mmr,implicit_mmr,train,0.3861658275127411,0.5706992149353027,0.0024877646937966347,1.6973308447632007e-05,0.038023777306079865,0.0026064713019877672
20600,1,1,implicit_mmr,implicit_mmr,train,0.12759651243686676,0.8259167075157166,0.03359907492995262,2.15329146158183e-05,0.00723161268979311,0.0056346021592617035
20619,5,5,quant_only,quant_only,train,0.0011039759265258908,0.0009132433333434165,0.01187792420387268,0.007703500799834728,0.0001307989878114313,0.9782705307006836
20637,3,2,no_method_signal,multi_method_not_mmr,train,0.004758192226290703,0.0003168616385664791,0.5171534419059753,0.4421024024486542,0.012165430001914501,0.023503756150603294
20645,1,1,implicit_mmr,implicit_mmr,train,0.4842004179954529,0.49527841806411743,0.0009778602980077267,9.01082021300681e-05,0.01270738523453474,0.006745826918631792
20647,4,1,qual_only,implicit_mmr,train,0.2844741940498352,0.38123223185539246,0.00431855907663703,0.0001485502434661612,0.3216058909893036,0.008220571093261242
20653,0,0,explicit_mmr,explicit_mmr,train,0.8352571129798889,0.1424625813961029,0.0010321083245798945,0.0037204513791948557,0.0014454309130087495,0.016082311049103737
20656,0,4,explicit_mmr,qual_only,train,0.1309262365102768,0.35616666078567505,0.007084253244102001,9.961290925275534e-05,0.49892958998680115,0.006793671287596226
20657,0,0,explicit_mmr,explicit_mmr,train,0.7032598257064819,0.2788514494895935,0.005741341505199671,0.00040579988854005933,0.0009119271417148411,0.010829568840563297
20664,0,0,explicit_mmr,explicit_mmr,train,0.5197351574897766,0.4667993187904358,0.0011722149793058634,0.00011539825209183618,0.0034924927167594433,0.008685438893735409
20667,4,4,qual_only,qual_only,train,0.08087373524904251,0.17693354189395905,0.006982075050473213,0.00011426884884713218,0.7294191718101501,0.005677177105098963
20673,1,1,implicit_mmr,implicit_mmr,train,0.36464735865592957,0.560195803642273,0.0034708259627223015,6.315496284514666e-05,0.06621023267507553,0.005412622354924679
20674,1,0,implicit_mmr,explicit_mmr,train,0.5737125277519226,0.41922199726104736,0.0007163425907492638,8.243483898695558e-05,0.0028265267610549927,0.0034401908051222563
20679,1,1,implicit_mmr,implicit_mmr,train,0.067422054708004,0.6327610611915588,0.15115968883037567,0.00027625003713183105,0.0543927401304245,0.09398820996284485
20683,1,1,implicit_mmr,implicit_mmr,train,0.4832203984260559,0.507206916809082,0.0011317800963297486,7.87137178122066e-05,0.002463446231558919,0.005898714531213045
20709,2,2,multi_method_not_mmr,multi_method_not_mmr,train,0.0011199329746887088,0.00029654859099537134,0.8661578297615051,0.06638102233409882,0.000899265636689961,0.06514542549848557
20770,0,0,explicit_mmr,explicit_mmr,train,0.5869784951210022,0.4026511609554291,0.0020063205156475306,0.00012961032916791737,0.0015247155679389834,0.006709753070026636
20784,2,2,multi_method_not_mmr,multi_method_not_mmr,train,0.0031982215587049723,0.012237519957125187,0.4942769408226013,0.010737478733062744,0.002215027343481779,0.4773348271846771
20799,5,5,quant_only,quant_only,train,0.0003069547819904983,0.0002479790709912777,0.012907285243272781,0.04766479879617691,0.0003610239364206791,0.9385120272636414
20800,5,5,quant_only,quant_only,train,0.00034350602072663605,0.00030770781449973583,0.013085054233670235,0.03550345078110695,0.00031537460745312274,0.9504449367523193
20801,5,5,quant_only,quant_only,train,0.00020859341020695865,0.0002784253447316587,0.021425290033221245,0.07667649537324905,0.00039330412982963026,0.9010179042816162
20819,3,3,no_method_signal,no_method_signal,train,0.00033301336225122213,0.00016794043767731637,0.09016062319278717,0.9086453914642334,0.0003970968828070909,0.0002959264675155282
20822,5,5,quant_only,quant_only,train,0.0016217463416978717,0.0004820860631298274,0.013163070194423199,0.0050414204597473145,0.00021646835375577211,0.9794752597808838
20835,5,5,quant_only,quant_only,train,0.0006010149954818189,0.0004868599644396454,0.000762698648031801,0.011704313568770885,0.0002747179241850972,0.9861704111099243
20837,5,5,quant_only,quant_only,train,0.0005874678608961403,0.00048158393474295735,0.0007877247990109026,0.011715276166796684,0.00026207222254015505,0.9861658811569214
20838,5,5,quant_only,quant_only,train,0.0006390397902578115,0.0005313632427714765,0.000768904690630734,0.01029383298009634,0.00026777139282785356,0.9874990582466125
20845,4,4,qual_only,qual_only,train,0.013376628048717976,0.02301156334578991,0.0029937790241092443,0.00010356780694564804,0.9591017365455627,0.0014126722235232592
20850,2,2,multi_method_not_mmr,multi_method_not_mmr,train,0.0001159140738309361,0.00031191736343316734,0.9816583395004272,0.013587926514446735,0.002242946531623602,0.0020828847773373127
20855,0,1,explicit_mmr,implicit_mmr,train,0.32477104663848877,0.6196497678756714,0.0011863629333674908,0.00048201726167462766,0.0018248837441205978,0.05208589881658554
20925,0,0,explicit_mmr,explicit_mmr,train,0.9681571125984192,0.026921993121504784,0.0007955105393193662,0.00014600760187022388,0.000631709408480674,0.0033477284014225006
20948,5,5,quant_only,quant_only,train,0.0006972890114411712,0.0011452907929196954,0.08478348702192307,0.0190491434186697,0.0003325510770082474,0.8939922451972961
20957,0,0,explicit_mmr,explicit_mmr,train,0.9669012427330017,0.028011023998260498,0.0008319024345837533,0.0001397581654600799,0.0005973086226731539,0.00351879489608109
20960,5,5,quant_only,quant_only,train,0.001157843740656972,0.0014251911779865623,0.011196593753993511,0.004543459974229336,0.00011548227485036477,0.9815614819526672
21005,2,1,multi_method_not_mmr,implicit_mmr,train,0.06283214688301086,0.5095987319946289,0.3889792859554291,0.0010476523311808705,0.012933986261487007,0.024608150124549866
21023,0,1,explicit_mmr,implicit_mmr,train,0.33656346797943115,0.35555434226989746,0.0018498720601201057,5.251255424809642e-05,0.3025870621204376,0.003392669605091214
21028,0,4,explicit_mmr,qual_only,train,0.09001998603343964,0.057618144899606705,0.0011037575313821435,0.00011827594425994903,0.8497222661972046,0.001417481922544539
21062,3,2,no_method_signal,multi_method_not_mmr,train,0.00028231978649273515,0.0011814726749435067,0.6963782906532288,0.1964075267314911,0.006365567445755005,0.09938480705022812
21071,0,0,explicit_mmr,explicit_mmr,train,0.9560199975967407,0.03365420550107956,0.0021982083562761545,0.00042398858931846917,0.0005760036292485893,0.007127712480723858
21076,2,2,multi_method_not_mmr,multi_method_not_mmr,train,0.001349905738607049,0.001713346573524177,0.9866270422935486,0.004032244440168142,0.003964922856539488,0.002312544733285904
21097,2,2,multi_method_not_mmr,multi_method_not_mmr,train,0.0007731783553026617,0.0033804248087108135,0.812853217124939,0.008775081485509872,0.007759465370327234,0.16645866632461548
21118,4,0,qual_only,explicit_mmr,train,0.5872332453727722,0.3985002636909485,0.0007968203281052411,2.089434019580949e-05,0.010838229209184647,0.002610531635582447
21122,0,0,explicit_mmr,explicit_mmr,train,0.8547959327697754,0.09581327438354492,0.031016476452350616,0.0001619180984562263,0.0014092616038396955,0.016803191974759102
21136,2,2,multi_method_not_mmr,multi_method_not_mmr,train,0.14330732822418213,0.08708319813013077,0.7193789482116699,0.0007394939311780035,0.012654399499297142,0.03683658689260483
21155,1,1,implicit_mmr,implicit_mmr,train,0.17407220602035522,0.8151413798332214,0.0020760726183652878,5.184526526136324e-05,0.0025786221958696842,0.006079770624637604
21171,0,0,explicit_mmr,explicit_mmr,train,0.89618980884552,0.037563346326351166,0.008662129752337933,0.0005335522000677884,0.0002303589426446706,0.05682096630334854
21183,2,5,multi_method_not_mmr,quant_only,train,0.006151257548481226,0.002872293349355459,0.24871061742305756,0.06739885360002518,0.14827321469783783,0.5265937447547913
21184,0,0,explicit_mmr,explicit_mmr,train,0.7363143563270569,0.20049281418323517,0.04233393445611,0.00013205548748373985,0.0015564042842015624,0.019170446321368217
21188,5,2,quant_only,multi_method_not_mmr,train,0.025407878682017326,0.06459370255470276,0.8041649460792542,0.0015430412022396922,0.01273058820515871,0.09155981242656708
21199,1,1,implicit_mmr,implicit_mmr,train,0.31029900908470154,0.4622504711151123,0.02318759635090828,5.6372704420937225e-05,0.20160682499408722,0.002599680330604315
21204,1,1,implicit_mmr,implicit_mmr,train,0.1489357352256775,0.8081231117248535,0.0029944528359919786,3.8646212487947196e-05,0.03250593692064285,0.007402223069220781
21218,0,0,explicit_mmr,explicit_mmr,train,0.6044581532478333,0.3853130340576172,0.001549797016195953,5.397712448029779e-05,0.0014338912442326546,0.0071912286803126335
21227,0,0,explicit_mmr,explicit_mmr,train,0.9242081046104431,0.05206802859902382,0.006536921951919794,0.00013829355884809047,0.0004803998745046556,0.016568375751376152
21230,0,0,explicit_mmr,explicit_mmr,train,0.6811866760253906,0.18271033465862274,0.0946386307477951,0.00019638831145130098,0.0013728240737691522,0.03989526629447937
21244,3,0,no_method_signal,explicit_mmr,train,0.9194942712783813,0.055792540311813354,0.0036871726624667645,0.0022281394340097904,0.0002570145297795534,0.018540915101766586
21256,3,2,no_method_signal,multi_method_not_mmr,train,0.0015932744136080146,0.000389953755075112,0.8860477805137634,0.07505618035793304,0.007208588998764753,0.029704231768846512
21265,0,0,explicit_mmr,explicit_mmr,train,0.5621135234832764,0.35859599709510803,0.0017741500632837415,3.411725992918946e-05,0.07666253298521042,0.0008196415728889406
21267,5,0,quant_only,explicit_mmr,train,0.5968179106712341,0.29946476221084595,0.00468389643356204,0.004472342785447836,0.0025377171114087105,0.09202340990304947
21334,1,4,implicit_mmr,qual_only,train,0.036859702318906784,0.2542693018913269,0.18998722732067108,0.0002089273912133649,0.5145828127861023,0.004092026501893997
21336,1,1,implicit_mmr,implicit_mmr,train,0.05040673911571503,0.6608091592788696,0.24461957812309265,0.000370505906175822,0.03435574471950531,0.009438268840312958
21373,5,5,quant_only,quant_only,train,0.002467050217092037,0.0008878331864252687,0.052049629390239716,0.006740508135408163,0.00021539756562560797,0.9376395344734192
21397,5,5,quant_only,quant_only,train,0.005123131442815065,0.005980252288281918,0.23832987248897552,0.01715872623026371,0.0027934745885431767,0.7306145429611206
21398,0,0,explicit_mmr,explicit_mmr,train,0.524953305721283,0.4690697193145752,0.0009038347634486854,7.951743100420572e-06,0.00372815178707242,0.0013370729284361005
21413,1,1,implicit_mmr,implicit_mmr,train,0.14907774329185486,0.8251338601112366,0.016082804650068283,2.206192584708333e-05,0.00786512903869152,0.0018183975480496883
21415,0,1,explicit_mmr,implicit_mmr,train,0.1282263696193695,0.7264766693115234,0.07955961674451828,0.0017948687309399247,0.032014936208724976,0.03192751482129097
21424,4,4,qual_only,qual_only,train,0.06936277449131012,0.07539425790309906,0.0025820781011134386,0.0001168071903521195,0.8503142595291138,0.002229816047474742
21445,3,3,no_method_signal,no_method_signal,train,0.0012309907469898462,0.0003943901101592928,0.05666312202811241,0.9410746693611145,0.0004156054637860507,0.00022114231251180172
21503,1,1,implicit_mmr,implicit_mmr,train,0.35435864329338074,0.6325049996376038,0.00133799621835351,1.3191230209486093e-05,0.009343958459794521,0.002441195072606206
21528,3,3,no_method_signal,no_method_signal,train,0.0014203835744410753,0.00015531481767538935,0.3837171792984009,0.5628849267959595,0.04392353817820549,0.007898639887571335
21569,5,0,quant_only,explicit_mmr,train,0.4999486207962036,0.35436007380485535,0.027751721441745758,0.0004990518209524453,0.0011255608405917883,0.11631499975919724
21604,1,1,implicit_mmr,implicit_mmr,train,0.3680642545223236,0.6163889765739441,0.0011805577669292688,9.52235859585926e-05,0.0015248412964865565,0.012746074236929417
21606,4,4,qual_only,qual_only,train,0.014613458886742592,0.07465113699436188,0.05937319993972778,0.001271304558031261,0.842969536781311,0.007121361792087555
21617,2,2,multi_method_not_mmr,multi_method_not_mmr,train,0.04336687922477722,0.11427289247512817,0.7956737279891968,0.002280953573063016,0.0033771139569580555,0.0410284660756588
21620,4,4,qual_only,qual_only,train,0.01669718325138092,0.022279083728790283,0.07626126706600189,0.00030525762122124434,0.8829120993614197,0.0015450435457751155
21626,0,1,explicit_mmr,implicit_mmr,train,0.27534016966819763,0.3789789080619812,0.011628224514424801,7.208592433016747e-05,0.3291946053504944,0.004786090925335884
21637,0,0,explicit_mmr,explicit_mmr,train,0.9287930727005005,0.06592611223459244,0.00016566402337048203,6.147928797872737e-05,0.0034119118936359882,0.0016418570885434747
21668,0,2,explicit_mmr,multi_method_not_mmr,train,0.0019948326516896486,0.0018701566150411963,0.5244521498680115,0.01555624045431614,0.0012401131680235267,0.4548865556716919
21669,0,0,explicit_mmr,explicit_mmr,train,0.7364864349365234,0.21728157997131348,0.004750601015985012,0.006966498680412769,0.0019221686525270343,0.03259257227182388
21702,2,2,multi_method_not_mmr,multi_method_not_mmr,train,0.0001959319197339937,0.00015996911679394543,0.9456442594528198,0.05233931913971901,0.0009141548071056604,0.0007464213413186371
21749,0,0,explicit_mmr,explicit_mmr,train,0.9071207046508789,0.08728499710559845,0.0007400148315355182,0.000129710475448519,0.0007050239364616573,0.004019548185169697
21751,5,0,quant_only,explicit_mmr,train,0.7358129024505615,0.16083024442195892,0.0660439133644104,0.00014630566874984652,0.0016842265613377094,0.03548241779208183
21774,0,0,explicit_mmr,explicit_mmr,train,0.8494284749031067,0.14461475610733032,0.0005143258604221046,4.934150638291612e-05,0.0004280501452740282,0.004965182393789291
21796,3,3,no_method_signal,no_method_signal,train,0.0002794487227220088,0.00014403882960323244,0.08497203886508942,0.913911759853363,0.00034249437157996,0.0003501270548440516
21808,0,4,explicit_mmr,qual_only,train,0.06850265711545944,0.09310751408338547,0.002890967531129718,7.801735046086833e-05,0.8333895206451416,0.0020313560962677
21809,0,0,explicit_mmr,explicit_mmr,train,0.5064176321029663,0.28789156675338745,0.0015155264409258962,4.2163810576312244e-05,0.20252107083797455,0.0016120191430673003
21839,4,4,qual_only,qual_only,train,0.04815928637981415,0.10187936574220657,0.001855541137047112,8.16116516944021e-05,0.8461525440216064,0.001871658954769373
21850,5,5,quant_only,quant_only,train,0.01743200607597828,0.12732145190238953,0.08900950849056244,0.001716651488095522,0.0021844704169780016,0.7623358964920044
21861,0,0,explicit_mmr,explicit_mmr,train,0.5123881697654724,0.4669678211212158,0.0005810832371935248,0.00019772170344367623,0.015971239656209946,0.003893963759765029
21872,1,1,implicit_mmr,implicit_mmr,train,0.08402160555124283,0.7944096326828003,0.0019178465008735657,4.7754911065567285e-05,0.11524733901023865,0.004355901386588812
21890,0,1,explicit_mmr,implicit_mmr,train,0.21858598291873932,0.7123028635978699,0.009869719855487347,7.800229650456458e-05,0.035781919956207275,0.023381507024168968
21912,0,1,explicit_mmr,implicit_mmr,train,0.39070209860801697,0.5838692784309387,0.004511017352342606,4.832738341065124e-05,0.014942476525902748,0.005926836282014847
21913,0,0,explicit_mmr,explicit_mmr,train,0.7855606079101562,0.19615571200847626,0.0017538166139274836,0.0005228374502621591,0.0019545722752809525,0.014052554965019226
21946,0,0,explicit_mmr,explicit_mmr,train,0.6813492178916931,0.3023945987224579,0.0011776902247220278,0.00020423182286322117,0.0008378464262932539,0.014036480337381363
21999,2,2,multi_method_not_mmr,multi_method_not_mmr,train,0.0009623249061405659,0.005591156426817179,0.8648726344108582,0.00284183700568974,0.0017341369530186057,0.12399782240390778
22074,1,1,implicit_mmr,implicit_mmr,train,0.2250291407108307,0.7694833278656006,0.0015882652951404452,6.532122824864928e-06,0.0023314394056797028,0.0015613087452948093
22080,1,1,implicit_mmr,implicit_mmr,train,0.17056481540203094,0.8215150237083435,0.0025092631112784147,7.88323723099893e-06,0.002038020407781005,0.0033650051336735487
22087,1,1,implicit_mmr,implicit_mmr,train,0.35097259283065796,0.6325205564498901,0.001004901947453618,2.1577143343165517e-05,0.011672763153910637,0.003807586617767811
22091,1,1,implicit_mmr,implicit_mmr,train,0.16658569872379303,0.8265981078147888,0.0031916159205138683,9.522939762973692e-06,0.0011272592237219214,0.002487658057361841
22107,2,2,multi_method_not_mmr,multi_method_not_mmr,train,0.022423159331083298,0.07216134667396545,0.8525398969650269,0.0007236774545162916,0.004997948184609413,0.047153934836387634
22108,2,2,multi_method_not_mmr,multi_method_not_mmr,train,0.02845974639058113,0.038124438375234604,0.8796401023864746,0.0008287812233902514,0.01029395405203104,0.042652953416109085
22151,5,5,quant_only,quant_only,train,0.002289724303409457,0.000598397571593523,0.1116141602396965,0.012615969404578209,0.0003343165444675833,0.8725473880767822
22198,5,5,quant_only,quant_only,train,0.0001437654282199219,0.00013163550465833396,0.009114457294344902,0.04047396406531334,0.0007016875897534192,0.9494345188140869
22207,0,0,explicit_mmr,explicit_mmr,train,0.5338000655174255,0.09315155446529388,0.24226365983486176,0.0009200667846016586,0.006064428482204676,0.12380023300647736
22211,2,2,multi_method_not_mmr,multi_method_not_mmr,train,0.002358346479013562,0.011432907544076443,0.7006227374076843,0.012605881318449974,0.007776382379233837,0.2652037739753723
22212,2,2,multi_method_not_mmr,multi_method_not_mmr,train,0.00013928003318142146,0.0012555877910926938,0.9488404989242554,0.02768298238515854,0.015308667905628681,0.006772945635020733
22227,0,0,explicit_mmr,explicit_mmr,train,0.9508125185966492,0.04423295333981514,0.0005674439598806202,0.00015481501759495586,0.0010795632842928171,0.0031527357641607523
22232,0,0,explicit_mmr,explicit_mmr,train,0.9251194000244141,0.0683809295296669,0.0003445094916969538,4.329505100031383e-05,0.003846148494631052,0.0022656337823718786
22234,0,4,explicit_mmr,qual_only,train,0.1511823683977127,0.2424386590719223,0.005223006010055542,0.0001258733682334423,0.5944873690605164,0.006542732939124107
22242,0,0,explicit_mmr,explicit_mmr,train,0.5240628719329834,0.44468697905540466,0.02024250291287899,2.901691732404288e-05,0.003873812733218074,0.007104821968823671
22252,0,5,explicit_mmr,quant_only,train,0.2199120968580246,0.01427758764475584,0.21488021314144135,0.006278913468122482,0.00910428911447525,0.5355469584465027
22259,5,5,quant_only,quant_only,train,0.15972690284252167,0.018201198428869247,0.08041984587907791,0.0012454005191102624,0.0016357933636754751,0.7387707829475403
22262,0,5,explicit_mmr,quant_only,train,0.15069903433322906,0.004630251321941614,0.08479097485542297,0.013231758959591389,0.004710021428763866,0.7419379353523254
22292,4,4,qual_only,qual_only,train,0.006019747816026211,0.00255875987932086,0.0673956573009491,0.0027343027759343386,0.9195298552513123,0.0017615960678085685
22326,5,5,quant_only,quant_only,train,0.0020430637523531914,0.0034442886244505644,0.10115095973014832,0.010343455709517002,0.00039988677599467337,0.8826183676719666
22329,5,5,quant_only,quant_only,train,0.012654749676585197,0.005415330640971661,0.23198732733726501,0.006605318747460842,0.0007166597642935812,0.742620587348938
22347,0,1,explicit_mmr,implicit_mmr,train,0.3988957405090332,0.5538426637649536,0.03884277865290642,4.713468297268264e-05,0.0022911333944648504,0.006080567836761475
22353,0,0,explicit_mmr,explicit_mmr,train,0.7516334652900696,0.24491667747497559,0.0010562010575085878,2.407676583970897e-05,0.0009505411144345999,0.0014189478242769837
22356,2,2,multi_method_not_mmr,multi_method_not_mmr,train,0.007135271094739437,0.03810768201947212,0.8449265360832214,0.004927221219986677,0.09587447345256805,0.009028812870383263
22359,0,0,explicit_mmr,explicit_mmr,train,0.712904155254364,0.2672497034072876,0.0008878747466951609,1.919630085467361e-05,0.01814967393875122,0.0007893206202425063
22363,2,2,multi_method_not_mmr,multi_method_not_mmr,train,0.0018041045404970646,0.0045360783115029335,0.9388017058372498,0.007540890481323004,0.03540085628628731,0.0119164502248168
22368,0,0,explicit_mmr,explicit_mmr,train,0.9487081170082092,0.04762664809823036,0.0006011616205796599,5.8482550230110064e-05,0.0005617460701614618,0.002443902660161257
22378,0,0,explicit_mmr,explicit_mmr,train,0.776935875415802,0.21514463424682617,0.0005624457844533026,5.219225204200484e-05,0.002171468222513795,0.005133327096700668
22388,0,0,explicit_mmr,explicit_mmr,train,0.4937644600868225,0.47692951560020447,0.001180487684905529,2.3235019398271106e-05,0.026022912934422493,0.002079285914078355
22391,5,5,quant_only,quant_only,train,0.012701120227575302,0.0035010622814297676,0.035614363849163055,0.0013807988725602627,0.00028440140886232257,0.9465182423591614
22409,0,0,explicit_mmr,explicit_mmr,train,0.8878688812255859,0.06329207867383957,0.010078436695039272,0.00018262641970068216,0.0008584638126194477,0.03771965578198433
22435,2,2,multi_method_not_mmr,multi_method_not_mmr,train,0.018370017409324646,0.010243906639516354,0.9050675630569458,0.01221691444516182,0.015307193621993065,0.03879433125257492
22443,2,0,multi_method_not_mmr,explicit_mmr,train,0.6141195893287659,0.12063329666852951,0.21870188415050507,0.00031090780976228416,0.003482887288555503,0.042751334607601166
22450,0,0,explicit_mmr,explicit_mmr,train,0.9279806017875671,0.04990210756659508,0.009951459243893623,0.00048610137309879065,0.0005602873279713094,0.011119355447590351
22452,0,0,explicit_mmr,explicit_mmr,train,0.8868749737739563,0.09528318792581558,0.006678216625005007,0.00012518874427769333,0.00045779431820847094,0.010580570437014103
22458,2,0,multi_method_not_mmr,explicit_mmr,train,0.8386106491088867,0.02977708913385868,0.10998313128948212,0.001910096500068903,0.001863032579421997,0.017855970188975334
22465,0,0,explicit_mmr,explicit_mmr,train,0.6647967100143433,0.13061891496181488,0.14682184159755707,0.0004172148182988167,0.0024528116919100285,0.05489245802164078
22472,3,3,no_method_signal,no_method_signal,train,3.639379792730324e-05,4.4805285142501816e-05,0.009441372938454151,0.9895899891853333,0.00043912368710152805,0.0004484343808144331
22517,4,4,qual_only,qual_only,train,0.02662026137113571,0.06260212510824203,0.030477408319711685,0.00011649246152956039,0.8786356449127197,0.001547947176732123
22521,2,1,multi_method_not_mmr,implicit_mmr,train,0.17039406299591064,0.6511641144752502,0.02608068473637104,3.9859936805441976e-05,0.14731360971927643,0.005007649771869183
22544,1,1,implicit_mmr,implicit_mmr,train,0.28648990392684937,0.649360179901123,0.016720332205295563,5.005233833799139e-05,0.03876369819045067,0.008615809492766857
22545,1,1,implicit_mmr,implicit_mmr,train,0.25476840138435364,0.6401252150535583,0.004151437897235155,0.00010209931497229263,0.08829856663942337,0.012554222717881203
22548,1,1,implicit_mmr,implicit_mmr,train,0.21975590288639069,0.7109179496765137,0.01579260639846325,4.7042249207152054e-05,0.04188422113656998,0.01160226296633482
22593,3,2,no_method_signal,multi_method_not_mmr,train,0.00016747832705732435,0.00026253904798068106,0.9607462286949158,0.022455524653196335,0.0005836655618622899,0.015784457325935364
22612,2,2,multi_method_not_mmr,multi_method_not_mmr,train,0.001017652451992035,0.0012009564088657498,0.5663330554962158,0.016933398321270943,0.00051329773850739,0.4140016734600067
22631,5,5,quant_only,quant_only,train,0.0021188706159591675,0.0006138960598036647,0.004278760869055986,0.002251985017210245,0.00012805456935893744,0.9906084537506104
22645,2,2,multi_method_not_mmr,multi_method_not_mmr,train,0.001343094278126955,0.0003121820045635104,0.7966793179512024,0.04212632775306702,0.0007459738408215344,0.15879301726818085
22685,5,5,quant_only,quant_only,train,0.0033276916947215796,0.0008936787489801645,0.0019957467447966337,0.0022054684814065695,0.00020283643971197307,0.9913745522499084
22734,5,5,quant_only,quant_only,train,0.00037021157913841307,0.0010433954885229468,0.12173648923635483,0.22799190878868103,0.04138750955462456,0.6074704527854919
22746,5,5,quant_only,quant_only,train,0.014565134420990944,0.004764269106090069,0.10451831668615341,0.004133955109864473,0.004960606340318918,0.8670576810836792
22778,3,3,no_method_signal,no_method_signal,train,0.0013276833342388272,0.00040755694499239326,0.01841864176094532,0.9791489243507385,0.000510275480337441,0.00018692953744903207
22787,0,1,explicit_mmr,implicit_mmr,train,0.32966697216033936,0.6412895321846008,0.001726740738376975,0.00016975222388282418,0.015278945676982403,0.011867981404066086
22832,0,0,explicit_mmr,explicit_mmr,train,0.7027891278266907,0.2887650728225708,0.0017306895460933447,0.00017524736176710576,0.0018418122781440616,0.0046979631297290325
22843,0,0,explicit_mmr,explicit_mmr,train,0.8052167296409607,0.18127617239952087,0.0028461182955652475,0.0004915836616419256,0.001180875115096569,0.0089885788038373
22847,0,1,explicit_mmr,implicit_mmr,train,0.4676313102245331,0.5176683068275452,0.00382638955488801,0.00011150602949783206,0.0019151298329234123,0.008847429417073727
22854,1,1,implicit_mmr,implicit_mmr,train,0.37879493832588196,0.5805367231369019,0.026430785655975342,0.00026890053413808346,0.005012343637645245,0.008956264704465866
22884,2,2,multi_method_not_mmr,multi_method_not_mmr,train,0.000314232223900035,0.0003324107965454459,0.8990902304649353,0.07572945207357407,0.0005361526273190975,0.02399754524230957
22895,5,2,quant_only,multi_method_not_mmr,train,0.006279635243117809,0.010206681676208973,0.5601776242256165,0.003368222853168845,0.000619339058175683,0.41934844851493835
22998,1,1,implicit_mmr,implicit_mmr,train,0.4618278741836548,0.5159004330635071,0.0008999088313430548,1.9188479200238362e-05,0.020035920664668083,0.0013165795244276524
23003,0,0,explicit_mmr,explicit_mmr,train,0.6750417351722717,0.04571940749883652,0.007861650548875332,0.003698111977428198,0.14172245562076569,0.12595656514167786
23010,0,0,explicit_mmr,explicit_mmr,train,0.9248818159103394,0.06384401023387909,0.00023265676281880587,6.18073099758476e-05,0.00948498398065567,0.0014946891460567713
23011,1,1,implicit_mmr,implicit_mmr,train,0.03689967468380928,0.7009286880493164,0.2046637386083603,0.00020923766714986414,0.0472501777112484,0.010048501193523407
23063,3,3,no_method_signal,no_method_signal,train,0.00020886420679744333,6.469398067565635e-05,0.2379675805568695,0.7439929246902466,0.003567769890651107,0.014198160730302334
23106,2,2,multi_method_not_mmr,multi_method_not_mmr,train,8.488712774123996e-05,0.00013825057249050587,0.9098622798919678,0.08630812168121338,0.0029585235752165318,0.0006479865405708551
23114,2,2,multi_method_not_mmr,multi_method_not_mmr,train,0.0007909412961453199,0.0004753109533339739,0.7328211665153503,0.057900283485651016,0.001774610485881567,0.20623773336410522
23119,1,1,implicit_mmr,implicit_mmr,train,0.3111111521720886,0.5589568018913269,0.0020747967064380646,3.914782791980542e-05,0.1253247708082199,0.002493278356269002
23125,1,1,implicit_mmr,implicit_mmr,train,0.04901528358459473,0.9243393540382385,0.011802613735198975,1.461258034396451e-05,0.002357057062909007,0.012470918707549572
23166,1,1,implicit_mmr,implicit_mmr,train,0.11921301484107971,0.8525059223175049,0.004817429929971695,0.00010431132977828383,0.0012390385381877422,0.022120360285043716
23167,1,1,implicit_mmr,implicit_mmr,train,0.08620033413171768,0.8792067170143127,0.0051043531857430935,0.00010092523734783754,0.0015303782420232892,0.027857257053256035
23172,1,4,implicit_mmr,qual_only,train,0.21651576459407806,0.37436577677726746,0.0038207899779081345,9.522509935777634e-05,0.40106967091560364,0.0041328235529363155
23176,0,1,explicit_mmr,implicit_mmr,train,0.37538281083106995,0.6154190301895142,0.001299738185480237,4.163092307862826e-05,0.0026359502226114273,0.005220938939601183
23188,4,4,qual_only,qual_only,train,0.01863209716975689,0.018929224461317062,0.0006895061233080924,0.00011024539708159864,0.9605703353881836,0.0010685493471100926
23190,4,4,qual_only,qual_only,train,0.05805211141705513,0.07773524522781372,0.0032440691720694304,0.00011382639786461368,0.858582615852356,0.002272105310112238
23198,5,1,quant_only,implicit_mmr,train,0.27317947149276733,0.4333305060863495,0.004357954952865839,0.0001077730194083415,0.28017356991767883,0.00885070115327835
23205,4,4,qual_only,qual_only,train,0.02098204381763935,0.019823681563138962,0.0006959898746572435,0.0001114224360208027,0.9573692083358765,0.0010176243958994746
23211,0,1,explicit_mmr,implicit_mmr,train,0.308937668800354,0.6412420868873596,0.006136709358543158,4.9125610530609265e-05,0.037848081439733505,0.005786377936601639
23232,0,0,explicit_mmr,explicit_mmr,train,0.5199658274650574,0.47022753953933716,0.0009116585133597255,8.974235242931172e-05,0.002936567412689328,0.005868636071681976
23233,0,0,explicit_mmr,explicit_mmr,train,0.88763827085495,0.10050446540117264,0.002461803611367941,0.0012708514695987105,0.0010689243208616972,0.007055658381432295
23234,1,1,implicit_mmr,implicit_mmr,train,0.3176388740539551,0.6037747859954834,0.004852947313338518,5.1912706112489104e-05,0.06637721508741379,0.007304233033210039
23253,1,1,implicit_mmr,implicit_mmr,train,0.4081583023071289,0.5795312523841858,0.0011061296099796891,5.921664705965668e-05,0.0034465135540813208,0.007698605768382549
23264,4,4,qual_only,qual_only,train,0.0005857499781996012,0.0009912255918607116,0.017888035625219345,0.000749902508687228,0.9795149564743042,0.00027020444395020604
23272,0,0,explicit_mmr,explicit_mmr,train,0.5495399832725525,0.031046699732542038,0.0803368091583252,0.0017272494733333588,0.0035413086879998446,0.33380797505378723
23285,0,0,explicit_mmr,explicit_mmr,train,0.9069021344184875,0.07238840311765671,0.00021594815189018846,6.910962838446721e-05,0.018742775544524193,0.0016816760180518031
23290,1,1,implicit_mmr,implicit_mmr,train,0.035898592323064804,0.9511784315109253,0.002741042524576187,9.870896064967383e-06,0.0032442156225442886,0.006927837617695332
23307,5,5,quant_only,quant_only,train,0.0023499424569308758,0.001189259230159223,0.1019304022192955,0.008135723881423473,0.0004640757106244564,0.8859305381774902
23311,0,0,explicit_mmr,explicit_mmr,train,0.9760061502456665,0.016642466187477112,0.00028805143665522337,0.0003692688187584281,0.0037639548536390066,0.002930054673925042
23315,5,5,quant_only,quant_only,train,0.00825334433466196,0.0013229488395154476,0.14441514015197754,0.007971731945872307,0.0009004351450130343,0.8371363878250122
23320,4,4,qual_only,qual_only,train,0.007793692406266928,0.029572855681180954,0.022674348205327988,0.0008888359880074859,0.9359328746795654,0.003137449733912945
23324,4,2,qual_only,multi_method_not_mmr,train,0.00850872602313757,0.059102531522512436,0.8604165315628052,0.01095427293330431,0.020086631178855896,0.04093138128519058
23341,0,0,explicit_mmr,explicit_mmr,train,0.9695676565170288,0.026362581178545952,0.0003852359368465841,0.00014326655946206301,0.0016098410123959184,0.0019313808297738433
23346,4,4,qual_only,qual_only,train,0.038753360509872437,0.04617534577846527,0.005324399098753929,7.316842675209045e-05,0.9092985987663269,0.0003751992480829358
23354,4,4,qual_only,qual_only,train,0.06785690784454346,0.09377845376729965,0.009634880349040031,0.00015392866043839604,0.827980637550354,0.0005951567436568439
23407,0,0,explicit_mmr,explicit_mmr,train,0.9647040367126465,0.027225429192185402,0.0009574430296197534,0.0002669858804438263,0.0005176831036806107,0.006328457035124302
23425,0,0,explicit_mmr,explicit_mmr,train,0.9508733153343201,0.04369041323661804,0.0008191920933313668,0.00011439482477726415,0.0010911233257502317,0.003411619458347559
23451,0,1,explicit_mmr,implicit_mmr,train,0.26669472455978394,0.40561357140541077,0.006278809625655413,8.190485095838085e-05,0.3148646056652069,0.00646635890007019
23453,0,0,explicit_mmr,explicit_mmr,train,0.9691969752311707,0.021912317723035812,0.0008962990250438452,0.0006901461747474968,0.0006720848614349961,0.00663221487775445
23456,5,5,quant_only,quant_only,train,0.002552532823756337,0.0006040243315510452,0.13436320424079895,0.013095349073410034,0.00035053023020736873,0.8490343689918518
23490,1,1,implicit_mmr,implicit_mmr,train,0.17624196410179138,0.8130274415016174,0.0019561341032385826,5.219144077273086e-05,0.0028784903697669506,0.005843784660100937
23494,1,1,implicit_mmr,implicit_mmr,train,0.41332894563674927,0.545052707195282,0.002951761009171605,2.0952038539689966e-05,0.03597833216190338,0.0026672978419810534
23512,0,0,explicit_mmr,explicit_mmr,train,0.9486581087112427,0.03479362651705742,0.00025224333512596786,8.284606883535162e-05,0.014375668950378895,0.0018376155057922006
23523,5,1,quant_only,implicit_mmr,train,0.21707814931869507,0.7320868372917175,0.017270810902118683,0.0003459111030679196,0.005157153122127056,0.02806122601032257
23529,0,0,explicit_mmr,explicit_mmr,train,0.5617697238922119,0.4295862019062042,0.0008668607333675027,5.6529192079324275e-05,0.004052013624459505,0.00366873643361032
23534,1,1,implicit_mmr,implicit_mmr,train,0.20534074306488037,0.7734774351119995,0.005250975489616394,5.4056876251706854e-05,0.005452319048345089,0.010424467734992504
23541,0,0,explicit_mmr,explicit_mmr,train,0.7088301777839661,0.28677454590797424,0.00043870267109014094,1.6554444300709292e-05,0.0025342069566249847,0.001405833987519145
23605,2,2,multi_method_not_mmr,multi_method_not_mmr,train,9.86079903668724e-05,0.0001030660787364468,0.9676551222801208,0.0241676215082407,0.0019415520364418626,0.006034178659319878
23625,0,0,explicit_mmr,explicit_mmr,train,0.9716348052024841,0.015424423851072788,0.0011831335723400116,0.0010000059846788645,0.0006469313520938158,0.010110616683959961
23626,0,0,explicit_mmr,explicit_mmr,train,0.8488510847091675,0.12466972321271896,0.00125766615383327,0.0006188938277773559,0.007274899166077375,0.01732766069471836
23667,2,2,multi_method_not_mmr,multi_method_not_mmr,train,0.012380567379295826,0.01746540702879429,0.7239373922348022,0.01958436518907547,0.004185047931969166,0.2224472314119339
23679,0,0,explicit_mmr,explicit_mmr,train,0.9346088767051697,0.06082330271601677,0.0006749538006260991,6.762878183508292e-05,0.0006998301250860095,0.003125501563772559
23688,1,1,implicit_mmr,implicit_mmr,train,0.09967370331287384,0.8438234329223633,0.005063394084572792,2.3831815269659273e-05,0.04494388774037361,0.006471755914390087
23700,0,0,explicit_mmr,explicit_mmr,train,0.883309543132782,0.08876476436853409,0.011688643135130405,0.00015618429461028427,0.0004996494390070438,0.015581111423671246
23705,0,0,explicit_mmr,explicit_mmr,train,0.7009833455085754,0.08356571197509766,0.12354925274848938,0.0004005625087302178,0.0020167899783700705,0.08948436379432678
23707,0,0,explicit_mmr,explicit_mmr,train,0.845373809337616,0.023984091356396675,0.0418466255068779,0.0013167805736884475,0.0006558068562299013,0.08682294934988022
23741,0,0,explicit_mmr,explicit_mmr,train,0.7380775213241577,0.25848838686943054,0.0008593969396315515,4.063390224473551e-05,0.00103349843993783,0.0015006376197561622
23744,0,0,explicit_mmr,explicit_mmr,train,0.5140438079833984,0.38006237149238586,0.08127650618553162,6.84889528201893e-05,0.015351160429418087,0.009197686798870564
23752,0,0,explicit_mmr,explicit_mmr,train,0.7993084788322449,0.19391874969005585,0.00145732460077852,4.277406333130784e-05,0.0008090872433967888,0.004463670309633017
23755,2,0,multi_method_not_mmr,explicit_mmr,train,0.7558608651161194,0.14523087441921234,0.07168436795473099,0.00018619770708028227,0.001963063608855009,0.02507469244301319
23807,3,3,no_method_signal,no_method_signal,train,4.9621368816588074e-05,0.00010063168156193569,0.16221970319747925,0.8294751048088074,0.0033337860368192196,0.004821194801479578
23808,1,1,implicit_mmr,implicit_mmr,train,0.08985370397567749,0.8899480104446411,0.00522342836484313,8.504897778038867e-06,0.013280839659273624,0.0016854286659508944
23809,1,1,implicit_mmr,implicit_mmr,train,0.1464100033044815,0.8356772661209106,0.004393117967993021,7.644212928425986e-06,0.011368921957910061,0.002142912009730935
23819,0,0,explicit_mmr,explicit_mmr,train,0.8420984745025635,0.1401762217283249,0.004670777358114719,0.0007345711346715689,0.0009123726049438119,0.011407524347305298
23838,0,0,explicit_mmr,explicit_mmr,train,0.5318000912666321,0.4606128931045532,0.0006910754600539804,9.592917194822803e-05,0.0018060838337987661,0.0049939532764256
23840,0,1,explicit_mmr,implicit_mmr,train,0.20922327041625977,0.5356122255325317,0.217157781124115,0.00024387695884797722,0.025118360295891762,0.012644457630813122
23856,4,4,qual_only,qual_only,train,0.00535849342122674,0.0031825611367821693,0.0064371624030172825,0.00021286348055582494,0.9844937920570374,0.00031507041421718895
23884,4,4,qual_only,qual_only,train,0.2173941284418106,0.06888265162706375,0.18805181980133057,0.0055709704756736755,0.4926831126213074,0.02741735428571701
23911,5,5,quant_only,quant_only,train,0.010815252549946308,0.002177945803850889,0.18468569219112396,0.005184090696275234,0.0004348619550000876,0.7967020869255066
23924,1,1,implicit_mmr,implicit_mmr,train,0.19136306643486023,0.6516612768173218,0.10643013566732407,0.00010936588660115376,0.021692315116524696,0.02874377928674221
23953,0,0,explicit_mmr,explicit_mmr,train,0.9678551554679871,0.021521080285310745,0.00020984628645237535,0.0003274470509495586,0.00741204246878624,0.002674306742846966
23956,0,0,explicit_mmr,explicit_mmr,train,0.952253520488739,0.044345613569021225,0.0007276642718352377,0.00010152212780667469,0.0017280714819207788,0.000843650137539953
23968,0,0,explicit_mmr,explicit_mmr,train,0.9715979695320129,0.023791106417775154,0.0002848251606337726,0.0002209184895036742,0.0022602665703743696,0.0018449921626597643
23980,0,0,explicit_mmr,explicit_mmr,train,0.9503718018531799,0.04455070570111275,0.0005796790355816483,8.006764255696908e-05,0.0009140825131908059,0.0035036371555179358
23985,5,5,quant_only,quant_only,train,0.006666687782853842,0.0029678151477128267,0.035606082528829575,0.0015651365974918008,0.0004394272982608527,0.9527548551559448
24018,2,2,multi_method_not_mmr,multi_method_not_mmr,train,0.00012529683590400964,0.00014968233881518245,0.9701637029647827,0.027037912979722023,0.0006096370052546263,0.001913654850795865
24058,4,4,qual_only,qual_only,train,0.0005634843255393207,0.0005955731030553579,0.008120146580040455,0.008474242873489857,0.980544924736023,0.0017015808261930943
24059,1,1,implicit_mmr,implicit_mmr,train,0.2829377055168152,0.6381939649581909,0.0031205560080707073,0.00020945737196598202,0.0694301426410675,0.0061081270687282085
24063,1,1,implicit_mmr,implicit_mmr,train,0.19001463055610657,0.4814125597476959,0.004205449018627405,0.0001301674492424354,0.3170243203639984,0.007212897762656212
24079,0,0,explicit_mmr,explicit_mmr,train,0.5757229924201965,0.30536144971847534,0.00110297289211303,7.471519347745925e-05,0.11633498966693878,0.0014028731966391206
24085,4,4,qual_only,qual_only,train,0.1124303787946701,0.06268580257892609,0.0012556269066408277,0.00013136937923263758,0.8221443295478821,0.001352451741695404
24091,0,1,explicit_mmr,implicit_mmr,train,0.25641337037086487,0.7302137613296509,0.0021727136336266994,1.0206768820353318e-05,0.008552632294595242,0.0026372603606432676
24092,0,1,explicit_mmr,implicit_mmr,train,0.277375191450119,0.7090031504631042,0.0012355037033557892,9.123913514486048e-06,0.011057649739086628,0.0013194462517276406
24111,3,5,no_method_signal,quant_only,train,0.02064376510679722,0.00048302742652595043,0.020980529487133026,0.17710226774215698,0.0005761676584370434,0.780214250087738
24137,4,4,qual_only,qual_only,train,0.0033089874777942896,0.0059511978179216385,0.020290056243538857,0.0002270269178552553,0.9699729084968567,0.0002498406101949513
24143,1,1,implicit_mmr,implicit_mmr,train,0.4820786118507385,0.5060912370681763,0.001968665048480034,7.015078153926879e-05,0.0026142282877117395,0.007177081424742937
24167,0,0,explicit_mmr,explicit_mmr,train,0.6449481844902039,0.3465282618999481,0.0011663826880976558,8.59929496073164e-05,0.0033054205123335123,0.003965848125517368
24169,2,2,multi_method_not_mmr,multi_method_not_mmr,train,0.00044188107131049037,0.000724558427464217,0.8905777335166931,0.04990085959434509,0.0005808591959066689,0.05777415260672569
24173,1,1,implicit_mmr,implicit_mmr,train,0.23355607688426971,0.6839610934257507,0.045848436653614044,4.050020652357489e-05,0.030052652582526207,0.006541197653859854
24188,2,2,multi_method_not_mmr,multi_method_not_mmr,train,0.00019157465430907905,0.0001482627703808248,0.9479737281799316,0.035859428346157074,0.000914738979190588,0.014912247657775879
24243,5,3,quant_only,no_method_signal,train,0.0039283717051148415,0.001800896949134767,0.21671468019485474,0.4396929442882538,0.0011253964621573687,0.33673763275146484
24250,2,2,multi_method_not_mmr,multi_method_not_mmr,train,8.862849790602922e-05,0.00019763277668971568,0.9714833498001099,0.02410520426928997,0.0018071086378768086,0.002318029059097171
24251,5,5,quant_only,quant_only,train,0.013292410410940647,0.015355022624135017,0.36186540126800537,0.02144806645810604,0.0027363942936062813,0.5853027105331421
24265,3,5,no_method_signal,quant_only,train,0.0030363681726157665,0.0013150408631190658,0.07671255618333817,0.41455772519111633,0.0004807703662663698,0.5038976073265076
24275,0,0,explicit_mmr,explicit_mmr,train,0.968515157699585,0.026716157793998718,0.0007438230677507818,0.00014833231398370117,0.0006735275965183973,0.0032029792200773954
24284,4,4,qual_only,qual_only,train,0.007426486350595951,0.005838821642100811,0.002901672851294279,8.71875963639468e-05,0.9835672378540039,0.00017852612654678524
24306,0,1,explicit_mmr,implicit_mmr,train,0.39652520418167114,0.5887408256530762,0.004735303111374378,1.642121424083598e-05,0.008333946578204632,0.0016483786748722196
24336,0,0,explicit_mmr,explicit_mmr,train,0.7575064301490784,0.2356884479522705,0.0025423304177820683,2.141724507964682e-05,0.0019304367015138268,0.00231094378978014
24367,4,1,qual_only,implicit_mmr,train,0.07960258424282074,0.5375988483428955,0.24255546927452087,0.0002017378283198923,0.1273956298828125,0.012645687907934189
24385,3,2,no_method_signal,multi_method_not_mmr,train,0.00023068579321261495,0.0012706208508461714,0.5828402638435364,0.31099408864974976,0.00643097935244441,0.09823329001665115
24392,5,5,quant_only,quant_only,train,0.0005533893709070981,0.0014234759146347642,0.0671955943107605,0.04323377460241318,0.0006570570985786617,0.8869366645812988
24404,1,1,implicit_mmr,implicit_mmr,train,0.19004487991333008,0.7971161603927612,0.002396592404693365,1.0626095900079235e-05,0.005079269874840975,0.00535251060500741
24416,2,2,multi_method_not_mmr,multi_method_not_mmr,train,0.0005811278824694455,0.0004457751056179404,0.7723336815834045,0.04600803926587105,0.001758165075443685,0.178873211145401
24443,5,2,quant_only,multi_method_not_mmr,train,0.0030850740149617195,0.011571905575692654,0.5381481051445007,0.008537070825695992,0.003570951521396637,0.4350868761539459
24447,0,0,explicit_mmr,explicit_mmr,train,0.9560380578041077,0.03849419206380844,0.000186999372090213,9.253856114810333e-05,0.0035228764172643423,0.0016653375932946801
24478,2,2,multi_method_not_mmr,multi_method_not_mmr,train,0.0005076633533462882,0.00028206920251250267,0.7903155088424683,0.05906073749065399,0.0015809339238330722,0.1482531726360321
24481,0,0,explicit_mmr,explicit_mmr,train,0.9439566135406494,0.051939304918050766,0.0003428489144425839,0.00010051814751932397,0.0010114130564033985,0.002649312373250723
24488,0,0,explicit_mmr,explicit_mmr,train,0.6365454196929932,0.3532012104988098,0.0006335696089081466,1.9329405404278077e-05,0.0077590043656528,0.0018414019141346216
24489,3,2,no_method_signal,multi_method_not_mmr,train,0.00020791029965039343,0.00014859650400467217,0.575669527053833,0.39792075753211975,0.004216007888317108,0.021837206557393074
24491,0,0,explicit_mmr,explicit_mmr,train,0.8859771490097046,0.1093941256403923,0.0005450010648928583,7.593804184580222e-05,0.000620816950686276,0.003387022064998746
24500,2,2,multi_method_not_mmr,multi_method_not_mmr,train,0.00021496694535017014,0.0003512270632199943,0.8916198015213013,0.083992600440979,0.02208011969923973,0.001741269719786942
24505,5,2,quant_only,multi_method_not_mmr,train,0.044177453964948654,0.10431287437677383,0.5948642492294312,0.0015612085117027164,0.003762675914913416,0.2513215243816376
24506,0,0,explicit_mmr,explicit_mmr,train,0.9139849543571472,0.07920540869235992,0.0008306881063617766,4.897502003586851e-05,0.0038298044819384813,0.0021002034191042185
24526,0,5,explicit_mmr,quant_only,train,0.2072199136018753,0.03026657924056053,0.1576896458864212,0.00565564539283514,0.020407192409038544,0.5787609815597534
24527,3,3,no_method_signal,no_method_signal,train,5.835962656419724e-05,4.906033427687362e-05,0.013412458822131157,0.9854713678359985,0.00030969997169449925,0.0006990917026996613
24565,1,0,implicit_mmr,explicit_mmr,train,0.5128487348556519,0.46928200125694275,0.0005811156588606536,0.0003181109786964953,0.009257976897060871,0.0077120643109083176
24570,5,4,quant_only,qual_only,train,0.08313705027103424,0.08063557744026184,0.014434946700930595,0.0002006359864026308,0.8157200217247009,0.005871741566807032
24576,1,0,implicit_mmr,explicit_mmr,train,0.5961664319038391,0.39470237493515015,0.000492558756377548,8.840672671794891e-05,0.0016787492204457521,0.006871453020721674
24589,0,0,explicit_mmr,explicit_mmr,train,0.5860676765441895,0.4076935946941376,0.0008499349351041019,9.02377905731555e-06,0.004217952955514193,0.0011619033757597208
24598,1,1,implicit_mmr,implicit_mmr,train,0.19915235042572021,0.7719692587852478,0.009321602061390877,5.697721280739643e-05,0.0028400325682014227,0.0166598130017519
24610,5,0,quant_only,explicit_mmr,train,0.5190595388412476,0.29661187529563904,0.017948316410183907,0.0006509834202006459,0.0015650630230084062,0.1641642153263092
24616,4,4,qual_only,qual_only,train,0.023110406473279,0.04383838549256325,0.005713452585041523,0.00010498299525352195,0.9251915216445923,0.0020412958692759275
24627,4,4,qual_only,qual_only,train,0.0012564262142404914,0.0012790687615051866,0.0015774955973029137,0.00018021484720520675,0.9955125451087952,0.00019422161858528852
24628,0,0,explicit_mmr,explicit_mmr,train,0.5644609928131104,0.4268256425857544,0.0017958180978894234,6.615272286580876e-05,0.002703134436160326,0.004148323554545641
24633,0,1,explicit_mmr,implicit_mmr,train,0.4005962908267975,0.5630979537963867,0.002761016134172678,5.547841283259913e-05,0.027804190292954445,0.005684977862983942
24637,0,1,explicit_mmr,implicit_mmr,train,0.4792500138282776,0.5115669965744019,0.0009569321991875768,5.55557016923558e-05,0.002484609605744481,0.005685864016413689
24644,0,0,explicit_mmr,explicit_mmr,train,0.630279004573822,0.33441221714019775,0.01809629239141941,0.0003997745516244322,0.002171662636101246,0.014641025103628635
24650,0,1,explicit_mmr,implicit_mmr,train,0.483674019575119,0.5067521333694458,0.001719403313472867,6.0448062868090346e-05,0.003935597371309996,0.0038583483546972275
24661,2,2,multi_method_not_mmr,multi_method_not_mmr,train,0.00010481921344762668,0.0003029876097571105,0.9802481532096863,0.014518807642161846,0.00296294828876853,0.001862198580056429
24698,2,5,multi_method_not_mmr,quant_only,train,0.3284037113189697,0.041102658957242966,0.2097701132297516,0.0023398788180202246,0.015263186767697334,0.4031205475330353
24789,1,1,implicit_mmr,implicit_mmr,train,0.29357147216796875,0.6549996733665466,0.010308178141713142,1.8069869838654995e-05,0.03857998922467232,0.0025225623976439238
24832,0,1,explicit_mmr,implicit_mmr,train,0.4836193919181824,0.496232271194458,0.0013952526496723294,0.0005016429931856692,0.006490913685411215,0.011760533787310123
24845,2,2,multi_method_not_mmr,multi_method_not_mmr,train,0.2100249081850052,0.05902253836393356,0.46039727330207825,0.0010481111239641905,0.0069578965194523335,0.2625493109226227
24893,5,5,quant_only,quant_only,train,0.0046847821213305,0.0029395229648798704,0.022988690063357353,0.0015922965249046683,0.00018294276378583163,0.9676117897033691
24933,5,5,quant_only,quant_only,train,0.0008735432056710124,0.0022066906094551086,0.08608799427747726,0.02080491930246353,0.0003937504952773452,0.8896331191062927
24949,0,0,explicit_mmr,explicit_mmr,train,0.5484259724617004,0.4450362026691437,0.0005647843354381621,2.0843232050538063e-05,0.0021242769435048103,0.003827947424724698
24953,4,1,qual_only,implicit_mmr,train,0.10321549326181412,0.6407349705696106,0.10186157375574112,6.531760300276801e-05,0.15065594017505646,0.0034667577128857374
24956,5,5,quant_only,quant_only,train,0.005694200750440359,0.00029336358420550823,0.03195013105869293,0.014375215396285057,0.0006412136717699468,0.9470458030700684
24957,4,4,qual_only,qual_only,train,0.1817246824502945,0.22339975833892822,0.0016628664452582598,0.00020420891814865172,0.5872966647148132,0.005711730569601059
24976,4,2,qual_only,multi_method_not_mmr,train,0.0020301786717027426,0.005075531080365181,0.8855540156364441,0.002445679157972336,0.10319233685731888,0.0017023459076881409
24990,4,4,qual_only,qual_only,train,0.0002641170285642147,0.0008758386829867959,0.20513516664505005,0.013125846162438393,0.7801331281661987,0.00046585960080847144
25021,0,0,explicit_mmr,explicit_mmr,train,0.9677128195762634,0.029611606150865555,0.00027177573065273464,0.00023254015832208097,0.0013038326287642121,0.0008673813426867127
25034,4,4,qual_only,qual_only,train,0.07095155119895935,0.09428855031728745,0.0011696498841047287,9.361813135910779e-05,0.8324100375175476,0.0010865558870136738
25043,0,2,explicit_mmr,multi_method_not_mmr,train,0.15915653109550476,0.2803347110748291,0.5105826258659363,0.00024189263058360666,0.020298505201935768,0.029385719448328018
25045,4,4,qual_only,qual_only,train,0.005980426445603371,0.0011031613685190678,0.0002581268490757793,0.0030739801004529,0.9890632033348083,0.0005211896495893598
25046,4,4,qual_only,qual_only,train,0.004941910970956087,0.0017879923107102513,0.0001302442979067564,0.0007921024225652218,0.991913914680481,0.0004337909340392798
25047,4,4,qual_only,qual_only,train,0.007814716547727585,0.0024372467305511236,0.0001782558101695031,0.0006448441417887807,0.9885164499282837,0.0004084536340087652
25068,4,4,qual_only,qual_only,train,0.007868160493671894,0.012442603707313538,0.0029995397198945284,0.0007249750779010355,0.9741350412368774,0.0018296822672709823
25076,0,0,explicit_mmr,explicit_mmr,train,0.6753907203674316,0.3182368874549866,0.0005467928713187575,2.2631427782471292e-05,0.003845794824883342,0.0019572724122554064
25090,5,5,quant_only,quant_only,train,0.0007559017976745963,0.0009869626956060529,0.3418619930744171,0.01295817457139492,0.003680421272292733,0.6397565603256226
25106,1,1,implicit_mmr,implicit_mmr,train,0.23730024695396423,0.7309705018997192,0.0051988051272928715,3.2872467272682115e-05,0.01994723081588745,0.006550474092364311
25107,1,1,implicit_mmr,implicit_mmr,train,0.3560349643230438,0.5218398571014404,0.0004405604558996856,9.763002162799239e-05,0.11677207052707672,0.004814997781068087
25111,1,1,implicit_mmr,implicit_mmr,train,0.360942006111145,0.5733990669250488,0.002008608775213361,2.9454246032400988e-05,0.05959660932421684,0.00402420200407505
25120,0,0,explicit_mmr,explicit_mmr,train,0.7903973460197449,0.18926338851451874,0.0068830884993076324,6.552398554049432e-05,0.002884265501052141,0.010506478138267994
25130,0,1,explicit_mmr,implicit_mmr,train,0.3179090619087219,0.6781154274940491,0.0009129874524660408,1.069154041033471e-05,0.0011626920895650983,0.0018891533836722374
25133,0,1,explicit_mmr,implicit_mmr,train,0.22083652019500732,0.6776491403579712,0.07475583255290985,7.188388553913683e-05,0.01645190641283989,0.010234645567834377
25134,0,0,explicit_mmr,explicit_mmr,train,0.4965919554233551,0.3973678946495056,0.0011204748880118132,4.299702413845807e-05,0.10271213948726654,0.0021645340602844954
25135,0,1,explicit_mmr,implicit_mmr,train,0.16263285279273987,0.6355522871017456,0.012548503465950489,4.255468229530379e-05,0.18629004061222076,0.002933803014457226
25137,0,0,explicit_mmr,explicit_mmr,train,0.7573941946029663,0.19577661156654358,0.0016962186200544238,3.439246574998833e-05,0.04356867074966431,0.0015298717189580202
25163,1,0,implicit_mmr,explicit_mmr,train,0.7293168902397156,0.26181381940841675,0.002552254358306527,2.9438720957841724e-05,0.002046976936981082,0.004240678157657385
25171,0,0,explicit_mmr,explicit_mmr,train,0.8832777738571167,0.08693980425596237,0.02088569477200508,0.00010421737533761188,0.0022102443035691977,0.00658233929425478
25184,1,1,implicit_mmr,implicit_mmr,train,0.262487530708313,0.6301632523536682,0.07073786854743958,4.666599852498621e-05,0.027752850204706192,0.008811865001916885
25192,1,1,implicit_mmr,implicit_mmr,train,0.2927391827106476,0.6576606631278992,0.010122617706656456,3.1483417842537165e-05,0.03131307289004326,0.008132928982377052
25195,5,0,quant_only,explicit_mmr,train,0.8976607322692871,0.05130191519856453,0.016492484137415886,0.0003153067664243281,0.0007652604253962636,0.03346417844295502
25222,0,0,explicit_mmr,explicit_mmr,train,0.9157630801200867,0.06204485893249512,0.010049899108707905,9.419606067240238e-05,0.0004772668471559882,0.011570638976991177
25277,0,1,explicit_mmr,implicit_mmr,train,0.3689976632595062,0.5731903314590454,0.00799688883125782,2.7568774385144934e-05,0.04604215919971466,0.0037455130368471146
25279,5,5,quant_only,quant_only,train,0.010019094683229923,0.008025161921977997,0.263641893863678,0.015631139278411865,0.0016368308570235968,0.7010459899902344
25280,0,0,explicit_mmr,explicit_mmr,train,0.6712337732315063,0.32046952843666077,0.0008668075897730887,4.049039853271097e-05,0.004109519533813,0.0032798617612570524
25285,0,1,explicit_mmr,implicit_mmr,train,0.4757438898086548,0.5182104110717773,0.0023490218445658684,1.5095328308234457e-05,0.0018966540228575468,0.0017850027652457356
25318,1,1,implicit_mmr,implicit_mmr,train,0.19007089734077454,0.4816674292087555,0.004205579403787851,0.000130137283122167,0.31671059131622314,0.0072155604138970375
25320,2,1,multi_method_not_mmr,implicit_mmr,train,0.08383667469024658,0.6016165018081665,0.2791880667209625,0.0001476799079682678,0.02795635350048542,0.0072548347525298595
25336,0,0,explicit_mmr,explicit_mmr,train,0.759610652923584,0.2211373746395111,0.00822329893708229,5.389590296545066e-05,0.00774372136220336,0.003231149399653077
25360,5,5,quant_only,quant_only,train,0.0013519201893359423,0.0008190314983949065,0.08416546881198883,0.00636779610067606,0.00042555617983452976,0.9068702459335327
25429,1,2,implicit_mmr,multi_method_not_mmr,train,0.02131085842847824,0.22112727165222168,0.5103937387466431,0.0004442256467882544,0.06500845402479172,0.1817154735326767
25431,0,1,explicit_mmr,implicit_mmr,train,0.35296082496643066,0.6148377060890198,0.008273987099528313,0.00039925292367115617,0.004163067322224379,0.01936514303088188
25490,1,1,implicit_mmr,implicit_mmr,train,0.24197815358638763,0.7463861703872681,0.002041831612586975,1.0916231076407712e-05,0.006237012334167957,0.003345868084579706
25497,2,2,multi_method_not_mmr,multi_method_not_mmr,train,0.0027568794321268797,0.03815406933426857,0.9108546376228333,0.004890177398920059,0.03078707493841648,0.012556984089314938
25512,1,1,implicit_mmr,implicit_mmr,train,0.31352341175079346,0.6757445335388184,0.0012074678670614958,1.1742117749236058e-05,0.006392151582986116,0.0031207825522869825
25514,0,1,explicit_mmr,implicit_mmr,train,0.36280378699302673,0.6219714283943176,0.005538458004593849,2.5873183403746225e-05,0.004766157828271389,0.004894197452813387
25523,4,4,qual_only,qual_only,train,0.23766422271728516,0.14380963146686554,0.0012534584384411573,0.00010040934284916148,0.6157324314117432,0.0014398201601579785
25526,0,0,explicit_mmr,explicit_mmr,train,0.5924397110939026,0.3800537884235382,0.022130412980914116,5.681619586539455e-05,0.003053698455914855,0.002265593269839883
25531,0,1,explicit_mmr,implicit_mmr,train,0.24397805333137512,0.5847494602203369,0.025069670751690865,3.180761632393114e-05,0.1451263427734375,0.0010446890955790877
25535,1,0,implicit_mmr,explicit_mmr,train,0.9241535067558289,0.05664236471056938,0.00020810474234167486,0.00011408713180571795,0.017896167933940887,0.0009856174001470208
25553,1,1,implicit_mmr,implicit_mmr,train,0.05927100032567978,0.9183839559555054,0.00280940649099648,2.4479060812154785e-05,0.011392130516469479,0.008119075559079647
25554,1,1,implicit_mmr,implicit_mmr,train,0.09156980365514755,0.877448558807373,0.0012007305631414056,3.586126331356354e-05,0.0196140818297863,0.010130996815860271
25563,0,0,explicit_mmr,explicit_mmr,train,0.675970196723938,0.3143270015716553,0.001213550684042275,0.00014323666982818395,0.0016405339119955897,0.006705399136990309
25571,2,2,multi_method_not_mmr,multi_method_not_mmr,train,0.0003224297834094614,0.0003668938297778368,0.9248647093772888,0.02247646264731884,0.0005178364226594567,0.05145163834095001
25617,4,3,qual_only,no_method_signal,train,0.000725309073459357,0.00024651712737977505,0.3588229715824127,0.4810338616371155,0.1495022028684616,0.009669126942753792
25628,2,2,multi_method_not_mmr,multi_method_not_mmr,train,0.0005869716987945139,0.001559136202558875,0.9643688797950745,0.004892928991466761,0.002267001662403345,0.026325125247240067
25652,2,2,multi_method_not_mmr,multi_method_not_mmr,train,0.04468255117535591,0.06350640952587128,0.7557817697525024,0.0007787869544699788,0.009735111147165298,0.12551535665988922
25656,3,5,no_method_signal,quant_only,train,0.00286524323746562,0.003585467115044594,0.3353341221809387,0.13607649505138397,0.01766367442905903,0.5044749975204468
25667,3,3,no_method_signal,no_method_signal,train,0.014408762566745281,0.0019152972381561995,0.010378190316259861,0.6343994140625,0.0007101809023879468,0.338188111782074
25670,2,2,multi_method_not_mmr,multi_method_not_mmr,train,0.0004073261807207018,0.0004813414707314223,0.894673764705658,0.05261143296957016,0.0005145467584952712,0.05131170153617859
25680,3,3,no_method_signal,no_method_signal,train,0.005277969408780336,0.0013973815366625786,0.014923899434506893,0.7476146817207336,0.0006705259438604116,0.23011554777622223
25702,3,2,no_method_signal,multi_method_not_mmr,train,0.0001333394757239148,0.00016126755508594215,0.5568174123764038,0.4381190836429596,0.0027583918999880552,0.002010504249483347
25757,0,0,explicit_mmr,explicit_mmr,train,0.573746919631958,0.35411614179611206,0.054293014109134674,6.255929474718869e-05,0.0033031038474291563,0.014478270895779133
25765,5,1,quant_only,implicit_mmr,train,0.2763460576534271,0.7021292448043823,0.004512487910687923,1.5349596651503816e-05,0.012553812004625797,0.004443178419023752
25770,1,4,implicit_mmr,qual_only,train,0.2691648304462433,0.21952396631240845,0.19215193390846252,0.001232252805493772,0.30548009276390076,0.01244694460183382
25771,2,2,multi_method_not_mmr,multi_method_not_mmr,train,0.05217155069112778,0.15813268721103668,0.7543894648551941,0.0003916817659046501,0.007140961475670338,0.02777368389070034
25788,2,2,multi_method_not_mmr,multi_method_not_mmr,train,0.031371183693408966,0.13542689383029938,0.8063239455223083,0.00251129362732172,0.009511465206742287,0.014855281449854374
25789,0,0,explicit_mmr,explicit_mmr,train,0.7809877395629883,0.2086285799741745,0.0016296387184411287,2.830613993864972e-05,0.00048782717203721404,0.00823795422911644
25812,2,2,multi_method_not_mmr,multi_method_not_mmr,train,0.000172978121554479,0.002501033479347825,0.9419936537742615,0.02120548114180565,0.027919253334403038,0.0062075513415038586
25813,3,3,no_method_signal,no_method_signal,train,3.753116470761597e-05,7.313164678635076e-05,0.09731737524271011,0.8967543840408325,0.005332833155989647,0.0004846645169891417
25815,5,5,quant_only,quant_only,train,0.00087031873408705,0.0002760157221928239,0.0012538027949631214,0.01928091235458851,8.615904516773298e-05,0.978232741355896
25816,5,5,quant_only,quant_only,train,0.0008813391323201358,0.00026872302987612784,0.0013807964278385043,0.02169785648584366,0.00010094639583257958,0.9756703972816467
25817,5,5,quant_only,quant_only,train,0.00011489434109535068,0.00020486017456278205,0.04964829981327057,0.318933367729187,0.0014634485123679042,0.6296351552009583
25820,0,0,explicit_mmr,explicit_mmr,train,0.9791841506958008,0.015282521955668926,0.00029458041535690427,0.00039658069727011025,0.00307682016864419,0.0017653506947681308
25823,0,0,explicit_mmr,explicit_mmr,train,0.9372947216033936,0.04845304414629936,0.0002452544285915792,0.00010990046575898305,0.011199434287846088,0.002697645453736186
25827,0,1,explicit_mmr,implicit_mmr,train,0.3910611569881439,0.43977445363998413,0.05952813848853111,0.00018282252131029963,0.08727476745843887,0.022178545594215393
25831,1,1,implicit_mmr,implicit_mmr,train,0.27290940284729004,0.6822400093078613,0.012019562534987926,1.5989793610060588e-05,0.03172793611884117,0.0010870198020711541
25843,0,0,explicit_mmr,explicit_mmr,train,0.9791850447654724,0.015281778760254383,0.00029458687640726566,0.0003965621581301093,0.0030766732525080442,0.001765259774401784
25845,4,4,qual_only,qual_only,train,0.07392728328704834,0.24170920252799988,0.3348073959350586,0.0006590260309167206,0.34579551219940186,0.0031015134882181883
25855,4,4,qual_only,qual_only,train,0.09520779550075531,0.10924577713012695,0.009043881669640541,0.00016216401127167046,0.7819142937660217,0.004426038824021816
25858,0,0,explicit_mmr,explicit_mmr,train,0.8584073185920715,0.1360495388507843,0.00023849669378250837,4.1808703826973215e-05,0.00042771463631652296,0.004834960214793682
25887,1,1,implicit_mmr,implicit_mmr,train,0.36151906847953796,0.6106755137443542,0.0024842098355293274,3.7287496525095776e-05,0.020751502364873886,0.004532395862042904
25901,5,5,quant_only,quant_only,train,0.0009900960139930248,0.0002530862984713167,0.06743338704109192,0.023844771087169647,0.000804951589088887,0.9066737294197083
25904,0,0,explicit_mmr,explicit_mmr,train,0.9399970769882202,0.05405774340033531,0.000194936350453645,5.5382392019964755e-05,0.0036030125338584185,0.002091755857691169
25928,2,2,multi_method_not_mmr,multi_method_not_mmr,train,0.0006210493156686425,0.003686098149046302,0.7728874087333679,0.07819051295518875,0.0061266147531569,0.1384882926940918
25938,4,4,qual_only,qual_only,train,0.03785591572523117,0.05637286975979805,0.0034934061113744974,9.620196942705661e-05,0.9004665613174438,0.001715055899694562
25940,2,1,multi_method_not_mmr,implicit_mmr,train,0.39301323890686035,0.5828641653060913,0.009538749232888222,2.9261997042340226e-05,0.01146500464528799,0.003089614911004901
25980,3,3,no_method_signal,no_method_signal,train,8.774195885052904e-05,0.00010539865616010502,0.24621997773647308,0.7514730095863342,0.0018918827408924699,0.00022201986575964838
26027,0,0,explicit_mmr,explicit_mmr,train,0.9411882162094116,0.052544720470905304,0.0005448065348900855,0.00016938977933023125,0.0010018025059252977,0.00455101951956749
26059,5,0,quant_only,explicit_mmr,train,0.483535498380661,0.019908880814909935,0.014940930530428886,0.0014426872367039323,0.0015559870516881347,0.478615939617157
26071,1,1,implicit_mmr,implicit_mmr,train,0.2620420753955841,0.7307554483413696,0.0007206036825664341,7.338145223911852e-06,0.004769772756844759,0.0017047711880877614
26078,0,0,explicit_mmr,explicit_mmr,train,0.571203887462616,0.42080914974212646,0.0006738360971212387,1.9842178517137654e-05,0.005383203737437725,0.0019101636717095971
26099,1,1,implicit_mmr,implicit_mmr,train,0.3246951997280121,0.6595664620399475,0.0023819347843527794,1.25781079987064e-05,0.011111973784863949,0.0022319217678159475
26111,1,1,implicit_mmr,implicit_mmr,train,0.32298028469085693,0.6702430248260498,0.0022473130375146866,9.57068732532207e-06,0.0025531852152198553,0.0019666424486786127
26118,1,1,implicit_mmr,implicit_mmr,train,0.16225920617580414,0.829850971698761,0.001053250627592206,6.967094122956041e-06,0.004433578811585903,0.0023961015976965427
26121,0,0,explicit_mmr,explicit_mmr,train,0.8619793653488159,0.1299332082271576,0.00038118238444440067,3.567893145373091e-05,0.006759468466043472,0.0009110486716963351
26122,0,0,explicit_mmr,explicit_mmr,train,0.9445740580558777,0.05166185274720192,0.0004527715500444174,5.133869854034856e-05,0.0016253239009529352,0.0016347093041986227
26128,0,0,explicit_mmr,explicit_mmr,train,0.9136658310890198,0.07986323535442352,0.0014371711295098066,8.09554840088822e-05,0.00328015792183578,0.001672634738497436
26131,1,1,implicit_mmr,implicit_mmr,train,0.25211063027381897,0.7397682666778564,0.0016296100802719593,8.89876810106216e-06,0.0038933982141315937,0.002589290728792548
26159,2,2,multi_method_not_mmr,multi_method_not_mmr,train,0.0003896697598975152,0.004153161309659481,0.9349328875541687,0.02638610452413559,0.012876708060503006,0.021261442452669144
26173,1,1,implicit_mmr,implicit_mmr,train,0.41360390186309814,0.5126677751541138,0.001236393116414547,4.098221324966289e-05,0.07058864086866379,0.0018622108036652207
26222,4,4,qual_only,qual_only,train,0.0035217255353927612,0.002572650322690606,0.0007614787900820374,8.216918649850413e-05,0.9929169416427612,0.00014499954704660922
26239,0,0,explicit_mmr,explicit_mmr,train,0.5599887371063232,0.43187442421913147,0.0008579519344493747,6.17458499618806e-05,0.0031386977061629295,0.0040784478187561035
26241,1,1,implicit_mmr,implicit_mmr,train,0.4253517985343933,0.5654353499412537,0.0005124376621097326,6.423397280741483e-05,0.003381796646863222,0.005254359450191259
26254,0,1,explicit_mmr,implicit_mmr,train,0.4539546072483063,0.5069552063941956,0.0022067264653742313,7.657707465114072e-05,0.034242212772369385,0.0025646905414760113
26275,1,1,implicit_mmr,implicit_mmr,train,0.3852215111255646,0.5469532012939453,0.002019573003053665,5.4542797442991287e-05,0.06057650223374367,0.005174634978175163
26283,0,1,explicit_mmr,implicit_mmr,train,0.3693625032901764,0.6159695982933044,0.0017111562192440033,4.2671599658206105e-05,0.0073025524616241455,0.005611524451524019
26285,0,0,explicit_mmr,explicit_mmr,train,0.7995747327804565,0.18402332067489624,0.0043233539909124374,0.0005917580565437675,0.0008981156861409545,0.01058872975409031
26291,0,0,explicit_mmr,explicit_mmr,train,0.4891709089279175,0.11353258043527603,0.0007612186018377542,0.00015954503032844514,0.3949546813964844,0.001420981832779944
26294,0,1,explicit_mmr,implicit_mmr,train,0.3234463930130005,0.346401184797287,0.0028206442948430777,4.733586683869362e-05,0.32574525475502014,0.0015393103240057826
26298,2,2,multi_method_not_mmr,multi_method_not_mmr,train,0.0021916800178587437,0.014290578663349152,0.6431952118873596,0.0026763123460114002,0.012652953155338764,0.32499322295188904
26304,0,0,explicit_mmr,explicit_mmr,train,0.714736819267273,0.20533250272274017,0.04870233312249184,0.00028124605887569487,0.0163256898522377,0.014621282927691936
26327,0,0,explicit_mmr,explicit_mmr,train,0.6407849192619324,0.35199421644210815,0.001079320558346808,1.313375832978636e-05,0.004389615263789892,0.001738723716698587
26347,0,4,explicit_mmr,qual_only,train,0.11846375465393066,0.07094597071409225,0.1814330667257309,0.003674008883535862,0.577805757522583,0.047677453607320786
26350,0,1,explicit_mmr,implicit_mmr,train,0.04738685116171837,0.7131582498550415,0.1961866170167923,0.0002188403595937416,0.018646828830242157,0.024402689188718796
26357,0,1,explicit_mmr,implicit_mmr,train,0.39532747864723206,0.5448381304740906,0.0042355963960289955,4.627694943337701e-05,0.051204994320869446,0.004347585141658783
26369,0,1,explicit_mmr,implicit_mmr,train,0.0999508798122406,0.8029953837394714,0.06972412019968033,4.201422052574344e-05,0.02428126521408558,0.0030063216108828783
26398,1,5,implicit_mmr,quant_only,train,0.35034361481666565,0.12107942998409271,0.008774549700319767,0.014233681373298168,0.0023588119074702263,0.5032098889350891
26401,2,2,multi_method_not_mmr,multi_method_not_mmr,train,0.002658356912434101,0.007672736421227455,0.7455315589904785,0.0034645148552954197,0.00774020841345191,0.23293253779411316
26402,2,2,multi_method_not_mmr,multi_method_not_mmr,train,0.002957566175609827,0.015306784771382809,0.9075918197631836,0.0012559087481349707,0.019445713609457016,0.05344225838780403
26405,0,1,explicit_mmr,implicit_mmr,train,0.4502891004085541,0.534185528755188,0.008122154511511326,0.00013275824312586337,0.0025818643625825644,0.004688647575676441
26421,0,1,explicit_mmr,implicit_mmr,train,0.45795246958732605,0.46163690090179443,0.002281912136822939,1.9831022655125707e-05,0.0770052894949913,0.0011035663774237037
26436,0,0,explicit_mmr,explicit_mmr,train,0.9050782322883606,0.09049233049154282,0.0016591660678386688,7.96464883023873e-05,0.0009250612929463387,0.0017656105337664485
26439,0,0,explicit_mmr,explicit_mmr,train,0.8766279220581055,0.11708531528711319,0.002689165063202381,3.0246830647229217e-05,0.00212818942964077,0.001439155195839703
26444,0,1,explicit_mmr,implicit_mmr,train,0.2804940938949585,0.40092992782592773,0.0047075762413442135,8.44527967274189e-05,0.3101910650730133,0.003592884400859475
26447,4,0,qual_only,explicit_mmr,train,0.40267831087112427,0.32977238297462463,0.0038722516037523746,4.086237822775729e-05,0.26190459728240967,0.0017317028250545263
26452,5,5,quant_only,quant_only,train,0.008783670142292976,0.0011678100563585758,0.04910768195986748,0.011404799297451973,0.001399021944962442,0.9281370043754578
26471,5,5,quant_only,quant_only,train,0.007967112585902214,0.002381684957072139,0.15017355978488922,0.003353531239554286,0.00033774017356336117,0.8357863426208496
26522,0,1,explicit_mmr,implicit_mmr,train,0.30562272667884827,0.674290657043457,0.015058089047670364,2.961737845907919e-05,0.002323059132322669,0.0026759253814816475
26523,0,0,explicit_mmr,explicit_mmr,train,0.9231046438217163,0.05641578510403633,0.0002081754500977695,0.00011021679529221728,0.019068516790866852,0.0010926275281235576
26526,0,0,explicit_mmr,explicit_mmr,train,0.9621259570121765,0.034411296248435974,0.0008120539132505655,9.40754689509049e-05,0.0010881954804062843,0.001468402100726962
26534,4,4,qual_only,qual_only,train,0.04809052124619484,0.16682539880275726,0.014357204549014568,8.033659833017737e-05,0.7696296572685242,0.0010168750304728746
26548,0,0,explicit_mmr,explicit_mmr,train,0.6157130002975464,0.06436651945114136,0.1098145917057991,0.0008694225689396262,0.008866849355399609,0.20036962628364563
26571,0,0,explicit_mmr,explicit_mmr,train,0.9671693444252014,0.024923507124185562,0.001326684607192874,0.00017714880232233554,0.0005725008668377995,0.0058307526633143425
26576,0,5,explicit_mmr,quant_only,train,0.22522591054439545,0.014082100242376328,0.018947862088680267,0.0011819686042144895,0.000314781122142449,0.7402474284172058
26591,0,0,explicit_mmr,explicit_mmr,train,0.8971210718154907,0.09624781459569931,0.0014996621757745743,0.00012059298751410097,0.0024669780395925045,0.0025436419527977705
26595,0,0,explicit_mmr,explicit_mmr,train,0.9027749300003052,0.09372777491807938,0.000586838461458683,2.9266017008922063e-05,0.0011999186826869845,0.0016812472604215145
26600,0,0,explicit_mmr,explicit_mmr,train,0.9423831105232239,0.04842506721615791,0.002701972611248493,8.488733874401078e-05,0.000581767235416919,0.005823126994073391
26601,0,0,explicit_mmr,explicit_mmr,train,0.902945876121521,0.08420896530151367,0.004818510729819536,5.933387001277879e-05,0.0005134984967298806,0.00745383370667696
26608,0,0,explicit_mmr,explicit_mmr,train,0.9159094095230103,0.06566169857978821,0.010858824476599693,0.0002390834124526009,0.0005636184359900653,0.0067672342993319035
26609,0,0,explicit_mmr,explicit_mmr,train,0.9699752926826477,0.023052580654621124,0.0008845232077874243,0.00023548862372990698,0.0005907000158913434,0.005261228419840336
26611,0,0,explicit_mmr,explicit_mmr,train,0.9329169988632202,0.059743236750364304,0.002225047443062067,0.00033881812123581767,0.0004222984134685248,0.004353524185717106
26616,0,0,explicit_mmr,explicit_mmr,train,0.9681771397590637,0.02865755185484886,0.0005366113618947566,0.00013678678078576922,0.0016069543780758977,0.0008849652367644012
26630,1,1,implicit_mmr,implicit_mmr,train,0.3620757758617401,0.5504108667373657,0.06524034589529037,4.605103822541423e-05,0.015225346200168133,0.007001603487879038
26631,0,0,explicit_mmr,explicit_mmr,train,0.9579573273658752,0.034715715795755386,0.000406281411414966,0.00024977928842417896,0.0007271685753948987,0.00594370299950242
26641,0,0,explicit_mmr,explicit_mmr,train,0.8751847147941589,0.028500786051154137,0.03452487289905548,0.0007012967835180461,0.0011277837911620736,0.0599604994058609
26643,0,0,explicit_mmr,explicit_mmr,train,0.9047552347183228,0.06171957403421402,0.01851649023592472,0.0004305680631659925,0.0010275059612467885,0.01355055719614029
26645,5,0,quant_only,explicit_mmr,train,0.5795540809631348,0.025173408910632133,0.11205767840147018,0.0011583577143028378,0.0014752140268683434,0.2805813252925873
26661,4,4,qual_only,qual_only,train,0.005679429974406958,0.00236524804495275,0.00015198173059616238,0.0003894379478879273,0.9910799860954285,0.0003338541428092867
26670,0,0,explicit_mmr,explicit_mmr,train,0.9718050956726074,0.023412808775901794,0.00028664502315223217,0.0002269498072564602,0.0024178491439670324,0.0018506780033931136
26680,0,0,explicit_mmr,explicit_mmr,train,0.5849713683128357,0.40903162956237793,0.0014258141163736582,1.229875397257274e-05,0.0022261706180870533,0.0023327830713242292
26681,0,0,explicit_mmr,explicit_mmr,train,0.828974723815918,0.16468845307826996,0.000605050299782306,1.731960401230026e-05,0.004907846450805664,0.0008065352449193597
26693,4,4,qual_only,qual_only,train,0.07968304306268692,0.21478913724422455,0.33221936225891113,0.0004106628766749054,0.3670494854450226,0.005848177243024111
26761,0,1,explicit_mmr,implicit_mmr,train,0.06208745017647743,0.4095066487789154,0.1394413709640503,0.00013618948287330568,0.3712000548839569,0.01762816682457924
26795,0,0,explicit_mmr,explicit_mmr,train,0.944495677947998,0.04966209828853607,0.00020567407773341984,7.30760584701784e-05,0.0040880595333874226,0.0014754318399354815
26796,0,0,explicit_mmr,explicit_mmr,train,0.49096256494522095,0.3332420885562897,0.0020442584063857794,4.874675505561754e-05,0.17191727459430695,0.0017850500298663974
26816,0,0,explicit_mmr,explicit_mmr,train,0.9569054245948792,0.03809758648276329,0.00045369850704446435,5.5645505199208856e-05,0.0014516101218760014,0.0030361732933670282
26820,0,0,explicit_mmr,explicit_mmr,train,0.9185866713523865,0.07427053898572922,0.0016535748727619648,0.0009260750375688076,0.0006752490880899131,0.003887882689014077
26821,0,0,explicit_mmr,explicit_mmr,train,0.8477024435997009,0.13260938227176666,0.0005214950069785118,0.0015195220476016402,0.009603743441402912,0.008043431676924229
26822,0,0,explicit_mmr,explicit_mmr,train,0.9161809682846069,0.07637852430343628,0.0017524824943393469,0.0008696296135894954,0.0007121898815967143,0.004106265027076006
26823,0,0,explicit_mmr,explicit_mmr,train,0.9421285390853882,0.04888938367366791,0.0018245105165988207,0.001442727167159319,0.0004424238868523389,0.005272409878671169
26824,0,0,explicit_mmr,explicit_mmr,train,0.8476930260658264,0.13263185322284698,0.0005217210273258388,0.0015192442806437612,0.009593000635504723,0.008041325025260448
26841,0,1,explicit_mmr,implicit_mmr,train,0.31871891021728516,0.5994395017623901,0.003441943321377039,3.284757258370519e-05,0.07351111620664597,0.004855633247643709
26844,1,1,implicit_mmr,implicit_mmr,train,0.05727868899703026,0.9117604494094849,0.022655537351965904,2.601918822620064e-05,0.004273952450603247,0.004005497321486473
26846,1,1,implicit_mmr,implicit_mmr,train,0.059801872819662094,0.9093506336212158,0.023279156535863876,2.8528860639198683e-05,0.003011655528098345,0.00452826451510191
26847,1,1,implicit_mmr,implicit_mmr,train,0.21889381110668182,0.7667149305343628,0.005552475340664387,9.992034392780624e-06,0.005684923846274614,0.003143843961879611
26873,1,1,implicit_mmr,implicit_mmr,train,0.3014909327030182,0.6120627522468567,0.012023323215544224,1.4468026165559422e-05,0.07284221798181534,0.001566349295899272
26959,2,2,multi_method_not_mmr,multi_method_not_mmr,train,0.00850927084684372,0.09319616854190826,0.843518853187561,0.001225244370289147,0.010461801663041115,0.04308866336941719
26961,0,0,explicit_mmr,explicit_mmr,train,0.9424769282341003,0.047761667519807816,0.0003025365876965225,7.244754669955e-05,0.008241800591349602,0.0011446273420006037
26965,4,4,qual_only,qual_only,train,0.004253349732607603,0.0038707656785845757,0.001180610852316022,0.0001608271850273013,0.9901995062828064,0.0003348684695083648
26976,3,3,no_method_signal,no_method_signal,train,0.00017436154303140938,0.00010177890362683684,0.41796839237213135,0.5803624987602234,0.0010123312240466475,0.00038064562249928713
26984,1,0,implicit_mmr,explicit_mmr,train,0.6542232036590576,0.33389508724212646,0.0011536128586158156,1.934034844452981e-05,0.009512411430478096,0.0011963327415287495
26986,0,0,explicit_mmr,explicit_mmr,train,0.7461759448051453,0.2410220503807068,0.0005838833167217672,2.8326528990874067e-05,0.01142349373549223,0.0007663122960366309
26995,4,4,qual_only,qual_only,train,0.0676344782114029,0.060790352523326874,0.0019621597602963448,0.00010329776705475524,0.8678873777389526,0.0016223379643633962
26999,0,1,explicit_mmr,implicit_mmr,train,0.22331197559833527,0.7230193614959717,0.04213067144155502,5.602896635537036e-05,0.006481125019490719,0.00500084925442934
27020,3,3,no_method_signal,no_method_signal,train,0.001473278971388936,0.0003192600852344185,0.01650971733033657,0.9809087514877319,0.000628452398814261,0.0001605242578079924
27040,0,1,explicit_mmr,implicit_mmr,train,0.3446439802646637,0.5805537700653076,0.03300337865948677,0.0001205918233608827,0.023171231150627136,0.01850711740553379
27050,1,1,implicit_mmr,implicit_mmr,train,0.4657343029975891,0.5112654566764832,0.0023563478607684374,0.00034293896169401705,0.009248784743249416,0.011052181012928486
27059,0,0,explicit_mmr,explicit_mmr,train,0.6752598881721497,0.31403595209121704,0.0011669168015941978,0.00013018630852457136,0.003558294614776969,0.005848804488778114
27063,0,1,explicit_mmr,implicit_mmr,train,0.47414645552635193,0.4910256266593933,0.0039983405731618404,5.993733793729916e-05,0.02693421021103859,0.003835398703813553
27071,1,1,implicit_mmr,implicit_mmr,train,0.31729212403297424,0.6652177572250366,0.006287706550210714,0.0001229595800396055,0.004826628603041172,0.0062528084963560104
27077,0,1,explicit_mmr,implicit_mmr,train,0.24873769283294678,0.7262348532676697,0.003507898887619376,0.0006373869255185127,0.004237302578985691,0.016645008698105812
27078,2,2,multi_method_not_mmr,multi_method_not_mmr,train,0.000417818664573133,0.00011776072642533109,0.9682762622833252,0.026400431990623474,0.0008447827422060072,0.0039429087191820145
27102,2,2,multi_method_not_mmr,multi_method_not_mmr,train,0.0010782080935314298,0.0012049060314893723,0.8471532464027405,0.014151249080896378,0.000501281872857362,0.13591107726097107
27111,4,4,qual_only,qual_only,train,0.008404918015003204,0.002809502650052309,0.00017429815488867462,0.00042990988004021347,0.9877983927726746,0.0003830323403235525
27113,0,0,explicit_mmr,explicit_mmr,train,0.5850732922554016,0.40476787090301514,0.002475104294717312,2.2899213945493102e-05,0.006133690942078829,0.0015271501615643501
27114,2,2,multi_method_not_mmr,multi_method_not_mmr,train,0.00026043393881991506,0.00020505129941739142,0.967650294303894,0.027790801599621773,0.00033351616002619267,0.003759917803108692
27176,0,0,explicit_mmr,explicit_mmr,train,0.9003531336784363,0.08176705241203308,0.00031558529008179903,4.996611824026331e-05,0.01683848910033703,0.0006758027011528611
27188,0,0,explicit_mmr,explicit_mmr,train,0.7502912878990173,0.2414427548646927,0.0006218581693246961,8.092259668046609e-05,0.006664000451564789,0.0008990495116449893
27189,4,0,qual_only,explicit_mmr,train,0.6601001024246216,0.2120201140642166,0.0731191337108612,0.00021321969688870013,0.043189164251089096,0.011358218267560005
27190,0,0,explicit_mmr,explicit_mmr,train,0.7801993489265442,0.19220715761184692,0.0002955260861199349,4.687952605308965e-05,0.02627241611480713,0.0009787579765543342
27191,0,0,explicit_mmr,explicit_mmr,train,0.8999420404434204,0.08208315819501877,0.00031650852179154754,4.9641530495136976e-05,0.01693546772003174,0.0006731553003191948
27194,4,4,qual_only,qual_only,train,0.1617538332939148,0.2510833740234375,0.008277851156890392,8.711808186490089e-05,0.57505863904953,0.0037391274236142635
27207,2,2,multi_method_not_mmr,multi_method_not_mmr,train,0.0005960952839814126,0.0006899412837810814,0.9059404134750366,0.01647130399942398,0.002106711734086275,0.07419554144144058
27212,4,4,qual_only,qual_only,train,0.10704623907804489,0.06237378716468811,0.0013028783723711967,0.000127459381474182,0.8277615904808044,0.001388092990964651
27237,2,2,multi_method_not_mmr,multi_method_not_mmr,train,0.001334453234449029,0.00045022444101050496,0.6816107630729675,0.024717116728425026,0.000839018146507442,0.29104849696159363
27238,0,0,explicit_mmr,explicit_mmr,train,0.861918568611145,0.12997160851955414,0.0003813471121247858,3.553766509867273e-05,0.006783271674066782,0.0009097212459892035
27239,5,5,quant_only,quant_only,train,0.012290147133171558,0.016302483156323433,0.15622644126415253,0.0010470472043380141,0.0006209237617440522,0.8135129809379578
27247,5,5,quant_only,quant_only,train,0.0030103670433163643,0.00047146587166935205,0.04077061265707016,0.005948590114712715,0.0005956818931736052,0.9492033123970032
27255,3,3,no_method_signal,no_method_signal,train,6.294524791883305e-05,7.864368672017008e-05,0.11395284533500671,0.8847259879112244,0.0006153170834295452,0.0005643544136546552
27287,5,5,quant_only,quant_only,train,0.0006679252255707979,0.0002162401651730761,0.002721422119066119,0.17942184209823608,0.0015935725532472134,0.8153790235519409
27288,0,1,explicit_mmr,implicit_mmr,train,0.31278347969055176,0.5322200655937195,0.00466659851372242,8.450262976111844e-05,0.14133577048778534,0.008909604512155056
27289,0,1,explicit_mmr,implicit_mmr,train,0.28447577357292175,0.6965271830558777,0.004417663440108299,4.7142908442765474e-05,0.0073881614953279495,0.007144040893763304
27293,4,1,qual_only,implicit_mmr,train,0.41527196764945984,0.5095794200897217,0.0047909533604979515,6.567133823409677e-05,0.06551036983728409,0.004781605210155249
27312,1,1,implicit_mmr,implicit_mmr,train,0.2581574618816376,0.7257273197174072,0.0027658056933432817,3.880517033394426e-05,0.0022216469515115023,0.011088859289884567
27364,0,0,explicit_mmr,explicit_mmr,train,0.7958279252052307,0.1980254054069519,0.0005961575079709291,0.00016871310072019696,0.0010044388473033905,0.004377385135740042
27365,0,0,explicit_mmr,explicit_mmr,train,0.8602893352508545,0.13118793070316315,0.00375546095892787,0.000973211252130568,0.0013178501976653934,0.002476255875080824
27372,4,4,qual_only,qual_only,train,0.12671424448490143,0.16746331751346588,0.006641929037868977,9.733411570778117e-05,0.6952515244483948,0.003831638488918543
27373,4,4,qual_only,qual_only,train,0.028589505702257156,0.022370949387550354,0.0007761525921523571,7.51087864045985e-05,0.9477092027664185,0.00047915769391693175
27381,0,0,explicit_mmr,explicit_mmr,train,0.9541377425193787,0.03748156875371933,0.0017400174401700497,0.0004050780844409019,0.00040099959005601704,0.005834571085870266
27382,0,0,explicit_mmr,explicit_mmr,train,0.9430010318756104,0.05097965896129608,0.0009991165716201067,0.00015998574963305146,0.0005814701435156167,0.004278681240975857
27385,0,1,explicit_mmr,implicit_mmr,train,0.48062655329704285,0.4818902015686035,0.0013181546237319708,7.640233525307849e-05,0.03057081811130047,0.005517742596566677
27386,0,1,explicit_mmr,implicit_mmr,train,0.2852972149848938,0.6106486916542053,0.0037675045896321535,0.00021021818974986672,0.08390695601701736,0.01616942510008812
27387,4,4,qual_only,qual_only,train,0.22520151734352112,0.3522239625453949,0.02326047047972679,0.00014437375648412853,0.381104052066803,0.01806561090052128
27388,4,4,qual_only,qual_only,train,0.010705988854169846,0.027641387656331062,0.0018829794134944677,7.777122664265335e-05,0.9587506651878357,0.0009411826613359153
27389,4,4,qual_only,qual_only,train,0.0011783442460000515,0.0014346938114613295,0.0009212354198098183,0.0002127666666638106,0.9960160851478577,0.0002368220448261127
27390,4,4,qual_only,qual_only,train,0.0022648456506431103,0.002253687009215355,0.0006860155262984335,0.00024801978725008667,0.9943008422851562,0.00024654631852172315
27415,4,4,qual_only,qual_only,train,0.019508041441440582,0.036444634199142456,0.019972270354628563,0.00010411523544462398,0.9231289029121399,0.0008420933154411614
27416,4,4,qual_only,qual_only,train,0.025513116270303726,0.03578348085284233,0.00376995955593884,5.244502972345799e-05,0.9343919157981873,0.0004891401622444391
27418,4,4,qual_only,qual_only,train,0.16394507884979248,0.2718792259693146,0.020183172076940536,5.368381607695483e-05,0.5420563220977783,0.001882490934804082
27430,2,2,multi_method_not_mmr,multi_method_not_mmr,train,0.00015444806194864213,9.513681288808584e-05,0.9302520155906677,0.06625425815582275,0.0006635251338593662,0.0025805842597037554
27559,0,0,explicit_mmr,explicit_mmr,train,0.9713701605796814,0.021618083119392395,0.0007522088708356023,0.00027168335509486496,0.0007895341259427369,0.005198308266699314
27575,3,3,no_method_signal,no_method_signal,train,2.1831616322742775e-05,3.1835385016165674e-05,0.019525643438100815,0.9793803095817566,0.0006574814906343818,0.00038295553531497717
27583,3,3,no_method_signal,no_method_signal,train,2.61931218119571e-05,2.964991654152982e-05,0.01978136971592903,0.9748517274856567,0.00031096459133550525,0.005000063218176365
27584,3,3,no_method_signal,no_method_signal,train,6.879983993712813e-05,6.363334250636399e-05,0.005880061537027359,0.9930410385131836,0.0004213287611491978,0.0005250859539955854
27594,3,3,no_method_signal,no_method_signal,train,2.3179636627901345e-05,5.200190935283899e-05,0.002402233425527811,0.9778966903686523,0.001310996012762189,0.018314912915229797
27595,1,0,implicit_mmr,explicit_mmr,train,0.6308021545410156,0.09766052663326263,0.0879998654127121,0.0010009950492531061,0.02241397276520729,0.16012243926525116
27606,1,0,implicit_mmr,explicit_mmr,train,0.49554866552352905,0.44247347116470337,0.0024580275639891624,2.4542690880480222e-05,0.05765124782919884,0.0018440278945490718
27607,4,4,qual_only,qual_only,train,0.003690731944516301,0.0007158140651881695,0.0002632943505886942,0.00481775077059865,0.9894994497299194,0.0010130183072760701
27636,0,4,explicit_mmr,qual_only,train,0.06064622849225998,0.046890705823898315,0.0014387326082214713,9.587388922227547e-05,0.88973468542099,0.001193747972138226
27670,0,1,explicit_mmr,implicit_mmr,train,0.314772367477417,0.5868518352508545,0.07350252568721771,0.00017158690025098622,0.01723284274339676,0.0074687679298222065
27681,0,0,explicit_mmr,explicit_mmr,train,0.6053217649459839,0.3880206048488617,0.0011741603957489133,1.8193002688349225e-05,0.003295243252068758,0.0021699711214751005
27687,0,4,explicit_mmr,qual_only,train,0.19510996341705322,0.39012935757637024,0.021832481026649475,5.692529521184042e-05,0.39022570848464966,0.002645475324243307
27709,0,0,explicit_mmr,explicit_mmr,train,0.5313605070114136,0.45566853880882263,0.001873743487522006,0.00011007283319486305,0.004353037569671869,0.006634051911532879
27710,0,4,explicit_mmr,qual_only,train,0.22133029997348785,0.3350343704223633,0.003560398705303669,0.00013795754057355225,0.4329194724559784,0.007017453201115131
27711,0,0,explicit_mmr,explicit_mmr,train,0.5613797307014465,0.4281730055809021,0.002950938418507576,0.0001441275526303798,0.0015136789297685027,0.0058385166339576244
27712,0,0,explicit_mmr,explicit_mmr,train,0.6946179866790771,0.296037495136261,0.0022396778222173452,0.00020078457600902766,0.0012149292742833495,0.005689085926860571
27750,0,0,explicit_mmr,explicit_mmr,train,0.8004332184791565,0.078071728348732,0.0732869803905487,0.0002083283761749044,0.0016724162269383669,0.04632743075489998
27777,2,2,multi_method_not_mmr,multi_method_not_mmr,train,0.05250908061861992,0.012607875280082226,0.33540794253349304,0.0380045510828495,0.3033387064933777,0.2581319212913513
27782,1,2,implicit_mmr,multi_method_not_mmr,train,0.03712685406208038,0.2722221910953522,0.6633380055427551,0.0008589209755882621,0.00967415701597929,0.016779866069555283
27785,0,2,explicit_mmr,multi_method_not_mmr,train,0.07002299278974533,0.08987551927566528,0.46135735511779785,0.001956722466275096,0.011600712314248085,0.36518675088882446
27796,1,1,implicit_mmr,implicit_mmr,train,0.34296369552612305,0.3797825574874878,0.0020841220393776894,4.828579767490737e-05,0.2732110619544983,0.0019102293299511075
27798,0,0,explicit_mmr,explicit_mmr,train,0.834494411945343,0.14828047156333923,0.00034776004031300545,5.4255353461485356e-05,0.016374826431274414,0.00044838813482783735
27802,1,1,implicit_mmr,implicit_mmr,train,0.46583330631256104,0.5223024487495422,0.004215669352561235,8.657191938254982e-05,0.002871826523914933,0.004690187517553568
27859,0,0,explicit_mmr,explicit_mmr,train,0.8136641383171082,0.17763975262641907,0.00396753428503871,2.536289503041189e-05,0.0012062976602464914,0.0034969050902873278
27861,5,5,quant_only,quant_only,train,0.021278157830238342,0.0034174860920757055,0.05782180279493332,0.0016272636130452156,0.0002665870706550777,0.9155886769294739
27863,0,0,explicit_mmr,explicit_mmr,train,0.7833946347236633,0.03768251836299896,0.08816342055797577,0.0010115555487573147,0.0021994616836309433,0.0875483974814415
27864,0,0,explicit_mmr,explicit_mmr,train,0.6542761325836182,0.3126242458820343,0.02043776586651802,6.687705172225833e-05,0.006479869596660137,0.006115095689892769
27875,0,1,explicit_mmr,implicit_mmr,train,0.35081976652145386,0.6153675317764282,0.016784003004431725,2.0361094357213005e-05,0.012480667792260647,0.004527638200670481
27877,0,0,explicit_mmr,explicit_mmr,train,0.8497447371482849,0.03718160092830658,0.0686877965927124,0.0004384696076158434,0.0015883399173617363,0.042358964681625366
27883,1,1,implicit_mmr,implicit_mmr,train,0.45924845337867737,0.5209821462631226,0.010534756816923618,2.3509570382884704e-05,0.004788573831319809,0.004422483500093222
27884,1,0,implicit_mmr,explicit_mmr,train,0.8203443288803101,0.1772220879793167,0.00041958087240345776,1.9478231479297392e-05,0.0011762173380702734,0.0008182619931176305
27892,1,0,implicit_mmr,explicit_mmr,train,0.704674243927002,0.2848873436450958,0.0024936178233474493,4.0716142393648624e-05,0.0022205181885510683,0.005683402065187693
27896,1,0,implicit_mmr,explicit_mmr,train,0.6879433393478394,0.245291069149971,0.03729725256562233,9.26306311157532e-05,0.003976988606154919,0.025398673489689827
27898,5,5,quant_only,quant_only,train,0.32153087854385376,0.05506514385342598,0.14046932756900787,0.000523818307556212,0.0012663330417126417,0.48114439845085144
27936,2,0,multi_method_not_mmr,explicit_mmr,train,0.7160323262214661,0.11404014378786087,0.11730208247900009,0.00022501740022562444,0.004444667603820562,0.04795586317777634
27949,0,0,explicit_mmr,explicit_mmr,train,0.9715757966041565,0.018321514129638672,0.00027981019229628146,0.00032953007030300796,0.007867572829127312,0.0016257360111922026
27951,0,0,explicit_mmr,explicit_mmr,train,0.9347240328788757,0.04616736248135567,0.00024486627080477774,8.798992348602042e-05,0.018032729625701904,0.0007429873221553862
27968,0,0,explicit_mmr,explicit_mmr,train,0.9479696154594421,0.047280602157115936,0.0008087873575277627,7.726763578830287e-05,0.0006411980139091611,0.003222546074539423
27986,0,1,explicit_mmr,implicit_mmr,train,0.3645896315574646,0.567076563835144,0.004038626793771982,0.00018911168444901705,0.052309419959783554,0.011796711012721062
27987,0,1,explicit_mmr,implicit_mmr,train,0.41874560713768005,0.5295149683952332,0.0034328277688473463,0.00017417551134712994,0.03940825164318085,0.008724195882678032
28021,2,2,multi_method_not_mmr,multi_method_not_mmr,train,0.025112461298704147,0.08815830200910568,0.8172258734703064,0.002961218822747469,0.06304874271154404,0.003493368625640869
28023,1,0,implicit_mmr,explicit_mmr,train,0.610731840133667,0.37706077098846436,0.001713482546620071,1.2308732948440593e-05,0.009847385808825493,0.0006342824781313539
28044,0,0,explicit_mmr,explicit_mmr,train,0.5799658298492432,0.41191914677619934,0.0017871037125587463,1.4973939869378228e-05,0.005264301784336567,0.0010485235834494233
28048,1,1,implicit_mmr,implicit_mmr,train,0.02677932381629944,0.8147456049919128,0.08352886140346527,0.00017997533723246306,0.03697171062231064,0.037794437259435654
28075,4,4,qual_only,qual_only,train,0.044070132076740265,0.03993717208504677,0.1575644314289093,0.0009148189565166831,0.7553132772445679,0.0022002679761499166
28140,2,2,multi_method_not_mmr,multi_method_not_mmr,train,0.024430589750409126,0.09897487610578537,0.8496813178062439,0.0033435618970543146,0.011700439266860485,0.01186930201947689
28143,0,0,explicit_mmr,explicit_mmr,train,0.8899991512298584,0.10499461740255356,0.0005362696829251945,2.6123112547793426e-05,0.0037815438117831945,0.0006622858345508575
28192,1,1,implicit_mmr,implicit_mmr,train,0.07623690366744995,0.9171923995018005,0.0010484943632036448,6.602669600397348e-06,0.001889225677587092,0.0036264057271182537
28204,1,1,implicit_mmr,implicit_mmr,train,0.1382070779800415,0.850621223449707,0.002234748564660549,1.5651517969672568e-05,0.0003914428234566003,0.008529875427484512
28205,2,2,multi_method_not_mmr,multi_method_not_mmr,train,0.001449646195396781,0.002791907638311386,0.9530815482139587,0.0018347279401496053,0.03666771948337555,0.0041746110655367374
28216,1,1,implicit_mmr,implicit_mmr,train,0.04529169946908951,0.936952531337738,0.004810546059161425,2.5240493414457887e-05,0.0008693926502019167,0.012050647288560867
28219,2,2,multi_method_not_mmr,multi_method_not_mmr,train,0.01755116507411003,0.087334044277668,0.8294455409049988,0.0008602314628660679,0.010518413968384266,0.054290588945150375
28225,3,2,no_method_signal,multi_method_not_mmr,train,0.0006145728984847665,0.0014802084770053625,0.5180148482322693,0.03140817955136299,0.0010407791705802083,0.4474414885044098
28254,0,0,explicit_mmr,explicit_mmr,train,0.5931603908538818,0.3493993282318115,0.0017842663219198585,2.4787492293398827e-05,0.05394900217652321,0.0016823005862534046
28258,0,0,explicit_mmr,explicit_mmr,train,0.5867645144462585,0.22444067895412445,0.001169515191577375,5.722490095649846e-05,0.18653558194637299,0.0010324809700250626
28309,4,1,qual_only,implicit_mmr,train,0.19859199225902557,0.4274561107158661,0.0033274253364652395,0.0001506999833509326,0.36510366201400757,0.00537016661837697
28316,4,4,qual_only,qual_only,train,0.0014640020672231913,0.001002503908239305,0.0006692773313261569,0.00024705694522708654,0.9964674711227417,0.00014968008326832205
28321,1,0,implicit_mmr,explicit_mmr,train,0.4017246663570404,0.278781920671463,0.0015234077582135797,6.622504588449374e-05,0.3164430558681488,0.001460748491808772
28327,4,4,qual_only,qual_only,train,0.05051164701581001,0.052844103425741196,0.0007705008029006422,9.246949048247188e-05,0.8950083255767822,0.0007728660712018609
28362,1,1,implicit_mmr,implicit_mmr,train,0.06382270157337189,0.9284045100212097,0.0013701621210202575,8.502387572661974e-06,0.0009866573382169008,0.005407446995377541
28370,2,2,multi_method_not_mmr,multi_method_not_mmr,train,0.0002756665926426649,0.0003021571028511971,0.9662184119224548,0.014370705932378769,0.0012317815562710166,0.017601238563656807
28384,0,1,explicit_mmr,implicit_mmr,train,0.4485000669956207,0.501003086566925,0.006809568032622337,6.384642620105296e-05,0.03920317068696022,0.004420320503413677
28399,5,5,quant_only,quant_only,train,0.006765187252312899,0.0017922252882272005,0.07279736548662186,0.0024650655686855316,0.00033901247661560774,0.9158411026000977
28400,5,5,quant_only,quant_only,train,0.002520643174648285,0.0009755645296536386,0.0059401774778962135,0.0015074281254783273,0.00014895384083501995,0.9889072179794312
28401,5,5,quant_only,quant_only,train,0.004684342071413994,0.003357240930199623,0.1622658222913742,0.0026916363276541233,0.00048024283023551106,0.8265206813812256
28402,5,5,quant_only,quant_only,train,0.006242044735699892,0.003112671198323369,0.09787610918283463,0.0021221048664301634,0.00037492255796678364,0.8902721405029297
28403,5,5,quant_only,quant_only,train,0.006022621877491474,0.006060710176825523,0.14013123512268066,0.00176553416531533,0.0006113658309914172,0.84540855884552
28405,5,5,quant_only,quant_only,train,0.005251957569271326,0.0030133004765957594,0.10025408118963242,0.0025595873594284058,0.00035370810655876994,0.888567328453064
28406,5,5,quant_only,quant_only,train,0.004089637193828821,0.003967804368585348,0.15639905631542206,0.0028910222463309765,0.0004309208889026195,0.832221508026123
28407,5,5,quant_only,quant_only,train,0.004634357988834381,0.004176829010248184,0.17464113235473633,0.0025358404964208603,0.0005178608116693795,0.8134940266609192
28408,0,0,explicit_mmr,explicit_mmr,train,0.5738668441772461,0.40707525610923767,0.00295331166125834,0.00033590602106414735,0.006768645718693733,0.009000030346214771
28420,0,0,explicit_mmr,explicit_mmr,train,0.8070079684257507,0.18769416213035583,0.0007842228515073657,3.1357601983472705e-05,0.0025971438735723495,0.001885128440335393
28442,2,2,multi_method_not_mmr,multi_method_not_mmr,train,0.00015263896784745157,0.0002235341671621427,0.9712823033332825,0.020079655572772026,0.007554484065622091,0.0007073806482367218
28451,0,0,explicit_mmr,explicit_mmr,train,0.8761980533599854,0.0786743089556694,0.0319359116256237,0.0001667116885073483,0.0024270410649478436,0.010597978718578815
28453,0,0,explicit_mmr,explicit_mmr,train,0.6319323182106018,0.32152748107910156,0.02532530203461647,6.52744056424126e-05,0.015622432343661785,0.005527134519070387
28461,1,0,implicit_mmr,explicit_mmr,train,0.7618482708930969,0.20930273830890656,0.021264074370265007,4.046662070322782e-05,0.0018832830246537924,0.005661054514348507
28471,2,2,multi_method_not_mmr,multi_method_not_mmr,train,0.00039639632450416684,0.00017952431517187506,0.9359991550445557,0.03896928206086159,0.0005484531866386533,0.02390722744166851
28486,5,5,quant_only,quant_only,train,0.0017615164397284389,0.0008680187747813761,0.005186161026358604,0.0016155389603227377,0.0001734448887873441,0.9903953671455383
28515,0,1,explicit_mmr,implicit_mmr,train,0.3747099041938782,0.5532824993133545,0.0019112388836219907,2.4180757463909686e-05,0.06797992438077927,0.002092289039865136
28519,5,5,quant_only,quant_only,train,0.003642255673184991,0.0005695490399375558,0.012847140431404114,0.0025936707388609648,0.00015547368093393743,0.9801919460296631
28532,2,2,multi_method_not_mmr,multi_method_not_mmr,train,0.00233826064504683,0.002671471331268549,0.7461405992507935,0.011264086700975895,0.0004795120912604034,0.23710604012012482
28540,0,1,explicit_mmr,implicit_mmr,train,0.3089595139026642,0.6707286238670349,0.015270396135747433,3.027347702300176e-05,0.002345849759876728,0.0026652987580746412
28551,3,3,no_method_signal,no_method_signal,train,1.490355407440802e-05,4.0152310248231515e-05,0.015948237851262093,0.9814963936805725,0.0006036066333763301,0.0018967442447319627
28560,5,0,quant_only,explicit_mmr,train,0.9754360914230347,0.017276525497436523,0.0013137083733454347,0.00032091717002913356,0.0006457761046476662,0.005006824154406786
28561,5,0,quant_only,explicit_mmr,train,0.970876157283783,0.02108887955546379,0.0013428208185359836,0.0003253303875681013,0.0005294086877256632,0.005837396718561649
28579,0,1,explicit_mmr,implicit_mmr,train,0.48660075664520264,0.49984532594680786,0.002436691662296653,0.0005291018751449883,0.006002815905958414,0.004585296381264925
28592,0,0,explicit_mmr,explicit_mmr,train,0.7010899186134338,0.2855953872203827,0.005245022475719452,7.520111103076488e-05,0.00024572163238190114,0.007748747244477272
28593,2,2,multi_method_not_mmr,multi_method_not_mmr,train,0.00014134029333945364,0.0002782036899589002,0.9762060642242432,0.019213400781154633,0.003930478356778622,0.00023050393792800605
28594,1,1,implicit_mmr,implicit_mmr,train,0.06280875205993652,0.9067491888999939,0.00797772966325283,1.8311760868527927e-05,0.007422978524118662,0.01502311322838068
28595,4,4,qual_only,qual_only,train,0.0027876526582986116,0.010251103900372982,0.023926008492708206,0.03943664953112602,0.665348470211029,0.25825008749961853
28598,4,4,qual_only,qual_only,train,0.00016209860041271895,0.00045750802382826805,0.1973308026790619,0.02324344962835312,0.776498556137085,0.002307568909600377
28599,2,3,multi_method_not_mmr,no_method_signal,train,0.0003232465824112296,0.00017097883392125368,0.4329640567302704,0.5653274059295654,0.0007323673344217241,0.00048195922863669693
28602,5,5,quant_only,quant_only,train,0.000738227681722492,0.0021259537898004055,0.009424268268048763,0.0027628864627331495,0.00020370265701785684,0.9847449660301208
28612,0,0,explicit_mmr,explicit_mmr,train,0.6071503162384033,0.37414634227752686,0.0019500023918226361,0.00014952947094570845,0.0036489865742623806,0.012954792939126492
28616,0,1,explicit_mmr,implicit_mmr,train,0.32983240485191345,0.532839298248291,0.007367132231593132,6.931186362635344e-05,0.12440193444490433,0.0054900627583265305
28617,0,1,explicit_mmr,implicit_mmr,train,0.25877293944358826,0.4794009029865265,0.00649250065907836,7.879643817432225e-05,0.2492189109325409,0.006036012899130583
28624,0,0,explicit_mmr,explicit_mmr,train,0.8579375743865967,0.0973123237490654,0.005446703638881445,0.0009451922378502786,0.0005055752699263394,0.037852633744478226
28675,0,1,explicit_mmr,implicit_mmr,train,0.26202458143234253,0.368529349565506,0.006798754446208477,7.893075235188007e-05,0.3570173680782318,0.0055510313250124454
28677,0,0,explicit_mmr,explicit_mmr,train,0.924945592880249,0.06886912137269974,0.00020898964430671185,4.161135439062491e-05,0.004440235905349255,0.0014944380382075906
28678,0,0,explicit_mmr,explicit_mmr,train,0.963712751865387,0.03094766102731228,0.0007083775126375258,0.0001875698217190802,0.0016722341533750296,0.0027713754680007696
28679,0,0,explicit_mmr,explicit_mmr,train,0.9629098773002625,0.03093251772224903,0.0009666457772254944,0.00014091134653426707,0.0006726576248183846,0.004377332516014576
28684,5,5,quant_only,quant_only,train,0.003967172000557184,0.0021958190482109785,0.2815905809402466,0.05426720157265663,0.004407521337270737,0.6535717248916626
28685,1,0,implicit_mmr,explicit_mmr,train,0.7021293640136719,0.2886374592781067,0.0009630020358599722,0.00013020412006881088,0.0014135127421468496,0.006726423278450966
28714,0,0,explicit_mmr,explicit_mmr,train,0.48710739612579346,0.413389652967453,0.0014073849888518453,4.566655115922913e-05,0.0944940596818924,0.003555807750672102
28728,0,0,explicit_mmr,explicit_mmr,train,0.9530510902404785,0.0428774319589138,0.0004736172850243747,7.072011794662103e-05,0.0014276630245149136,0.002099515637382865
28775,1,0,implicit_mmr,explicit_mmr,train,0.41107693314552307,0.3777245283126831,0.1660224199295044,0.0001555206108605489,0.03951122611761093,0.005509374663233757
28807,3,3,no_method_signal,no_method_signal,train,1.8688881027628668e-05,2.7650314223137684e-05,0.0040441351011395454,0.9944185018539429,0.0003933765983674675,0.0010976928751915693
28829,5,5,quant_only,quant_only,train,0.013412229716777802,0.0060471962206065655,0.009131094440817833,0.0008345249807462096,0.00031426671193912625,0.9702606797218323
28851,0,0,explicit_mmr,explicit_mmr,train,0.9555408358573914,0.03010561689734459,0.0003302199183963239,0.00011549568444024771,0.012111685238778591,0.0017960749100893736
28852,0,0,explicit_mmr,explicit_mmr,train,0.9589833617210388,0.023608548566699028,0.0003844312159344554,0.00022744822490494698,0.015255116857588291,0.0015410191845148802
28863,5,5,quant_only,quant_only,train,0.00482935830950737,0.004323471803218126,0.15618669986724854,0.004140544682741165,0.00045963574666529894,0.8300603628158569
28872,0,0,explicit_mmr,explicit_mmr,train,0.6942709684371948,0.11146681755781174,0.052287306636571884,0.0004104063846170902,0.001847631298005581,0.1397169679403305
28881,5,5,quant_only,quant_only,train,0.0003435806429479271,7.967348210513592e-05,0.0076736644841730595,0.09139251708984375,0.0003825007879640907,0.9001281261444092
28891,0,0,explicit_mmr,explicit_mmr,train,0.843620240688324,0.023009106516838074,0.06038939207792282,0.002524373820051551,0.010350539349019527,0.06010635569691658
28954,5,5,quant_only,quant_only,train,0.0016640975372865796,0.00188767584040761,0.39809349179267883,0.02087046019732952,0.0013831522082909942,0.5761010646820068
28956,3,3,no_method_signal,no_method_signal,train,2.56973180512432e-05,6.29901114734821e-05,0.10852040350437164,0.8812507390975952,0.009859473444521427,0.00028069777181372046
28959,5,5,quant_only,quant_only,train,0.0004508400452323258,0.0011070987675338984,0.01616513915359974,0.005962828639894724,0.0007054429734125733,0.9756086468696594
28964,2,2,multi_method_not_mmr,multi_method_not_mmr,train,0.00015468917263206095,0.00015462531882803887,0.7443092465400696,0.2522448003292084,0.002412102185189724,0.0007245439337566495
28970,1,0,implicit_mmr,explicit_mmr,train,0.704265296459198,0.28540417551994324,0.00019509282719809562,2.659236815816257e-05,0.008964993990957737,0.0011439139489084482
28981,1,0,implicit_mmr,explicit_mmr,train,0.5772922039031982,0.41289353370666504,0.0014213506365194917,5.667880759574473e-05,0.005454991478472948,0.0028812161181122065
28982,2,4,multi_method_not_mmr,qual_only,train,0.2530377507209778,0.334342360496521,0.006860889960080385,0.0001273886882700026,0.39945459365844727,0.0061770337633788586
28987,0,1,explicit_mmr,implicit_mmr,train,0.42596396803855896,0.5221231579780579,0.002622887259349227,0.00011644559708656743,0.043770890682935715,0.005402642302215099
28991,0,0,explicit_mmr,explicit_mmr,train,0.6898196935653687,0.2947167754173279,0.005555234383791685,0.00023826505639590323,0.0022299038246273994,0.007440182846039534
28992,2,2,multi_method_not_mmr,multi_method_not_mmr,train,0.00231884210370481,0.008224153891205788,0.9246612191200256,0.0011563760926946998,0.003934371285140514,0.059704944491386414
28993,4,4,qual_only,qual_only,train,0.02613973617553711,0.038205698132514954,0.004176929593086243,6.983628554735333e-05,0.9304799437522888,0.000927827728446573
28994,1,1,implicit_mmr,implicit_mmr,train,0.3629181385040283,0.47305816411972046,0.004082378000020981,5.270795736578293e-05,0.15654964745044708,0.003338963259011507
29003,1,1,implicit_mmr,implicit_mmr,train,0.46427860856056213,0.5058878660202026,0.0016415106365457177,5.783268716186285e-05,0.02497202716767788,0.0031621172092854977
29018,0,0,explicit_mmr,explicit_mmr,train,0.8645153641700745,0.13166946172714233,0.0005589120555669069,3.486168498056941e-05,0.0006334333447739482,0.0025880420580506325
29039,1,4,implicit_mmr,qual_only,train,0.17896616458892822,0.22470258176326752,0.006572546437382698,0.00015155649452935904,0.5836619734764099,0.005945212673395872
29040,0,0,explicit_mmr,explicit_mmr,train,0.803729772567749,0.19078102707862854,0.0005224223132245243,0.0002114407834596932,0.00117164955008775,0.0035835744347423315
29055,1,1,implicit_mmr,implicit_mmr,train,0.21596674621105194,0.7754269242286682,0.002058545360341668,7.571617970825173e-06,0.0031064690556377172,0.0034337746910750866
29084,5,5,quant_only,quant_only,train,0.0017479624366387725,0.005264966748654842,0.11359047889709473,0.014441287145018578,0.0004898914485238492,0.8644654154777527
29086,5,5,quant_only,quant_only,train,0.00730628939345479,0.0022833929397165775,0.12686975300312042,0.0030488893389701843,0.0004963956889696419,0.8599952459335327
29102,0,0,explicit_mmr,explicit_mmr,train,0.8866744637489319,0.10439769923686981,0.0006871296209283173,2.8914922950207256e-05,0.006960978265851736,0.0012507737847045064
29108,0,0,explicit_mmr,explicit_mmr,train,0.5790631175041199,0.29793035984039307,0.001083865063264966,7.728343916824088e-05,0.1204228550195694,0.0014224933693185449
29109,3,3,no_method_signal,no_method_signal,train,0.0037627355195581913,0.000521064386703074,0.005753771867603064,0.989008367061615,0.0003550470864865929,0.0005990865756757557
29115,4,4,qual_only,qual_only,train,0.35699960589408875,0.2680080533027649,0.0019464748911559582,5.3987976571079344e-05,0.3718138039112091,0.001178039121441543
29118,4,4,qual_only,qual_only,train,0.08062262833118439,0.11078823357820511,0.010726294480264187,6.288693839451298e-05,0.7964012026786804,0.0013987596612423658
29119,4,4,qual_only,qual_only,train,0.17590537667274475,0.2778821289539337,0.0037430329248309135,6.12371222814545e-05,0.54046630859375,0.00194196542724967
29127,2,2,multi_method_not_mmr,multi_method_not_mmr,train,0.00025127874687314034,0.00020707232761196792,0.7708252668380737,0.2264460325241089,0.001964634284377098,0.00030570008675567806
29130,2,2,multi_method_not_mmr,multi_method_not_mmr,train,0.00012219318887218833,0.00015521771274507046,0.9457536339759827,0.036737654358148575,0.001242085825651884,0.015989171341061592
29133,0,5,explicit_mmr,quant_only,train,0.15489104390144348,0.013271561823785305,0.03566683828830719,0.0008526648161932826,0.0005094252992421389,0.794808566570282
29136,0,0,explicit_mmr,explicit_mmr,train,0.9637904167175293,0.032493241131305695,0.00049401173600927,8.435053314315155e-05,0.001481230603531003,0.0016567233251407743
29139,5,5,quant_only,quant_only,train,0.0005037900991737843,0.00021430608467198908,0.0016097631305456161,0.010739464312791824,7.529361027991399e-05,0.9868573546409607
29154,0,2,explicit_mmr,multi_method_not_mmr,train,0.08164127171039581,0.2179243564605713,0.6553182601928711,0.0003024936013389379,0.03642001748085022,0.008393630385398865
29159,3,3,no_method_signal,no_method_signal,train,0.006651245057582855,0.0008366588153876364,0.00336189242079854,0.9879050254821777,0.0005094562657177448,0.0007357308641076088
29160,4,4,qual_only,qual_only,train,0.06111561134457588,0.07013029605150223,0.0038071388844400644,0.00010736187687143683,0.8643438220024109,0.0004956883494742215
29179,0,2,explicit_mmr,multi_method_not_mmr,train,0.007124380208551884,0.010448862798511982,0.9368501901626587,0.0012458165874704719,0.03942441940307617,0.004906358662992716
29188,0,0,explicit_mmr,explicit_mmr,train,0.8607701659202576,0.13076822459697723,0.0005144049064256251,8.470453030895442e-05,0.0005220906459726393,0.007340465672314167
29193,0,0,explicit_mmr,explicit_mmr,train,0.8185798525810242,0.1596471071243286,0.00027884592418558896,5.104594674776308e-05,0.020715530961751938,0.0007275844691321254
29194,1,0,implicit_mmr,explicit_mmr,train,0.6345386505126953,0.2981880307197571,0.0010700550628826022,3.7837417039554566e-05,0.06463799625635147,0.0015274276956915855
29195,1,4,implicit_mmr,qual_only,train,0.2911395728588104,0.1876096874475479,0.0019994911272078753,8.261862967628986e-05,0.5179519057273865,0.0012166693340986967
29197,0,1,explicit_mmr,implicit_mmr,train,0.07649359852075577,0.5642063617706299,0.32694491744041443,0.00028446732903830707,0.026314035058021545,0.005756704602390528
29204,0,0,explicit_mmr,explicit_mmr,train,0.8117124438285828,0.1815376877784729,0.0005269106477499008,7.96178646851331e-05,0.0014192831004038453,0.004724021069705486
29205,0,0,explicit_mmr,explicit_mmr,train,0.9650676250457764,0.030719783157110214,0.0008875103667378426,0.00010978406498907134,0.0025051147677004337,0.0007103384123183787
29313,1,1,implicit_mmr,implicit_mmr,train,0.1280256062746048,0.8476099967956543,0.001534549635834992,8.901336695998907e-05,0.00553756020963192,0.017203232273459435
29331,4,4,qual_only,qual_only,train,0.09789799153804779,0.03515876084566116,0.001002687495201826,8.75559780979529e-05,0.8654863834381104,0.00036664176150225103
29336,4,4,qual_only,qual_only,train,0.005237015429884195,0.0022550569847226143,0.00095352903008461,0.00015925012121442705,0.9912727475166321,0.00012239287025295198
29391,0,0,explicit_mmr,explicit_mmr,train,0.9443455934524536,0.04728779196739197,0.00015988935774657875,0.00011482094851089641,0.006114869844168425,0.001977040898054838
29421,5,5,quant_only,quant_only,train,0.00041221597348339856,0.00017811857105698436,0.0013408358208835125,0.024103470146656036,0.00010844665666809306,0.9738569259643555
29449,3,3,no_method_signal,no_method_signal,train,1.9644661733764224e-05,3.057841240661219e-05,0.008167724125087261,0.9906529188156128,0.00057522690622136,0.0005538226687349379
29460,2,2,multi_method_not_mmr,multi_method_not_mmr,train,0.024160023778676987,0.1624768227338791,0.6479083299636841,0.0003882159071508795,0.014242161065340042,0.15082445740699768
29464,4,1,qual_only,implicit_mmr,train,0.19900448620319366,0.42809802293777466,0.003342994721606374,0.000150523308548145,0.3640294373035431,0.0053744749166071415
29502,2,2,multi_method_not_mmr,multi_method_not_mmr,train,0.004130669869482517,0.00661252299323678,0.6752554774284363,0.0023561909329146147,0.00270107202231884,0.30894410610198975
29559,3,2,no_method_signal,multi_method_not_mmr,train,0.0013394562993198633,0.0002712380955927074,0.8317592144012451,0.037550169974565506,0.0021792131010442972,0.12690076231956482
29597,0,0,explicit_mmr,explicit_mmr,train,0.8706400394439697,0.1252831071615219,0.0005717182066291571,4.7376652219099924e-05,0.001991045428439975,0.001466752146370709
29598,0,0,explicit_mmr,explicit_mmr,train,0.8892353773117065,0.0954400897026062,0.0003148409305140376,5.4701915360055864e-05,0.01361918356269598,0.0013357509160414338
29599,0,0,explicit_mmr,explicit_mmr,train,0.9033510088920593,0.08469486981630325,0.00026379659539088607,5.11036159878131e-05,0.010690867900848389,0.000948251923546195
29600,0,0,explicit_mmr,explicit_mmr,train,0.9597917795181274,0.0298356581479311,0.0002948977635242045,0.00014262908371165395,0.00845350045710802,0.001481413608416915
29601,0,0,explicit_mmr,explicit_mmr,train,0.8365142345428467,0.1430223286151886,0.0003244996478315443,4.563994298223406e-05,0.01846252754330635,0.0016308566555380821
29602,0,0,explicit_mmr,explicit_mmr,train,0.8798352479934692,0.1079484224319458,0.00032449030550196767,4.332304888521321e-05,0.011043138802051544,0.0008053292986005545
29623,0,0,explicit_mmr,explicit_mmr,train,0.8672031760215759,0.12703478336334229,0.0011432423489168286,3.285754792159423e-05,0.0006772556807845831,0.003908684477210045
29624,0,0,explicit_mmr,explicit_mmr,train,0.922491192817688,0.07407008111476898,0.0005970196216367185,4.486820398597047e-05,0.0009834421798586845,0.0018134480342268944
29625,0,0,explicit_mmr,explicit_mmr,train,0.9234966039657593,0.07306160032749176,0.0005861204117536545,4.580760287353769e-05,0.0009993170388042927,0.0018106636125594378
29626,0,0,explicit_mmr,explicit_mmr,train,0.8416817784309387,0.14987552165985107,0.001999087166041136,3.396176907699555e-05,0.0006987958331592381,0.005710870027542114
29627,0,0,explicit_mmr,explicit_mmr,train,0.8973970413208008,0.09878218919038773,0.00036089884815737605,3.248631765018217e-05,0.0007123853429220617,0.0027150053065270185
29649,4,4,qual_only,qual_only,train,0.028194496408104897,0.026736777275800705,0.0008401708328165114,0.00011011539754690602,0.9429923295974731,0.0011261679464951158
29662,0,1,explicit_mmr,implicit_mmr,train,0.2227589637041092,0.7569159865379333,0.0061909910291433334,1.1837118108815048e-05,0.012996802106499672,0.00112534046638757
29667,0,0,explicit_mmr,explicit_mmr,train,0.4793529808521271,0.14765852689743042,0.0010337324347347021,0.00013710888742934912,0.3702501654624939,0.001567555358633399
29671,1,0,implicit_mmr,explicit_mmr,train,0.44271722435951233,0.3752060830593109,0.16986577212810516,0.0001464362721890211,0.008847692981362343,0.003216842422261834
29690,0,0,explicit_mmr,explicit_mmr,train,0.8355351090431213,0.15411138534545898,0.0012359764659777284,0.0003807895991485566,0.0009721828391775489,0.007764541544020176
29693,1,0,implicit_mmr,explicit_mmr,train,0.5439298152923584,0.44567927718162537,0.0011846135603263974,7.359102892223746e-05,0.004459005314856768,0.004673739429563284
29694,1,1,implicit_mmr,implicit_mmr,train,0.43102672696113586,0.5467453002929688,0.0014106219168752432,0.0003337208472657949,0.007036706432700157,0.013446863740682602
29695,1,0,implicit_mmr,explicit_mmr,train,0.5474981665611267,0.43737614154815674,0.0016411320539191365,0.00025925380759872496,0.005310664884746075,0.00791462603956461
29696,1,0,implicit_mmr,explicit_mmr,train,0.5859089493751526,0.39258676767349243,0.0014057040680199862,0.0005572709487751126,0.006236058194190264,0.013305261731147766
29704,0,1,explicit_mmr,implicit_mmr,train,0.2260759174823761,0.6343047618865967,0.0019814830739051104,0.00028505316004157066,0.13143980503082275,0.0059130494482815266
29755,0,0,explicit_mmr,explicit_mmr,train,0.5218779444694519,0.4691773056983948,0.002081763930618763,1.9553817764972337e-05,0.0036994442343711853,0.003143957583233714
29756,2,2,multi_method_not_mmr,multi_method_not_mmr,train,0.00032681869924999774,0.0008247560472227633,0.9457422494888306,0.010957004502415657,0.0013968994608148932,0.0407523475587368
29775,1,1,implicit_mmr,implicit_mmr,train,0.334323912858963,0.5941169857978821,0.0024221159983426332,3.347888923599385e-05,0.06481020897626877,0.004293231293559074
29785,0,0,explicit_mmr,explicit_mmr,train,0.6343538761138916,0.3470698297023773,0.0014422633685171604,0.00012603354116436094,0.00860410276800394,0.008403890766203403
29810,0,1,explicit_mmr,implicit_mmr,train,0.40903711318969727,0.568967878818512,0.0034927455708384514,1.9499973859637976e-05,0.01560977753251791,0.002873023971915245
29814,2,2,multi_method_not_mmr,multi_method_not_mmr,train,0.0023011150769889355,0.0053372494876384735,0.9602859020233154,0.0010860806796699762,0.005278263706713915,0.025711586698889732
29834,5,5,quant_only,quant_only,train,0.14921630918979645,0.03308983892202377,0.19517672061920166,0.0011813018936663866,0.0048220353201031685,0.616513729095459
29835,0,0,explicit_mmr,explicit_mmr,train,0.8256860971450806,0.1698467880487442,0.001039822120219469,2.9855065804440528e-05,0.0008112860377877951,0.0025862257461994886
29839,3,3,no_method_signal,no_method_signal,train,4.0021477616392076e-05,4.275143874110654e-05,0.04038771241903305,0.9531248211860657,0.00018734062905423343,0.006217332556843758
29861,0,0,explicit_mmr,explicit_mmr,train,0.5746045112609863,0.27186617255210876,0.001164653105661273,4.7417004680028185e-05,0.1511765420436859,0.0011406028643250465
29863,4,4,qual_only,qual_only,train,0.07860522717237473,0.06307145953178406,0.0018120817840099335,0.0001017763715935871,0.8549451231956482,0.0014643105678260326
29872,1,1,implicit_mmr,implicit_mmr,train,0.14142604172229767,0.8001556992530823,0.01800810545682907,0.00024191426928155124,0.015699658542871475,0.024468591436743736
29873,1,1,implicit_mmr,implicit_mmr,train,0.17777730524539948,0.7610327005386353,0.021274777129292488,0.0004198672831989825,0.009423973970115185,0.030071280896663666
29874,4,4,qual_only,qual_only,train,0.020237823948264122,0.017956983298063278,0.002453663619235158,6.292323814705014e-05,0.9585667252540588,0.0007218216778710485
29875,4,4,qual_only,qual_only,train,0.022452453151345253,0.02066943421959877,0.0016560062067583203,6.510133971460164e-05,0.9542040228843689,0.0009529716917313635
29876,4,4,qual_only,qual_only,train,0.007505068089812994,0.005523769650608301,0.00253691547550261,9.068379586096853e-05,0.9841504096984863,0.00019312936638016254
29895,0,5,explicit_mmr,quant_only,train,0.21514493227005005,0.15378940105438232,0.2991926372051239,0.0005323183140717447,0.009183957241475582,0.32215678691864014
29933,2,2,multi_method_not_mmr,multi_method_not_mmr,train,0.00047236631507985294,0.0003482289903331548,0.7203190326690674,0.24204121530056,0.00042188705992884934,0.036397263407707214
29935,5,5,quant_only,quant_only,train,0.0026704866904765368,0.001394757186062634,0.16792209446430206,0.0034324130974709988,0.0004667110915761441,0.8241135478019714
29961,0,0,explicit_mmr,explicit_mmr,train,0.9073569774627686,0.08706166595220566,0.0009126916411332786,7.930335414130241e-05,0.0005227649235166609,0.004066570661962032
29962,0,0,explicit_mmr,explicit_mmr,train,0.9476823210716248,0.04667859524488449,0.00022283184807747602,6.053620018064976e-05,0.0030025222804397345,0.0023532784543931484
29969,2,2,multi_method_not_mmr,multi_method_not_mmr,train,0.0003723114205058664,0.0003180714847985655,0.9740978479385376,0.023480694741010666,0.001529000815935433,0.00020213380048517138
29974,5,2,quant_only,multi_method_not_mmr,train,0.003093093167990446,0.014384562149643898,0.7628132104873657,0.015299269929528236,0.012212456203997135,0.19219735264778137
29983,5,2,quant_only,multi_method_not_mmr,train,0.01487928070127964,0.03883867710828781,0.8494570255279541,0.0004995202179998159,0.03311321511864662,0.06321224570274353
29987,1,1,implicit_mmr,implicit_mmr,train,0.07433874905109406,0.6597200036048889,0.21676158905029297,0.0002036577498074621,0.04041711986064911,0.00855887122452259
29997,0,0,explicit_mmr,explicit_mmr,train,0.9197032451629639,0.06496549397706985,0.004611022770404816,7.95511732576415e-05,0.001114543410949409,0.009526084177196026
30040,2,0,multi_method_not_mmr,explicit_mmr,train,0.6110827922821045,0.36799684166908264,0.004007022362202406,8.065922884270549e-05,0.012561026960611343,0.004271679557859898
30092,0,0,explicit_mmr,explicit_mmr,train,0.8438845276832581,0.08075286448001862,0.0006934388657100499,8.375089237233624e-05,0.07276793569326401,0.0018175438744947314
30093,0,0,explicit_mmr,explicit_mmr,train,0.9713587760925293,0.021678946912288666,0.00019600008090492338,0.00032439263304695487,0.004580486565828323,0.0018613802967593074
30096,0,1,explicit_mmr,implicit_mmr,train,0.1556510627269745,0.7540194392204285,0.04058893397450447,2.6433152015670203e-05,0.04840216040611267,0.0013121049851179123
30097,0,1,explicit_mmr,implicit_mmr,train,0.28171274065971375,0.5981814861297607,0.050010181963443756,3.472920798230916e-05,0.0668286383152008,0.0032321210019290447
30112,0,0,explicit_mmr,explicit_mmr,train,0.9280681014060974,0.03855351358652115,0.00038614869117736816,0.00016428880917374045,0.03146527335047722,0.001362654846161604
30118,0,0,explicit_mmr,explicit_mmr,train,0.5406790375709534,0.44428274035453796,0.004191350657492876,0.00010972357267746702,0.0030561592429876328,0.007681018672883511
30134,0,0,explicit_mmr,explicit_mmr,train,0.7295523285865784,0.2611522078514099,0.0028345820028334856,0.0002453339984640479,0.0021673045121133327,0.004048243630677462
30150,4,4,qual_only,qual_only,train,0.036377884447574615,0.03713070601224899,0.0010185589781031013,0.00019558875646907836,0.9246169924736023,0.0006602253415621817
30168,4,4,qual_only,qual_only,train,0.017543718218803406,0.019292008131742477,0.0006564107025042176,8.33994708955288e-05,0.9617915153503418,0.0006329522002488375
30170,0,0,explicit_mmr,explicit_mmr,train,0.6944808959960938,0.29325810074806213,0.0007585860439576209,0.00023180399148259312,0.0038202095311135054,0.007450421806424856
30171,0,0,explicit_mmr,explicit_mmr,train,0.7019124627113342,0.2840242385864258,0.0022796595003455877,0.00017170823412016034,0.004078766331076622,0.007533100433647633
30206,5,5,quant_only,quant_only,train,0.005702634807676077,0.0016495235031470656,0.026941591873764992,0.0015766303986310959,0.00019252824131399393,0.9639371633529663
30219,0,1,explicit_mmr,implicit_mmr,train,0.20309890806674957,0.4692336916923523,0.055396512150764465,4.9229460273636505e-05,0.2682589888572693,0.003962719347327948
30224,0,1,explicit_mmr,implicit_mmr,train,0.27470865845680237,0.4327012598514557,0.009448281489312649,4.951419759890996e-05,0.27778691053390503,0.005305364262312651
30237,2,2,multi_method_not_mmr,multi_method_not_mmr,train,0.00021514009858947247,0.00021730440494138747,0.9712747931480408,0.026861710473895073,0.0006529538659378886,0.0007780329906381667
30239,0,1,explicit_mmr,implicit_mmr,train,0.2879137098789215,0.5655137896537781,0.021569689735770226,2.9951828764751554e-05,0.12408614158630371,0.00088667863747105
30263,4,4,qual_only,qual_only,train,0.07640482485294342,0.06605658680200577,0.0019912938587367535,0.00011114968947367743,0.8537485599517822,0.001687629846855998
30267,0,0,explicit_mmr,explicit_mmr,train,0.9659929275512695,0.02681073360145092,0.00047673782682977617,0.00010272196959704161,0.005087738391011953,0.0015291370218619704
30269,0,0,explicit_mmr,explicit_mmr,train,0.531039297580719,0.4193284511566162,0.002914648735895753,4.9749785830499604e-05,0.044282764196395874,0.002385117346420884
30270,4,4,qual_only,qual_only,train,0.00842414703220129,0.007315910421311855,0.012242774479091167,0.0002736471069511026,0.9713850021362305,0.00035851841676048934
30272,1,0,implicit_mmr,explicit_mmr,train,0.7059913873672485,0.2873746156692505,0.0015371441841125488,8.744499064050615e-05,0.0035546666476875544,0.0014546964084729552
30273,1,4,implicit_mmr,qual_only,train,0.2516232430934906,0.15704281628131866,0.00270033604465425,8.875207277014852e-05,0.5867777466773987,0.0017671268433332443
30286,4,4,qual_only,qual_only,train,0.01459522731602192,0.009685969911515713,0.0010011374251917005,7.415075378958136e-05,0.9743300080299377,0.0003134407743345946
30300,1,0,implicit_mmr,explicit_mmr,train,0.6351692080497742,0.19255688786506653,0.0007517911144532263,5.526787936105393e-05,0.17090150713920593,0.0005653091939166188
30313,0,0,explicit_mmr,explicit_mmr,train,0.8147810697555542,0.1681179255247116,0.0003922150353901088,7.626950537087396e-05,0.016118496656417847,0.0005140548455528915
30314,0,0,explicit_mmr,explicit_mmr,train,0.7009340524673462,0.21394944190979004,0.0008893678314052522,3.825542808044702e-05,0.08340347558259964,0.0007853865972720087
30340,0,0,explicit_mmr,explicit_mmr,train,0.6219600439071655,0.37209782004356384,0.0023438422940671444,1.9983350284746848e-05,0.0023183224257081747,0.001259998301975429
30355,4,4,qual_only,qual_only,train,0.1052878350019455,0.1506744921207428,0.008942448534071445,9.217002661898732e-05,0.7323850989341736,0.0026179275009781122
30357,0,0,explicit_mmr,explicit_mmr,train,0.8347142934799194,0.15749552845954895,0.002722948556765914,2.6703071853262372e-05,0.0030917138792574406,0.0019487837562337518
30403,0,0,explicit_mmr,explicit_mmr,train,0.6805897355079651,0.3083782196044922,0.002104521496221423,8.588351192884147e-05,0.004233004525303841,0.004608584567904472
30405,0,1,explicit_mmr,implicit_mmr,train,0.48594680428504944,0.49495410919189453,0.008788762614130974,3.102960545220412e-05,0.005314342677593231,0.00496501661837101
30434,1,1,implicit_mmr,implicit_mmr,train,0.2945447862148285,0.6881741285324097,0.0023468423169106245,3.329944593133405e-05,0.008437903597950935,0.006463065277785063
30441,1,0,implicit_mmr,explicit_mmr,train,0.578150749206543,0.4121931195259094,0.001260060933418572,6.362108251778409e-05,0.004431806039065123,0.003900612471625209
30445,4,0,qual_only,explicit_mmr,train,0.3943559229373932,0.2941582202911377,0.0018670106073841453,4.795469794771634e-05,0.3085160255432129,0.001054952503181994
30454,0,0,explicit_mmr,explicit_mmr,train,0.6489837169647217,0.33440151810646057,0.012495794333517551,2.6913929104921408e-05,0.002833117265254259,0.001258869539014995
30461,4,4,qual_only,qual_only,train,0.16473700106143951,0.18623383343219757,0.00217197323217988,5.990334102534689e-05,0.6457790732383728,0.0010183503618463874
30478,1,1,implicit_mmr,implicit_mmr,train,0.1365313082933426,0.8113054037094116,0.00270536239258945,1.1993648513453081e-05,0.04748779907822609,0.0019581811502575874
30479,1,1,implicit_mmr,implicit_mmr,train,0.042045511305332184,0.9348104000091553,0.011447032913565636,1.643244831939228e-05,0.007055437192320824,0.004625204484909773
30480,1,1,implicit_mmr,implicit_mmr,train,0.18897908926010132,0.796938419342041,0.004391015972942114,8.496136615576688e-06,0.006329139228910208,0.0033538267016410828
30481,2,2,multi_method_not_mmr,multi_method_not_mmr,train,0.028400614857673645,0.06497373431921005,0.8455960750579834,0.0028825157787650824,0.015787798911333084,0.04235929995775223
30482,2,2,multi_method_not_mmr,multi_method_not_mmr,train,0.016294972971081734,0.06819936633110046,0.8517457246780396,0.0029733849223703146,0.05005939304828644,0.01072713267058134
30492,0,0,explicit_mmr,explicit_mmr,train,0.9539958834648132,0.033311497420072556,0.0010949738789349794,9.369733015773818e-05,0.010708457790315151,0.0007955528562888503
30493,0,0,explicit_mmr,explicit_mmr,train,0.9686586260795593,0.02216523513197899,0.0005897533847019076,0.00015852875367272645,0.007011731620877981,0.001416009501554072
30506,3,3,no_method_signal,no_method_signal,train,0.00021007555187679827,0.0006536533473990858,0.36225977540016174,0.3981197774410248,0.002068260218948126,0.23668847978115082
30511,1,1,implicit_mmr,implicit_mmr,train,0.34208986163139343,0.649875283241272,0.0013477341271936893,1.2643758054764476e-05,0.0033902961295098066,0.003284148871898651
30535,1,1,implicit_mmr,implicit_mmr,train,0.3984007239341736,0.5897157788276672,0.0019925564993172884,4.361402170616202e-05,0.004424418322741985,0.005422844551503658
30547,4,4,qual_only,qual_only,train,0.053626421838998795,0.03658434376120567,0.0004091922892257571,0.00011380514479242265,0.9080904126167297,0.0011758344480767846
30548,4,4,qual_only,qual_only,train,0.019336750730872154,0.014215332455933094,0.000477219553431496,0.0001232779904967174,0.9652202725410461,0.0006270593730732799
30549,4,4,qual_only,qual_only,train,0.0046423133462667465,0.004064053762704134,0.0006408735644072294,8.405654079979286e-05,0.9903507828712463,0.00021789802121929824
30558,1,1,implicit_mmr,implicit_mmr,train,0.24118727445602417,0.7199493646621704,0.00822819396853447,4.672979048336856e-05,0.0043720826506614685,0.02621638961136341
30613,4,0,qual_only,explicit_mmr,train,0.37840184569358826,0.2801789939403534,0.003870775457471609,6.68629800202325e-05,0.3352517783641815,0.00222975667566061
30614,5,5,quant_only,quant_only,train,0.0008715037838555872,0.0012324622366577387,0.10275797545909882,0.0904872715473175,0.0013354617403820157,0.8033154010772705
30633,0,0,explicit_mmr,explicit_mmr,train,0.7123903036117554,0.28182193636894226,0.0005951244384050369,2.3775901354383677e-05,0.0044081672094762325,0.0007607050938531756
30645,0,0,explicit_mmr,explicit_mmr,train,0.9476078748703003,0.04570723697543144,0.002167165745049715,0.0001815177092794329,0.0006532288971357048,0.0036828501615673304
30657,0,0,explicit_mmr,explicit_mmr,train,0.9440173506736755,0.04621020331978798,0.004348606336861849,0.00012025096657453105,0.0008578582783229649,0.004445716738700867
30672,2,2,multi_method_not_mmr,multi_method_not_mmr,train,0.010653885081410408,0.024544456973671913,0.6839137673377991,0.018349790945649147,0.0052880519069731236,0.25725001096725464
30676,0,0,explicit_mmr,explicit_mmr,train,0.8891144394874573,0.10173830389976501,0.004977824166417122,0.00012599006004165858,0.0009321700199507177,0.0031111727003008127
30692,0,0,explicit_mmr,explicit_mmr,train,0.9323573112487793,0.039016030728816986,0.016926433891057968,0.0002831118181347847,0.0010615073842927814,0.010355569422245026
30701,0,0,explicit_mmr,explicit_mmr,train,0.6410661935806274,0.3015117347240448,0.00954285729676485,6.8879802711308e-05,0.044362857937812805,0.003447468625381589
30706,0,0,explicit_mmr,explicit_mmr,train,0.9227314591407776,0.06736727058887482,0.004339584615081549,7.473639561794698e-05,0.000618973164819181,0.0048681157641112804
30747,4,0,qual_only,explicit_mmr,train,0.9022406935691833,0.04663090407848358,0.0003386441676411778,0.0002006442373385653,0.048622891306877136,0.0019662068225443363
30751,4,4,qual_only,qual_only,train,0.0025583875831216574,0.0011441130191087723,0.0007562160608358681,0.00035740266321226954,0.9944583177566528,0.0007254646043293178
30754,0,4,explicit_mmr,qual_only,train,0.06268370151519775,0.07487083971500397,0.33802467584609985,0.000635374104604125,0.462647408246994,0.06113805994391441
30755,4,4,qual_only,qual_only,train,0.21761448681354523,0.2036682814359665,0.001943080686032772,4.389909372548573e-05,0.5755237340927124,0.0012065639020875096
30801,0,0,explicit_mmr,explicit_mmr,train,0.9417313933372498,0.047962624579668045,0.0003054228436667472,7.388984522549435e-05,0.008757628500461578,0.001169004593975842
30806,5,5,quant_only,quant_only,train,0.005424109287559986,0.0018440737621858716,0.049689292907714844,0.0016734269447624683,0.000227885102503933,0.9411411881446838
30816,2,2,multi_method_not_mmr,multi_method_not_mmr,train,0.00032999340328387916,0.004777959082275629,0.9402615427970886,0.0019130227155983448,0.0504736602306366,0.002243905793875456
30872,5,5,quant_only,quant_only,train,0.003400988643988967,0.0010886734817177057,0.01998073048889637,0.0017817637417465448,0.00015258383064065129,0.9735952615737915
30904,5,5,quant_only,quant_only,train,0.006898405030369759,0.0008547485340386629,0.0651569813489914,0.0034688450396060944,0.00029137887759134173,0.9233296513557434
30988,0,0,explicit_mmr,explicit_mmr,train,0.8650419116020203,0.09005033224821091,0.028159508481621742,0.00019105341925751418,0.0012123172637075186,0.015344907529652119
31103,4,0,qual_only,explicit_mmr,train,0.6793177127838135,0.0842214897274971,0.0007538369973190129,0.00018013562657870352,0.23464733362197876,0.0008794238674454391
31169,1,0,implicit_mmr,explicit_mmr,train,0.5322436690330505,0.29667928814888,0.142073392868042,9.747248259373009e-05,0.0022028079256415367,0.026703476905822754
31216,4,4,qual_only,qual_only,train,0.004412929993122816,0.002284854417666793,0.00038186172605492175,0.00013023165229242295,0.9925462603569031,0.00024386437144130468
31220,0,1,explicit_mmr,implicit_mmr,train,0.39693817496299744,0.5372394323348999,0.05016905069351196,3.4964035876328126e-05,0.012567752972245216,0.0030506951734423637
31242,0,0,explicit_mmr,explicit_mmr,train,0.6616557240486145,0.327274352312088,0.0016683596186339855,2.8625832783291116e-05,0.00816698744893074,0.00120591523591429
31247,0,0,explicit_mmr,explicit_mmr,train,0.914981484413147,0.07453878223896027,0.00483955442905426,9.098805458052084e-05,0.0006953934207558632,0.004853961989283562
31258,0,0,explicit_mmr,explicit_mmr,train,0.9646547436714172,0.02205590158700943,0.0005231949617154896,0.00018095159612130374,0.011140383780002594,0.001444817753508687
31268,3,3,no_method_signal,no_method_signal,train,0.00013173070328775793,6.838740955572575e-05,0.003092424711212516,0.9961666464805603,0.00021835480583831668,0.00032237591221928596
31308,1,0,implicit_mmr,explicit_mmr,train,0.8831847310066223,0.11008993536233902,0.0036953187081962824,0.00013957488408777863,0.001786328386515379,0.001104032970033586
31312,1,0,implicit_mmr,explicit_mmr,train,0.6270018219947815,0.17426975071430206,0.03623921424150467,0.00036826153518632054,0.0008169260690920055,0.16130396723747253
31355,2,2,multi_method_not_mmr,multi_method_not_mmr,train,0.003261264180764556,0.001029602368362248,0.9873166084289551,0.005411585792899132,0.0016532335430383682,0.0013276853132992983
31356,2,2,multi_method_not_mmr,multi_method_not_mmr,train,0.001560883829370141,0.0007549031870439649,0.9838755130767822,0.011044205166399479,0.0007528175483457744,0.0020115659572184086
31372,0,0,explicit_mmr,explicit_mmr,train,0.6516463756561279,0.31189098954200745,0.02893020398914814,5.5448464991059154e-05,0.0063486224971711636,0.0011283204657956958
31373,0,0,explicit_mmr,explicit_mmr,train,0.6847920417785645,0.3080456554889679,0.004424038343131542,3.519863821566105e-05,0.0013738269917666912,0.0013292280491441488
31419,1,0,implicit_mmr,explicit_mmr,train,0.5974599123001099,0.3923783302307129,0.0022933532018214464,4.380123209557496e-05,0.005793989170342684,0.0020305421203374863
31420,1,1,implicit_mmr,implicit_mmr,train,0.42298173904418945,0.5518396496772766,0.002681201556697488,8.597171836299822e-05,0.019202515482902527,0.0032088938169181347
31442,0,0,explicit_mmr,explicit_mmr,train,0.7772541642189026,0.21415607631206512,0.0025276520755141973,0.00016698724357411265,0.003986892756074667,0.0019082212820649147
31445,4,0,qual_only,explicit_mmr,train,0.7172694802284241,0.1798347383737564,0.0009228806593455374,5.04326235386543e-05,0.10085512697696686,0.0010672896169126034
31457,0,0,explicit_mmr,explicit_mmr,train,0.6468075513839722,0.08834165334701538,0.0010448595276102424,0.00014402781380340457,0.26302370429039,0.0006382202845998108
31458,0,0,explicit_mmr,explicit_mmr,train,0.9316979050636292,0.04542030766606331,0.0004166127182543278,0.00013588377623818815,0.021537596359848976,0.0007917882758192718
31464,0,0,explicit_mmr,explicit_mmr,train,0.6244025826454163,0.3691135346889496,0.000813792459666729,9.841242717811838e-05,0.0016931745922192931,0.00387858459725976
31465,0,0,explicit_mmr,explicit_mmr,train,0.5941173434257507,0.39511892199516296,0.004028288181871176,0.00010843484778888524,0.0025717467069625854,0.004055308643728495
31468,0,1,explicit_mmr,implicit_mmr,train,0.4514000713825226,0.5246855020523071,0.005053295753896236,5.248786328593269e-05,0.015692811459302902,0.0031158411875367165
31469,0,0,explicit_mmr,explicit_mmr,train,0.7609260678291321,0.23192276060581207,0.0019997546914964914,0.00025648699374869466,0.0009253864991478622,0.00396947143599391
31479,0,0,explicit_mmr,explicit_mmr,train,0.6312850713729858,0.36146706342697144,0.0014373613521456718,7.171948527684435e-05,0.0027529976796358824,0.0029858394991606474
31491,0,0,explicit_mmr,explicit_mmr,train,0.9799464344978333,0.01657228358089924,0.000683796766679734,0.0004303592722862959,0.001036410452798009,0.0013308326015248895
31524,0,0,explicit_mmr,explicit_mmr,train,0.9415478706359863,0.046047791838645935,0.00037811551010236144,7.95954474597238e-05,0.01151260919868946,0.00043398787965998054
31527,0,0,explicit_mmr,explicit_mmr,train,0.861236572265625,0.11589019000530243,0.00170985353179276,8.635145786684006e-05,0.020697874948382378,0.0003792649367824197
31530,2,2,multi_method_not_mmr,multi_method_not_mmr,train,0.02963046357035637,0.12314348667860031,0.8210774064064026,0.002748961327597499,0.010593396611511707,0.012806359678506851
31537,0,0,explicit_mmr,explicit_mmr,train,0.9012380242347717,0.08679874241352081,0.0046652499586343765,6.72109963488765e-05,0.00038504318217746913,0.0068455711007118225
31538,0,0,explicit_mmr,explicit_mmr,train,0.9815921783447266,0.013745838776230812,0.001541106030344963,0.000742069270927459,0.0010526326950639486,0.0013261165004223585
31540,0,0,explicit_mmr,explicit_mmr,train,0.9381093978881836,0.05368582531809807,0.0040723467245697975,0.0001257729163626209,0.0005780789069831371,0.003428514115512371
31544,0,0,explicit_mmr,explicit_mmr,train,0.9457278847694397,0.05048111826181412,0.0014135995879769325,5.686292570317164e-05,0.0014263567281886935,0.0008941179839894176
31552,0,0,explicit_mmr,explicit_mmr,train,0.9440561532974243,0.05283913016319275,0.0005649646045640111,6.105488864704967e-05,0.0007973210304044187,0.0016813849797472358
31567,0,0,explicit_mmr,explicit_mmr,train,0.505930483341217,0.3809194564819336,0.09199796617031097,0.0001019031333271414,0.017455028370022774,0.0035951328463852406
31572,1,0,implicit_mmr,explicit_mmr,train,0.7620842456817627,0.23171986639499664,0.0008386960835196078,9.859976125881076e-05,0.0018461584113538265,0.003412450198084116
31592,0,0,explicit_mmr,explicit_mmr,train,0.515805721282959,0.45800647139549255,0.0016982884844765067,5.9514954045880586e-05,0.021096503362059593,0.003333474276587367
31615,2,2,multi_method_not_mmr,multi_method_not_mmr,train,0.001291687716729939,0.0009680971270427108,0.9815899729728699,0.007679668255150318,0.00037323147989809513,0.008097353391349316
31616,2,2,multi_method_not_mmr,multi_method_not_mmr,train,0.0010413863928988576,0.0009910487569868565,0.981094479560852,0.0060036759823560715,0.00041466113179922104,0.010454721748828888
31617,2,2,multi_method_not_mmr,multi_method_not_mmr,train,0.0011998084373772144,0.0013101930962875485,0.9803942441940308,0.0026764527428895235,0.0006080932798795402,0.013811251148581505
31622,0,0,explicit_mmr,explicit_mmr,train,0.8982359766960144,0.09541076421737671,0.0006596017628908157,3.592828579712659e-05,0.004545604810118675,0.00111210357863456
31623,2,2,multi_method_not_mmr,multi_method_not_mmr,train,0.00047254725359380245,0.0006218845373950899,0.9621723294258118,0.007071241736412048,0.0005999545101076365,0.029061932116746902
31624,2,2,multi_method_not_mmr,multi_method_not_mmr,train,0.00020524645515251905,0.0002908343158196658,0.9484714865684509,0.029992463067173958,0.0005179537110961974,0.02052190899848938
31629,0,0,explicit_mmr,explicit_mmr,train,0.9675185084342957,0.02270769141614437,0.002067308407276869,0.000697292503900826,0.0005642605246976018,0.006444939412176609
31646,0,0,explicit_mmr,explicit_mmr,train,0.6804491877555847,0.3136509954929352,0.002090104389935732,1.1089862709923182e-05,0.002984783612191677,0.0008137365221045911
31650,0,0,explicit_mmr,explicit_mmr,train,0.40827712416648865,0.2810620665550232,0.0010832275729626417,0.0001693140366114676,0.3074782192707062,0.001930106314830482
31679,0,0,explicit_mmr,explicit_mmr,train,0.8386949896812439,0.15638507902622223,0.000593286007642746,3.7012876418884844e-05,0.0037317888345569372,0.0005578782293014228
31694,3,3,no_method_signal,no_method_signal,train,3.9963688323041424e-05,4.201620686217211e-05,0.00904980581253767,0.9899309873580933,0.00023687200155109167,0.0007003745995461941
31711,5,2,quant_only,multi_method_not_mmr,train,0.013726546429097652,0.00834683794528246,0.8833986520767212,0.0096839414909482,0.0006066126516088843,0.0842374712228775
31712,0,0,explicit_mmr,explicit_mmr,train,0.9543463587760925,0.022717351093888283,0.012252448126673698,0.0006834925152361393,0.008600788190960884,0.0013995723566040397
31713,0,0,explicit_mmr,explicit_mmr,train,0.782265841960907,0.08950014412403107,0.1214149221777916,0.0007242334540933371,0.004132863599807024,0.0019620629027485847
31723,3,3,no_method_signal,no_method_signal,train,0.00016888212121557444,0.00013590599701274186,0.2756129801273346,0.7229791283607483,0.0005883551784791052,0.0005146698094904423
31756,0,0,explicit_mmr,explicit_mmr,train,0.7415481209754944,0.25356781482696533,0.0007948107086122036,0.0001568793086335063,0.0008825656841509044,0.0030497496481984854
31763,0,0,explicit_mmr,explicit_mmr,train,0.6579271554946899,0.27422940731048584,0.056654319167137146,0.0009750828612595797,0.00627549085766077,0.003938577137887478
31764,0,0,explicit_mmr,explicit_mmr,train,0.6674096584320068,0.15305693447589874,0.003481860039755702,0.0015229451237246394,0.17292051017284393,0.0016081135254353285
31774,0,0,explicit_mmr,explicit_mmr,train,0.9571334719657898,0.02489709109067917,0.005381706636399031,0.00048011087346822023,0.011297988705337048,0.0008095704251900315
31775,0,0,explicit_mmr,explicit_mmr,train,0.9377055764198303,0.05832374468445778,0.0005497450474649668,0.00012821535347029567,0.0012407684698700905,0.0020518898963928223
31804,0,0,explicit_mmr,explicit_mmr,train,0.9742115139961243,0.01701083965599537,0.0011628629872575402,0.0002846996358130127,0.005502326879650354,0.0018277163617312908
31819,0,0,explicit_mmr,explicit_mmr,train,0.9587007164955139,0.025858290493488312,0.0003742701665032655,0.00021574240236077458,0.013838137499988079,0.0010128648718819022
31822,3,3,no_method_signal,no_method_signal,train,1.5145563338592183e-05,2.980102362926118e-05,0.002543587004765868,0.995667576789856,0.0007666309247724712,0.0009771942859515548
31823,2,2,multi_method_not_mmr,multi_method_not_mmr,train,0.0013824680354446173,0.020327046513557434,0.8215468525886536,0.002875092439353466,0.1474025994539261,0.00646592304110527
31824,3,3,no_method_signal,no_method_signal,train,1.1987571269855835e-05,4.289063872420229e-05,0.0139084467664361,0.9792845249176025,0.004945050925016403,0.0018069889629259706
31825,2,2,multi_method_not_mmr,multi_method_not_mmr,train,0.0006536354194395244,0.014016865752637386,0.9454571008682251,0.0026221664156764746,0.008960580453276634,0.028289692476391792
31826,3,3,no_method_signal,no_method_signal,train,5.2859450079267845e-05,4.703856757259928e-05,0.02120351232588291,0.9766539931297302,0.00019046515808440745,0.0018521036254242063
31828,3,3,no_method_signal,no_method_signal,train,2.373443749092985e-05,3.0195751605788246e-05,0.01670111157000065,0.9755958318710327,0.0002733168366830796,0.0073758577927947044
31829,3,3,no_method_signal,no_method_signal,train,0.00018405185255687684,0.0001353596308035776,0.37090733647346497,0.6272653341293335,0.0007716131513006985,0.00073629105463624
31832,3,2,no_method_signal,multi_method_not_mmr,train,0.00031137344194576144,0.00020114432845730335,0.644745945930481,0.35295572876930237,0.0014824128011241555,0.0003033289685845375
31833,3,3,no_method_signal,no_method_signal,train,2.1405558072729036e-05,7.906515384092927e-05,0.004309662152081728,0.9691276550292969,0.0021446223836392164,0.024317659437656403
31834,3,3,no_method_signal,no_method_signal,train,2.6892079404206015e-05,3.511253817123361e-05,0.01219914760440588,0.9868408441543579,0.0004378104058559984,0.00046010612277314067
31835,3,3,no_method_signal,no_method_signal,train,1.3123317330610007e-05,2.7756825147662312e-05,0.01733776368200779,0.9811273217201233,0.0010070570278912783,0.0004870320553891361
31836,5,5,quant_only,quant_only,train,0.0035030252765864134,0.005244462285190821,0.0008349295821972191,0.11584070324897766,0.07946363836526871,0.795113205909729
31837,5,5,quant_only,quant_only,train,0.0007065919344313443,0.0010135304182767868,0.00098702113609761,0.4119116961956024,0.04627590626478195,0.539105236530304
31838,5,5,quant_only,quant_only,train,0.00047738576540723443,0.00023283348127733916,0.0006037398125045002,0.030602898448705673,0.00045904750004410744,0.9676240682601929
31839,4,3,qual_only,no_method_signal,train,0.00011686974175972864,0.0002595743571873754,0.3815590739250183,0.5379970669746399,0.07931823283433914,0.000749233877286315
31841,4,4,qual_only,qual_only,train,0.00018390851619187742,0.00017796369502320886,0.00035318059963174164,0.005094174295663834,0.99383944272995,0.0003513585834298283
31842,3,3,no_method_signal,no_method_signal,train,1.709999196464196e-05,2.738547664193902e-05,0.004956550430506468,0.9935030341148376,0.0005487118032760918,0.0009472985984757543
31843,3,3,no_method_signal,no_method_signal,train,1.031280498864362e-05,3.0268472983152606e-05,0.013876021839678288,0.9844383597373962,0.0010830169776454568,0.0005619670846499503
31846,3,3,no_method_signal,no_method_signal,train,4.309495125198737e-05,0.00016926183889154345,0.3093443810939789,0.6492868065834045,0.04012517258524895,0.001031255698762834
31847,3,3,no_method_signal,no_method_signal,train,2.608167051221244e-05,3.36306075041648e-05,0.04552043229341507,0.9529013633728027,0.0011865767883136868,0.0003319321549497545
31848,2,2,multi_method_not_mmr,multi_method_not_mmr,train,0.00030973731190897524,0.00030097883427515626,0.9686402082443237,0.02860751748085022,0.00193650065921247,0.00020502277766354382
31849,1,4,implicit_mmr,qual_only,train,0.002203778363764286,0.020513596013188362,0.08385045826435089,0.08741672337055206,0.6044855117797852,0.20152993500232697
31851,1,5,implicit_mmr,quant_only,train,0.024931175634264946,0.2894327640533447,0.030425680801272392,0.0030188956297934055,0.009998519904911518,0.6421929597854614
31852,3,3,no_method_signal,no_method_signal,train,3.077692963415757e-05,0.0001237050018971786,0.021306084468960762,0.9541303515434265,0.022694462910294533,0.0017146097961813211
31853,3,3,no_method_signal,no_method_signal,train,5.280262485030107e-05,6.670671427855268e-05,0.07439188659191132,0.9230880737304688,0.0022232274059206247,0.00017728385864757001
31854,3,3,no_method_signal,no_method_signal,train,0.00019601154781412333,0.00014132271462585777,0.303092360496521,0.6953279972076416,0.0007199698593467474,0.0005223623011261225
31856,3,3,no_method_signal,no_method_signal,train,0.03173583000898361,0.0019598519429564476,0.0004581453395076096,0.9085802435874939,0.0019695304799824953,0.055296435952186584
31857,0,3,explicit_mmr,no_method_signal,train,0.24924315512180328,0.010260172188282013,0.0008494753856211901,0.5953683853149414,0.013477111235260963,0.13080169260501862
31858,4,2,qual_only,multi_method_not_mmr,train,0.001836152165196836,0.02512110024690628,0.49215131998062134,0.0019841520115733147,0.475002259016037,0.0039051624480634928
31859,4,4,qual_only,qual_only,train,0.000753029016777873,0.001160873332992196,0.03241630643606186,0.0005985893658362329,0.9648262858390808,0.00024486007168889046
31860,4,4,qual_only,qual_only,train,0.0004124248225707561,0.0021401941776275635,0.46760907769203186,0.008515669964253902,0.5200007557868958,0.0013219070388004184
31863,3,3,no_method_signal,no_method_signal,train,4.5544493332272395e-05,8.24526505311951e-05,0.21962854266166687,0.7767665982246399,0.0025562536902725697,0.0009206125978380442
31864,2,2,multi_method_not_mmr,multi_method_not_mmr,train,0.00017192569794133306,0.000851293676532805,0.8406363725662231,0.01714179664850235,0.14062491059303284,0.0005735750310122967
31866,5,5,quant_only,quant_only,train,0.0004569082229863852,0.000338097132043913,0.0014723255299031734,0.018747569993138313,0.00019684614380821586,0.9787882566452026
31867,2,2,multi_method_not_mmr,multi_method_not_mmr,train,0.001453329692594707,0.006646398920565844,0.9615790843963623,0.0010235642548650503,0.0021903174929320812,0.027107443660497665
31870,4,4,qual_only,qual_only,train,0.00011949631880270317,0.0003003057208843529,0.003049147315323353,0.0034986345563083887,0.9928082227706909,0.00022415562125388533
31871,4,4,qual_only,qual_only,train,0.00027823681011796,0.0004118808719795197,0.0008474239730276167,0.014431646093726158,0.9809823632240295,0.0030485056340694427
31872,5,5,quant_only,quant_only,train,0.0055831498466432095,0.02256014384329319,0.0077990139834582806,0.000899630889762193,0.0005030897445976734,0.9626549482345581
31873,5,2,quant_only,multi_method_not_mmr,train,0.0006233014864847064,0.009412222541868687,0.8231390714645386,0.007448550313711166,0.07633998990058899,0.08303681015968323
31875,3,3,no_method_signal,no_method_signal,train,5.151391451363452e-05,5.067842357675545e-05,0.05552570894360542,0.9430399537086487,0.0002484003489371389,0.0010837467852979898
31876,3,2,no_method_signal,multi_method_not_mmr,train,5.879945456399582e-05,0.00019035840523429215,0.7109838128089905,0.279570996761322,0.007825939916074276,0.001370089827105403
31877,3,3,no_method_signal,no_method_signal,train,2.3604750822414644e-05,3.060814196942374e-05,0.005151485558599234,0.9919631481170654,0.0002453839988447726,0.002585750073194504
31878,2,2,multi_method_not_mmr,multi_method_not_mmr,train,0.00021805016149301082,0.00030976932612247765,0.9346097111701965,0.06113363802433014,0.0035816573072224855,0.00014728144742548466
31879,3,3,no_method_signal,no_method_signal,train,7.227294554468244e-05,6.155372102512047e-05,0.05926373228430748,0.9397376179695129,0.00040088946116156876,0.0004638787650037557
31880,5,5,quant_only,quant_only,train,0.015904203057289124,0.10433784872293472,0.011392210610210896,0.0018392628990113735,0.004959662910550833,0.8615669012069702
31881,3,3,no_method_signal,no_method_signal,train,1.4855052540951874e-05,4.746513513964601e-05,0.02137918584048748,0.9724273085594177,0.005429808050394058,0.0007014618604443967
31882,2,2,multi_method_not_mmr,multi_method_not_mmr,train,0.0001104886396205984,0.00021520070731639862,0.9265807271003723,0.04998256266117096,0.008613157086074352,0.014497802592813969
31883,2,3,multi_method_not_mmr,no_method_signal,train,0.00013202446280047297,9.690625302027911e-05,0.16901662945747375,0.8293505311012268,0.00031733833020552993,0.0010865728836506605
31884,0,5,explicit_mmr,quant_only,train,0.04105236753821373,0.29851680994033813,0.2569206953048706,0.0006177060422487557,0.0025133697781711817,0.40037909150123596
31885,1,1,implicit_mmr,implicit_mmr,train,0.02116021327674389,0.460969477891922,0.15126030147075653,0.0007242408464662731,0.00912525039166212,0.35676053166389465
31886,2,3,multi_method_not_mmr,no_method_signal,train,7.398854359053075e-05,7.993265899131075e-05,0.164340540766716,0.8338820338249207,0.0005768564878962934,0.001046690042130649
31890,3,3,no_method_signal,no_method_signal,train,0.00020188753842376173,0.0001646431628614664,0.39910489320755005,0.5990414023399353,0.0011008777655661106,0.00038635116652585566
31891,3,3,no_method_signal,no_method_signal,train,0.0001139132073149085,0.0001349414378637448,0.34602099657058716,0.6468210816383362,0.006475713104009628,0.00043337198439985514
31892,3,3,no_method_signal,no_method_signal,train,0.00028674016357399523,0.0001595158682903275,0.3875770568847656,0.6107289791107178,0.000791064347140491,0.0004566518764477223
31895,5,5,quant_only,quant_only,train,0.0009129107347689569,0.0022587592247873545,0.007299020886421204,0.002822244307026267,0.00022878173331264406,0.986478328704834
31897,1,1,implicit_mmr,implicit_mmr,train,0.0449104905128479,0.6960245966911316,0.1763201653957367,0.0002747593680396676,0.014522526413202286,0.06794752925634384
31898,2,2,multi_method_not_mmr,multi_method_not_mmr,train,0.0005709726829081774,0.00048645117203705013,0.9854621887207031,0.01159549131989479,0.001683726441115141,0.00020119958207942545
31899,2,2,multi_method_not_mmr,multi_method_not_mmr,train,0.0005688976962119341,0.0004773041873704642,0.9842363595962524,0.012867926619946957,0.001643422874622047,0.00020608128397725523
31900,2,2,multi_method_not_mmr,multi_method_not_mmr,train,0.0004100922087673098,0.0004086329136043787,0.9833479523658752,0.013925202190876007,0.001717491657473147,0.0001907678961288184
31901,2,2,multi_method_not_mmr,multi_method_not_mmr,train,0.0003813481598626822,0.0003824276791419834,0.9809166789054871,0.016495561227202415,0.0016396107384935021,0.00018427299801260233
31902,2,2,multi_method_not_mmr,multi_method_not_mmr,train,0.0005583699676208198,0.00045679957838729024,0.9822205901145935,0.014973276294767857,0.0015716719208285213,0.00021918966376688331
31903,3,3,no_method_signal,no_method_signal,train,0.0004276914114598185,0.00022400687157642096,0.43379735946655273,0.5643600225448608,0.0007653465145267546,0.00042562137241475284
31904,3,3,no_method_signal,no_method_signal,train,1.4601136172132101e-05,3.397943146410398e-05,0.020038949325680733,0.9773024320602417,0.0020728909876197577,0.0005370558938011527
31906,2,2,multi_method_not_mmr,multi_method_not_mmr,train,0.016322944313287735,0.11913013458251953,0.5802313089370728,0.004779598210006952,0.09368641674518585,0.18584968149662018
31907,5,5,quant_only,quant_only,train,0.0006543322233483195,0.002516973065212369,0.008012983947992325,0.00383259286172688,0.00039376510540023446,0.9845893979072571
31908,0,1,explicit_mmr,implicit_mmr,train,0.0724981427192688,0.8886860609054565,0.009103615768253803,1.77770580194192e-05,0.023164262995123863,0.00653017358854413
31910,0,1,explicit_mmr,implicit_mmr,train,0.1442582756280899,0.7386854290962219,0.01005316898226738,5.6979468354256824e-05,0.0938437283039093,0.013102391734719276
31911,3,3,no_method_signal,no_method_signal,train,1.4341225323732942e-05,4.254306259099394e-05,0.01805008389055729,0.9797254204750061,0.0012264163233339787,0.0009411199134774506
31912,5,5,quant_only,quant_only,train,0.0005976947140879929,0.00033008403261192143,0.0005602279561571777,0.01349675003439188,0.00038586760638281703,0.9846293926239014
31913,3,3,no_method_signal,no_method_signal,train,6.190124258864671e-05,0.00011302404891466722,0.3948734402656555,0.602436363697052,0.0012718407670035958,0.0012434044620022178
31914,1,1,implicit_mmr,implicit_mmr,train,0.0713023692369461,0.8789212107658386,0.01693710871040821,2.4522620151401497e-05,0.02524811029434204,0.007566682528704405
31915,3,3,no_method_signal,no_method_signal,train,0.00030549359507858753,0.00018281405209563673,0.40011897683143616,0.5982035994529724,0.0007902886136434972,0.00039886264130473137
31916,3,2,no_method_signal,multi_method_not_mmr,train,0.00028888933593407273,0.0003515608550515026,0.4570287764072418,0.2896125018596649,0.042046427726745605,0.21067185699939728
31918,1,1,implicit_mmr,implicit_mmr,train,0.13446944952011108,0.821659505367279,0.010229765437543392,0.00010745769395725802,0.00578515836969018,0.0277485940605402
31919,1,1,implicit_mmr,implicit_mmr,train,0.07922371476888657,0.8670717477798462,0.016718970611691475,4.774889748659916e-05,0.014425357803702354,0.02251249924302101
31923,2,2,multi_method_not_mmr,multi_method_not_mmr,train,0.00018198948237113655,0.00031484029022976756,0.9547774791717529,0.026861531659960747,0.004681650083512068,0.013182469643652439
31925,5,5,quant_only,quant_only,train,0.000516735773999244,0.0007953530293889344,0.00761911366134882,0.003756677033379674,0.00014565850142389536,0.9871664643287659
31926,5,5,quant_only,quant_only,train,0.0007905916427262127,0.0011986707104369998,0.006405869498848915,0.0024992115795612335,0.00015742213872727007,0.9889482259750366
31927,2,2,multi_method_not_mmr,multi_method_not_mmr,train,0.013189488090574741,0.1975846290588379,0.5018445253372192,0.0011949000181630254,0.03723762184381485,0.2489488571882248
31928,3,3,no_method_signal,no_method_signal,train,1.1267723493801896e-05,3.93901536881458e-05,0.01016275491565466,0.9824197292327881,0.006973604205995798,0.00039330433355644345
31930,4,4,qual_only,qual_only,train,0.0005194574478082359,0.0011744968360289931,0.039817195385694504,0.002802397822961211,0.9548870325088501,0.0007994582992978394
31931,2,2,multi_method_not_mmr,multi_method_not_mmr,train,0.00024186406517401338,0.00029134811484254897,0.9094945192337036,0.08088979870080948,0.008881363086402416,0.0002011514879995957
31932,3,2,no_method_signal,multi_method_not_mmr,train,0.0002801405207719654,0.00017914309864863753,0.5956322550773621,0.4023488759994507,0.0007923394441604614,0.0007672750507481396
31935,3,3,no_method_signal,no_method_signal,train,2.311200660187751e-05,5.7882465625880286e-05,0.045531224459409714,0.9472354054450989,0.006782141048461199,0.0003700974630191922
31937,3,3,no_method_signal,no_method_signal,train,0.0004484965465962887,0.000228440563660115,0.4837634861469269,0.5143380165100098,0.0008026910363696516,0.00041885924292728305
31938,3,3,no_method_signal,no_method_signal,train,8.338040788657963e-05,7.323005411308259e-05,0.1084066778421402,0.8904523849487305,0.0005659365560859442,0.0004184082499705255
31939,5,5,quant_only,quant_only,train,0.000387589301681146,0.0008936161757446826,0.11897240579128265,0.04067988693714142,0.001014332752674818,0.8380521535873413
31940,1,1,implicit_mmr,implicit_mmr,train,0.04676654934883118,0.7499852776527405,0.13719922304153442,0.00016625506395939738,0.03511495888233185,0.030767755582928658
31942,0,1,explicit_mmr,implicit_mmr,train,0.044318169355392456,0.41886264085769653,0.31298574805259705,0.0006830340134911239,0.008963260799646378,0.2141871452331543
31943,2,5,multi_method_not_mmr,quant_only,train,0.021543819457292557,0.21528245508670807,0.2547723352909088,0.001540055382065475,0.051283545792102814,0.4555778503417969
31944,3,3,no_method_signal,no_method_signal,train,0.00046375792589969933,0.00033568681101314723,0.42354801297187805,0.5727987289428711,0.0005502179847098887,0.0023034943733364344
31945,5,5,quant_only,quant_only,train,0.006335602607578039,0.008129661902785301,0.1504429131746292,0.011457654647529125,0.0004453718429431319,0.8231887817382812
31947,3,3,no_method_signal,no_method_signal,train,3.789747643168084e-05,4.760394949698821e-05,0.043514903634786606,0.9544886946678162,0.0017270564567297697,0.00018387565796729177
31948,2,3,multi_method_not_mmr,no_method_signal,train,9.147580567514524e-05,7.899806223576888e-05,0.08074241131544113,0.9178997874259949,0.00033658905886113644,0.0008507959428243339
31950,0,1,explicit_mmr,implicit_mmr,train,0.26327431201934814,0.7103310823440552,0.003784752218052745,0.00012918563152197748,0.004275234881788492,0.018205400556325912
31951,5,5,quant_only,quant_only,train,0.0007182579138316214,0.0006621876382268965,0.0005557184340432286,0.3623288869857788,0.006133598741143942,0.6296013593673706
31952,5,1,quant_only,implicit_mmr,train,0.2637523114681244,0.7043553590774536,0.003465875517576933,0.00013878026220481843,0.006575113162398338,0.021712632849812508
31953,2,2,multi_method_not_mmr,multi_method_not_mmr,train,0.0005353179876692593,0.00025631350581534207,0.5551331639289856,0.44289326667785645,0.0007781970780342817,0.0004038190236315131
31954,2,2,multi_method_not_mmr,multi_method_not_mmr,train,0.0004965612315572798,0.0002450772444717586,0.532119631767273,0.46594372391700745,0.0007908429834060371,0.00040418931166641414
31956,5,5,quant_only,quant_only,train,0.004576880019158125,0.030903739854693413,0.006955619901418686,0.020556680858135223,0.025750359520316124,0.9112566709518433
31957,2,2,multi_method_not_mmr,multi_method_not_mmr,train,0.0002695582516025752,0.00018116555293090641,0.5322698354721069,0.4658377468585968,0.000976712442934513,0.0004650287446565926
31958,5,5,quant_only,quant_only,train,0.0009191897115670145,0.0011906337458640337,0.003696814179420471,0.0028094188310205936,0.00017162779113277793,0.9912123084068298
31959,3,3,no_method_signal,no_method_signal,train,3.639718852355145e-05,0.00012597025488503277,0.15781651437282562,0.8259472846984863,0.015702232718467712,0.0003716806822922081
31960,3,2,no_method_signal,multi_method_not_mmr,train,0.00021423115686047822,0.00036168305086903274,0.960817813873291,0.03249986097216606,0.00597937498241663,0.00012708255962934345
31961,5,5,quant_only,quant_only,train,0.004531743936240673,0.014856217429041862,0.13754944503307343,0.0027660601772367954,0.0014767353422939777,0.8388198018074036
31963,3,3,no_method_signal,no_method_signal,train,2.115830830007326e-05,6.946777284611017e-05,0.05023331940174103,0.9356760382652283,0.0016435764264315367,0.012356407009065151
31964,4,4,qual_only,qual_only,train,0.004835119936615229,0.06528271734714508,0.23811492323875427,0.0009356231312267482,0.6871458888053894,0.0036857847589999437
31965,5,5,quant_only,quant_only,train,0.002404408296570182,0.005221765488386154,0.004711272194981575,0.001552035566419363,0.0001611118932487443,0.9859493374824524
31967,1,1,implicit_mmr,implicit_mmr,train,0.016572624444961548,0.46048903465270996,0.31347501277923584,0.0004496219044085592,0.19383607804775238,0.015177537687122822
31968,4,4,qual_only,qual_only,train,0.0005597785348072648,0.0009814309887588024,0.008579599671065807,0.0014628355856984854,0.98785400390625,0.0005624021287076175
31969,1,1,implicit_mmr,implicit_mmr,train,0.031351663172245026,0.7809939980506897,0.08355366438627243,0.00013340573059394956,0.08633651584386826,0.017630774527788162
31970,5,5,quant_only,quant_only,train,0.0022656074725091457,0.0068772463127970695,0.013005228713154793,0.001365202246233821,0.00028947246028110385,0.9761971831321716
31971,5,5,quant_only,quant_only,train,0.001273439615033567,0.006052935030311346,0.010187877342104912,0.0036974765826016665,0.0009465380571782589,0.9778417348861694
31972,4,1,qual_only,implicit_mmr,train,0.04297250881791115,0.7588421702384949,0.0885937288403511,0.00012821523705497384,0.09205036610364914,0.017413035035133362
31975,0,1,explicit_mmr,implicit_mmr,train,0.19932276010513306,0.7717950344085693,0.015943143516778946,1.773732219589874e-05,0.0032957864459604025,0.00962548702955246
31976,5,5,quant_only,quant_only,train,0.004915448371320963,0.005783501546829939,0.01733817346394062,0.0015858843689784408,0.00012533555855043232,0.9702516794204712
31977,4,4,qual_only,qual_only,train,0.0014348078984767199,0.00371795822866261,0.021143365651369095,0.00038810353726148605,0.9731037616729736,0.00021198221656959504
31978,4,4,qual_only,qual_only,train,0.00032272606040351093,0.0005262307822704315,0.001175739336758852,0.004150885622948408,0.992445170879364,0.001379236113280058
31981,5,5,quant_only,quant_only,train,0.00019143363169860095,0.00030553920078091323,0.0012517033610492945,0.03146655112504959,0.0007767790229991078,0.9660080075263977
31982,3,3,no_method_signal,no_method_signal,train,0.00012782802514266223,0.00011505821021273732,0.00039387488504871726,0.9285684823989868,0.004291247576475143,0.06650356203317642
31984,3,3,no_method_signal,no_method_signal,train,0.000176644156454131,0.00012042651360388845,0.176550954580307,0.8220877647399902,0.00044664324377663434,0.0006175399757921696
31986,5,5,quant_only,quant_only,train,0.001696456572972238,0.00381859322078526,0.060304105281829834,0.006942154839634895,0.001020177616737783,0.9262185096740723
31987,2,5,multi_method_not_mmr,quant_only,train,0.00942178163677454,0.020092450082302094,0.12397246807813644,0.0026119924150407314,0.0016433922573924065,0.8422578573226929
31989,3,3,no_method_signal,no_method_signal,train,7.845623622415587e-05,9.960157331079245e-05,0.0007003811188042164,0.9625411629676819,0.0008778955671004951,0.03570244833827019
31990,5,5,quant_only,quant_only,train,0.00040124705992639065,0.0003531415422912687,0.0009093246189877391,0.09098394960165024,0.0011697100708261132,0.9061826467514038
31991,3,2,no_method_signal,multi_method_not_mmr,train,0.00044755812268704176,0.0002963848819490522,0.8184311985969543,0.1791328489780426,0.0014332795981317759,0.00025875939172692597
31992,2,2,multi_method_not_mmr,multi_method_not_mmr,train,0.007077293936163187,0.05726401135325432,0.8792850375175476,0.0007880702032707632,0.00701664574444294,0.048568882048130035
31993,2,2,multi_method_not_mmr,multi_method_not_mmr,train,0.0070093488320708275,0.06736259162425995,0.8831120729446411,0.0007397895096801221,0.01030790526419878,0.03146832808852196
31994,3,3,no_method_signal,no_method_signal,train,0.00015571930271107703,8.61942462506704e-05,0.0049884263426065445,0.9401180148124695,0.00020796529133804142,0.05444369837641716
31996,1,1,implicit_mmr,implicit_mmr,train,0.049518294632434845,0.6032677292823792,0.2274523377418518,0.0002539216075092554,0.09151933342218399,0.02798834815621376
31997,4,4,qual_only,qual_only,train,0.0007438500178977847,0.0076336911879479885,0.31607693433761597,0.027486713603138924,0.640539288520813,0.00751952501013875
31998,2,2,multi_method_not_mmr,multi_method_not_mmr,train,0.0009601471829228103,0.012014081701636314,0.8797959685325623,0.0037368028424680233,0.011846130713820457,0.09164681285619736
31999,4,2,qual_only,multi_method_not_mmr,train,0.011212335899472237,0.22697144746780396,0.6005112528800964,0.0006464346661232412,0.12060637027025223,0.04005208611488342
32003,4,4,qual_only,qual_only,train,0.00022444225032813847,0.000516372499987483,0.004867279902100563,0.0033558153081685305,0.9905024766921997,0.00053353700786829
32004,2,2,multi_method_not_mmr,multi_method_not_mmr,train,0.00012477936979848891,0.00032707536593079567,0.9463834762573242,0.042377423495054245,0.010570752434432507,0.00021647049288731068
32005,3,3,no_method_signal,no_method_signal,train,4.5233631681185216e-05,5.206950299907476e-05,0.0179064329713583,0.9811214208602905,0.00044801292824558914,0.0004268159973435104
32007,1,2,implicit_mmr,multi_method_not_mmr,train,0.03680484741926193,0.21243412792682648,0.6425076127052307,0.0006058334256522357,0.005787508562207222,0.10186008363962173
32008,3,3,no_method_signal,no_method_signal,train,3.5750777897192165e-05,4.681431528297253e-05,0.03179064765572548,0.9671241044998169,0.0007262303843162954,0.00027649529511108994
32009,4,4,qual_only,qual_only,train,0.022368380799889565,0.08365841954946518,0.006775256246328354,8.939338295022026e-05,0.8850389719009399,0.002069561742246151
32010,0,0,explicit_mmr,explicit_mmr,train,0.882768452167511,0.1120566874742508,0.00020105409203097224,2.480723378539551e-05,0.0033761882223188877,0.0015725878765806556
32011,1,1,implicit_mmr,implicit_mmr,train,0.08906644582748413,0.7942733764648438,0.09489262849092484,6.496000423794612e-05,0.012593875639140606,0.009108751080930233
32013,3,3,no_method_signal,no_method_signal,train,0.0004070545546710491,0.0002203206968260929,0.31304556131362915,0.6851767301559448,0.0004646204470191151,0.0006857166299596429
32014,2,2,multi_method_not_mmr,multi_method_not_mmr,train,8.978207188192755e-05,0.0002767419209703803,0.8856818675994873,0.1030767560005188,0.01063739974051714,0.00023750358377583325
32015,3,3,no_method_signal,no_method_signal,train,6.882200977997854e-05,0.0001838994212448597,0.32855215668678284,0.6524861454963684,0.018470399081707,0.00023854592291172594
32016,1,1,implicit_mmr,implicit_mmr,train,0.037064775824546814,0.8544414639472961,0.06941349804401398,8.674798300489783e-05,0.017060458660125732,0.02193300798535347
32018,3,3,no_method_signal,no_method_signal,train,3.038028626178857e-05,3.925090641132556e-05,0.02026749588549137,0.978392481803894,0.001055906293913722,0.00021446145547088236
32020,2,2,multi_method_not_mmr,multi_method_not_mmr,train,0.0005349258426576853,0.00030441535636782646,0.9670873880386353,0.03078811801970005,0.000526346848346293,0.0007587154395878315
32021,4,4,qual_only,qual_only,train,0.00022539813653565943,0.0009089199593290687,0.12667831778526306,0.01748874969780445,0.8540753126144409,0.0006232577143236995
32023,3,3,no_method_signal,no_method_signal,train,1.2681551197601948e-05,4.3911466491408646e-05,0.007622149772942066,0.9855050444602966,0.003850154113024473,0.002966187661513686
32024,3,3,no_method_signal,no_method_signal,train,3.9935592212714255e-05,7.740070577710867e-05,0.1035388857126236,0.8949053287506104,0.0007980551454238594,0.0006404147134162486
32025,0,1,explicit_mmr,implicit_mmr,train,0.054228197783231735,0.8370481133460999,0.05080307275056839,5.3102037782082334e-05,0.041937656700611115,0.015929941087961197
32026,0,1,explicit_mmr,implicit_mmr,train,0.04933277517557144,0.7990168929100037,0.08011940121650696,8.222948235925287e-05,0.052107635885477066,0.01934118941426277
32029,3,3,no_method_signal,no_method_signal,train,2.3068203518050723e-05,3.5443455999484286e-05,0.01850806549191475,0.9803422093391418,0.0003596430760808289,0.000731544045265764
32030,3,3,no_method_signal,no_method_signal,train,2.297333048772998e-05,3.558426760719158e-05,0.019174084067344666,0.979668915271759,0.00036705343518406153,0.0007314363028854132
32031,3,3,no_method_signal,no_method_signal,train,2.1318570361472666e-05,3.308589293737896e-05,0.013238928280770779,0.985716700553894,0.0004097012570127845,0.0005802587256766856
32032,3,3,no_method_signal,no_method_signal,train,2.629858317959588e-05,0.00014458429359365255,0.09025882929563522,0.8893592357635498,0.014055115170776844,0.0061559067107737064
32033,3,3,no_method_signal,no_method_signal,train,7.997821376193315e-05,7.206319423858076e-05,0.06076877564191818,0.9381905794143677,0.0004272382939234376,0.000461371848359704
32034,3,5,no_method_signal,quant_only,train,0.00045862156548537314,0.0017553053330630064,0.014399206265807152,0.0965486541390419,0.013143124990165234,0.8736951351165771
32035,4,2,qual_only,multi_method_not_mmr,train,0.024100804701447487,0.3111814856529236,0.5110450387001038,0.0011625840561464429,0.12718157470226288,0.02532847225666046
32036,0,1,explicit_mmr,implicit_mmr,train,0.1614559292793274,0.780290424823761,0.04248407855629921,2.951784699689597e-05,0.0032763672061264515,0.012463719584047794
32037,1,1,implicit_mmr,implicit_mmr,train,0.14073893427848816,0.8198874592781067,0.009263698942959309,2.4814464268274605e-05,0.021385161206126213,0.008699966594576836
32039,2,1,multi_method_not_mmr,implicit_mmr,train,0.09073194116353989,0.7253552079200745,0.15613530576229095,8.59822757774964e-05,0.004763423465192318,0.022928224876523018
32041,1,1,implicit_mmr,implicit_mmr,train,0.14818723499774933,0.8067785501480103,0.0049920231103897095,2.5559618734405376e-05,0.03240904211997986,0.007607681211084127
32042,5,5,quant_only,quant_only,train,0.00029004988027736545,0.00022805326443631202,0.001192309195175767,0.016411375254392624,0.00016295621753670275,0.9817153215408325
32043,5,1,quant_only,implicit_mmr,train,0.06915479153394699,0.6748033761978149,0.07262321561574936,0.0003396800602786243,0.013781605288386345,0.1692972481250763
32044,2,2,multi_method_not_mmr,multi_method_not_mmr,train,0.0001819787867134437,0.001311733154579997,0.8346794843673706,0.015611470676958561,0.14675253629684448,0.0014627351192757487
32045,4,4,qual_only,qual_only,train,0.00031629810109734535,0.0009508319199085236,0.01988453045487404,0.001959554385393858,0.9764531850814819,0.00043560436461120844
32048,4,4,qual_only,qual_only,train,0.0002494189247954637,0.00042107352055609226,0.002531276550143957,0.0022412333637475967,0.9943972826004028,0.0001598211092641577
32049,2,5,multi_method_not_mmr,quant_only,train,0.0035549537278711796,0.0075672343373298645,0.18497666716575623,0.0037058291491121054,0.0018022614531219006,0.7983930706977844
32050,2,5,multi_method_not_mmr,quant_only,train,0.001303281751461327,0.003912762273102999,0.1547723412513733,0.004609758034348488,0.0009621980134397745,0.8344396948814392
32051,5,5,quant_only,quant_only,train,0.0004263673909008503,0.0011547181056812406,0.0032610262278467417,0.007715529762208462,0.00029001181246712804,0.9871522784233093
32052,3,3,no_method_signal,no_method_signal,train,3.9637929148739204e-05,0.00010557410860201344,0.0022630710154771805,0.9485957622528076,0.0026289524976164103,0.04636702314019203
32054,5,5,quant_only,quant_only,train,0.00317347957752645,0.027108147740364075,0.03453638032078743,0.0019000218017026782,0.0010494593298062682,0.9322324395179749
32055,1,1,implicit_mmr,implicit_mmr,train,0.04309281334280968,0.814285159111023,0.07541064918041229,8.032011828618124e-05,0.052501898258924484,0.014629166573286057
32058,5,5,quant_only,quant_only,train,0.004261179361492395,0.011416994966566563,0.010025592520833015,0.0018858173862099648,0.00019706902094185352,0.9722133874893188
32060,4,4,qual_only,qual_only,train,0.0003650630824267864,0.0013849559472873807,0.21814265847206116,0.007731138728559017,0.7715973258018494,0.0007787930080667138
32061,4,4,qual_only,qual_only,train,0.0001900283677969128,0.0004975720075890422,0.003805369371548295,0.001685264171101153,0.993526816368103,0.00029503132100217044
32062,4,4,qual_only,qual_only,train,0.0002698978059925139,0.0009710068698041141,0.006862813141196966,0.0019497715402394533,0.98915034532547,0.0007962046656757593
32064,3,3,no_method_signal,no_method_signal,train,2.3097736630006693e-05,3.280810051364824e-05,0.005510085728019476,0.9934030175209045,0.0005811937153339386,0.0004497239424381405
32065,4,4,qual_only,qual_only,train,0.0006185460952110589,0.0025883857160806656,0.03724503889679909,0.002247215248644352,0.9562326073646545,0.0010682622669264674
32066,3,3,no_method_signal,no_method_signal,train,8.677927689859644e-05,6.524781929329038e-05,0.048941489309072495,0.9498156905174255,0.00029656541300937533,0.0007942907977849245
32068,2,2,multi_method_not_mmr,multi_method_not_mmr,train,0.0005593011737801135,0.004016524646431208,0.9815012812614441,0.0013826536014676094,0.0062225377187132835,0.0063177235424518585
32069,0,1,explicit_mmr,implicit_mmr,train,0.15089620649814606,0.6867967844009399,0.019961396232247353,5.864603735972196e-05,0.13308994472026825,0.009196988306939602
32071,0,1,explicit_mmr,implicit_mmr,train,0.14519597589969635,0.6739425659179688,0.013996493071317673,7.473072037100792e-05,0.15455752611160278,0.012232769280672073
32072,1,5,implicit_mmr,quant_only,train,0.047642696648836136,0.29477518796920776,0.09203006327152252,0.0010728680063039064,0.0045758807100355625,0.5599033236503601
32074,4,3,qual_only,no_method_signal,train,0.00012888804485555738,0.0003076186985708773,0.34805917739868164,0.5662181973457336,0.08473089337348938,0.0005552720976993442
32075,3,2,no_method_signal,multi_method_not_mmr,train,0.00012799644900951535,0.00019375848933123052,0.6979012489318848,0.29632866382598877,0.0052581592462956905,0.0001901593350339681
32076,2,1,multi_method_not_mmr,implicit_mmr,train,0.12503769993782043,0.5021891593933105,0.15514881908893585,0.00045901830890215933,0.00426447531208396,0.21290086209774017
32078,3,3,no_method_signal,no_method_signal,train,7.393304986180738e-05,6.897728599142283e-05,0.03630607947707176,0.9626498818397522,0.0005199565785005689,0.00038118805969133973
32079,3,3,no_method_signal,no_method_signal,train,1.3291282812133431e-05,2.751098872977309e-05,0.0043611833825707436,0.9939568042755127,0.0005480832769535482,0.0010930469725281
32083,0,0,explicit_mmr,explicit_mmr,train,0.9408807754516602,0.05582692474126816,0.00022917026944924146,6.0435031628003344e-05,0.0012682740343734622,0.0017343733925372362
32086,0,0,explicit_mmr,explicit_mmr,train,0.5744752287864685,0.4194643795490265,0.0006286507123149931,2.65031740127597e-05,0.0032132414635270834,0.0021919896826148033
32088,5,5,quant_only,quant_only,train,0.0006163407233543694,0.0015841646818444133,0.0026565033476799726,0.004296797793358564,0.00011924535647267476,0.9907269477844238
32090,5,5,quant_only,quant_only,train,0.0005460981628857553,0.001389245386235416,0.005833799950778484,0.004018647596240044,0.00015398823597934097,0.9880581498146057
32092,3,3,no_method_signal,no_method_signal,train,0.00013891913113184273,0.00010295602260157466,0.10028305649757385,0.8985689878463745,0.000478018686408177,0.00042805043631233275
32093,0,5,explicit_mmr,quant_only,train,0.00270137214101851,0.001238774391822517,0.002555753570050001,0.004976645577698946,7.520664803450927e-05,0.9884522557258606
32095,4,4,qual_only,qual_only,train,0.09588257223367691,0.15920479595661163,0.004271258134394884,0.00020013199537061155,0.7325416803359985,0.007899537682533264
32096,2,2,multi_method_not_mmr,multi_method_not_mmr,train,0.00040511094266548753,0.0009684521937742829,0.9469889402389526,0.010426752269268036,0.025536879897117615,0.015673799440264702
32097,4,4,qual_only,qual_only,train,0.0013795224949717522,0.01222902536392212,0.06114431098103523,0.30936771631240845,0.3698292076587677,0.24605019390583038
32099,3,3,no_method_signal,no_method_signal,train,3.938227382604964e-05,4.9450405640527606e-05,0.048097919672727585,0.9507503509521484,0.0006947255460545421,0.00036808906588703394
32100,3,5,no_method_signal,quant_only,train,0.00030159903690218925,0.0017929169116541743,0.02890188992023468,0.12913048267364502,0.006695754826068878,0.833177387714386
32101,3,3,no_method_signal,no_method_signal,train,4.238621477270499e-05,4.3833537347381935e-05,0.034913066774606705,0.9640699625015259,0.0003863124002236873,0.0005445623537525535
32103,1,1,implicit_mmr,implicit_mmr,train,0.03639480471611023,0.8645216822624207,0.04902089387178421,6.178657349664718e-05,0.03162645548582077,0.018374374136328697
32104,3,3,no_method_signal,no_method_signal,train,1.5183953109954018e-05,3.1949715776136145e-05,0.007053087931126356,0.9913691878318787,0.0006540225585922599,0.0008765416569076478
32106,2,1,multi_method_not_mmr,implicit_mmr,train,0.10883361846208572,0.6589459776878357,0.16408789157867432,0.00038185829180292785,0.004862350411713123,0.06288829445838928
32107,3,3,no_method_signal,no_method_signal,train,0.00011500534310471267,8.344592788489535e-05,0.08930345624685287,0.9095382690429688,0.0003395069215912372,0.0006202576332725585
32108,3,3,no_method_signal,no_method_signal,train,0.0001263862068299204,8.955297380452976e-05,0.10168695449829102,0.8970650434494019,0.00034766318276524544,0.0006844354211352766
32109,3,3,no_method_signal,no_method_signal,train,0.0001276131661143154,9.783209679881111e-05,0.08998021483421326,0.9088940620422363,0.0004606950969900936,0.00043958344031125307
32110,3,3,no_method_signal,no_method_signal,train,0.00010370055679231882,7.408028614008799e-05,0.06638482958078384,0.9325519800186157,0.00030296019394882023,0.0005825593252666295
32111,3,3,no_method_signal,no_method_signal,train,0.0001243070582859218,8.860733214532956e-05,0.09609980136156082,0.9027004837989807,0.0003472493845038116,0.0006395048112608492
32112,3,3,no_method_signal,no_method_signal,train,0.00012916575360577554,9.93012436083518e-05,0.09801796078681946,0.9008285403251648,0.0004756893904414028,0.00044931593583896756
32115,3,3,no_method_signal,no_method_signal,train,2.4732684323680587e-05,3.860695142066106e-05,0.003852609544992447,0.994922935962677,0.0006659067585133016,0.0004951974842697382
32116,3,3,no_method_signal,no_method_signal,train,6.480335287051275e-05,5.620894080493599e-05,0.0015688732964918017,0.9508033394813538,0.0014440903905779123,0.04606270417571068
32117,3,3,no_method_signal,no_method_signal,train,7.135838677641004e-05,9.860011778073385e-05,0.0037758362013846636,0.8521395325660706,0.017154324799776077,0.12676037847995758
32118,3,3,no_method_signal,no_method_signal,train,3.2824747904669493e-05,3.9957107219379395e-05,0.006670206319540739,0.992266833782196,0.0005349746206775308,0.00045518227852880955
32122,5,5,quant_only,quant_only,train,0.0018516385462135077,0.0020155692473053932,0.018569082021713257,0.003989251796156168,0.00012465580948628485,0.9734497666358948
32123,2,3,multi_method_not_mmr,no_method_signal,train,6.222272349987179e-05,0.00011234503472223878,0.4218912422657013,0.5674084424972534,0.010179341770708561,0.0003464813344180584
32124,2,2,multi_method_not_mmr,multi_method_not_mmr,train,7.66832017689012e-05,0.0001562267862027511,0.9358972311019897,0.05866368114948273,0.004773817490786314,0.0004322625754866749
32125,3,2,no_method_signal,multi_method_not_mmr,train,0.000490501697640866,0.00024260612553916872,0.7486308813095093,0.24908141791820526,0.0012762730475515127,0.0002783082309179008
32126,5,5,quant_only,quant_only,train,0.0007560805534012616,0.0029035110492259264,0.006151107605546713,0.008211048319935799,0.0004245690943207592,0.9815536737442017
32128,3,3,no_method_signal,no_method_signal,train,0.00010678877879399806,0.00013962434604763985,0.43025869131088257,0.5638924241065979,0.005187047645449638,0.00041540508391335607
32129,3,3,no_method_signal,no_method_signal,train,1.564436752232723e-05,3.261402525822632e-05,0.029946522787213326,0.9677613973617554,0.0009569906978867948,0.0012868925696238875
32130,1,1,implicit_mmr,implicit_mmr,train,0.11619413644075394,0.8534701466560364,0.008823186159133911,1.9690445697051473e-05,0.0016264569712802768,0.01986621879041195
32132,5,5,quant_only,quant_only,train,0.0012263504322618246,0.0024024932645261288,0.0029548280872404575,0.0021344050765037537,0.00017344532534480095,0.9911084175109863
32134,2,2,multi_method_not_mmr,multi_method_not_mmr,train,0.0002577030682004988,0.00018750567687675357,0.6103876233100891,0.3876000642776489,0.0010533815948292613,0.0005136100226081908
32135,3,3,no_method_signal,no_method_signal,train,1.9676750525832176e-05,3.2813339203130454e-05,0.03381667286157608,0.9648683667182922,0.0006260117515921593,0.0006364129949361086
32136,4,4,qual_only,qual_only,train,0.0020348760299384594,0.0033228276297450066,0.007307405583560467,0.0001546593412058428,0.9870333671569824,0.00014684860070701689
32139,0,2,explicit_mmr,multi_method_not_mmr,train,0.06397921591997147,0.297037273645401,0.4602246582508087,0.0008365705143660307,0.0034460292663425207,0.17447634041309357
32140,4,4,qual_only,qual_only,train,0.001380152185447514,0.0062613459303975105,0.024163546040654182,0.0038626331370323896,0.9555792808532715,0.00875305850058794
32141,3,3,no_method_signal,no_method_signal,train,0.0016196566866710782,0.000462871917989105,0.010281825438141823,0.986906111240387,0.000508328783325851,0.00022115945466794074
32142,3,3,no_method_signal,no_method_signal,train,0.0016504895174875855,0.00047769880620762706,0.014648711308836937,0.982563316822052,0.00039029508479870856,0.0002695448638405651
32143,3,3,no_method_signal,no_method_signal,train,0.003406497649848461,0.0007385234348475933,0.003560504410415888,0.9913398623466492,0.0005496589001268148,0.00040503323543816805
32144,3,3,no_method_signal,no_method_signal,train,1.5299010556191206e-05,2.7061059881816618e-05,0.0028146179392933846,0.9954407215118408,0.0009137255838140845,0.0007885845261625946
32145,0,1,explicit_mmr,implicit_mmr,train,0.19638493657112122,0.4771731197834015,0.004184366203844547,0.0001431741111446172,0.31013303995132446,0.01198135782033205
32152,3,3,no_method_signal,no_method_signal,train,1.8243490558234043e-05,3.985949297202751e-05,0.05572706460952759,0.9399847388267517,0.003967976197600365,0.0002620852901600301
32155,3,3,no_method_signal,no_method_signal,train,3.5647703043650836e-05,4.3868712964467704e-05,0.019445130601525307,0.9796003699302673,0.00046566856326535344,0.0004092542512807995
32156,0,2,explicit_mmr,multi_method_not_mmr,train,0.04380647838115692,0.2376222461462021,0.4415261447429657,0.0010698182741180062,0.002319903578609228,0.27365541458129883
32158,5,5,quant_only,quant_only,train,0.0002839338849298656,0.00018819645629264414,0.0008029412711039186,0.029643619433045387,0.000375004718080163,0.9687063097953796
32159,5,5,quant_only,quant_only,train,0.00042558417771942914,0.0019837382715195417,0.0021201821509748697,0.005256188102066517,0.00099627033341676,0.9892181158065796
32162,3,3,no_method_signal,no_method_signal,train,2.8011156246066093e-05,3.444839603616856e-05,0.013416331261396408,0.9822227954864502,0.00024326873244717717,0.004055054858326912
32163,5,5,quant_only,quant_only,train,0.00032185803866013885,0.0009795943042263389,0.0020774633157998323,0.1251072883605957,0.004878508858382702,0.866635262966156
32164,5,5,quant_only,quant_only,train,0.0014630708610638976,0.005055485758930445,0.006443758960813284,0.005125547759234905,0.0006474959664046764,0.9812646508216858
32167,0,1,explicit_mmr,implicit_mmr,train,0.2694796621799469,0.6930615305900574,0.002706564264371991,3.7622925447067246e-05,0.02272748202085495,0.011987145058810711
32168,0,1,explicit_mmr,implicit_mmr,train,0.18261927366256714,0.7299337983131409,0.01563851721584797,0.0001239295379491523,0.013523547910153866,0.05816102400422096
32169,4,4,qual_only,qual_only,train,0.00010725103493314236,0.00019268087635282427,0.004045242443680763,0.023979706689715385,0.9704638719558716,0.0012112295953556895
32171,5,5,quant_only,quant_only,train,0.0008676985744386911,0.0005508328904397786,0.005272344686090946,0.006525691132992506,0.00013291540381032974,0.9866504669189453
32172,5,5,quant_only,quant_only,train,0.0004774806147906929,0.0003972417616751045,0.004655830096453428,0.010411164723336697,0.00014377465413417667,0.9839144945144653
32173,5,5,quant_only,quant_only,train,0.0014296117005869746,0.000963897502515465,0.007111389189958572,0.00324522634036839,0.00015807064482942224,0.9870917797088623
32174,0,1,explicit_mmr,implicit_mmr,train,0.3617234528064728,0.6114839315414429,0.0069166445173323154,0.0002357495977776125,0.0008697749581187963,0.018770458176732063
32175,1,1,implicit_mmr,implicit_mmr,train,0.1496095359325409,0.8319035768508911,0.004812964238226414,4.531857848633081e-05,0.004258925095200539,0.00936970766633749
32177,2,2,multi_method_not_mmr,multi_method_not_mmr,train,0.0005741288186982274,0.006160069722682238,0.7062925696372986,0.0070441910065710545,0.2757050693035126,0.004223885480314493
32178,2,2,multi_method_not_mmr,multi_method_not_mmr,train,0.0005974776577204466,0.0061039854772388935,0.792300820350647,0.004095441196113825,0.19304904341697693,0.0038532083854079247
32179,5,5,quant_only,quant_only,train,0.0005460329120978713,0.00020379798661451787,0.005226139444857836,0.011501867324113846,0.00012436683755367994,0.982397735118866
32180,3,3,no_method_signal,no_method_signal,train,3.802133142016828e-05,0.00012557712034322321,0.018413245677947998,0.9004685282707214,0.07967516779899597,0.0012794770300388336
32181,2,2,multi_method_not_mmr,multi_method_not_mmr,train,0.0004208597238175571,0.0029535682406276464,0.7378472685813904,0.005265520419925451,0.25215497612953186,0.001357760513201356
32182,5,5,quant_only,quant_only,train,0.0006056940765120089,0.000200180453248322,0.0028923286590725183,0.017280152067542076,0.00016271420463453978,0.9788589477539062
32183,4,1,qual_only,implicit_mmr,train,0.16256409883499146,0.7343335151672363,0.005612876731902361,4.9778642278397456e-05,0.08816885948181152,0.009270892478525639
32184,5,5,quant_only,quant_only,train,0.00777552742511034,0.03276931494474411,0.14328007400035858,0.006634185556322336,0.011791633442044258,0.7977492809295654
32185,4,4,qual_only,qual_only,train,0.0013739437563344836,0.001403735252097249,0.011625876650214195,0.00022874670685268939,0.985178530216217,0.00018917580018751323
32188,3,3,no_method_signal,no_method_signal,train,2.5312983780167997e-05,3.533090784912929e-05,0.010885053314268589,0.9880302548408508,0.0005204512854106724,0.0005035155918449163
32192,5,5,quant_only,quant_only,train,0.00018442937289364636,0.00011825326510006562,0.008870513178408146,0.19049423933029175,0.0005066951853223145,0.7998258471488953
32193,3,3,no_method_signal,no_method_signal,train,6.986901280470192e-05,7.017418829491362e-05,0.08755464851856232,0.9110813736915588,0.00036372317117638886,0.0008602309972047806
32194,3,3,no_method_signal,no_method_signal,train,8.3162471128162e-05,6.438824493670836e-05,0.041380416601896286,0.957459032535553,0.0002540556888561696,0.0007589228334836662
32195,2,2,multi_method_not_mmr,multi_method_not_mmr,train,0.0013996886555105448,0.019895533099770546,0.8070334196090698,0.0052490681409835815,0.15900537371635437,0.007416780572384596
32196,3,3,no_method_signal,no_method_signal,train,2.28137996600708e-05,3.2815325539559126e-05,0.009130616672337055,0.989717960357666,0.00048046716256067157,0.000615392520558089
32199,0,0,explicit_mmr,explicit_mmr,train,0.5712355375289917,0.42421725392341614,0.0011210357770323753,2.184453660447616e-05,0.0011430878657847643,0.002261294750496745
32200,0,0,explicit_mmr,explicit_mmr,train,0.6454571485519409,0.3495241403579712,0.0013658131938427687,3.097001899732277e-05,0.000480370013974607,0.0031415545381605625
32201,0,1,explicit_mmr,implicit_mmr,train,0.47194093465805054,0.5073468089103699,0.007575163152068853,3.092060433118604e-05,0.0008703444036655128,0.012235826812684536
32202,1,0,implicit_mmr,explicit_mmr,train,0.6649153828620911,0.3315006196498871,0.0006322088884189725,1.4268999620981049e-05,0.0014039457309991121,0.0015336115611717105
32205,3,2,no_method_signal,multi_method_not_mmr,train,0.00016440065519418567,0.00020143039000686258,0.5664682388305664,0.3786967694759369,0.054225560277700424,0.0002436396898701787
32206,4,4,qual_only,qual_only,train,0.00087994389468804,0.0010900215711444616,0.0027052529621869326,0.00022794825781602412,0.9949997663497925,9.7095180535689e-05
32209,2,3,multi_method_not_mmr,no_method_signal,train,5.853450784343295e-05,0.0004581503744702786,0.3223079741001129,0.6029874086380005,0.01829894259572029,0.05588892847299576
32210,5,5,quant_only,quant_only,train,0.0005746925598941743,0.0016070622950792313,0.004705129656940699,0.006595147307962179,0.00019715871894732118,0.9863207936286926
32215,0,1,explicit_mmr,implicit_mmr,train,0.139972984790802,0.8213810920715332,0.006782145239412785,3.320819450891577e-05,0.0009492546669207513,0.030881278216838837
32216,4,4,qual_only,qual_only,train,0.00039138179272413254,0.000765161938033998,0.022568603977560997,0.0016405920032411814,0.9744768738746643,0.00015738201909698546
32217,4,4,qual_only,qual_only,train,0.0008156023104675114,0.0015524399932473898,0.07439445704221725,0.0021735201589763165,0.920893132686615,0.00017079550889320672
32218,4,4,qual_only,qual_only,train,0.0028272299095988274,0.0030703649390488863,0.002343622501939535,9.209526615450159e-05,0.9915269017219543,0.0001398127496941015
32219,2,3,multi_method_not_mmr,no_method_signal,train,0.00018445367459207773,0.000152572087245062,0.49263134598731995,0.5048871636390686,0.0017885870765894651,0.00035585855948738754
32220,3,3,no_method_signal,no_method_signal,train,0.000132908156956546,0.0008567179320380092,0.029872795566916466,0.7608473300933838,0.15904586017131805,0.049244388937950134
32222,3,3,no_method_signal,no_method_signal,train,1.85923527169507e-05,2.5498160539427772e-05,0.0036305314861238003,0.9944489002227783,0.00040890558739192784,0.0014676431892439723
32225,2,2,multi_method_not_mmr,multi_method_not_mmr,train,0.00209990912117064,0.043990544974803925,0.7856174111366272,0.0021912367083132267,0.15499179065227509,0.011109213344752789
32226,1,1,implicit_mmr,implicit_mmr,train,0.23520365357398987,0.7447962760925293,0.009473908692598343,8.412189345108345e-05,0.002609682735055685,0.007832443341612816
32227,5,5,quant_only,quant_only,train,0.00017027750436682254,0.0007670907652936876,0.012333438731729984,0.04782181978225708,0.0008367906557396054,0.9380705952644348
32231,4,4,qual_only,qual_only,train,0.0006887935451231897,0.0008230919484049082,0.001879913150332868,0.00571839464828372,0.990422248840332,0.00046756910160183907
32234,3,3,no_method_signal,no_method_signal,train,0.0004141525714658201,0.00021670333808287978,0.46074169874191284,0.5374199151992798,0.0007752064266242087,0.00043229316361248493
32235,3,3,no_method_signal,no_method_signal,train,0.00010145111446036026,0.00011437336070230231,0.21898649632930756,0.7787909507751465,0.00046896535786800086,0.0015377560630440712
32237,5,5,quant_only,quant_only,train,0.001647421158850193,0.002721339464187622,0.003639806294813752,0.004294887650758028,0.0002881640975829214,0.9874083995819092
32238,3,3,no_method_signal,no_method_signal,train,0.0003319002571515739,0.0001638211979297921,0.012391277588903904,0.9865988492965698,0.000348757894244045,0.00016548405983485281
32239,3,3,no_method_signal,no_method_signal,train,0.00011001954408129677,8.821150549920276e-05,0.15872162580490112,0.8400113582611084,0.0003957166045438498,0.0006730320164933801
32240,2,2,multi_method_not_mmr,multi_method_not_mmr,train,0.00011791337601607665,0.0005744866211898625,0.9452044367790222,0.02286466211080551,0.02941957116127014,0.00181892653927207
32241,5,5,quant_only,quant_only,train,0.0006143291248008609,0.0002090239431709051,0.010036556981503963,0.06387695670127869,0.00018604345677886158,0.9250770807266235
32242,1,1,implicit_mmr,implicit_mmr,train,0.038441140204668045,0.8411228060722351,0.049957748502492905,0.00018159329192712903,0.014249005354940891,0.05604764074087143
32244,3,3,no_method_signal,no_method_signal,train,7.772340177325532e-05,0.00012107091606594622,0.4469611942768097,0.5484538078308105,0.0037264046259224415,0.0006597611354663968
32245,5,5,quant_only,quant_only,train,0.00047695738612674177,0.0010640481486916542,0.32905417680740356,0.016461722552776337,0.0013477184111252427,0.6515953540802002
32246,3,2,no_method_signal,multi_method_not_mmr,train,0.0002840009401552379,0.00021616740559693426,0.7381519675254822,0.2588060200214386,0.0022885738871991634,0.0002532513753976673
32247,2,2,multi_method_not_mmr,multi_method_not_mmr,train,0.0001969088043551892,0.00028993809246458113,0.9659522175788879,0.03113313764333725,0.0022472129203379154,0.0001806192594813183
32248,3,3,no_method_signal,no_method_signal,train,8.377940685022622e-05,0.00011673101835185662,0.2925221025943756,0.7027469873428345,0.004238092340528965,0.0002922973071690649
32249,2,5,multi_method_not_mmr,quant_only,train,0.0003949317615479231,0.0016699323896318674,0.13290393352508545,0.011766811832785606,0.0004812894621863961,0.8527830839157104
32250,2,2,multi_method_not_mmr,multi_method_not_mmr,train,0.0015215708408504725,0.020873308181762695,0.7680873870849609,0.001366115640848875,0.19712679088115692,0.011024846695363522
32253,5,5,quant_only,quant_only,train,0.00035219048731960356,0.0025525542441755533,0.028994295746088028,0.03639407083392143,0.0028730465564876795,0.9288338422775269
32254,3,3,no_method_signal,no_method_signal,train,0.0001234037335962057,0.00011481800902402028,0.4226292371749878,0.5754964351654053,0.0009472021483816206,0.0006889402866363525
32255,4,4,qual_only,qual_only,train,0.0005295231239870191,0.0007309893844649196,0.1473791003227234,0.014532461762428284,0.8360642194747925,0.0007636799127794802
32256,1,1,implicit_mmr,implicit_mmr,train,0.04138348624110222,0.8626340627670288,0.04247403144836426,7.011399429757148e-05,0.03156915679574013,0.02186916582286358
32257,2,5,multi_method_not_mmr,quant_only,train,0.0005604623002000153,0.0015194397419691086,0.3889000713825226,0.011871568858623505,0.00214796862564981,0.5950005054473877
32259,4,2,qual_only,multi_method_not_mmr,train,0.0004608210001606494,0.00528336176648736,0.6723953485488892,0.008224131539463997,0.30147790908813477,0.012158425524830818
32260,0,1,explicit_mmr,implicit_mmr,train,0.06688583642244339,0.72361159324646,0.054432213306427,0.00018604016804601997,0.0072587234899401665,0.14762556552886963
32262,2,3,multi_method_not_mmr,no_method_signal,train,0.0011502219131216407,0.00045540183782577515,0.39409756660461426,0.6032683849334717,0.0007799560553394258,0.0002485359727870673
32263,2,2,multi_method_not_mmr,multi_method_not_mmr,train,0.0004351833777036518,0.00037329838960431516,0.9787309169769287,0.017078276723623276,0.0031908336095511913,0.00019160425290465355
32264,0,1,explicit_mmr,implicit_mmr,train,0.35565924644470215,0.6149288415908813,0.01245772186666727,0.00020075091742910445,0.0014284977223724127,0.015324863605201244
32265,0,1,explicit_mmr,implicit_mmr,train,0.42440131306648254,0.5542033314704895,0.006312927696853876,0.00017454312182962894,0.0013842304470017552,0.013523692265152931
32267,1,1,implicit_mmr,implicit_mmr,train,0.13973210752010345,0.4924778640270233,0.003995638340711594,6.757958180969581e-05,0.35660332441329956,0.007123403251171112
32268,1,1,implicit_mmr,implicit_mmr,train,0.4773068130016327,0.5038338899612427,0.0016928426921367645,0.0002664022904355079,0.0020721349865198135,0.014827938750386238
32272,1,1,implicit_mmr,implicit_mmr,train,0.16140037775039673,0.8002705574035645,0.009607972577214241,4.9017806304618716e-05,0.021224703639745712,0.007447392679750919
32273,4,4,qual_only,qual_only,train,0.0004946622648276389,0.0005907163140363991,0.0031584862153977156,0.0008421472739428282,0.9941652417182922,0.0007487792172469199
32274,4,4,qual_only,qual_only,train,0.0006842345464974642,0.00038035877514630556,0.0017581121064722538,0.0005509896436706185,0.9962930083274841,0.0003332778869662434
32276,4,4,qual_only,qual_only,train,0.0017041047103703022,0.0016760186990723014,0.0031894168350845575,0.00010951686272164807,0.99321049451828,0.00011044162238249555
32277,4,4,qual_only,qual_only,train,0.0005976692191325128,0.0012258226051926613,0.016878673806786537,0.000507741526234895,0.9806810021400452,0.00010903267684625462
32278,4,4,qual_only,qual_only,train,0.001549030072055757,0.001769215683452785,0.0048737674951553345,0.0001336200220976025,0.9915395379066467,0.00013484639930538833
32279,3,3,no_method_signal,no_method_signal,train,6.190293788677081e-05,0.00015409365005325526,0.0233017485588789,0.7238553762435913,0.0031864261254668236,0.24944043159484863
32280,4,4,qual_only,qual_only,train,0.0014166226610541344,0.0014717562589794397,0.0038766241632401943,0.00012740895908791572,0.9929994344711304,0.0001082257876987569
32281,4,4,qual_only,qual_only,train,0.0010230963816866279,0.001059258240275085,0.004455401096493006,0.0001754368277033791,0.9931825995445251,0.00010419466707389802
32283,0,1,explicit_mmr,implicit_mmr,train,0.4400993287563324,0.5523644685745239,0.0006790042971260846,1.339749178441707e-05,0.003516757395118475,0.003327061189338565
32284,3,3,no_method_signal,no_method_signal,train,6.410907371900976e-05,7.440854096785188e-05,0.18976549804210663,0.8086367249488831,0.0009907415369525552,0.0004685075837187469
32286,0,0,explicit_mmr,explicit_mmr,train,0.6022959351539612,0.3786117434501648,0.003142675617709756,3.636511610238813e-05,0.0003915505949407816,0.015521746128797531
32287,1,1,implicit_mmr,implicit_mmr,train,0.11919016391038895,0.7717970609664917,0.007117403205484152,3.179529812769033e-05,0.09219098091125488,0.009672479704022408
32288,5,5,quant_only,quant_only,train,0.00019150959269609302,0.000177717738552019,0.003008136060088873,0.051065292209386826,0.0004606849979609251,0.9450966715812683
32289,2,2,multi_method_not_mmr,multi_method_not_mmr,train,0.0023628605995327234,0.03710494935512543,0.8302295804023743,0.009046400897204876,0.025632813572883606,0.09562349319458008
32290,1,1,implicit_mmr,implicit_mmr,train,0.07882969081401825,0.89061439037323,0.013425097800791264,1.4601712791773025e-05,0.013004112057387829,0.00411200150847435
32291,0,0,explicit_mmr,explicit_mmr,train,0.6840564608573914,0.29174554347991943,0.005280823912471533,0.0007371502579189837,0.0006361386622302234,0.017543796449899673
32292,1,1,implicit_mmr,implicit_mmr,train,0.07126402854919434,0.8891056776046753,0.016082091256976128,1.8112057659891434e-05,0.018646422773599625,0.004883554298430681
32293,1,1,implicit_mmr,implicit_mmr,train,0.1691848188638687,0.5733403563499451,0.005449790041893721,0.000111212873889599,0.23847231268882751,0.013441606424748898
32294,1,1,implicit_mmr,implicit_mmr,train,0.07562493532896042,0.8918148279190063,0.014596588909626007,1.6188761946978047e-05,0.013316348195075989,0.004631079733371735
32295,3,3,no_method_signal,no_method_signal,train,1.2567454177769832e-05,2.465391662553884e-05,0.013615686446428299,0.9835016131401062,0.0007369216182269156,0.002108651679009199
32296,0,0,explicit_mmr,explicit_mmr,train,0.8852070569992065,0.10599983483552933,0.00022886149236001074,3.7024783523520455e-05,0.006372472271323204,0.0021546983625739813
32297,1,1,implicit_mmr,implicit_mmr,train,0.06936289370059967,0.8920938968658447,0.017102915793657303,1.7623418898438103e-05,0.017306813970208168,0.004115842282772064
32299,3,3,no_method_signal,no_method_signal,train,0.0002876116195693612,0.00029259364237077534,0.2619568109512329,0.6173058152198792,0.0005489972536452115,0.11960814893245697
32300,5,5,quant_only,quant_only,train,0.006745720282196999,0.05000928416848183,0.06471365690231323,0.0027563301846385,0.001522592268884182,0.874252438545227
32301,3,3,no_method_signal,no_method_signal,train,3.0171004254953004e-05,7.044721860438585e-05,0.002331153489649296,0.9883960485458374,0.008387384004890919,0.0007847646484151483
32302,2,2,multi_method_not_mmr,multi_method_not_mmr,train,0.002064876724034548,0.039897169917821884,0.8225871324539185,0.004863566253334284,0.10535316914319992,0.025234075263142586
32303,3,3,no_method_signal,no_method_signal,train,3.416821709834039e-05,7.357537106145173e-05,0.0011450983583927155,0.9881736636161804,0.004022381268441677,0.0065511916764080524
32304,3,5,no_method_signal,quant_only,train,0.0002872987533919513,0.001520059653557837,0.041951984167099,0.2676951289176941,0.006394523195922375,0.6821510791778564
32305,2,2,multi_method_not_mmr,multi_method_not_mmr,train,0.0008567276527173817,0.010721097700297832,0.6619435548782349,0.038864828646183014,0.020143020898103714,0.2674708664417267
32306,3,3,no_method_signal,no_method_signal,train,0.0001135050697484985,8.0359292041976e-05,0.010004128329455853,0.9888181090354919,0.00030354276532307267,0.00068040715996176
32307,5,5,quant_only,quant_only,train,0.002673436189070344,0.0011563593288883567,0.00647660531103611,0.0046800184063613415,0.00024332280736416578,0.9847702980041504
32308,5,5,quant_only,quant_only,train,0.002499054651707411,0.0009959687013179064,0.010711233131587505,0.009002038277685642,0.00046234807814471424,0.9763293266296387
32309,2,2,multi_method_not_mmr,multi_method_not_mmr,train,0.00019550167780835181,0.00016119671636261046,0.8672688603401184,0.1286475509405136,0.0031754535157233477,0.0005514906952157617
32310,5,5,quant_only,quant_only,train,0.0009429262136109173,0.0002988352789543569,0.18114455044269562,0.03190518915653229,0.0009553941781632602,0.7847530841827393
32312,0,0,explicit_mmr,explicit_mmr,train,0.6413912773132324,0.35360997915267944,0.0013691555941477418,2.9357945095398463e-05,0.00048207538202404976,0.003118108259513974
32313,0,0,explicit_mmr,explicit_mmr,train,0.6969050765037537,0.2968248128890991,0.001166510977782309,1.734387842589058e-05,0.00333244726061821,0.0017538747051730752
32316,3,3,no_method_signal,no_method_signal,train,1.972797508642543e-05,3.4618489735294133e-05,0.037791650742292404,0.9598172307014465,0.002088431268930435,0.00024843867868185043
32317,3,3,no_method_signal,no_method_signal,train,2.316584505024366e-05,3.263299004174769e-05,0.009524655528366566,0.9892784953117371,0.0008706264197826385,0.0002704669313970953
32318,3,3,no_method_signal,no_method_signal,train,6.943007610971108e-05,6.210194987943396e-05,0.05555417016148567,0.9434155821800232,0.0006149084656499326,0.0002837517822626978
32321,0,2,explicit_mmr,multi_method_not_mmr,train,0.007279913406819105,0.11456124484539032,0.7784901857376099,0.0010629789903759956,0.07477125525474548,0.023834459483623505
32324,2,2,multi_method_not_mmr,multi_method_not_mmr,train,0.00025565686519257724,0.0015219764318317175,0.5494890213012695,0.04455132037401199,0.4009875953197479,0.0031944026704877615
32325,1,1,implicit_mmr,implicit_mmr,train,0.336314857006073,0.646274983882904,0.003525286912918091,2.032712109212298e-05,0.012565942481160164,0.0012985477223992348
32326,5,5,quant_only,quant_only,train,0.0006292746402323246,0.0012763792183250189,0.005376897286623716,0.0037925750948488712,0.00012191956921014935,0.988802969455719
32327,3,3,no_method_signal,no_method_signal,train,1.0977649253618438e-05,3.175834353896789e-05,0.009670241735875607,0.9859583973884583,0.0012645861133933067,0.0030640847980976105
32329,5,5,quant_only,quant_only,train,0.0004087963898200542,0.000207232529646717,0.0007091977167874575,0.030166417360305786,0.0005688125384040177,0.9679394960403442
32331,5,5,quant_only,quant_only,train,0.0058473022654652596,0.019839733839035034,0.007099010515958071,0.0018681840738281608,0.00040544953662902117,0.9649403095245361
32332,5,5,quant_only,quant_only,train,0.0003644273092504591,0.0001668665645411238,0.0007742921588942409,0.018434446305036545,0.00037159782368689775,0.979888379573822
32333,3,3,no_method_signal,no_method_signal,train,0.00015941952005960047,0.00016387127107009292,0.36865365505218506,0.6278346180915833,0.002939162775874138,0.00024920038413256407
32337,3,3,no_method_signal,no_method_signal,train,0.0019702620338648558,0.0005636935820803046,0.006990219932049513,0.9893621802330017,0.0009781336411833763,0.00013552709424402565
32338,3,3,no_method_signal,no_method_signal,train,8.87464702827856e-05,7.404897769447416e-05,0.131759375333786,0.8663191199302673,0.00038779634633101523,0.001370985177345574
32339,5,5,quant_only,quant_only,train,0.000923949119169265,0.004892442841082811,0.19488884508609772,0.016318345442414284,0.002248777076601982,0.7807275652885437
32340,0,1,explicit_mmr,implicit_mmr,train,0.15939536690711975,0.8171750903129578,0.009351377375423908,3.5903976822737604e-05,0.00386638380587101,0.01017587911337614
32342,0,1,explicit_mmr,implicit_mmr,train,0.10561425238847733,0.8551322817802429,0.02329159341752529,2.248001328553073e-05,0.009946862235665321,0.005992569960653782
32343,5,5,quant_only,quant_only,train,0.003050181083381176,0.02045210264623165,0.020901266485452652,0.002008254872635007,0.00090180424740538,0.9526864290237427
32344,5,5,quant_only,quant_only,train,0.007145854644477367,0.01843280717730522,0.018596675246953964,0.0040779816918075085,0.0010993401519954205,0.9506472945213318
32345,3,3,no_method_signal,no_method_signal,train,0.0006464098114520311,0.0002221995819127187,0.01054324209690094,0.9880275726318359,0.00037780337152071297,0.00018266902770847082
32346,5,3,quant_only,no_method_signal,train,2.150894761143718e-05,3.2490304874954745e-05,0.024625426158308983,0.9737128019332886,0.0006114299758337438,0.000996264279820025
32348,5,5,quant_only,quant_only,train,0.00016081242938525975,0.0003513280244078487,0.002390818437561393,0.09530965983867645,0.001368408091366291,0.9004189372062683
32350,4,4,qual_only,qual_only,train,0.004468895494937897,0.014860612340271473,0.012022560462355614,0.00013119190407451242,0.9676373600959778,0.0008793770684860647
32352,5,5,quant_only,quant_only,train,0.003548582550138235,0.02152268774807453,0.14208772778511047,0.011084658093750477,0.0045418213121593,0.8172146081924438
32353,0,0,explicit_mmr,explicit_mmr,train,0.9579925537109375,0.03923159837722778,0.0006814160733483732,0.00010962685337290168,0.000592451891861856,0.0013923130463808775
32360,2,2,multi_method_not_mmr,multi_method_not_mmr,train,0.0002485066943336278,0.0018425316084176302,0.9577416181564331,0.007008076645433903,0.001697779051028192,0.03146148473024368
32389,1,1,implicit_mmr,implicit_mmr,train,0.07800249010324478,0.8882900476455688,0.006771707907319069,4.409166649566032e-05,0.0017609146889299154,0.025130847468972206
32485,2,2,multi_method_not_mmr,multi_method_not_mmr,train,0.0008738983888179064,0.02590799517929554,0.9126609563827515,0.0017887796275317669,0.046220604330301285,0.012547825463116169
32521,2,2,multi_method_not_mmr,multi_method_not_mmr,train,0.0011408072896301746,0.01183481514453888,0.6106829047203064,0.00852264929562807,0.004662726074457169,0.3631560802459717
32527,3,3,no_method_signal,no_method_signal,train,5.662736657541245e-05,6.875240796944126e-05,0.11414439976215363,0.8723821043968201,0.013110938481986523,0.0002371316950302571
32545,3,3,no_method_signal,no_method_signal,train,0.0005362680531106889,0.00024951223167590797,0.3398660123348236,0.6581786274909973,0.0008672646945342422,0.0003023299213964492
32570,5,5,quant_only,quant_only,train,0.0017219192814081907,0.004137908574193716,0.05930553749203682,0.0023757542949169874,0.0004855178121943027,0.9319733381271362
32633,2,2,multi_method_not_mmr,multi_method_not_mmr,train,0.00029442491359077394,0.004801842384040356,0.9029431939125061,0.006483967881649733,0.006653397809714079,0.07882316410541534
32644,2,2,multi_method_not_mmr,multi_method_not_mmr,train,0.000129248684970662,0.00036070580244995654,0.9670334458351135,0.015766864642500877,0.01645953580737114,0.0002502022252883762
32648,2,2,multi_method_not_mmr,multi_method_not_mmr,train,0.004773186519742012,0.13068591058254242,0.730391263961792,0.0015684107784181833,0.012577854096889496,0.12000331282615662
32706,5,5,quant_only,quant_only,train,0.005328260827809572,0.008949286304414272,0.06287441402673721,0.0029187160544097424,0.00044666341273114085,0.9194827079772949
32747,5,5,quant_only,quant_only,train,0.007248103618621826,0.04597014933824539,0.17476418614387512,0.003716853214427829,0.0019652771297842264,0.7663354277610779
32756,3,3,no_method_signal,no_method_signal,train,1.561332101118751e-05,3.142945934087038e-05,0.0169526357203722,0.9813547730445862,0.0011686746729537845,0.00047685380559414625
32784,3,3,no_method_signal,no_method_signal,train,0.002963318955153227,0.0004314522084314376,0.007290476933121681,0.9884374737739563,0.0002989685453940183,0.0005782908410765231
11984,5,5,quant_only,quant_only,validation,0.012939517386257648,0.010461910627782345,0.21297778189182281,0.0461789034307003,0.0009396728128194809,0.7165021896362305
12047,0,4,explicit_mmr,qual_only,validation,0.0026114408392459154,0.0011329012922942638,0.008275688625872135,0.04227195307612419,0.8773678541183472,0.06834019720554352
12115,0,0,explicit_mmr,explicit_mmr,validation,0.6011107563972473,0.3909164071083069,0.0011519871186465025,0.00014454592019319534,0.001947870827279985,0.00472850538790226
12167,0,0,explicit_mmr,explicit_mmr,validation,0.5900919437408447,0.4022762179374695,0.0035513779148459435,0.00018179055768996477,0.0008056539809331298,0.00309300166554749
12183,2,1,multi_method_not_mmr,implicit_mmr,validation,0.0958225354552269,0.831705629825592,0.01046918984502554,2.6206464099232107e-05,0.051923930644989014,0.01005252543836832
12641,3,2,no_method_signal,multi_method_not_mmr,validation,0.0001702711160760373,0.00017244949412997812,0.9582785964012146,0.03971223160624504,0.0010102879023179412,0.0006562176859006286
12760,3,3,no_method_signal,no_method_signal,validation,0.00010874938016058877,0.00013412283442448825,0.49043819308280945,0.5023447275161743,0.006747188977897167,0.00022704366710968316
12832,1,1,implicit_mmr,implicit_mmr,validation,0.0532786063849926,0.657547652721405,0.10892830044031143,0.00023237183631863445,0.006379405967891216,0.17363369464874268
12957,4,0,qual_only,explicit_mmr,validation,0.44621744751930237,0.4090414345264435,0.02896806225180626,0.0004088770074304193,0.0015344438143074512,0.11382975429296494
12979,4,5,qual_only,quant_only,validation,0.003077888861298561,0.002128340769559145,0.1601211428642273,0.028388839215040207,0.018266750499606133,0.7880169749259949
12995,0,0,explicit_mmr,explicit_mmr,validation,0.7536070942878723,0.2354632019996643,0.001202399842441082,0.0003685720730572939,0.0006493965047411621,0.008709254674613476
13254,2,0,multi_method_not_mmr,explicit_mmr,validation,0.6173802018165588,0.3241274952888489,0.04214902222156525,0.00013166869757696986,0.0010151989990845323,0.015196421183645725
13543,0,0,explicit_mmr,explicit_mmr,validation,0.5802189111709595,0.4109761118888855,0.0043856422416865826,0.00017757489695213735,0.0012724148109555244,0.0029694584663957357
13544,0,0,explicit_mmr,explicit_mmr,validation,0.545239269733429,0.4410102665424347,0.005287780426442623,0.00025994720635935664,0.000870932184625417,0.00733184115961194
13847,5,5,quant_only,quant_only,validation,0.05304718762636185,0.09630212187767029,0.13398528099060059,0.001070778933353722,0.0016993713798001409,0.7138952016830444
13890,4,4,qual_only,qual_only,validation,0.007635175716131926,0.03233400732278824,0.004844916518777609,0.00019145940314047039,0.9535281658172607,0.0014661821769550443
13914,2,5,multi_method_not_mmr,quant_only,validation,0.002581303473562002,0.0021756954956799746,0.23490740358829498,0.015687312930822372,0.0015110494568943977,0.7431372404098511
13965,5,5,quant_only,quant_only,validation,0.015780635178089142,0.10278292745351791,0.08845946192741394,0.0028347154147922993,0.0006936848512850702,0.7894485592842102
13967,5,5,quant_only,quant_only,validation,0.02168853022158146,0.13555000722408295,0.07388754934072495,0.002702758414670825,0.0008411073940806091,0.7653300166130066
14059,1,1,implicit_mmr,implicit_mmr,validation,0.18197286128997803,0.7567299604415894,0.023568077012896538,2.019088606175501e-05,0.028261907398700714,0.009446966461837292
14282,5,2,quant_only,multi_method_not_mmr,validation,0.0014221559977158904,0.0020054159685969353,0.8480949401855469,0.07897078990936279,0.024381572380661964,0.04512513428926468
14373,2,5,multi_method_not_mmr,quant_only,validation,0.00036043100408278406,0.0001815059076761827,0.0009289150475524366,0.08469527214765549,0.00031662287074141204,0.9135172963142395
14404,5,5,quant_only,quant_only,validation,0.003790662158280611,0.0030690545681864023,0.3909958004951477,0.014616663567721844,0.00034350037458352745,0.5871843099594116
14431,2,3,multi_method_not_mmr,no_method_signal,validation,1.6998865248751827e-05,2.6511179385124706e-05,0.009182351641356945,0.9893575310707092,0.00040256118518300354,0.0010140008525922894
14528,3,3,no_method_signal,no_method_signal,validation,0.00030110584339126945,6.0198661230970174e-05,0.052056677639484406,0.9443108439445496,0.0022673013154417276,0.0010039417538791895
14548,0,2,explicit_mmr,multi_method_not_mmr,validation,0.001614452456124127,0.0016602703835815191,0.6296020746231079,0.049647681415081024,0.0018559424206614494,0.31561964750289917
14601,1,2,implicit_mmr,multi_method_not_mmr,validation,0.11532863974571228,0.29979273676872253,0.3823138177394867,0.001022952958010137,0.00736392755061388,0.1941780298948288
14614,0,2,explicit_mmr,multi_method_not_mmr,validation,0.0006159662734717131,0.0009438635315746069,0.8192545771598816,0.12031085044145584,0.0075386944226920605,0.05133606120944023
14739,5,2,quant_only,multi_method_not_mmr,validation,0.00022549870482180268,0.0027321865782141685,0.9240586161613464,0.020762072876095772,0.01118050143122673,0.041041117161512375
14835,4,1,qual_only,implicit_mmr,validation,0.2818154990673065,0.6611008048057556,0.0010734905954450369,8.15710736787878e-05,0.039565928280353546,0.016362681984901428
14848,3,3,no_method_signal,no_method_signal,validation,1.412165420333622e-05,2.511416641937103e-05,0.004543767310678959,0.993180513381958,0.0004715957911685109,0.0017649006331339478
14873,3,1,no_method_signal,implicit_mmr,validation,0.047770339995622635,0.469463586807251,0.23194141685962677,0.0007529540453106165,0.007081789430230856,0.24298998713493347
14941,3,3,no_method_signal,no_method_signal,validation,0.0001289218635065481,8.70281583047472e-05,0.06565021723508835,0.9333109259605408,0.0004574021731968969,0.00036545266630128026
14949,3,3,no_method_signal,no_method_signal,validation,0.006267115473747253,0.00031818749266676605,0.3525655269622803,0.5925391912460327,0.0006987545639276505,0.0476112887263298
14956,3,3,no_method_signal,no_method_signal,validation,0.00016535251052118838,0.00011686600191751495,0.17617718875408173,0.7242631912231445,0.0005706057418137789,0.09870675206184387
15183,5,5,quant_only,quant_only,validation,0.015213445760309696,0.20936940610408783,0.20497919619083405,0.0013214468490332365,0.031403642147779465,0.537712812423706
15231,5,2,quant_only,multi_method_not_mmr,validation,0.002545576076954603,0.03289961442351341,0.8904227614402771,0.00233453675173223,0.012678573839366436,0.05911892279982567
15238,3,3,no_method_signal,no_method_signal,validation,2.1191881387494504e-05,3.1009225494926795e-05,0.007115019951015711,0.9895416498184204,0.0029608733020722866,0.0003302718105260283
15354,3,3,no_method_signal,no_method_signal,validation,0.00018066680058836937,0.00011739643377950415,0.2716424763202667,0.7266101837158203,0.00037266474100761116,0.0010766205377876759
15426,1,4,implicit_mmr,qual_only,validation,0.01241485308855772,0.1045878455042839,0.14800991117954254,0.0011267022928223014,0.6950778365135193,0.03878286853432655
15514,3,4,no_method_signal,qual_only,validation,0.00016970203432720155,0.0005357599584385753,0.20864447951316833,0.08574217557907104,0.702886164188385,0.0020218065474182367
15544,2,2,multi_method_not_mmr,multi_method_not_mmr,validation,4.903868830297142e-05,0.0001288495259359479,0.7335187792778015,0.2578064203262329,0.005162371322512627,0.0033346321433782578
15684,5,5,quant_only,quant_only,validation,0.000585638452321291,0.0002789607679005712,0.07265782356262207,0.33520010113716125,0.0004095900512766093,0.5908678770065308
15693,5,5,quant_only,quant_only,validation,0.0032181942369788885,0.0003145349910482764,0.07560247927904129,0.05455372855067253,0.000319155165925622,0.8659918904304504
15707,3,5,no_method_signal,quant_only,validation,0.0006721045356243849,0.0012558333110064268,0.007062903605401516,0.0026564891450107098,0.0001368572557112202,0.9882158041000366
15708,5,2,quant_only,multi_method_not_mmr,validation,0.00013436272274702787,0.000220604328205809,0.9642933011054993,0.0306522436439991,0.004419203381985426,0.0002802406088449061
15709,4,3,qual_only,no_method_signal,validation,5.8462483139010146e-05,0.00020371965365484357,0.418643981218338,0.5470923185348511,0.03200346976518631,0.001997962361201644
15731,5,2,quant_only,multi_method_not_mmr,validation,0.0004236511595081538,0.0014771035639569163,0.8753883242607117,0.04283144697546959,0.0016719334525987506,0.0782075896859169
15837,1,2,implicit_mmr,multi_method_not_mmr,validation,0.0016506471438333392,0.0054740202613174915,0.7157357335090637,0.014662124216556549,0.0013882303610444069,0.2610892951488495
15838,1,2,implicit_mmr,multi_method_not_mmr,validation,0.0003817723481915891,0.0013313262024894357,0.7916797995567322,0.05247985199093819,0.0009032480302266777,0.15322405099868774
15840,1,3,implicit_mmr,no_method_signal,validation,0.0040395138785243034,0.0007523705717176199,0.0016489344416186213,0.863346517086029,0.0005336749600246549,0.1296791285276413
15841,1,5,implicit_mmr,quant_only,validation,0.0011847455753013492,0.0034316261298954487,0.19662094116210938,0.02435377612709999,0.0008874841150827706,0.7735214233398438
15948,4,4,qual_only,qual_only,validation,0.009301266632974148,0.013226279057562351,0.0030189319513738155,0.0001067611447069794,0.9731919169425964,0.0011547734029591084
15955,4,4,qual_only,qual_only,validation,0.006959391292184591,0.00823731068521738,0.0009349018218927085,6.187504914123565e-05,0.9834332466125488,0.00037326928577385843
16055,0,1,explicit_mmr,implicit_mmr,validation,0.2523024082183838,0.7278130650520325,0.00043991030543111265,9.875032992567867e-05,0.004364261403679848,0.014981712214648724
16088,1,1,implicit_mmr,implicit_mmr,validation,0.31076672673225403,0.6661562323570251,0.002785725286230445,4.974512557964772e-05,0.014568277634680271,0.00567337591201067
16130,1,1,implicit_mmr,implicit_mmr,validation,0.29095908999443054,0.628760576248169,0.002673940034583211,5.9069847338832915e-05,0.06985069066286087,0.007696692366153002
16162,0,0,explicit_mmr,explicit_mmr,validation,0.7733472585678101,0.21208138763904572,0.0028818268328905106,6.135938747320324e-05,0.00019080238416790962,0.0114373117685318
16203,0,5,explicit_mmr,quant_only,validation,0.008070853538811207,0.0013459974434226751,0.014200578443706036,0.006058485247194767,0.0004670341149903834,0.9698570370674133
16213,2,4,multi_method_not_mmr,qual_only,validation,0.00022856709256302565,0.00028282307903282344,0.29650312662124634,0.10184316337108612,0.5993452072143555,0.0017970857443287969
16221,5,5,quant_only,quant_only,validation,0.00484419334679842,0.015850700438022614,0.06850016117095947,0.0027166286017745733,0.00042759848292917013,0.9076607823371887
16231,0,1,explicit_mmr,implicit_mmr,validation,0.18265016376972198,0.7883341312408447,0.0019564232788980007,0.00014246460341382772,0.0013132474850863218,0.025603627786040306
16310,1,1,implicit_mmr,implicit_mmr,validation,0.4206216633319855,0.5291205048561096,0.0015787567244842649,4.642943895305507e-05,0.04453225061297417,0.004100323189049959
16379,0,0,explicit_mmr,explicit_mmr,validation,0.9610574245452881,0.022963032126426697,0.001299999887123704,0.00045934144873172045,0.0004316340200603008,0.013788578100502491
16480,5,5,quant_only,quant_only,validation,0.008761323988437653,0.028424058109521866,0.06734907627105713,0.0027813345659524202,0.00039436371298506856,0.8922898769378662
16483,3,2,no_method_signal,multi_method_not_mmr,validation,0.00033814003109000623,0.0024823590647429228,0.7388817667961121,0.038618702441453934,0.2165439873933792,0.0031350869685411453
16626,3,2,no_method_signal,multi_method_not_mmr,validation,0.00025232223561033607,0.0007508685812354088,0.5958972573280334,0.07340439409017563,0.3288699686527252,0.0008252630941569805
16637,5,5,quant_only,quant_only,validation,0.008610657416284084,0.0328623466193676,0.07294560968875885,0.0021823961287736893,0.0006576619343832135,0.8827413320541382
16779,5,5,quant_only,quant_only,validation,0.0002664963831193745,0.00019282402354292572,0.012840691953897476,0.05470645800232887,0.00026931805768981576,0.9317241907119751
16850,4,4,qual_only,qual_only,validation,0.0011326457606628537,0.0018382533453404903,0.002800785005092621,0.00016059813788160682,0.9938442707061768,0.00022343418095260859
16859,1,1,implicit_mmr,implicit_mmr,validation,0.2640810012817383,0.6792765855789185,0.002974143484607339,4.4673415686702356e-05,0.044972166419029236,0.00865141861140728
16911,5,5,quant_only,quant_only,validation,0.004418334923684597,0.0038150171749293804,0.019476352259516716,0.002468315651640296,0.0002473365457262844,0.9695746898651123
17005,5,0,quant_only,explicit_mmr,validation,0.818559467792511,0.1663399487733841,0.0007700114510953426,0.0006635372410528362,0.0005500607658177614,0.013116988353431225
17086,0,0,explicit_mmr,explicit_mmr,validation,0.913161039352417,0.07494479417800903,0.0003041063901036978,4.892228389508091e-05,0.01026312168687582,0.0012779698008671403
17406,5,2,quant_only,multi_method_not_mmr,validation,0.0003644899989012629,0.0001721312728477642,0.5588012933731079,0.4307422935962677,0.009659060277044773,0.00026066903956234455
17698,1,1,implicit_mmr,implicit_mmr,validation,0.2136850655078888,0.6897728443145752,0.058150265365839005,9.742887050379068e-05,0.010595399886369705,0.027698999270796776
17720,5,2,quant_only,multi_method_not_mmr,validation,0.19186824560165405,0.02275325357913971,0.49756479263305664,0.003243562765419483,0.003213956719264388,0.2813563048839569
17796,4,0,qual_only,explicit_mmr,validation,0.8215005993843079,0.14635689556598663,0.00045227797818370163,4.679728590417653e-05,0.03016398660838604,0.0014794048620387912
17801,4,0,qual_only,explicit_mmr,validation,0.9497321248054504,0.03710639476776123,0.00029141618870198727,0.00012561690527945757,0.011006498709321022,0.001737834420055151
17939,1,5,implicit_mmr,quant_only,validation,0.0018843971192836761,0.00795554555952549,0.2119590789079666,0.006147736217826605,0.002305473666638136,0.769747793674469
17948,1,1,implicit_mmr,implicit_mmr,validation,0.304917573928833,0.6770734786987305,0.003914025146514177,7.359591836575419e-05,0.001704733120277524,0.01231656689196825
17963,1,2,implicit_mmr,multi_method_not_mmr,validation,0.0007623221026733518,0.0056582423858344555,0.5739257335662842,0.01209822203963995,0.0030977625865489244,0.4044576585292816
17977,0,0,explicit_mmr,explicit_mmr,validation,0.555762767791748,0.41964179277420044,0.0027792707551270723,0.0006849464261904359,0.0008578699780628085,0.02027343399822712
18012,4,1,qual_only,implicit_mmr,validation,0.26279768347740173,0.7225315570831299,0.006473003886640072,1.4634486433351412e-05,0.005170490127056837,0.003012607106938958
18058,2,5,multi_method_not_mmr,quant_only,validation,0.007689543068408966,0.0011055640643462539,0.0932091549038887,0.037136659026145935,0.0035813243594020605,0.8572776913642883
18069,0,1,explicit_mmr,implicit_mmr,validation,0.09749692678451538,0.8740529417991638,0.012999364174902439,1.977816464204807e-05,0.0006428082706406713,0.01478808093816042
18109,5,2,quant_only,multi_method_not_mmr,validation,0.022522732615470886,0.20801253616809845,0.6690919399261475,0.001854129834100604,0.006589655298739672,0.09192904829978943
18202,0,0,explicit_mmr,explicit_mmr,validation,0.5532065033912659,0.43980592489242554,0.001403137226589024,0.0001232550130225718,0.001155699836090207,0.004305378068238497
18580,1,1,implicit_mmr,implicit_mmr,validation,0.04141288995742798,0.8796213269233704,0.04663122817873955,6.842596485512331e-05,0.010475704446434975,0.021790312603116035
18603,0,0,explicit_mmr,explicit_mmr,validation,0.5614418983459473,0.41725924611091614,0.00037744123255833983,2.2654119675280526e-05,0.019034843891859055,0.0018639625050127506
18651,1,4,implicit_mmr,qual_only,validation,0.0034189915750175714,0.0059719751589000225,0.002301364205777645,0.00012785002763848752,0.9873824715614319,0.0007972853491082788
18769,4,4,qual_only,qual_only,validation,0.11236352473497391,0.1311173290014267,0.003602630225941539,6.298678636085242e-05,0.7515053153038025,0.001348229474388063
18803,1,2,implicit_mmr,multi_method_not_mmr,validation,6.198119081091136e-05,0.0001456708851037547,0.5288050770759583,0.453838586807251,0.015994958579540253,0.0011537036625668406
18809,5,3,quant_only,no_method_signal,validation,0.00012566510122269392,0.0005470358300954103,0.2477411925792694,0.6784958243370056,0.0061710672453045845,0.06691925972700119
18811,5,3,quant_only,no_method_signal,validation,7.394600106636062e-05,0.00013590067101176828,0.4787309467792511,0.5127035975456238,0.007685600779950619,0.0006699109799228609
18872,0,1,explicit_mmr,implicit_mmr,validation,0.4269774258136749,0.5578464269638062,0.0005065638688392937,0.00023470580345019698,0.0014523073332384229,0.012982634827494621
18930,0,0,explicit_mmr,explicit_mmr,validation,0.9803286790847778,0.010185413993895054,0.0005671886028721929,0.0008723302744328976,0.0012214455055072904,0.006824953481554985
18967,3,2,no_method_signal,multi_method_not_mmr,validation,0.045832082629203796,0.1525438278913498,0.7181937098503113,0.001824904466047883,0.010286845266819,0.0713186115026474
19013,0,0,explicit_mmr,explicit_mmr,validation,0.7419395446777344,0.08363784104585648,0.1431693136692047,0.0005160439759492874,0.0016412421828135848,0.02909613959491253
19071,3,2,no_method_signal,multi_method_not_mmr,validation,0.004564699716866016,0.053663354367017746,0.8364743590354919,0.004306642338633537,0.0037853827234357595,0.09720554947853088
19137,3,3,no_method_signal,no_method_signal,validation,0.00028256227960810065,0.0009495661943219602,0.11592622101306915,0.3924890160560608,0.28681567311286926,0.2035369575023651
19224,2,2,multi_method_not_mmr,multi_method_not_mmr,validation,0.03986099734902382,0.12267838418483734,0.6532614827156067,0.003972552716732025,0.04558534547686577,0.13464120030403137
19556,2,5,multi_method_not_mmr,quant_only,validation,0.0018647614633664489,0.0006499635055661201,0.041828468441963196,0.025222571566700935,0.00023644152679480612,0.9301977753639221
19754,2,2,multi_method_not_mmr,multi_method_not_mmr,validation,0.06810677796602249,0.048697829246520996,0.625234842300415,0.007421392481774092,0.22354106605052948,0.026998089626431465
19774,1,1,implicit_mmr,implicit_mmr,validation,0.3828504979610443,0.5862764716148376,0.0026330221444368362,5.805030741612427e-05,0.021707948297262192,0.006473978981375694
19846,4,5,qual_only,quant_only,validation,0.06588329374790192,0.020739125087857246,0.19697366654872894,0.0016455051954835653,0.002944680629298091,0.711813747882843
19873,4,0,qual_only,explicit_mmr,validation,0.8732051849365234,0.052089836448431015,0.016672272235155106,0.00032788864336907864,0.000263464666204527,0.057441387325525284
20057,0,0,explicit_mmr,explicit_mmr,validation,0.7944048047065735,0.13548550009727478,0.03731392323970795,0.0005178598803468049,0.008504539728164673,0.023773271590471268
20127,1,4,implicit_mmr,qual_only,validation,0.04640975594520569,0.06630328297615051,0.01357584074139595,0.00010473806469235569,0.8729238510131836,0.0006825117161497474
20169,4,4,qual_only,qual_only,validation,0.11325229704380035,0.13027194142341614,0.0034599662758409977,6.403120642062277e-05,0.7515765428543091,0.0013751564547419548
20356,4,0,qual_only,explicit_mmr,validation,0.5645641088485718,0.4075148403644562,0.0010980013757944107,6.627646507695317e-05,0.02108585089445114,0.00567093538120389
20399,5,5,quant_only,quant_only,validation,0.017474006861448288,0.027091268450021744,0.17821601033210754,0.0024244021624326706,0.0007370206876657903,0.7740572690963745
20400,4,3,qual_only,no_method_signal,validation,0.00025171376182697713,0.0002972662332467735,0.3604417145252228,0.4355265498161316,0.20251645147800446,0.0009663199889473617
20498,1,5,implicit_mmr,quant_only,validation,0.0014374630991369486,0.0069915358908474445,0.09827925264835358,0.009109221398830414,0.0005363580421544611,0.8836461901664734
20589,0,1,explicit_mmr,implicit_mmr,validation,0.46488815546035767,0.5240539312362671,0.005389696918427944,9.773520105227362e-06,0.0034444648772478104,0.0022139910142868757
20642,0,0,explicit_mmr,explicit_mmr,validation,0.3883475363254547,0.08812722563743591,0.27904266119003296,0.0009563210769556463,0.00387198687531054,0.23965436220169067
20672,1,1,implicit_mmr,implicit_mmr,validation,0.15722855925559998,0.8301748633384705,0.00160311593208462,2.925119042629376e-05,0.0016161770327016711,0.009347967803478241
20685,1,1,implicit_mmr,implicit_mmr,validation,0.4366949796676636,0.5516825914382935,0.0016181599348783493,5.9419111494207755e-05,0.004694749601185322,0.005250163376331329
20744,0,1,explicit_mmr,implicit_mmr,validation,0.38972339034080505,0.5737789273262024,0.001216380624100566,6.610997661482543e-05,0.02886231243610382,0.006352861411869526
20772,1,0,implicit_mmr,explicit_mmr,validation,0.5056246519088745,0.47549405694007874,0.0026614400558173656,0.00011974624067079276,0.0031839385628700256,0.012916093692183495
20916,1,1,implicit_mmr,implicit_mmr,validation,0.018311966210603714,0.47587648034095764,0.3004053831100464,0.0003881703596562147,0.19219531118869781,0.012822682969272137
20953,0,0,explicit_mmr,explicit_mmr,validation,0.9573590755462646,0.036643337458372116,0.0009150367695838213,0.00013276941899675876,0.0003181688080076128,0.004631632007658482
20999,4,3,qual_only,no_method_signal,validation,0.00018857682880479842,0.0001296033733524382,0.15187448263168335,0.846767246723175,0.00036534687387757003,0.0006748122978024185
21065,2,4,multi_method_not_mmr,qual_only,validation,0.00038567811134271324,0.00036529029603116214,0.05487990006804466,0.14862695336341858,0.7830163836479187,0.01272581983357668
21067,0,0,explicit_mmr,explicit_mmr,validation,0.6847880482673645,0.3051624000072479,0.001817630254663527,3.626951001933776e-05,0.0012256724294275045,0.00696998555213213
21285,0,0,explicit_mmr,explicit_mmr,validation,0.8555053472518921,0.1008802205324173,0.0003518634184729308,6.881852459628135e-05,0.04153136909008026,0.0016624211566522717
21390,4,4,qual_only,qual_only,validation,0.05582352355122566,0.05505755543708801,0.0029447448905557394,6.834201485617086e-05,0.8851894736289978,0.0009164104703813791
21585,0,1,explicit_mmr,implicit_mmr,validation,0.29494762420654297,0.6610779166221619,0.002859035274013877,0.0004377862496767193,0.03150986135005951,0.009167712181806564
21590,0,1,explicit_mmr,implicit_mmr,validation,0.352317750453949,0.5478148460388184,0.007793350610882044,7.876774907344952e-05,0.08398336172103882,0.008011952973902225
21635,1,1,implicit_mmr,implicit_mmr,validation,0.4407958388328552,0.4693831503391266,0.07325133681297302,8.194222755264491e-05,0.00441883597522974,0.012068895623087883
21654,0,0,explicit_mmr,explicit_mmr,validation,0.9722228646278381,0.02435671165585518,0.00028691376792266965,0.00018273004388902336,0.0015802358975633979,0.0013704414013773203
21766,2,2,multi_method_not_mmr,multi_method_not_mmr,validation,0.00020704860799014568,0.0001600086543476209,0.5487493276596069,0.44244763255119324,0.008262245915830135,0.00017374075832776725
21801,1,4,implicit_mmr,qual_only,validation,0.1167745590209961,0.03986562415957451,0.001955716172233224,8.558003173675388e-05,0.8406527638435364,0.0006658248603343964
21819,2,5,multi_method_not_mmr,quant_only,validation,0.005850134417414665,0.07484631985425949,0.3492368757724762,0.009102420881390572,0.0022131793666630983,0.5587510466575623
21926,2,1,multi_method_not_mmr,implicit_mmr,validation,0.1587369292974472,0.7498051524162292,0.002394616836681962,9.38314333325252e-05,0.08186458051204681,0.007104860618710518
21939,2,1,multi_method_not_mmr,implicit_mmr,validation,0.19154827296733856,0.6502043008804321,0.004439730662852526,4.908237679046579e-05,0.14760704338550568,0.006151620298624039
21941,5,1,quant_only,implicit_mmr,validation,0.21595144271850586,0.5527569055557251,0.0803222507238388,0.0002196505811298266,0.0020926292054355145,0.14865709841251373
22120,0,5,explicit_mmr,quant_only,validation,0.0015938589349389076,0.0034253292251378298,0.13131311535835266,0.015902500599622726,0.0005901902914047241,0.8471750020980835
22277,5,0,quant_only,explicit_mmr,validation,0.8444815874099731,0.14584724605083466,0.0007029458065517247,3.946418655687012e-05,0.006906004622578621,0.002022774890065193
22286,5,0,quant_only,explicit_mmr,validation,0.490111380815506,0.47902581095695496,0.0026108266320079565,2.175266490667127e-05,0.02652686834335327,0.001703504822216928
22403,5,5,quant_only,quant_only,validation,0.03995589539408684,0.00788908265531063,0.1255049854516983,0.0014108262257650495,0.000689332839101553,0.8245499134063721
22460,1,0,implicit_mmr,explicit_mmr,validation,0.7346310615539551,0.2614367604255676,0.0009763715206645429,9.240745566785336e-05,0.00046494422713294625,0.002398465294390917
22469,5,0,quant_only,explicit_mmr,validation,0.8217326998710632,0.02668503113090992,0.014402387663722038,0.0006274350453168154,0.00034714752109721303,0.13620533049106598
22688,2,5,multi_method_not_mmr,quant_only,validation,0.0014239804586395621,0.0010165036655962467,0.4078369140625,0.06148416921496391,0.0005404111579991877,0.5276980400085449
22690,2,2,multi_method_not_mmr,multi_method_not_mmr,validation,0.0002266789088025689,0.00035981470136903226,0.7211014032363892,0.269620418548584,0.00147461355663836,0.007217139936983585
22851,5,0,quant_only,explicit_mmr,validation,0.5587977170944214,0.42596423625946045,0.004312962759286165,0.00015528064977843314,0.0014410640578716993,0.009328651241958141
22908,0,1,explicit_mmr,implicit_mmr,validation,0.2938905954360962,0.6624130010604858,0.0028877726290374994,0.0004282681620679796,0.03130777180194855,0.009072582237422466
22964,4,3,qual_only,no_method_signal,validation,0.00016391192912124097,0.00011668888328131288,0.13855738937854767,0.860103964805603,0.0003453169483691454,0.0007127054268494248
22995,0,1,explicit_mmr,implicit_mmr,validation,0.3300091624259949,0.6525527238845825,0.008251368068158627,1.602908014319837e-05,0.005219796672463417,0.003950783982872963
22997,0,5,explicit_mmr,quant_only,validation,0.052324432879686356,0.02267746441066265,0.0023379719350486994,0.001219148631207645,0.0012525275815278292,0.9201884269714355
23069,2,2,multi_method_not_mmr,multi_method_not_mmr,validation,0.00019014792633242905,7.828745583537966e-05,0.8201795816421509,0.17369337379932404,0.003945673815906048,0.0019130457658320665
23148,0,1,explicit_mmr,implicit_mmr,validation,0.38469836115837097,0.6027337908744812,0.0009229365969076753,3.306647704448551e-05,0.007103714160621166,0.004508203361183405
23157,0,0,explicit_mmr,explicit_mmr,validation,0.6681800484657288,0.3224106431007385,0.001101193018257618,0.00015595622244291008,0.0015343243721872568,0.00661779660731554
23159,1,1,implicit_mmr,implicit_mmr,validation,0.3921849727630615,0.5908925533294678,0.0031761208083480597,7.982934766914696e-05,0.007748809643089771,0.0059177083894610405
23160,1,0,implicit_mmr,explicit_mmr,validation,0.6980555057525635,0.28743764758110046,0.0020669044461101294,0.0007032831781543791,0.0018946471391245723,0.00984209030866623
23502,1,1,implicit_mmr,implicit_mmr,validation,0.18771038949489594,0.7717798352241516,0.010237456299364567,3.05849862343166e-05,0.023987766355276108,0.006254030857235193
23575,5,5,quant_only,quant_only,validation,0.0021883021108806133,0.0005399715155363083,0.0024517723359167576,0.0022179202642291784,0.000189339421922341,0.9924126267433167
23577,5,5,quant_only,quant_only,validation,0.04127791151404381,0.0020595407113432884,0.14491569995880127,0.01434954721480608,0.0727454349398613,0.7246518731117249
23634,5,3,quant_only,no_method_signal,validation,0.007805273402482271,0.00047462794464081526,0.0012906542979180813,0.719023585319519,0.2171020358800888,0.05430382862687111
23727,0,0,explicit_mmr,explicit_mmr,validation,0.9164858460426331,0.05897844582796097,0.008268246427178383,0.00011273031122982502,0.0006058557191863656,0.015548818744719028
23763,1,0,implicit_mmr,explicit_mmr,validation,0.8692874908447266,0.08414450287818909,0.032389022409915924,0.0002476517984177917,0.002389106899499893,0.01154219638556242
23944,3,5,no_method_signal,quant_only,validation,0.002014074008911848,0.0012071876553818583,0.29584312438964844,0.008934813551604748,0.0006007024785503745,0.6914001107215881
23959,0,0,explicit_mmr,explicit_mmr,validation,0.9576395153999329,0.034899208694696426,0.0004799727466888726,0.0001017734975903295,0.004624438472092152,0.0022550085559487343
24075,0,0,explicit_mmr,explicit_mmr,validation,0.6431068778038025,0.33802330493927,0.0008236380526795983,2.1736370399594307e-05,0.01662806235253811,0.0013963774545118213
24325,0,0,explicit_mmr,explicit_mmr,validation,0.8308038115501404,0.056556135416030884,0.09902575612068176,0.0008546079625375569,0.003954590763896704,0.008805148303508759
24328,0,1,explicit_mmr,implicit_mmr,validation,0.14077715575695038,0.7228642702102661,0.022792140021920204,2.883521665353328e-05,0.11260364949703217,0.0009339666576124728
24366,0,0,explicit_mmr,explicit_mmr,validation,0.7005003094673157,0.2674381732940674,0.0014904941199347377,1.9561948647606187e-05,0.03017425164580345,0.00037717397208325565
24479,0,0,explicit_mmr,explicit_mmr,validation,0.8795313835144043,0.11554329842329025,0.0006276612402871251,5.908419916522689e-05,0.0013792156241834164,0.002859462983906269
24568,1,1,implicit_mmr,implicit_mmr,validation,0.3254926800727844,0.6618766188621521,0.0014741008635610342,4.657300451071933e-05,0.005006423220038414,0.006103586871176958
24609,1,0,implicit_mmr,explicit_mmr,validation,0.5097888112068176,0.4817567765712738,0.0020668066572397947,2.2272974092629738e-05,0.0014163197483867407,0.004949021618813276
24792,0,2,explicit_mmr,multi_method_not_mmr,validation,0.0068108574487268925,0.13164697587490082,0.7745562791824341,0.0007592978654429317,0.01961124688386917,0.06661535054445267
24798,0,2,explicit_mmr,multi_method_not_mmr,validation,0.004008166026324034,0.0431944839656353,0.5472975969314575,0.008786269463598728,0.0027093400713056326,0.39400410652160645
24800,0,2,explicit_mmr,multi_method_not_mmr,validation,0.002814582781866193,0.032277245074510574,0.6564753651618958,0.008880523033440113,0.0024811686016619205,0.29707109928131104
24802,0,2,explicit_mmr,multi_method_not_mmr,validation,0.002958953147754073,0.04046380892395973,0.8943244814872742,0.001094656065106392,0.009093211963772774,0.052064839750528336
24860,0,2,explicit_mmr,multi_method_not_mmr,validation,0.009543096646666527,0.07161296159029007,0.8163670897483826,0.0011729205725714564,0.006615190766751766,0.09468869864940643
24999,1,0,implicit_mmr,explicit_mmr,validation,0.8992239832878113,0.09209596365690231,0.00036462320713326335,4.517874549492262e-05,0.006190769840031862,0.0020795755553990602
25044,0,0,explicit_mmr,explicit_mmr,validation,0.9797821640968323,0.013883761130273342,0.0003095847787335515,0.0005378435598686337,0.0029413807205855846,0.0025452079717069864
25377,0,4,explicit_mmr,qual_only,validation,0.1494603008031845,0.07887275516986847,0.15546554327011108,0.005193456541746855,0.5532525181770325,0.05775539577007294
25378,0,0,explicit_mmr,explicit_mmr,validation,0.5797393321990967,0.2659067213535309,0.005115915089845657,0.0006535840220749378,0.08835547417402267,0.0602291040122509
25505,1,0,implicit_mmr,explicit_mmr,validation,0.7727539539337158,0.22049365937709808,0.00039302706136368215,3.707940049935132e-05,0.003769479226320982,0.002552894875407219
25533,0,0,explicit_mmr,explicit_mmr,validation,0.49805933237075806,0.42256203293800354,0.0013710118364542723,4.694181916420348e-05,0.07637570798397064,0.00158506550360471
25580,4,2,qual_only,multi_method_not_mmr,validation,0.01849081739783287,0.059866681694984436,0.8386337161064148,0.0037310763727873564,0.009869779460132122,0.06940791755914688
25724,0,4,explicit_mmr,qual_only,validation,0.3375301957130432,0.2759701907634735,0.0030843429267406464,7.466348324669525e-05,0.38025036454200745,0.003090249141678214
25754,3,2,no_method_signal,multi_method_not_mmr,validation,0.00018694179016165435,0.0005491345073096454,0.814755916595459,0.15622518956661224,0.008412088267505169,0.019870661199092865
25801,1,2,implicit_mmr,multi_method_not_mmr,validation,0.0011015760246664286,0.003586324630305171,0.9091869592666626,0.04242347553372383,0.0036101690493524075,0.04009145870804787
25814,2,4,multi_method_not_mmr,qual_only,validation,0.00016121422231663018,0.0003030554507859051,0.0025480736512690783,0.006775508169084787,0.9893088340759277,0.0009032580419443548
25841,2,4,multi_method_not_mmr,qual_only,validation,0.0054156300611793995,0.00412961607798934,0.001246283994987607,0.00038060586666688323,0.9882655143737793,0.0005624013720080256
25842,2,4,multi_method_not_mmr,qual_only,validation,0.00911400280892849,0.00497062923386693,0.001319709001109004,0.0003671519225463271,0.9829718470573425,0.001256680814549327
25994,1,1,implicit_mmr,implicit_mmr,validation,0.13046503067016602,0.8353833556175232,0.0039040930569171906,0.00017230208322871476,0.00786864198744297,0.02220662496984005
26051,0,0,explicit_mmr,explicit_mmr,validation,0.9564377069473267,0.028246842324733734,0.0021147001534700394,0.00028186000417917967,0.0003191626747138798,0.012599832378327847
26055,1,1,implicit_mmr,implicit_mmr,validation,0.19450613856315613,0.7412567138671875,0.005685919430106878,0.00046108904643915594,0.009231368079781532,0.04885878413915634
26102,0,1,explicit_mmr,implicit_mmr,validation,0.10755736380815506,0.8560607433319092,0.011762413196265697,1.7536258383188397e-05,0.012590046972036362,0.012011805549263954
26155,0,0,explicit_mmr,explicit_mmr,validation,0.9648460745811462,0.02130500227212906,0.0002940657432191074,0.0002800396759994328,0.011452252976596355,0.0018224215600639582
26265,0,1,explicit_mmr,implicit_mmr,validation,0.24956262111663818,0.4075518548488617,0.013894750736653805,6.0942307754885405e-05,0.3256485164165497,0.0032812843564897776
26309,3,5,no_method_signal,quant_only,validation,0.021990671753883362,0.03671080991625786,0.3103950619697571,0.0023211317602545023,0.0019588565919548273,0.6266234517097473
26319,0,0,explicit_mmr,explicit_mmr,validation,0.9562585353851318,0.03709084540605545,0.00033046226599253714,0.00010612166806822643,0.004253680817782879,0.0019602221436798573
26530,5,2,quant_only,multi_method_not_mmr,validation,0.04239790141582489,0.03295542672276497,0.6910699605941772,0.0012909967917948961,0.0050520519725978374,0.2272336184978485
26544,1,0,implicit_mmr,explicit_mmr,validation,0.4670494496822357,0.3804502487182617,0.0031783687882125378,4.566450297716074e-05,0.14752936363220215,0.0017469222657382488
26545,1,0,implicit_mmr,explicit_mmr,validation,0.5778077840805054,0.3845745623111725,0.0008221271564252675,2.406463499937672e-05,0.035617273300886154,0.0011542040156200528
26551,0,1,explicit_mmr,implicit_mmr,validation,0.41680964827537537,0.5064213275909424,0.003268064931035042,3.431182631175034e-05,0.07036075741052628,0.0031058976892381907
26552,0,4,explicit_mmr,qual_only,validation,0.2883540987968445,0.19026947021484375,0.00147289561573416,9.504718764219433e-05,0.518173098564148,0.0016354203689843416
26570,4,0,qual_only,explicit_mmr,validation,0.9282888770103455,0.06557367742061615,0.0012086592614650726,4.964901745552197e-05,0.0006540705217048526,0.004224998876452446
26652,1,0,implicit_mmr,explicit_mmr,validation,0.5916897058486938,0.394252210855484,0.001041316776536405,0.00016141522792167962,0.0033310281578451395,0.00952440220862627
26875,0,0,explicit_mmr,explicit_mmr,validation,0.9714577794075012,0.022723466157913208,0.0007311917725019157,0.00012309807061683387,0.0035392551217228174,0.0014250886160880327
26913,0,0,explicit_mmr,explicit_mmr,validation,0.8468175530433655,0.14203041791915894,0.0036556567065417767,5.669172605848871e-05,0.0015031399670988321,0.005936433561146259
26936,0,1,explicit_mmr,implicit_mmr,validation,0.34194710850715637,0.4971598982810974,0.0033210134133696556,4.028900002595037e-05,0.15366685390472412,0.003864704165607691
26938,0,1,explicit_mmr,implicit_mmr,validation,0.33113372325897217,0.5184518694877625,0.006971194874495268,3.928725345758721e-05,0.13865965604782104,0.004744179546833038
26939,1,2,implicit_mmr,multi_method_not_mmr,validation,0.0019011645345017314,0.015251124277710915,0.8560125231742859,0.01821937970817089,0.01078101433813572,0.09783477336168289
26943,1,2,implicit_mmr,multi_method_not_mmr,validation,0.03051491640508175,0.12694169580936432,0.7877208590507507,0.0018725799163803458,0.044234853237867355,0.008715063333511353
26945,1,2,implicit_mmr,multi_method_not_mmr,validation,0.014977083541452885,0.07041503489017487,0.8541388511657715,0.0037259976379573345,0.04934382438659668,0.007399124559015036
26954,1,2,implicit_mmr,multi_method_not_mmr,validation,0.0031483557540923357,0.01760292984545231,0.9311836361885071,0.008266635239124298,0.026518693193793297,0.013279682956635952
26971,0,0,explicit_mmr,explicit_mmr,validation,0.6838770508766174,0.31038767099380493,0.0012433729134500027,1.8995902792084962e-05,0.001837071729823947,0.0026358177419751883
26977,1,2,implicit_mmr,multi_method_not_mmr,validation,0.04420335218310356,0.1592557430267334,0.7307725548744202,0.002081613289192319,0.055274587124586105,0.008412215858697891
27015,2,3,multi_method_not_mmr,no_method_signal,validation,0.004300797823816538,0.00018924818141385913,0.011795339174568653,0.8873142004013062,0.0001948911085492,0.09620554745197296
27046,0,1,explicit_mmr,implicit_mmr,validation,0.35470935702323914,0.5764896273612976,0.006190457381308079,5.779455750598572e-05,0.05775695666670799,0.0047958311624825
27047,0,1,explicit_mmr,implicit_mmr,validation,0.2517040967941284,0.37456098198890686,0.016700614243745804,0.00010538515925873071,0.3479416072368622,0.008987365290522575
27052,0,1,explicit_mmr,implicit_mmr,validation,0.3099326491355896,0.48588716983795166,0.14211387932300568,0.000269513635430485,0.02438487857580185,0.037411823868751526
27060,0,1,explicit_mmr,implicit_mmr,validation,0.4612554907798767,0.4896790087223053,0.0013334689429029822,0.00013002718333154917,0.04010992869734764,0.007492066361010075
27061,0,4,explicit_mmr,qual_only,validation,0.15739518404006958,0.26932933926582336,0.0029388447292149067,0.0001701479486655444,0.5646430850028992,0.005523308180272579
27128,5,5,quant_only,quant_only,validation,0.00439475616440177,0.004087608307600021,0.3595570921897888,0.005672138184309006,0.0004580720269586891,0.625830352306366
27279,1,0,implicit_mmr,explicit_mmr,validation,0.547218382358551,0.43563276529312134,0.003096986562013626,1.541928759252187e-05,0.012388369999825954,0.0016480276826769114
27299,0,0,explicit_mmr,explicit_mmr,validation,0.6850923299789429,0.30450427532196045,0.001014349632896483,0.00012166798114776611,0.0036350712180137634,0.005632296204566956
27471,4,2,qual_only,multi_method_not_mmr,validation,0.07497259229421616,0.14846572279930115,0.6353144645690918,0.0010277793044224381,0.03228532150387764,0.10793415457010269
27520,2,0,multi_method_not_mmr,explicit_mmr,validation,0.5458758473396301,0.39185768365859985,0.046431511640548706,5.4762145737186074e-05,0.006335003301501274,0.00944520067423582
27525,2,0,multi_method_not_mmr,explicit_mmr,validation,0.617577314376831,0.29901477694511414,0.05850071832537651,9.128653618972749e-05,0.015832018107175827,0.00898386724293232
27558,3,4,no_method_signal,qual_only,validation,0.002526434836909175,0.0016151104355230927,0.00018866866594180465,0.0007456321036443114,0.994652271270752,0.00027187648811377585
27572,5,0,quant_only,explicit_mmr,validation,0.9703298211097717,0.02157139964401722,0.0006870747311040759,0.0003646902332548052,0.0010028206743299961,0.006044225301593542
27585,3,5,no_method_signal,quant_only,validation,0.00028291394119150937,0.00036909314803779125,0.002003356581553817,0.2918800115585327,0.005058498587459326,0.7004061341285706
27611,4,2,qual_only,multi_method_not_mmr,validation,0.0001916121254907921,0.002279421780258417,0.8688011765480042,0.053203217685222626,0.029231352731585503,0.04629324749112129
27673,0,4,explicit_mmr,qual_only,validation,0.2440788596868515,0.3055148422718048,0.004069152288138866,0.00012902826711069793,0.442131370306015,0.004076664801687002
27679,1,0,implicit_mmr,explicit_mmr,validation,0.6790710687637329,0.31459948420524597,0.0005726059316657484,0.00013872441195417196,0.0021484163589775562,0.0034695977810770273
27686,0,0,explicit_mmr,explicit_mmr,validation,0.9147900342941284,0.06705423444509506,0.0003332938940729946,6.372974894475192e-05,0.016241341829299927,0.001517426804639399
27731,0,1,explicit_mmr,implicit_mmr,validation,0.37662407755851746,0.609792172908783,0.0009046763880178332,1.2771177352988161e-05,0.011076660826802254,0.0015896701952442527
27736,0,0,explicit_mmr,explicit_mmr,validation,0.7700126767158508,0.20915190875530243,0.0003893149259965867,3.198772537871264e-05,0.019049227237701416,0.0013649436878040433
27739,0,0,explicit_mmr,explicit_mmr,validation,0.5154194235801697,0.4757540225982666,0.0008116212557069957,1.560945383971557e-05,0.006523939315229654,0.001475354190915823
27806,2,3,multi_method_not_mmr,no_method_signal,validation,5.603859608527273e-05,4.975185947841965e-05,0.04755368456244469,0.9513787627220154,0.00037155719473958015,0.0005902393022552133
27856,0,0,explicit_mmr,explicit_mmr,validation,0.8251010775566101,0.16924232244491577,0.0014177002012729645,2.3389233319903724e-05,0.0013890807749703526,0.0028265020810067654
27911,1,0,implicit_mmr,explicit_mmr,validation,0.6448424458503723,0.3463699519634247,0.00356764392927289,2.7033634978579357e-05,0.002754450310021639,0.0024384697899222374
27915,0,0,explicit_mmr,explicit_mmr,validation,0.4641387462615967,0.1540757268667221,0.3350572884082794,0.00037159770727157593,0.012396231293678284,0.033960361033678055
27924,0,0,explicit_mmr,explicit_mmr,validation,0.8032894730567932,0.18946488201618195,0.0014172958908602595,3.815735180978663e-05,0.0015705812256783247,0.004219674505293369
27997,0,4,explicit_mmr,qual_only,validation,0.07339625805616379,0.03176024183630943,0.0013776666019111872,7.9699580965098e-05,0.8925624489784241,0.0008236573194153607
28008,5,5,quant_only,quant_only,validation,0.00772904371842742,0.001027392572723329,0.011451072990894318,0.001714045531116426,0.0001357179571641609,0.9779427647590637
28034,1,0,implicit_mmr,explicit_mmr,validation,0.7562628984451294,0.23276671767234802,0.0006076566060073674,2.424752528895624e-05,0.0090892119333148,0.0012492744717746973
28038,1,0,implicit_mmr,explicit_mmr,validation,0.8692845702171326,0.050960615277290344,0.0003222949744667858,0.0002346029650652781,0.07749874889850616,0.0016991171287372708
28255,2,2,multi_method_not_mmr,multi_method_not_mmr,validation,0.00014240066229831427,0.00021756126079708338,0.6609678268432617,0.3268361985683441,0.011549330316483974,0.0002866176364477724
28465,4,0,qual_only,explicit_mmr,validation,0.4092891812324524,0.27697259187698364,0.23380261659622192,0.00021405925508588552,0.07389096915721893,0.005830526351928711
28581,4,2,qual_only,multi_method_not_mmr,validation,0.044016916304826736,0.13837115466594696,0.5409300327301025,0.00031355165992863476,0.271963894367218,0.004404488950967789
28600,1,5,implicit_mmr,quant_only,validation,0.035598430782556534,0.3177681267261505,0.008421811275184155,0.0005623387987725437,0.0006610115524381399,0.6369882822036743
28601,3,2,no_method_signal,multi_method_not_mmr,validation,0.00014587365149054676,0.00014724323409609497,0.9294605255126953,0.06785977631807327,0.0020201867446303368,0.00036644996725954115
28664,0,4,explicit_mmr,qual_only,validation,0.17167198657989502,0.26273271441459656,0.016941586509346962,0.00010205696889897808,0.5436709523200989,0.004880671855062246
28665,0,4,explicit_mmr,qual_only,validation,0.16682806611061096,0.25629401206970215,0.005811573006212711,0.00011086441372754052,0.5657866597175598,0.005168895702809095
28705,0,1,explicit_mmr,implicit_mmr,validation,0.3403717577457428,0.5263809561729431,0.007492884527891874,6.222111551323906e-05,0.1207059919834137,0.004986184649169445
28831,0,4,explicit_mmr,qual_only,validation,0.11843667179346085,0.07493813335895538,0.0017844312824308872,7.738629938103259e-05,0.8038879632949829,0.0008754610316827893
28832,0,4,explicit_mmr,qual_only,validation,0.16243834793567657,0.08268271386623383,0.0016312410589307547,7.951125735417008e-05,0.7524214386940002,0.0007467942195944488
28836,0,0,explicit_mmr,explicit_mmr,validation,0.8224392533302307,0.16915147006511688,0.0006854846142232418,2.965494422824122e-05,0.005984975956380367,0.0017092173220589757
28855,1,4,implicit_mmr,qual_only,validation,0.2331993728876114,0.26077163219451904,0.006777074653655291,9.026275802170858e-05,0.49552974104881287,0.003631873521953821
28887,2,3,multi_method_not_mmr,no_method_signal,validation,0.00015266920672729611,0.00016908772522583604,0.4194851815700531,0.5693575739860535,0.000587903312407434,0.010247551836073399
28966,1,4,implicit_mmr,qual_only,validation,0.10844041407108307,0.06759115308523178,0.004599499981850386,8.533181971870363e-05,0.8186802268028259,0.0006033285753801465
28967,1,4,implicit_mmr,qual_only,validation,0.20525141060352325,0.08395910263061523,0.0020449727308005095,8.173356036422774e-05,0.707961916923523,0.0007009223336353898
29031,4,4,qual_only,qual_only,validation,0.3045428395271301,0.18997734785079956,0.0012700934894382954,6.33692106930539e-05,0.5024213194847107,0.0017249827506020665
29032,4,4,qual_only,qual_only,validation,0.13252268731594086,0.06624260544776917,0.0009539020247757435,0.00010114579345099628,0.7991736531257629,0.0010059050982818007
29050,0,0,explicit_mmr,explicit_mmr,validation,0.6124935746192932,0.3723379969596863,0.0018000383861362934,0.00010216625378234312,0.008951818570494652,0.004314370919018984
29075,0,0,explicit_mmr,explicit_mmr,validation,0.8787441849708557,0.11601317673921585,0.00044565298594534397,3.8470810977742076e-05,0.0025449611712247133,0.002213615458458662
29083,0,2,explicit_mmr,multi_method_not_mmr,validation,0.002407127758488059,0.003371313912793994,0.9737899303436279,0.0009434618405066431,0.009334280155599117,0.010153894312679768
29121,0,0,explicit_mmr,explicit_mmr,validation,0.552274227142334,0.43287038803100586,0.0029195097740739584,9.206610411638394e-05,0.004380436148494482,0.007463409565389156
29125,0,0,explicit_mmr,explicit_mmr,validation,0.9635803699493408,0.030889470130205154,0.000657644122838974,0.00012713948672171682,0.001945285010151565,0.002800151240080595
29169,3,3,no_method_signal,no_method_signal,validation,0.0016297603724524379,0.00045134080573916435,0.008480062708258629,0.9887580871582031,0.0003453263780102134,0.00033529193024151027
29265,2,5,multi_method_not_mmr,quant_only,validation,0.003697424428537488,0.013008549809455872,0.1717890352010727,0.02528323046863079,0.0014217972056940198,0.7847999334335327
29368,2,4,multi_method_not_mmr,qual_only,validation,0.029375214129686356,0.02387673780322075,0.06879870593547821,0.0004405710205901414,0.8734025359153748,0.004106213804334402
29488,0,1,explicit_mmr,implicit_mmr,validation,0.20890866219997406,0.7382558584213257,0.005859017837792635,9.962076728697866e-05,0.04315944015979767,0.0037175221368670464
29508,5,5,quant_only,quant_only,validation,0.03429695963859558,0.004944935441017151,0.015353335998952389,0.000862414890434593,0.0003914482658728957,0.9441509246826172
29530,0,2,explicit_mmr,multi_method_not_mmr,validation,0.023908749222755432,0.267167866230011,0.6551491022109985,0.0019436562433838844,0.03868333622813225,0.013147308491170406
29531,0,1,explicit_mmr,implicit_mmr,validation,0.03988771513104439,0.47596749663352966,0.429095596075058,0.0009313992341049016,0.037974271923303604,0.016143586486577988
29636,0,0,explicit_mmr,explicit_mmr,validation,0.5601518154144287,0.3912106156349182,0.006481077987700701,0.00013504041999112815,0.03213248774409294,0.009889085777103901
29734,1,1,implicit_mmr,implicit_mmr,validation,0.37531501054763794,0.587929904460907,0.0032883132807910442,2.2962132788961753e-05,0.030179832130670547,0.003263924503698945
29735,1,1,implicit_mmr,implicit_mmr,validation,0.38197216391563416,0.5665094256401062,0.0007517708581872284,2.5218756491085514e-05,0.048950135707855225,0.001791256247088313
29736,1,0,implicit_mmr,explicit_mmr,validation,0.8035116791725159,0.1436171531677246,0.00043658408685587347,5.5768345191609114e-05,0.051441483199596405,0.000937219534534961
29737,1,0,implicit_mmr,explicit_mmr,validation,0.5843193531036377,0.38498586416244507,0.0004572868347167969,3.8144702557474375e-05,0.02889043651521206,0.0013089191634207964
29738,1,0,implicit_mmr,explicit_mmr,validation,0.7252789735794067,0.1988769769668579,0.0005270146648399532,5.527015673578717e-05,0.07428642362356186,0.0009753367630764842
29739,1,0,implicit_mmr,explicit_mmr,validation,0.6245132684707642,0.34878191351890564,0.0005195742123760283,4.4079377403249964e-05,0.024970829486846924,0.0011704079806804657
29740,1,0,implicit_mmr,explicit_mmr,validation,0.8522307872772217,0.1361280083656311,0.00029561854898929596,4.545949923340231e-05,0.010347146540880203,0.0009530996321700513
29743,2,0,multi_method_not_mmr,explicit_mmr,validation,0.7181460857391357,0.24652712047100067,0.014529559761285782,9.638427582103759e-05,0.01955997571349144,0.0011407410493120551
29759,2,2,multi_method_not_mmr,multi_method_not_mmr,validation,0.001667763339355588,0.0008282809285447001,0.5918444395065308,0.2741382420063019,0.1313014179468155,0.00021983195620123297
29794,1,0,implicit_mmr,explicit_mmr,validation,0.5295453667640686,0.45692282915115356,0.0022759209387004375,2.5889845346682705e-05,0.009106970392167568,0.0021229316480457783
30041,5,1,quant_only,implicit_mmr,validation,0.21940720081329346,0.6984537839889526,0.03283651918172836,0.0009825772140175104,0.005053816828876734,0.04326609894633293
30042,5,0,quant_only,explicit_mmr,validation,0.5722330808639526,0.4135708510875702,0.0008654253906570375,0.00019470631377771497,0.0008563214214518666,0.012279612012207508
30043,5,1,quant_only,implicit_mmr,validation,0.36040276288986206,0.5484859943389893,0.039688147604465485,0.002044340828433633,0.005613686982542276,0.043765075504779816
30044,5,1,quant_only,implicit_mmr,validation,0.41219061613082886,0.4655575752258301,0.058710820972919464,0.0033960645087063313,0.004955777898430824,0.055189136415719986
30132,1,1,implicit_mmr,implicit_mmr,validation,0.2762230336666107,0.6053324937820435,0.006250223610550165,6.0177408158779144e-05,0.10185658931732178,0.010277469642460346
30133,1,4,implicit_mmr,qual_only,validation,0.039108648896217346,0.05107641592621803,0.0007112056482583284,0.00012816708476748317,0.907401442527771,0.0015740859089419246
30214,0,4,explicit_mmr,qual_only,validation,0.2899693548679352,0.1740708202123642,0.0013716145185753703,9.932536340784281e-05,0.5330028533935547,0.0014860796509310603
30216,0,0,explicit_mmr,explicit_mmr,validation,0.9513860940933228,0.0359097458422184,0.00034307135501876473,0.00010324292088625953,0.011167268268764019,0.0010905852541327477
30217,0,0,explicit_mmr,explicit_mmr,validation,0.6624618768692017,0.2949504256248474,0.0007977964705787599,6.216052133822814e-05,0.040550462901592255,0.0011773004662245512
30220,0,4,explicit_mmr,qual_only,validation,0.06601517647504807,0.2733595073223114,0.024435611441731453,0.00010278965055476874,0.6349498629570007,0.00113705697003752
30381,0,0,explicit_mmr,explicit_mmr,validation,0.47630977630615234,0.1170620322227478,0.2008575052022934,0.0040073515847325325,0.03911370038986206,0.16264964640140533
30382,0,5,explicit_mmr,quant_only,validation,0.17931494116783142,0.037887003272771835,0.2539636492729187,0.007514782715588808,0.009754488244652748,0.5115652084350586
30426,0,0,explicit_mmr,explicit_mmr,validation,0.5508934855461121,0.43425312638282776,0.0015915065305307508,7.126955460989848e-05,0.0084550641477108,0.004735579714179039
30427,0,4,explicit_mmr,qual_only,validation,0.16362662613391876,0.24784544110298157,0.001674817642197013,0.00016900867922231555,0.5817319750785828,0.00495219137519598
30443,2,1,multi_method_not_mmr,implicit_mmr,validation,0.32615727186203003,0.586605429649353,0.011534580960869789,6.53155439067632e-05,0.06469973176717758,0.010937701910734177
30590,0,0,explicit_mmr,explicit_mmr,validation,0.9501621127128601,0.04617611691355705,0.0005635875859297812,5.9475500165717676e-05,0.0016197202494367957,0.0014189590001478791
30591,0,0,explicit_mmr,explicit_mmr,validation,0.8972004652023315,0.09877698868513107,0.0004419867764227092,3.723787085618824e-05,0.0029203363228589296,0.0006231122533790767
30608,0,0,explicit_mmr,explicit_mmr,validation,0.9561601281166077,0.03707398101687431,0.0003318619856145233,0.00010670561459846795,0.00434653228148818,0.001980807399377227
30609,0,0,explicit_mmr,explicit_mmr,validation,0.8379472494125366,0.06893626600503922,0.00042425061110407114,0.000173918015207164,0.09051120281219482,0.0020070879254490137
30610,0,4,explicit_mmr,qual_only,validation,0.3073103129863739,0.21886521577835083,0.001565599930472672,9.781104745343328e-05,0.47026222944259644,0.001898811198771
30641,0,0,explicit_mmr,explicit_mmr,validation,0.8425807952880859,0.15288616716861725,0.0008479828829877079,2.5478273528278805e-05,0.0010119134094566107,0.002647718880325556
30653,2,0,multi_method_not_mmr,explicit_mmr,validation,0.9612331986427307,0.03147708624601364,0.002364885760471225,0.00015573750715702772,0.0005718013271689415,0.004197346977889538
30700,1,0,implicit_mmr,explicit_mmr,validation,0.9569214582443237,0.03199119493365288,0.004190604668110609,0.00021500629372894764,0.0007789236842654645,0.005902743898332119
30794,4,0,qual_only,explicit_mmr,validation,0.778268039226532,0.20718801021575928,0.0009479517466388643,2.9307828299351968e-05,0.011882112361490726,0.001684514805674553
31265,0,1,explicit_mmr,implicit_mmr,validation,0.40254834294319153,0.5706238746643066,0.002278801053762436,0.0002739414921961725,0.011735270731151104,0.012539823539555073
31409,1,0,implicit_mmr,explicit_mmr,validation,0.6112577319145203,0.31681403517723083,0.06025801599025726,0.0005971328937448561,0.0018186741508543491,0.009254403412342072
31433,5,0,quant_only,explicit_mmr,validation,0.6877286434173584,0.26318779587745667,0.030583420768380165,0.0003863118472509086,0.0018115510465577245,0.01630229689180851
31497,5,5,quant_only,quant_only,validation,0.13340112566947937,0.004287154879420996,0.2923380732536316,0.018590012565255165,0.001297169947065413,0.5500864386558533
31517,0,0,explicit_mmr,explicit_mmr,validation,0.9657667875289917,0.02495505101978779,0.0003966302319895476,0.00019138290372211486,0.00809912383556366,0.0005910517647862434
31548,5,5,quant_only,quant_only,validation,0.0022970507852733135,0.0009591014822944999,0.41213458776474,0.008888283744454384,0.00042030669283121824,0.5753006935119629
31670,0,0,explicit_mmr,explicit_mmr,validation,0.5545993447303772,0.3467447757720947,0.08464483171701431,9.66138468356803e-05,0.011480928398668766,0.0024335032794624567
31671,0,0,explicit_mmr,explicit_mmr,validation,0.7330383062362671,0.23572614789009094,0.023226777091622353,6.53331444482319e-05,0.005999370478093624,0.0019441547337919474
31732,0,0,explicit_mmr,explicit_mmr,validation,0.9211797118186951,0.06253775209188461,0.009431363083422184,0.00011946944869123399,0.0008173953974619508,0.005914211738854647
31779,0,0,explicit_mmr,explicit_mmr,validation,0.9268892407417297,0.05666527524590492,0.00042897561797872186,0.00012000533752143383,0.01533719152212143,0.0005593605455942452
31821,3,4,no_method_signal,qual_only,validation,0.0001378647721139714,0.00014837946218904108,0.0007813942502252758,0.029094649478793144,0.9687352776527405,0.0011023803381249309
31827,3,3,no_method_signal,no_method_signal,validation,2.535362364142202e-05,3.397828550077975e-05,0.017269212752580643,0.9817000031471252,0.0005062752170488238,0.0004652202478609979
31830,5,3,quant_only,no_method_signal,validation,7.446992094628513e-05,9.694533218862489e-05,0.21962860226631165,0.7784749865531921,0.0008219742449000478,0.0009030264336615801
31840,3,3,no_method_signal,no_method_signal,validation,0.0001809109962778166,0.00015450837963726372,0.4427712857723236,0.5550628304481506,0.0014361079083755612,0.0003943583578802645
31844,3,2,no_method_signal,multi_method_not_mmr,validation,0.00015398692630697042,0.0009735666681081057,0.895942747592926,0.02922622486948967,0.07001689076423645,0.0036865919828414917
31850,2,2,multi_method_not_mmr,multi_method_not_mmr,validation,0.0055146911181509495,0.09698829799890518,0.6389733552932739,0.004646928049623966,0.03357105702161789,0.22030571103096008
31855,3,2,no_method_signal,multi_method_not_mmr,validation,0.00023403132217936218,0.00034402409801259637,0.9501515626907349,0.04534957930445671,0.003780555445700884,0.00014034307969268411
31861,4,2,qual_only,multi_method_not_mmr,validation,0.000706109800375998,0.007067663595080376,0.5540013313293457,0.006404929328709841,0.42965224385261536,0.0021677061449736357
31862,4,2,qual_only,multi_method_not_mmr,validation,0.0003446566697675735,0.0020360106136649847,0.6688002943992615,0.011199773289263248,0.31676656007766724,0.0008527625468559563
31865,5,1,quant_only,implicit_mmr,validation,0.06479280441999435,0.8947774767875671,0.010546524077653885,2.1633013602695428e-05,0.01840389519929886,0.011457580141723156
31868,2,2,multi_method_not_mmr,multi_method_not_mmr,validation,0.002206874545663595,0.02185339853167534,0.9110002517700195,0.001071668928489089,0.05925561115145683,0.004612218122929335
31874,4,4,qual_only,qual_only,validation,0.0008091327617876232,0.0016179784433916211,0.010274282656610012,0.00039812439354136586,0.98665851354599,0.00024190693511627614
31889,5,2,quant_only,multi_method_not_mmr,validation,0.0012722596293315291,0.02543005160987377,0.7939424514770508,0.0036004360299557447,0.13403387367725372,0.041720982640981674
31894,3,5,no_method_signal,quant_only,validation,0.002092105569317937,0.007365057710558176,0.012272508814930916,0.0013667379971593618,0.0003611965221352875,0.9765424728393555
31909,0,1,explicit_mmr,implicit_mmr,validation,0.03331201151013374,0.5651220083236694,0.0461060032248497,0.0006569746183231473,0.0072321780025959015,0.3475707769393921
31921,1,3,implicit_mmr,no_method_signal,validation,4.4933854951523244e-05,5.6249653425766155e-05,0.06641457229852676,0.9038570523262024,0.0005109559278935194,0.029116252437233925
31929,2,4,multi_method_not_mmr,qual_only,validation,0.0008578756242059171,0.0027020846027880907,0.09193455427885056,0.0011678951559588313,0.9030877947807312,0.0002498213143553585
31933,1,1,implicit_mmr,implicit_mmr,validation,0.11532673984766006,0.852423369884491,0.004138049203902483,2.1508529243874364e-05,0.002674667164683342,0.025415727868676186
31934,1,1,implicit_mmr,implicit_mmr,validation,0.05895082652568817,0.9027174115180969,0.008891365490853786,2.2893613277119584e-05,0.004093032795935869,0.025324421003460884
31936,2,2,multi_method_not_mmr,multi_method_not_mmr,validation,0.00019439570314716548,0.0001743828470353037,0.8529191017150879,0.1391504555940628,0.006976618431508541,0.0005850033485330641
31946,5,5,quant_only,quant_only,validation,0.0027405451983213425,0.009536059573292732,0.2127661406993866,0.00391769502311945,0.0044885422103106976,0.7665509581565857
31949,4,4,qual_only,qual_only,validation,0.00015420510317198932,0.0004037323815282434,0.06651056557893753,0.10856053233146667,0.8232277035713196,0.0011433062609285116
31955,5,1,quant_only,implicit_mmr,validation,0.07050654292106628,0.43316715955734253,0.10753975063562393,0.0010681203566491604,0.02195267379283905,0.3657658100128174
31962,5,5,quant_only,quant_only,validation,0.00307866046205163,0.00428341468796134,0.008465428836643696,0.0024456616956740618,0.00026382796932011843,0.9814629554748535
31966,3,5,no_method_signal,quant_only,validation,0.00018071377417072654,0.00024910690262913704,0.001258912030607462,0.04563349112868309,0.0006581629859283566,0.9520196914672852
31974,4,4,qual_only,qual_only,validation,0.00043971510604023933,0.003102304879575968,0.44409722089767456,0.012930311262607574,0.5379224419593811,0.0015079955337569118
31979,2,5,multi_method_not_mmr,quant_only,validation,0.006818768102675676,0.01143374852836132,0.03800909221172333,0.004079623147845268,0.004271890968084335,0.9353868365287781
31980,3,5,no_method_signal,quant_only,validation,0.00076741335215047,0.0009608868858776987,0.0038809385150671005,0.005304325371980667,0.00020421795488800853,0.9888822436332703
31995,0,1,explicit_mmr,implicit_mmr,validation,0.04515723139047623,0.6769272685050964,0.10730668157339096,0.00025574167375452816,0.02124214544892311,0.14911092817783356
32001,2,5,multi_method_not_mmr,quant_only,validation,0.0017064788844436407,0.001377781038172543,0.00655190646648407,0.003599381074309349,0.00024283672973979264,0.9865216016769409
32002,3,3,no_method_signal,no_method_signal,validation,0.0003938337613362819,0.00017905411368701607,0.02581624500453472,0.9730901122093201,0.00032073576585389674,0.00019997076014988124
32012,1,1,implicit_mmr,implicit_mmr,validation,0.12120309472084045,0.8573792576789856,0.0030832141637802124,1.5546902432106435e-05,0.002309416653588414,0.016009580343961716
32019,4,2,qual_only,multi_method_not_mmr,validation,0.0005867472500540316,0.0035692795645445585,0.534217357635498,0.006212414242327213,0.4545336067676544,0.0008807095000520349
32028,4,4,qual_only,qual_only,validation,0.0009204641683027148,0.001714815734885633,0.012649692595005035,0.0003799564437940717,0.984193742275238,0.00014136292156763375
32038,3,3,no_method_signal,no_method_signal,validation,3.685514093376696e-05,4.361705941846594e-05,0.042922768741846085,0.9557619690895081,0.0003929712111130357,0.0008419210789725184
32040,0,1,explicit_mmr,implicit_mmr,validation,0.473076730966568,0.48966288566589355,0.023591691628098488,3.120037945336662e-05,0.002562244888395071,0.011075307615101337
32046,5,3,quant_only,no_method_signal,validation,0.00022544368403032422,0.00015837095270399004,0.3851849436759949,0.6133086085319519,0.0007464363006874919,0.0003762014675885439
32053,3,5,no_method_signal,quant_only,validation,0.0008777228067629039,0.0011667676735669374,0.00564756290987134,0.003142961533740163,0.00013298093108460307,0.989031970500946
32063,3,3,no_method_signal,no_method_signal,validation,0.0012466215994209051,0.00039584070327691734,0.014623407274484634,0.9831141233444214,0.0003567979147192091,0.0002631857933010906
32070,5,2,quant_only,multi_method_not_mmr,validation,0.03376483917236328,0.3020145893096924,0.5298303961753845,0.0005387116107158363,0.005228819325566292,0.12862259149551392
32082,4,4,qual_only,qual_only,validation,0.00024084530014079064,0.000634210417047143,0.00977536104619503,0.0037818734999746084,0.9845427870750427,0.0010248955804854631
32085,1,2,implicit_mmr,multi_method_not_mmr,validation,0.006179347168654203,0.02999931015074253,0.4915560185909271,0.0018414848018437624,0.0014625140465795994,0.46896126866340637
32091,2,5,multi_method_not_mmr,quant_only,validation,0.039303943514823914,0.389481782913208,0.02816624753177166,0.000475830864161253,0.0025336944963783026,0.5400384664535522
32094,4,1,qual_only,implicit_mmr,validation,0.22061540186405182,0.7115885615348816,0.043682195246219635,0.00022385561896953732,0.004260562360286713,0.01962948776781559
32127,4,3,qual_only,no_method_signal,validation,1.7477093933848664e-05,9.354070061817765e-05,0.07186818867921829,0.9161868691444397,0.008902032859623432,0.0029318619053810835
32148,1,5,implicit_mmr,quant_only,validation,0.005737476982176304,0.06470325589179993,0.24685803055763245,0.0046106562949717045,0.05410871282219887,0.6239818334579468
32149,3,3,no_method_signal,no_method_signal,validation,0.0012769117020070553,0.00039919340633787215,0.008633172139525414,0.6046632528305054,0.0002659533638507128,0.3847614824771881
32150,5,3,quant_only,no_method_signal,validation,0.0006608586409129202,0.00022561631340067834,0.012354651466012001,0.9862390160560608,0.0002876932849176228,0.00023215162218548357
32153,5,5,quant_only,quant_only,validation,0.0014013913460075855,0.002437102608382702,0.04058234766125679,0.004517971538007259,0.00038206481258384883,0.9506791234016418
32154,3,3,no_method_signal,no_method_signal,validation,0.000235544444876723,0.00022820498270448297,0.0007781136664561927,0.5781962275505066,0.001546136918477714,0.4190157651901245
32165,0,5,explicit_mmr,quant_only,validation,0.0003343620337545872,0.0003118343302048743,0.01875952258706093,0.031160464510321617,0.00042038862011395395,0.9490134716033936
32176,1,1,implicit_mmr,implicit_mmr,validation,0.4710066616535187,0.5058709979057312,0.007604915648698807,0.0002455681096762419,0.0015495993429794908,0.01372225396335125
32187,0,1,explicit_mmr,implicit_mmr,validation,0.16414715349674225,0.7998161911964417,0.009961051866412163,1.667388278292492e-05,0.021072283387184143,0.004986635409295559
32190,3,5,no_method_signal,quant_only,validation,0.014734542928636074,0.020828379318118095,0.3014599680900574,0.03176623210310936,0.0024947875645011663,0.6287161111831665
32191,2,2,multi_method_not_mmr,multi_method_not_mmr,validation,0.00020051993487868458,0.0016308578196913004,0.3931690752506256,0.3496381342411041,0.004707648418843746,0.25065377354621887
32198,3,3,no_method_signal,no_method_signal,validation,1.4647400348621886e-05,3.441356238909066e-05,0.013950460590422153,0.9842296242713928,0.0004927755799144506,0.0012781210243701935
32203,2,2,multi_method_not_mmr,multi_method_not_mmr,validation,0.0015515309059992433,0.0020146381575614214,0.799538791179657,0.006424051709473133,0.1901082545518875,0.0003627597470767796
32207,3,3,no_method_signal,no_method_signal,validation,6.233854219317436e-05,5.671763574355282e-05,0.05139778181910515,0.9473214149475098,0.0002878181403502822,0.0008738343021832407
32208,1,1,implicit_mmr,implicit_mmr,validation,0.08934588730335236,0.8841480016708374,0.0019991789013147354,2.300354935869109e-05,0.0007766893832013011,0.023707250133156776
32211,1,1,implicit_mmr,implicit_mmr,validation,0.11313902586698532,0.8618950247764587,0.0019803119357675314,2.364717875025235e-05,0.0007412457489408553,0.022220764309167862
32212,1,1,implicit_mmr,implicit_mmr,validation,0.15484683215618134,0.8159832954406738,0.0019477459136396646,2.7407340894569643e-05,0.0005087643512524664,0.026685886085033417
32221,0,5,explicit_mmr,quant_only,validation,0.00088305096141994,0.0024690853897482157,0.005263823550194502,0.0032965780701488256,0.0002210702223237604,0.9878664016723633
32228,3,3,no_method_signal,no_method_signal,validation,5.711563426302746e-05,0.0001785477506928146,0.0018417735118418932,0.9551151394844055,0.01135201659053564,0.03145540878176689
32230,5,5,quant_only,quant_only,validation,0.000453170359833166,0.0005210427916608751,0.0007900680648162961,0.03215909004211426,0.0011529376497492194,0.964923620223999
32243,1,1,implicit_mmr,implicit_mmr,validation,0.046551868319511414,0.6330834031105042,0.13555379211902618,0.00045091830543242395,0.004023679532110691,0.1803363710641861
32251,5,3,quant_only,no_method_signal,validation,1.1734368854376953e-05,3.1392977689392865e-05,0.007784827146679163,0.9884049892425537,0.0013352988753467798,0.0024317633360624313
32252,3,3,no_method_signal,no_method_signal,validation,5.890413740416989e-05,6.293203477980569e-05,0.07721156626939774,0.921595573425293,0.0005428366712294519,0.0005281722405925393
32269,2,1,multi_method_not_mmr,implicit_mmr,validation,0.44517505168914795,0.5247096419334412,0.01391838863492012,0.00038051255978643894,0.003011556575074792,0.012804883532226086
32270,5,5,quant_only,quant_only,validation,0.05052872747182846,0.2161775678396225,0.03011688031256199,0.0007767729694023728,0.0034049670211970806,0.6989951133728027
32271,3,2,no_method_signal,multi_method_not_mmr,validation,0.0002946533204521984,0.00015951246314216405,0.6015533208847046,0.39640945196151733,0.0012065513292327523,0.0003765433211810887
32314,0,0,explicit_mmr,explicit_mmr,validation,0.831853449344635,0.16422076523303986,0.001652428531087935,2.6989075195160694e-05,0.0009682581294327974,0.0012782105477526784
32315,5,3,quant_only,no_method_signal,validation,6.0866830608574674e-05,5.461450564325787e-05,0.0702284425497055,0.928761899471283,0.0005570575594902039,0.0003370868507772684
32320,5,5,quant_only,quant_only,validation,0.00038066646084189415,0.0002071284397970885,0.004003752022981644,0.08418437838554382,0.00017893499170895666,0.9110450744628906
32322,1,1,implicit_mmr,implicit_mmr,validation,0.03755201771855354,0.5453367233276367,0.02618255279958248,0.0003284934500698,0.002255421131849289,0.38834476470947266
32334,5,5,quant_only,quant_only,validation,0.005758923012763262,0.051919978111982346,0.0364568792283535,0.003416180843487382,0.0035702986642718315,0.8988776803016663
32336,5,5,quant_only,quant_only,validation,0.0005662414478138089,0.002342179184779525,0.008330314420163631,0.008116601966321468,0.00037250012974254787,0.980272114276886
32341,1,0,implicit_mmr,explicit_mmr,validation,0.5456472635269165,0.4394838213920593,0.004116377793252468,0.0002115685783792287,0.0015872985823079944,0.008953642100095749
32347,5,5,quant_only,quant_only,validation,0.00019826968491543084,0.0001948193967109546,0.0013118893839418888,0.03740980103611946,0.00042617504368536174,0.9604590535163879
32369,3,2,no_method_signal,multi_method_not_mmr,validation,0.00015397413517348468,0.00043864635517820716,0.508310079574585,0.3240182101726532,0.16676385700702667,0.00031519276672042906
32554,3,5,no_method_signal,quant_only,validation,0.0018006438622251153,0.003399995155632496,0.08624690771102905,0.006343664135783911,0.0005110263009555638,0.9016977548599243
32573,5,5,quant_only,quant_only,validation,0.000953211507294327,0.0015712809981778264,0.04314576834440231,0.003434303216636181,0.0005019010859541595,0.950393557548523
32763,4,2,qual_only,multi_method_not_mmr,validation,0.005011523142457008,0.08778563141822815,0.7011873722076416,0.003861743723973632,0.01574760675430298,0.186406210064888
12060,2,4,multi_method_not_mmr,qual_only,test,0.0008334119920618832,0.00057810521684587,0.3718068599700928,0.16927430033683777,0.4572811722755432,0.000226259944611229
12488,2,2,multi_method_not_mmr,multi_method_not_mmr,test,0.0001295287220273167,0.00015812872152309865,0.799812912940979,0.19613739848136902,0.0007789606461301446,0.002983045531436801
12528,3,3,no_method_signal,no_method_signal,test,0.00011804292444139719,8.667525980854407e-05,0.08328830450773239,0.9155824184417725,0.0006586398230865598,0.0002660206810105592
12595,0,1,explicit_mmr,implicit_mmr,test,0.09234239906072617,0.7961600422859192,0.06660112738609314,4.3673833715729415e-05,0.031152967363595963,0.013699840754270554
12598,5,0,quant_only,explicit_mmr,test,0.5169457197189331,0.4695407450199127,0.00991731882095337,5.1391816668910906e-05,0.001111632795073092,0.002433160087093711
12600,5,1,quant_only,implicit_mmr,test,0.3185864984989166,0.6279668807983398,0.04742966592311859,7.470202399417758e-05,0.0014736084267497063,0.0044685304164886475
12857,5,1,quant_only,implicit_mmr,test,0.21158283948898315,0.7626860737800598,0.005330043379217386,1.2181336387584452e-05,0.017587097361683846,0.0028017957229167223
12907,1,1,implicit_mmr,implicit_mmr,test,0.05743780732154846,0.8868911862373352,0.016530338674783707,3.364525764482096e-05,0.014815220609307289,0.02429187297821045
12921,3,3,no_method_signal,no_method_signal,test,0.000183822528924793,0.0003768117167055607,0.0019587634596973658,0.5409815907478333,0.4196119010448456,0.03688714653253555
13237,4,5,qual_only,quant_only,test,0.00028152568847872317,9.714599582366645e-05,0.03074093535542488,0.04363613948225975,0.000569640367757529,0.9246745705604553
13323,3,3,no_method_signal,no_method_signal,test,0.00016113145102281123,0.00011054133210564032,0.09504683315753937,0.9035338759422302,0.0009715506457723677,0.0001760669838404283
13355,3,2,no_method_signal,multi_method_not_mmr,test,0.0004348340444266796,0.0003947935765609145,0.7729797959327698,0.17353230714797974,0.05222861096262932,0.00042970950016751885
13391,0,1,explicit_mmr,implicit_mmr,test,0.18465153872966766,0.7560150027275085,0.037587132304906845,0.00011326669482514262,0.004414910916239023,0.01721811294555664
13757,2,2,multi_method_not_mmr,multi_method_not_mmr,test,0.00042848725570365787,0.001524554449133575,0.9410597085952759,0.006307945586740971,0.050441429018974304,0.00023790844716131687
13766,0,1,explicit_mmr,implicit_mmr,test,0.22663109004497528,0.7212983965873718,0.02024300955235958,2.4845356165315025e-05,0.027994219213724136,0.003808446228504181
13799,5,2,quant_only,multi_method_not_mmr,test,0.0008210717351175845,0.011134741827845573,0.8677727580070496,0.005327402148395777,0.10594980418682098,0.008994287811219692
13820,4,1,qual_only,implicit_mmr,test,0.422227144241333,0.467231810092926,0.0994582399725914,0.0001711424411041662,0.0085534593090415,0.002358232159167528
13922,0,1,explicit_mmr,implicit_mmr,test,0.3943159878253937,0.5857861638069153,0.0029551235493272543,0.00012342145782895386,0.0018152103293687105,0.015004127286374569
14019,5,5,quant_only,quant_only,test,0.0011769928969442844,0.006057961843907833,0.028544142842292786,0.004223308991640806,0.000270770862698555,0.9597267508506775
14067,0,1,explicit_mmr,implicit_mmr,test,0.4271731674671173,0.5670445561408997,0.0005455039790831506,1.509913090558257e-05,0.0014243884943425655,0.0037972466088831425
14105,3,3,no_method_signal,no_method_signal,test,0.0009826318128034472,0.00023229852376971394,0.1303483545780182,0.8667003512382507,0.0013615975622087717,0.00037469688686542213
14158,3,2,no_method_signal,multi_method_not_mmr,test,0.00021974218543618917,0.0011373761808499694,0.9652879238128662,0.005582993384450674,0.001965869450941682,0.025805948302149773
14311,5,3,quant_only,no_method_signal,test,0.002326527377590537,0.0003121438203379512,0.10168493539094925,0.5982934236526489,0.004541995003819466,0.29284098744392395
14366,3,3,no_method_signal,no_method_signal,test,0.0001936263288371265,0.00010920134809566662,0.05995752289891243,0.9384881854057312,0.0010498611954972148,0.00020165274327155203
14414,5,1,quant_only,implicit_mmr,test,0.4006306827068329,0.5688907504081726,0.02413049526512623,5.2652987506007776e-05,0.001859536743722856,0.00443593505769968
14518,0,1,explicit_mmr,implicit_mmr,test,0.14248454570770264,0.740886926651001,0.09057033061981201,5.20834255439695e-05,0.017971597611904144,0.008034554310142994
14544,5,3,quant_only,no_method_signal,test,2.123492959071882e-05,8.337487088283524e-05,0.03579748794436455,0.9501963257789612,0.010470356792211533,0.003431253135204315
14576,1,5,implicit_mmr,quant_only,test,0.03822522237896919,0.28393861651420593,0.17351053655147552,0.0018779045203700662,0.002516752341762185,0.4999309182167053
14590,5,2,quant_only,multi_method_not_mmr,test,0.0002652356051839888,0.0006028251373209059,0.650044322013855,0.041862621903419495,0.0030530209187418222,0.3041720390319824
14598,3,3,no_method_signal,no_method_signal,test,0.00014900442329235375,9.950343519449234e-05,0.1702810674905777,0.8283892273902893,0.0004064679378643632,0.000674789713229984
14655,4,1,qual_only,implicit_mmr,test,0.11212658882141113,0.8670361042022705,0.0028881197795271873,5.207951835473068e-05,0.00047042229562066495,0.01742669753730297
14875,3,3,no_method_signal,no_method_signal,test,2.1961001039016992e-05,3.6004585126647726e-05,0.0017913469346240163,0.9962074756622314,0.000631005852483213,0.001312282052822411
14910,2,4,multi_method_not_mmr,qual_only,test,0.0008341668290086091,0.0013516717590391636,0.44216036796569824,0.03940778225660324,0.5139055252075195,0.0023404862731695175
15022,3,3,no_method_signal,no_method_signal,test,0.0005719590117223561,0.00014329238911159337,0.20788000524044037,0.7392286062240601,0.05135641247034073,0.0008197537972591817
15148,5,2,quant_only,multi_method_not_mmr,test,0.005424403585493565,0.0003713684855028987,0.5072514414787292,0.47059303522109985,0.0005445691640488803,0.01581515185534954
15243,5,1,quant_only,implicit_mmr,test,0.0726488009095192,0.899922251701355,0.011177187785506248,2.2159396394272335e-05,0.001178050646558404,0.015051627531647682
15269,2,5,multi_method_not_mmr,quant_only,test,0.0002238337037852034,0.00039919361006468534,0.0068610431626439095,0.33932462334632874,0.0012750874739140272,0.6519162654876709
15402,0,1,explicit_mmr,implicit_mmr,test,0.25947999954223633,0.7347250580787659,0.0014978258404880762,9.861976650427096e-06,0.0017479363596066833,0.002539270091801882
15463,5,2,quant_only,multi_method_not_mmr,test,9.87595776678063e-05,0.0002308326802449301,0.8990447521209717,0.06071959063410759,0.008466512896120548,0.031439609825611115
15714,4,5,qual_only,quant_only,test,0.00030991993844509125,0.0007491523283533752,0.0715542808175087,0.031305089592933655,0.00046125290100462735,0.8956202864646912
15726,3,2,no_method_signal,multi_method_not_mmr,test,0.0007497871411032975,0.0003107557422481477,0.6091845035552979,0.3885883390903473,0.000627511995844543,0.0005391532322391868
15892,5,1,quant_only,implicit_mmr,test,0.2169250100851059,0.7502515912055969,0.0043436074629426,1.26704462672933e-05,0.025850599631667137,0.0026164709124714136
15996,0,4,explicit_mmr,qual_only,test,0.0054534669034183025,0.005118770059198141,0.1240089163184166,0.00440982636064291,0.8598942160606384,0.0011147783370688558
16072,0,0,explicit_mmr,explicit_mmr,test,0.5176154375076294,0.4747067093849182,0.001322718570008874,8.458953379886225e-05,0.0014211141970008612,0.004849424585700035
16080,5,1,quant_only,implicit_mmr,test,0.054118331521749496,0.9276795387268066,0.011203591711819172,1.9458462702459656e-05,0.0027570268139243126,0.004222022369503975
16147,0,1,explicit_mmr,implicit_mmr,test,0.38815370202064514,0.41822946071624756,0.0029279908630996943,7.637781527591869e-05,0.18588794767856598,0.004724500700831413
16191,4,4,qual_only,qual_only,test,0.00024349232262466103,0.00035662707523442805,0.102934330701828,0.04791707172989845,0.8436630964279175,0.004885453265160322
16329,5,5,quant_only,quant_only,test,0.01094640139490366,0.022439317777752876,0.3518608510494232,0.003978495951741934,0.0005317072500474751,0.6102432012557983
16420,5,2,quant_only,multi_method_not_mmr,test,0.0027099375147372484,0.008888204582035542,0.8222692012786865,0.028822772204875946,0.08570942282676697,0.05160041153430939
16587,1,5,implicit_mmr,quant_only,test,0.016479656100273132,0.010052502155303955,0.012895996682345867,0.0008151073125191033,0.00024148813099600375,0.9595152139663696
16636,4,4,qual_only,qual_only,test,0.002713271649554372,0.007918478921055794,0.32813525199890137,0.0012415151577442884,0.6591581702232361,0.0008332976140081882
16707,2,3,multi_method_not_mmr,no_method_signal,test,3.1652889447286725e-05,6.54149625916034e-05,0.0412113331258297,0.9453539848327637,0.012724299915134907,0.000613268231973052
16819,3,3,no_method_signal,no_method_signal,test,6.006149487802759e-05,8.942908607423306e-05,0.30034032464027405,0.6955499053001404,0.002249909332022071,0.0017103591235354543
17145,1,1,implicit_mmr,implicit_mmr,test,0.19596461951732635,0.4112100899219513,0.02946048229932785,0.00035305050550960004,0.0029269265942275524,0.3600848317146301
17272,3,1,no_method_signal,implicit_mmr,test,0.07666531950235367,0.798375129699707,0.0834081619977951,0.00012801225238945335,0.006857975386083126,0.0345655232667923
17284,2,5,multi_method_not_mmr,quant_only,test,0.008409924805164337,0.00045823102118447423,0.29105162620544434,0.16414232552051544,0.0007287730113603175,0.5352091193199158
17301,1,4,implicit_mmr,qual_only,test,0.018257131800055504,0.004598789382725954,0.00021238491171970963,0.028596077114343643,0.9391757845878601,0.009159847162663937
17365,4,2,qual_only,multi_method_not_mmr,test,0.0005712778074666858,0.007337052375078201,0.935666024684906,0.00518872169777751,0.049645643681287766,0.0015913473907858133
17425,0,2,explicit_mmr,multi_method_not_mmr,test,0.0636783316731453,0.11607865244150162,0.6652854681015015,0.003213609801605344,0.07370857149362564,0.07803529500961304
17599,2,2,multi_method_not_mmr,multi_method_not_mmr,test,9.669995779404417e-05,0.0005647644284181297,0.9689105749130249,0.015118897892534733,0.0035020168870687485,0.011806982569396496
17659,1,0,implicit_mmr,explicit_mmr,test,0.8416311144828796,0.1329823136329651,0.0037028801161795855,0.0001641147828195244,0.0005498923710547388,0.020969588309526443
17799,4,1,qual_only,implicit_mmr,test,0.3345867395401001,0.4958021342754364,0.003498997073620558,7.604723214171827e-05,0.15983356535434723,0.006202573422342539
17911,1,1,implicit_mmr,implicit_mmr,test,0.08591828495264053,0.8170714378356934,0.03688228875398636,6.592614226974547e-05,0.01038423739373684,0.049677662551403046
17964,1,1,implicit_mmr,implicit_mmr,test,0.47465693950653076,0.5177576541900635,0.0007871077978052199,7.731166260782629e-05,0.0012300806120038033,0.005490880459547043
17995,2,2,multi_method_not_mmr,multi_method_not_mmr,test,5.5256139603443444e-05,0.00014864112017676234,0.8708429336547852,0.12165683507919312,0.003927364479750395,0.0033690123818814754
18000,2,2,multi_method_not_mmr,multi_method_not_mmr,test,0.001606322475709021,0.0031854240223765373,0.45815545320510864,0.1567925661802292,0.0647481232881546,0.31551212072372437
18003,1,2,implicit_mmr,multi_method_not_mmr,test,0.07402366399765015,0.02772381901741028,0.4813096821308136,0.019891407340765,0.21152672171592712,0.1855246126651764
18101,2,1,multi_method_not_mmr,implicit_mmr,test,0.3251473307609558,0.6643425226211548,0.003868205938488245,1.555361450300552e-05,0.0021356730721890926,0.0044906968250870705
18268,5,0,quant_only,explicit_mmr,test,0.5928685665130615,0.277544766664505,0.02301722764968872,8.740962948650122e-05,0.0017093120841309428,0.10477275401353836
18280,5,1,quant_only,implicit_mmr,test,0.2459695190191269,0.7244415879249573,0.010566110722720623,1.4351077879837248e-05,0.010398047976195812,0.00861056987196207
18301,0,2,explicit_mmr,multi_method_not_mmr,test,6.495961861219257e-05,0.0003898439754266292,0.9169533848762512,0.05948994681239128,0.017561011016368866,0.005540818907320499
18315,4,2,qual_only,multi_method_not_mmr,test,0.0013302374863997102,0.015284955501556396,0.950109601020813,0.004168003797531128,0.01798422820866108,0.011123011820018291
18318,4,2,qual_only,multi_method_not_mmr,test,0.007238682825118303,0.05511140823364258,0.791793942451477,0.003387721721082926,0.13589690625667572,0.006571297999471426
18328,3,0,no_method_signal,explicit_mmr,test,0.6358049511909485,0.22149738669395447,0.12227271497249603,0.0002768667181953788,0.005016129929572344,0.015131940133869648
18340,5,1,quant_only,implicit_mmr,test,0.36488237977027893,0.6124697327613831,0.001877618720754981,4.2468655010452494e-05,0.0014582718722522259,0.019269408658146858
18349,4,2,qual_only,multi_method_not_mmr,test,0.017973963171243668,0.1518474817276001,0.6247403025627136,0.0016252064378932118,0.19444189965724945,0.009371140040457249
18365,1,0,implicit_mmr,explicit_mmr,test,0.5855839848518372,0.30429619550704956,0.08821146935224533,0.0002004295092774555,0.015303042717278004,0.006404865998774767
18397,5,5,quant_only,quant_only,test,0.0005099363042972982,0.00014761836791876704,0.03410470485687256,0.1955629140138626,0.00157546263653785,0.7680993676185608
18422,1,1,implicit_mmr,implicit_mmr,test,0.3452122211456299,0.4113820493221283,0.001071223639883101,3.512681360007264e-05,0.24116501212120056,0.0011344077065587044
18425,1,0,implicit_mmr,explicit_mmr,test,0.5889366269111633,0.15860964357852936,0.000614212010987103,7.352011016337201e-05,0.2509070038795471,0.0008589460048824549
18517,2,2,multi_method_not_mmr,multi_method_not_mmr,test,0.0027677041944116354,0.004030255135148764,0.9284712672233582,0.015533418394625187,0.03386526554822922,0.015332039445638657
18570,1,1,implicit_mmr,implicit_mmr,test,0.2311657965183258,0.727929413318634,0.023309839889407158,4.4649863411905244e-05,0.0061717345379292965,0.011378590017557144
19073,3,2,no_method_signal,multi_method_not_mmr,test,0.11332257837057114,0.1804741770029068,0.6464654207229614,0.0015067842323333025,0.022343439981341362,0.035887543112039566
19197,2,0,multi_method_not_mmr,explicit_mmr,test,0.5709486603736877,0.42407798767089844,0.001073177671059966,1.3292655239638407e-05,0.0004114020266570151,0.003475544275715947
19200,2,1,multi_method_not_mmr,implicit_mmr,test,0.14788174629211426,0.8443119525909424,0.0016717176185920835,1.71636747836601e-05,0.0007920222706161439,0.005325424950569868
19281,3,3,no_method_signal,no_method_signal,test,0.0002200260933022946,5.735127706429921e-05,0.03732750937342644,0.8488662242889404,0.0007825682987459004,0.11274638026952744
19422,0,1,explicit_mmr,implicit_mmr,test,0.25108498334884644,0.7079786658287048,0.014141978695988655,5.070253610028885e-05,0.011851515620946884,0.014892037957906723
19466,0,1,explicit_mmr,implicit_mmr,test,0.43405815958976746,0.5582425594329834,0.0010183419799432158,1.3187967851990834e-05,0.0034703807905316353,0.003197380341589451
19764,0,0,explicit_mmr,explicit_mmr,test,0.7008410096168518,0.2913930416107178,0.0009285089909099042,0.00017998252587858588,0.00224086525849998,0.004416527226567268
19770,0,1,explicit_mmr,implicit_mmr,test,0.4912090003490448,0.5007508397102356,0.0016009880928322673,6.286647112574428e-05,0.0022231396287679672,0.004153173882514238
19993,1,5,implicit_mmr,quant_only,test,0.020027823746204376,0.032341521233320236,0.19251464307308197,0.0014640449080616236,0.002146549290046096,0.7515053749084473
20094,2,2,multi_method_not_mmr,multi_method_not_mmr,test,0.001201168866828084,0.001265751663595438,0.5866026282310486,0.08859734982252121,0.0005866694264113903,0.3217464089393616
20176,3,3,no_method_signal,no_method_signal,test,5.7527548051439226e-05,5.026627331972122e-05,0.07324948906898499,0.924788773059845,0.0016696579987183213,0.00018437489052303135
20258,3,2,no_method_signal,multi_method_not_mmr,test,0.0012511331588029861,0.0004017615574412048,0.49684154987335205,0.26171186566352844,0.002374112606048584,0.23741957545280457
20363,0,0,explicit_mmr,explicit_mmr,test,0.7945840358734131,0.10660182684659958,0.0006034384714439511,8.712826820556074e-05,0.09700250625610352,0.0011209897929802537
20390,2,3,multi_method_not_mmr,no_method_signal,test,0.00014961053966544569,0.00016785661864560097,0.28732267022132874,0.49929219484329224,0.0006851352518424392,0.21238259971141815
20417,3,3,no_method_signal,no_method_signal,test,8.910409815143794e-05,6.662447412963957e-05,0.029574163258075714,0.9693915843963623,0.0006851683720014989,0.0001933366438606754
20632,0,0,explicit_mmr,explicit_mmr,test,0.5736976265907288,0.03503759950399399,0.1990661770105362,0.004541650880128145,0.010088775306940079,0.1775681972503662
20694,0,0,explicit_mmr,explicit_mmr,test,0.885392427444458,0.10953286290168762,0.0007942186202853918,5.2450704970397055e-05,0.0019277603132650256,0.0023003392852842808
20733,1,0,implicit_mmr,explicit_mmr,test,0.4877671003341675,0.46125391125679016,0.004108070395886898,0.0009822738356888294,0.0015809916658326983,0.04430760070681572
20754,1,1,implicit_mmr,implicit_mmr,test,0.28193923830986023,0.6900777816772461,0.0019089714623987675,0.0002534158411435783,0.0036158605944365263,0.022204715758562088
20823,3,1,no_method_signal,implicit_mmr,test,0.3347122073173523,0.6171970367431641,0.004747120663523674,4.491252911975607e-05,0.036611173301935196,0.006687570828944445
21196,1,1,implicit_mmr,implicit_mmr,test,0.2696954607963562,0.7144839763641357,0.007870559580624104,9.926690836437047e-06,0.006299537606537342,0.0016404663911089301
21499,2,2,multi_method_not_mmr,multi_method_not_mmr,test,0.0002394694893155247,0.00044778187293559313,0.8425264358520508,0.08953123539686203,0.06471944600343704,0.0025355727411806583
21651,0,0,explicit_mmr,explicit_mmr,test,0.8276117444038391,0.16820448637008667,0.0007402111659757793,6.684585241600871e-05,0.0010253196815028787,0.0023512053303420544
21694,3,3,no_method_signal,no_method_signal,test,8.254782005678862e-05,6.708294677082449e-05,0.05060844123363495,0.9483924508094788,0.0005759451305493712,0.00027365415007807314
21847,0,0,explicit_mmr,explicit_mmr,test,0.7073870897293091,0.28144195675849915,0.00047352671390399337,0.0001636431843508035,0.0012149817775934935,0.009318787604570389
21885,0,1,explicit_mmr,implicit_mmr,test,0.45593252778053284,0.5182694792747498,0.004982984159141779,8.842583338264376e-05,0.011721043847501278,0.009005528874695301
22006,2,5,multi_method_not_mmr,quant_only,test,0.001823936472646892,0.00027122264145873487,0.00108417181763798,0.06764189153909683,0.0012292037717998028,0.9279495477676392
22008,2,5,multi_method_not_mmr,quant_only,test,0.0014924993738532066,0.00021391190239228308,0.001888584578409791,0.2307628095149994,0.0009754972998052835,0.764666736125946
22142,0,4,explicit_mmr,qual_only,test,0.2201857715845108,0.1653614640235901,0.0020667240023612976,8.722019265405834e-05,0.6106618642807007,0.0016370320226997137
22143,0,4,explicit_mmr,qual_only,test,0.2245577871799469,0.25876888632774353,0.0032391573768109083,6.399887934094295e-05,0.5113059878349304,0.0020641377195715904
22233,0,0,explicit_mmr,explicit_mmr,test,0.9625230431556702,0.03172517567873001,0.0005246150540187955,0.00020624020544346422,0.0021234797313809395,0.002897451166063547
22263,2,3,multi_method_not_mmr,no_method_signal,test,7.891478162491694e-05,0.00013153361214790493,0.3344443142414093,0.6564702987670898,0.0007160482346080244,0.00815886352211237
22362,1,0,implicit_mmr,explicit_mmr,test,0.7310464978218079,0.26499295234680176,0.0009514500270597637,1.4692774129798636e-05,0.001973541919142008,0.0010207651648670435
22396,0,0,explicit_mmr,explicit_mmr,test,0.6258172392845154,0.26615697145462036,0.06913220137357712,0.00010590059537207708,0.0013088338309898973,0.037478767335414886
22514,0,1,explicit_mmr,implicit_mmr,test,0.3863033652305603,0.5935187339782715,0.006078854203224182,4.792157415067777e-05,0.009036112576723099,0.005014976020902395
22684,5,2,quant_only,multi_method_not_mmr,test,0.0022026391234248877,0.0021107445936650038,0.5159883499145508,0.0504237525165081,0.0005290383123792708,0.42874547839164734
22834,0,0,explicit_mmr,explicit_mmr,test,0.5110609531402588,0.4797551929950714,0.001956999534741044,0.00011252194963162765,0.0016528129344806075,0.005461611784994602
22873,2,2,multi_method_not_mmr,multi_method_not_mmr,test,0.0007307660416699946,0.0012138999300077558,0.9149764776229858,0.014634527266025543,0.0006445677136071026,0.06779972463846207
22989,5,5,quant_only,quant_only,test,0.00039515362004749477,0.000894817931111902,0.28995051980018616,0.08310015499591827,0.0009676783229224384,0.6246916651725769
23054,2,2,multi_method_not_mmr,multi_method_not_mmr,test,0.02626105025410652,0.0856635794043541,0.7553563117980957,0.0023677933495491743,0.10653139650821686,0.02381979301571846
23098,0,1,explicit_mmr,implicit_mmr,test,0.20323893427848816,0.7615629434585571,0.01888907141983509,2.3395821699523367e-05,0.006884157191962004,0.009401433169841766
23162,0,1,explicit_mmr,implicit_mmr,test,0.43966472148895264,0.5515117645263672,0.0017657591961324215,5.9696587413782254e-05,0.0017582966247573495,0.0052396259270608425
23192,0,0,explicit_mmr,explicit_mmr,test,0.5787504315376282,0.40475553274154663,0.0011334858136251569,0.00033423834247514606,0.009410346858203411,0.005615901667624712
23194,4,2,qual_only,multi_method_not_mmr,test,0.00013146179844625294,0.0003454264660831541,0.7479211688041687,0.15347662568092346,0.05951867997646332,0.038606710731983185
23300,0,0,explicit_mmr,explicit_mmr,test,0.7701160311698914,0.22529593110084534,0.0006374729564413428,2.3727561710984446e-05,0.0018565414939075708,0.002070285379886627
23304,2,5,multi_method_not_mmr,quant_only,test,0.0039057366084307432,0.008278102613985538,0.038016241043806076,0.005935411434620619,0.0010820433963090181,0.942782461643219
23533,2,1,multi_method_not_mmr,implicit_mmr,test,0.3309519290924072,0.6580164432525635,0.0020412527956068516,9.593416507414076e-06,0.006992234382778406,0.0019885834772139788
23560,3,5,no_method_signal,quant_only,test,0.016065260395407677,0.015657704323530197,0.41544774174690247,0.02862013876438141,0.001566918333992362,0.5226422548294067
23602,3,2,no_method_signal,multi_method_not_mmr,test,0.00012359437823761255,0.00018571132386568934,0.9114504456520081,0.08639736473560333,0.0009478460997343063,0.0008949266630224884
23629,0,1,explicit_mmr,implicit_mmr,test,0.4239879548549652,0.5449036955833435,0.0008942118147388101,3.3378419175278395e-05,0.026661446318030357,0.0035192850045859814
23732,0,1,explicit_mmr,implicit_mmr,test,0.32140615582466125,0.5317777395248413,0.1239386573433876,6.961214239709079e-05,0.006848207209259272,0.01595957763493061
23742,0,0,explicit_mmr,explicit_mmr,test,0.7237658500671387,0.19912512600421906,0.05902274698019028,0.0001349333324469626,0.0010579443769529462,0.016893401741981506
23754,1,0,implicit_mmr,explicit_mmr,test,0.7732788920402527,0.21945811808109283,0.0021307466086000204,5.4331983847077936e-05,0.0009846596512943506,0.004093227908015251
23765,0,1,explicit_mmr,implicit_mmr,test,0.40884923934936523,0.47511011362075806,0.08200184255838394,5.9011566918343306e-05,0.004195265471935272,0.029784588143229485
23883,1,1,implicit_mmr,implicit_mmr,test,0.197496697306633,0.7684376239776611,0.02086254209280014,1.865471676865127e-05,0.0072533623315393925,0.0059310863725841045
23981,0,0,explicit_mmr,explicit_mmr,test,0.9721466898918152,0.025178493931889534,0.0003635096363723278,0.00023101970145944506,0.001129321986809373,0.0009510106756351888
24077,0,1,explicit_mmr,implicit_mmr,test,0.13898402452468872,0.6370359063148499,0.1819128543138504,0.00012797702220268548,0.03930845856666565,0.002630804432556033
24083,4,4,qual_only,qual_only,test,0.16727113723754883,0.18773244321346283,0.002457404276356101,8.836456254357472e-05,0.6406400203704834,0.0018106021452695131
24154,0,0,explicit_mmr,explicit_mmr,test,0.7231999039649963,0.2544970214366913,0.0013686729362234473,0.0006221157382242382,0.0008849698933772743,0.019427338615059853
24166,0,0,explicit_mmr,explicit_mmr,test,0.7558497786521912,0.23526491224765778,0.0029006365220993757,0.00019897395395673811,0.0024224435910582542,0.00336329429410398
24199,0,1,explicit_mmr,implicit_mmr,test,0.3858693242073059,0.5478827953338623,0.01922449842095375,4.08072373829782e-05,0.035136573016643524,0.011846010573208332
24313,0,0,explicit_mmr,explicit_mmr,test,0.6352317929267883,0.35470277070999146,0.004779756534844637,1.2936444363731425e-05,0.004232760518789291,0.0010400040773674846
24425,2,1,multi_method_not_mmr,implicit_mmr,test,0.05629896745085716,0.8226779103279114,0.04388483613729477,0.00010627911251503974,0.0050671775825321674,0.07196474075317383
24434,5,1,quant_only,implicit_mmr,test,0.04504546523094177,0.575493574142456,0.23021037876605988,0.00031027046497911215,0.004143171943724155,0.14479725062847137
24496,0,0,explicit_mmr,explicit_mmr,test,0.8701627254486084,0.11462869495153427,0.00028395402478054166,2.5074739824049175e-05,0.013756711967289448,0.0011428928701207042
24522,0,0,explicit_mmr,explicit_mmr,test,0.5182737112045288,0.4713466465473175,0.0013818475417792797,6.199292693054304e-05,0.004957142751663923,0.003978694789111614
24542,1,1,implicit_mmr,implicit_mmr,test,0.47999340295791626,0.5063039064407349,0.001510343048721552,5.5846761824795976e-05,0.008365402929484844,0.0037711202166974545
24559,1,0,implicit_mmr,explicit_mmr,test,0.7297718524932861,0.26175785064697266,0.0012754828203469515,0.00016094691818580031,0.0014943223213776946,0.005539493635296822
24614,0,2,explicit_mmr,multi_method_not_mmr,test,0.007634361274540424,0.010693640448153019,0.7274529337882996,0.007203500717878342,0.0027432688511908054,0.24427232146263123
24787,5,2,quant_only,multi_method_not_mmr,test,0.10148750990629196,0.11521929502487183,0.4459422826766968,0.00048083419096656144,0.3336262106895447,0.0032439043279737234
24920,1,1,implicit_mmr,implicit_mmr,test,0.41310468316078186,0.5805225372314453,0.0007407303783111274,1.5983821867848746e-05,0.0026933285407721996,0.002922686981037259
24937,0,0,explicit_mmr,explicit_mmr,test,0.7893626093864441,0.10296481102705002,0.0006220599752850831,9.259332000510767e-05,0.10588376224040985,0.0010740167926996946
24948,4,2,qual_only,multi_method_not_mmr,test,0.0010463912039995193,0.00797885749489069,0.8044742941856384,0.005092353094369173,0.0036303349770605564,0.17777785658836365
25048,5,4,quant_only,qual_only,test,0.0923621654510498,0.17828191816806793,0.02070031501352787,6.618582847295329e-05,0.707525372505188,0.0010640739928930998
25072,0,0,explicit_mmr,explicit_mmr,test,0.5102523565292358,0.4818500578403473,0.0009938516886904836,1.589699422765989e-05,0.005031614564359188,0.0018563204212114215
25108,3,2,no_method_signal,multi_method_not_mmr,test,0.00012576606241054833,0.0011958348331972957,0.8053590059280396,0.06651250272989273,0.12484533339738846,0.0019615544006228447
25152,0,0,explicit_mmr,explicit_mmr,test,0.7800153493881226,0.02094772830605507,0.03406796231865883,0.001088085351511836,0.0016371533274650574,0.1622435748577118
25153,0,0,explicit_mmr,explicit_mmr,test,0.5855979919433594,0.16104349493980408,0.017481716349720955,0.0025353501550853252,0.187347874045372,0.04599354416131973
25272,4,1,qual_only,implicit_mmr,test,0.4380494952201843,0.503913938999176,0.0027048441115766764,6.043011671863496e-05,0.0508258156478405,0.0044454727321863174
25324,2,2,multi_method_not_mmr,multi_method_not_mmr,test,0.0004648275498766452,0.001861433032900095,0.5272091627120972,0.10808375477790833,0.0028049147222191095,0.35957589745521545
25395,5,2,quant_only,multi_method_not_mmr,test,0.0022660137619823217,0.006150210741907358,0.9723380208015442,0.001088512479327619,0.007436026819050312,0.010721202939748764
25641,1,0,implicit_mmr,explicit_mmr,test,0.6235142350196838,0.3587992489337921,0.0019978834316134453,1.869067818915937e-05,0.013830394484102726,0.0018395546358078718
25794,0,1,explicit_mmr,implicit_mmr,test,0.1079959124326706,0.8535321354866028,0.009740129113197327,6.802602001698688e-05,0.009564549662172794,0.019099216908216476
25796,0,0,explicit_mmr,explicit_mmr,test,0.7240232825279236,0.26493409276008606,0.002710342640057206,0.00021618822938762605,0.0012666912516579032,0.006849451456218958
25973,2,1,multi_method_not_mmr,implicit_mmr,test,0.05714673548936844,0.7305318117141724,0.03911484032869339,0.00010625566210364923,0.14778444170951843,0.02531587891280651
25974,2,1,multi_method_not_mmr,implicit_mmr,test,0.11679460853338242,0.698361337184906,0.12931357324123383,0.00010002484486903995,0.006633878219872713,0.04879658296704292
25983,0,0,explicit_mmr,explicit_mmr,test,0.4701016843318939,0.34987372159957886,0.0012574676657095551,7.089594873832539e-05,0.175633043050766,0.0030631786212325096
25984,0,0,explicit_mmr,explicit_mmr,test,0.9149207472801208,0.06415461003780365,0.00035980495158582926,7.059649942675605e-05,0.019219405949115753,0.0012749334564432502
25985,0,0,explicit_mmr,explicit_mmr,test,0.7265476584434509,0.25591909885406494,0.0005033237976022065,4.247892866260372e-05,0.015626797452569008,0.0013606635620817542
25986,0,0,explicit_mmr,explicit_mmr,test,0.6073591709136963,0.37451621890068054,0.0006830907659605145,2.7099256840301678e-05,0.01530151441693306,0.002112870803102851
26017,0,1,explicit_mmr,implicit_mmr,test,0.40578600764274597,0.4633442759513855,0.002922425977885723,7.032424764474854e-05,0.1228272095322609,0.005049742292612791
26143,0,0,explicit_mmr,explicit_mmr,test,0.5030675530433655,0.2574457824230194,0.022572427988052368,0.0014033694751560688,0.09299109876155853,0.12251985818147659
26186,1,4,implicit_mmr,qual_only,test,0.2573119103908539,0.2072959542274475,0.0016260641859844327,7.785250636516139e-05,0.5320698022842407,0.0016184508567675948
26187,1,0,implicit_mmr,explicit_mmr,test,0.5007554888725281,0.22639663517475128,0.0011086593149229884,7.715012179687619e-05,0.2701817750930786,0.0014803657541051507
26188,1,4,implicit_mmr,qual_only,test,0.15581627190113068,0.07704028487205505,0.0012342709815129638,0.00015105113561730832,0.7644715309143066,0.0012865784810855985
26351,0,0,explicit_mmr,explicit_mmr,test,0.9359405636787415,0.059471290558576584,0.0004639561811927706,4.867092866334133e-05,0.0024342092219740152,0.0016413872363045812
26438,0,1,explicit_mmr,implicit_mmr,test,0.337458074092865,0.46277543902397156,0.031103922054171562,0.00010457656026119366,0.1597377061843872,0.00882024597376585
26486,2,5,multi_method_not_mmr,quant_only,test,0.0035506021231412888,0.0005765892565250397,0.22666530311107635,0.015832290053367615,0.0004679909907281399,0.7529072761535645
26525,1,0,implicit_mmr,explicit_mmr,test,0.972383975982666,0.022676125168800354,0.00022596273629460484,0.0002243873750558123,0.002693629590794444,0.0017959328833967447
26542,1,1,implicit_mmr,implicit_mmr,test,0.15787990391254425,0.8341701626777649,0.0037914614658802748,6.759255029464839e-06,0.0012006121687591076,0.0029510296881198883
26562,0,0,explicit_mmr,explicit_mmr,test,0.4485832452774048,0.3328922986984253,0.17291156947612762,0.00016831619723234326,0.030029667541384697,0.015414895489811897
26597,0,0,explicit_mmr,explicit_mmr,test,0.7187869548797607,0.018481368198990822,0.04617004469037056,0.0012807609746232629,0.0010066814720630646,0.21427424252033234
26672,0,1,explicit_mmr,implicit_mmr,test,0.43118906021118164,0.5552598834037781,0.004015736747533083,1.7437949281884357e-05,0.006836730521172285,0.0026811768766492605
26752,0,4,explicit_mmr,qual_only,test,0.06032947823405266,0.04862432926893234,0.019655773416161537,0.00011292418639641255,0.8708464503288269,0.00043099847971461713
26892,1,1,implicit_mmr,implicit_mmr,test,0.4438621997833252,0.5361521244049072,0.0011823653476312757,1.0776617273222655e-05,0.017725780606269836,0.0010667401365935802
26907,0,0,explicit_mmr,explicit_mmr,test,0.8422422409057617,0.12877076864242554,0.00038216469692997634,4.987559805158526e-05,0.027092725038528442,0.0014621262671425939
26911,1,1,implicit_mmr,implicit_mmr,test,0.4075758457183838,0.4864516258239746,0.0012980339815840125,2.7069736461271532e-05,0.10314536094665527,0.0015020983992144465
26914,1,1,implicit_mmr,implicit_mmr,test,0.19793790578842163,0.7899557948112488,0.001407054834999144,8.842828719934914e-06,0.009011070244014263,0.0016792297828942537
26917,0,2,explicit_mmr,multi_method_not_mmr,test,0.10810881853103638,0.3191540539264679,0.5313451886177063,0.0008995587704703212,0.030881570652127266,0.009610849432647228
26923,0,2,explicit_mmr,multi_method_not_mmr,test,0.024161797016859055,0.38893744349479675,0.48957911133766174,0.001751763396896422,0.013533481396734715,0.08203639090061188
26926,0,0,explicit_mmr,explicit_mmr,test,0.8455820083618164,0.12755201756954193,0.0003506407665554434,5.128591146785766e-05,0.024855146184563637,0.0016088286647573113
26994,0,0,explicit_mmr,explicit_mmr,test,0.5943625569343567,0.38175272941589355,0.002907186048105359,0.0005608177161775529,0.006985698826611042,0.013430902734398842
27056,0,0,explicit_mmr,explicit_mmr,test,0.5313774943351746,0.4580749571323395,0.0007259104168042541,7.525075488956645e-05,0.002352010225877166,0.00739442091435194
27096,0,0,explicit_mmr,explicit_mmr,test,0.7187747359275818,0.20096203684806824,0.0692862793803215,0.00013278222468215972,0.004564167466014624,0.006279891822487116
27171,2,2,multi_method_not_mmr,multi_method_not_mmr,test,0.0004915228928439319,0.000710336840711534,0.9684694409370422,0.012227547354996204,0.005824525374919176,0.012276710942387581
27403,4,1,qual_only,implicit_mmr,test,0.15893089771270752,0.5767152309417725,0.008497083559632301,0.00012763017730321735,0.24354514479637146,0.012184088118374348
27404,4,1,qual_only,implicit_mmr,test,0.14333714544773102,0.7850311398506165,0.022211678326129913,0.00032204200397245586,0.02443336509168148,0.02466466650366783
27473,0,0,explicit_mmr,explicit_mmr,test,0.8616074323654175,0.1334265172481537,0.0007703180890530348,3.407864278415218e-05,0.0013036243617534637,0.002858078805729747
27506,1,1,implicit_mmr,implicit_mmr,test,0.2968290448188782,0.6744197607040405,0.00204275781288743,0.00029503984842449427,0.0040318844839930534,0.022381415590643883
27508,1,3,implicit_mmr,no_method_signal,test,5.61867855140008e-05,9.992838749894872e-05,0.0080903684720397,0.9334003329277039,0.0018707828130573034,0.05648239701986313
27609,2,1,multi_method_not_mmr,implicit_mmr,test,0.13519178330898285,0.8112459182739258,0.02427002787590027,2.0526045773294754e-05,0.026317965239286423,0.0029538189992308617
27664,5,1,quant_only,implicit_mmr,test,0.25284016132354736,0.6403132081031799,0.07952035218477249,3.816005846601911e-05,0.022625572979450226,0.004662579856812954
27706,2,2,multi_method_not_mmr,multi_method_not_mmr,test,0.0605982206761837,0.18265244364738464,0.4395117461681366,0.0005885146092623472,0.3136957883834839,0.0029532660264521837
27922,0,0,explicit_mmr,explicit_mmr,test,0.5919541716575623,0.15033477544784546,0.19204534590244293,0.00036391947651281953,0.006748289335519075,0.05855356156826019
27939,0,4,explicit_mmr,qual_only,test,0.0016483728541061282,0.0014672898687422276,0.08232921361923218,0.004056201782077551,0.894010603427887,0.01648832857608795
28074,0,0,explicit_mmr,explicit_mmr,test,0.8633637428283691,0.12993718683719635,0.0011830016737803817,6.411215144908056e-05,0.000981055316515267,0.0044708396308124065
28132,0,1,explicit_mmr,implicit_mmr,test,0.4516528844833374,0.5225338339805603,0.0021823588758707047,2.0132853023824282e-05,0.020918212831020355,0.0026925518177449703
28133,0,1,explicit_mmr,implicit_mmr,test,0.29526597261428833,0.45219212770462036,0.002850997494533658,2.4873730581020936e-05,0.24881777167320251,0.0008482338162139058
28134,0,1,explicit_mmr,implicit_mmr,test,0.11132492870092392,0.7640551924705505,0.008739200420677662,2.366097214689944e-05,0.1136409342288971,0.0022160618100315332
28191,0,0,explicit_mmr,explicit_mmr,test,0.596813976764679,0.39040496945381165,0.0008931405609473586,2.1722604287788272e-05,0.009806092828512192,0.0020600019488483667
28197,0,0,explicit_mmr,explicit_mmr,test,0.704434335231781,0.28085023164749146,0.0019207592122256756,1.910442915686872e-05,0.011299345642328262,0.001476223231293261
28244,5,0,quant_only,explicit_mmr,test,0.924941897392273,0.06947807967662811,0.0014774897135794163,5.793229502160102e-05,0.0008044072892516851,0.00324025796726346
28271,0,0,explicit_mmr,explicit_mmr,test,0.6592193841934204,0.20854438841342926,0.0011802177177742124,5.645219425787218e-05,0.12947778403759003,0.0015218600165098906
28272,0,2,explicit_mmr,multi_method_not_mmr,test,0.19042180478572845,0.07306534796953201,0.579913854598999,0.0006396855460479856,0.14632509648799896,0.009634213522076607
28296,0,0,explicit_mmr,explicit_mmr,test,0.5988683700561523,0.38641002774238586,0.0020742255728691816,1.1072995221184101e-05,0.011201053857803345,0.001435202662833035
28315,0,3,explicit_mmr,no_method_signal,test,0.1429600715637207,0.0648796409368515,0.06996475160121918,0.3255734443664551,0.23688605427742004,0.15973609685897827
28473,2,2,multi_method_not_mmr,multi_method_not_mmr,test,0.0001857948664110154,0.00012395199155434966,0.9160643219947815,0.07581021636724472,0.007111756131052971,0.0007040144992060959
28596,3,3,no_method_signal,no_method_signal,test,0.0017282036133110523,0.0032701613381505013,0.0007911390857771039,0.5405184030532837,0.06801345944404602,0.38567864894866943
28597,3,3,no_method_signal,no_method_signal,test,3.303351695649326e-05,4.426101440913044e-05,0.012671606615185738,0.9863407611846924,0.00061029102653265,0.0003000623546540737
28613,0,0,explicit_mmr,explicit_mmr,test,0.5297307968139648,0.44397616386413574,0.006648127920925617,0.00010327425843570381,0.008693492040038109,0.010848124511539936
28786,2,5,multi_method_not_mmr,quant_only,test,0.00025944196386262774,0.0002388833527220413,0.000878217164427042,0.027521595358848572,0.0003649044956546277,0.9707369804382324
28854,1,1,implicit_mmr,implicit_mmr,test,0.40429604053497314,0.5832204818725586,0.0012924764305353165,1.7613350792089477e-05,0.008466011844575405,0.0027074215468019247
28874,5,2,quant_only,multi_method_not_mmr,test,0.0002698935568332672,0.0002126672479789704,0.39012229442596436,0.2532147467136383,0.0009896154515445232,0.3551907539367676
28968,3,2,no_method_signal,multi_method_not_mmr,test,0.0004161967081017792,0.0001997443032450974,0.7391421794891357,0.2585688531398773,0.0013462010538205504,0.00032685790210962296
28969,0,0,explicit_mmr,explicit_mmr,test,0.5164143443107605,0.47066137194633484,0.0013128770515322685,7.148169243009761e-05,0.00701242545619607,0.0045275818556547165
28977,1,5,implicit_mmr,quant_only,test,0.008048485964536667,0.014044247567653656,0.351957768201828,0.007876673713326454,0.0927671417593956,0.5253056883811951
28986,1,1,implicit_mmr,implicit_mmr,test,0.4721730053424835,0.516993522644043,0.0010383973130956292,6.024141839588992e-05,0.003695631632581353,0.006039216183125973
29140,1,0,implicit_mmr,explicit_mmr,test,0.9327936768531799,0.06021537259221077,0.0002173895773012191,4.7264282329706475e-05,0.005419518332928419,0.0013067685067653656
29225,4,1,qual_only,implicit_mmr,test,0.09827763587236404,0.8681209087371826,0.006270964164286852,1.0626537005009595e-05,0.024935616180300713,0.0023841937072575092
29262,5,2,quant_only,multi_method_not_mmr,test,0.04664856940507889,0.4547915458679199,0.462606281042099,0.0004428076499607414,0.025293763726949692,0.010217019356787205
29306,1,0,implicit_mmr,explicit_mmr,test,0.7467682361602783,0.02065623179078102,0.024371571838855743,0.0010145866544917226,0.0007192878401838243,0.20647010207176208
29324,1,0,implicit_mmr,explicit_mmr,test,0.9777520298957825,0.017432821914553642,0.00030110072111710906,0.00033920558053068817,0.002643352607265115,0.0015314397169277072
29545,3,3,no_method_signal,no_method_signal,test,0.012305625714361668,0.0003699299995787442,0.010074947029352188,0.6107598543167114,0.000420152151491493,0.366069495677948
29583,1,5,implicit_mmr,quant_only,test,0.0011236444115638733,0.0034659570083022118,0.3926529288291931,0.06004802882671356,0.0017931914189830422,0.5409163236618042
29584,1,5,implicit_mmr,quant_only,test,0.0010528659913688898,0.0027581392787396908,0.4165205657482147,0.09903384000062943,0.0038011865690350533,0.47683337330818176
29585,1,5,implicit_mmr,quant_only,test,0.0008745846571400762,0.002121964003890753,0.38856253027915955,0.0748821422457695,0.0017364652594551444,0.5318222641944885
29594,0,0,explicit_mmr,explicit_mmr,test,0.5006725192070007,0.46640267968177795,0.00926315039396286,3.938888039556332e-05,0.01336536556482315,0.010256904177367687
29648,1,1,implicit_mmr,implicit_mmr,test,0.2599625289440155,0.684512197971344,0.0045754918828606606,0.00039558738353662193,0.002499168971553445,0.04805503785610199
29791,0,0,explicit_mmr,explicit_mmr,test,0.8966554403305054,0.09811680763959885,0.0009870840003713965,4.492900552577339e-05,0.00238529359921813,0.0018105346243828535
30048,1,0,implicit_mmr,explicit_mmr,test,0.8147315979003906,0.07157238572835922,0.0011188791831955314,9.663151286076754e-05,0.11136449873447418,0.00111595808994025
30104,0,4,explicit_mmr,qual_only,test,0.09218234568834305,0.19058966636657715,0.001215976313687861,9.55466675804928e-05,0.7129127383232117,0.0030037364922463894
30126,2,1,multi_method_not_mmr,implicit_mmr,test,0.3211517333984375,0.45245587825775146,0.1475459188222885,0.000324502179864794,0.030720604583621025,0.047801319509744644
30142,4,4,qual_only,qual_only,test,0.17167966067790985,0.3222436010837555,0.05646686628460884,0.00012759315723087639,0.44123202562332153,0.008250251412391663
30260,0,0,explicit_mmr,explicit_mmr,test,0.7331699728965759,0.24367104470729828,0.002324462868273258,5.050910476711579e-05,0.018169594928622246,0.002614533295854926
30266,4,1,qual_only,implicit_mmr,test,0.2942267954349518,0.40549546480178833,0.004556052386760712,9.514518751529977e-05,0.28922614455223083,0.006400442216545343
30345,0,1,explicit_mmr,implicit_mmr,test,0.22684688866138458,0.7046031355857849,0.04929265379905701,2.3782928110449575e-05,0.013174685649573803,0.00605887733399868
30373,0,1,explicit_mmr,implicit_mmr,test,0.476516991853714,0.5075221061706543,0.004470681305974722,1.9393057300476357e-05,0.010692763142287731,0.0007779655861668289
30419,4,4,qual_only,qual_only,test,0.15279753506183624,0.22297288477420807,0.001219194266013801,0.00011273236304987222,0.6206276416778564,0.0022700175177305937
30496,4,4,qual_only,qual_only,test,0.16041550040245056,0.23731942474842072,0.006823308765888214,0.00010929663403658196,0.5901681184768677,0.005164393223822117
30562,2,2,multi_method_not_mmr,multi_method_not_mmr,test,0.003206617198884487,0.0015679479110985994,0.6402934193611145,0.13895916938781738,0.002466025995090604,0.21350692212581635
30563,2,2,multi_method_not_mmr,multi_method_not_mmr,test,0.00015926957712508738,0.0002917054807767272,0.9491738677024841,0.03945266082882881,0.000634599186014384,0.01028780359774828
30564,2,2,multi_method_not_mmr,multi_method_not_mmr,test,0.00035518506774678826,0.0007103359093889594,0.9211117625236511,0.02852695621550083,0.0007527999696321785,0.048542995005846024
30578,0,5,explicit_mmr,quant_only,test,0.10945144295692444,0.07609111070632935,0.3274408280849457,0.00045343171223066747,0.0021391906775534153,0.48442402482032776
30593,0,0,explicit_mmr,explicit_mmr,test,0.7629852890968323,0.23018988966941833,0.0020470230374485254,4.167613587924279e-05,0.001138263032771647,0.003597900504246354
30594,0,0,explicit_mmr,explicit_mmr,test,0.9732570052146912,0.021240195259451866,0.0008101765997707844,0.0005156732513569295,0.00046224496327340603,0.0037146431859582663
30627,0,2,explicit_mmr,multi_method_not_mmr,test,0.1121552437543869,0.29953789710998535,0.5652389526367188,0.0006203830125741661,0.015628302469849586,0.006819276139140129
30708,0,0,explicit_mmr,explicit_mmr,test,0.9138134121894836,0.06922346353530884,0.010938603430986404,0.0001911339204525575,0.0004959845100529492,0.005337360315024853
30762,5,5,quant_only,quant_only,test,0.08157288283109665,0.0444512665271759,0.19257093966007233,0.0009270962327718735,0.009922188706696033,0.6705556511878967
30772,5,2,quant_only,multi_method_not_mmr,test,0.005969309248030186,0.004137973766773939,0.5403537750244141,0.0032522936817258596,0.0009394423104822636,0.4453471899032593
30773,5,2,quant_only,multi_method_not_mmr,test,0.04015157371759415,0.15078820288181305,0.6328182220458984,0.013614615425467491,0.07022631913423538,0.09240109473466873
30774,5,5,quant_only,quant_only,test,0.022984113544225693,0.02485695481300354,0.25930824875831604,0.0009837489342316985,0.00242757610976696,0.6894392967224121
31213,0,0,explicit_mmr,explicit_mmr,test,0.49489641189575195,0.47974345088005066,0.004547776188701391,2.5594306862330996e-05,0.01875777170062065,0.0020289751701056957
31214,0,0,explicit_mmr,explicit_mmr,test,0.8728318810462952,0.11939089745283127,0.0008462055120617151,2.434608177281916e-05,0.0059696682728827,0.0009370554471388459
31215,0,0,explicit_mmr,explicit_mmr,test,0.6309242248535156,0.3597312271595001,0.0037513943389058113,3.3489886845927685e-05,0.004159089177846909,0.001400570385158062
31339,2,0,multi_method_not_mmr,explicit_mmr,test,0.7362059950828552,0.2573268413543701,0.0007153720944188535,0.00017069080786313862,0.0015017231926321983,0.004079373553395271
31340,2,0,multi_method_not_mmr,explicit_mmr,test,0.7449961304664612,0.24649156630039215,0.001970816170796752,0.00020231652888469398,0.0011215045815333724,0.005217707250267267
31453,1,0,implicit_mmr,explicit_mmr,test,0.5837461352348328,0.3974006474018097,0.01152863446623087,0.00019005622016265988,0.002716788789257407,0.004417781252413988
31557,3,2,no_method_signal,multi_method_not_mmr,test,0.00026808795519173145,0.00018912958330474794,0.9649409651756287,0.033157750964164734,0.0006098602316342294,0.0008341797511093318
31575,0,0,explicit_mmr,explicit_mmr,test,0.5059294104576111,0.46234413981437683,0.0019606014247983694,0.00010755992116173729,0.022939959540963173,0.0067183393985033035
31588,0,1,explicit_mmr,implicit_mmr,test,0.45540300011634827,0.5275328755378723,0.0012056527193635702,0.0002712715941015631,0.004754510708153248,0.010832698084414005
31597,5,0,quant_only,explicit_mmr,test,0.6012883186340332,0.3583393692970276,0.023609861731529236,0.0002298114268342033,0.003149838652461767,0.013382812961935997
31621,5,0,quant_only,explicit_mmr,test,0.9520815014839172,0.03189143165946007,0.0028726442251354456,0.00022918710601516068,0.00038613504148088396,0.012539252638816833
31635,0,0,explicit_mmr,explicit_mmr,test,0.903148353099823,0.0938965380191803,0.0006300993263721466,3.2020252547226846e-05,0.000984308309853077,0.00130882253870368
31636,0,0,explicit_mmr,explicit_mmr,test,0.9302502870559692,0.06576719880104065,0.0013190419413149357,4.7630623157601804e-05,0.0009682231466285884,0.001647586701437831
31737,2,2,multi_method_not_mmr,multi_method_not_mmr,test,0.37525635957717896,0.14646337926387787,0.45154160261154175,0.0005401882226578891,0.006087582558393478,0.020110884681344032
31755,0,0,explicit_mmr,explicit_mmr,test,0.43018272519111633,0.08843697607517242,0.15849246084690094,0.0004701150755863637,0.005165462382137775,0.31725218892097473
31786,0,0,explicit_mmr,explicit_mmr,test,0.8368671536445618,0.1266278326511383,0.03092569299042225,9.696871711639687e-05,0.0019517873879522085,0.0035306343343108892
31807,0,0,explicit_mmr,explicit_mmr,test,0.7015549540519714,0.10156812518835068,0.030514363199472427,0.10258042067289352,0.005016441456973553,0.05876576155424118
31831,3,2,no_method_signal,multi_method_not_mmr,test,0.00046912761172279716,0.0002601509040687233,0.8312259316444397,0.16617821156978607,0.0015976035501807928,0.00026888318825513124
31845,5,2,quant_only,multi_method_not_mmr,test,0.02665051445364952,0.31116050481796265,0.39031606912612915,0.0020521783735603094,0.007525237742811441,0.26229554414749146
31869,1,1,implicit_mmr,implicit_mmr,test,0.08547366410493851,0.835625171661377,0.02767047844827175,0.00011866528075188398,0.002979416400194168,0.04813265800476074
31887,4,1,qual_only,implicit_mmr,test,0.10165239870548248,0.7642812132835388,0.020382516086101532,7.259402627823874e-05,0.0034699507523328066,0.11014121025800705
31888,3,3,no_method_signal,no_method_signal,test,0.00011099118273705244,9.245341061614454e-05,0.16208186745643616,0.8366078734397888,0.0005922347190789878,0.0005145954783074558
31893,5,3,quant_only,no_method_signal,test,1.0286747965437826e-05,3.8710648368578404e-05,0.005276769865304232,0.9880625009536743,0.003489241935312748,0.0031224447302520275
31896,4,5,qual_only,quant_only,test,0.0015155005967244506,0.0020677547436207533,0.2123546004295349,0.009300989098846912,0.005796941462904215,0.7689641714096069
31905,3,5,no_method_signal,quant_only,test,0.000273157813353464,0.0005323259392753243,0.0014241862809285522,0.07961848378181458,0.0010246442398056388,0.917127251625061
31917,2,2,multi_method_not_mmr,multi_method_not_mmr,test,0.0002918213722296059,0.002454594010487199,0.6247966885566711,0.010024270042777061,0.3609442710876465,0.0014882584800943732
31920,2,1,multi_method_not_mmr,implicit_mmr,test,0.03828723356127739,0.5845627188682556,0.20991632342338562,0.0005211971583776176,0.07996012270450592,0.08675240725278854
31922,2,2,multi_method_not_mmr,multi_method_not_mmr,test,0.0004708448250312358,0.00024914328241720796,0.6072414517402649,0.39066082239151,0.001033087377436459,0.0003446147602517158
31924,2,3,multi_method_not_mmr,no_method_signal,test,0.011257553473114967,0.0008493810892105103,0.0012539266608655453,0.9828681945800781,0.000387245905585587,0.0033836993388831615
31941,5,1,quant_only,implicit_mmr,test,0.117160364985466,0.7901609539985657,0.03193223848938942,0.00015763938426971436,0.0030991670209914446,0.05748951435089111
31973,2,2,multi_method_not_mmr,multi_method_not_mmr,test,0.00021327516878955066,0.00019493442960083485,0.7022219300270081,0.29403236508369446,0.0030524416361004114,0.00028503494104370475
31983,2,3,multi_method_not_mmr,no_method_signal,test,1.7766598830348812e-05,4.9740916438167915e-05,0.006607431452721357,0.9823638200759888,0.009090233594179153,0.0018709837459027767
31985,3,3,no_method_signal,no_method_signal,test,2.1102468963363208e-05,3.245717380195856e-05,0.0047542862594127655,0.9938263297080994,0.0005153707461431623,0.0008504469296894968
31988,4,1,qual_only,implicit_mmr,test,0.08843916654586792,0.7914854288101196,0.04163059964776039,6.534716521855444e-05,0.008660020306706429,0.06971936672925949
32000,3,4,no_method_signal,qual_only,test,0.00040252291364595294,0.000794794934336096,0.17373085021972656,0.021204443648457527,0.8036060929298401,0.0002612538228277117
32006,3,5,no_method_signal,quant_only,test,0.001753484015353024,0.0010306293843314052,0.019437000155448914,0.193630650639534,0.0006364916334860027,0.783511757850647
32017,2,1,multi_method_not_mmr,implicit_mmr,test,0.04259464144706726,0.38786551356315613,0.18858331441879272,0.0011314521543681622,0.015684451907873154,0.36414065957069397
32022,2,5,multi_method_not_mmr,quant_only,test,0.010564222000539303,0.08185938745737076,0.2751977741718292,0.007473049685359001,0.19994528591632843,0.4249602258205414
32027,5,1,quant_only,implicit_mmr,test,0.05203992873430252,0.8998423218727112,0.015013349242508411,2.3275657440535724e-05,0.013107044622302055,0.01997411996126175
32047,1,5,implicit_mmr,quant_only,test,0.026809923350811005,0.20129713416099548,0.1582367718219757,0.0021678460761904716,0.008451343514025211,0.6030369400978088
32056,0,1,explicit_mmr,implicit_mmr,test,0.19462895393371582,0.7998014688491821,0.0016892401035875082,7.050461590552004e-06,0.001336942077614367,0.002536420477554202
32057,4,3,qual_only,no_method_signal,test,3.18097991112154e-05,4.207218808005564e-05,0.028514087200164795,0.9617305397987366,0.003052564337849617,0.00662887841463089
32059,5,5,quant_only,quant_only,test,0.0006104162312112749,0.00028597822529263794,0.0029653997626155615,0.03448973596096039,0.0011452380567789078,0.9605032801628113
32067,3,3,no_method_signal,no_method_signal,test,8.014697959879413e-05,7.554162584710866e-05,0.016031889244914055,0.9829240441322327,0.0005463045090436935,0.00034213706385344267
32073,1,3,implicit_mmr,no_method_signal,test,0.0008493057102896273,0.00031731408671475947,0.012935289181768894,0.9852194786071777,0.0005275305011309683,0.00015107380750123411
32077,3,2,no_method_signal,multi_method_not_mmr,test,0.0004529372963588685,0.0009485800983384252,0.8218105435371399,0.016721365973353386,0.00885783415287733,0.1512087732553482
32080,5,1,quant_only,implicit_mmr,test,0.14693456888198853,0.7935946583747864,0.025997351855039597,0.00014386938710231334,0.002409416250884533,0.030920226126909256
32081,3,2,no_method_signal,multi_method_not_mmr,test,0.0009488099603913724,0.0037894241977483034,0.8270338773727417,0.005549496039748192,0.13133257627487183,0.03134572505950928
32084,1,1,implicit_mmr,implicit_mmr,test,0.05493919178843498,0.9016065001487732,0.019291957840323448,2.8783781090169214e-05,0.0026103989221155643,0.021523183211684227
32087,2,5,multi_method_not_mmr,quant_only,test,0.0014471379108726978,0.0025643182452768087,0.006847964599728584,0.0021354760974645615,0.0001817526062950492,0.986823320388794
32089,5,5,quant_only,quant_only,test,0.0004925839602947235,0.004581277258694172,0.38251885771751404,0.1077822744846344,0.05156897008419037,0.4530560374259949
32098,3,3,no_method_signal,no_method_signal,test,4.861067282035947e-05,0.00014025418204255402,0.008809445425868034,0.8635563254356384,0.0034853213001042604,0.12396000325679779
32102,5,3,quant_only,no_method_signal,test,3.2797837775433436e-05,3.622107033152133e-05,0.023425061255693436,0.9745243191719055,0.00026097107911482453,0.0017206370830535889
32105,2,4,multi_method_not_mmr,qual_only,test,0.00010295886022504419,0.0001861773052951321,0.0029637308325618505,0.17178522050380707,0.8184466361999512,0.006515288259834051
32113,3,3,no_method_signal,no_method_signal,test,1.9860255633830093e-05,2.7023266738979146e-05,0.0008429894223809242,0.9914913773536682,0.006528879515826702,0.0010898939799517393
32114,3,4,no_method_signal,qual_only,test,0.0001197947931359522,0.0003233877941966057,0.04713005572557449,0.3572996258735657,0.5945018529891968,0.0006252965540625155
32119,2,3,multi_method_not_mmr,no_method_signal,test,0.00013936693721916527,0.00010200766701018438,0.13679254055023193,0.8619803190231323,0.0004527370329014957,0.0005329946288838983
32120,1,1,implicit_mmr,implicit_mmr,test,0.09899966418743134,0.8340816497802734,0.04562641680240631,2.6004790925071575e-05,0.013298139907419682,0.007968124002218246
32121,2,3,multi_method_not_mmr,no_method_signal,test,0.00015161363990046084,0.00010799746087286621,0.14770741760730743,0.8510320782661438,0.0004480692732613534,0.0005528386100195348
32131,4,5,qual_only,quant_only,test,0.004745950922369957,0.02458350919187069,0.01607293263077736,0.002823391929268837,0.001210131449624896,0.9505640268325806
32133,5,5,quant_only,quant_only,test,0.0005168921779841185,0.0002933406503871083,0.000566801056265831,0.01665114052593708,0.0003458069113548845,0.981626033782959
32137,5,5,quant_only,quant_only,test,0.0018125579226762056,0.0033182569313794374,0.002608128823339939,0.0019430837128311396,0.0001713757374091074,0.9901465773582458
32138,2,2,multi_method_not_mmr,multi_method_not_mmr,test,0.005156421568244696,0.029439156875014305,0.6563734412193298,0.007920097559690475,0.05812232941389084,0.24298852682113647
32146,0,0,explicit_mmr,explicit_mmr,test,0.7040784955024719,0.2910086512565613,0.0009818554390221834,1.5147682461247314e-05,0.0028594585601240396,0.001056490815244615
32147,3,3,no_method_signal,no_method_signal,test,1.585493919264991e-05,2.667573426151648e-05,0.0018503399332985282,0.9943920969963074,0.0005074393702670932,0.0032075420022010803
32151,3,3,no_method_signal,no_method_signal,test,0.00011424129479564726,0.0002451895270496607,0.4071255624294281,0.5289701223373413,0.06318700313568115,0.00035792263224720955
32157,4,2,qual_only,multi_method_not_mmr,test,9.822496940614656e-05,0.0004855056176893413,0.9859625697135925,0.008256682194769382,0.004625414498150349,0.0005716877640224993
32160,4,3,qual_only,no_method_signal,test,2.0201588995405473e-05,0.0001080610672943294,0.01867951638996601,0.9608622193336487,0.007855049334466457,0.012474947609007359
32161,3,3,no_method_signal,no_method_signal,test,1.7971033230423927e-05,3.1145475077209994e-05,0.012707468122243881,0.9852317571640015,0.0005864360718987882,0.0014252442633733153
32166,5,1,quant_only,implicit_mmr,test,0.06325211375951767,0.6069090962409973,0.007994923740625381,0.00019563724345061928,0.0013551583979278803,0.3202930986881256
32170,3,3,no_method_signal,no_method_signal,test,1.970104312931653e-05,4.452431676327251e-05,0.0015341785037890077,0.9917542934417725,0.0016719604609534144,0.0049752648919820786
32186,2,5,multi_method_not_mmr,quant_only,test,0.0013496929313987494,0.00045924013829790056,0.0023062475956976414,0.006810451857745647,0.00010089475108543411,0.9889734387397766
32189,3,2,no_method_signal,multi_method_not_mmr,test,0.00020452283206395805,0.0002032593183685094,0.9062327742576599,0.0917539894580841,0.0013126169797033072,0.00029292688122950494
32197,3,5,no_method_signal,quant_only,test,0.0036740272771567106,0.043898265808820724,0.2750064730644226,0.010059911757707596,0.011146510019898415,0.6562148332595825
32204,5,5,quant_only,quant_only,test,0.01893528178334236,0.013844882138073444,0.026147950440645218,0.0017812716541811824,0.00025839777663350105,0.939032256603241
32213,4,2,qual_only,multi_method_not_mmr,test,0.0009589929250068963,0.009235627949237823,0.5785660743713379,0.008745647966861725,0.3954746127128601,0.007019056938588619
32214,1,1,implicit_mmr,implicit_mmr,test,0.07093209028244019,0.8855234384536743,0.011690085753798485,3.277955329394899e-05,0.0025227884761989117,0.029298696666955948
32223,1,1,implicit_mmr,implicit_mmr,test,0.024395929649472237,0.42023926973342896,0.16488289833068848,0.001032111351378262,0.016768310219049454,0.37268152832984924
32224,1,1,implicit_mmr,implicit_mmr,test,0.02682420052587986,0.6714657545089722,0.17308881878852844,0.00031192912138067186,0.04461928829550743,0.08369006961584091
32229,1,5,implicit_mmr,quant_only,test,0.008191055618226528,0.07420460879802704,0.09554871171712875,0.004553464241325855,0.00630806153640151,0.811194121837616
32232,2,3,multi_method_not_mmr,no_method_signal,test,0.00028282240964472294,0.00031775678507983685,0.0007941040676087141,0.5043728351593018,0.003052151296287775,0.49118027091026306
32233,3,2,no_method_signal,multi_method_not_mmr,test,0.00013576136552728713,0.0001999197411350906,0.7360531091690063,0.25602978467941284,0.0008179993601515889,0.006763342767953873
32236,3,5,no_method_signal,quant_only,test,0.0002837578358594328,0.00137859967071563,0.08739373087882996,0.13729903101921082,0.0032160922419279814,0.7704288363456726
32258,5,2,quant_only,multi_method_not_mmr,test,0.00035256677074357867,0.003694609273225069,0.523110568523407,0.009312042966485023,0.4552859663963318,0.008244200609624386
32261,3,3,no_method_signal,no_method_signal,test,1.5009661183285061e-05,2.7230120394960977e-05,0.00326284090988338,0.9950586557388306,0.0007297628908418119,0.0009064959594979882
32266,3,2,no_method_signal,multi_method_not_mmr,test,0.00011304750660201535,0.00016810842498671263,0.5987001657485962,0.3989631235599518,0.0015747545985504985,0.0004809110250789672
32275,2,2,multi_method_not_mmr,multi_method_not_mmr,test,0.0017402699450030923,0.023395134136080742,0.4253948926925659,0.043484289199113846,0.10188102722167969,0.4041042923927307
32282,1,1,implicit_mmr,implicit_mmr,test,0.10838261246681213,0.8395721912384033,0.032971516251564026,2.144279278581962e-05,0.011957679875195026,0.007094656582921743
32285,0,1,explicit_mmr,implicit_mmr,test,0.20213107764720917,0.7626245021820068,0.0035782777704298496,1.0606965588522144e-05,0.0291348397731781,0.0025207274593412876
32298,4,5,qual_only,quant_only,test,0.005586246028542519,0.028794394806027412,0.014725505374372005,0.0023330552503466606,0.0012028634082525969,0.9473578929901123
32311,0,1,explicit_mmr,implicit_mmr,test,0.19087716937065125,0.7267131209373474,0.005120887886732817,9.94390866253525e-05,0.0019218920497223735,0.07526739686727524
32319,3,2,no_method_signal,multi_method_not_mmr,test,0.00014872540486976504,0.0002617915451992303,0.7918266654014587,0.19815818965435028,0.009346258826553822,0.000258376618148759
32323,3,2,no_method_signal,multi_method_not_mmr,test,0.00018201378406956792,0.0002717711322475225,0.9791061878204346,0.015300795435905457,0.004937219433486462,0.0002020171086769551
32328,3,4,no_method_signal,qual_only,test,0.00021751670283265412,0.0004040167259518057,0.17115089297294617,0.07645656168460846,0.7514309883117676,0.00034004979534074664
32330,1,1,implicit_mmr,implicit_mmr,test,0.23150624334812164,0.761019766330719,0.003141051158308983,8.173839887604117e-06,0.0017691368702799082,0.002555655548349023
32335,2,5,multi_method_not_mmr,quant_only,test,0.0006900936714373529,0.00315611669793725,0.011425549164414406,0.007492496632039547,0.0008454849012196064,0.9763902425765991
32349,5,5,quant_only,quant_only,test,0.0004772149259224534,0.0011356688337400556,0.002707935404032469,0.0937599390745163,0.004086581524461508,0.8978326916694641
32351,5,2,quant_only,multi_method_not_mmr,test,0.001535031828097999,0.01754971779882908,0.7813596129417419,0.003966820891946554,0.18439805507659912,0.011190857738256454
32425,5,3,quant_only,no_method_signal,test,3.3176824217662215e-05,2.2948544938117266e-05,0.00043003031169064343,0.9898728132247925,0.00717230373993516,0.0024686993565410376
32448,2,5,multi_method_not_mmr,quant_only,test,0.000201368224225007,0.0010376531863585114,0.23994246125221252,0.24948462843894958,0.0031470314133912325,0.506186842918396
32536,3,2,no_method_signal,multi_method_not_mmr,test,0.00012236088514328003,0.00046915921848267317,0.7157376408576965,0.13437971472740173,0.14874345064163208,0.0005476642982102931
32610,5,5,quant_only,quant_only,test,0.0010788984363898635,0.00039843007107265294,0.006725451443344355,0.00453315582126379,0.00015252098091877997,0.987111508846283
