award_id,y_true,y_pred,y_true_label,y_pred_label,score_explicit_mmr,score_implicit_mmr,score_multi_method_not_mmr,score_no_method_signal,score_qual_only,score_quant_only
1503196,1,1,implicit_mmr,implicit_mmr,0.042994374710607026,0.7062136413377509,0.08952567947083928,0.000177526956469389,0.029694444794688992,0.13139433272964432
1614745,0,1,explicit_mmr,implicit_mmr,0.14229140781324215,0.6416619929038121,0.05726085017985705,0.003310544170157163,0.03040721081312147,0.1250679941198103
1615207,0,1,explicit_mmr,implicit_mmr,0.04275485848689565,0.8495790468802679,0.021157048348045913,0.008017548604301362,0.003556347607783857,0.07493515007270526
1652825,0,0,explicit_mmr,explicit_mmr,0.7099862604001277,0.2189807956022168,0.0012352977986768829,0.00010264933417466563,0.004288259134382603,0.06540673773042145
1664271,1,4,implicit_mmr,qual_only,0.10545911835229127,0.06707220528386668,0.027467808563249707,0.00024303854807710784,0.79797850604328,0.001779323209235277
1664274,1,4,implicit_mmr,qual_only,0.035047823283715196,0.029993071265560327,0.012143504421506034,0.00017741814931091721,0.9211905284618181,0.0014476544180892117
1719872,1,0,implicit_mmr,explicit_mmr,0.6496939813619359,0.2396637771425621,0.00519730921098182,0.0015715841809410647,0.002857212788082352,0.10101613531549658
1720838,1,0,implicit_mmr,explicit_mmr,0.6594205927938787,0.2380876528392211,0.002729309058234732,0.0005565349649735368,0.002026642333508674,0.09717926801018328
1721054,1,0,implicit_mmr,explicit_mmr,0.7195213718731723,0.16144465957363352,0.06617642355511162,0.0020920726145418037,0.037066991513686344,0.013698480869854309
1723884,0,1,explicit_mmr,implicit_mmr,0.022691522903517284,0.83630966140028,0.012973114177341082,0.012378247310092766,0.0027528660070784317,0.11289458820169047
1751314,4,0,qual_only,explicit_mmr,0.735993818616285,0.031106118513045473,0.010956775007308793,7.049786081250849e-05,0.21010586078149357,0.011766929221054795
1826354,0,0,explicit_mmr,explicit_mmr,0.7867858506905611,0.0006425707831261467,0.027303353753285953,0.010684753797707868,0.1481099930046333,0.026473477970685576
1906172,0,0,explicit_mmr,explicit_mmr,0.8839100189145739,0.008865749050541284,0.04057942359645046,0.008750489300889027,0.03466515330711746,0.023229165830427962
1908481,1,0,implicit_mmr,explicit_mmr,0.47512137052569714,0.3373792856160801,0.009251698421938646,0.0008805837715260571,0.006702881222388723,0.17066418044236933
1914647,4,4,qual_only,qual_only,0.3988931049835373,0.01171680476151167,0.07946607906592532,0.011329865512526282,0.4798260732052031,0.01876807247129644
1914735,4,4,qual_only,qual_only,0.10206676412374457,0.03205193672519121,0.12941056073242124,0.006386619060348856,0.7118559292309031,0.01822819012739114
1918847,1,0,implicit_mmr,explicit_mmr,0.6796991823415142,0.13559654127426507,0.034842831988544196,0.0001589119156495952,0.13702594495773593,0.012676587522290976
1920753,2,0,multi_method_not_mmr,explicit_mmr,0.5232116537031417,0.3467204505209539,0.018351743577821534,0.0011745667024275637,0.012433293727133787,0.09810829176852158
1925188,2,0,multi_method_not_mmr,explicit_mmr,0.41757228991467404,0.003300245289726268,0.38975898157667,0.019107254240399277,0.1540602619061334,0.016200967072397095
1929409,0,0,explicit_mmr,explicit_mmr,0.8678446950450547,0.010537124669586331,0.0010608021480791705,0.000932744128427826,6.0342525111427756e-05,0.1195642914837408
1930026,0,5,explicit_mmr,quant_only,0.20707425600516582,0.059921955950759054,0.006660011957746094,0.00984356671691755,0.0017717141306336402,0.7147284952387779
1930076,0,5,explicit_mmr,quant_only,0.12000342674793132,0.17805671961678146,0.028951577847973694,0.014496369333394007,0.001774614093748393,0.6567172923601711
1930132,0,5,explicit_mmr,quant_only,0.026956099272195784,0.1474482102387051,0.028907888850896103,0.0038495450902562927,0.004996745147974663,0.787841511399972
1930341,0,0,explicit_mmr,explicit_mmr,0.4704078462948626,0.10357272019788195,0.004622409596096713,0.0041676237605095525,0.0004950059869264868,0.4167343941637227
1930373,0,5,explicit_mmr,quant_only,0.059357783517201876,0.0013199685900060123,0.012852993474904177,0.010938293651298482,0.015975191699311782,0.8995557690672775
1930419,0,5,explicit_mmr,quant_only,0.07298395883232933,0.03933673834223889,0.03793550229070369,0.0698052818169411,0.020028936607641927,0.759909582110145
1930492,0,0,explicit_mmr,explicit_mmr,0.873225809599064,0.007618614298346534,0.0006407736431828993,9.135198971269541e-05,0.000175282028739479,0.11824816844095437
1930497,1,0,implicit_mmr,explicit_mmr,0.78124056443092,0.011689588025866816,0.0022703125184074897,0.00044770518679663215,0.001835727148635042,0.20251610268937378
1930502,2,0,multi_method_not_mmr,explicit_mmr,0.7547961560871208,0.048741144093467005,0.0015555879926725865,0.00010190451963302969,0.0016255828677174259,0.19317962443938913
1930539,1,5,implicit_mmr,quant_only,0.3168686757967874,0.11357924266835971,0.016279270656145234,0.014693803089136063,0.0018810590508227633,0.5366979487387488
1930553,0,5,explicit_mmr,quant_only,0.054288162207880554,0.00620204632969935,0.04066251869329681,0.045586941432185064,0.02593252500527123,0.8273278063316669
1933277,3,5,no_method_signal,quant_only,0.02425035211374743,0.018753547643231904,0.004276946641413786,0.24710416508279773,0.0008475351729806132,0.7047674533458286
1933717,0,0,explicit_mmr,explicit_mmr,0.8454481150547496,0.09458654347804965,0.015907439496409718,0.0018370452980977698,0.010093376791082347,0.032127479881611055
1934126,0,0,explicit_mmr,explicit_mmr,0.584486320784497,0.22833701763710168,0.07056665634653261,0.0017890523822396461,0.008831337102226175,0.1059896157474026
1936070,1,1,implicit_mmr,implicit_mmr,0.437446215909684,0.5085412632114735,0.005419970904433673,0.0013953493818948275,0.0012872139372898936,0.045909986655224194
1937391,0,0,explicit_mmr,explicit_mmr,0.8814606709113884,0.06989522064917737,0.006555921116200097,7.054647826453576e-05,0.002121900066834041,0.03989574077813564
1937490,0,0,explicit_mmr,explicit_mmr,0.7360499531003771,0.2084423228272208,0.020252107449580316,0.001074221357057236,0.003273115796214524,0.03090827946955012
1937587,0,0,explicit_mmr,explicit_mmr,0.8116011092528166,0.09679924567190412,0.04669185737141207,0.0003396963702919831,0.010849594416191575,0.03371849691738386
1937687,0,0,explicit_mmr,explicit_mmr,0.7779477938255739,0.1532377235869974,0.038411384284236974,0.0006630700374062031,0.005581803658643021,0.024158224607142297
1939038,2,2,multi_method_not_mmr,multi_method_not_mmr,0.001104732875920699,0.008997671009458561,0.8572841561701924,0.01513165731153552,0.08126994348452703,0.036211839148365836
1941642,4,0,qual_only,explicit_mmr,0.39907262786986397,0.12526802243873875,0.07628887437014516,0.12736831597383652,0.0264052932308509,0.24559686611656475
1941668,1,5,implicit_mmr,quant_only,0.22396759383731946,0.04358973739022082,0.008531324309539623,0.008088882672126426,0.03338384033515538,0.6824386214556384
1941952,1,0,implicit_mmr,explicit_mmr,0.4586040446372135,0.3141612350382708,0.07297218213233693,0.0040955259104349115,0.07988372975263751,0.07028328252910628
1943146,0,0,explicit_mmr,explicit_mmr,0.8991671083341694,0.07910608656155162,0.005220121704908142,1.834979084672199e-05,0.0002482756644097416,0.016240057944114695
1943285,0,0,explicit_mmr,explicit_mmr,0.41608901275582666,0.373967450492797,0.1228509037615806,0.009411345191779079,0.016808725093029366,0.06087256270498727
1943541,0,0,explicit_mmr,explicit_mmr,0.8884289659874742,0.03229488258723041,0.010207069259512168,5.111426666307138e-05,0.03250895224600514,0.03650901565311515
1943934,4,0,qual_only,explicit_mmr,0.564888440572576,0.03359195205295645,0.032722994088281554,0.00028946003231776116,0.3606511860127923,0.007855967241075998
1944807,4,0,qual_only,explicit_mmr,0.8487382078729777,0.006682681593792549,0.0020570398655912416,0.0001800065602841178,0.13985943673990314,0.0024826273674510954
1945961,0,5,explicit_mmr,quant_only,0.2738162450350807,0.12308209216283181,0.29489663649889525,0.0008667230758541614,0.008838695844477093,0.298499607382861
1945963,0,5,explicit_mmr,quant_only,0.12836935467715235,0.04925835508765969,0.17915598061425425,0.000477706001659577,0.012116169604742785,0.6306224340145314
1946553,3,5,no_method_signal,quant_only,0.09570717899908471,0.04241147974174618,0.002683502721577491,0.26345932366645297,0.003312540777120192,0.5924259740940184
1948981,4,0,qual_only,explicit_mmr,0.9837819543518969,0.010759665821859667,0.004613201266756431,4.811262041948019e-06,0.0006524191796721421,0.0001879481177729438
1949241,1,0,implicit_mmr,explicit_mmr,0.6126763791904042,0.34534528273169723,0.03494267044430837,0.0003377473287636095,0.0026148483534585106,0.004083071951368028
1949454,0,0,explicit_mmr,explicit_mmr,0.6202111206853328,0.3705124393357943,0.0073774690602598945,8.586028691708664e-05,0.00010738462760226897,0.0017057260040936584
1949585,0,2,explicit_mmr,multi_method_not_mmr,0.02999934163732294,0.048356332685053564,0.8562065888805664,0.011293308346757016,0.03329585509695669,0.02084857335334342
1949586,0,0,explicit_mmr,explicit_mmr,0.9201263103720666,0.049789807180544536,0.02463126012339098,0.0010735453621036077,0.0008362832973152701,0.0035427936645790366
1949718,2,5,multi_method_not_mmr,quant_only,0.01607145707473255,0.09398155561163918,0.103681709366779,0.3762866919198282,0.02323638052085735,0.3867422055061638
1949848,1,1,implicit_mmr,implicit_mmr,0.22857560683300407,0.45738722032227375,0.17981704239982635,0.0439544671218794,0.0026718095163501348,0.08759385380666629
1949990,2,1,multi_method_not_mmr,implicit_mmr,0.004325430925501084,0.7651135705999089,0.08759115680863137,0.08085498690988752,0.0032996588774975577,0.05881519587857362
1950064,0,1,explicit_mmr,implicit_mmr,0.240517575751605,0.3299503536696856,0.11621313162297357,0.008083839334270237,0.024265852725449937,0.2809692468960156
1950304,5,3,quant_only,no_method_signal,0.025967773359981353,0.025773552461942257,0.024740658303416103,0.7865439362932004,0.0599219103459749,0.07705216923548504
1950340,2,3,multi_method_not_mmr,no_method_signal,0.2400905504690018,0.11788201002851309,0.08579043416020576,0.35761963677040254,0.012750205760522337,0.18586716281135432
1950351,5,0,quant_only,explicit_mmr,0.688703443869377,0.02906412703689337,0.15039644478891198,0.05045201928316347,0.010199444661762916,0.07118452035989138
1950645,3,2,no_method_signal,multi_method_not_mmr,0.14865647680377578,0.09346645490415383,0.26348403042455504,0.11345987577410623,0.12446445595984085,0.2564687061335682
1953561,0,0,explicit_mmr,explicit_mmr,0.969229632168778,0.008681604553739933,0.01418089029647811,0.00040103983921696573,0.0003629817617413297,0.007143851380045699
1953640,0,1,explicit_mmr,implicit_mmr,0.014147823045323181,0.49967700576139057,0.09330886500810581,0.09903033122763286,0.006510392693443832,0.28732558226410354
1953752,0,0,explicit_mmr,explicit_mmr,0.9313515707492627,0.017361749709853137,0.011492706470401279,0.002553193867787281,0.0008399383065842708,0.03640084089611123
1953762,0,3,explicit_mmr,no_method_signal,0.020656276363131578,0.1454557717661064,0.1701758280728464,0.5968279837026741,0.007333502335716798,0.05955063775952467
1955792,0,1,explicit_mmr,implicit_mmr,0.1724280628463715,0.6193627127268909,0.03545759052221635,0.030070752319346215,0.02909067991812588,0.11359020166704915
1955896,4,1,qual_only,implicit_mmr,0.11861094314813803,0.8068164897036306,0.010818394188207903,0.016822390320228572,0.008292339682612641,0.03863944295718211
2000091,3,5,no_method_signal,quant_only,0.04796336878064723,0.053981596843842926,0.2636073826167262,0.19425620919750888,0.05277050854257935,0.3874209340186954
2000183,5,5,quant_only,quant_only,0.024315983754490136,0.004684730237477129,0.3946303425919064,0.05152777076972401,0.018111461266737693,0.5067297113796646
2000292,1,0,implicit_mmr,explicit_mmr,0.7039483529683682,0.1920171540302304,0.03303470767081613,4.0561831172335e-06,0.02237900492610009,0.04861672422136782
2000442,2,5,multi_method_not_mmr,quant_only,0.01731528102786689,0.01648936417276658,0.00452342198175925,0.25969470290702695,0.0021609041532247206,0.6998163257573555
2000487,2,1,multi_method_not_mmr,implicit_mmr,0.17152406182227978,0.6962407354094664,0.022381163623227698,1.0735327812919108e-05,0.02052529148995744,0.08931801232725578
2000535,5,1,quant_only,implicit_mmr,0.01088684826172911,0.6545019586530109,0.01019625317738277,0.023244226111963525,0.0015889941198731162,0.2995817196760405
2000573,5,3,quant_only,no_method_signal,0.025940102861890763,0.1311150696982947,0.027295528242782058,0.4544098878337723,0.0012763127248550006,0.3599630986384052
2000583,0,0,explicit_mmr,explicit_mmr,0.8797955367059507,0.10465265805331589,0.009305450585808658,0.0001407456995934787,0.0008093022155780573,0.005296306739753095
2000725,2,5,multi_method_not_mmr,quant_only,0.04893584836587561,0.008696359259280832,0.0185381350970089,0.2221552289095748,0.008170545578210607,0.6935038827900493
2000730,0,0,explicit_mmr,explicit_mmr,0.9484079387986394,0.04175118020018379,0.003277427151571992,1.1423799140530902e-06,0.0028386560876614954,0.0037236553820291706
2000750,0,0,explicit_mmr,explicit_mmr,0.9000774654600104,0.07321788803636216,0.009295714952335735,1.8667354073520384e-05,0.0021477128826530817,0.015242551314565119
2000779,0,1,explicit_mmr,implicit_mmr,0.134867183775797,0.8020529690036927,0.012582504139357473,0.00029515873044359624,0.01080016170569164,0.0394020226450176
2000786,3,5,no_method_signal,quant_only,0.024931396758251567,0.04836306828263923,0.015396460058008812,0.26430405142044916,0.010349228607812224,0.6366557948728391
2000799,0,0,explicit_mmr,explicit_mmr,0.8028398987307476,0.1391568971605131,0.0007842546450002871,4.307596221326487e-05,0.00046112391078078404,0.05671474959074489
2000847,0,1,explicit_mmr,implicit_mmr,0.30248148694373056,0.3606378432015402,0.2417460004843942,0.00013565508118746226,0.05804467753528532,0.03695433675386221
2000866,2,3,multi_method_not_mmr,no_method_signal,0.01755789322397299,0.006755260231644609,0.012333754655725306,0.6405996156366518,0.004242573703285559,0.3185109025487198
2000887,5,5,quant_only,quant_only,0.013550147230924858,0.03856981037133202,0.004392866148096253,0.18955490966291033,0.002811704753929237,0.7511205618328073
2000888,0,1,explicit_mmr,implicit_mmr,0.05887754752964544,0.8840956930503463,0.01097833827410569,0.0004934283306640416,0.02277677500293852,0.022778217812299988
2003126,0,1,explicit_mmr,implicit_mmr,0.08234222850830901,0.904929670175802,0.009621865236938604,0.0006950045165436873,0.0012439219097877617,0.0011673096526191426
2004898,0,5,explicit_mmr,quant_only,0.04650470534363037,0.015271761478465214,0.0494577594114358,0.07976595562039246,0.0503752743542986,0.7586245437917777
2005608,1,0,implicit_mmr,explicit_mmr,0.5100028168173658,0.2311147360714791,0.14925299666697742,0.013740465651839475,0.059839809092423514,0.036049175699914816
2005812,1,0,implicit_mmr,explicit_mmr,0.9482001858101473,0.0380042167457456,0.0018794579719210993,0.0004612939881356803,0.00022226706119271128,0.011232578422857645
2005840,1,0,implicit_mmr,explicit_mmr,0.9445651166555178,0.0444076589330716,0.001391759545934524,0.0007074820976596227,0.0002245575409808793,0.00870342522683538
2005890,1,0,implicit_mmr,explicit_mmr,0.7758059961869023,0.2175381644467738,0.003844909506502109,2.1266716073396805e-05,0.00042374609697390115,0.0023659170467747338
2005898,5,0,quant_only,explicit_mmr,0.6115902718527565,0.04882630742366449,0.150471954573271,0.05663490969331509,0.05804158885873934,0.07443496759825344
2005973,1,0,implicit_mmr,explicit_mmr,0.8234068883578115,0.15870591174661977,0.007530830145149353,0.0008487563904083767,0.003644128073939147,0.005863485286071851
2009127,1,1,implicit_mmr,implicit_mmr,0.0910981232466185,0.8502575178205868,0.04858838498105468,0.0003381210605096534,0.0019214633126385205,0.0077963895785918575
2009977,1,0,implicit_mmr,explicit_mmr,0.9040978590219114,0.05334184255425018,0.0019046878812505864,6.065250174846975e-06,0.02500457375912345,0.01564497153328955
2010038,5,5,quant_only,quant_only,0.3922799031047611,0.10045955897710293,0.009059514636541371,0.0038723548477452795,0.09953901000978885,0.39478965842406044
2010124,0,5,explicit_mmr,quant_only,0.21370071785392283,0.015413204436614158,0.028652353156027457,0.029686590876056258,0.03857811199001206,0.6739690216873673
2010139,4,2,qual_only,multi_method_not_mmr,0.2068602551626399,0.05873164685033973,0.6084152829505094,0.016908080163563398,0.10692127805612084,0.0021634568168267805
2010237,4,2,qual_only,multi_method_not_mmr,0.1175115525396592,0.0941910395520256,0.6819577602804772,0.014243250756884618,0.08322467490489617,0.008871721966057225
2010256,0,0,explicit_mmr,explicit_mmr,0.9428092411714046,0.01576136375227918,0.021829590867625648,0.0009422308187467932,0.0057153203048244125,0.012942253085119506
2010276,0,1,explicit_mmr,implicit_mmr,0.11695832914906393,0.8255946227488697,0.0124478287389402,0.000531836699489826,0.002488323291301266,0.041979059372335245
2010312,0,1,explicit_mmr,implicit_mmr,0.08104213532074438,0.9045188494242408,0.008337376449274736,5.450796426976952e-06,0.003199778656177278,0.002896409353135757
2010361,0,0,explicit_mmr,explicit_mmr,0.9417612501899715,0.008645920578195123,0.012778554714661336,0.0010242612436014112,0.005181457341631092,0.030608555931939365
2010530,0,0,explicit_mmr,explicit_mmr,0.8798592851764345,0.09475795166443776,0.019198069646901055,0.00017108096225695068,0.0010118928375662983,0.0050017197124037766
2011917,2,5,multi_method_not_mmr,quant_only,0.34066990828553345,0.008873446745183405,0.014572123003103591,0.1678445613982968,0.0007062824792630789,0.4673336780886198
2013484,5,0,quant_only,explicit_mmr,0.5137412192207328,0.17339599326431,0.11351773494610941,0.036452987140987464,0.05056568081185521,0.11232638461600522
2013495,1,1,implicit_mmr,implicit_mmr,0.20155393431019986,0.47523513771059817,0.029030388063772658,0.02601238565331583,0.020542907939503714,0.24762524632260968
2013504,0,1,explicit_mmr,implicit_mmr,0.4188860192113722,0.436220080113245,0.03567474046521386,0.0006575368192770951,0.004766332904510278,0.10379529048638178
2013554,0,1,explicit_mmr,implicit_mmr,0.3215297486680121,0.3989838839602113,0.029682454022221923,0.0003785649413060491,0.0019061973714387178,0.2475191510368101
2013575,0,1,explicit_mmr,implicit_mmr,0.16495531803921376,0.37151272611108344,0.09816778093727899,0.0013490334179015809,0.009169301188766233,0.35484584030575606
2013612,0,0,explicit_mmr,explicit_mmr,0.3592322025238132,0.2358021525796758,0.06230934232912952,0.0026185048519842477,0.016321694591290084,0.3237161031241071
2017704,2,0,multi_method_not_mmr,explicit_mmr,0.9887122351453234,0.0013628523046501973,0.0005125145702652155,0.00013135378085111894,0.0003348655740700986,0.008946178624840246
2019843,0,0,explicit_mmr,explicit_mmr,0.8437591074070959,0.0012902562280068647,0.0025493317525840083,0.0013205016511037958,0.009651061219858908,0.14142974174135056
2021157,5,0,quant_only,explicit_mmr,0.3774387030002421,0.03655302394630145,0.17280446435229305,0.035719111894116744,0.016038860824702805,0.3614458359823438
2021315,1,0,implicit_mmr,explicit_mmr,0.9986354712786581,0.0006586954170230531,0.0001894731567325719,1.2352490524159197e-08,6.692623739361525e-06,0.0005096551713561439
2021402,5,0,quant_only,explicit_mmr,0.45800589732236213,0.16545814081756038,0.017649111844559275,0.0015807594148096364,0.0022878246686808177,0.3550182659320278
2021499,4,5,qual_only,quant_only,0.1057897971318324,0.011141857406427447,0.00592435484530564,0.009057753442797214,0.0083529042537576,0.8597333329198797
2021512,0,0,explicit_mmr,explicit_mmr,0.8290024495148433,0.08181677124505993,0.043397512233234625,1.3003591521754781e-05,0.0032078278077312056,0.04256243560760917
2021546,4,0,qual_only,explicit_mmr,0.7864000892486289,0.05169694516837404,0.09947058989901428,0.0007702667570132617,0.012120669247853813,0.04954143967911586
2021585,5,1,quant_only,implicit_mmr,0.034281503685323775,0.5194319406038163,0.1424875677202464,0.02842392061292027,0.09695503412059123,0.178420033257102
2022271,4,2,qual_only,multi_method_not_mmr,0.3524042308438831,0.023708958391510448,0.3598465419024981,0.0044758430868843315,0.2447930356125795,0.014771390162644721
2024394,1,0,implicit_mmr,explicit_mmr,0.9293646955377581,0.03347253815471351,0.0018461885521571483,4.175023054995419e-06,0.014472582071806503,0.020839820660509687
2025046,0,0,explicit_mmr,explicit_mmr,0.8276369641314553,0.049908915790352115,0.025797973446802073,0.0002129918765745006,0.03091234057342467,0.06553081418139135
2025181,4,4,qual_only,qual_only,0.15294494467159375,0.17186504493616214,0.2194833345828193,0.08248281993231221,0.3115109788588929,0.06171287701821981
2025280,0,0,explicit_mmr,explicit_mmr,0.5488664159222575,0.15625986610772674,0.08915030903698744,0.004663597542913809,0.024749485173903817,0.17631032621621068
2025349,0,0,explicit_mmr,explicit_mmr,0.9912722105900338,0.0025740955676994614,0.005965894414629261,1.291548918287717e-06,5.016617688239145e-05,0.00013634170183701182
2025682,4,5,qual_only,quant_only,0.20244976068431186,0.19617210570004745,0.09999543116582744,0.02663940845783858,0.20766648697702036,0.2670768070149543
2025685,4,5,qual_only,quant_only,0.23899386279711274,0.2609838627436033,0.07426252494288782,0.02063351050426262,0.08519220887503465,0.3199340301370989
2025686,4,5,qual_only,quant_only,0.07435292466244237,0.2062100374370238,0.2537323181846268,0.03568365088381475,0.12325627862251597,0.3067647902095763
2025805,5,1,quant_only,implicit_mmr,0.0020229399049695234,0.8866239131465684,0.03685880948932195,0.0021691899531920697,0.051052181826766456,0.021272965679181674
2027470,4,5,qual_only,quant_only,0.06828288129057022,0.0026345559613691048,0.002778586377198155,0.11651276071397748,0.020519787650989017,0.789271428005896
2027506,0,0,explicit_mmr,explicit_mmr,0.908076223874187,0.06556751579841096,0.018040240508907825,3.279427737808174e-06,0.0044834026560410635,0.003829337734715353
2027637,0,0,explicit_mmr,explicit_mmr,0.9565729899059497,0.015834046932707988,0.0015948466307686788,9.72913688074519e-06,0.015127282717885746,0.010861104675807101
2028026,5,5,quant_only,quant_only,0.10140143225812033,0.0783794540668189,0.034178922627578795,0.03984859920793098,0.16404317327030882,0.5821484185692423
2028469,1,5,implicit_mmr,quant_only,0.04027854172969454,0.005978118292698059,0.03990156518476577,0.1298858579971581,0.1952023682717741,0.5887535485239095
2028473,1,5,implicit_mmr,quant_only,0.07098709633763872,0.02187028882831909,0.028784169148920985,0.21655597657157347,0.1757391013551367,0.4860633677584111
2028811,1,0,implicit_mmr,explicit_mmr,0.6952234751671488,0.16429140018932778,0.01698997556989936,0.0007538669780276366,0.016586788566819943,0.1061544935287767
2029357,0,1,explicit_mmr,implicit_mmr,0.24088481276697093,0.6398065144812747,0.006455062944857338,0.0010619996292258274,0.004135147159734676,0.10765646301793666
2029642,0,0,explicit_mmr,explicit_mmr,0.6028079786048618,0.36678982301402396,0.0012668417825065922,1.0523477835160216e-05,0.00017137301017082325,0.028953460110601646
2029782,0,4,explicit_mmr,qual_only,0.0025955309889283996,0.016663036346197337,0.37988840113570493,0.0007878201222231175,0.5943484888019089,0.005716722605037343
2029784,0,4,explicit_mmr,qual_only,0.004021647591780896,0.01963507705790562,0.23222422153302275,0.0031941728622473316,0.7313101570985499,0.009614723856493533
2029785,0,4,explicit_mmr,qual_only,0.010423649956334243,0.03074961926582746,0.4630210055047611,0.0011115835785780288,0.48914242707978584,0.005551714614713494
2029796,0,4,explicit_mmr,qual_only,0.009394164918422283,0.030391461832636375,0.271765292101194,0.001532292272532606,0.6755755221642696,0.011341266710945059
2030297,0,0,explicit_mmr,explicit_mmr,0.48605571552477683,0.07820605177762927,0.010097222845367551,0.0027963004134171432,0.029404792962165423,0.3934399164766437
2030313,0,0,explicit_mmr,explicit_mmr,0.8297202054768826,0.10814305440812433,0.001528706039991404,0.00018529978987266753,0.007289203656310277,0.05313353062881903
2030485,1,1,implicit_mmr,implicit_mmr,0.09824160461815833,0.6837029056553068,0.02910261531424385,0.0010400744573149981,0.0034997373173061425,0.18441306263766996
2030582,0,1,explicit_mmr,implicit_mmr,0.0650096528228752,0.38554629764311427,0.1514662679764775,0.08834670150773777,0.006995171437271102,0.3026359086125241
2030663,1,5,implicit_mmr,quant_only,0.2437958232613144,0.22929805035064144,0.00201161527867451,0.0012177059846537517,0.0008049999267539802,0.5228718051979621
2030720,1,1,implicit_mmr,implicit_mmr,0.25066565718923123,0.37387471439687636,0.04549510921100347,0.009069488131107117,0.016210142333061943,0.30468488873871985
2030731,5,1,quant_only,implicit_mmr,0.0747438537888142,0.76581503158032,0.02650193514299912,0.018634426915301094,0.000806465233608039,0.1134982873389574
2030969,0,5,explicit_mmr,quant_only,0.08401877064898387,0.21523821478481583,0.009403810496276472,0.011715729755927495,0.0003918666934122106,0.6792316076205841
2032226,4,2,qual_only,multi_method_not_mmr,0.03001078895316414,0.19745061542319378,0.6131898503556247,0.001283555279213474,0.1436439947817354,0.014421195207068586
2032737,0,0,explicit_mmr,explicit_mmr,0.5148645316637523,0.1635270087319466,0.0054673415079252875,0.0004092600270976355,0.05140277085092112,0.2643290872183571
2032781,5,5,quant_only,quant_only,0.026436614464025582,0.007005509542434454,0.012308978656568804,0.4256950174237682,0.01809744543322185,0.5104564344799811
2032802,0,0,explicit_mmr,explicit_mmr,0.6807567520983179,0.23924038396325004,0.056385542063392066,0.00010166735186871918,0.021783447023159017,0.0017322075000122058
2033389,0,0,explicit_mmr,explicit_mmr,0.530380524727952,0.44596150813599145,0.0004392590000255316,0.00020600419743271162,0.0003510260539467799,0.02266167788465161
2036549,1,1,implicit_mmr,implicit_mmr,0.21171849075835164,0.6576855866243619,0.030077103156972308,0.0102468427635644,0.020466668196583798,0.06980530850016597
2036870,2,5,multi_method_not_mmr,quant_only,0.07185414814270158,0.22772806731302278,0.22391899404271517,0.013860329147760546,0.15951542273009064,0.30312303862370926
2037403,2,3,multi_method_not_mmr,no_method_signal,0.06892288778860728,0.0684811588390736,0.020155180037180268,0.5252426859619653,0.0036058786144807027,0.3135922087586928
2037809,0,0,explicit_mmr,explicit_mmr,0.7304727431445212,0.16795325312413675,0.038535591229819414,0.0009054242044046171,0.03551277591521882,0.02662021238189933
2039583,5,0,quant_only,explicit_mmr,0.4119047407054792,0.05422543921615919,0.10491583247432944,0.06363339462367405,0.02021122072986833,0.34510937225048965
2039864,0,0,explicit_mmr,explicit_mmr,0.8319865194052811,0.0515346245738609,0.06870495292722348,0.0011766365278086015,0.014130830066965501,0.03246643649886046
2039871,0,2,explicit_mmr,multi_method_not_mmr,0.1726021039136097,0.0720438077556311,0.515349579286354,0.006706055352583615,0.011284322111101483,0.22201413158071998
2040795,5,3,quant_only,no_method_signal,0.3040288053503872,0.04467093441872232,0.15070949672427386,0.45640179058088076,0.004547228054890177,0.03964174487084576
2041960,1,5,implicit_mmr,quant_only,0.16364224126876442,0.19009795346343952,0.14182534359519255,0.001693672585926541,0.05340204161922208,0.4493387474674548
2042142,0,0,explicit_mmr,explicit_mmr,0.9545221105811215,0.036449271134307244,0.007046776377466106,1.0055816691644665e-05,0.0005924457285325309,0.0013793403618807866
2044243,1,0,implicit_mmr,explicit_mmr,0.8200512683123115,0.16546638865979804,0.004033865692401896,4.472078557391905e-06,0.00018308417185678114,0.010260921085074376
2044333,2,3,multi_method_not_mmr,no_method_signal,0.05461351370622306,0.005970038798432696,0.025546760692694796,0.6555283620417236,0.01751717331274312,0.24082415144818262
2044390,1,0,implicit_mmr,explicit_mmr,0.9645187255311367,0.015016460659093631,0.003594875668932913,0.00013231763435464147,0.000717338082148765,0.016020282424333114
2044473,1,0,implicit_mmr,explicit_mmr,0.8104772835642113,0.10684074998467036,0.006071804338185301,2.9433696916489644e-05,0.0007758592474201196,0.0758048691685965
2044879,0,0,explicit_mmr,explicit_mmr,0.7828735847084383,0.19927325098995485,0.002831824515677194,0.000267388036738689,0.0007069101062825998,0.014047041642908372
2045634,4,0,qual_only,explicit_mmr,0.6145064877819039,0.35634932589891494,0.00257891925711397,0.0032968628394039797,0.01596700336098321,0.007301400861679863
2046079,0,0,explicit_mmr,explicit_mmr,0.6339997764571889,0.26734143925697346,0.01814368406736526,0.028995873965417293,0.0020434745799249236,0.04947575167313015
2047105,0,1,explicit_mmr,implicit_mmr,0.14508316804072713,0.6640826213474448,0.1006463926301488,0.020227788746531247,0.028399817988152217,0.04156021124699579
2047420,0,0,explicit_mmr,explicit_mmr,0.9669251999687695,0.031644775908982264,0.0008106940813817174,4.7638250990703605e-07,6.597346346654636e-05,0.0005528801948899614
2048018,1,0,implicit_mmr,explicit_mmr,0.9321884791732237,0.06287469907049145,0.0011406275527726152,1.8898253889867257e-05,0.0003333113661130823,0.003443984583509229
2048833,1,1,implicit_mmr,implicit_mmr,0.0576221206994638,0.4315086656772954,0.4246122131643191,0.020525054317329296,0.05975326804624346,0.005978678095349065
2048852,1,1,implicit_mmr,implicit_mmr,0.041434835414134376,0.6403767093630329,0.23135553543072315,0.06210740419893963,0.017719908248181735,0.007005607344988161
2048987,0,0,explicit_mmr,explicit_mmr,0.6640881726592057,0.31116489889650617,0.006045991320045399,0.0005815224424464191,0.006282120137495213,0.011837294544301083
2049044,2,3,multi_method_not_mmr,no_method_signal,0.0039011921754650396,0.010032474000045605,0.1503295360773285,0.5304288005055738,0.046790317475588414,0.25851767976599865
2049974,4,4,qual_only,qual_only,0.1615641687528384,0.022003224243295476,0.07497705815960277,0.048980288071026626,0.5234644526785517,0.16901080809468502
2050443,4,0,qual_only,explicit_mmr,0.464094321337417,0.003957759348095268,0.30033903422476355,0.011089855897743962,0.1577420063991597,0.06277702279282041
2050542,2,1,multi_method_not_mmr,implicit_mmr,0.21250654857889464,0.4298297027911868,0.16696673645345253,0.019257674876622204,0.01992024862080577,0.15151908867903816
2050619,1,0,implicit_mmr,explicit_mmr,0.9786271092894697,0.005600959995216528,0.0020758996368386365,6.70801039389885e-05,0.0003131605537243904,0.0133157904208118
2050669,2,5,multi_method_not_mmr,quant_only,0.16782503376922278,0.1286409193300564,0.052511492904193754,0.20123854224707796,0.0016735809103961112,0.448110430839053
2050699,3,5,no_method_signal,quant_only,0.009955870538047298,0.0326631685881076,0.03207203084290497,0.05331832755478918,0.03852461731427945,0.8334659851618715
2050899,3,0,no_method_signal,explicit_mmr,0.4977241870865305,0.035246842984122485,0.1608925998814687,0.038886460013431566,0.22239645869783142,0.04485345133661526
2050956,2,2,multi_method_not_mmr,multi_method_not_mmr,0.03390322578962218,0.010627323151606659,0.44855896790938476,0.30307300676060545,0.01793116403425691,0.18590631235452393
2051156,3,0,no_method_signal,explicit_mmr,0.5388774399718227,0.02887952320853432,0.1389606841751566,0.04694235002104689,0.13599229088178447,0.11034771174165503
2052788,3,3,no_method_signal,no_method_signal,0.02834946783356207,0.00019138014367595354,0.034752255036644204,0.49094460264579437,0.014649003658045123,0.43111329068227844
2054823,0,0,explicit_mmr,explicit_mmr,0.9540962378281058,0.038830957444676344,0.001872723334300717,3.160718051096231e-06,0.00036641318953481135,0.00483050748533107
2055250,3,5,no_method_signal,quant_only,0.036984038751106146,0.2975510735906133,0.018285632383609477,0.14979072438829372,0.014951725030779114,0.48243680585559817
2055288,0,1,explicit_mmr,implicit_mmr,0.028251127773189437,0.7349602715788124,0.012836412801868948,0.07684452180087308,0.0010072359458183045,0.14610043009943774
2055343,5,0,quant_only,explicit_mmr,0.9029746828980053,0.09335968500951522,0.0010164005577957254,2.007250949921196e-07,0.0012643194273267426,0.001384711382261836
2055375,1,0,implicit_mmr,explicit_mmr,0.8460420329914735,0.1407038247476338,0.002432530080189043,1.204965641628934e-05,0.001372383749617403,0.009437178774669803
2055379,2,0,multi_method_not_mmr,explicit_mmr,0.7004606891055204,0.22408783527141643,0.014747682138879047,0.0013741323029529736,0.0038346518429119222,0.055495009338319135
2055534,2,0,multi_method_not_mmr,explicit_mmr,0.5081413921910903,0.43541760999622925,0.020886410064097114,0.002868004292258122,0.002083541262829744,0.030603042193495585
2055550,0,0,explicit_mmr,explicit_mmr,0.5809359447315939,0.2834451406908709,0.0033077174788643383,4.7359497819751105e-05,8.759791510724228e-05,0.1321762396857439
2055597,0,0,explicit_mmr,explicit_mmr,0.4170426523220325,0.31936133158904295,0.21495685336814985,1.8231079106164584e-05,0.036095071352968,0.012525860288700468
2055609,0,2,explicit_mmr,multi_method_not_mmr,0.32317280855021885,0.196528821174661,0.44013322940264815,0.0002532917970297072,0.028561654322608345,0.011350194752833812
2055705,1,3,implicit_mmr,no_method_signal,0.12537316717210562,0.07879295311707539,0.1365938722977387,0.38032685327942095,0.02961675615294455,0.2492963979807149
2100017,0,1,explicit_mmr,implicit_mmr,0.43935604223190194,0.4693435422922101,0.06354842328492856,0.00017807242885450368,0.0037182358769700685,0.02385568388513495
2100029,0,0,explicit_mmr,explicit_mmr,0.7917223429463386,0.17849757234035513,0.017922020066360383,0.00010283883206525072,0.004683945282053696,0.007071280532827033
2100062,0,0,explicit_mmr,explicit_mmr,0.747239629141473,0.02514433108030568,0.04339575698405659,0.005032928401266991,0.04090283492499076,0.13828451946790687
2100081,1,5,implicit_mmr,quant_only,0.2859221185916636,0.16373071823106627,0.06295785681751943,0.0003556759867030884,0.01582569182036073,0.4712079385526868
2100137,2,1,multi_method_not_mmr,implicit_mmr,0.21605905334510916,0.5219563333174286,0.06235080202406592,4.5242058722143784e-05,0.049000620753055224,0.15058794850161897
2100138,2,0,multi_method_not_mmr,explicit_mmr,0.4740782206378902,0.20479736083871003,0.17253805550112597,8.510898665323754e-05,0.09110350721739734,0.05739774681822338
2100139,0,1,explicit_mmr,implicit_mmr,0.18444508916554708,0.725133529451966,0.050214582574441086,4.193890274698033e-05,0.003913414980146425,0.0362514449251525
2100149,4,3,qual_only,no_method_signal,0.01600959590081382,0.02805612298625322,0.024516531481493194,0.6006374162846588,0.006549377329980392,0.32423095601680046
2100242,4,0,qual_only,explicit_mmr,0.9575804603260458,0.03711643189713182,0.0038338342880893,4.851107658979306e-07,0.0011058772283408058,0.00036291114962624753
2100296,0,0,explicit_mmr,explicit_mmr,0.8707794539949472,0.08930665917237182,0.000614471353956723,3.2540827253374073e-06,7.027861524141224e-05,0.03922588278075765
2100617,1,1,implicit_mmr,implicit_mmr,0.3084258205550908,0.40589622832043715,0.18608013695605657,1.4129736499885501e-05,0.044595122407422354,0.0549885620244932
2100823,5,2,quant_only,multi_method_not_mmr,0.15454423124469918,0.0588926582677113,0.6525120496349995,0.04451242972981704,0.06204295358999765,0.02749567753277534
2100835,0,0,explicit_mmr,explicit_mmr,0.6449621454298752,0.31306344536007524,0.004896326086783226,2.7555476424599458e-05,0.0004035199202568138,0.03664700772658487
2101138,2,5,multi_method_not_mmr,quant_only,0.003974699700516321,0.00522916814693504,0.10008988330773753,0.04793529260343931,0.04122621331411047,0.8015447429272614
2101217,4,0,qual_only,explicit_mmr,0.8914450708439027,0.007583217211838146,0.030807914124611004,0.0025709070222329823,0.056669686749239556,0.01092320404817553
2101255,2,0,multi_method_not_mmr,explicit_mmr,0.7945378008370488,0.1985883180727276,0.0013189413166913818,1.3294447906770496e-05,0.0004748017795246778,0.005066843546100702
2101669,2,1,multi_method_not_mmr,implicit_mmr,0.04998447257908949,0.688479094660142,0.04973031328126451,0.00042959230609224,0.0005374107810693865,0.21083911639234237
2101670,2,5,multi_method_not_mmr,quant_only,0.2857675484671456,0.2516712670552906,0.0869549503132752,0.0026494025521795026,0.01538989999785978,0.3575669316142494
2104782,0,0,explicit_mmr,explicit_mmr,0.9951790011927272,0.004174498074271216,0.0003799889330491467,6.498156885853582e-07,4.64099869397464e-05,0.000219451997324044
2104792,0,0,explicit_mmr,explicit_mmr,0.9783079420035335,0.012866610143764955,0.0020846927452896702,8.4741365190489e-06,0.0010041928743650922,0.005728088096527417
2104979,0,0,explicit_mmr,explicit_mmr,0.9758467799708226,0.015186994614374606,0.005300655957562263,1.2038312486099566e-05,0.001227060701633483,0.0024264704431211015
2105156,0,0,explicit_mmr,explicit_mmr,0.9488563934143419,0.025423867405916446,0.014933321636953848,7.871331861941277e-07,0.005737336304836462,0.0050482941047650595
2105695,1,1,implicit_mmr,implicit_mmr,0.05359593494002527,0.7596336024079038,0.10056480713032313,7.286813555605382e-05,0.013447467651737906,0.07268531973445379
2106319,0,4,explicit_mmr,qual_only,0.23371993667378807,0.0028638725481674,0.1305613502289067,0.008813693670076301,0.6109995895728628,0.013041557306198765
2106670,0,0,explicit_mmr,explicit_mmr,0.9584641141570995,0.030482491521287656,0.000349783083113277,1.0835496577284897e-06,0.0002030645898887556,0.010499463098953119
2107631,0,0,explicit_mmr,explicit_mmr,0.9657086026826962,0.005568384861928736,0.012114102706187376,6.306888296022211e-05,0.00041621808869405817,0.01612962277753355
2109443,1,1,implicit_mmr,implicit_mmr,0.16328995846591643,0.5860556959509146,0.06766822408270558,0.00823150690466962,0.005203213753971773,0.16955140084182208
2109942,5,0,quant_only,explicit_mmr,0.6372272420978476,0.08367661997473295,0.08601997680509166,0.0019838136004683244,0.038199651929443974,0.15289269559241528
2110641,1,0,implicit_mmr,explicit_mmr,0.8748474975579945,0.05052788357313031,0.005388021759061092,2.5793883623783957e-05,0.0003686881920165608,0.0688421150341739
2110777,0,0,explicit_mmr,explicit_mmr,0.7609374617578415,0.06831307515046335,0.028275108876831684,0.006945438941431754,0.06108357605400995,0.07444533921942191
2111119,1,0,implicit_mmr,explicit_mmr,0.6603635736219869,0.1251079004530208,0.18911297681652006,0.0001915472694677132,0.013147417038714573,0.012076584800289974
2111150,0,0,explicit_mmr,explicit_mmr,0.739277781378388,0.18409502822905377,0.017379877237557035,0.0005660087565690658,0.000873627973248256,0.05780767642518398
2111262,1,0,implicit_mmr,explicit_mmr,0.8297629038129709,0.03995220090470753,0.11677331272073052,0.0007467116241675511,0.0007615565504988279,0.012003314386924816
2111331,1,1,implicit_mmr,implicit_mmr,0.27872904881114885,0.532598126104579,0.0043908670020090974,5.716092226290437e-06,0.000123833899345249,0.1841524080906915
2111377,0,0,explicit_mmr,explicit_mmr,0.9453811795383469,0.03640388408890188,0.011498622662814775,8.19894691724478e-05,0.0014898327440157964,0.0051444914967482425
2111386,0,0,explicit_mmr,explicit_mmr,0.9123937058432448,0.04272698063624248,0.02148226993597498,0.0003849178235586688,0.00864744526524567,0.014364680495733357
2111510,0,0,explicit_mmr,explicit_mmr,0.9812519151527174,0.004953318969710639,0.005684264624165113,0.0001227495499768429,0.003510284070073539,0.004477467633356421
2111533,1,0,implicit_mmr,explicit_mmr,0.8557163496998551,0.0672976000919513,0.0024580225866102103,1.333042119368722e-05,0.00017957212623757665,0.07433512507415221
2112532,0,2,explicit_mmr,multi_method_not_mmr,0.25594823952755197,0.01888872629532618,0.39103729758853334,0.049820709160896294,0.16629058015139148,0.11801444727630073
2112689,0,0,explicit_mmr,explicit_mmr,0.8811477971936408,0.076241824201301,0.019588647732293393,0.00013204190310178281,0.007048682594147004,0.01584100637551601
2113261,2,3,multi_method_not_mmr,no_method_signal,0.03453918500112366,0.06786297179031535,0.008325275455305186,0.5800606176481027,0.0044702286198121605,0.30474172148534096
2113755,1,4,implicit_mmr,qual_only,0.07750781532786523,0.25530499639624754,0.031867037981566954,0.0006045193522288094,0.6333280753952713,0.0013875555468202579
2113844,1,0,implicit_mmr,explicit_mmr,0.772841290002693,0.07721506316769547,0.10129393009638193,2.7114509611048352e-05,0.03448956534210243,0.014133036881516021
2113845,1,0,implicit_mmr,explicit_mmr,0.7953919721614164,0.06079675025190604,0.09161392072603979,8.067911792573326e-06,0.040888249156287554,0.011301039792557822
2113846,1,0,implicit_mmr,explicit_mmr,0.5168861892790766,0.1180595276603012,0.2071748819375548,5.0321310384629085e-05,0.1406675145470737,0.017161565265608893
2114824,4,5,qual_only,quant_only,0.007043910804540298,0.06147933477311356,0.10970930666166502,0.1055189399758368,0.012395373977645008,0.7038531338071994
2115138,0,0,explicit_mmr,explicit_mmr,0.9577818546457011,0.03569063534931329,0.003476054923250469,2.944049275494693e-05,0.0005794325351240038,0.0024425820538561964
2115160,1,0,implicit_mmr,explicit_mmr,0.44158469266764366,0.18959255843460357,0.21408099594035512,0.022201298243215446,0.0032552492515391753,0.1292852054626431
2115579,0,1,explicit_mmr,implicit_mmr,0.1559037275620194,0.7268720473499031,0.05604292699911768,0.04229726600225819,0.0038142431932738923,0.015069788893427818
2115730,0,1,explicit_mmr,implicit_mmr,0.24222799382609103,0.2795433437318699,0.09576703006942133,0.25341058252587895,0.00887650044828199,0.1201745493984568
2115921,1,0,implicit_mmr,explicit_mmr,0.7590282373586299,0.10822534623342771,0.09563334379392316,0.014238198276381942,0.017293541625861917,0.005581332711775294
2116110,0,0,explicit_mmr,explicit_mmr,0.4928701874990083,0.40024035618343906,0.08369805479982065,0.0014395492616297288,0.01963372070984654,0.0021181315462557907
2116118,0,1,explicit_mmr,implicit_mmr,0.4424287279079896,0.5012148595372538,0.024702916462343613,0.014939764377533492,0.00039584773202893194,0.016317883982850653
2117224,0,0,explicit_mmr,explicit_mmr,0.6744210312177668,0.05623669792095355,0.15137110833645104,4.667509335169147e-05,0.11402592805369592,0.0038985593777810697
2118077,0,0,explicit_mmr,explicit_mmr,0.7560881604309464,0.025263456514468163,0.13964762549315504,3.7270216164900454e-05,0.07679643223108452,0.0021670551141808516
2119007,2,2,multi_method_not_mmr,multi_method_not_mmr,0.04519701657890167,0.2689122127455716,0.3669861271998781,0.004512953234122137,0.06826573469466257,0.24612595554686392
2120021,0,0,explicit_mmr,explicit_mmr,0.9506794886461325,0.004015561923354001,0.023701073727905905,0.002020705184766996,0.003169140439225145,0.016414030078615676
2120742,0,0,explicit_mmr,explicit_mmr,0.819778633322412,0.08317173776044522,0.04238082301570022,9.005296638760232e-05,0.041619247084715344,0.012959505850339822
2120849,0,0,explicit_mmr,explicit_mmr,0.7145901498139607,0.05417554552799588,0.18780024944240076,0.000561804491521674,0.01661066714718686,0.026261583576934044
2121277,0,0,explicit_mmr,explicit_mmr,0.7019113965576615,0.07179347063392753,0.06975255825309495,0.015017161728620136,0.05923711065680634,0.08228830216988944
2121342,0,5,explicit_mmr,quant_only,0.07144674112489473,0.024413915454327664,0.04162327971037411,0.04636224968730635,0.06347736228243114,0.752676451740666
2121351,0,0,explicit_mmr,explicit_mmr,0.30168987797233343,0.13955548363499118,0.15267370099256794,0.0008865562133756351,0.2951207703841477,0.11007361080258417
2121417,0,5,explicit_mmr,quant_only,0.28263808755401554,0.03418653605973032,0.034723295460195064,0.12359848802862808,0.013581118502819785,0.5112724743946112
2121503,0,5,explicit_mmr,quant_only,0.12518442772805677,0.20251790171785233,0.14901928690427008,0.0389284687285616,0.03059900383874651,0.45375091108251264
2122212,2,0,multi_method_not_mmr,explicit_mmr,0.9278234589152854,0.01747439320526896,0.0012245041887561639,0.0003149497077601439,0.0003199609099435464,0.05284273307298566
2122213,2,0,multi_method_not_mmr,explicit_mmr,0.6182794927334826,0.0788485977749267,0.008171780588902599,0.00035559894234701503,0.0010459300457856954,0.2932985999145555
2122367,0,0,explicit_mmr,explicit_mmr,0.6984656013558109,0.05760889019094911,0.17333430536253247,0.01145547814477485,0.02849072850155269,0.030644996444379975
2122665,0,2,explicit_mmr,multi_method_not_mmr,0.051619007075610346,0.33419127054418757,0.4891094680841184,0.05414697992419556,0.03794458737055175,0.032988687001336364
2122828,0,1,explicit_mmr,implicit_mmr,0.3586212765588347,0.6271932145857383,0.004990245179675041,0.0011820957222830203,0.00026344507986593977,0.007749722873603036
2122874,0,0,explicit_mmr,explicit_mmr,0.9534904857400659,0.0025146763882293996,0.01514909626070769,0.0005230600023952804,0.016721405926219398,0.011601275682382188
2122875,0,0,explicit_mmr,explicit_mmr,0.8779925090446762,0.049671597473297587,0.04517455589654089,0.005227792025984818,0.006670012441940662,0.015263533117559753
2122924,0,0,explicit_mmr,explicit_mmr,0.5361704039383991,0.4194734293279083,0.018839570038877065,0.0005232664582868682,0.01641812946409013,0.008575200772438644
2122934,4,0,qual_only,explicit_mmr,0.8363926835038125,0.11495340308104664,0.0026513265832959357,0.002649315921814481,0.0003409090511525611,0.04301236185887785
2122985,5,2,quant_only,multi_method_not_mmr,0.08841540815555506,0.0020504907539585365,0.5874659883562868,0.11262901941674497,0.06753432351239906,0.1419047698050556
2124215,5,2,quant_only,multi_method_not_mmr,0.05823262105540456,0.11078611448938165,0.3051518818635944,0.17562846733755885,0.07365430345832445,0.27654661179573614
2125362,2,5,multi_method_not_mmr,quant_only,0.04319836678791182,0.11044748756490758,0.02991569239692182,0.11961274472704064,0.0379629056114374,0.6588628029117807
2126021,0,0,explicit_mmr,explicit_mmr,0.9099290514504506,0.03560537457551134,0.002324507725329859,0.00010389451609874067,0.0001978398204747659,0.05183933191213473
2126023,0,0,explicit_mmr,explicit_mmr,0.5165702731203489,0.4340139394806635,0.020957430914648703,0.00014470271390760726,0.021562948255742398,0.006750705514688992
2126031,1,0,implicit_mmr,explicit_mmr,0.9678412025630379,0.02016648785222497,0.0019975046243114543,7.607988022671412e-06,0.0028024248081239193,0.0071847721642788985
2126056,0,0,explicit_mmr,explicit_mmr,0.9077367007844503,0.026954984174913314,0.0037962109960129765,0.00043550938196823785,0.004606733704366933,0.056469860958288286
2126082,5,0,quant_only,explicit_mmr,0.6172360306329228,0.03590301984513712,0.024048702987238324,0.0086332813619341,0.035693485620382055,0.27848547955238573
2126613,4,4,qual_only,qual_only,0.15014438074519415,0.11422649949865775,0.28175711452627084,0.00014138387899268335,0.43710846850371626,0.01662215284716833
2128203,1,0,implicit_mmr,explicit_mmr,0.4863929083011431,0.36459528467724395,0.003266690307455893,0.0022510946818561817,0.0010613137811336377,0.14243270825116708
2128544,1,1,implicit_mmr,implicit_mmr,0.3512936057859496,0.6311181359062509,0.0073839262182452195,0.00011782761113041221,0.006671891942348548,0.0034146125360754237
2128559,1,1,implicit_mmr,implicit_mmr,0.3370427365387842,0.6337524104318969,0.016027308429914726,0.000288374462773739,0.008142584075621797,0.004746586061008661
2128897,0,5,explicit_mmr,quant_only,0.33750336341929627,0.007839964446839454,0.008395364907285032,0.002057268101843074,0.02101935676978598,0.6231846823549501
2129282,0,0,explicit_mmr,explicit_mmr,0.8927985940539118,0.016754709358125675,0.02630764275833808,0.00013969202522317787,0.06298883603379232,0.0010105257706090678
2129308,0,0,explicit_mmr,explicit_mmr,0.43683498578031,0.06548268701049355,0.12215414101997078,0.0005520427209446995,0.3655613124098304,0.009414831058450488
2129896,0,5,explicit_mmr,quant_only,0.233013100225858,0.11329478411124982,0.01577012196191481,0.002566512766665609,0.0035314119405259305,0.6318240689937858
2130006,4,0,qual_only,explicit_mmr,0.5454903654285084,0.04978649809540252,0.0115586476711704,0.002579926451667222,0.0006208205308744089,0.38996374182237714
2130022,0,0,explicit_mmr,explicit_mmr,0.47282165943077015,0.27593752909727765,0.0023169575010474194,0.0001210146739612808,0.0005775775387949387,0.24822526175814869
2130073,0,5,explicit_mmr,quant_only,0.12944070176656877,0.06920997905776662,0.012951894284724595,0.024257298983657485,0.0001228309851829682,0.7640172949220996
2130169,0,5,explicit_mmr,quant_only,0.33783201958600234,0.18643410494438048,0.0035348253878480533,0.0015549543706904546,0.010655855810479864,0.45998823990059884
2130222,0,1,explicit_mmr,implicit_mmr,0.05122148767830074,0.5026579899446201,0.008897711676102272,0.04706263627857374,0.0012043056578532562,0.3889558687645499
2130239,0,5,explicit_mmr,quant_only,0.1839762910625112,0.01330091640777227,0.01861418022595695,0.01818317595673929,0.011044114423792021,0.7548813219232282
2130255,0,1,explicit_mmr,implicit_mmr,0.0368154746805497,0.507327104041502,0.014021735149252023,0.09948285766732602,0.0003529377332090037,0.3419998907281612
2130256,0,1,explicit_mmr,implicit_mmr,0.243249002507816,0.6692136425988775,0.02105587269018744,0.002440642165455314,0.00012104197424334647,0.06391979806342048
2130286,0,5,explicit_mmr,quant_only,0.18710486287608313,0.3183658972834644,0.003623216329224502,0.035794302174997274,0.000585178472568071,0.4545265428636626
2130290,0,0,explicit_mmr,explicit_mmr,0.977375779957848,0.009315262811455234,0.0025883494747333652,8.817519108366883e-05,0.00036604556672680894,0.010266386998152978
2130298,0,0,explicit_mmr,explicit_mmr,0.9793746516538686,0.0050248431631152715,0.007977119479020167,7.776443236347933e-05,0.0005534329642192268,0.006992188307413566
2130323,0,5,explicit_mmr,quant_only,0.04508652633710722,0.34312021219212696,0.004299017116399914,0.09734349896708884,0.0005387708485026148,0.5096119745387745
2130397,1,5,implicit_mmr,quant_only,0.07310016285331712,0.041082424275820414,0.004021793160109249,0.001556832340778269,0.0016333857373157532,0.8786054016326592
2130398,0,0,explicit_mmr,explicit_mmr,0.9504976114535881,0.024068699725762723,0.005179513694112807,0.00011461246390229405,0.0007945769617619803,0.019344985700872012
2130448,0,5,explicit_mmr,quant_only,0.1490194610927567,0.3387284540907359,0.010463632691641847,0.004585201514819472,0.0020663764003714595,0.49513687420967456
2130461,0,5,explicit_mmr,quant_only,0.08203050479017207,0.16436059420835644,0.008505848176226849,0.017642379000109776,0.0010043060196446485,0.7264563678054902
2130479,5,5,quant_only,quant_only,0.3014621153949195,0.06382623873592164,0.005079950376972294,0.014974195983612493,0.0004785570744287337,0.6141789424341454
2131097,1,0,implicit_mmr,explicit_mmr,0.6980059128751175,0.21759339029784538,0.052123111324383783,0.0012101421889067815,0.01865469535169534,0.012412747962050948
2133190,4,5,qual_only,quant_only,0.24642374080032176,0.14986154917161226,0.06611015163048593,0.01545557574976804,0.13334617647803926,0.38880280616977286
2133982,0,0,explicit_mmr,explicit_mmr,0.5867776595676327,0.30831101872531624,0.04075152451792918,0.0006224418188963537,0.0076037020534621925,0.05593365331676351
2134583,0,0,explicit_mmr,explicit_mmr,0.6900137214809537,0.04574057732360933,0.006324277405183665,0.0012724036852300143,0.009808369832644258,0.24684065027237886
2135431,0,0,explicit_mmr,explicit_mmr,0.8726323495000543,0.048706720889781445,0.054277766784009286,0.00011007773198291041,0.0007565741774414323,0.023516510916730852
2135438,0,0,explicit_mmr,explicit_mmr,0.6437383953653573,0.1861589234928296,0.14311943211684053,0.0001483414383419603,0.000847397798639276,0.025987509787991518
2136382,4,2,qual_only,multi_method_not_mmr,0.2061685333026441,0.10462176933216455,0.39138939929565575,0.023984080001524393,0.1495368041729538,0.1242994138950574
2138463,0,5,explicit_mmr,quant_only,0.02756709593315002,0.0018172056617951173,0.0029620409601866784,0.005321644519241928,0.03552938026260515,0.926802632663021
2139106,0,0,explicit_mmr,explicit_mmr,0.6128334481381829,0.04211186346179022,0.07346660044032373,0.04879784168395677,0.03418056429156373,0.1886096819841826
2140246,0,0,explicit_mmr,explicit_mmr,0.9942836256711199,0.004860868413064811,0.0005587770904264004,2.248183286029986e-06,1.5258021809996141e-05,0.0002792226202927565
2140262,0,0,explicit_mmr,explicit_mmr,0.8073043595384397,0.1409029568688685,0.02004784799675131,0.00027557036369647375,0.010071967415733454,0.021397297816510636
2140867,0,0,explicit_mmr,explicit_mmr,0.996605180772384,0.001685815206518286,0.0014419062797536792,7.344462016334447e-06,5.6024018514243115e-05,0.00020372926081329036
2140901,0,0,explicit_mmr,explicit_mmr,0.7810909665665955,0.20899517842112264,0.0003901799289275346,7.155384895232211e-05,0.00022748120363186584,0.009224640030769901
2140902,0,0,explicit_mmr,explicit_mmr,0.584871270094066,0.3971592042514388,0.001492328886627675,0.00013036860829917078,0.00017881755441030998,0.01616801060515785
2140903,0,0,explicit_mmr,explicit_mmr,0.6591262578521062,0.32894977036787426,0.0012946679675139945,0.00013753336396260632,0.0003231031364789691,0.01016866731206398
2140904,0,0,explicit_mmr,explicit_mmr,0.7423035149962024,0.23016994226481383,0.000814921644791107,0.0006187497037225035,0.00047487668747840466,0.025617994702991753
2140905,0,0,explicit_mmr,explicit_mmr,0.8360620352825079,0.1445704525925282,0.00052185458866424,0.00017204562144385556,5.7804565644967576e-05,0.01861580734921074
2141682,0,0,explicit_mmr,explicit_mmr,0.4639521739704137,0.10977751018019863,0.20305965328007688,0.016545979834816912,0.10885362348390198,0.09781105925059184
2141716,1,0,implicit_mmr,explicit_mmr,0.7816140259603294,0.09947295440101034,0.010387308908617903,0.017533855199313896,0.0037272218074173007,0.08726463372331135
2141724,1,0,implicit_mmr,explicit_mmr,0.8043287927113527,0.05120818685189264,0.01577693237026196,0.007608512536073178,0.007980869613665965,0.11309670591675337
2141727,1,0,implicit_mmr,explicit_mmr,0.9257070547638532,0.003100597844811726,0.010813829635251576,0.0011890339824630759,0.00855712866222764,0.05063235511139302
2141952,1,5,implicit_mmr,quant_only,0.23774075872024378,0.07818486528603928,0.05333403874635245,0.11625824282625455,0.096707773089422,0.41777432133168796
2141975,0,0,explicit_mmr,explicit_mmr,0.9778818701721144,0.005622171863229161,0.003024923533153515,0.0001564957500952006,0.0002354869726208888,0.013079051708786716
2142108,1,0,implicit_mmr,explicit_mmr,0.4301608305714534,0.10946392654219872,0.0210641254937867,0.004624713042886402,0.008999371217256046,0.42568703313241874
2142214,0,0,explicit_mmr,explicit_mmr,0.9870175596668371,0.003452565261864457,0.008703024401464591,1.7982061422949437e-06,0.0006317117572929553,0.00019334070639856366
2142262,1,0,implicit_mmr,explicit_mmr,0.378599615618525,0.2800517451750164,0.01171517805709008,0.0034416886895739457,0.010250992069726003,0.31594078039006857
2142276,0,0,explicit_mmr,explicit_mmr,0.9177768874798705,0.060433205455168816,0.0043926154121697964,3.7391187142697025e-05,8.061040685823681e-05,0.017279290058789875
2142277,1,0,implicit_mmr,explicit_mmr,0.5194299028922519,0.03688578883986055,0.013140788757154305,0.0010515516527001194,0.012893946990175237,0.41659802086785785
2142311,0,2,explicit_mmr,multi_method_not_mmr,0.3268890832558532,0.0838185148648359,0.33270713160800797,0.0006962741711823257,0.04968271339969246,0.20620628270042812
2142324,0,0,explicit_mmr,explicit_mmr,0.8802718014415969,0.05012537255784483,0.05210776161914065,8.052430569713498e-05,0.003228878173525112,0.01418566190219534
2142344,0,0,explicit_mmr,explicit_mmr,0.992505590043269,0.001444552083019613,0.005859587673322238,1.0313381677845037e-06,0.00015426862647421644,3.4970235747119985e-05
2142416,0,0,explicit_mmr,explicit_mmr,0.9938711257580126,0.003563455073740324,0.00031958447727649934,1.2885864772833218e-05,0.00015401796366451497,0.0020789308625330113
2142436,0,0,explicit_mmr,explicit_mmr,0.9757088305967563,0.014338817732788623,0.0013769482079755832,3.0189342422018693e-05,0.0004288062709599244,0.008116407849097841
2142439,1,0,implicit_mmr,explicit_mmr,0.8578892496716592,0.006667980850504054,0.00476652509127189,0.0793252700333442,0.00044470299888613857,0.05090627135433442
2142490,1,5,implicit_mmr,quant_only,0.3527458997315424,0.06104383296706451,0.05134939708431162,0.14782331452913688,0.0194210539618079,0.3676165017261366
2142503,1,5,implicit_mmr,quant_only,0.32503918991145453,0.10605090975239526,0.04059295826102247,0.15095881270983783,0.00639411799181674,0.37096401137347307
2142594,1,0,implicit_mmr,explicit_mmr,0.42139943707514815,0.04946495682596635,0.04572961063808836,0.15460021830901927,0.009362560611456933,0.3194432165403209
2142628,2,0,multi_method_not_mmr,explicit_mmr,0.763380591489566,0.026538718040490992,0.007514657864645483,0.008361791861644586,0.003082125838695727,0.1911221149049571
2142641,0,0,explicit_mmr,explicit_mmr,0.8360198569029991,0.07327977280769007,0.035345796142187365,0.0036313162723104835,0.01791738100908243,0.03380587686573073
2142659,4,1,qual_only,implicit_mmr,0.26289471340386233,0.40698598769841904,0.17152726877183821,0.0013428748907942443,0.08689720981621857,0.07035194541886744
2142697,0,0,explicit_mmr,explicit_mmr,0.8747614253335855,0.06871378510502336,0.0014818191703453907,1.4527515565767365e-05,0.00010484498624784195,0.054923597889232206
2142780,3,5,no_method_signal,quant_only,0.04042241496733458,0.022339429934255,0.005586416813542943,0.24461353428550786,0.007358977044984664,0.679679226954375
2142783,1,0,implicit_mmr,explicit_mmr,0.4606667680407217,0.1046634503633994,0.12371885575703788,0.07354430441456208,0.014166762607520722,0.22323985881675812
2143173,1,0,implicit_mmr,explicit_mmr,0.8290169087650071,0.08683969626367373,0.011637650448014927,9.229686368556075e-05,0.06896377823152755,0.0034496694280909644
2143671,0,0,explicit_mmr,explicit_mmr,0.7510053494950445,0.2090417657504834,0.011155015987904391,4.073277470153928e-05,0.001964443276667593,0.026792692715198494
2144618,0,0,explicit_mmr,explicit_mmr,0.6088295373734057,0.27416194932096916,0.09073327824017499,0.005364566178301206,0.009497649838178622,0.011413019048970241
2144698,4,0,qual_only,explicit_mmr,0.7676579276612371,0.009725230892544647,0.033501068824315576,3.4251838679133805e-06,0.18871347906293368,0.00039886837510127234
2145105,0,0,explicit_mmr,explicit_mmr,0.531374792664614,0.40563243268553406,0.005922346485934696,0.0037447041162455524,0.0007378336604568787,0.052587890387214994
2146269,2,3,multi_method_not_mmr,no_method_signal,0.029272454746759432,0.00461475723762159,0.002312474746809136,0.48668755039428135,0.003213562606362626,0.4738992002681659
2146359,3,5,no_method_signal,quant_only,0.012451862702779627,0.011357524301693622,0.0025394322445554617,0.3585810309216076,0.006792351944343556,0.6082777978850201
2147625,0,0,explicit_mmr,explicit_mmr,0.7845315162819826,0.04614718371577176,0.0638702309409482,0.007423286643760284,0.031529292644807014,0.06649848977273014
2147810,0,0,explicit_mmr,explicit_mmr,0.5116849142530249,0.03050199342224053,0.13790241178921261,0.004834581386815495,0.2839119562728136,0.031164142875892788
2147811,0,0,explicit_mmr,explicit_mmr,0.8496137566730715,0.012117119638778973,0.039898314987474266,0.0027305573195905396,0.053963085293055844,0.04167716608802896
2148014,1,0,implicit_mmr,explicit_mmr,0.6573467346069355,0.24459454279159096,0.03178861347850883,0.0037305898813801124,0.006054109140769096,0.05648541010081561
2148023,0,5,explicit_mmr,quant_only,0.0754013864116908,0.17540196870325514,0.11714642139428127,0.17750079463550597,0.06444828657044277,0.390101142284824
2148451,0,0,explicit_mmr,explicit_mmr,0.7814762704842467,0.07065735009946557,0.07979197797753165,0.00767243437916219,0.0173108250270648,0.043091142032529166
2148543,0,2,explicit_mmr,multi_method_not_mmr,0.21446940485462734,0.08245056650353573,0.6028882261170316,0.047352595318588715,0.04483934629095057,0.007999860915265918
2148560,0,1,explicit_mmr,implicit_mmr,0.09986761366037425,0.7587357396406922,0.02497930001267619,0.0027917368051773223,0.0019225040648156112,0.11170310581626446
2148561,0,1,explicit_mmr,implicit_mmr,0.06773822768190119,0.9003228080841198,0.020665245604853118,0.0008320064515217017,0.0005792172113967326,0.00986249496620764
2148680,0,0,explicit_mmr,explicit_mmr,0.5306141352792058,0.12017900816751614,0.27272941584663934,0.004365202520913282,0.06589285462882134,0.0062193835569041905
2148777,1,0,implicit_mmr,explicit_mmr,0.46532253030382625,0.029732303606044678,0.08343559967635553,0.07136878146929049,0.13782542518707044,0.21231535975741253
2149356,0,1,explicit_mmr,implicit_mmr,0.12653484909819884,0.6942523696927776,0.0485136917975935,0.026854100527556247,0.00570012580027996,0.0981448630835938
2149370,2,3,multi_method_not_mmr,no_method_signal,0.03292996491201867,0.07702396302870582,0.14546216030512021,0.3718916528427672,0.012137511078494683,0.36055474783289343
2150045,0,1,explicit_mmr,implicit_mmr,0.2662365703521341,0.46056184742972756,0.03546392620465272,0.015145860860988654,0.0025206485052273265,0.22007114664726962
2150088,2,5,multi_method_not_mmr,quant_only,0.02344297779677065,0.18764127272288159,0.10981882271647211,0.18614725266116516,0.017751780501314145,0.47519789360139625
2150297,4,5,qual_only,quant_only,0.161043643129157,0.21237224279677994,0.2504738005932959,0.02133835440642123,0.10053911061886073,0.2542328484554852
2150323,0,0,explicit_mmr,explicit_mmr,0.9287489693058301,0.0008611661336866999,0.020226568050833185,0.004382589816364866,0.02723877177922769,0.0185419349140578
2150337,2,2,multi_method_not_mmr,multi_method_not_mmr,0.0017553764627011993,0.005059141688892774,0.6724577594265291,0.12683698926823295,0.12235545179097303,0.07153528136267102
2150449,5,5,quant_only,quant_only,0.01238030772793929,0.2824562262400624,0.17941849793085818,0.1993805112426827,0.022263534083343896,0.30410092277511347
2150961,2,5,multi_method_not_mmr,quant_only,0.2749120157764134,0.17810731901108684,0.09570123252865968,0.07877196933906187,0.04300625507969831,0.3295012082650799
2151012,0,0,explicit_mmr,explicit_mmr,0.9027607113298741,0.03136282879484471,0.007989391023354837,0.00037160379037855446,0.0009072293336484912,0.05660823572789932
2151045,0,0,explicit_mmr,explicit_mmr,0.9824215359614982,0.0068940470318064745,0.005288342494999627,0.0003616068991044402,0.00018471238953633495,0.004849755223054805
2151046,4,5,qual_only,quant_only,0.2798234489732141,0.029608958190489736,0.18763523829123477,0.055697136210774746,0.016453465364598067,0.4307817529696886
2151056,0,0,explicit_mmr,explicit_mmr,0.9633542674711563,0.010327176883814215,0.012163546024273964,0.0002838698926146532,0.0007326977238153447,0.013138442004325592
2151057,0,0,explicit_mmr,explicit_mmr,0.9406000284260869,0.005832978550688515,0.017065102310252916,0.0006677070315626113,0.00310357341539823,0.03273061026601081
2151061,4,0,qual_only,explicit_mmr,0.6647706515766618,0.0007950840089848845,0.29617635413042637,0.014317847556368423,0.00472768773691954,0.019212374990639013
2151141,2,5,multi_method_not_mmr,quant_only,0.1477009525927579,0.10219142692554213,0.2730547086883908,0.030991654645288268,0.061782979736413675,0.3842782774116072
2151404,4,0,qual_only,explicit_mmr,0.7939261304143503,0.023390555072508045,0.0032653871383994558,0.00010854005006108265,0.17738979578403413,0.0019195915406468693
2152260,2,5,multi_method_not_mmr,quant_only,0.010047224352433024,0.1746725275625415,0.2894638551689608,0.14733381037609053,0.05980545060427001,0.31867713193570424
2152282,0,0,explicit_mmr,explicit_mmr,0.971285713965483,0.011797316965620764,0.008869360891615913,7.874735229301618e-05,0.0027559336391778976,0.005212927185809471
2152441,5,0,quant_only,explicit_mmr,0.9767367031206283,0.005942834075584498,0.007025004892671287,7.018675211509044e-06,0.008179951746781575,0.002108487489122869
2154606,5,5,quant_only,quant_only,0.10530417647923378,0.3193342419646372,0.05346704618652792,0.09949921807081441,0.036567173823901455,0.3858281434748853
2200365,3,2,no_method_signal,multi_method_not_mmr,0.00834449200176622,0.15043985912809335,0.4201376658713249,0.08909586897389124,0.0909789876925131,0.24100312633241106
2200748,1,1,implicit_mmr,implicit_mmr,0.37464194314257376,0.6081549366777124,0.011259556209136094,0.00032926198226710247,0.0013925782240536931,0.004221723764257101
2200781,5,5,quant_only,quant_only,0.04273393836196462,0.0440223302659345,0.013400287718477588,0.05891303583866399,0.10748482766627039,0.7334455801486889
2200815,0,0,explicit_mmr,explicit_mmr,0.6205595886981086,0.005958016643173797,0.3406164986396827,0.00020516901455064476,0.02929836582559634,0.0033623611788880224
2200830,0,0,explicit_mmr,explicit_mmr,0.5884074440623935,0.2558959942846146,0.12319193664233176,0.0006378077963429501,0.008231715311196208,0.02363510190312091
2200887,4,0,qual_only,explicit_mmr,0.9081603095788757,0.010545790160050616,0.025267532885956578,0.00014509420940789333,0.04738593848361491,0.008495334682094091
2200928,0,1,explicit_mmr,implicit_mmr,0.4162966085069798,0.4232830087192866,0.10343285633006634,0.000547836504136702,0.052136821357388376,0.004302868582142051
2201051,1,1,implicit_mmr,implicit_mmr,0.07763522060639723,0.870977258102062,0.0020467980714688272,1.841649606746691e-05,0.00040391328273657693,0.048918393441267846
2201545,0,0,explicit_mmr,explicit_mmr,0.6813589770347878,0.30297530083335766,0.012497908907385788,0.0007611491529600859,0.0006478542778529484,0.0017588097936557599
2201576,0,0,explicit_mmr,explicit_mmr,0.9065268163928053,0.0689913187237704,0.0025690943049509795,0.0009130646648054087,0.0006456288007546799,0.02035407711291332
2201641,4,0,qual_only,explicit_mmr,0.55930874237455,0.2390920806713439,0.05748561404265684,0.00034629375827632916,0.13843597525119491,0.005331293901977973
2201642,4,1,qual_only,implicit_mmr,0.29971814191664803,0.4118278695330167,0.15976629674106474,0.0003864647624260522,0.12498776334707035,0.0033134636997742086
2201700,0,0,explicit_mmr,explicit_mmr,0.952300010245222,0.04269855491684396,0.0026955031690714813,1.1695529172181714e-05,0.0003674909999407078,0.0019267451397497384
2201701,0,0,explicit_mmr,explicit_mmr,0.9681445959552104,0.026772833222095997,0.002590047883925684,2.8585387905229015e-06,0.001054669225402378,0.0014349951745750006
2201764,0,0,explicit_mmr,explicit_mmr,0.9046883722286343,0.014064908436855775,0.005233163634097639,5.717663213903649e-06,0.05773831012363187,0.018269527913566442
2201765,0,0,explicit_mmr,explicit_mmr,0.9462115090972704,0.007808922913878632,0.001229029110370045,3.186289572531236e-06,0.043086769708881305,0.001660582880026895
2201792,4,0,qual_only,explicit_mmr,0.920016618749909,0.03695344040386772,0.0012034793728931932,3.504914937525825e-05,0.0008788408380727121,0.0409125714858823
2201793,4,0,qual_only,explicit_mmr,0.8329260009317235,0.14680756079168153,0.002579243838138647,3.34628024712462e-05,0.00027697480102228163,0.017376756834962793
2201794,4,1,qual_only,implicit_mmr,0.3029034190615841,0.6512237102833928,0.002659374035977999,5.783111883027679e-06,0.00046182472468023753,0.04274588878248172
2201795,4,0,qual_only,explicit_mmr,0.8026818116989641,0.17943360614379344,0.0011185043601800123,2.262219609727149e-05,0.00022049186464981725,0.016522963736315198
2201858,4,0,qual_only,explicit_mmr,0.6942199803132478,0.06394708784549494,0.011458848003819003,0.00026635658908930873,0.013305172008031902,0.2168025552403169
2201859,4,0,qual_only,explicit_mmr,0.6777244937741439,0.14410558947534766,0.003237398485602136,5.2173376183345206e-05,0.0015178820101548961,0.17336246287856827
2201929,4,0,qual_only,explicit_mmr,0.9291326201739437,0.012823944949136079,0.025460393346021955,0.00166528795885779,0.0026365663294587584,0.028281187242581548
2201930,4,0,qual_only,explicit_mmr,0.8641208183472213,0.03952294456628329,0.0672721608647028,0.005241069550580244,0.0036618569057158524,0.02018114976549663
2201943,4,0,qual_only,explicit_mmr,0.6435746081660136,0.27417676929660184,0.02682237171741577,0.016445065792816804,0.0045572181738276546,0.03442396685332439
2201993,2,3,multi_method_not_mmr,no_method_signal,0.01207070071470586,0.007869705563856612,0.0018603893254491132,0.7540073054013995,0.00020871737811516694,0.22398318161647374
2202156,4,5,qual_only,quant_only,0.0800016990267543,0.05981681945336205,0.01330995606344449,0.2072657648065946,0.002527212478259461,0.637078548171585
2202169,0,0,explicit_mmr,explicit_mmr,0.9865846353882847,0.0011133112396952906,0.00012013273816512627,1.3853822003023626e-05,7.836453200786009e-05,0.012089702279844095
2203386,1,0,implicit_mmr,explicit_mmr,0.7098418041551616,0.23205888277340814,0.0020598395640628584,0.0011684110194069407,0.001977371895603049,0.052893690592357455
2204462,2,0,multi_method_not_mmr,explicit_mmr,0.8190095133468719,0.11251280669276542,0.005718628444627394,0.00038416857530860495,0.021026576865137887,0.041348306075288666
2204537,2,0,multi_method_not_mmr,explicit_mmr,0.7206491257043298,0.13072197791339663,0.016744581745622267,0.0049938040609890325,0.028029819485500537,0.09886069109016171
2205001,0,0,explicit_mmr,explicit_mmr,0.8505222700824181,0.02854391104652115,0.0219927167730312,0.00013546569653104056,0.06270793744317905,0.03609769895831939
2205612,5,5,quant_only,quant_only,0.21350098213100505,0.0232139441773761,0.0004080186653893056,0.00022378729235642477,6.425999817042972e-05,0.7625890077357027
2207219,1,5,implicit_mmr,quant_only,0.017291980805089993,0.010098820554139595,0.013042348700877804,0.06779539249544837,0.01590714969048608,0.8758643077539582
2207408,1,1,implicit_mmr,implicit_mmr,0.335639777723188,0.6037329865418635,0.03712036825558074,0.0002862195145926541,0.016709877895914892,0.006510770068860424
2207795,2,1,multi_method_not_mmr,implicit_mmr,0.21393586707859424,0.7064186479180792,0.01918993281983942,0.0010861587340529207,0.0025092792296803152,0.056860114219754
2211032,0,0,explicit_mmr,explicit_mmr,0.7675377955434585,0.0012154730278864177,0.0385048043800754,0.01026481626907158,0.1698984176779414,0.012578693101566637
2214418,5,0,quant_only,explicit_mmr,0.6602062673774985,0.044305764522697626,0.07842228864981783,0.005076813118078458,0.08918048762876656,0.12280837870314106
2214516,0,0,explicit_mmr,explicit_mmr,0.30937113592003834,0.2756803414484143,0.09264624574325149,0.21203609801495682,0.002332684413816166,0.1079334944595229
2214740,0,0,explicit_mmr,explicit_mmr,0.8369426475834,0.14826014155329623,0.007075675326459069,0.004629838914794817,0.0018840760661916816,0.001207620555858097
2215050,1,1,implicit_mmr,implicit_mmr,0.22128427317474367,0.6523862817511172,0.000924619748372466,2.3715739072642136e-05,0.00017941815755604808,0.12520169142913773
2215084,0,0,explicit_mmr,explicit_mmr,0.8897987990891995,0.020193529093487067,0.001318746239347469,0.0001003203985743754,0.0013907534096872785,0.08719785176970409
2215166,0,0,explicit_mmr,explicit_mmr,0.4284027516138873,0.30708091464675213,0.016002422633949576,0.0005547501582405534,0.034701429108238493,0.2132577318389319
2215167,0,2,explicit_mmr,multi_method_not_mmr,0.022380648658687243,0.050551450300004554,0.5158322273200924,0.07384340432651236,0.308733797781137,0.02865847161356647
2215592,2,2,multi_method_not_mmr,multi_method_not_mmr,0.24879435763832608,0.04763126362177555,0.6708474821197916,0.01684231471835687,0.013294532642636584,0.0025900492591134127
2215653,0,0,explicit_mmr,explicit_mmr,0.985097989857381,0.007466321702811047,0.0028725036662157334,0.0008632279754728021,0.0002882355402818605,0.0034117212578374375
2215654,0,0,explicit_mmr,explicit_mmr,0.9369817781318102,0.03813699760952646,0.01974270582331777,0.0009139557259289894,0.0004155425671535607,0.0038090201422632274
2215655,0,0,explicit_mmr,explicit_mmr,0.9023949382444664,0.07029672025245529,0.023509819181344104,0.0005216599741682969,0.00036092048438956994,0.002915941863176306
2215656,0,0,explicit_mmr,explicit_mmr,0.9294056001823873,0.027793574517892956,0.03582755731248025,0.0022546900741862936,0.001030533349029352,0.003688044564023606
2215970,0,0,explicit_mmr,explicit_mmr,0.3566853134751316,0.3006299868494092,0.00177989001493232,0.00010231463782362196,0.011253983437547585,0.32954851158515563
2216031,0,0,explicit_mmr,explicit_mmr,0.6701861780175306,0.11193604000242013,0.002020156034678822,5.045149771678249e-05,0.011984643396834457,0.2038225310508193
2216121,0,0,explicit_mmr,explicit_mmr,0.5285750063346683,0.1737859387213824,0.001849371745499144,0.0002051206948066133,0.013101786428037252,0.28248277607560635
2216351,0,0,explicit_mmr,explicit_mmr,0.4735077532812615,0.07197354140354197,0.2784463612362568,0.025870081104183894,0.00901932564806233,0.1411829373266935
2217640,2,0,multi_method_not_mmr,explicit_mmr,0.9669594203603282,0.005394311897905299,0.018536683925467208,0.00019383329610508197,0.003800045819440321,0.005115704700753682
2217718,1,5,implicit_mmr,quant_only,0.15514737510594212,0.16573523300454615,0.05246266101476828,0.24323332282056026,0.1387543192240331,0.24466708883014995
2217745,0,0,explicit_mmr,explicit_mmr,0.37585478516582077,0.22125450584177445,0.0440209221203985,0.038572738050223807,0.245586361331073,0.07471068749070955
2219012,1,0,implicit_mmr,explicit_mmr,0.6860759130931514,0.2488511634947268,0.013260270353216044,0.00028633343431410226,0.03334877368605263,0.01817754593853899
2219271,0,0,explicit_mmr,explicit_mmr,0.8190925051691801,0.12321942097490338,0.006439384856979109,8.137587551018616e-05,0.001448365830241757,0.04971894729318531
2219389,1,0,implicit_mmr,explicit_mmr,0.6114345983905113,0.35585104012220053,0.0038117547790337326,0.0005112111355356195,0.002317644769763271,0.02607375080295549
2219522,2,5,multi_method_not_mmr,quant_only,0.008459017904328939,0.0036653729837814114,0.03016025436486068,0.3819576244766643,0.039297560168539115,0.5364601701018256
2221149,0,1,explicit_mmr,implicit_mmr,0.10149924257983267,0.8755230781228681,0.003604227773679771,0.00021447020882101468,0.0004426661984391086,0.018716315116359173
2221153,0,0,explicit_mmr,explicit_mmr,0.7407984256277742,0.06070166027231306,0.14979433040497395,0.019920231939162782,0.0010727788521172812,0.027712572903658778
2221163,5,5,quant_only,quant_only,0.07934915108807779,0.1132873924899842,0.0008502304392769116,0.0031929884737869475,0.0001936750787575743,0.8031265624301166
2221177,0,5,explicit_mmr,quant_only,0.10226520142523197,0.016818533114752038,0.014849848839650364,0.015633236413257458,0.005105329034481782,0.8453278511726263
2221187,0,1,explicit_mmr,implicit_mmr,0.32833339281281665,0.4179960196263282,0.015896061379845106,0.0010692560750313119,0.0027485402927312766,0.23395672981324742
2221242,0,0,explicit_mmr,explicit_mmr,0.7834296038627571,0.008653143005250837,0.0035858122767460057,0.0036020605748448573,0.000943741751442413,0.19978563852895884
2221262,0,1,explicit_mmr,implicit_mmr,0.19681074192124715,0.4414628908024866,0.04429567326698981,0.008773181555703842,0.003480632909731211,0.3051768795438413
2221335,1,0,implicit_mmr,explicit_mmr,0.6133630736305348,0.2242736919356488,0.016288211572931286,0.001708643878718135,0.0051428541451677984,0.139223524836999
2221337,1,0,implicit_mmr,explicit_mmr,0.49767564361715055,0.13453201997788744,0.03829951510366215,0.005614166285289476,0.006693847476044563,0.3171848075399657
2221421,1,0,implicit_mmr,explicit_mmr,0.5981742661785951,0.16490684016862417,0.016528603149927767,0.00832811806855732,0.000968520773183086,0.21109365166111246
2221462,1,5,implicit_mmr,quant_only,0.20916425449709158,0.08984456875204355,0.001312080309174716,0.0061293061210446744,0.000303995297576481,0.6932457950230689
2221465,5,5,quant_only,quant_only,0.13104096801411233,0.31254880772669674,0.020982790873701886,0.01719721388734004,0.0005580714183277475,0.5176721480798213
2221538,1,0,implicit_mmr,explicit_mmr,0.5777226519365883,0.05254421182455564,0.004934379225122669,0.0038710625755398755,0.0009957967097286964,0.3599318977284648
2221574,0,0,explicit_mmr,explicit_mmr,0.48297186443133855,0.04541588806001738,0.021631045113677222,0.002712266187886407,0.0057748127942560965,0.4414941234128245
2221627,0,5,explicit_mmr,quant_only,0.11985565396705879,0.04273213216672033,0.0114174706534988,0.05048920002330967,0.0027496714679618303,0.7727558717214505
2221637,0,5,explicit_mmr,quant_only,0.3019633776817797,0.09712228691241562,0.07784739989745762,0.031080456782931556,0.032163151063234995,0.45982332766218037
2221696,2,5,multi_method_not_mmr,quant_only,0.29387459605713806,0.27032428364633254,0.024866569805554,0.013328016789491984,0.0010581217878228816,0.3965484119136605
2221912,0,1,explicit_mmr,implicit_mmr,0.3284820123939573,0.3660582585151774,0.025638434166493713,0.020577159785763254,0.039290053607464855,0.21995408153114343
2222278,0,0,explicit_mmr,explicit_mmr,0.896351425837764,0.060036411849543246,0.02640673669867169,0.0020273492738273483,0.0030469648949408936,0.012131111445253032
2222293,0,0,explicit_mmr,explicit_mmr,0.5180444911016988,0.228106498331053,0.08487584922453525,0.0003536717540618829,0.019409895685325942,0.14920959390332503
2223907,0,0,explicit_mmr,explicit_mmr,0.9770400157077938,0.02162719029839441,0.00028392817453511,4.59207891264092e-06,2.261280832462505e-05,0.0010216609320391808
2224674,0,0,explicit_mmr,explicit_mmr,0.8030715633862419,0.15835310992796867,0.017189203073648268,0.000662567196037032,0.006553357001983452,0.01417019941412064
2224675,0,1,explicit_mmr,implicit_mmr,0.43279340477709616,0.5344276041415571,0.011239404283791107,0.0006171480662651933,0.003052496892776375,0.017869941838514
2224857,0,4,explicit_mmr,qual_only,0.17954703232488728,0.09841681757228063,0.19300337934038786,0.009069524871847506,0.46929265726813957,0.05067058862245709
2225128,5,0,quant_only,explicit_mmr,0.48589804556513877,0.002381290305525893,0.004710899911416688,0.040017167091949905,0.006618604840804284,0.4603739922851644
2225209,2,0,multi_method_not_mmr,explicit_mmr,0.5400491221478709,0.20815005171916579,0.005109583089322731,8.582700543183843e-05,0.003192775640629946,0.2434126403975787
2225211,1,0,implicit_mmr,explicit_mmr,0.7947230975714537,0.11291893496237533,0.05866734104736625,0.0009105255753608938,0.012605880931126462,0.020174219912317454
2225255,1,0,implicit_mmr,explicit_mmr,0.8660723922964247,0.00495008776509139,0.10715064833765343,8.904776324715228e-05,0.002924882714510998,0.018812941123072347
2225306,1,0,implicit_mmr,explicit_mmr,0.8969820710413592,0.08127948593633091,0.009823576398692737,0.0003140620529112506,0.004270375043593109,0.007330429527112904
2225381,0,0,explicit_mmr,explicit_mmr,0.9525943112870706,0.02793786415560412,0.0076457645238697,6.074544296597468e-05,0.005305647937638739,0.006455666652850797
2228202,0,0,explicit_mmr,explicit_mmr,0.9903672548390801,0.00303766824582038,0.0011206180697421267,6.358799490768089e-06,7.43818634010323e-05,0.0053937181824657045
2228211,4,5,qual_only,quant_only,0.2737333097204223,0.021503672282390553,0.040413797899979814,0.07744772342634935,0.018188626845727,0.568712869825131
2234071,0,2,explicit_mmr,multi_method_not_mmr,0.43880907137990777,0.013588205479614502,0.5077679900733476,0.0004508669499347693,0.03801283169834388,0.0013710344188516798
2234073,0,0,explicit_mmr,explicit_mmr,0.5374807725600511,0.018294842222987745,0.393756718927647,0.001687076691509441,0.04719278412546733,0.001587805472337325
2234074,0,0,explicit_mmr,explicit_mmr,0.8406522619907177,0.009722683961067605,0.1312317315905182,0.00044358311122593086,0.01689947926176413,0.0010502600847064121
2234348,2,0,multi_method_not_mmr,explicit_mmr,0.8136512555641853,0.15466109611599402,0.013052158337583426,0.0021805914733732416,0.0005631513398347061,0.01589174716902925
2234633,0,0,explicit_mmr,explicit_mmr,0.9902804924531533,0.0033284744881569074,0.0006200085595124326,5.9466896266742934e-05,0.00016789636745320773,0.0055436612354571434
2235227,0,0,explicit_mmr,explicit_mmr,0.9927134106711617,0.0018415816693536612,0.0018218421204272265,7.613409217398406e-07,0.0017045833244883734,0.0019178208736473
2235241,1,0,implicit_mmr,explicit_mmr,0.9616581704813721,0.024214188211547152,0.007671690204623912,5.209728282031549e-06,0.00020243361216531713,0.006248307762009751
2235345,0,0,explicit_mmr,explicit_mmr,0.6672365035377367,0.06710021641113867,0.026062332379157192,0.0007909177991473693,0.22236661843258146,0.01644341144023862
2235460,1,0,implicit_mmr,explicit_mmr,0.9216650184988272,0.04059057131899677,0.02496295840446342,8.154097412004425e-05,0.00039571421832797823,0.012304196585264634
2235461,2,4,multi_method_not_mmr,qual_only,0.19838146861399514,0.05853466496961199,0.11122519746966458,0.08434853965072606,0.3604668716727905,0.1870432576232117
2235543,1,0,implicit_mmr,explicit_mmr,0.9702687305122633,0.014397100199527679,0.006634217975388207,3.9777084277573764e-06,0.0006438757954096804,0.008052097808983345
2235568,2,0,multi_method_not_mmr,explicit_mmr,0.5075256971676108,0.11140190783135104,0.15267512745340164,0.005924670228587771,0.007008109201157607,0.21546448811789118
2235600,3,5,no_method_signal,quant_only,0.1298423106857462,0.05755230803917361,0.17549603709896122,0.01792685973764846,0.004752473693967666,0.6144300107445029
2235774,5,0,quant_only,explicit_mmr,0.8381217601901727,0.11277286493574555,0.006763674508403533,0.00022649063869174363,0.001306314856281068,0.0408088948707054
2235833,0,0,explicit_mmr,explicit_mmr,0.9936916917316103,0.0013372237770628741,0.00019690977731335148,6.887264359154911e-05,0.00020732073334631766,0.004497981337075494
2235957,0,0,explicit_mmr,explicit_mmr,0.9817976634052343,0.003087028856723221,0.001196890915999758,0.00019891237188664502,0.0007142062574143392,0.013005298192741696
2236075,0,4,explicit_mmr,qual_only,0.14399398003218286,0.2648844813893412,0.04464007664268697,8.70662093915348e-05,0.5398161834886495,0.006578212237747973
2236107,0,0,explicit_mmr,explicit_mmr,0.8623640402332331,0.0013611327597975416,0.031316231075891765,0.0022154690563940906,0.018511205478588633,0.08423192139609484
2236402,0,0,explicit_mmr,explicit_mmr,0.7923158294436746,0.01951763915410194,0.021566704311019383,0.0009321408297343466,0.0047573742174889,0.16091031204398074
2236739,4,1,qual_only,implicit_mmr,0.20769239846635185,0.5964220920264293,0.11519813578992545,0.017105668090129117,0.03445600289765032,0.029125702729514213
2237053,0,5,explicit_mmr,quant_only,0.3352272315152293,0.2825105112978555,0.010623797355176157,0.0019319595437236451,0.008597007974055305,0.36110949231396006
2237151,4,1,qual_only,implicit_mmr,0.2431937374605957,0.2861824755325876,0.07534010580897996,0.1044294165693588,0.24585481766509756,0.04499944696338048
2237564,1,0,implicit_mmr,explicit_mmr,0.9604435915777928,0.025996849973544192,0.006985918094394294,5.050055034527986e-05,0.00327774642535817,0.0032453933785651498
2237902,4,1,qual_only,implicit_mmr,0.0359802485701857,0.8077183028800566,0.05698636275000728,0.00045956480674289035,0.014639319325975807,0.08421620166703175
2240951,1,0,implicit_mmr,explicit_mmr,0.9555054681072801,0.019586152682883738,0.0017372711516876558,9.556189763571027e-06,7.65668607708735e-05,0.0230849850076141
2241382,2,2,multi_method_not_mmr,multi_method_not_mmr,0.28846244468624593,0.01735555821078197,0.4166780932083412,0.04682611719725792,0.01941370921555818,0.21126407748181472
2241766,0,0,explicit_mmr,explicit_mmr,0.8490446303360148,0.0010658614520260444,0.1253809400246646,0.0067642135726587406,0.010030828123110135,0.007713526491525696
2243017,5,1,quant_only,implicit_mmr,0.1105901940828744,0.8408517596744429,0.003149753058140895,0.014941251523781469,0.00016922707971766903,0.030297814581042647
2243018,5,0,quant_only,explicit_mmr,0.6008772697226961,0.32010500726502195,0.0072248899264261545,0.009550765754769352,0.0011173291907914486,0.06112473814029514
2243019,5,1,quant_only,implicit_mmr,0.047125056186751134,0.8902301387077272,0.005778112634054327,0.022981512528606817,0.00027241467935988964,0.03361276526350091
2243020,5,1,quant_only,implicit_mmr,0.02155877496161159,0.9553464241990319,0.0017144005800047897,0.010850772276037337,4.65065033774937e-05,0.010483121479936793
2243021,5,1,quant_only,implicit_mmr,0.22018625672771913,0.740806356483631,0.00209863050909068,0.009188429067529447,9.200885265477634e-05,0.027628318359375164
2243106,5,1,quant_only,implicit_mmr,0.0011015045087459708,0.9941510273241306,0.0033040158799598077,0.0008584714450021829,0.0001240498560633346,0.00046093098609808195
2243107,5,1,quant_only,implicit_mmr,0.005436765844848136,0.964458278934498,0.008153733973273727,0.013918891541569717,0.000985986970548253,0.007046342735262164
2243108,5,1,quant_only,implicit_mmr,0.01236179214546698,0.971959056741425,0.004560212189126554,0.005352397179209617,0.00022869409303730837,0.005537847651734471
2243109,0,0,explicit_mmr,explicit_mmr,0.9220829329014071,0.07255304697491075,0.00035326984578891603,4.60795703894834e-05,0.000130584598404402,0.00483408610909948
2243288,0,0,explicit_mmr,explicit_mmr,0.9979463497680255,0.0007488232691720911,0.0002895062684624705,5.618376098015877e-07,2.8060215558011205e-05,0.000986698641172081
2243403,2,0,multi_method_not_mmr,explicit_mmr,0.366431617385808,0.009369846996128499,0.33641394990951434,0.04149924075190806,0.221170305315048,0.025115039641593107
2243443,0,5,explicit_mmr,quant_only,0.01546197243407453,0.19053688994158666,0.1682462900469042,0.1848777885012135,0.005095902727865636,0.4357811563483554
2243457,0,5,explicit_mmr,quant_only,0.05182174477597785,0.022150181279561965,0.01720477570681547,0.1725520885918084,0.0017644654188106643,0.7345067442270257
2243484,1,5,implicit_mmr,quant_only,0.18932674649875605,0.15402872127806078,0.035745881549164714,0.019801274816028468,0.004053307579767273,0.5970440682782229
2243510,4,0,qual_only,explicit_mmr,0.566701982580398,0.05783987651897042,0.2544402708092407,0.007494537799386519,0.01798631817594414,0.09553701411606026
2243553,2,5,multi_method_not_mmr,quant_only,0.12635306309200484,0.03379611211342137,0.03451983420123031,0.02104136723269161,0.007789410737437036,0.7765002126232148
2243558,2,2,multi_method_not_mmr,multi_method_not_mmr,0.011302389526612937,0.0312779315178483,0.5081827170972072,0.3620521877450824,0.017536368502895028,0.0696484056103542
2244031,5,3,quant_only,no_method_signal,0.003485641776690619,0.0034506866830708483,0.4362167410699831,0.45200653229338517,0.01566842739543829,0.0891719707814321
2244323,0,0,explicit_mmr,explicit_mmr,0.4979728466634942,0.05791165849348579,0.00865227482077148,0.0021018888233718387,0.007090161589655387,0.42627116960922123
2244342,5,1,quant_only,implicit_mmr,0.0491404014796208,0.4362635099502623,0.10864697130276024,0.002783540044621782,0.3470940247529737,0.05607155246976104
2244546,2,5,multi_method_not_mmr,quant_only,0.01420391189945892,0.08433120159457837,0.022821784319277127,0.37012037674595677,0.07277055131383044,0.43575217412689854
2246200,0,0,explicit_mmr,explicit_mmr,0.9500081560799957,0.011521045370990796,0.0014294852627652706,0.00026583150427846784,0.00010460270843351445,0.0366708790735365
2247026,3,5,no_method_signal,quant_only,0.042304775622143166,0.2172100576819255,0.0035999171782291287,0.05013583448086938,0.00010847107150099093,0.6866409439653318
2247282,5,0,quant_only,explicit_mmr,0.9594306394994092,0.0056248706225749,0.009843097612690881,0.0007315846485271107,0.0006208789348606007,0.023748928681937235
2247283,5,0,quant_only,explicit_mmr,0.8750534172686693,0.037459271437755404,0.05110577866911767,0.0005964363131229011,0.0005928753557526508,0.03519222095558223
2247790,0,0,explicit_mmr,explicit_mmr,0.352109844623038,0.1596735092089789,0.19004228918005037,0.011500663172960019,0.006804308932310443,0.27986938488266233
2247809,4,0,qual_only,explicit_mmr,0.7896034997218597,0.005241559209437792,0.19090042696149462,0.0007057567036632835,0.010896118174036198,0.0026526392295082506
2247976,0,0,explicit_mmr,explicit_mmr,0.6610699106867269,0.1220726023088132,0.022237946170478796,0.02753553162836201,0.0004228388481280954,0.166661170357491
2300233,0,0,explicit_mmr,explicit_mmr,0.536007794607133,0.06639474487541243,0.0109409650224433,0.0004728909604068152,0.054115232759397704,0.33206837177520676
2300291,0,0,explicit_mmr,explicit_mmr,0.746269573537027,0.19764656854680832,0.014369177830959428,7.193106085790654e-05,0.009665743222124908,0.03197700580222234
2300322,0,0,explicit_mmr,explicit_mmr,0.33114284482106837,0.19455739520721266,0.2052570586816402,0.006053019887921092,0.03772684862746729,0.22526283277469056
2300323,0,1,explicit_mmr,implicit_mmr,0.18446771326569614,0.5646736021161164,0.13195368418874368,0.008520628544981002,0.09958518950480273,0.010799182379660108
2300376,0,5,explicit_mmr,quant_only,0.4010415368124758,0.0666518510569448,0.03190141598483158,0.0002959860405226271,0.09375316522331469,0.40635604488191057
2300618,0,0,explicit_mmr,explicit_mmr,0.8683557545037057,0.032299244499171924,0.09514599009401954,0.000307368517597463,0.0030109005265798496,0.0008807418589256241
2300619,0,0,explicit_mmr,explicit_mmr,0.5303076653492231,0.13540764380864745,0.305094208518723,0.0027943157527155543,0.023705964305577917,0.00269020226511285
2300676,0,0,explicit_mmr,explicit_mmr,0.5296480401781398,0.017390886647139482,0.05988358763974894,0.00019312610367575533,0.36390749703539277,0.028976862395903285
2300709,0,0,explicit_mmr,explicit_mmr,0.7657174543887305,0.20304186037052208,0.00877150040824076,3.79825521124894e-06,0.0034703978509562864,0.018994988726339018
2300710,0,0,explicit_mmr,explicit_mmr,0.9665749179021016,0.0178469027109169,0.00847999161077616,4.387040097054972e-06,0.004731900150375192,0.0023619005857330073
2300725,0,0,explicit_mmr,explicit_mmr,0.8259741896403006,0.1545592282619633,0.013986985244881902,0.00017046660653975728,0.0007040192266341729,0.004605111019680535
2300744,5,3,quant_only,no_method_signal,0.07788097929093568,0.06449862286629249,0.017623112783171066,0.4672140373224779,0.011024599528635555,0.3617586482084872
2300747,1,0,implicit_mmr,explicit_mmr,0.9627392327137456,0.03445992248126653,0.0014036611400516344,1.391823379241061e-05,6.489813120103086e-05,0.0013183672999427425
2300927,0,0,explicit_mmr,explicit_mmr,0.9376120619874196,0.016148893755356365,0.011911202593562101,0.004198722110196138,0.02175902198247788,0.008370097570987705
2300977,0,0,explicit_mmr,explicit_mmr,0.854646069101822,0.07936009705438994,0.030095418236004444,2.3899106692565928e-05,0.03301432307489676,0.002860193426194204
2301049,0,0,explicit_mmr,explicit_mmr,0.8609776742967243,0.07454828790481635,0.05503172552309884,0.00010964222739373487,0.003910337838958547,0.00542233220900825
2302112,1,1,implicit_mmr,implicit_mmr,0.08968086218966946,0.37218193135824135,0.33543688592994164,0.013436978667252594,0.08279719998347708,0.10646614187141781
2306044,5,0,quant_only,explicit_mmr,0.3658158322233702,0.13894997810567275,0.09393267728935376,0.16741118194180227,0.08132577921071799,0.15256455122908305
2306052,0,4,explicit_mmr,qual_only,0.23907937757819755,0.06195844380112853,0.13096480166616342,0.0010910786053386998,0.5461128899600137,0.02079340838915811
2306053,0,0,explicit_mmr,explicit_mmr,0.4315625996965857,0.20640612860910418,0.1396480568470442,0.00033940537871927787,0.2012358289072433,0.020807980561303265
2306099,0,4,explicit_mmr,qual_only,0.08236576581895129,0.21903382257460008,0.11943733741279189,0.0005302235712655959,0.5756361341509262,0.0029967164714650523
2306262,0,0,explicit_mmr,explicit_mmr,0.8674282133704617,0.0931977301513262,0.014571703335281032,0.0008593182727303526,0.01913721940274901,0.0048058154674516795
2306263,0,0,explicit_mmr,explicit_mmr,0.7566941267447654,0.17191488130538754,0.021163776490946015,0.0024170651024413713,0.030360010622558536,0.017450139733900954
2306270,1,1,implicit_mmr,implicit_mmr,0.20882681114292728,0.4753771576002168,0.15151912769951226,0.0008139534959187232,0.11695908705967253,0.04650386300175251
2306271,1,4,implicit_mmr,qual_only,0.33144958335847713,0.002351387710545111,0.0061116278108664475,6.082493118562485e-05,0.6515194203073812,0.008507155881544319
2306658,0,0,explicit_mmr,explicit_mmr,0.509166736640247,0.004019864470700466,0.04249892496913287,0.02101690834576489,0.007765668084829556,0.415531897489325
2308501,0,0,explicit_mmr,explicit_mmr,0.6977491913870613,0.0011923751465691837,0.005893888284523983,0.007305785628656797,0.00039315461923681525,0.287465604933952
2311493,5,5,quant_only,quant_only,0.3067122876707304,0.056180110836654217,0.12644928847541143,0.04765422241767376,0.04110445507213328,0.42189963552739684
2313240,1,0,implicit_mmr,explicit_mmr,0.48712482702231086,0.0394955192761226,0.10615511573707216,0.004241609711407391,0.22668640479473143,0.13629652345835552
2313241,1,4,implicit_mmr,qual_only,0.2648578271105736,0.060810266894436395,0.121006034410565,0.003745974575684905,0.3447886951285239,0.2047912018802162
2313369,3,3,no_method_signal,no_method_signal,0.0050008839809147125,3.5388070240581466e-05,0.31233416072868136,0.5140665364592041,0.16446479023671823,0.004098240524241064
2313418,0,0,explicit_mmr,explicit_mmr,0.8628853027847557,0.04607715119661076,0.0424515640207739,0.00023708039824811453,0.042665860494838934,0.005683041104772566
2313440,1,0,implicit_mmr,explicit_mmr,0.4925413532935049,0.41613254233560626,0.031433263981000825,3.1502929640424796e-06,0.015075854936295551,0.04481383516062844
2313850,1,0,implicit_mmr,explicit_mmr,0.44167818537576914,0.24681688099264995,0.1042770975426317,0.10491128730953789,0.01695567486900033,0.085360873910411
2313972,1,0,implicit_mmr,explicit_mmr,0.9336716828343339,0.06076237710808257,0.0017157181183119895,6.422105439662994e-05,0.0006486678547174215,0.0031373330301575756
2313979,2,1,multi_method_not_mmr,implicit_mmr,0.36805144841972803,0.6161973831877359,0.008187502340033261,0.00033096867169163597,0.006498646148568337,0.0007340512322428962
2314075,1,0,implicit_mmr,explicit_mmr,0.9251439013508896,0.0625970253112521,0.004092268993719013,0.00017531368525432477,0.00022730606753152354,0.007764184591353342
2314089,0,0,explicit_mmr,explicit_mmr,0.7862823450019735,0.16827088823773326,0.03172329438688689,0.0054164985357859664,0.0009900914885018622,0.007316882349118588
2314107,0,2,explicit_mmr,multi_method_not_mmr,0.20094917665443338,0.19683010908347498,0.4542767871110804,0.000979925346400194,0.0996939316314265,0.04727007017318459
2314109,2,1,multi_method_not_mmr,implicit_mmr,0.2631634458052993,0.5532390129990646,0.08323075828651151,0.0047038960700950755,0.010527491998000557,0.08513539484102876
2314112,4,0,qual_only,explicit_mmr,0.679186074118974,0.005674538203935623,0.22029288552872126,0.022078827704894662,0.07089249308011812,0.0018751813633562753
2314144,1,0,implicit_mmr,explicit_mmr,0.6538779646332832,0.05386521433385082,0.18244307758714012,0.08801285760911362,0.011616379847252686,0.010184505989359622
2314238,1,0,implicit_mmr,explicit_mmr,0.96547508970999,0.025764512784849748,0.005612461045429405,4.038751821722312e-05,0.0008530803276752556,0.002254468613838513
2314844,0,0,explicit_mmr,explicit_mmr,0.8128722911992396,0.08826201242804185,0.012614812108180457,8.847091393310624e-05,0.0004901236270083857,0.08567228972359651
2315023,4,0,qual_only,explicit_mmr,0.8763521638132357,0.11056091328878907,0.0013613435019363413,6.535378370004402e-05,0.00646880085307019,0.005191424759268764
2315024,4,0,qual_only,explicit_mmr,0.914063148355072,0.04718037281168881,0.004651043028204736,4.452097883226436e-05,0.026133337469015874,0.007927577357186535
2315095,1,0,implicit_mmr,explicit_mmr,0.9615891028081913,0.023382070444168405,0.0016498861417891092,0.000143227734925882,0.00030367782945744086,0.012932035041467903
2315124,0,0,explicit_mmr,explicit_mmr,0.5666218229249499,0.24650817973643116,0.006597709124518377,0.0010176144895390367,0.004446066586343543,0.17480860713821803
2315277,0,0,explicit_mmr,explicit_mmr,0.9673443079412597,0.014644945510973216,0.016919110775837836,1.212929678777558e-05,0.00019508312365315955,0.0008844233514884952
2315353,1,1,implicit_mmr,implicit_mmr,0.20411509511203504,0.6707609868346913,0.05593055098924942,0.0013466483176450925,0.006893946975347723,0.06095277177103157
2315532,0,0,explicit_mmr,explicit_mmr,0.978734949569531,0.006432352486890642,0.006164652927778664,1.0878907905353971e-07,0.007705944158695391,0.0009619920680251286
2315617,0,1,explicit_mmr,implicit_mmr,0.27341185413820945,0.42186462405709046,0.13160192252373037,0.03933621389186276,0.03965329817373341,0.09413208721537368
2315626,5,0,quant_only,explicit_mmr,0.7702697533958075,0.027720985757862023,0.013655304159113594,0.0015332603529373261,0.00028114595685245323,0.18653955037742712
2315647,5,5,quant_only,quant_only,0.06932231274022191,0.15419360478080102,0.028868208534131842,0.05105860218149817,0.021235527258051824,0.6753217445052953
2315763,0,0,explicit_mmr,explicit_mmr,0.7391940496173253,0.059557799939160626,0.08958871942765154,0.0006553407711701434,0.10530767684420743,0.005696413400485164
2315912,0,0,explicit_mmr,explicit_mmr,0.6867798236788883,0.17045520571733888,0.010151190292412342,3.215423850295451e-05,0.023515707086808137,0.10906591898604924
2317283,4,0,qual_only,explicit_mmr,0.9125705529654703,0.03631376220401377,0.0006872928003708511,0.002384302796607236,0.0003588887005767716,0.04768520053296103
2317318,4,0,qual_only,explicit_mmr,0.5092923224969006,0.0012951619576116761,0.38193049976255156,0.0004286687842813149,0.10437613331294952,0.0026772136857052603
2317319,4,0,qual_only,explicit_mmr,0.5413982109382639,0.0038238148702787918,0.4182766267590995,0.00010543570328166969,0.0362554776717572,0.00014043405731891382
2317747,0,0,explicit_mmr,explicit_mmr,0.9690047072316667,0.00820165042378645,0.016058073783704694,0.0011729718298345935,0.0014428974470639799,0.004119699283943717
2317780,0,0,explicit_mmr,explicit_mmr,0.9759779734091347,0.0019888042046432818,0.004566323600409308,2.7757058850116385e-05,0.013052955508825482,0.004386186218137021
2317969,2,0,multi_method_not_mmr,explicit_mmr,0.7885807486908455,0.001130849094976939,0.17794432758903828,0.009621713926634823,0.00944708683608469,0.013275273862419758
2318158,0,0,explicit_mmr,explicit_mmr,0.9528632391373045,0.013343573018986987,0.018496025651096565,0.0003810292478954365,0.00039271086442706183,0.014523422080289117
2318178,0,0,explicit_mmr,explicit_mmr,0.7570859399832579,0.07177702907938943,0.12143072136433385,0.0005782873750512813,0.026149538037002366,0.02297848416096533
2318264,1,0,implicit_mmr,explicit_mmr,0.8656287437648029,0.10751540336410595,0.018332308949360356,0.0002913316172693994,0.0028762491309926685,0.005355963173468715
2318415,0,0,explicit_mmr,explicit_mmr,0.8551749288735787,0.015695096631016443,0.021016972623807206,0.022768570406642635,0.009982426903393472,0.07536200456156157
2318849,4,0,qual_only,explicit_mmr,0.5418449384403013,0.10217333094344075,0.0875441839746609,0.00911096653873738,0.22913648616192833,0.030190093940931452
2320947,0,2,explicit_mmr,multi_method_not_mmr,0.1493794948016273,0.06137407990774749,0.3497604840660506,0.10764166423506062,0.05799182466396145,0.2738524523255526
2321179,0,0,explicit_mmr,explicit_mmr,0.7530223837098656,0.13972392853756838,0.06290334929536892,0.0006818056187119603,0.00820125113011108,0.03546728170837407
2321205,0,0,explicit_mmr,explicit_mmr,0.7363268707363828,0.08084676744130985,0.022106887269025374,0.0005598338806551543,0.027831238871661678,0.132328401800965
2321218,1,0,implicit_mmr,explicit_mmr,0.7340305867399309,0.1877663015553138,0.07398451352288178,0.0001463916804316251,0.003227632664570051,0.0008445738368717809
2321219,1,0,implicit_mmr,explicit_mmr,0.9279504210951683,0.03636615033201956,0.01919406043996608,0.00029963357796633115,0.013077532241613926,0.003112202313265884
2321243,0,5,explicit_mmr,quant_only,0.2501359363555831,0.29175918423606934,0.00777096031515108,0.009601864745384861,0.010900657931909467,0.4298313964159021
2321390,0,0,explicit_mmr,explicit_mmr,0.9072870267708394,0.012823347029489254,0.0005138933449931039,0.0007305283857306189,0.010496900988238278,0.06814830348070923
2321391,0,0,explicit_mmr,explicit_mmr,0.7216003967896573,0.04426576541729323,0.007298219166339777,0.00653795933405162,0.05907381293337624,0.16122384635928194
2322250,4,0,qual_only,explicit_mmr,0.8092104686602218,0.0767186794242241,0.008672213860511221,0.00018925622321511637,0.06641676077027298,0.038792621061554705
2323131,5,0,quant_only,explicit_mmr,0.7054488594212881,0.017813501464357843,0.049697835617565515,0.1855320832344903,0.012934253094634755,0.028573467167663315
2324575,2,5,multi_method_not_mmr,quant_only,0.0469116246455872,0.03990653188465579,0.010596362120340406,0.00840011870393513,0.002786203581766257,0.8913991590637151
2325989,1,5,implicit_mmr,quant_only,0.037231479757592244,0.2837300398544453,0.0023428537428079052,0.0034433460631578434,0.00014018758890947552,0.6731120929930873
2326588,1,1,implicit_mmr,implicit_mmr,0.19597797272215614,0.43679162339938954,0.0023353400403738718,0.0003516955524394535,0.0020095264414469456,0.3625338418441941
2327314,1,0,implicit_mmr,explicit_mmr,0.9382600843791664,0.031201995567677842,0.0018794205997082615,0.00022395156669068888,0.0004895233119584291,0.02794502457479842
2327420,4,0,qual_only,explicit_mmr,0.645423837911156,0.16641549807901307,0.1539344576885394,0.003890777359430305,0.0178444992251891,0.012490929736672002
2327488,4,0,qual_only,explicit_mmr,0.6755994132453264,0.09377777919743069,0.01622300662943596,0.011841294664956046,0.0010695601359868125,0.2014889461268642
2329579,2,0,multi_method_not_mmr,explicit_mmr,0.4193696692466764,0.007425311297796576,0.34321563044932846,0.18225173012286797,0.024195231397717346,0.023542427485613273
2330963,0,0,explicit_mmr,explicit_mmr,0.985507622701663,0.00823191662889531,7.057908979123437e-05,2.3155764418925127e-07,2.2582530384755912e-05,0.006167067491621649
2332167,5,5,quant_only,quant_only,0.02114483365482994,0.002791499921799057,0.0046524392404666305,0.020714373459209824,0.0007610367469865578,0.9499358169767079
2333764,2,1,multi_method_not_mmr,implicit_mmr,0.11384681385386769,0.30853460310131753,0.06739632685833297,0.003743118054115463,0.30652544325354464,0.19995369487882164
2333959,4,1,qual_only,implicit_mmr,0.2330646196757819,0.6582429352718734,0.08192187885021718,0.007159274763475975,0.011068187739285291,0.008543103699366283
2334693,0,0,explicit_mmr,explicit_mmr,0.47483084237963974,0.15252258126718776,0.06903934568023805,0.049501450117047256,0.07288209634040972,0.1812236842154774
2335625,2,0,multi_method_not_mmr,explicit_mmr,0.48834324062314316,0.032680394343832644,0.1771051480358965,0.0023957577517565187,0.08153883442150947,0.2179366248238617
2335725,5,5,quant_only,quant_only,0.12961043302149494,0.004502450733434333,0.0037177034409730473,0.0037386300380511006,0.004604353887971047,0.8538264288780755
2336135,0,0,explicit_mmr,explicit_mmr,0.7051129085121414,0.09634933738516464,0.009207197297043411,0.00032106285899343,0.0023078241834733598,0.1867016697631837
2336136,0,0,explicit_mmr,explicit_mmr,0.44557884442417856,0.19958437833553752,0.01863801924241598,0.000435020243523406,0.004012459443208312,0.3317512783111361
2336456,3,5,no_method_signal,quant_only,0.2945607711301949,0.014479884778612265,0.02228646116264257,0.27330510299819516,0.010474601441441224,0.38489317848891386
2336683,3,5,no_method_signal,quant_only,0.059258938552071434,0.017106773421675863,0.04368671970800976,0.09190187523181483,0.04651517318399741,0.7415305199024308
2336910,1,5,implicit_mmr,quant_only,0.21217856595071424,0.1280308319846798,0.01062429313181362,0.003532017569142315,0.006640845618949858,0.6389934457447002
2336911,1,5,implicit_mmr,quant_only,0.34611580802311154,0.07573761930098868,0.002110438584791061,0.0005194735032452661,0.005337207199153097,0.5701794533887103
2336912,1,5,implicit_mmr,quant_only,0.3920032081324892,0.08010678676683494,0.0018173457472935664,0.0011194315725412134,0.005261400837078548,0.5196918269437626
2337003,0,0,explicit_mmr,explicit_mmr,0.7903648840335958,0.11193979433197396,0.01394776438034676,4.857954676196496e-05,0.033915069548171056,0.04978390815915042
2337016,0,0,explicit_mmr,explicit_mmr,0.7870474259195576,0.18839891356284968,0.0014117589292244818,8.125731375966396e-05,0.00685288098007614,0.016207763294532634
2337017,0,0,explicit_mmr,explicit_mmr,0.7809895600576668,0.20764772995065883,0.0012287983857394724,4.503781772303817e-05,0.0017111096511013692,0.008377764137110229
2337018,0,1,explicit_mmr,implicit_mmr,0.38282537619941104,0.58276587597688,0.007479949524237754,0.00041084773896796076,0.011534948991308351,0.014983001569194833
2337019,0,0,explicit_mmr,explicit_mmr,0.49476117039452855,0.4683651325882681,0.004763573415394596,0.0002493251200390676,0.006137131398293818,0.02572366708347578
2337020,0,0,explicit_mmr,explicit_mmr,0.7884685221740639,0.1932877055847074,0.0007716569282700277,7.809325934953012e-05,0.0031648567252171886,0.01422916532839221
2337021,0,1,explicit_mmr,implicit_mmr,0.37342155605052924,0.6074563805733202,0.002136455819576495,0.0003311710685624124,0.003301552080296907,0.013352884407714843
2337142,0,0,explicit_mmr,explicit_mmr,0.6485384392800819,0.26400368334966445,0.04831389271865564,5.46857966465368e-05,0.0005879117015220425,0.03850138715342945
2337143,0,0,explicit_mmr,explicit_mmr,0.6334814001221186,0.23414862371257306,0.045478393665918306,0.00016244461118928425,0.0009419739861548026,0.08578716390204603
2337144,0,0,explicit_mmr,explicit_mmr,0.36670480619375634,0.34594272966737216,0.0484743074248411,6.875681720232732e-05,0.0010702422907822966,0.2377391576060458
2337145,0,0,explicit_mmr,explicit_mmr,0.4860906251290732,0.2537058837492323,0.136474470579796,0.00042471625037879707,0.004867381448212873,0.11843692284330683
2337146,0,0,explicit_mmr,explicit_mmr,0.8460682524119713,0.11369868076899033,0.004114508913394966,1.1480502239954409e-05,6.267772753418244e-05,0.03604439967586938
2337247,0,0,explicit_mmr,explicit_mmr,0.7034587576130054,0.03225815759114295,0.029378414320952017,0.004532204086594778,0.0014815528667268092,0.22889091352157795
2337612,1,1,implicit_mmr,implicit_mmr,0.3339281319071914,0.5970002684670215,0.008586553313785121,1.3325967514395713e-06,0.0025181265359290154,0.05796558717932173
2337709,4,1,qual_only,implicit_mmr,0.2871858848676956,0.4460076532160133,0.09928512905431726,0.003606913788701956,0.10469260995701343,0.05922180911625858
2339289,0,2,explicit_mmr,multi_method_not_mmr,0.25483972766798374,0.2804259641774891,0.4168293355861994,0.0006044168324450976,0.023618706300007026,0.02368184943587572
2339702,0,1,explicit_mmr,implicit_mmr,0.12902473291483765,0.8519284839590013,0.005052087125618463,2.5544734451892216e-06,0.013450974345416509,0.0005411671816808073
2340576,1,0,implicit_mmr,explicit_mmr,0.8554428140724633,0.09430977215931285,0.005223379642337536,0.0009965993065055583,0.0002580594976366207,0.04376937532174431
2342574,0,0,explicit_mmr,explicit_mmr,0.6243598948911541,0.33007651329046855,0.015580510644505332,0.0013050857122049112,0.0037347956777974626,0.024943199783869788
2342624,1,0,implicit_mmr,explicit_mmr,0.6672343713450469,0.2918813089531096,0.020986034597041462,0.001303136999340806,0.006170775294133885,0.012424372811327175
2342625,1,0,implicit_mmr,explicit_mmr,0.6238628289421683,0.3573852193689066,0.007190257909621943,0.0005233227653193223,0.0002933349657181765,0.010745036048265544
2342626,1,1,implicit_mmr,implicit_mmr,0.2322150613309548,0.4158461482954193,0.029753499716614076,0.0031700661096568006,0.0006655906002660528,0.3183496339470891
2342627,1,0,implicit_mmr,explicit_mmr,0.9157602918720845,0.04881102592671312,0.02197629588978174,0.0005145787147624602,0.0028691978901363804,0.010068609706521717
2342766,0,0,explicit_mmr,explicit_mmr,0.4962921366683906,0.1386164067938547,0.04384623667668748,0.20416976844579074,0.007357397743785204,0.1097180536714913
2344789,1,0,implicit_mmr,explicit_mmr,0.7904597294822312,0.03639946902167276,0.06002103288645388,3.623939785120515e-05,0.07448041885520602,0.038603110356584855
2344790,1,0,implicit_mmr,explicit_mmr,0.6307445604298599,0.10851216330939967,0.09956063982715802,0.0005748089890972619,0.07268862458405184,0.08791920286043342
2344791,1,0,implicit_mmr,explicit_mmr,0.6077644811363485,0.2173944914864833,0.10968203368079553,0.0006763867600058092,0.017998545190574162,0.04648406174579271
2344792,1,0,implicit_mmr,explicit_mmr,0.7734365304841357,0.08481982133537953,0.0712402411528709,0.0001473520228749937,0.017866753637324106,0.05248930136741478
2344793,1,0,implicit_mmr,explicit_mmr,0.6484004295996928,0.08388450008221338,0.18790689863206658,0.00037325455108165573,0.03888749154926206,0.040547425585683645
2344794,1,0,implicit_mmr,explicit_mmr,0.6839936116161093,0.1090513910441738,0.03693971495857355,0.00011126121440456834,0.023844458189719017,0.14605956297701972
2344795,1,0,implicit_mmr,explicit_mmr,0.5007387620887299,0.1890053621446654,0.1909063028994371,0.0009327279277013557,0.05189165494270694,0.06652518999675915
2344854,2,0,multi_method_not_mmr,explicit_mmr,0.6609323197503184,0.004184525933516501,0.02608115970828726,0.003008714454875414,0.0983849316338235,0.20740834851917891
2344942,0,0,explicit_mmr,explicit_mmr,0.9549941468069715,0.008007538111122545,0.01791634186405239,6.220746260574077e-05,0.0004999493991737031,0.018519816356074283
2344947,2,5,multi_method_not_mmr,quant_only,0.11663904713759181,0.07082199547373397,0.17636877214035576,0.3097212374708145,0.0070807452786918286,0.3193682024988123
2344960,2,5,multi_method_not_mmr,quant_only,0.019758819548062648,0.0375802756261874,0.13384800943044148,0.3125159077121366,0.16961433415985488,0.32668265352331705
2345042,1,0,implicit_mmr,explicit_mmr,0.40765544165434525,0.04933970373857,0.2664435989414352,0.00390042558620138,0.2524388937460698,0.02022193633337855
2345094,0,0,explicit_mmr,explicit_mmr,0.3721031816607389,0.04183561857313428,0.3372356937063348,0.04512732406880566,0.04049172495623261,0.1632064570347537
2345114,0,0,explicit_mmr,explicit_mmr,0.5324398123482726,0.08179754874188398,0.06794187388123181,0.013459982227262274,0.007290901980290064,0.2970698808210592
2345129,1,0,implicit_mmr,explicit_mmr,0.9680312745936985,0.011172073696801994,0.0029350382360233203,2.4567093788328084e-06,0.006131721993719127,0.01172743477037814
2345187,0,0,explicit_mmr,explicit_mmr,0.9086811582818366,0.007357885356548127,0.07896666220496074,2.4877749556389405e-05,0.0029670651551985967,0.002002351251899621
2345204,2,0,multi_method_not_mmr,explicit_mmr,0.3996388026394645,0.1397394166148246,0.06137755350766675,0.07931752937533396,0.02503826538615892,0.29488843247655117
2345377,5,0,quant_only,explicit_mmr,0.5291424591334852,0.13564449744355922,0.09094221278011276,0.10179824354295085,0.0027045645726620766,0.13976802252722992
2345378,0,0,explicit_mmr,explicit_mmr,0.759478631976904,0.13174446652012786,0.0027912845128280884,3.9778178429874904e-05,0.00011512074489729295,0.1058307180668127
2345607,3,5,no_method_signal,quant_only,0.005655943251002144,0.0233920956258343,0.022547359061698878,0.10049516519689553,0.013252827402658691,0.8346566094619104
2346653,0,0,explicit_mmr,explicit_mmr,0.9888629225769591,0.002292718211635694,0.0005815503695142729,0.00014387898728440682,0.001495183376515315,0.006623746478091045
2346868,4,0,qual_only,explicit_mmr,0.8389461766636647,0.014669030176763916,0.04240209328437873,1.8515726928798652e-06,0.10382013514977145,0.00016071315272832458
2347820,1,0,implicit_mmr,explicit_mmr,0.7748876250912177,0.2124815476175003,0.010213166164282283,4.658338109842367e-05,0.00019071217264475212,0.002180365573256695
2347821,1,0,implicit_mmr,explicit_mmr,0.7923306131336267,0.19650682152419047,0.008063544084489399,0.00012088061304834143,0.0006110843748683846,0.002367056269776758
2348080,4,1,qual_only,implicit_mmr,0.20230158624621544,0.4320021086683281,0.013775287306012135,0.028959293828440407,0.016174782315361583,0.30678694163564224
2348081,4,1,qual_only,implicit_mmr,0.14607481722319626,0.5556638063384247,0.0185344493394002,0.04979506824341512,0.005434524267749804,0.22449733458781382
2348082,4,5,qual_only,quant_only,0.16420094450625075,0.2503009500071451,0.03399935775201367,0.07152003544610475,0.032711894919263344,0.4472668173692224
2348835,0,5,explicit_mmr,quant_only,0.15431098784839029,0.17643286859156165,0.019469397254761187,0.2140991035122109,0.0033255837210139244,0.43236205907206204
2349657,2,2,multi_method_not_mmr,multi_method_not_mmr,0.018505331535426186,0.00040723223465105346,0.29798677524445405,0.1688883039109839,0.2902325931331132,0.22397976394137162
2349722,5,3,quant_only,no_method_signal,0.002525476380384604,0.008213893151867678,0.12395684172418801,0.6055715100449023,0.009553191468279884,0.2501790872303775
2350382,0,0,explicit_mmr,explicit_mmr,0.8998939328750183,0.057074170543586926,0.009259140398288368,4.469063686782127e-05,0.0038470014975220176,0.029881064048716703
2350410,0,0,explicit_mmr,explicit_mmr,0.9707985366944044,0.021140110611698668,0.00014292032392678944,5.1493021715257935e-06,0.0007814412376581723,0.007131841830140481
2400347,5,1,quant_only,implicit_mmr,0.07080244079467374,0.7911049509104601,0.021802742588966435,0.03807893391489426,0.00293971312658576,0.07527121866441965
2400411,5,4,quant_only,qual_only,0.10497631149257224,0.10152927832536542,0.3364192785641599,0.0002634958521474517,0.4501590531167484,0.006652582649006601
2400428,1,1,implicit_mmr,implicit_mmr,0.39848285966661506,0.40478500604701695,0.012025778615909461,0.024419987630125622,0.0061314751927589225,0.15415489284757392
2400478,0,1,explicit_mmr,implicit_mmr,0.29691956944382203,0.40672536853061086,0.004725304681061673,0.029838280334831012,0.0006088449310299303,0.2611826320786445
2400767,2,0,multi_method_not_mmr,explicit_mmr,0.8213032194536503,0.08118656289117887,0.01780019830918097,0.000608798131044725,0.05579748500380115,0.02330373621114384
2400781,5,1,quant_only,implicit_mmr,0.1443288040957843,0.8212903818443763,0.010285461008331402,1.1024116435645185e-05,0.0011863340580256952,0.022897994877046402
2400782,5,1,quant_only,implicit_mmr,0.12882443245360273,0.8579339323448042,0.005603513294030526,2.406024052289288e-06,0.00022346314266094932,0.007412252740849539
2400783,5,1,quant_only,implicit_mmr,0.21746124281956253,0.6957308471315641,0.020129649362619836,4.2748860629881635e-05,0.003926097691875415,0.06270941413374803
2400784,5,1,quant_only,implicit_mmr,0.15057274380098173,0.7886078598757368,0.014638156043524687,4.688442073841725e-05,0.002680791669239297,0.04345356418977895
2400805,1,1,implicit_mmr,implicit_mmr,0.2471418818751778,0.6372022832301446,0.07013158621920197,0.000114243693097376,0.021127943883360204,0.024282061099018197
2403932,0,0,explicit_mmr,explicit_mmr,0.6371415974460907,0.02661196322328582,0.062099846874067964,1.0079496603303536e-05,0.27353295380328235,0.0006035591566698198
2403963,0,0,explicit_mmr,explicit_mmr,0.49344612670890103,0.47569867217154976,0.0011205398574517496,2.9870415805026197e-05,0.0011269714486409376,0.028577819397651485
2404263,0,0,explicit_mmr,explicit_mmr,0.36835664775622334,0.09920995905994667,0.09666719501202645,0.015712680591871125,0.2062980650687966,0.21375545251113573
2404264,0,0,explicit_mmr,explicit_mmr,0.328137107716044,0.21700147894005656,0.05499113515173711,0.01207678068637078,0.07045192774081029,0.3173415697649814
2404553,0,0,explicit_mmr,explicit_mmr,0.6378149132683251,0.09299193050367294,0.046652353526660834,0.0001091345715515383,0.0041664453634992086,0.21826522276629037
2404797,0,0,explicit_mmr,explicit_mmr,0.8958131746717256,0.032919667578002694,0.04827204363668042,0.00035550158870085806,0.020950010581858237,0.0016896019430321539
2404929,0,0,explicit_mmr,explicit_mmr,0.5672769130296447,0.2085064757878205,0.05289112483251064,0.00031594302094882997,0.1519647650515174,0.019044778277558003
2405120,2,5,multi_method_not_mmr,quant_only,0.25969639372413034,0.07220485448914614,0.036084548316707835,0.010551689387336314,0.033241098992252055,0.5882214150904272
2405224,1,5,implicit_mmr,quant_only,0.3176157655381566,0.12820070885434484,0.030099261936628954,0.0009280439813743562,0.1178251266182112,0.405331093071284
2405225,1,0,implicit_mmr,explicit_mmr,0.5990248550989237,0.21166298837207967,0.05327745066850332,0.0006449610539893386,0.029209775521655167,0.10617996928484894
2405230,0,0,explicit_mmr,explicit_mmr,0.8828427827318347,0.10793123962685058,0.0075932774294046376,9.644909954864083e-06,0.000651799192254244,0.0009712561097009498
2405431,4,0,qual_only,explicit_mmr,0.952636751159883,0.0064375058787826496,0.01259583103602825,0.0002986013457758796,0.02485702444500986,0.003174286134520307
2405487,4,1,qual_only,implicit_mmr,0.2158130335206653,0.5136694970723588,0.07263813257312864,0.01748490926806532,0.04832436947778211,0.13207005808799988
2405747,4,1,qual_only,implicit_mmr,0.1618922833576552,0.7849521434015606,0.03713828182615153,0.001877248546499201,0.006867316031359256,0.007272726836774146
2405785,0,0,explicit_mmr,explicit_mmr,0.9234475949361307,0.051326959238151455,0.0027178032649711184,1.8714611940151727e-05,0.00016873540489464317,0.022320192543912036
2405786,0,0,explicit_mmr,explicit_mmr,0.7106036391750353,0.267463519300648,0.009337361706454843,0.0007606953544552159,0.001517709444965919,0.010317075018440843
2406660,5,1,quant_only,implicit_mmr,0.09857342949913944,0.37346724918337054,0.2508072672866568,0.03685279385597365,0.00837262985266775,0.23192663032219188
2406960,0,0,explicit_mmr,explicit_mmr,0.5076338788775004,0.1790773032345345,0.12777817872008995,0.0009929006340114472,0.17832055943874447,0.006197179095119127
2407013,0,0,explicit_mmr,explicit_mmr,0.663511176466404,0.28150834241399036,0.024395479011442473,3.654323821231848e-05,0.01865902940310185,0.0118894294668489
2407014,0,0,explicit_mmr,explicit_mmr,0.9108696675057556,0.07226616926583064,0.001260215560054298,2.6148873791964424e-06,0.00818546358099841,0.007415869199981782
2407134,0,4,explicit_mmr,qual_only,0.27850265650290246,0.0041709060611023275,0.17091899585982917,0.0005798919333068262,0.532846098889179,0.012981450753680063
2407135,0,4,explicit_mmr,qual_only,0.3242697637879041,0.0013660623191414293,0.09516197590779714,0.0005622286882207977,0.5608469356921235,0.017793033604813026
2407294,0,0,explicit_mmr,explicit_mmr,0.5433292751411725,0.026201507163309583,0.024997852189396895,0.013923418069813833,0.17287709608753907,0.2186708513487682
2408969,0,1,explicit_mmr,implicit_mmr,0.3329815677020668,0.54709173517803,0.06550115579821504,0.012791991445429045,0.014532869887886728,0.02710067998837253
2409848,0,5,explicit_mmr,quant_only,0.2524678413856244,0.050576270582349814,0.010232626696846672,0.0051450054803107445,0.006678591842589296,0.6748996640122791
2409905,4,0,qual_only,explicit_mmr,0.839028477722387,0.018543256205887513,0.005539018576569271,4.19832873636065e-05,0.12858853665396786,0.008258727553824757
2411129,4,0,qual_only,explicit_mmr,0.7919139067735519,0.19338468307399997,0.010699678900529955,0.0004392244172012166,0.0022776784920447582,0.0012848283426723681
2411326,0,0,explicit_mmr,explicit_mmr,0.8192632799139992,0.02466876433798494,0.057059662101654286,0.00039081790038726367,0.09115765323549976,0.007459822510474529
2411524,0,0,explicit_mmr,explicit_mmr,0.9830397093499702,0.012179888558792505,0.0022929852556096103,0.0001700447080108012,0.00044688867289654946,0.0018704834547200763
2411535,4,3,qual_only,no_method_signal,0.008738697082749951,0.0005812490789415571,0.03962019179338878,0.8313313751436338,0.024076167225631887,0.09565231967565412
2411594,1,0,implicit_mmr,explicit_mmr,0.7459565564746483,0.22914433695082162,0.010044669093220502,0.002274054708066278,0.0018054225529466736,0.010774960220296741
2411595,1,0,implicit_mmr,explicit_mmr,0.827743529952635,0.050977788341493614,0.004764534711785537,0.005999895199172538,0.002757202656012425,0.10775704913890095
2411711,4,5,qual_only,quant_only,0.26114303306997283,0.2341904866825643,0.06744360862446666,0.01409930346798072,0.13853114545021494,0.28459242270480056
2411805,1,1,implicit_mmr,implicit_mmr,0.35140940269095666,0.44341166079558325,0.142937547014736,0.010298789720939845,0.02679192167755671,0.025150678100227485
2411987,0,0,explicit_mmr,explicit_mmr,0.9008855131703559,0.0883482205822303,0.0033191807398821192,8.143813262021521e-06,0.006120107090143683,0.0013188346041259197
2411988,0,0,explicit_mmr,explicit_mmr,0.6632567433284812,0.01900029060380181,0.014065983093146116,0.00028900720061397555,0.28936888133944433,0.014019094434512434
2413063,0,0,explicit_mmr,explicit_mmr,0.6869708698364049,0.1361949471560575,0.07559792632253637,0.0015915405044759938,0.01425172295246115,0.08539299322806411
2413103,0,0,explicit_mmr,explicit_mmr,0.5699600466240383,0.2620530426901908,0.04094664780820266,0.009070803868657731,0.0050437993885321785,0.11292565962037829
2413231,4,1,qual_only,implicit_mmr,0.2365601647728171,0.3255580605495755,0.11683056085733554,0.037004301745877564,0.10237670248735946,0.18167020958703475
2413239,0,0,explicit_mmr,explicit_mmr,0.7075032567400303,0.06647015880784386,0.009798709340140594,0.000594975440868254,0.015990064871095507,0.19964283480002135
2413410,0,0,explicit_mmr,explicit_mmr,0.8166425776904939,0.0018501350492037803,0.019114465510031677,0.006058213945737331,0.005901715012579566,0.15043289279195374
2414169,0,4,explicit_mmr,qual_only,0.08180225659326014,0.0066772536806703605,0.02071291076327606,0.29726353850404136,0.35179852210618234,0.24174551835256974
2414170,0,0,explicit_mmr,explicit_mmr,0.40767637248818556,0.00842126031542853,0.03621012020976456,0.2563155019743978,0.07640359858664292,0.21497314642558066
2415028,0,0,explicit_mmr,explicit_mmr,0.9992623421550323,3.018700213729985e-05,0.0006380074126655582,1.2757961806322212e-05,9.935384003385575e-06,4.6770084355397234e-05
2415197,0,1,explicit_mmr,implicit_mmr,0.3108514533228977,0.4640604308751398,0.04217870779621007,0.0017599658443270497,0.006987714323889381,0.17416172783753592
2415686,4,0,qual_only,explicit_mmr,0.7430608823812999,0.13323999015950308,0.06452000250248027,0.0582052485381403,0.00012137078115009617,0.0008525056374264321
2415796,0,0,explicit_mmr,explicit_mmr,0.4165060834734451,0.40355227854430786,0.052423185900940736,0.0010093466479165756,0.11465790757673547,0.011851197856654217
2415797,0,1,explicit_mmr,implicit_mmr,0.09389695091282617,0.8252772867248731,0.048710735132759524,0.0005375417499195544,0.020789180264998267,0.010788305214623352
2415869,1,1,implicit_mmr,implicit_mmr,0.06071595536950322,0.792425072321973,0.05191573733327776,0.040331657104769325,0.0005031471087859905,0.054108430761690626
2415965,1,0,implicit_mmr,explicit_mmr,0.8088460035208909,0.13535988834622928,0.004083242323273516,0.0001657540288505032,0.00111978700170549,0.050425324779050346
2415989,2,0,multi_method_not_mmr,explicit_mmr,0.6457515764959789,0.009870050892098983,0.28163232498351426,0.03548149235634629,0.022819418801263005,0.004445136470798692
2416024,4,1,qual_only,implicit_mmr,0.14641009826962503,0.6411882585520862,0.033288423565718275,0.02084387725821544,0.0520847882817148,0.10618455407264044
2416621,0,5,explicit_mmr,quant_only,0.4462508951942787,0.04098903751577272,0.030755024757292464,0.03073165431516158,0.003552754380940514,0.447720633836554
2416804,4,0,qual_only,explicit_mmr,0.9536976003233022,0.029785390582758524,0.010431113308097451,2.64485548158441e-05,0.0018356562813618914,0.004223790949663889
2417138,1,0,implicit_mmr,explicit_mmr,0.7630524512447072,0.10295067709555362,0.10888075485141883,0.0012091760527694635,0.012217756780943407,0.011689183974607335
2417139,1,0,implicit_mmr,explicit_mmr,0.8683457501154231,0.03308775310625268,0.057093802272499015,0.0007501416460666676,0.013553177099337845,0.027169375760420868
2417140,1,0,implicit_mmr,explicit_mmr,0.7896616846435022,0.033893591713138056,0.08016232649118962,0.001766210791715429,0.01440891066150312,0.08010727569895172
2417149,2,0,multi_method_not_mmr,explicit_mmr,0.4581440345164503,0.3219593451060225,0.047707529893249806,0.0028942720563750936,0.04727345151348959,0.12202136691441279
2417150,2,1,multi_method_not_mmr,implicit_mmr,0.35526833661066687,0.4268172257949935,0.050586488365260016,0.0010822165937742548,0.05181889422187569,0.11442683841342977
2417239,0,5,explicit_mmr,quant_only,0.38607287497806614,0.09292548327678034,0.020030011500588415,0.006193717885367138,0.004768274321531701,0.49000963803766634
2417240,0,0,explicit_mmr,explicit_mmr,0.5628048544090697,0.14902703635338937,0.021008349733181587,0.0007716945091435022,0.002804909595389093,0.26358315539982674
2417252,4,0,qual_only,explicit_mmr,0.9557132306291402,0.01748121921762096,0.016729032004675026,4.2815759692183024e-05,0.009234218429994792,0.0007994839588768682
2417374,3,0,no_method_signal,explicit_mmr,0.5075295376643695,0.12004459956046132,0.09753783366237209,0.027177653115705393,0.006899119862394046,0.2408112561346977
2417423,1,0,implicit_mmr,explicit_mmr,0.47725484287581116,0.449752666783427,0.01071424881866083,7.903526191881153e-05,0.001425156212745951,0.06077405004743616
2418374,1,1,implicit_mmr,implicit_mmr,0.21512900465692755,0.5558540192498016,0.11967498690641082,0.00040180284179432737,0.011579806721155737,0.09736037962390988
2418638,4,1,qual_only,implicit_mmr,0.07846478004971727,0.4389041160197255,0.30984295403370543,0.0008370681982992236,0.15242982913826608,0.01952125256028656
2418639,4,1,qual_only,implicit_mmr,0.13809280800588633,0.3297674092754809,0.22134008642175595,0.0027624876470294098,0.22411448733788372,0.08392272131196372
2418640,4,2,qual_only,multi_method_not_mmr,0.06171633927573706,0.2853515001801225,0.44195208834008,0.002093389543382654,0.13739014969928712,0.07149653296139072
2418715,1,1,implicit_mmr,implicit_mmr,0.090068912179847,0.7143880682218381,0.03468093942461719,0.00016738280414380516,0.005637119859873836,0.15505757750968
2419116,2,1,multi_method_not_mmr,implicit_mmr,0.09921439671199588,0.2880313295886653,0.2567992999387142,0.07609232379967788,0.2315236491380583,0.04833900082288863
2419117,2,4,multi_method_not_mmr,qual_only,0.06685927650371348,0.15216922366360597,0.19667600515071945,0.08682491902961514,0.36797593430276365,0.12949464134958247
2419118,2,4,multi_method_not_mmr,qual_only,0.10761044405043257,0.08456308523876666,0.10326151343809935,0.030049696085213125,0.4921147405576889,0.18240052062979945
2420944,0,0,explicit_mmr,explicit_mmr,0.4314512567566926,0.11115952699623473,0.26375283656156234,0.06828910139374081,0.009441195948891163,0.11590608234287818
2421240,0,0,explicit_mmr,explicit_mmr,0.8427740953501108,0.0940866474643193,0.03679645703601659,0.00322944778004746,0.004618184452832703,0.018495167916673202
2421241,0,0,explicit_mmr,explicit_mmr,0.9761224103853354,0.007254572228004655,0.0038837157369742007,0.00286969148340413,0.0006058187876794452,0.009263791378602136
2421279,0,0,explicit_mmr,explicit_mmr,0.9308916587372422,0.004730187168214634,0.0027679639142002637,7.95940440721956e-05,0.0001618057295777718,0.06136879040669292
2421280,0,0,explicit_mmr,explicit_mmr,0.9333898634075399,0.00964737720371827,0.005525751820111592,0.0004987596794094703,4.029116822679561e-05,0.0508979567209941
2421846,0,0,explicit_mmr,explicit_mmr,0.8384935425311562,0.0834724016916277,0.04578307716505949,9.704509053808754e-05,0.02741832490492488,0.004735608616693696
2422009,0,1,explicit_mmr,implicit_mmr,0.15765981652418595,0.8197451778834488,0.007249730659903753,1.489549845793428e-05,0.014689651024155457,0.000640728409848253
2422010,0,1,explicit_mmr,implicit_mmr,0.10448612983512416,0.8860804510243849,0.005312092834056681,9.31678197240756e-06,0.0034654182458782588,0.000646591278583671
2422287,4,5,qual_only,quant_only,0.2578810043156048,0.18961913214448545,0.0629881386331105,0.0015696621738690213,0.006758891661969645,0.48118317107096065
2422319,5,5,quant_only,quant_only,0.007513208697181026,0.03782295795882988,0.10739208652251549,0.00010689548280735551,0.4226896438485489,0.4244752074901174
2422544,0,0,explicit_mmr,explicit_mmr,0.6906413862533262,0.019889063458551046,0.00927025666046657,0.0008059715062699726,0.004585336061177615,0.2748079860602088
2423026,0,0,explicit_mmr,explicit_mmr,0.7791722518503413,0.17209737358164415,0.00518241149596561,3.557391451046622e-05,0.0010480439450788305,0.04246434521245968
2424244,0,0,explicit_mmr,explicit_mmr,0.6669362976672796,0.02275877907179923,0.01828611070265406,0.005796122478230517,0.006618822927346779,0.2796038671526898
2424324,0,0,explicit_mmr,explicit_mmr,0.5578587451921284,0.13177511415432283,0.03605418519342524,0.0007883440269482765,0.011089695008842049,0.2624339164243331
2424492,2,1,multi_method_not_mmr,implicit_mmr,0.2935683480993479,0.522566174826881,0.007373547882022325,0.0034806191831045674,0.0006094723385190767,0.17240183767012524
2424522,0,5,explicit_mmr,quant_only,0.13828225379177211,0.19447928550644544,0.006008807973629119,0.0016937458516990246,0.0003971488549722836,0.659138758021482
2424692,2,5,multi_method_not_mmr,quant_only,0.3059864022550529,0.060016327670828803,0.015086948256205863,0.12827431985880847,0.002170563443854103,0.48846543851524976
2424742,0,5,explicit_mmr,quant_only,0.042847478840796815,0.0037150572741809756,0.002037538808121734,0.006169489744383837,0.0021880328957677012,0.9430424024367489
2424868,0,0,explicit_mmr,explicit_mmr,0.5094516816614504,0.10038464947021285,0.010107033382870945,0.004370682596509433,0.001159809452915307,0.37452614343604107
2424952,1,5,implicit_mmr,quant_only,0.03454768005744717,0.019624252574416395,0.0028890788637338247,0.0017993038278436247,0.005483572005949239,0.9356561126706097
2424953,0,0,explicit_mmr,explicit_mmr,0.700884783230964,0.01843581696059315,0.003568554843602919,0.00018461746234617026,0.0034277310406762825,0.27349849646181756
2424988,0,0,explicit_mmr,explicit_mmr,0.8276614033393722,0.14028692760431824,0.002452718307517021,0.00011105416244074493,0.0005655386436511584,0.028922357942700525
2425114,0,5,explicit_mmr,quant_only,0.2280648218419637,0.03923421635894396,0.008431270492549138,0.0016535395757342579,0.0011938561712879572,0.721422295559521
2429274,4,1,qual_only,implicit_mmr,0.3093620679763676,0.6668752357674832,0.017162744346863122,0.0002503568413792635,0.005421670499019493,0.0009279245688874021
2429533,4,1,qual_only,implicit_mmr,0.19181359303940926,0.4465433406893218,0.01288965656836758,0.015137178428283665,0.019021096486081142,0.3145951347885366
2429605,0,2,explicit_mmr,multi_method_not_mmr,0.35033773695536763,0.07794983124825208,0.5376703199874884,0.006243182898628008,0.013833844199952832,0.013965084710310969
2429624,4,0,qual_only,explicit_mmr,0.9589047192087222,0.023858733168903683,0.013981495406735456,0.0005293609387573381,0.002080197817036359,0.0006454934598451171
2429832,5,1,quant_only,implicit_mmr,0.0323588659805959,0.7841326254358961,0.07746412383677738,0.0007082919149264365,0.08794879532247694,0.017387297509327198
2430255,5,4,quant_only,qual_only,0.1493950021797531,0.043064458174070515,0.3030554527654507,0.005996481825963658,0.3925685554757927,0.10592004957896924
2430257,5,5,quant_only,quant_only,0.16619046662571543,0.04929672845037552,0.2689786518285057,0.02380471803917758,0.1861166297038972,0.3056128053523286
2430258,5,5,quant_only,quant_only,0.16256088807296537,0.047591240991735645,0.17027100259608904,0.02942444288923213,0.27081130372675805,0.31934112172321977
2430463,4,0,qual_only,explicit_mmr,0.6152153048226966,0.007676774192712865,0.0890804423665519,0.037208408981606926,0.14035139857490894,0.11046767106152272
2430541,0,0,explicit_mmr,explicit_mmr,0.6039452141658368,0.20231233032560905,0.02326603899100304,0.004610374649101723,0.039973974486007,0.12589206738244219
2430739,5,0,quant_only,explicit_mmr,0.9102130420323288,0.008940696409933757,0.014169319931770678,0.00973229034387976,0.024562941593808958,0.03238170968827791
2434875,5,5,quant_only,quant_only,0.11956476547507792,0.024148224180395132,0.00766721924821178,0.021196981179710413,0.001046539944696793,0.826376269971908
2435473,5,5,quant_only,quant_only,0.0911581572051138,0.048699500262876144,0.2727902442001721,0.14979092624463056,0.0504051135229383,0.387156058564269
2439211,0,0,explicit_mmr,explicit_mmr,0.7233424401371078,0.00717760301899572,0.12016918336486195,0.001756194287676814,0.011068622415048752,0.13648595677630906
2441096,4,0,qual_only,explicit_mmr,0.8578478230107338,0.03282561076409208,0.08432742982802109,0.0002482555365572567,0.024437645441587576,0.0003132354190080948
2447200,1,1,implicit_mmr,implicit_mmr,0.0841474507131096,0.4219466514928254,0.22567773000488078,0.0077671902931700275,0.009233729741814918,0.25122724775419925
2448306,0,0,explicit_mmr,explicit_mmr,0.9899972470217085,0.0004164477268783782,0.0047088174568227234,7.083865138378729e-06,0.0019533216539754593,0.0029170822754766993
2448307,0,0,explicit_mmr,explicit_mmr,0.9100992058909937,0.03754143510734902,0.04623474379558225,4.477825105731449e-05,0.002633974255400049,0.0034458626996175736
2448308,0,0,explicit_mmr,explicit_mmr,0.9759699579610431,0.007788383692303846,0.0077600730404097365,2.6945494297778375e-05,0.0025964198136675816,0.005858219998277892
2448327,4,5,qual_only,quant_only,0.1968974024005045,0.18076602428023475,0.01797247486266534,0.10495344119754389,0.015222549689238328,0.4841881075698131
2448374,0,0,explicit_mmr,explicit_mmr,0.9111347292904004,0.015382346960984382,0.014344640128178198,0.000760330320011615,0.008562565818505735,0.04981538748191968
2449885,0,4,explicit_mmr,qual_only,0.207426810824998,0.11351366958259017,0.13509754761805826,0.0028178351827086463,0.5339618545618482,0.007182282229796811
2450045,0,0,explicit_mmr,explicit_mmr,0.7346829366315764,0.018609491069192404,0.007118418869584423,0.020397493789248586,0.0014649660630283794,0.2177266935773696
2450400,0,4,explicit_mmr,qual_only,0.029187629208190093,0.05723596142212733,0.22034450141612466,0.0014910245769905691,0.6823492906905837,0.009391592685983554
2452030,0,1,explicit_mmr,implicit_mmr,0.14812956801737504,0.7808492200432053,0.0548063783196977,0.0023282559011265458,0.009680941726965984,0.004205635991629453
2500229,1,0,implicit_mmr,explicit_mmr,0.9615434446228069,0.012359243838561528,0.014785863857339194,0.004999756007103281,0.001824081880419226,0.004487609793769997
2500289,1,0,implicit_mmr,explicit_mmr,0.2813816405451773,0.21469452540177594,0.08469355880622448,0.0011350042680045855,0.2563156633835924,0.16177960759522528
2500508,2,0,multi_method_not_mmr,explicit_mmr,0.9212337397144327,0.024636674669063486,0.03102156248977879,4.96299122647588e-05,0.0005505026820079594,0.02250789053245253
2500509,2,0,multi_method_not_mmr,explicit_mmr,0.8140382794782545,0.027706933567617862,0.04599372657217631,0.0004059245948802856,0.0026360107615903887,0.10921912502548071
2500654,2,1,multi_method_not_mmr,implicit_mmr,0.026801627645957716,0.37376689486819126,0.24017452465449843,0.11568615007572114,0.026852889391675783,0.21671791336395563
2500655,2,1,multi_method_not_mmr,implicit_mmr,0.12361463202716459,0.45794539361152253,0.07630729358657337,0.17601932372084372,0.020526950190958047,0.1455864068629378
2500848,0,1,explicit_mmr,implicit_mmr,0.09335466253158597,0.3366744741163589,0.18074461853504992,0.20081209096729521,0.024790711138681486,0.1636234427110285
2500849,0,0,explicit_mmr,explicit_mmr,0.3201370230045863,0.3076786006341567,0.05292380486826781,0.1087166467770416,0.037604484798130534,0.17293943991781707
2506427,1,1,implicit_mmr,implicit_mmr,0.2922012687214653,0.3355756563012348,0.22360985099315092,0.0025079369053548975,0.03344610713778678,0.11265917994100709
2506911,1,1,implicit_mmr,implicit_mmr,0.02904536271696927,0.9109069794078923,0.03610610791267171,0.003223513941547159,0.003083912023269853,0.01763412399764974
2506912,1,1,implicit_mmr,implicit_mmr,0.09511369944418936,0.8215163271180619,0.05848439215958101,0.006651726841316408,0.0019640054568966655,0.016269848979954555
2507129,5,1,quant_only,implicit_mmr,0.02586744323211189,0.5492063806155733,0.07343886397113672,0.0012236886848816663,0.003951125339332642,0.3463124981569639
2508523,0,1,explicit_mmr,implicit_mmr,0.21651028834881988,0.6466993765411152,0.06563816236521249,5.10298063164713e-05,0.05453665253399245,0.01656449040454366
2508612,4,4,qual_only,qual_only,0.3544885361303432,0.09828162973498168,0.08289312829215195,0.0005716457690789899,0.4564802834528704,0.0072847766205737805
2508771,1,5,implicit_mmr,quant_only,0.2058553166264145,0.28455635285110364,0.05617321503420153,0.004308697253710088,0.004371227406839589,0.4447351908277307
2508834,0,1,explicit_mmr,implicit_mmr,0.2739479279502287,0.5185380331933144,0.02214675802702163,0.006728529543211018,0.16577618003001776,0.012862571256206498
2508835,0,4,explicit_mmr,qual_only,0.314299008762875,0.2955641170097227,0.026579268763100333,0.0035921056328220326,0.35606342158599097,0.00390207824548907
2508970,0,1,explicit_mmr,implicit_mmr,0.363261745609287,0.41839121846561456,0.004154872899775881,0.002395347263799229,9.622404266019845e-05,0.2117005917188633
2508971,0,0,explicit_mmr,explicit_mmr,0.6139220738414654,0.2893489908783754,0.024082625948316436,0.0018575650154335718,0.0033738491887904285,0.06741489512761888
2509043,0,0,explicit_mmr,explicit_mmr,0.609917651307436,0.11239502292890476,0.10453384699897493,0.013293278792924102,0.016360126403413507,0.14350007356834663
2509044,0,0,explicit_mmr,explicit_mmr,0.569671128302941,0.23864682061068113,0.08225610731188494,0.0393719011524379,0.015852513968191304,0.05420152865386377
2509474,0,1,explicit_mmr,implicit_mmr,0.022978437882014865,0.9724780325089601,0.0006828208428500895,5.7278426177992476e-05,0.0008462634325725146,0.002957166907424507
2510147,0,0,explicit_mmr,explicit_mmr,0.9925804063964658,0.002925840680405469,0.00017925309983818626,7.668608393526797e-05,4.431319226242288e-06,0.004233382420128985
2510214,5,5,quant_only,quant_only,0.14162104698276992,0.0038269023080651993,0.009697482417591538,0.06750222617554383,0.0013582713828890044,0.7759940707331404
2513981,0,0,explicit_mmr,explicit_mmr,0.8951593525876871,0.0033704042841488004,0.016743796419658223,0.0019233848542871254,0.01057217448699212,0.07223088736722659
2514338,0,1,explicit_mmr,implicit_mmr,0.22333414973125887,0.6772897173707116,0.024449016486471215,0.000526994102315197,0.001387849671068776,0.07301227263817435
2514349,0,5,explicit_mmr,quant_only,0.2043694034745741,0.06561422206982505,0.15620868330514748,0.09174722965043375,0.21106044656332051,0.2710000149366991
2514491,2,0,multi_method_not_mmr,explicit_mmr,0.7168072401525496,0.2436960490467397,0.019333169311179867,0.0012664229638059306,0.001142365102895219,0.01775475342282971
2515040,0,0,explicit_mmr,explicit_mmr,0.6979120475266044,0.23631258965319812,0.011351732768603883,0.00026620554288990647,0.001580355833914604,0.05257706867478896
2515088,0,5,explicit_mmr,quant_only,0.18264184054320007,0.24124731505029903,0.1734215931840616,0.07568555361881336,0.03330952568478657,0.2936941719188394
2515127,0,0,explicit_mmr,explicit_mmr,0.646191436535042,0.07159114193148854,0.00574824142755646,0.010563260947817928,0.0036075008631721466,0.26229841829492306
2515148,0,1,explicit_mmr,implicit_mmr,0.31121508892730326,0.46118848148782216,0.07235718876769122,0.08446397169823054,0.008388837557467057,0.062386431561485656
2515191,5,2,quant_only,multi_method_not_mmr,0.020005862956123974,0.005780342784024523,0.5905836970923556,0.22190490760430098,0.04478115560460607,0.11694403395858878
2515226,0,1,explicit_mmr,implicit_mmr,0.38584400980344985,0.5454563234993947,0.05136104233978258,0.002983648471401342,0.0012723883592302106,0.013082587526741348
2515308,3,2,no_method_signal,multi_method_not_mmr,0.0008405438686443008,0.001751461124027116,0.6723131706937568,0.16569203816831643,0.005170573947365824,0.15423221219788943
2516391,0,5,explicit_mmr,quant_only,0.08134002665374766,0.11321197528745332,0.0841257111991128,0.045728655441910133,0.07120679232960168,0.6043868390881745
2516409,1,0,implicit_mmr,explicit_mmr,0.984277289506153,0.006394054646197502,0.007255513487473413,4.089562110636711e-05,0.0008722494853520567,0.0011599972537177626
2516863,0,1,explicit_mmr,implicit_mmr,0.1554281141901672,0.5095462147962649,0.04294495482789237,0.010827485219205783,0.08711283795929155,0.19414039300717825
2517189,0,0,explicit_mmr,explicit_mmr,0.8001387107736564,0.1444378155844229,0.018336071172339628,0.00720615920483869,0.0033996801058990517,0.026481563158843265
2517316,0,1,explicit_mmr,implicit_mmr,0.0855007104052113,0.8130252428973936,0.016486193081837065,0.009779783809997616,0.025567907511702126,0.04964016229385827
2517445,5,0,quant_only,explicit_mmr,0.7541569989397351,0.16243536482481943,0.07203456472007466,0.005581045883890526,0.0038149768604194907,0.0019770487710608054
2518485,2,0,multi_method_not_mmr,explicit_mmr,0.4996398023763638,0.08240285191251064,0.034175085752815616,0.004380816181657815,0.09388407680859753,0.28551736696805463
2518486,2,0,multi_method_not_mmr,explicit_mmr,0.6561079485413943,0.11278424964721931,0.03463024604632303,0.005613334648852201,0.052477736082555786,0.1383864850336553
2518487,2,0,multi_method_not_mmr,explicit_mmr,0.5629447796562947,0.04020617761016961,0.04907879451422889,0.00584327340954043,0.07849216135314205,0.2634348134566244
2518685,5,0,quant_only,explicit_mmr,0.6551958890255497,0.13153971943594742,0.03220533594552117,0.0014565924822078317,0.0008501776582298329,0.17875228545254412
2518693,0,0,explicit_mmr,explicit_mmr,0.8070914738555526,0.16575735712513937,0.02432591908329582,5.428989444704557e-05,0.0009028393463140882,0.001868120695250848
2518732,2,3,multi_method_not_mmr,no_method_signal,0.0558174732254613,0.009143856255857083,0.12677219224856998,0.5588852778374926,0.055440257019465644,0.1939409434131532
2518733,2,3,multi_method_not_mmr,no_method_signal,0.007461075067056894,0.005014337676689676,0.09886416851537003,0.6861333138170777,0.02134072637803796,0.18118637854576794
2518804,0,0,explicit_mmr,explicit_mmr,0.9252189724215089,0.020909583361582624,0.008445027998875443,0.00045296972296112863,0.0002956633649066068,0.04467778313016524
2518892,0,0,explicit_mmr,explicit_mmr,0.6487977294055617,0.22311495264722425,0.007309381836684061,0.0016462079055583557,0.0037636782944622553,0.11536804991050961
2518893,0,1,explicit_mmr,implicit_mmr,0.3659889346919542,0.4040944105858925,0.026316405629072406,0.0037622135811626886,0.007832714670164664,0.1920053208417534
2519136,0,5,explicit_mmr,quant_only,0.20191283643707383,0.15157958015233491,0.020889218346032298,0.0006010346473758292,0.027682720952945734,0.5973346094642374
2520318,0,1,explicit_mmr,implicit_mmr,0.39986998604798674,0.5013723029696466,0.016161850898484646,0.004794584654180772,0.002074735224235691,0.07572654020546549
2524227,0,0,explicit_mmr,explicit_mmr,0.7233737662767192,0.06523366349327914,0.03988488626234889,0.032404171292205596,0.016047068706489486,0.12305644396895792
2524228,0,0,explicit_mmr,explicit_mmr,0.5777314880634935,0.11950220848749214,0.16540116942346683,0.02650451584457878,0.04567141366433765,0.06518920451663109
2524359,0,0,explicit_mmr,explicit_mmr,0.5767754512867671,0.22423190424440015,0.10820500180589836,0.0054893203138174545,0.03667217829297115,0.04862614405614582
2525692,3,1,no_method_signal,implicit_mmr,0.007209993058400513,0.7859434708882196,0.03437229731089679,0.11285810122805791,0.011050211786020558,0.04856592572840467
2526720,5,5,quant_only,quant_only,0.2783735058925519,0.020372395634042622,0.07823609851824716,0.12601006587417707,0.01715532897872601,0.47985260510225525
2526755,0,0,explicit_mmr,explicit_mmr,0.3791671104432861,0.06107651733355454,0.2024018250088734,0.23778849945843517,0.044067080372798044,0.07549896738305271
2526759,0,1,explicit_mmr,implicit_mmr,0.22458885775566415,0.3997315634029371,0.1638468744637274,0.049996887144099195,0.10891807839625377,0.05291773883731846
2526905,3,2,no_method_signal,multi_method_not_mmr,0.003138877048875696,0.024653056729670348,0.45562054028787574,0.19386667448448597,0.13276987160356754,0.1899509798455248
2527473,0,5,explicit_mmr,quant_only,0.09058056205821217,0.07192663907986797,0.0012529506814470913,0.012961016246995144,0.0012525435223851894,0.8220262884110924
2527743,2,5,multi_method_not_mmr,quant_only,0.037821790331652894,0.003494786581994491,0.0005497200716802979,0.002335089163355691,0.0013409726622085145,0.9544576411891083
2530060,0,0,explicit_mmr,explicit_mmr,0.6339516629254596,0.21480940473897905,0.046737294007784355,0.004095382367000418,0.0010798526013672306,0.0993264033594094
2530299,0,0,explicit_mmr,explicit_mmr,0.9644565988809853,0.03172946758006741,0.0033388396431741725,6.344266784190789e-08,0.00030044800870894137,0.00017458244439654233
2530457,0,0,explicit_mmr,explicit_mmr,0.6021741208838737,0.1486216094485728,0.09304151430630464,0.0009390481159766153,0.046868599570335845,0.10835510767493656
2530458,0,5,explicit_mmr,quant_only,0.23444552191002355,0.1975777702972399,0.03146088241952437,0.00013883856518971717,0.035873949929855396,0.5005030368781671
2533639,0,0,explicit_mmr,explicit_mmr,0.8212237130105449,0.006187188961932402,0.045173863380476346,0.009030415579735194,0.09577834205645887,0.022606477010852388
2533640,0,0,explicit_mmr,explicit_mmr,0.9598203411807654,0.002801622926701867,0.012463045848937048,0.0006493931497484815,0.02263820688205842,0.0016273900117889084
2534091,0,4,explicit_mmr,qual_only,0.09508655057625842,0.2159780955194586,0.029014738704430262,0.00032281851203475764,0.6564576169668581,0.003140179720959902
2534873,0,0,explicit_mmr,explicit_mmr,0.9322232646257219,0.014493102432329633,0.006027506323005522,0.0004923294123562439,0.0038281954410046715,0.042935601765582074
2541364,0,0,explicit_mmr,explicit_mmr,0.4334308188517317,0.06667210840816185,0.09645700693197513,0.09927988199743067,0.11510313827976537,0.18905704553093533
2545312,0,0,explicit_mmr,explicit_mmr,0.4465060052719898,0.12665462610650383,0.002587798648891103,0.001977802146357228,0.0022206264741505776,0.4200531413521075
2603026,0,0,explicit_mmr,explicit_mmr,0.7589474312935074,0.07733111555329462,0.08581543234430836,0.000586566134047775,0.07466105530134313,0.0026583993734987104
