award_node_idx,true_id,pred_id,true_label,pred_label,eval_split,prob_0,prob_1
11907,0,0,0,0,train,0.9511041045188904,0.048895906656980515
11960,0,0,0,0,train,0.9821271300315857,0.017872896045446396
11971,1,0,1,0,train,0.5128873586654663,0.4871126711368561
12047,1,0,1,0,train,0.5450907945632935,0.45490923523902893
12060,1,0,1,0,train,0.9732776284217834,0.026722310110926628
12136,1,0,1,0,train,0.7109091877937317,0.2890908420085907
12140,1,0,1,0,train,0.9804129004478455,0.01958703063428402
12141,0,0,0,0,train,0.9775003790855408,0.02249964326620102
12147,0,0,0,0,train,0.9831355214118958,0.01686439849436283
12148,0,0,0,0,train,0.9474098086357117,0.05259020999073982
12150,1,0,1,0,train,0.9789837002754211,0.021016232669353485
12151,1,0,1,0,train,0.9837049841880798,0.016295047476887703
12160,1,1,1,1,train,0.021274292841553688,0.9787256717681885
12166,1,0,1,0,train,0.8634673953056335,0.13653263449668884
12167,1,1,1,1,train,0.0050375331193208694,0.9949624538421631
12168,0,0,0,0,train,0.7100464105606079,0.2899535894393921
12183,1,1,1,1,train,0.002099563367664814,0.9979004859924316
12184,1,1,1,1,train,0.003108247648924589,0.9968917965888977
12186,1,1,1,1,train,0.005386087577790022,0.9946139454841614
12394,1,1,1,1,train,0.19971029460430145,0.8002896904945374
12402,0,0,0,0,train,0.9819654822349548,0.01803458109498024
12404,1,1,1,1,train,0.21338525414466858,0.786614716053009
12409,1,1,1,1,train,0.49490886926651,0.50509113073349
12528,0,0,0,0,train,0.9824121594429016,0.01758781261742115
12529,0,0,0,0,train,0.9828364253044128,0.01716364361345768
12580,0,0,0,0,train,0.9709500074386597,0.029049962759017944
12595,1,1,1,1,train,0.004190986976027489,0.9958089590072632
12598,1,1,1,1,train,0.007333677262067795,0.9926663041114807
12600,1,1,1,1,train,0.005800414364784956,0.9941996335983276
12746,0,0,0,0,train,0.9656634330749512,0.03433654457330704
12747,1,1,1,1,train,0.10419745743274689,0.8958025574684143
12760,0,0,0,0,train,0.6336256861686707,0.36637428402900696
12771,1,1,1,1,train,0.016958896070718765,0.9830410480499268
12812,1,0,1,0,train,0.6893197894096375,0.3106802701950073
12830,1,0,1,0,train,0.6326550245285034,0.36734500527381897
12832,1,1,1,1,train,0.48681360483169556,0.5131863951683044
12856,1,0,1,0,train,0.5214313864707947,0.4785686433315277
12857,1,1,1,1,train,0.005949904210865498,0.9940500855445862
12897,0,0,0,0,train,0.8911988735198975,0.10880117863416672
12907,1,1,1,1,train,0.07119503617286682,0.9288049936294556
12914,0,0,0,0,train,0.9472235441207886,0.05277641490101814
12921,0,0,0,0,train,0.964467465877533,0.035532549023628235
12922,0,0,0,0,train,0.9625399708747864,0.037460025399923325
12941,1,0,1,0,train,0.8103679418563843,0.18963204324245453
12946,1,1,1,1,train,0.2279590666294098,0.7720409631729126
12957,1,1,1,1,train,0.021232275292277336,0.9787676930427551
12965,1,1,1,1,train,0.005032951012253761,0.9949670433998108
12979,1,1,1,1,train,0.01202057208865881,0.9879794120788574
13108,0,0,0,0,train,0.9326786398887634,0.06732136011123657
13133,1,1,1,1,train,0.11947683990001678,0.8805230855941772
13176,1,1,1,1,train,0.018508991226553917,0.981490969657898
13177,1,1,1,1,train,0.005232411436736584,0.9947675466537476
13180,1,0,1,0,train,0.9428007006645203,0.057199325412511826
13223,0,0,0,0,train,0.9464474320411682,0.05355256423354149
13236,1,1,1,1,train,0.0073294430039823055,0.9926705360412598
13249,1,1,1,1,train,0.23565393686294556,0.7643460631370544
13254,1,1,1,1,train,0.008104946464300156,0.9918950200080872
13323,0,0,0,0,train,0.9619976282119751,0.03800232335925102
13355,0,0,0,0,train,0.9690054059028625,0.03099454753100872
13356,1,0,1,0,train,0.888878345489502,0.11112160980701447
13367,1,0,1,0,train,0.7687059044837952,0.23129402101039886
13385,1,1,1,1,train,0.40009555220603943,0.599904477596283
13387,1,1,1,1,train,0.004229899495840073,0.9957700371742249
13390,1,1,1,1,train,0.012186098843812943,0.9878138303756714
13391,1,1,1,1,train,0.021508468315005302,0.9784915447235107
13393,1,1,1,1,train,0.003009065752848983,0.9969909191131592
13403,1,1,1,1,train,0.004151921719312668,0.9958480596542358
13449,1,0,1,0,train,0.6417249441146851,0.35827499628067017
13450,1,1,1,1,train,0.003319547278806567,0.9966804385185242
13453,1,1,1,1,train,0.003044304670765996,0.9969557523727417
13454,1,1,1,1,train,0.0032905167900025845,0.9967094659805298
13473,1,1,1,1,train,0.009009038098156452,0.9909909963607788
13498,1,1,1,1,train,0.0030633993446826935,0.996936559677124
13499,0,1,0,1,train,0.15320180356502533,0.8467981815338135
13504,0,1,0,1,train,0.41716834902763367,0.582831621170044
13506,1,1,1,1,train,0.002177018206566572,0.9978229999542236
13518,1,1,1,1,train,0.004098132252693176,0.995901882648468
13524,1,1,1,1,train,0.0030557517893612385,0.9969442486763
13543,1,1,1,1,train,0.0022979776840656996,0.9977020621299744
13544,1,1,1,1,train,0.002274957951158285,0.9977250695228577
13579,1,1,1,1,train,0.11684092879295349,0.8831591010093689
13626,0,0,0,0,train,0.9818174242973328,0.01818256452679634
13666,1,0,1,0,train,0.8800166249275208,0.11998339742422104
13669,0,0,0,0,train,0.7838952541351318,0.21610479056835175
13713,1,1,1,1,train,0.2906859517097473,0.7093141078948975
13714,1,1,1,1,train,0.0037825454492121935,0.9962174296379089
13747,1,1,1,1,train,0.0030178790912032127,0.9969821572303772
13766,1,1,1,1,train,0.007635385729372501,0.9923646450042725
13799,1,0,1,0,train,0.5802212357521057,0.4197787344455719
13820,1,1,1,1,train,0.41996094584465027,0.5800390839576721
13847,1,1,1,1,train,0.23459312319755554,0.7654068470001221
13890,1,0,1,0,train,0.8030436038970947,0.19695639610290527
13914,1,1,1,1,train,0.025179484859108925,0.9748204946517944
13944,0,0,0,0,train,0.9622191190719604,0.037780873477458954
13965,1,1,1,1,train,0.2604563534259796,0.739543616771698
13967,1,1,1,1,train,0.2615493834018707,0.7384505867958069
13982,1,0,1,0,train,0.8183724284172058,0.18162758648395538
14013,1,0,1,0,train,0.8055240511894226,0.19447602331638336
14019,1,1,1,1,train,0.45035916566848755,0.5496407747268677
14033,1,0,1,0,train,0.7641053199768066,0.23589472472667694
14034,0,0,0,0,train,0.9572856426239014,0.04271429777145386
14059,1,1,1,1,train,0.003774181706830859,0.9962258338928223
14067,1,1,1,1,train,0.0036766165867447853,0.9963233470916748
14105,0,0,0,0,train,0.9534807205200195,0.04651925340294838
14122,0,0,0,0,train,0.9714505672454834,0.02854936011135578
14128,0,0,0,0,train,0.9676916003227234,0.03230838105082512
14163,1,1,1,1,train,0.0035371582489460707,0.996462881565094
14221,1,1,1,1,train,0.003536489326506853,0.9964634776115417
14223,1,1,1,1,train,0.06359613686800003,0.9364038109779358
14234,1,1,1,1,train,0.18486352264881134,0.8151364922523499
14236,0,0,0,0,train,0.9800218939781189,0.01997814141213894
14268,1,1,1,1,train,0.055331986397504807,0.9446680545806885
14280,1,0,1,0,train,0.9375528693199158,0.06244717165827751
14282,1,0,1,0,train,0.9678456783294678,0.032154276967048645
14288,0,0,0,0,train,0.7874882221221924,0.21251177787780762
14311,1,0,1,0,train,0.9720749258995056,0.027925094589591026
14352,1,0,1,0,train,0.9734804034233093,0.026519615203142166
14366,0,0,0,0,train,0.9817936420440674,0.018206287175416946
14373,1,0,1,0,train,0.8619654178619385,0.13803458213806152
14414,1,1,1,1,train,0.005121512338519096,0.9948784112930298
14511,1,1,1,1,train,0.01483770553022623,0.9851623177528381
14518,1,1,1,1,train,0.004232326988130808,0.9957677125930786
14528,0,0,0,0,train,0.9767475724220276,0.02325248345732689
14544,1,0,1,0,train,0.7782578468322754,0.22174209356307983
14548,1,0,1,0,train,0.9065525531768799,0.0934474840760231
14576,1,0,1,0,train,0.9453523755073547,0.054647576063871384
14590,1,1,1,1,train,0.1489160805940628,0.8510838747024536
14599,1,1,1,1,train,0.003027218859642744,0.9969727993011475
14601,1,0,1,0,train,0.6214099526405334,0.37859004735946655
14614,1,0,1,0,train,0.6770968437194824,0.3229030966758728
14677,1,0,1,0,train,0.8072618246078491,0.19273820519447327
14694,1,1,1,1,train,0.002587149851024151,0.9974128603935242
14707,1,0,1,0,train,0.526214599609375,0.4737854599952698
14710,1,1,1,1,train,0.14966773986816406,0.8503323197364807
14712,1,1,1,1,train,0.0583915188908577,0.9416084289550781
14715,1,1,1,1,train,0.08186850696802139,0.9181315302848816
14739,1,0,1,0,train,0.5554784536361694,0.4445214867591858
14752,1,1,1,1,train,0.003316883696243167,0.9966830611228943
14753,1,1,1,1,train,0.0027167145162820816,0.9972832202911377
14754,1,1,1,1,train,0.0028685929719358683,0.99713134765625
14827,1,0,1,0,train,0.7860086560249329,0.21399132907390594
14841,0,0,0,0,train,0.9828358292579651,0.017164113000035286
14848,0,0,0,0,train,0.9841625690460205,0.015837451443076134
14871,1,0,1,0,train,0.9532116055488586,0.046788398176431656
14875,0,0,0,0,train,0.980124831199646,0.019875138998031616
14882,1,1,1,1,train,0.0022181146778166294,0.9977819323539734
14897,1,0,1,0,train,0.8577874302864075,0.14221256971359253
14899,1,0,1,0,train,0.7379054427146912,0.26209455728530884
14910,1,1,1,1,train,0.121986523270607,0.878013551235199
14913,1,1,1,1,train,0.06841069459915161,0.9315893650054932
14917,0,0,0,0,train,0.5356961488723755,0.4643038511276245
14953,1,1,1,1,train,0.16302454471588135,0.8369754552841187
14962,1,0,1,0,train,0.6644510626792908,0.33554893732070923
14963,1,1,1,1,train,0.4986293613910675,0.5013706088066101
15013,1,1,1,1,train,0.01147198211401701,0.9885280132293701
15022,0,1,0,1,train,0.4674927294254303,0.5325072407722473
15026,0,0,0,0,train,0.9746785759925842,0.0253214742988348
15027,0,0,0,0,train,0.9628380537033081,0.03716197609901428
15030,1,0,1,0,train,0.9726396203041077,0.027360374107956886
15116,0,0,0,0,train,0.9552872180938721,0.0447128601372242
15122,0,0,0,0,train,0.9369290471076965,0.06307096034288406
15163,1,1,1,1,train,0.004614861216396093,0.9953851103782654
15177,1,1,1,1,train,0.004360450431704521,0.9956395626068115
15183,1,1,1,1,train,0.0074431393295526505,0.9925568103790283
15192,1,1,1,1,train,0.0020671947859227657,0.9979327917098999
15202,1,1,1,1,train,0.011918952688574791,0.9880810976028442
15210,1,1,1,1,train,0.16427546739578247,0.8357244729995728
15231,1,1,1,1,train,0.05174751207232475,0.9482524394989014
15238,0,0,0,0,train,0.6548542380332947,0.3451458215713501
15279,1,0,1,0,train,0.6630964875221252,0.33690357208251953
15307,1,0,1,0,train,0.8624871969223022,0.13751280307769775
15320,1,0,1,0,train,0.5732287764549255,0.42677128314971924
15343,1,1,1,1,train,0.02426815964281559,0.9757319092750549
15353,1,1,1,1,train,0.08793926984071732,0.9120606780052185
15354,0,0,0,0,train,0.984626829624176,0.015373148955404758
15384,1,0,1,0,train,0.5056470632553101,0.49435296654701233
15402,1,1,1,1,train,0.004938161000609398,0.9950618147850037
15426,1,0,1,0,train,0.5975469350814819,0.4024530351161957
15427,1,1,1,1,train,0.004688773769885302,0.9953112006187439
15431,1,1,1,1,train,0.004629017319530249,0.9953709244728088
15438,1,1,1,1,train,0.002787457313388586,0.9972125887870789
15445,1,0,1,0,train,0.8147458434104919,0.18525411188602448
15456,1,1,1,1,train,0.002287458162754774,0.9977124929428101
15463,1,1,1,1,train,0.3433878421783447,0.6566121578216553
15469,0,0,0,0,train,0.5118445754051208,0.48815542459487915
15476,1,1,1,1,train,0.002784816548228264,0.9972151517868042
15480,1,1,1,1,train,0.4311206638813019,0.5688793063163757
15494,1,1,1,1,train,0.22016660869121552,0.7798333168029785
15514,0,0,0,0,train,0.9678349494934082,0.0321650467813015
15521,1,1,1,1,train,0.09655043482780457,0.9034495949745178
15522,0,0,0,0,train,0.9763544797897339,0.023645518347620964
15541,0,0,0,0,train,0.9685455560684204,0.03145444765686989
15544,1,1,1,1,train,0.3973310887813568,0.6026688814163208
15596,1,1,1,1,train,0.4380495548248291,0.5619504451751709
15622,0,0,0,0,train,0.9489259719848633,0.051074057817459106
15623,0,0,0,0,train,0.9445729851722717,0.055426985025405884
15635,1,1,1,1,train,0.25424981117248535,0.7457501888275146
15702,1,0,1,0,train,0.556770384311676,0.4432295858860016
15703,1,0,1,0,train,0.9556838870048523,0.0443161278963089
15704,1,0,1,0,train,0.6974796652793884,0.3025203347206116
15705,1,0,1,0,train,0.7167781591415405,0.28322190046310425
15706,0,0,0,0,train,0.969986617565155,0.03001338429749012
15707,0,0,0,0,train,0.606877326965332,0.39312270283699036
15708,1,1,1,1,train,0.33506613969802856,0.6649339199066162
15709,1,0,1,0,train,0.9399193525314331,0.060080643743276596
15710,1,1,1,1,train,0.21240182220935822,0.7875982522964478
15711,0,0,0,0,train,0.9017472267150879,0.09825282543897629
15712,1,1,1,1,train,0.1302560567855835,0.8697439432144165
15713,1,0,1,0,train,0.7800480723381042,0.21995191276073456
15714,1,1,1,1,train,0.19440282881259918,0.805597186088562
15731,1,0,1,0,train,0.7643017172813416,0.23569828271865845
15775,0,0,0,0,train,0.9759773015975952,0.024022653698921204
15786,1,0,1,0,train,0.6271233558654785,0.3728766441345215
15837,1,1,1,1,train,0.32105639576911926,0.6789436340332031
15838,1,1,1,1,train,0.3672187626361847,0.6327812075614929
15840,1,0,1,0,train,0.7489364743232727,0.25106358528137207
15841,1,1,1,1,train,0.3273219168186188,0.6726781129837036
15842,1,1,1,1,train,0.0027246237732470036,0.9972754120826721
15868,1,0,1,0,train,0.576546311378479,0.42345374822616577
15870,1,1,1,1,train,0.007332490291446447,0.9926674962043762
15892,1,1,1,1,train,0.004759170580655336,0.9952408075332642
15928,1,1,1,1,train,0.0021009461488574743,0.997899055480957
15948,1,1,1,1,train,0.0026712981052696705,0.9973287582397461
15950,1,1,1,1,train,0.00799957662820816,0.9920004606246948
15955,1,1,1,1,train,0.0027985116466879845,0.9972014427185059
15957,1,1,1,1,train,0.003022910561412573,0.9969770908355713
15988,1,0,1,0,train,0.9395623207092285,0.060437653213739395
15996,1,1,1,1,train,0.003729398362338543,0.9962705373764038
16004,1,1,1,1,train,0.0019650468602776527,0.9980350136756897
16026,1,1,1,1,train,0.0021833935752511024,0.9978165626525879
16034,1,1,1,1,train,0.002257582964375615,0.9977424144744873
16038,1,1,1,1,train,0.0033287436235696077,0.9966712594032288
16040,0,0,0,0,train,0.8713529706001282,0.1286471039056778
16042,1,1,1,1,train,0.0019679104443639517,0.9980320334434509
16047,1,1,1,1,train,0.003297947347164154,0.9967020153999329
16049,1,1,1,1,train,0.002378699602559209,0.9976212382316589
16055,1,1,1,1,train,0.0025802194140851498,0.9974198341369629
16062,1,1,1,1,train,0.0022618414368480444,0.9977381229400635
16065,1,1,1,1,train,0.0023697817232459784,0.99763023853302
16088,1,1,1,1,train,0.0023477505892515182,0.9976522326469421
16107,1,1,1,1,train,0.02900802716612816,0.9709919095039368
16130,1,1,1,1,train,0.0024163126945495605,0.9975836277008057
16162,1,1,1,1,train,0.002248526317998767,0.9977514147758484
16191,1,1,1,1,train,0.12619459629058838,0.8738054037094116
16203,1,0,1,0,train,0.5184592604637146,0.4815406799316406
16204,1,0,1,0,train,0.8633767366409302,0.1366233080625534
16210,1,0,1,0,train,0.7220855355262756,0.2779144048690796
16211,0,1,0,1,train,0.10787323862314224,0.892126739025116
16213,1,1,1,1,train,0.0035164591390639544,0.996483564376831
16221,1,1,1,1,train,0.018652835860848427,0.9813472032546997
16231,1,1,1,1,train,0.002257653046399355,0.9977424144744873
16260,0,0,0,0,train,0.8769737482070923,0.12302625179290771
16270,1,0,1,0,train,0.6186641454696655,0.3813358545303345
16275,1,0,1,0,train,0.7109367251396179,0.28906330466270447
16368,1,1,1,1,train,0.007455052342265844,0.992544949054718
16376,0,0,0,0,train,0.9832736253738403,0.016726350411772728
16379,1,1,1,1,train,0.0024835001677274704,0.9975165128707886
16380,1,1,1,1,train,0.0023478390648961067,0.9976522326469421
16383,1,1,1,1,train,0.0026066454593092203,0.9973933696746826
16420,1,1,1,1,train,0.07752149552106857,0.9224784970283508
16423,1,1,1,1,train,0.03465164080262184,0.9653483629226685
16456,1,1,1,1,train,0.002555070212110877,0.9974449872970581
16462,0,0,0,0,train,0.8873606324195862,0.11263933777809143
16480,1,1,1,1,train,0.08979374170303345,0.9102061986923218
16483,0,0,0,0,train,0.5177953243255615,0.48220470547676086
16489,0,0,0,0,train,0.7926971912384033,0.20730280876159668
16505,0,0,0,0,train,0.8483870625495911,0.15161290764808655
16573,1,0,1,0,train,0.6503926515579224,0.34960734844207764
16577,1,0,1,0,train,0.5767505168914795,0.42324942350387573
16591,1,1,1,1,train,0.15920786559581757,0.8407921195030212
16626,0,0,0,0,train,0.899095356464386,0.1009046658873558
16637,1,1,1,1,train,0.4360015094280243,0.5639985203742981
16707,1,0,1,0,train,0.9260942339897156,0.07390578836202621
16708,0,0,0,0,train,0.9719879627227783,0.02801203913986683
16709,0,0,0,0,train,0.96803879737854,0.031961165368556976
16710,0,0,0,0,train,0.9096505045890808,0.09034951776266098
16711,1,1,1,1,train,0.40007826685905457,0.5999217629432678
16746,1,1,1,1,train,0.3885737359523773,0.6114262342453003
16774,1,1,1,1,train,0.003706853138282895,0.9962931275367737
16779,1,0,1,0,train,0.8227609395980835,0.1772390753030777
16789,1,0,1,0,train,0.5583139061927795,0.44168606400489807
16794,0,1,0,1,train,0.11195513606071472,0.8880448937416077
16804,1,1,1,1,train,0.2575168311595917,0.7424831986427307
16819,0,0,0,0,train,0.9622835516929626,0.037716444581747055
16833,1,0,1,0,train,0.5422441363334656,0.4577558636665344
16842,0,0,0,0,train,0.6785041093826294,0.321495920419693
16850,1,1,1,1,train,0.0037398538552224636,0.9962601661682129
16857,1,1,1,1,train,0.002381653757765889,0.9976183772087097
16859,1,1,1,1,train,0.0019399102311581373,0.9980600476264954
16881,1,1,1,1,train,0.002504511270672083,0.9974954724311829
16897,1,1,1,1,train,0.010567137971520424,0.9894328713417053
16911,1,1,1,1,train,0.0025982405059039593,0.9974018335342407
16925,1,1,1,1,train,0.0021186682861298323,0.9978813529014587
16932,1,1,1,1,train,0.45608484745025635,0.5439150929450989
16967,1,1,1,1,train,0.0025195132475346327,0.9974804520606995
16989,1,1,1,1,train,0.0020437410566955805,0.9979562759399414
17018,1,1,1,1,train,0.0025385392364114523,0.9974614381790161
17056,1,1,1,1,train,0.0020612666849046946,0.9979386925697327
17058,1,1,1,1,train,0.003979647532105446,0.9960203766822815
17063,1,1,1,1,train,0.17302656173706055,0.8269733786582947
17086,1,1,1,1,train,0.0026054023765027523,0.9973945617675781
17115,1,1,1,1,train,0.029884295538067818,0.9701157212257385
17128,1,1,1,1,train,0.003458640770986676,0.9965413212776184
17145,1,1,1,1,train,0.010662892833352089,0.9893370866775513
17173,1,1,1,1,train,0.008516833186149597,0.9914831519126892
17177,1,1,1,1,train,0.003536543343216181,0.9964634776115417
17180,1,1,1,1,train,0.002085446147248149,0.9979144930839539
17194,0,1,0,1,train,0.05826643481850624,0.9417335987091064
17195,1,1,1,1,train,0.07293134927749634,0.9270687103271484
17197,1,1,1,1,train,0.005058440379798412,0.9949415326118469
17198,1,1,1,1,train,0.0051493532955646515,0.9948506951332092
17210,1,1,1,1,train,0.0041132839396595955,0.9958867430686951
17264,1,1,1,1,train,0.1575029343366623,0.8424971103668213
17272,0,1,0,1,train,0.049567967653274536,0.9504320025444031
17278,1,0,1,0,train,0.611537516117096,0.38846248388290405
17279,1,1,1,1,train,0.31926214694976807,0.6807379126548767
17284,1,0,1,0,train,0.6296838521957397,0.37031614780426025
17301,1,0,1,0,train,0.6080818176269531,0.3919181525707245
17322,1,1,1,1,train,0.02994716353714466,0.9700528979301453
17331,1,1,1,1,train,0.3418174088001251,0.6581825613975525
17372,1,1,1,1,train,0.10047430545091629,0.8995257019996643
17389,1,1,1,1,train,0.04115800932049751,0.9588420391082764
17406,1,1,1,1,train,0.2496112734079361,0.7503887414932251
17413,1,1,1,1,train,0.008792064152657986,0.9912079572677612
17425,1,1,1,1,train,0.019222615286707878,0.9807774424552917
17463,1,1,1,1,train,0.0019885781221091747,0.9980113506317139
17493,1,1,1,1,train,0.02145450934767723,0.9785455465316772
17579,1,1,1,1,train,0.0026645606849342585,0.9973353743553162
17598,1,1,1,1,train,0.010990518145263195,0.989009439945221
17599,1,1,1,1,train,0.17813165485858917,0.821868360042572
17603,1,1,1,1,train,0.007766354829072952,0.9922336339950562
17630,1,0,1,0,train,0.9770231246948242,0.02297689951956272
17659,1,1,1,1,train,0.3888002932071686,0.611199676990509
17698,1,1,1,1,train,0.13241341710090637,0.867586612701416
17729,1,0,1,0,train,0.7589579820632935,0.24104198813438416
17847,1,0,1,0,train,0.9053003191947937,0.0946996733546257
17857,1,0,1,0,train,0.9040054082870483,0.09599456936120987
17870,0,0,0,0,train,0.9755622148513794,0.024437714368104935
17874,1,1,1,1,train,0.0034547809045761824,0.9965452551841736
17911,1,1,1,1,train,0.2907170355319977,0.7092829346656799
17916,1,0,1,0,train,0.9614359140396118,0.03856406733393669
17917,1,0,1,0,train,0.9373833537101746,0.06261667609214783
17921,1,1,1,1,train,0.022258315235376358,0.9777416586875916
17939,1,1,1,1,train,0.002305175643414259,0.9976947903633118
17946,1,1,1,1,train,0.002230639336630702,0.9977693557739258
17947,1,0,1,0,train,0.9042598605155945,0.09574009478092194
17948,1,1,1,1,train,0.0019819980952888727,0.9980180263519287
17963,1,1,1,1,train,0.002659894060343504,0.9973401427268982
17964,1,1,1,1,train,0.002684042090550065,0.9973159432411194
17965,1,1,1,1,train,0.0034987868275493383,0.9965012073516846
17967,1,1,1,1,train,0.0022209405433386564,0.9977790713310242
17976,1,1,1,1,train,0.0037416915874928236,0.9962583780288696
17977,1,1,1,1,train,0.0050152069889009,0.9949847459793091
17995,1,1,1,1,train,0.10690678656101227,0.8930931687355042
18000,1,1,1,1,train,0.07681994140148163,0.923180103302002
18003,1,1,1,1,train,0.07358711957931519,0.9264129400253296
18012,1,1,1,1,train,0.0028233404736965895,0.9971766471862793
18053,1,1,1,1,train,0.0024676669854670763,0.9975322484970093
18062,1,1,1,1,train,0.0037876267451792955,0.996212363243103
18073,1,1,1,1,train,0.0031594426836818457,0.9968405961990356
18086,1,1,1,1,train,0.002167515689507127,0.9978324770927429
18087,1,1,1,1,train,0.00454660365357995,0.9954533576965332
18101,1,1,1,1,train,0.0020762437488883734,0.997923731803894
18109,1,1,1,1,train,0.010975285433232784,0.9890246987342834
18116,1,1,1,1,train,0.0027894831728190184,0.9972105622291565
18120,1,1,1,1,train,0.14405466616153717,0.8559452891349792
18131,1,1,1,1,train,0.0025165912229567766,0.9974834322929382
18135,1,1,1,1,train,0.009808722883462906,0.9901912212371826
18153,1,1,1,1,train,0.0038035870529711246,0.9961963891983032
18159,1,1,1,1,train,0.0019137866329401731,0.9980862140655518
18187,1,1,1,1,train,0.0023192281369119883,0.9976807832717896
18202,1,1,1,1,train,0.0021692116279155016,0.9978308081626892
18224,0,0,0,0,train,0.955487847328186,0.044512201100587845
18297,1,1,1,1,train,0.13129252195358276,0.8687074780464172
18301,1,1,1,1,train,0.28227826952934265,0.717721700668335
18313,1,1,1,1,train,0.20871633291244507,0.7912836670875549
18315,1,1,1,1,train,0.004346546251326799,0.9956533908843994
18318,1,1,1,1,train,0.010137601755559444,0.9898624420166016
18327,1,1,1,1,train,0.3513762354850769,0.6486237645149231
18328,0,1,0,1,train,0.2034706473350525,0.7965293526649475
18334,1,1,1,1,train,0.43314218521118164,0.5668578147888184
18342,1,1,1,1,train,0.007831605151295662,0.9921683669090271
18349,1,1,1,1,train,0.00918637402355671,0.990813672542572
18377,0,1,0,1,train,0.27312156558036804,0.7268784642219543
18391,1,1,1,1,train,0.002439567120745778,0.9975603818893433
18396,1,0,1,0,train,0.9591851234436035,0.04081494361162186
18397,1,0,1,0,train,0.7373244166374207,0.26267552375793457
18422,1,1,1,1,train,0.006314887665212154,0.9936850666999817
18424,1,1,1,1,train,0.002249934710562229,0.9977501034736633
18425,1,1,1,1,train,0.0033515794202685356,0.996648371219635
18426,1,1,1,1,train,0.002251151017844677,0.9977487921714783
18438,1,1,1,1,train,0.0021905547473579645,0.9978094696998596
18444,1,1,1,1,train,0.0024551923852413893,0.9975448250770569
18448,1,1,1,1,train,0.0028767308685928583,0.9971233010292053
18451,1,1,1,1,train,0.0023000205401331186,0.997700035572052
18465,1,1,1,1,train,0.002703069243580103,0.9972969889640808
18499,0,0,0,0,train,0.6099091172218323,0.3900909125804901
18517,1,1,1,1,train,0.03495105728507042,0.9650489687919617
18570,1,1,1,1,train,0.002607024973258376,0.997393012046814
18580,1,1,1,1,train,0.0023839569184929132,0.9976160526275635
18603,1,1,1,1,train,0.002233463106676936,0.9977664947509766
18695,0,0,0,0,train,0.9293921589851379,0.07060784846544266
18748,1,1,1,1,train,0.0022087711840867996,0.9977911710739136
18803,1,1,1,1,train,0.2873169481754303,0.7126830220222473
18804,1,0,1,0,train,0.5201079249382019,0.4798920750617981
18809,1,1,1,1,train,0.23044192790985107,0.7695580720901489
18811,1,1,1,1,train,0.23671115934848785,0.7632888555526733
18868,1,1,1,1,train,0.0027334431651979685,0.9972665309906006
18905,1,1,1,1,train,0.0018706172704696655,0.9981294274330139
18911,1,1,1,1,train,0.00387291400693357,0.9961270689964294
18913,1,1,1,1,train,0.004075268749147654,0.995924711227417
18917,1,1,1,1,train,0.0038855248130857944,0.9961144924163818
18919,1,1,1,1,train,0.002158807124942541,0.9978411197662354
18923,1,1,1,1,train,0.0026161724235862494,0.9973837733268738
18924,1,1,1,1,train,0.0020965260919183493,0.9979034662246704
18930,1,1,1,1,train,0.0022092736326158047,0.9977906942367554
18962,1,1,1,1,train,0.13284115493297577,0.8671588897705078
18967,0,1,0,1,train,0.21432897448539734,0.785671055316925
19013,1,1,1,1,train,0.31342893838882446,0.6865711212158203
19018,1,1,1,1,train,0.22790037095546722,0.7720996737480164
19042,1,1,1,1,train,0.4314742684364319,0.5685257315635681
19068,1,1,1,1,train,0.014001097530126572,0.9859988689422607
19071,0,1,0,1,train,0.21474799513816833,0.7852519750595093
19073,0,0,0,0,train,0.8753010630607605,0.12469891458749771
19110,0,1,0,1,train,0.26831844449043274,0.7316815853118896
19132,0,0,0,0,train,0.9654216766357422,0.034578338265419006
19137,0,0,0,0,train,0.5265780687332153,0.4734219014644623
19144,1,1,1,1,train,0.022536784410476685,0.9774632453918457
19157,1,1,1,1,train,0.11249774694442749,0.8875021934509277
19170,1,1,1,1,train,0.006507517769932747,0.9934924244880676
19188,1,1,1,1,train,0.0025334551464766264,0.9974665641784668
19197,1,1,1,1,train,0.002496266970410943,0.9975036978721619
19200,1,1,1,1,train,0.0035542414989322424,0.9964458346366882
19241,1,1,1,1,train,0.0021037543192505836,0.9978961944580078
19244,1,1,1,1,train,0.0050038560293614864,0.994996190071106
19252,1,1,1,1,train,0.0025429173838347197,0.9974570870399475
19266,1,1,1,1,train,0.0073904599994421005,0.9926095604896545
19277,1,1,1,1,train,0.0025799800641834736,0.997420072555542
19279,1,1,1,1,train,0.0021040295250713825,0.9978959560394287
19320,0,1,0,1,train,0.15456761419773102,0.8454323410987854
19347,1,1,1,1,train,0.002663805615156889,0.997336208820343
19372,1,1,1,1,train,0.0670258104801178,0.9329742193222046
19386,1,1,1,1,train,0.20837058126926422,0.791629433631897
19393,1,1,1,1,train,0.0020253073889762163,0.997974693775177
19398,1,1,1,1,train,0.0028019207529723644,0.9971981048583984
19399,1,1,1,1,train,0.0026595829986035824,0.9973403811454773
19402,1,1,1,1,train,0.00266662472859025,0.9973334074020386
19405,1,1,1,1,train,0.0031314746011048555,0.9968685507774353
19422,1,1,1,1,train,0.0021956509444862604,0.9978043437004089
19424,1,1,1,1,train,0.008392528630793095,0.9916075468063354
19439,1,1,1,1,train,0.002732517896220088,0.997267484664917
19443,1,0,1,0,train,0.8684340119361877,0.13156594336032867
19452,1,1,1,1,train,0.4054275453090668,0.5945724248886108
19466,1,1,1,1,train,0.0025923671200871468,0.9974076151847839
19473,1,1,1,1,train,0.006051504053175449,0.9939484596252441
19487,1,1,1,1,train,0.31235265731811523,0.68764728307724
19488,0,1,0,1,train,0.3303709030151367,0.6696290373802185
19522,1,1,1,1,train,0.09498997032642365,0.9050100445747375
19536,1,1,1,1,train,0.0027585900388658047,0.9972413778305054
19555,1,1,1,1,train,0.08692032843828201,0.9130796790122986
19581,1,1,1,1,train,0.03908156231045723,0.9609184861183167
19582,1,1,1,1,train,0.0270062442868948,0.9729937314987183
19583,1,1,1,1,train,0.025636322796344757,0.9743636846542358
19586,1,1,1,1,train,0.02507801540195942,0.9749220013618469
19589,1,1,1,1,train,0.02606046572327614,0.9739394783973694
19597,1,1,1,1,train,0.06801549345254898,0.9319844841957092
19621,1,1,1,1,train,0.002699913689866662,0.9973000884056091
19632,1,1,1,1,train,0.09685447812080383,0.9031455516815186
19644,1,1,1,1,train,0.04621844366192818,0.9537815451622009
19653,1,1,1,1,train,0.0033560646697878838,0.9966439008712769
19657,1,1,1,1,train,0.08394622057676315,0.916053831577301
19706,1,1,1,1,train,0.013636020012199879,0.98636394739151
19745,1,1,1,1,train,0.1519266664981842,0.8480733633041382
19764,1,1,1,1,train,0.002699933247640729,0.9973000884056091
19766,1,1,1,1,train,0.0030259327031672,0.9969741106033325
19768,1,1,1,1,train,0.0030401195399463177,0.996959924697876
19770,1,1,1,1,train,0.002254154998809099,0.9977458119392395
19796,1,1,1,1,train,0.0034569846466183662,0.9965429902076721
19827,1,1,1,1,train,0.0037468192167580128,0.9962531328201294
19846,1,1,1,1,train,0.049036432057619095,0.9509634971618652
19870,1,1,1,1,train,0.1778305321931839,0.8221694231033325
19873,1,1,1,1,train,0.0033374016638845205,0.9966625571250916
19892,1,1,1,1,train,0.081367127597332,0.9186328649520874
19933,1,1,1,1,train,0.0025920576881617308,0.9974079728126526
19937,1,1,1,1,train,0.006536848843097687,0.9934631586074829
19978,1,1,1,1,train,0.015546494163572788,0.9844534993171692
19991,1,1,1,1,train,0.028137674555182457,0.9718623161315918
19992,1,1,1,1,train,0.01387186348438263,0.9861280918121338
19993,1,1,1,1,train,0.036452360451221466,0.9635476469993591
20108,1,1,1,1,train,0.003187397727742791,0.996812641620636
20122,1,1,1,1,train,0.002424598438665271,0.9975754618644714
20124,1,1,1,1,train,0.002343319822102785,0.9976567029953003
20131,0,0,0,0,train,0.6614953279495239,0.33850470185279846
20218,1,1,1,1,train,0.001909059938043356,0.998090922832489
20250,0,0,0,0,train,0.9103321433067322,0.08966784924268723
20258,0,0,0,0,train,0.8128355145454407,0.18716445565223694
20264,0,1,0,1,train,0.18914727866649628,0.8108527064323425
20300,1,1,1,1,train,0.0028183171525597572,0.9971816539764404
20306,1,1,1,1,train,0.0021490659564733505,0.9978510141372681
20308,1,1,1,1,train,0.0030727891717106104,0.9969272017478943
20323,1,1,1,1,train,0.0024285654071718454,0.9975714087486267
20371,1,1,1,1,train,0.0023930261377245188,0.9976069927215576
20387,1,1,1,1,train,0.40968912839889526,0.5903108716011047
20390,1,0,1,0,train,0.8048098683357239,0.1951901763677597
20407,0,0,0,0,train,0.6715266704559326,0.3284733295440674
20414,1,0,1,0,train,0.7748363614082336,0.22516360878944397
20417,0,0,0,0,train,0.9659945964813232,0.03400546312332153
20426,1,1,1,1,train,0.005957063287496567,0.9940429329872131
20437,1,1,1,1,train,0.0022377243731170893,0.9977623224258423
20466,0,1,0,1,train,0.26141250133514404,0.738587498664856
20495,1,1,1,1,train,0.002307826653122902,0.9976922273635864
20498,1,1,1,1,train,0.006032275967299938,0.9939677715301514
20501,1,1,1,1,train,0.0038327237125486135,0.9961672425270081
20511,1,1,1,1,train,0.16216683387756348,0.8378332257270813
20514,1,1,1,1,train,0.0017574528465047479,0.9982424974441528
20579,1,1,1,1,train,0.002445049351081252,0.9975549578666687
20589,1,1,1,1,train,0.0021530594676733017,0.9978469610214233
20600,1,1,1,1,train,0.07092204689979553,0.9290779829025269
20619,1,1,1,1,train,0.17002829909324646,0.8299717307090759
20632,1,0,1,0,train,0.6505506634712219,0.34944936633110046
20637,0,0,0,0,train,0.6610668897628784,0.33893319964408875
20642,1,1,1,1,train,0.13937586545944214,0.8606240749359131
20645,1,1,1,1,train,0.002302017295733094,0.9976980090141296
20653,1,1,1,1,train,0.0030238935723900795,0.9969761371612549
20656,1,1,1,1,train,0.002400274621322751,0.9975997805595398
20657,1,1,1,1,train,0.001967126503586769,0.9980328679084778
20664,1,1,1,1,train,0.0024405315052717924,0.9975594282150269
20667,1,1,1,1,train,0.0029747835360467434,0.997025191783905
20673,1,1,1,1,train,0.0019733053632080555,0.9980266690254211
20674,1,1,1,1,train,0.002507939701899886,0.9974920749664307
20683,1,1,1,1,train,0.0021669340785592794,0.9978330731391907
20685,1,1,1,1,train,0.002173794899135828,0.9978261590003967
20709,1,1,1,1,train,0.39622193574905396,0.603778064250946
20733,1,1,1,1,train,0.0025140102952718735,0.9974859952926636
20744,1,1,1,1,train,0.0022502364590764046,0.9977497458457947
20754,1,1,1,1,train,0.002874725265428424,0.9971253275871277
20770,1,1,1,1,train,0.002414440270513296,0.9975855350494385
20772,1,1,1,1,train,0.0020751808770000935,0.9979248046875
20784,1,0,1,0,train,0.5731028318405151,0.4268971085548401
20799,1,0,1,0,train,0.6156310439109802,0.3843689560890198
20800,1,0,1,0,train,0.612152099609375,0.3878478705883026
20801,1,1,1,1,train,0.46666890382766724,0.5333311557769775
20822,1,1,1,1,train,0.14023639261722565,0.8597636222839355
20823,0,1,0,1,train,0.0337543860077858,0.9662455916404724
20845,1,1,1,1,train,0.0030701057985424995,0.996929943561554
20916,1,1,1,1,train,0.0025985415559262037,0.9974014759063721
20925,1,1,1,1,train,0.0025629273150116205,0.9974370002746582
20948,1,1,1,1,train,0.003236853750422597,0.9967631101608276
20953,1,1,1,1,train,0.00227357423864305,0.9977263808250427
20957,1,1,1,1,train,0.0025793088134378195,0.9974206686019897
20960,1,1,1,1,train,0.005211312789469957,0.994788646697998
21023,1,1,1,1,train,0.0017957139061763883,0.998204231262207
21028,1,1,1,1,train,0.002270699944347143,0.9977293610572815
21062,0,1,0,1,train,0.12921252846717834,0.8707874417304993
21065,1,0,1,0,train,0.6512619256973267,0.34873807430267334
21097,1,1,1,1,train,0.0021945335902273655,0.9978054165840149
21118,1,1,1,1,train,0.0035909535363316536,0.996408998966217
21122,1,1,1,1,train,0.03573678806424141,0.9642632603645325
21136,1,1,1,1,train,0.10366204380989075,0.8963379263877869
21155,1,1,1,1,train,0.0029522927943617105,0.9970477223396301
21171,1,1,1,1,train,0.0033381618559360504,0.996661901473999
21183,1,1,1,1,train,0.002807917073369026,0.9971920847892761
21184,1,1,1,1,train,0.0021890588104724884,0.9978110194206238
21188,1,1,1,1,train,0.005213686265051365,0.994786262512207
21196,1,1,1,1,train,0.030740801244974136,0.9692592024803162
21199,1,1,1,1,train,0.3250401020050049,0.6749598979949951
21204,1,1,1,1,train,0.003076492575928569,0.9969235062599182
21218,1,1,1,1,train,0.07641325891017914,0.9235867857933044
21227,1,1,1,1,train,0.003270614193752408,0.9967293739318848
21230,1,1,1,1,train,0.00249939295463264,0.9975005984306335
21244,0,1,0,1,train,0.002964981831610203,0.997035026550293
21256,0,1,0,1,train,0.0262666754424572,0.9737333059310913
21267,1,1,1,1,train,0.002183753065764904,0.9978162050247192
21285,1,1,1,1,train,0.0026425537653267384,0.9973574280738831
21334,1,1,1,1,train,0.0019579334184527397,0.9980419874191284
21397,1,1,1,1,train,0.024126417934894562,0.9758735299110413
21413,1,1,1,1,train,0.005409531760960817,0.9945905208587646
21445,0,0,0,0,train,0.9722575545310974,0.027742493897676468
21499,1,1,1,1,train,0.018950140103697777,0.9810498356819153
21503,1,1,1,1,train,0.001760896178893745,0.9982390403747559
21528,0,1,0,1,train,0.1133616492152214,0.886638343334198
21569,1,1,1,1,train,0.002032125135883689,0.9979678988456726
21585,1,1,1,1,train,0.0033317776396870613,0.99666827917099
21590,1,1,1,1,train,0.002278990112245083,0.9977210164070129
21604,1,1,1,1,train,0.003383127273991704,0.9966168999671936
21606,1,1,1,1,train,0.2597542703151703,0.7402456998825073
21617,1,1,1,1,train,0.0022673101630061865,0.9977326393127441
21620,1,1,1,1,train,0.002352932933717966,0.9976471066474915
21626,1,1,1,1,train,0.0022536972537636757,0.9977462887763977
21635,1,1,1,1,train,0.004662637133151293,0.9953373670578003
21637,1,1,1,1,train,0.0023144877050071955,0.9976855516433716
21651,1,1,1,1,train,0.002563010435551405,0.9974370002746582
21654,1,1,1,1,train,0.029398342594504356,0.9706016182899475
21669,1,1,1,1,train,0.06855642795562744,0.9314435720443726
21694,0,0,0,0,train,0.9011437296867371,0.09885633736848831
21702,1,0,1,0,train,0.7526774406433105,0.24732261896133423
21749,1,1,1,1,train,0.004372042138129473,0.9956279993057251
21751,1,1,1,1,train,0.2611047923564911,0.7388952374458313
21774,1,1,1,1,train,0.02402361109852791,0.9759764075279236
21801,1,1,1,1,train,0.010272000916302204,0.9897280335426331
21808,1,1,1,1,train,0.001911110826767981,0.9980888962745667
21809,1,1,1,1,train,0.002054372103884816,0.9979456067085266
21819,1,1,1,1,train,0.0024455636739730835,0.9975544810295105
21839,1,1,1,1,train,0.002417575567960739,0.9975824356079102
21847,1,1,1,1,train,0.002144451951608062,0.9978554844856262
21850,1,1,1,1,train,0.03168214112520218,0.9683178067207336
21861,1,1,1,1,train,0.002337576588615775,0.9976624250411987
21872,1,1,1,1,train,0.009146918542683125,0.9908531308174133
21885,1,1,1,1,train,0.0026529282331466675,0.9973469972610474
21890,1,1,1,1,train,0.003262137994170189,0.9967378973960876
21912,1,1,1,1,train,0.0028169734869152308,0.997183084487915
21913,1,1,1,1,train,0.0019823084585368633,0.9980176687240601
21926,1,1,1,1,train,0.003191605908796191,0.9968083500862122
21939,1,1,1,1,train,0.0020424118265509605,0.9979575872421265
21941,1,1,1,1,train,0.0019871669355779886,0.9980127811431885
21946,1,1,1,1,train,0.0020607372280210257,0.9979392886161804
21999,1,1,1,1,train,0.0017993998480960727,0.998200535774231
22006,1,0,1,0,train,0.675184965133667,0.324815034866333
22008,1,0,1,0,train,0.893265962600708,0.10673407465219498
22074,1,1,1,1,train,0.0036651743575930595,0.9963347911834717
22080,1,1,1,1,train,0.004827592987567186,0.9951724410057068
22087,1,1,1,1,train,0.00368086202070117,0.9963191747665405
22091,1,1,1,1,train,0.004353710915893316,0.9956462979316711
22120,1,1,1,1,train,0.0055809011682868,0.9944190382957458
22142,1,1,1,1,train,0.0024438912514597178,0.9975560903549194
22143,1,1,1,1,train,0.0031304832082241774,0.9968695044517517
22198,1,0,1,0,train,0.9645422101020813,0.035457830876111984
22207,1,1,1,1,train,0.0019944447558373213,0.9980055689811707
22211,1,1,1,1,train,0.0025818911381065845,0.9974180459976196
22212,1,1,1,1,train,0.16169384121894836,0.838306188583374
22242,1,1,1,1,train,0.002161783864721656,0.9978381991386414
22259,1,1,1,1,train,0.060927990823984146,0.9390720129013062
22263,1,0,1,0,train,0.589137613773346,0.41086238622665405
22292,1,1,1,1,train,0.005119448062032461,0.9948805570602417
22326,1,1,1,1,train,0.0029473493341356516,0.9970526695251465
22347,1,1,1,1,train,0.0035603123251348734,0.9964396357536316
22353,1,1,1,1,train,0.002228714060038328,0.9977712631225586
22356,1,1,1,1,train,0.003986181225627661,0.996013879776001
22359,1,1,1,1,train,0.001922336290590465,0.9980776309967041
22362,1,1,1,1,train,0.0020446875132620335,0.997955322265625
22363,1,1,1,1,train,0.002926470246165991,0.9970735311508179
22368,1,1,1,1,train,0.0022673599887639284,0.9977326393127441
22391,1,1,1,1,train,0.02872163988649845,0.9712783694267273
22396,1,1,1,1,train,0.008823761716485023,0.9911762475967407
22403,1,1,1,1,train,0.005874584428966045,0.9941253662109375
22435,1,1,1,1,train,0.24836251139640808,0.7516374588012695
22450,1,1,1,1,train,0.006545438431203365,0.9934545755386353
22452,1,1,1,1,train,0.0037259969394654036,0.9962739944458008
22458,1,1,1,1,train,0.016991235315799713,0.9830088019371033
22460,1,1,1,1,train,0.002829379867762327,0.997170627117157
22465,1,1,1,1,train,0.003125228453427553,0.9968746900558472
22469,1,1,1,1,train,0.0025745267048478127,0.9974254965782166
22472,0,1,0,1,train,0.4243250787258148,0.5756748914718628
22514,1,1,1,1,train,0.002161068143323064,0.9978389143943787
22517,1,1,1,1,train,0.0020232025999575853,0.9979768395423889
22521,1,1,1,1,train,0.0022016933653503656,0.9977983236312866
22544,1,1,1,1,train,0.0033864148426800966,0.9966135621070862
22545,1,1,1,1,train,0.029918180778622627,0.9700818061828613
22548,1,1,1,1,train,0.0040444303303956985,0.9959555864334106
22734,1,1,1,1,train,0.0022745057940483093,0.9977255463600159
22746,1,1,1,1,train,0.050802793353796005,0.9491971731185913
22778,0,0,0,0,train,0.9478231072425842,0.052176836878061295
22787,1,1,1,1,train,0.002424570731818676,0.9975754618644714
22832,1,1,1,1,train,0.001961181638762355,0.9980388283729553
22834,1,1,1,1,train,0.0023645171895623207,0.9976354837417603
22843,1,1,1,1,train,0.001956257037818432,0.9980437755584717
22847,1,1,1,1,train,0.0022389572113752365,0.9977610111236572
22851,1,1,1,1,train,0.002798096975311637,0.9972019195556641
22854,1,1,1,1,train,0.0028671531472355127,0.9971327781677246
22908,1,1,1,1,train,0.0033242064528167248,0.9966758489608765
22989,1,1,1,1,train,0.014297394081950188,0.9857025742530823
22997,1,1,1,1,train,0.0024405005387961864,0.9975595474243164
23003,1,1,1,1,train,0.0024193194694817066,0.9975806474685669
23010,1,1,1,1,train,0.0048600295558571815,0.9951399564743042
23054,1,0,1,0,train,0.8260318636894226,0.17396818101406097
23063,0,0,0,0,train,0.6960294246673584,0.3039705753326416
23069,1,1,1,1,train,0.4359816312789917,0.5640183687210083
23098,1,1,1,1,train,0.07588514685630798,0.9241148233413696
23106,1,1,1,1,train,0.18264047801494598,0.8173595070838928
23114,1,1,1,1,train,0.03186151012778282,0.9681384563446045
23125,1,1,1,1,train,0.0020259723532944918,0.9979739785194397
23148,1,1,1,1,train,0.01969226822257042,0.9803077578544617
23157,1,1,1,1,train,0.0019984105601906776,0.9980016350746155
23159,1,1,1,1,train,0.0019942030776292086,0.9980058073997498
23160,1,1,1,1,train,0.0020901551470160484,0.9979098439216614
23166,1,1,1,1,train,0.0023988911416381598,0.9976010918617249
23167,1,1,1,1,train,0.002527473261579871,0.9974724650382996
23176,1,1,1,1,train,0.0020696623250842094,0.9979302883148193
23192,1,1,1,1,train,0.0028949149418622255,0.997105062007904
23194,1,1,1,1,train,0.0035199965350329876,0.9964800477027893
23198,1,1,1,1,train,0.0018179683247581124,0.9981820583343506
23211,1,1,1,1,train,0.0020980609115213156,0.9979019165039062
23232,1,1,1,1,train,0.002338967053219676,0.9976609945297241
23233,1,1,1,1,train,0.002514609368517995,0.9974853992462158
23234,1,1,1,1,train,0.0022840697783976793,0.997715950012207
23264,1,1,1,1,train,0.0019762536976486444,0.9980237483978271
23272,1,1,1,1,train,0.15644724667072296,0.843552827835083
23290,1,1,1,1,train,0.0022325708996504545,0.997767448425293
23300,1,1,1,1,train,0.002098983619362116,0.9979009628295898
23304,1,0,1,0,train,0.814238965511322,0.18576104938983917
23307,1,1,1,1,train,0.03221166506409645,0.9677882790565491
23315,1,1,1,1,train,0.189189612865448,0.810810387134552
23320,1,1,1,1,train,0.24014215171337128,0.7598578333854675
23324,1,1,1,1,train,0.28842228651046753,0.7115777730941772
23451,1,1,1,1,train,0.0024300722870975733,0.9975698590278625
23490,1,1,1,1,train,0.002910383278504014,0.997089684009552
23512,1,1,1,1,train,0.0021740617230534554,0.9978259205818176
23523,1,1,1,1,train,0.003137273248285055,0.9968627691268921
23529,1,1,1,1,train,0.002348348032683134,0.9976516366004944
23533,1,1,1,1,train,0.004126111511141062,0.9958738684654236
23534,1,1,1,1,train,0.001802890095859766,0.9981971383094788
23575,1,1,1,1,train,0.010965688154101372,0.9890342950820923
23577,1,1,1,1,train,0.02876480482518673,0.9712352156639099
23667,1,1,1,1,train,0.011330358684062958,0.9886696338653564
23679,1,1,1,1,train,0.0021551912650465965,0.9978448152542114
23700,1,1,1,1,train,0.0039044730365276337,0.996095597743988
23705,1,1,1,1,train,0.0035900119692087173,0.9964099526405334
23707,1,1,1,1,train,0.009822382591664791,0.9901776909828186
23727,1,1,1,1,train,0.0025956120807677507,0.9974043965339661
23732,1,1,1,1,train,0.01573025807738304,0.9842697381973267
23741,1,1,1,1,train,0.0026010952424257994,0.9973989725112915
23742,1,1,1,1,train,0.012343400157988071,0.9876565933227539
23744,1,1,1,1,train,0.009676584042608738,0.9903234243392944
23752,1,1,1,1,train,0.00231655384413898,0.9976834058761597
23754,1,1,1,1,train,0.0024323402903974056,0.9975676536560059
23755,1,1,1,1,train,0.0021462475415319204,0.997853696346283
23763,1,1,1,1,train,0.06347920745611191,0.9365208148956299
23765,1,1,1,1,train,0.033628612756729126,0.9663713574409485
23808,1,1,1,1,train,0.00283841066993773,0.9971616268157959
23809,1,1,1,1,train,0.0025301314890384674,0.9974699020385742
23819,1,1,1,1,train,0.0018900891300290823,0.9981099367141724
23838,1,1,1,1,train,0.0023612205404788256,0.9976388216018677
23840,1,1,1,1,train,0.0025220310781151056,0.9974779486656189
23856,1,1,1,1,train,0.05351115018129349,0.9464889168739319
23883,1,1,1,1,train,0.00234698923304677,0.997653067111969
23953,1,1,1,1,train,0.003781708423048258,0.9962182641029358
23956,1,1,1,1,train,0.0037602658849209547,0.9962397813796997
23968,1,1,1,1,train,0.00394394202157855,0.996056079864502
23980,1,1,1,1,train,0.0023014829494059086,0.9976984858512878
23981,1,1,1,1,train,0.0023051733151078224,0.9976947903633118
23985,1,1,1,1,train,0.018868926912546158,0.9811310768127441
24058,1,1,1,1,train,0.006189897656440735,0.9938101172447205
24059,1,1,1,1,train,0.0019371461821720004,0.998062789440155
24075,1,1,1,1,train,0.002331139985471964,0.9976688027381897
24077,1,1,1,1,train,0.02599155716598034,0.9740084409713745
24091,1,1,1,1,train,0.00210214639082551,0.9978978633880615
24092,1,1,1,1,train,0.0023774791043251753,0.997622549533844
24111,0,0,0,0,train,0.828227162361145,0.1717728078365326
24137,1,1,1,1,train,0.002404171274974942,0.9975958466529846
24143,1,1,1,1,train,0.00221797963604331,0.9977820515632629
24166,1,1,1,1,train,0.002249286975711584,0.9977506995201111
24167,1,1,1,1,train,0.0019294581143185496,0.9980705380439758
24173,1,1,1,1,train,0.009317254647612572,0.9906827211380005
24188,1,1,1,1,train,0.022473502904176712,0.9775264263153076
24199,1,1,1,1,train,0.008084765635430813,0.991915225982666
24250,1,1,1,1,train,0.010987906716763973,0.9890121221542358
24251,1,1,1,1,train,0.0054345023818314075,0.994565486907959
24275,1,1,1,1,train,0.0025506452657282352,0.9974493384361267
24284,1,1,1,1,train,0.12716826796531677,0.8728317618370056
24306,1,1,1,1,train,0.002177134156227112,0.9978228807449341
24325,1,1,1,1,train,0.0036220881156623363,0.9963778853416443
24328,1,1,1,1,train,0.09112153947353363,0.9088784456253052
24367,1,1,1,1,train,0.0025411557871848345,0.9974588751792908
24385,0,1,0,1,train,0.4186200499534607,0.5813799500465393
24392,1,1,1,1,train,0.002224448136985302,0.9977754950523376
24404,1,1,1,1,train,0.002174102235585451,0.9978259205818176
24416,1,1,1,1,train,0.27090737223625183,0.729092538356781
24434,1,1,1,1,train,0.06858941167593002,0.9314106106758118
24443,1,1,1,1,train,0.04422801733016968,0.9557719826698303
24447,1,1,1,1,train,0.0023610866628587246,0.9976389408111572
24479,1,1,1,1,train,0.0023078531958162785,0.9976922273635864
24481,1,1,1,1,train,0.0021067066118121147,0.9978932738304138
24489,0,0,0,0,train,0.7430962324142456,0.2569037973880768
24491,1,1,1,1,train,0.002537614433094859,0.9974623918533325
24496,1,1,1,1,train,0.0018664535600692034,0.9981335997581482
24500,1,0,1,0,train,0.6131629943847656,0.3868370056152344
24505,1,1,1,1,train,0.4450787901878357,0.5549212098121643
24522,1,1,1,1,train,0.0024651626590639353,0.9975348711013794
24526,1,0,1,0,train,0.7433596849441528,0.25664034485816956
24542,1,1,1,1,train,0.002054421929642558,0.9979456067085266
24559,1,1,1,1,train,0.0019275727681815624,0.9980723857879639
24565,1,1,1,1,train,0.0024574787821620703,0.9975425004959106
24576,1,1,1,1,train,0.0018841703422367573,0.9981158971786499
24598,1,1,1,1,train,0.002460234332829714,0.997539758682251
24614,1,1,1,1,train,0.15649503469467163,0.8435049653053284
24616,1,1,1,1,train,0.0022814320400357246,0.9977185726165771
24627,1,1,1,1,train,0.0031102458015084267,0.9968897700309753
24628,1,1,1,1,train,0.0022964016534388065,0.9977036118507385
24633,1,1,1,1,train,0.001955684507265687,0.9980442523956299
24637,1,1,1,1,train,0.0019379504956305027,0.9980620741844177
24650,1,1,1,1,train,0.0018722632667049766,0.9981277585029602
24698,1,1,1,1,train,0.15327614545822144,0.8467237949371338
24787,1,1,1,1,train,0.00575242517516017,0.994247555732727
24789,1,1,1,1,train,0.017332639545202255,0.9826673865318298
24792,1,1,1,1,train,0.002186928642913699,0.9978131055831909
24798,1,1,1,1,train,0.0024974357802420855,0.9975026249885559
24800,1,1,1,1,train,0.0022317636758089066,0.9977682828903198
24802,1,1,1,1,train,0.001818697084672749,0.9981813430786133
24832,1,1,1,1,train,0.003052749205380678,0.9969472289085388
24845,1,1,1,1,train,0.0019979977514594793,0.9980019927024841
24860,1,1,1,1,train,0.003552186768501997,0.9964478015899658
24893,1,1,1,1,train,0.002061982871964574,0.9979379773139954
24920,1,1,1,1,train,0.0022523249499499798,0.9977476000785828
24933,1,1,1,1,train,0.003173435339704156,0.9968265891075134
24948,1,1,1,1,train,0.0033948193304240704,0.9966051578521729
24949,1,1,1,1,train,0.001996907638385892,0.9980030655860901
24953,1,1,1,1,train,0.0022337862756103277,0.9977662563323975
24956,1,1,1,1,train,0.09479770064353943,0.9052022695541382
24990,1,0,1,0,train,0.8268662691116333,0.17313377559185028
25021,1,1,1,1,train,0.0030562253668904305,0.9969437718391418
25034,1,1,1,1,train,0.0022591419983655214,0.9977408647537231
25043,1,1,1,1,train,0.0032698712311685085,0.9967300891876221
25044,1,1,1,1,train,0.0022622309625148773,0.9977377653121948
25045,1,1,1,1,train,0.008406361564993858,0.9915937185287476
25046,1,1,1,1,train,0.00782730896025896,0.9921727180480957
25047,1,1,1,1,train,0.00723414309322834,0.9927657842636108
25048,1,1,1,1,train,0.0024790719617158175,0.9975208640098572
25068,1,1,1,1,train,0.0035464493557810783,0.9964535236358643
25072,1,1,1,1,train,0.0021320416126400232,0.9978679418563843
25076,1,1,1,1,train,0.0019532523583620787,0.9980467557907104
25090,1,1,1,1,train,0.008057767525315285,0.9919421672821045
25106,1,1,1,1,train,0.006732022389769554,0.9932679533958435
25107,1,1,1,1,train,0.005815839394927025,0.9941841959953308
25120,1,1,1,1,train,0.0027518742717802525,0.997248113155365
25130,1,1,1,1,train,0.003371649421751499,0.9966283440589905
25152,1,1,1,1,train,0.002175017958506942,0.997825026512146
25153,1,1,1,1,train,0.0020928564481437206,0.9979071617126465
25163,1,1,1,1,train,0.0019478404428809881,0.9980521202087402
25171,1,1,1,1,train,0.0035627323668450117,0.9964373111724854
25184,1,1,1,1,train,0.0036033550277352333,0.9963967204093933
25192,1,1,1,1,train,0.0043370784260332584,0.9956628680229187
25222,1,1,1,1,train,0.0021796550136059523,0.9978203773498535
25272,1,1,1,1,train,0.0020699717570096254,0.9979300498962402
25277,1,1,1,1,train,0.0017872432945296168,0.9982128143310547
25285,1,1,1,1,train,0.0022913923021405935,0.9977085590362549
25324,1,1,1,1,train,0.47291985154151917,0.5270801186561584
25336,1,1,1,1,train,0.0019696615636348724,0.9980303645133972
25360,1,1,1,1,train,0.005367629695683718,0.994632363319397
25395,1,1,1,1,train,0.0028820510488003492,0.9971179962158203
25431,1,1,1,1,train,0.0028531106654554605,0.9971469044685364
25490,1,1,1,1,train,0.0019285797607153654,0.9980714917182922
25505,1,1,1,1,train,0.0019826102070510387,0.998017430305481
25512,1,1,1,1,train,0.0017859473591670394,0.9982141256332397
25514,1,1,1,1,train,0.0021488009952008724,0.9978512525558472
25526,1,1,1,1,train,0.010829425416886806,0.9891706109046936
25531,1,1,1,1,train,0.0027333651669323444,0.9972666501998901
25553,1,1,1,1,train,0.0023197440896183252,0.9976801872253418
25554,1,1,1,1,train,0.0023815413005650043,0.9976183772087097
25563,1,1,1,1,train,0.002017164370045066,0.9979828596115112
25617,1,1,1,1,train,0.019873008131980896,0.9801269769668579
25628,1,1,1,1,train,0.004142759833484888,0.9958571791648865
25641,1,1,1,1,train,0.002024303190410137,0.9979756474494934
25652,1,1,1,1,train,0.011498058214783669,0.9885019063949585
25656,0,1,0,1,train,0.491177499294281,0.5088224411010742
25724,1,1,1,1,train,0.002169218845665455,0.9978308081626892
25754,0,0,0,0,train,0.7338290214538574,0.2661709189414978
25757,1,0,1,0,train,0.6466578841209412,0.3533421754837036
25770,1,1,1,1,train,0.002028241055086255,0.9979717135429382
25771,1,1,1,1,train,0.001978101674467325,0.9980219602584839
25788,1,1,1,1,train,0.0029160049743950367,0.9970839619636536
25794,1,1,1,1,train,0.002821842674165964,0.9971781969070435
25796,1,1,1,1,train,0.0019259756663814187,0.9980740547180176
25812,1,0,1,0,train,0.5545557737350464,0.4454441964626312
25813,0,0,0,0,train,0.9745205044746399,0.025479525327682495
25814,1,0,1,0,train,0.8838208317756653,0.11617910116910934
25815,1,1,1,1,train,0.006455359049141407,0.9935446977615356
25816,1,1,1,1,train,0.004590757191181183,0.9954091906547546
25817,1,0,1,0,train,0.977060079574585,0.02293997071683407
25827,1,1,1,1,train,0.007178458385169506,0.9928215146064758
25831,1,1,1,1,train,0.002169877290725708,0.9978300929069519
25845,1,1,1,1,train,0.3505030870437622,0.649496853351593
25855,1,1,1,1,train,0.0021777080837637186,0.9978222846984863
25887,1,1,1,1,train,0.002876424230635166,0.9971235394477844
25901,1,1,1,1,train,0.004483256954699755,0.9955167174339294
25904,1,1,1,1,train,0.002272574929520488,0.9977274537086487
25928,1,1,1,1,train,0.06236989423632622,0.9376301169395447
25938,1,1,1,1,train,0.0018970174714922905,0.9981029033660889
25940,1,1,1,1,train,0.0021882723085582256,0.9978117346763611
25973,1,1,1,1,train,0.002126336796209216,0.9978736639022827
25974,1,1,1,1,train,0.0018912580562755466,0.9981087446212769
25980,0,0,0,0,train,0.9716023802757263,0.028397610411047935
25994,1,1,1,1,train,0.002385054947808385,0.9976149797439575
26027,1,1,1,1,train,0.0020223555620759726,0.9979776740074158
26051,1,1,1,1,train,0.001909241545945406,0.9980906844139099
26055,1,1,1,1,train,0.008022825233638287,0.9919771552085876
26059,1,1,1,1,train,0.027289967983961105,0.9727100729942322
26071,1,1,1,1,train,0.0021250704303383827,0.9978749752044678
26078,1,1,1,1,train,0.002440130105242133,0.9975599050521851
26099,1,1,1,1,train,0.0021456084214150906,0.9978544116020203
26102,1,1,1,1,train,0.0024368001613765955,0.9975632429122925
26111,1,1,1,1,train,0.0019157750066369772,0.9980841875076294
26118,1,1,1,1,train,0.001994253369048238,0.9980058073997498
26121,1,1,1,1,train,0.002323366003111005,0.9976766705513
26122,1,1,1,1,train,0.0019783435855060816,0.9980217218399048
26128,1,1,1,1,train,0.002056980738416314,0.9979429841041565
26131,1,1,1,1,train,0.00194989750161767,0.9980500936508179
26159,1,0,1,0,train,0.6655135750770569,0.3344864249229431
26222,1,1,1,1,train,0.2210761457681656,0.7789238691329956
26239,1,1,1,1,train,0.0019824481569230556,0.9980175495147705
26241,1,1,1,1,train,0.002929581794887781,0.9970704317092896
26254,1,1,1,1,train,0.002135331043973565,0.9978646636009216
26265,1,1,1,1,train,0.00542663736268878,0.9945734143257141
26275,1,1,1,1,train,0.001887336722575128,0.998112678527832
26283,1,1,1,1,train,0.002345804823562503,0.9976542592048645
26298,1,1,1,1,train,0.0019914156291633844,0.9980085492134094
26319,1,1,1,1,train,0.0021330774761736393,0.9978669285774231
26327,1,1,1,1,train,0.0018942559836432338,0.9981057643890381
26347,1,1,1,1,train,0.03227309137582779,0.9677268862724304
26350,1,1,1,1,train,0.0029691390227526426,0.9970308542251587
26351,1,1,1,1,train,0.0019093452719971538,0.9980906844139099
26357,1,1,1,1,train,0.0031083656940609217,0.9968916773796082
26369,1,1,1,1,train,0.002635807264596224,0.9973642230033875
26401,1,1,1,1,train,0.002281875815242529,0.997718095779419
26402,1,1,1,1,train,0.0018299303483217955,0.998170018196106
26405,1,1,1,1,train,0.0022642845287919044,0.9977357387542725
26421,1,1,1,1,train,0.002471734071150422,0.9975282549858093
26436,1,1,1,1,train,0.0022653101477771997,0.9977346658706665
26438,1,1,1,1,train,0.002344105625525117,0.9976558685302734
26439,1,1,1,1,train,0.001951519283466041,0.9980484247207642
26452,1,1,1,1,train,0.07292671501636505,0.9270732998847961
26486,1,1,1,1,train,0.013062096200883389,0.9869378805160522
26522,1,1,1,1,train,0.003098166547715664,0.9969018697738647
26523,1,1,1,1,train,0.0023645125329494476,0.9976354837417603
26525,1,1,1,1,train,0.002268175594508648,0.9977318644523621
26526,1,1,1,1,train,0.0022922209464013577,0.997707724571228
26534,1,1,1,1,train,0.002393934642896056,0.9976060390472412
26542,1,1,1,1,train,0.0024851190391927958,0.9975148439407349
26544,1,1,1,1,train,0.0022343816235661507,0.9977656602859497
26545,1,1,1,1,train,0.0022368812933564186,0.9977631568908691
26562,1,1,1,1,train,0.003458648920059204,0.9965413212776184
26570,1,1,1,1,train,0.0020072113256901503,0.997992753982544
26571,1,1,1,1,train,0.001999062020331621,0.9980009198188782
26576,1,1,1,1,train,0.0021470882929861546,0.9978529214859009
26591,1,1,1,1,train,0.006453365553170443,0.9935466647148132
26595,1,1,1,1,train,0.2001601755619049,0.7998397946357727
26597,1,1,1,1,train,0.034801825881004333,0.9651982188224792
26600,1,1,1,1,train,0.011544646695256233,0.9884552955627441
26601,1,1,1,1,train,0.0021817528177052736,0.9978182315826416
26608,1,1,1,1,train,0.010636622086167336,0.9893633723258972
26609,1,1,1,1,train,0.0020906247664242983,0.9979093670845032
26611,1,1,1,1,train,0.0027310005389153957,0.9972689747810364
26616,1,1,1,1,train,0.03535517677664757,0.9646447896957397
26630,1,1,1,1,train,0.002833297476172447,0.9971666932106018
26631,1,1,1,1,train,0.0022618987131863832,0.9977381229400635
26641,1,1,1,1,train,0.006252273917198181,0.9937477111816406
26643,1,1,1,1,train,0.015490544028580189,0.9845094084739685
26645,1,1,1,1,train,0.004268856719136238,0.9957311749458313
26652,1,1,1,1,train,0.002085516694933176,0.9979144930839539
26661,1,1,1,1,train,0.007350939325988293,0.9926490187644958
26670,1,1,1,1,train,0.0038579939864575863,0.9961419701576233
26672,1,1,1,1,train,0.0024153636768460274,0.9975845813751221
26680,1,1,1,1,train,0.001913387910462916,0.99808669090271
26681,1,1,1,1,train,0.0022508306428790092,0.9977491497993469
26693,1,1,1,1,train,0.02912648767232895,0.9708734750747681
26761,1,1,1,1,train,0.015574892051517963,0.9844250679016113
26795,1,1,1,1,train,0.0021792880725115538,0.9978207349777222
26796,1,1,1,1,train,0.001843326142989099,0.998156726360321
26816,1,1,1,1,train,0.001948696211911738,0.9980512857437134
26820,1,1,1,1,train,0.001690104603767395,0.998309850692749
26821,1,1,1,1,train,0.0021284937392920256,0.9978715181350708
26822,1,1,1,1,train,0.0021975573617964983,0.9978024363517761
26823,1,1,1,1,train,0.001878840266726911,0.9981210827827454
26824,1,1,1,1,train,0.002125072292983532,0.9978749752044678
26841,1,1,1,1,train,0.0023621181026101112,0.9976378679275513
26844,1,1,1,1,train,0.004640037659555674,0.9953599572181702
26846,1,1,1,1,train,0.004778459668159485,0.9952215552330017
26847,1,1,1,1,train,0.005044837016612291,0.9949551224708557
26873,1,1,1,1,train,0.0021065962500870228,0.9978933930397034
26892,1,1,1,1,train,0.00234843953512609,0.9976515173912048
26907,1,1,1,1,train,0.0020383542869240046,0.9979616403579712
26911,1,1,1,1,train,0.0023558572866022587,0.9976441264152527
26914,1,1,1,1,train,0.002537161810323596,0.9974628686904907
26917,1,1,1,1,train,0.0022306693717837334,0.9977693557739258
26923,1,1,1,1,train,0.0022229820024222136,0.9977770447731018
26926,1,1,1,1,train,0.002031842479482293,0.9979681372642517
26939,1,1,1,1,train,0.027158822864294052,0.9728411436080933
26943,1,1,1,1,train,0.018679043278098106,0.9813209176063538
26945,1,1,1,1,train,0.008258664049208164,0.9917412996292114
26954,1,1,1,1,train,0.008426935411989689,0.9915730953216553
26961,1,1,1,1,train,0.0022097721230238676,0.9977902173995972
26965,1,1,1,1,train,0.002284642541781068,0.9977153539657593
26971,1,1,1,1,train,0.0022466336376965046,0.9977533221244812
26976,0,0,0,0,train,0.5789380073547363,0.42106202244758606
26977,1,1,1,1,train,0.021572254598140717,0.9784277677536011
26986,1,1,1,1,train,0.002116607502102852,0.9978833794593811
26994,1,1,1,1,train,0.0022034160792827606,0.9977966547012329
26999,1,1,1,1,train,0.0028661007527261972,0.9971338510513306
27020,0,0,0,0,train,0.9393300414085388,0.060669947415590286
27040,1,1,1,1,train,0.0025729499757289886,0.9974270462989807
27050,1,1,1,1,train,0.0021375601645559072,0.9978623986244202
27052,1,1,1,1,train,0.005970075260847807,0.9940299987792969
27056,1,1,1,1,train,0.0019110232824459672,0.9980888962745667
27059,1,1,1,1,train,0.002925141714513302,0.9970748424530029
27060,1,1,1,1,train,0.0021962004248052835,0.9978037476539612
27061,1,1,1,1,train,0.0022374368272721767,0.9977625608444214
27063,1,1,1,1,train,0.002034261357039213,0.9979658126831055
27071,1,1,1,1,train,0.0027864763978868723,0.9972135424613953
27078,1,1,1,1,train,0.18979239463806152,0.8102076649665833
27096,1,1,1,1,train,0.0022258698008954525,0.997774064540863
27111,1,1,1,1,train,0.006742839701473713,0.9932571649551392
27113,1,1,1,1,train,0.002734279027208686,0.9972656965255737
27171,1,1,1,1,train,0.04118965566158295,0.9588103890419006
27176,1,1,1,1,train,0.002240306232124567,0.9977596998214722
27188,1,1,1,1,train,0.0026603038422763348,0.99733966588974
27189,1,1,1,1,train,0.015050176531076431,0.9849498271942139
27190,1,1,1,1,train,0.0030297613702714443,0.9969701766967773
27191,1,1,1,1,train,0.0022438629530370235,0.9977561831474304
27207,1,1,1,1,train,0.09608543664216995,0.9039145112037659
27237,1,1,1,1,train,0.017056986689567566,0.982943058013916
27238,1,1,1,1,train,0.002340257167816162,0.9976596832275391
27255,0,1,0,1,train,0.32044416666030884,0.6795558333396912
27287,1,1,1,1,train,0.002566570183262229,0.9974334836006165
27288,1,1,1,1,train,0.0020788991823792458,0.9979211688041687
27289,1,1,1,1,train,0.002175301546230912,0.9978246688842773
27293,1,1,1,1,train,0.00198662793263793,0.9980133771896362
27299,1,1,1,1,train,0.0018363128183409572,0.9981637597084045
27312,1,1,1,1,train,0.0023281059693545103,0.997671902179718
27364,1,1,1,1,train,0.002031598938629031,0.9979683756828308
27365,1,1,1,1,train,0.0033435772638767958,0.9966564178466797
27381,1,1,1,1,train,0.001975871855393052,0.9980241060256958
27382,1,1,1,1,train,0.0023311935365200043,0.9976688027381897
27385,1,1,1,1,train,0.00168856221716851,0.9983114004135132
27386,1,1,1,1,train,0.0023580361157655716,0.9976420402526855
27387,1,1,1,1,train,0.0021342127583920956,0.9978658556938171
27388,1,1,1,1,train,0.0030041744466871023,0.9969958066940308
27389,1,1,1,1,train,0.002550034085288644,0.9974499344825745
27390,1,1,1,1,train,0.0029348344542086124,0.9970651268959045
27403,1,1,1,1,train,0.0024192631244659424,0.9975807666778564
27404,1,1,1,1,train,0.0027659458573907614,0.997234046459198
27415,1,1,1,1,train,0.002113960450515151,0.9978860020637512
27416,1,1,1,1,train,0.002155281836166978,0.9978446960449219
27418,1,1,1,1,train,0.0017279257299378514,0.9982720613479614
27430,1,0,1,0,train,0.8232835531234741,0.17671644687652588
27506,1,1,1,1,train,0.0028422409668564796,0.9971578121185303
27508,1,0,1,0,train,0.9846553802490234,0.015344621613621712
27525,1,1,1,1,train,0.0025641554966568947,0.9974358677864075
27575,0,0,0,0,train,0.9821426272392273,0.017857350409030914
27583,0,0,0,0,train,0.98213791847229,0.017862075939774513
27584,0,0,0,0,train,0.9720335602760315,0.02796643227338791
27585,0,0,0,0,train,0.9826576113700867,0.01734241470694542
27594,0,0,0,0,train,0.9814529418945312,0.01854703202843666
27595,1,1,1,1,train,0.2540855407714844,0.7459143996238708
27607,1,0,1,0,train,0.9838144183158875,0.016185520216822624
27609,1,1,1,1,train,0.004976953379809856,0.9950230121612549
27611,1,0,1,0,train,0.8704593181610107,0.12954069674015045
27670,1,1,1,1,train,0.0027774120680987835,0.9972225427627563
27679,1,1,1,1,train,0.0021857779938727617,0.9978141784667969
27681,1,1,1,1,train,0.002094939351081848,0.9979050159454346
27686,1,1,1,1,train,0.0023589853662997484,0.9976410865783691
27709,1,1,1,1,train,0.0023963411804288626,0.997603714466095
27710,1,1,1,1,train,0.0021460677962750196,0.9978539347648621
27711,1,1,1,1,train,0.0024022553116083145,0.9975977540016174
27712,1,1,1,1,train,0.0020978206302970648,0.9979021549224854
27731,1,1,1,1,train,0.003510720795020461,0.9964892864227295
27736,1,1,1,1,train,0.004976439289748669,0.9950236082077026
27739,1,1,1,1,train,0.007073540706187487,0.9929264187812805
27796,1,1,1,1,train,0.002790452679619193,0.9972094893455505
27798,1,1,1,1,train,0.0025130442809313536,0.99748694896698
27802,1,1,1,1,train,0.00238688918761909,0.9976130723953247
27856,1,1,1,1,train,0.002020782558247447,0.9979792237281799
27859,1,1,1,1,train,0.001998956548050046,0.9980010390281677
27863,1,1,1,1,train,0.008198673836886883,0.9918013215065002
27864,1,1,1,1,train,0.002688747365027666,0.9973112344741821
27875,1,1,1,1,train,0.002524558687582612,0.9974754452705383
27877,1,1,1,1,train,0.01954270899295807,0.9804572463035583
27896,1,1,1,1,train,0.006489800289273262,0.9935101866722107
27911,1,1,1,1,train,0.012250572443008423,0.9877493977546692
27915,1,1,1,1,train,0.006630601827055216,0.9933694005012512
27922,1,1,1,1,train,0.05707772448658943,0.9429222941398621
27936,1,1,1,1,train,0.0034889669623225927,0.9965110421180725
27939,1,1,1,1,train,0.007126110140234232,0.9928739070892334
27949,1,1,1,1,train,0.0022364268079400063,0.9977635145187378
27951,1,1,1,1,train,0.002186792204156518,0.9978132247924805
27968,1,1,1,1,train,0.001870679552666843,0.9981293082237244
27986,1,1,1,1,train,0.002073023235425353,0.9979269504547119
27987,1,1,1,1,train,0.002073023235425353,0.9979269504547119
27997,1,1,1,1,train,0.0033514013048261404,0.9966486096382141
28008,1,1,1,1,train,0.006376327946782112,0.993623673915863
28021,1,1,1,1,train,0.0022369897924363613,0.9977630376815796
28034,1,1,1,1,train,0.002234245417639613,0.9977657794952393
28038,1,1,1,1,train,0.0023416858166456223,0.9976582527160645
28044,1,1,1,1,train,0.00239609950222075,0.9976039528846741
28048,1,0,1,0,train,0.7726590633392334,0.2273409366607666
28075,1,1,1,1,train,0.005154319107532501,0.9948456287384033
28132,1,1,1,1,train,0.0019601075910031796,0.9980399012565613
28133,1,1,1,1,train,0.002162630669772625,0.9978373646736145
28134,1,1,1,1,train,0.0022563408128917217,0.9977437257766724
28140,1,1,1,1,train,0.002921653212979436,0.9970784187316895
28143,1,1,1,1,train,0.0021627438254654408,0.997837245464325
28192,1,1,1,1,train,0.0020504703279584646,0.9979495406150818
28204,1,1,1,1,train,0.00219130446203053,0.9978087544441223
28216,1,1,1,1,train,0.0023463002871721983,0.9976537823677063
28219,1,1,1,1,train,0.0021743369288742542,0.9978256821632385
28225,0,1,0,1,train,0.0035341009497642517,0.9964659214019775
28244,1,1,1,1,train,0.0019484116928651929,0.998051643371582
28254,1,1,1,1,train,0.0019114380702376366,0.998088538646698
28255,1,0,1,0,train,0.696014940738678,0.30398502945899963
28258,1,1,1,1,train,0.002191570121794939,0.9978083968162537
28271,1,1,1,1,train,0.0018534660339355469,0.9981465339660645
28272,1,1,1,1,train,0.0018330476013943553,0.9981669187545776
28296,1,1,1,1,train,0.0020179804414510727,0.9979820251464844
28309,1,1,1,1,train,0.0023061761166900396,0.9976938366889954
28315,1,1,1,1,train,0.002245142124593258,0.9977548718452454
28316,1,1,1,1,train,0.009301462210714817,0.990698516368866
28327,1,1,1,1,train,0.002082304796203971,0.9979177117347717
28362,1,1,1,1,train,0.0020744986832141876,0.9979255199432373
28399,1,1,1,1,train,0.009910965338349342,0.9900890588760376
28400,1,1,1,1,train,0.009940022602677345,0.9900599718093872
28401,1,1,1,1,train,0.006149499677121639,0.9938504695892334
28402,1,1,1,1,train,0.0078092655166983604,0.9921907782554626
28403,1,1,1,1,train,0.013455938547849655,0.9865440726280212
28405,1,1,1,1,train,0.006063666194677353,0.9939363598823547
28406,1,1,1,1,train,0.006257389206439257,0.9937426447868347
28407,1,1,1,1,train,0.006757114082574844,0.9932429194450378
28408,1,1,1,1,train,0.001953179482370615,0.9980467557907104
28420,1,1,1,1,train,0.0017141493735834956,0.9982858300209045
28442,1,1,1,1,train,0.004720971919596195,0.99527907371521
28451,1,1,1,1,train,0.05621269717812538,0.9437872767448425
28453,1,1,1,1,train,0.037201832979917526,0.9627981185913086
28465,1,1,1,1,train,0.002473425352945924,0.9975265860557556
28471,1,1,1,1,train,0.06506827473640442,0.934931755065918
28473,1,1,1,1,train,0.12439322471618652,0.8756067752838135
28515,1,1,1,1,train,0.0073525444604456425,0.9926475286483765
28519,1,1,1,1,train,0.0022314325906336308,0.9977686405181885
28540,1,1,1,1,train,0.0031041146721690893,0.9968959093093872
28579,1,1,1,1,train,0.003998444881290197,0.9960015416145325
28581,1,1,1,1,train,0.002278135856613517,0.9977218508720398
28592,1,1,1,1,train,0.002320871688425541,0.9976791739463806
28593,1,0,1,0,train,0.664580762386322,0.33541926741600037
28594,1,0,1,0,train,0.5150308609008789,0.48496919870376587
28596,0,0,0,0,train,0.9369543790817261,0.06304559856653214
28599,1,0,1,0,train,0.9842851758003235,0.015714766457676888
28602,1,0,1,0,train,0.5469415187835693,0.45305854082107544
28612,1,1,1,1,train,0.002393686445429921,0.9976062774658203
28613,1,1,1,1,train,0.0020285057835280895,0.9979714751243591
28616,1,1,1,1,train,0.00167412671726197,0.9983258843421936
28617,1,1,1,1,train,0.002030311618000269,0.9979696869850159
28624,1,1,1,1,train,0.001894292770884931,0.9981056451797485
28664,1,1,1,1,train,0.0022762876469641924,0.9977237582206726
28665,1,1,1,1,train,0.0019130526343360543,0.9980869293212891
28675,1,1,1,1,train,0.0018880130955949426,0.9981119632720947
28677,1,1,1,1,train,0.0018354476196691394,0.9981645941734314
28678,1,1,1,1,train,0.0017694371053948998,0.9982306361198425
28679,1,1,1,1,train,0.002076539909467101,0.9979233741760254
28684,1,0,1,0,train,0.7206335663795471,0.2793664038181305
28685,1,1,1,1,train,0.001913555315695703,0.9980864524841309
28705,1,1,1,1,train,0.002103819279000163,0.9978961944580078
28714,1,1,1,1,train,0.0018239191267639399,0.998176097869873
28728,1,1,1,1,train,0.0018417290411889553,0.9981582760810852
28786,1,0,1,0,train,0.9806909561157227,0.019309060648083687
28872,1,1,1,1,train,0.011806388385593891,0.988193690776825
28891,1,1,1,1,train,0.004046361427754164,0.9959536790847778
28959,1,0,1,0,train,0.9690101146697998,0.03098991885781288
28964,1,0,1,0,train,0.9459133148193359,0.05408674478530884
28969,1,1,1,1,train,0.002089904388412833,0.9979100823402405
28970,1,1,1,1,train,0.0026264262851327658,0.9973735809326172
28981,1,1,1,1,train,0.0026301974430680275,0.9973697662353516
28982,1,1,1,1,train,0.0018564049387350678,0.9981435537338257
28986,1,1,1,1,train,0.0022147693671286106,0.997785210609436
28992,1,1,1,1,train,0.002621882362291217,0.9973781108856201
28994,1,1,1,1,train,0.0020369873382151127,0.9979630708694458
29018,1,1,1,1,train,0.0020761999767273664,0.997923731803894
29031,1,1,1,1,train,0.0018292833119630814,0.9981707334518433
29032,1,1,1,1,train,0.0023085118737071753,0.9976915121078491
29039,1,1,1,1,train,0.0018055454129353166,0.9981945157051086
29050,1,1,1,1,train,0.00215258845128119,0.9978474378585815
29055,1,1,1,1,train,0.0022421765606850386,0.9977578520774841
29083,1,1,1,1,train,0.001855075010098517,0.9981449842453003
29084,1,1,1,1,train,0.002419027267023921,0.9975810050964355
29086,1,1,1,1,train,0.043701715767383575,0.9562982320785522
29102,1,1,1,1,train,0.0019488157704472542,0.9980511665344238
29109,0,1,0,1,train,0.40772584080696106,0.5922741293907166
29121,1,1,1,1,train,0.001978235086426139,0.9980217218399048
29127,1,0,1,0,train,0.982402503490448,0.017597470432519913
29136,1,1,1,1,train,0.001964363967999816,0.9980356097221375
29140,1,1,1,1,train,0.0019637958612293005,0.9980362057685852
29154,1,1,1,1,train,0.002276162151247263,0.9977238774299622
29169,0,0,0,0,train,0.972861111164093,0.027138834819197655
29179,1,1,1,1,train,0.01082849595695734,0.98917156457901
29188,1,1,1,1,train,0.011545947752892971,0.9884540438652039
29193,1,1,1,1,train,0.002521723974496126,0.9974783062934875
29194,1,1,1,1,train,0.00219444977119565,0.9978055357933044
29195,1,1,1,1,train,0.002148677594959736,0.9978513717651367
29197,1,1,1,1,train,0.0026118934620171785,0.9973880648612976
29225,1,1,1,1,train,0.0029221060685813427,0.9970779418945312
29262,1,1,1,1,train,0.002846270799636841,0.9971537590026855
29265,1,1,1,1,train,0.1660604476928711,0.8339395523071289
29306,1,1,1,1,train,0.011572699062526226,0.9884273409843445
29324,1,1,1,1,train,0.002125632716342807,0.99787437915802
29331,1,1,1,1,train,0.019502384588122368,0.9804975986480713
29336,1,1,1,1,train,0.002138471929356456,0.9978615641593933
29368,1,1,1,1,train,0.01109577901661396,0.9889041781425476
29391,1,1,1,1,train,0.0024488705676048994,0.9975511431694031
29421,1,0,1,0,train,0.7062892317771912,0.29371073842048645
29449,0,0,0,0,train,0.9748153686523438,0.025184648111462593
29464,1,1,1,1,train,0.0023017204366624355,0.9976982474327087
29502,1,1,1,1,train,0.0019798402208834887,0.9980201721191406
29508,1,1,1,1,train,0.004508835729211569,0.9954912066459656
29530,1,1,1,1,train,0.002233503619208932,0.9977664947509766
29531,1,1,1,1,train,0.0024324581027030945,0.9975675344467163
29545,0,1,0,1,train,0.17668940126895905,0.8233106136322021
29559,0,1,0,1,train,0.04355493187904358,0.9564450979232788
29583,1,1,1,1,train,0.0029295983258634806,0.9970704317092896
29584,1,1,1,1,train,0.0028062511701136827,0.9971936941146851
29585,1,1,1,1,train,0.0028398525901138783,0.9971601963043213
29594,1,1,1,1,train,0.0024550778325647116,0.9975449442863464
29597,1,1,1,1,train,0.0021094137337058783,0.9978906512260437
29598,1,1,1,1,train,0.0023404397070407867,0.9976595640182495
29599,1,1,1,1,train,0.002519196830689907,0.9974808096885681
29600,1,1,1,1,train,0.002237148117274046,0.9977627992630005
29601,1,1,1,1,train,0.002654329175129533,0.9973457455635071
29602,1,1,1,1,train,0.002801877912133932,0.9971981048583984
29623,1,1,1,1,train,0.0020123952999711037,0.9979876279830933
29624,1,1,1,1,train,0.0023196572437882423,0.9976803064346313
29625,1,1,1,1,train,0.0023101214319467545,0.9976898431777954
29626,1,1,1,1,train,0.0019960070494562387,0.9980040192604065
29627,1,1,1,1,train,0.002054294105619192,0.9979457259178162
29636,1,1,1,1,train,0.002035915618762374,0.9979641437530518
29648,1,1,1,1,train,0.0032418500632047653,0.9967581629753113
29671,1,1,1,1,train,0.002497068839147687,0.9975029826164246
29693,1,1,1,1,train,0.0020447177812457085,0.997955322265625
29694,1,1,1,1,train,0.002891972428187728,0.9971080422401428
29695,1,1,1,1,train,0.003160178428515792,0.9968397617340088
29696,1,1,1,1,train,0.00214037555269897,0.9978596568107605
29704,1,1,1,1,train,0.0680733397603035,0.9319266080856323
29734,1,1,1,1,train,0.0023425838444381952,0.9976574182510376
29735,1,1,1,1,train,0.002298410516232252,0.9977015852928162
29736,1,1,1,1,train,0.0022208411246538162,0.9977791905403137
29737,1,1,1,1,train,0.0022470098920166492,0.9977529644966125
29738,1,1,1,1,train,0.002227501478046179,0.9977725148200989
29739,1,1,1,1,train,0.0023465279955416918,0.9976535439491272
29740,1,1,1,1,train,0.00239594210870564,0.9976040720939636
29743,1,1,1,1,train,0.004913428798317909,0.9950866103172302
29755,1,1,1,1,train,0.0021770265884697437,0.9978229999542236
29756,1,1,1,1,train,0.02035742998123169,0.9796425700187683
29759,1,1,1,1,train,0.2710947096347809,0.7289053201675415
29775,1,1,1,1,train,0.0019875215366482735,0.9980124235153198
29785,1,1,1,1,train,0.0313599519431591,0.9686400890350342
29791,1,1,1,1,train,0.009106702171266079,0.9908932447433472
29794,1,1,1,1,train,0.0022378170397132635,0.9977622032165527
29810,1,1,1,1,train,0.0021124009508639574,0.9978875517845154
29814,1,1,1,1,train,0.005029862280935049,0.9949701428413391
29835,1,1,1,1,train,0.0019351559458300471,0.9980648159980774
29839,0,0,0,0,train,0.7052886486053467,0.29471132159233093
29861,1,1,1,1,train,0.0022512301802635193,0.9977487921714783
29872,1,1,1,1,train,0.0028085955418646336,0.9971913695335388
29873,1,1,1,1,train,0.0022719816770404577,0.9977280497550964
29874,1,1,1,1,train,0.0024098437279462814,0.997590184211731
29875,1,1,1,1,train,0.002368310932070017,0.9976316690444946
29876,1,1,1,1,train,0.0028647356666624546,0.9971352815628052
29895,1,1,1,1,train,0.09838655591011047,0.9016134738922119
29961,1,1,1,1,train,0.0018114211270585656,0.9981885552406311
29962,1,1,1,1,train,0.0018798456294462085,0.998120129108429
29974,1,1,1,1,train,0.1060737818479538,0.893926203250885
29983,1,1,1,1,train,0.002183379139751196,0.9978165626525879
29987,1,1,1,1,train,0.04161348193883896,0.9583865404129028
29997,1,1,1,1,train,0.05645839124917984,0.9435416460037231
30040,1,1,1,1,train,0.002026910660788417,0.9979731440544128
30041,1,1,1,1,train,0.0020911141764372587,0.9979089498519897
30042,1,1,1,1,train,0.0019236266380175948,0.998076319694519
30043,1,1,1,1,train,0.0020936850924044847,0.9979063272476196
30044,1,1,1,1,train,0.002112280111759901,0.9978876709938049
30093,1,1,1,1,train,0.0023258563596755266,0.9976741671562195
30096,1,1,1,1,train,0.031762152910232544,0.9682378172874451
30097,1,1,1,1,train,0.011540529318153858,0.9884595274925232
30118,1,1,1,1,train,0.0024446563329547644,0.9975553154945374
30132,1,1,1,1,train,0.002909471048042178,0.9970904588699341
30133,1,1,1,1,train,0.0021748668514192104,0.9978251457214355
30142,1,1,1,1,train,0.0018880986608564854,0.9981119632720947
30150,1,1,1,1,train,0.0022296265233308077,0.9977704286575317
30168,1,1,1,1,train,0.0021448906045407057,0.9978551268577576
30206,1,1,1,1,train,0.01645677164196968,0.9835432767868042
30239,1,1,1,1,train,0.0026953595224767923,0.9973046779632568
30260,1,1,1,1,train,0.009212085045874119,0.990787923336029
30266,1,1,1,1,train,0.0018258064519613981,0.9981741905212402
30269,1,1,1,1,train,0.0018208883702754974,0.9981790781021118
30270,1,1,1,1,train,0.4323942959308624,0.56760573387146
30272,1,1,1,1,train,0.0020774593576788902,0.9979225993156433
30273,1,1,1,1,train,0.002020567189902067,0.997979462146759
30286,1,1,1,1,train,0.0022192103788256645,0.9977808594703674
30313,1,1,1,1,train,0.002405374776571989,0.9975946545600891
30314,1,1,1,1,train,0.0018721636151894927,0.9981278777122498
30340,1,1,1,1,train,0.0021127909421920776,0.9978871941566467
30345,1,1,1,1,train,0.004199722781777382,0.9958003163337708
30355,1,1,1,1,train,0.0020722246263176203,0.9979277849197388
30357,1,1,1,1,train,0.002298349281772971,0.9977017045021057
30373,1,1,1,1,train,0.002098406432196498,0.9979015588760376
30403,1,1,1,1,train,0.0018590124091133475,0.9981409311294556
30405,1,1,1,1,train,0.0032572299242019653,0.9967427849769592
30434,1,1,1,1,train,0.002798107685521245,0.9972019195556641
30441,1,1,1,1,train,0.0021020383574068546,0.9978979825973511
30443,1,1,1,1,train,0.0019077182514593005,0.9980922341346741
30445,1,1,1,1,train,0.002512106206268072,0.9974879026412964
30454,1,1,1,1,train,0.003369642421603203,0.9966303706169128
30461,1,1,1,1,train,0.002205545548349619,0.997794508934021
30478,1,1,1,1,train,0.002231065183877945,0.9977689981460571
30479,1,1,1,1,train,0.0023496465291827917,0.9976503252983093
30480,1,1,1,1,train,0.001867396291345358,0.9981326460838318
30481,1,1,1,1,train,0.0024010466877371073,0.9975989460945129
30482,1,1,1,1,train,0.002286589005962014,0.9977134466171265
30506,0,1,0,1,train,0.014291765168309212,0.9857082366943359
30511,1,1,1,1,train,0.0017315420554950833,0.9982684850692749
30535,1,1,1,1,train,0.001924599171616137,0.9980753660202026
30547,1,1,1,1,train,0.0022586153354495764,0.9977413415908813
30548,1,1,1,1,train,0.0022054046858102083,0.9977946281433105
30549,1,1,1,1,train,0.002205864293500781,0.9977941513061523
30558,1,1,1,1,train,0.0019015175057575107,0.9980985522270203
30590,1,1,1,1,train,0.0022384715266525745,0.9977614879608154
30591,1,1,1,1,train,0.0029547542799264193,0.9970452189445496
30593,1,1,1,1,train,0.001834508846513927,0.9981655478477478
30594,1,1,1,1,train,0.0022614477202296257,0.9977385997772217
30608,1,1,1,1,train,0.0021343566477298737,0.997865617275238
30613,1,1,1,1,train,0.0023616820108145475,0.9976383447647095
30614,1,1,1,1,train,0.002088210778310895,0.9979117512702942
30627,1,1,1,1,train,0.0024246652610599995,0.9975753426551819
30633,1,1,1,1,train,0.0023253164254128933,0.9976746439933777
30645,1,1,1,1,train,0.0019300185376778245,0.9980700612068176
30653,1,1,1,1,train,0.002204806776717305,0.9977952241897583
30657,1,1,1,1,train,0.004503204021602869,0.9954968690872192
30672,1,1,1,1,train,0.06314557790756226,0.9368544816970825
30676,1,1,1,1,train,0.013191736303269863,0.9868082404136658
30692,1,1,1,1,train,0.0035072145983576775,0.9964928030967712
30700,1,1,1,1,train,0.014517906121909618,0.9854820966720581
30701,1,1,1,1,train,0.002189806429669261,0.9978101849555969
30706,1,1,1,1,train,0.0019386571366339922,0.9980613589286804
30708,1,1,1,1,train,0.0029727730434387922,0.9970272183418274
30754,1,1,1,1,train,0.0021467641927301884,0.9978532195091248
30762,1,1,1,1,train,0.0023159347474575043,0.9976840019226074
30772,1,1,1,1,train,0.002080654725432396,0.9979193806648254
30773,1,1,1,1,train,0.003016106551513076,0.9969839453697205
30774,1,1,1,1,train,0.002046144800260663,0.9979538917541504
30794,1,1,1,1,train,0.004684974905103445,0.9953150749206543
30801,1,1,1,1,train,0.0022133556194603443,0.9977866411209106
30816,1,1,1,1,train,0.15493984520435333,0.8450601696968079
31213,1,1,1,1,train,0.0020791427232325077,0.9979209303855896
31214,1,1,1,1,train,0.0019073870498687029,0.9980925917625427
31215,1,1,1,1,train,0.0018178533064201474,0.9981821775436401
31216,1,1,1,1,train,0.002869353163987398,0.9971306920051575
31220,1,1,1,1,train,0.0019986985716968775,0.9980012774467468
31247,1,1,1,1,train,0.0028606606647372246,0.9971393346786499
31265,1,1,1,1,train,0.002160832518711686,0.9978391528129578
31268,0,0,0,0,train,0.9829899072647095,0.017010120674967766
31308,1,1,1,1,train,0.0035572112537920475,0.9964427351951599
31312,1,1,1,1,train,0.0019876756705343723,0.9980123043060303
31355,1,1,1,1,train,0.04153222218155861,0.9584677815437317
31356,1,1,1,1,train,0.010634560137987137,0.9893654584884644
31372,1,1,1,1,train,0.023220738396048546,0.9767792820930481
31373,1,1,1,1,train,0.12709911167621613,0.8729009032249451
31409,1,1,1,1,train,0.002770861377939582,0.9972291588783264
31419,1,1,1,1,train,0.0020428854040801525,0.9979571104049683
31420,1,1,1,1,train,0.002490920014679432,0.9975090026855469
31433,1,1,1,1,train,0.0024329861626029015,0.9975670576095581
31442,1,1,1,1,train,0.0020018466748297215,0.9979981780052185
31453,1,1,1,1,train,0.0019994541071355343,0.9980005621910095
31464,1,1,1,1,train,0.0023358981125056744,0.9976640939712524
31465,1,1,1,1,train,0.0025110000278800726,0.9974889755249023
31468,1,1,1,1,train,0.0018602826166898012,0.9981397390365601
31469,1,1,1,1,train,0.0025662831030786037,0.9974337220191956
31479,1,1,1,1,train,0.002555055543780327,0.9974449872970581
31491,1,1,1,1,train,0.0026430150028318167,0.9973570108413696
31497,1,1,1,1,train,0.3371143937110901,0.6628856062889099
31517,1,1,1,1,train,0.0022300039418041706,0.9977700710296631
31524,1,1,1,1,train,0.0021815202198922634,0.9978184700012207
31527,1,1,1,1,train,0.002597476588562131,0.9974024891853333
31530,1,1,1,1,train,0.0028953240253031254,0.9971047043800354
31537,1,1,1,1,train,0.0019551832228899,0.9980448484420776
31538,1,1,1,1,train,0.0031978015322238207,0.9968022108078003
31540,1,1,1,1,train,0.0032235581893473864,0.9967764019966125
31544,1,1,1,1,train,0.010409521870315075,0.9895904660224915
31552,1,1,1,1,train,0.0020430302247405052,0.9979569911956787
31567,1,1,1,1,train,0.02008116990327835,0.9799188375473022
31572,1,1,1,1,train,0.0018926599295809865,0.9981073141098022
31575,1,1,1,1,train,0.002356490585952997,0.9976435303688049
31588,1,1,1,1,train,0.002244392177090049,0.9977555871009827
31592,1,1,1,1,train,0.0018471506191417575,0.9981527924537659
31597,1,1,1,1,train,0.0067671253345906734,0.9932328462600708
31615,1,1,1,1,train,0.0026959083043038845,0.9973040819168091
31616,1,1,1,1,train,0.004149564541876316,0.9958504438400269
31617,1,1,1,1,train,0.0021445550955832005,0.9978554844856262
31621,1,1,1,1,train,0.0024738512001931667,0.9975261092185974
31622,1,1,1,1,train,0.0018566225189715624,0.9981434345245361
31623,1,1,1,1,train,0.007149095181375742,0.9928508996963501
31624,1,1,1,1,train,0.049702391028404236,0.9502976536750793
31629,1,1,1,1,train,0.0017886116402223706,0.9982113838195801
31635,1,1,1,1,train,0.010668241418898106,0.9893317222595215
31636,1,1,1,1,train,0.007879427634179592,0.992120623588562
31646,1,1,1,1,train,0.0028170188888907433,0.9971829652786255
31650,1,1,1,1,train,0.0024707068223506212,0.9975293278694153
31679,1,1,1,1,train,0.00499758031219244,0.9950024485588074
31694,0,0,0,0,train,0.8565846681594849,0.14341531693935394
31711,1,1,1,1,train,0.09553009271621704,0.9044698476791382
31712,1,1,1,1,train,0.4535725712776184,0.5464273691177368
31713,1,1,1,1,train,0.12729991972446442,0.8727000951766968
31723,0,0,0,0,train,0.6082517504692078,0.39174818992614746
31732,1,1,1,1,train,0.017512036487460136,0.9824879765510559
31737,1,1,1,1,train,0.045478805899620056,0.9545211791992188
31755,1,1,1,1,train,0.0032760468311607838,0.9967239499092102
31756,1,1,1,1,train,0.0021935186814516783,0.9978064894676208
31763,1,1,1,1,train,0.001959681510925293,0.9980403780937195
31764,1,1,1,1,train,0.0021459513809531927,0.9978540539741516
31786,1,1,1,1,train,0.00207270379178226,0.9979273080825806
31807,1,1,1,1,train,0.002333843382075429,0.9976662397384644
31821,0,0,0,0,train,0.9790424704551697,0.020957577973604202
31822,0,0,0,0,train,0.9852501749992371,0.014749838039278984
31824,0,0,0,0,train,0.9824395179748535,0.017560530453920364
31825,1,0,1,0,train,0.8641394972801208,0.13586057722568512
31826,0,0,0,0,train,0.9816524386405945,0.01834750920534134
31827,0,0,0,0,train,0.9835106134414673,0.016489358618855476
31828,0,0,0,0,train,0.9434535503387451,0.056546442210674286
31830,1,0,1,0,train,0.9460538029670715,0.053946226835250854
31831,0,0,0,0,train,0.9827081561088562,0.017291812226176262
31832,0,0,0,0,train,0.9713664650917053,0.028633518144488335
31833,0,0,0,0,train,0.9659430980682373,0.03405693173408508
31834,0,0,0,0,train,0.9817169308662415,0.018283115699887276
31835,0,0,0,0,train,0.9416458606719971,0.05835414677858353
31836,1,0,1,0,train,0.9622623920440674,0.03773760423064232
31837,1,0,1,0,train,0.9588650465011597,0.041134923696517944
31838,1,0,1,0,train,0.9850969910621643,0.014903060160577297
31839,1,0,1,0,train,0.9798645973205566,0.02013538032770157
31840,0,0,0,0,train,0.9845820069313049,0.015418028458952904
31841,1,0,1,0,train,0.9656460881233215,0.03435391187667847
31842,0,0,0,0,train,0.5477758049964905,0.4522242248058319
31843,0,0,0,0,train,0.9052822589874268,0.09471771866083145
31844,0,0,0,0,train,0.9433698654174805,0.05663018673658371
31845,1,1,1,1,train,0.2753690779209137,0.7246308326721191
31846,0,1,0,1,train,0.2042740285396576,0.79572594165802
31847,0,0,0,0,train,0.982815682888031,0.017184333875775337
31848,1,1,1,1,train,0.4063592553138733,0.5936407446861267
31849,1,0,1,0,train,0.9765899777412415,0.023410044610500336
31850,1,0,1,0,train,0.8400517702102661,0.15994824469089508
31851,1,0,1,0,train,0.9665212631225586,0.033478762954473495
31852,0,0,0,0,train,0.9747937321662903,0.025206267833709717
31853,0,0,0,0,train,0.9626993536949158,0.037300627678632736
31854,0,0,0,0,train,0.9789157509803772,0.021084250882267952
31855,0,0,0,0,train,0.9770456552505493,0.02295435592532158
31857,1,1,1,1,train,0.13159185647964478,0.8684081435203552
31859,1,0,1,0,train,0.86662358045578,0.1333763748407364
31860,1,0,1,0,train,0.5794328451156616,0.420567125082016
31861,1,1,1,1,train,0.4048903286457062,0.5951096415519714
31862,1,0,1,0,train,0.6485700011253357,0.3514299690723419
31863,0,0,0,0,train,0.6569244861602783,0.3430754542350769
31864,1,0,1,0,train,0.7347081303596497,0.26529181003570557
31865,1,1,1,1,train,0.02963748201727867,0.9703624844551086
31869,1,1,1,1,train,0.004534295294433832,0.9954656958580017
31871,1,0,1,0,train,0.8240048289299011,0.17599521577358246
31872,1,0,1,0,train,0.555324137210846,0.44467589259147644
31873,1,1,1,1,train,0.2660066485404968,0.733993411064148
31874,1,1,1,1,train,0.062183476984500885,0.9378165006637573
31877,0,0,0,0,train,0.9834402799606323,0.016559753566980362
31878,1,0,1,0,train,0.9730069041252136,0.02699311636388302
31879,0,0,0,0,train,0.9806929230690002,0.01930706575512886
31881,0,0,0,0,train,0.9228085875511169,0.07719135284423828
31884,1,1,1,1,train,0.009126405231654644,0.9908735752105713
31885,1,1,1,1,train,0.4721852242946625,0.5278148055076599
31887,1,1,1,1,train,0.140538290143013,0.8594617247581482
31888,0,0,0,0,train,0.9639540910720825,0.03604591637849808
31889,1,0,1,0,train,0.5158289074897766,0.4841710329055786
31890,0,0,0,0,train,0.9534571766853333,0.04654274135828018
31891,0,0,0,0,train,0.9707654118537903,0.02923465147614479
31892,0,0,0,0,train,0.9766137003898621,0.023386254906654358
31893,1,0,1,0,train,0.566584050655365,0.433415949344635
31894,0,1,0,1,train,0.1704125702381134,0.8295873999595642
31895,1,0,1,0,train,0.5105095505714417,0.48949047923088074
31896,1,1,1,1,train,0.009417174383997917,0.9905828237533569
31897,1,1,1,1,train,0.3337703049182892,0.6662296652793884
31898,1,0,1,0,train,0.9812254309654236,0.018774544820189476
31899,1,0,1,0,train,0.9812674522399902,0.018732568249106407
31900,1,0,1,0,train,0.9783929586410522,0.021607056260108948
31901,1,0,1,0,train,0.9785293340682983,0.02147069200873375
31902,1,0,1,0,train,0.9813173413276672,0.018682600930333138
31904,0,0,0,0,train,0.974990963935852,0.02500898577272892
31906,1,0,1,0,train,0.7247081995010376,0.2752918004989624
31907,1,0,1,0,train,0.9624958038330078,0.037504203617572784
31908,1,1,1,1,train,0.010919416323304176,0.989080548286438
31909,1,1,1,1,train,0.004537174012511969,0.9954628348350525
31910,1,1,1,1,train,0.002986563602462411,0.9970134496688843
31911,0,0,0,0,train,0.9248638153076172,0.07513623684644699
31912,1,0,1,0,train,0.9415763020515442,0.05842362716794014
31916,0,1,0,1,train,0.42826589941978455,0.5717341303825378
31917,1,1,1,1,train,0.4892680048942566,0.5107319951057434
31918,1,1,1,1,train,0.003674522740766406,0.9963254332542419
31920,1,1,1,1,train,0.09597301483154297,0.9040269255638123
31922,1,0,1,0,train,0.9633001089096069,0.03669987991452217
31923,1,1,1,1,train,0.005171380005776882,0.9948286414146423
31924,1,1,1,1,train,0.3806838095188141,0.6193161606788635
31925,1,1,1,1,train,0.24395595490932465,0.7560440301895142
31926,1,1,1,1,train,0.3845679461956024,0.6154320240020752
31927,1,1,1,1,train,0.13773834705352783,0.8622616529464722
31929,1,1,1,1,train,0.03123127669095993,0.9687687158584595
31930,1,0,1,0,train,0.5028400421142578,0.4971599280834198
31931,1,0,1,0,train,0.9110450148582458,0.08895502984523773
31932,0,0,0,0,train,0.9732821583747864,0.026717843487858772
31933,1,1,1,1,train,0.016915451735258102,0.983084499835968
31934,1,1,1,1,train,0.096261166036129,0.9037388563156128
31935,0,0,0,0,train,0.9777607321739197,0.022239351645112038
31936,1,0,1,0,train,0.537794291973114,0.46220576763153076
31940,1,1,1,1,train,0.011641747318208218,0.9883583188056946
31941,1,1,1,1,train,0.004970968700945377,0.9950290322303772
31942,1,1,1,1,train,0.4558236598968506,0.5441763401031494
31943,1,1,1,1,train,0.09704726189374924,0.9029527306556702
31946,1,1,1,1,train,0.01048189215362072,0.9895181059837341
31947,0,0,0,0,train,0.9632081985473633,0.03679181635379791
31948,1,0,1,0,train,0.9822005033493042,0.01779947802424431
31949,1,0,1,0,train,0.8478682041168213,0.15213176608085632
31950,1,1,1,1,train,0.002725255908444524,0.9972746968269348
31951,1,0,1,0,train,0.7507266402244568,0.2492733895778656
31952,1,1,1,1,train,0.0051545933820307255,0.9948453903198242
31955,1,0,1,0,train,0.9300680160522461,0.06993196159601212
31956,1,0,1,0,train,0.9782068729400635,0.02179311215877533
31958,1,0,1,0,train,0.6758655905723572,0.32413437962532043
31959,0,0,0,0,train,0.758193850517273,0.24180613458156586
31960,0,0,0,0,train,0.9816187024116516,0.018381349742412567
31961,1,0,1,0,train,0.8059097528457642,0.19409023225307465
31962,1,1,1,1,train,0.41589057445526123,0.5841094255447388
31963,0,0,0,0,train,0.8696044683456421,0.1303955316543579
31964,1,0,1,0,train,0.8513957858085632,0.14860421419143677
31966,0,0,0,0,train,0.7189775705337524,0.28102242946624756
31967,1,0,1,0,train,0.9578731060028076,0.04212694615125656
31969,1,0,1,0,train,0.9664506316184998,0.033549342304468155
31971,1,0,1,0,train,0.8384503722190857,0.1615496426820755
31972,1,1,1,1,train,0.20197761058807373,0.7980223894119263
31973,1,0,1,0,train,0.5088565349578857,0.4911434054374695
31974,1,1,1,1,train,0.42211857438087463,0.577881395816803
31976,1,1,1,1,train,0.0030297439079731703,0.9969701766967773
31977,1,0,1,0,train,0.6056348085403442,0.39436522126197815
31978,1,0,1,0,train,0.8617518544197083,0.13824810087680817
31979,1,0,1,0,train,0.5283247232437134,0.47167524695396423
31980,0,0,0,0,train,0.9396659135818481,0.06033414602279663
31981,1,0,1,0,train,0.746029257774353,0.253970742225647
31982,0,1,0,1,train,0.07933219522237778,0.920667827129364
31983,1,0,1,0,train,0.958386242389679,0.04161374643445015
31984,0,0,0,0,train,0.9814760684967041,0.01852395012974739
31985,0,0,0,0,train,0.9780585765838623,0.021941369399428368
31986,1,1,1,1,train,0.031498003751039505,0.9685019254684448
31987,1,1,1,1,train,0.005165280308574438,0.9948347806930542
31988,1,1,1,1,train,0.12318991124629974,0.8768101334571838
31989,0,0,0,0,train,0.8666324019432068,0.1333676129579544
31990,1,0,1,0,train,0.9670140743255615,0.03298591822385788
31991,0,0,0,0,train,0.975635290145874,0.02436472661793232
31995,1,1,1,1,train,0.004464487079530954,0.9955354928970337
31996,1,1,1,1,train,0.17382733523845673,0.8261727094650269
31997,1,0,1,0,train,0.8928879499435425,0.1071120947599411
31998,1,0,1,0,train,0.7515972852706909,0.24840274453163147
32000,0,1,0,1,train,0.446544885635376,0.5534550547599792
32001,1,1,1,1,train,0.0200301893055439,0.9799697995185852
32003,1,0,1,0,train,0.94947749376297,0.050522495061159134
32007,1,1,1,1,train,0.005299903452396393,0.9947000741958618
32008,0,0,0,0,train,0.9671050310134888,0.03289502114057541
32009,1,1,1,1,train,0.004061168059706688,0.9959388971328735
32012,1,1,1,1,train,0.01639098860323429,0.9836090207099915
32015,0,0,0,0,train,0.9682590365409851,0.03174091875553131
32016,1,0,1,0,train,0.8862473964691162,0.11375263333320618
32017,1,1,1,1,train,0.269606351852417,0.730393648147583
32018,0,0,0,0,train,0.9786325097084045,0.021367453038692474
32019,1,0,1,0,train,0.608026921749115,0.3919730484485626
32021,1,0,1,0,train,0.9459621906280518,0.054037876427173615
32022,1,0,1,0,train,0.9430068731307983,0.05699313431978226
32023,0,0,0,0,train,0.9170678853988647,0.08293209224939346
32024,0,0,0,0,train,0.9575616717338562,0.042438264936208725
32025,1,1,1,1,train,0.007249062415212393,0.992750883102417
32026,1,1,1,1,train,0.009010435082018375,0.9909895658493042
32027,1,1,1,1,train,0.05035730451345444,0.9496427178382874
32028,1,1,1,1,train,0.35355308651924133,0.6464468836784363
32029,0,0,0,0,train,0.9662679433822632,0.03373203054070473
32030,0,0,0,0,train,0.9661356210708618,0.03386440500617027
32031,0,0,0,0,train,0.9665342569351196,0.033465676009655
32032,0,0,0,0,train,0.9354065656661987,0.06459347903728485
32033,0,0,0,0,train,0.978236198425293,0.021763814613223076
32035,1,1,1,1,train,0.3944511115550995,0.6055488586425781
32036,1,1,1,1,train,0.0041843377985060215,0.9958156943321228
32037,1,1,1,1,train,0.003520593512803316,0.9964794516563416
32039,1,1,1,1,train,0.004856076557189226,0.9951440095901489
32040,1,1,1,1,train,0.004343677312135696,0.9956563711166382
32041,1,1,1,1,train,0.0035813236609101295,0.9964187145233154
32042,1,0,1,0,train,0.8763774633407593,0.12362252175807953
32043,1,1,1,1,train,0.15736402571201324,0.842635989189148
32044,1,0,1,0,train,0.8385688662528992,0.16143105924129486
32045,1,0,1,0,train,0.9383256435394287,0.06167436018586159
32047,1,0,1,0,train,0.9574426412582397,0.042557306587696075
32048,1,0,1,0,train,0.9627431035041809,0.037256889045238495
32049,1,1,1,1,train,0.005092251114547253,0.9949076771736145
32050,1,1,1,1,train,0.00337682431563735,0.996623158454895
32051,1,1,1,1,train,0.4292019009590149,0.5707980990409851
32052,0,0,0,0,train,0.6626179218292236,0.3373820185661316
32053,0,0,0,0,train,0.6269505023956299,0.37304943799972534
32054,1,0,1,0,train,0.8420966267585754,0.15790335834026337
32055,1,1,1,1,train,0.17258374392986298,0.8274163007736206
32056,1,1,1,1,train,0.010891919955611229,0.9891080856323242
32057,1,1,1,1,train,0.0607660673558712,0.9392338991165161
32058,1,1,1,1,train,0.012663483619689941,0.9873365759849548
32059,1,1,1,1,train,0.005911553278565407,0.9940884113311768
32060,1,0,1,0,train,0.7755025625228882,0.2244974970817566
32061,1,0,1,0,train,0.7784935832023621,0.22150637209415436
32062,1,0,1,0,train,0.7754819989204407,0.2245180308818817
32063,0,0,0,0,train,0.9318020939826965,0.06819784641265869
32064,0,0,0,0,train,0.979263961315155,0.020736100152134895
32065,1,0,1,0,train,0.9578912258148193,0.04210876300930977
32071,1,1,1,1,train,0.00297502800822258,0.9970249533653259
32072,1,0,1,0,train,0.6622651219367981,0.3377348482608795
32073,1,0,1,0,train,0.7287614345550537,0.2712385356426239
32074,1,0,1,0,train,0.972409725189209,0.027590297162532806
32075,0,0,0,0,train,0.9674674272537231,0.03253256157040596
32076,1,0,1,0,train,0.5975807309150696,0.40241923928260803
32078,0,0,0,0,train,0.98200523853302,0.01799478568136692
32080,1,1,1,1,train,0.005022822413593531,0.9949771761894226
32081,0,1,0,1,train,0.018459821119904518,0.9815402626991272
32082,1,0,1,0,train,0.8840048909187317,0.11599511653184891
32083,1,1,1,1,train,0.007391445804387331,0.9926084876060486
32084,1,1,1,1,train,0.0062189847230911255,0.9937810301780701
32085,1,1,1,1,train,0.37287524342536926,0.6271247267723083
32086,1,1,1,1,train,0.002868461888283491,0.9971314668655396
32088,1,1,1,1,train,0.15317048132419586,0.8468294739723206
32089,1,1,1,1,train,0.3972126543521881,0.6027873158454895
32090,1,1,1,1,train,0.4469064474105835,0.5530936121940613
32091,1,1,1,1,train,0.005919051822274923,0.9940809607505798
32093,1,1,1,1,train,0.1735379546880722,0.8264620304107666
32095,1,1,1,1,train,0.002653200877830386,0.9973467588424683
32097,1,0,1,0,train,0.9626566171646118,0.03734340891242027
32098,0,0,0,0,train,0.9774382710456848,0.022561760619282722
32099,0,0,0,0,train,0.9803085327148438,0.019691478461027145
32100,0,0,0,0,train,0.9562469124794006,0.04375315457582474
32101,0,0,0,0,train,0.9836655259132385,0.01633443310856819
32102,1,0,1,0,train,0.9835274815559387,0.01647256314754486
32103,1,1,1,1,train,0.10574579238891602,0.894254207611084
32104,0,0,0,0,train,0.9633026719093323,0.03669740632176399
32105,1,0,1,0,train,0.981242299079895,0.018757741898298264
32106,1,1,1,1,train,0.004333581775426865,0.9956663846969604
32107,0,0,0,0,train,0.9801346659660339,0.019865315407514572
32108,0,0,0,0,train,0.979972779750824,0.020027227699756622
32109,0,0,0,0,train,0.9790229201316833,0.020977085456252098
32110,0,0,0,0,train,0.9801701903343201,0.019829848781228065
32111,0,0,0,0,train,0.9801009893417358,0.01989896036684513
32112,0,0,0,0,train,0.9791083931922913,0.020891567692160606
32113,0,0,0,0,train,0.9283909201622009,0.07160904258489609
32114,0,0,0,0,train,0.9768061637878418,0.023193906992673874
32115,0,0,0,0,train,0.9750351905822754,0.024964824318885803
32116,0,0,0,0,train,0.8729333877563477,0.12706656754016876
32117,0,1,0,1,train,0.3601624071598053,0.6398375630378723
32118,0,0,0,0,train,0.9728018045425415,0.027198249474167824
32120,1,1,1,1,train,0.011391532607376575,0.9886084794998169
32122,1,1,1,1,train,0.004404039587825537,0.9955959916114807
32123,1,0,1,0,train,0.6697853207588196,0.3302146792411804
32124,1,1,1,1,train,0.49349740147590637,0.506502628326416
32125,0,0,0,0,train,0.9747428894042969,0.025257106870412827
32126,1,0,1,0,train,0.9182419180870056,0.08175814896821976
32127,1,0,1,0,train,0.9093939661979675,0.09060609340667725
32130,1,1,1,1,train,0.1359935700893402,0.8640064001083374
32131,1,1,1,1,train,0.009449983946979046,0.9905501008033752
32132,1,1,1,1,train,0.1506185233592987,0.8493815064430237
32134,1,0,1,0,train,0.978509783744812,0.02149021066725254
32135,0,0,0,0,train,0.9057963490486145,0.09420368075370789
32136,1,1,1,1,train,0.23459236323833466,0.7654076218605042
32137,1,1,1,1,train,0.01866595819592476,0.9813340306282043
32139,1,1,1,1,train,0.004756874870508909,0.9952431321144104
32140,1,1,1,1,train,0.24801428616046906,0.7519856691360474
32141,0,0,0,0,train,0.9728926420211792,0.027107393369078636
32143,0,0,0,0,train,0.7669830322265625,0.2330169528722763
32145,1,1,1,1,train,0.0027567571960389614,0.9972432851791382
32148,1,1,1,1,train,0.07779382914304733,0.9222062230110168
32150,1,0,1,0,train,0.801846444606781,0.1981535702943802
32151,0,0,0,0,train,0.9144356846809387,0.08556433767080307
32153,1,1,1,1,train,0.4592066705226898,0.5407932996749878
32154,0,0,0,0,train,0.9777682423591614,0.022231822833418846
32155,0,0,0,0,train,0.9697357416152954,0.030264247208833694
32156,1,1,1,1,train,0.004750810097903013,0.9952491521835327
32158,1,0,1,0,train,0.9775723814964294,0.022427691146731377
32159,1,0,1,0,train,0.9776613116264343,0.022338641807436943
32160,1,0,1,0,train,0.962498128414154,0.03750189021229744
32161,0,0,0,0,train,0.9809333086013794,0.019066672772169113
32162,0,0,0,0,train,0.9775599241256714,0.022440074011683464
32163,1,0,1,0,train,0.976030707359314,0.023969365283846855
32164,1,0,1,0,train,0.9073361158370972,0.09266392141580582
32165,1,0,1,0,train,0.7592083811759949,0.24079161882400513
32166,1,1,1,1,train,0.006869445089250803,0.9931305050849915
32167,1,0,1,0,train,0.5496593713760376,0.4503405690193176
32168,1,0,1,0,train,0.7502816915512085,0.24971827864646912
32170,0,0,0,0,train,0.9480225443840027,0.051977477967739105
32171,1,1,1,1,train,0.004006314091384411,0.9959936141967773
32172,1,1,1,1,train,0.0031132292933762074,0.9968867897987366
32173,1,1,1,1,train,0.00349416327662766,0.996505856513977
32174,1,1,1,1,train,0.004951693583279848,0.9950482249259949
32175,1,1,1,1,train,0.0029583624564111233,0.997041642665863
32176,1,1,1,1,train,0.006920269224792719,0.9930797219276428
32177,1,1,1,1,train,0.00460495799779892,0.9953950047492981
32178,1,1,1,1,train,0.004057997837662697,0.9959419369697571
32181,1,1,1,1,train,0.004705533385276794,0.9952945113182068
32182,1,1,1,1,train,0.005338048096746206,0.9946619868278503
32184,1,1,1,1,train,0.20634174346923828,0.7936582565307617
32185,1,1,1,1,train,0.03181086480617523,0.9681891798973083
32186,1,1,1,1,train,0.0039994665421545506,0.9960004687309265
32187,1,1,1,1,train,0.004009234718978405,0.9959908127784729
32188,0,0,0,0,train,0.9821984171867371,0.017801571637392044
32191,1,0,1,0,train,0.9560626149177551,0.04393743723630905
32193,0,0,0,0,train,0.9788060784339905,0.021193910390138626
32194,0,0,0,0,train,0.983474850654602,0.01652509905397892
32195,1,0,1,0,train,0.8483065962791443,0.1516934335231781
32196,0,0,0,0,train,0.9811576008796692,0.01884244754910469
32197,0,0,0,0,train,0.9234097599983215,0.07659025490283966
32198,0,0,0,0,train,0.9672510027885437,0.03274896368384361
32205,0,0,0,0,train,0.9301134943962097,0.06988652050495148
32208,1,1,1,1,train,0.07578219473361969,0.9242178797721863
32209,1,0,1,0,train,0.8655267357826233,0.13447323441505432
32211,1,1,1,1,train,0.028055787086486816,0.971944272518158
32212,1,1,1,1,train,0.15928654372692108,0.8407135009765625
32213,1,1,1,1,train,0.04084157943725586,0.9591584801673889
32214,1,0,1,0,train,0.683148980140686,0.31685101985931396
32215,1,1,1,1,train,0.0033965620677918196,0.9966033697128296
32216,1,1,1,1,train,0.193719282746315,0.8062806725502014
32217,1,1,1,1,train,0.0986475721001625,0.9013524651527405
32218,1,0,1,0,train,0.6411830186843872,0.3588169813156128
32219,1,0,1,0,train,0.9710507988929749,0.028949206694960594
32220,0,0,0,0,train,0.979947030544281,0.0200529545545578
32221,1,1,1,1,train,0.04007606580853462,0.9599239230155945
32222,0,0,0,0,train,0.8475052118301392,0.15249477326869965
32223,1,1,1,1,train,0.1252366453409195,0.8747633695602417
32224,1,1,1,1,train,0.05519133061170578,0.9448087215423584
32226,1,1,1,1,train,0.004070252180099487,0.9959297776222229
32227,1,0,1,0,train,0.9672455191612244,0.03275444731116295
32228,0,0,0,0,train,0.9802953600883484,0.019704671576619148
32229,1,0,1,0,train,0.9721936583518982,0.027806371450424194
32230,1,0,1,0,train,0.9735075831413269,0.026492374017834663
32232,1,0,1,0,train,0.817987322807312,0.1820126473903656
32235,0,0,0,0,train,0.9771150350570679,0.022884927690029144
32237,1,1,1,1,train,0.017219683155417442,0.9827803373336792
32238,0,0,0,0,train,0.9677661657333374,0.03223386034369469
32239,0,0,0,0,train,0.719862699508667,0.2801373302936554
32240,1,0,1,0,train,0.9155408143997192,0.08445921540260315
32241,1,1,1,1,train,0.004925454501062632,0.9950745701789856
32242,1,1,1,1,train,0.004505791235715151,0.9954942464828491
32243,1,1,1,1,train,0.0136794438585639,0.9863205552101135
32244,0,1,0,1,train,0.38335809111595154,0.6166419386863708
32245,1,1,1,1,train,0.004198248963803053,0.9958017468452454
32246,0,0,0,0,train,0.8367797136306763,0.16322022676467896
32247,1,0,1,0,train,0.9632893800735474,0.036710601300001144
32248,0,0,0,0,train,0.8314182758331299,0.1685817539691925
32249,1,0,1,0,train,0.511780321598053,0.48821958899497986
32250,1,1,1,1,train,0.3640298843383789,0.6359701156616211
32253,1,0,1,0,train,0.5753630995750427,0.42463693022727966
32254,0,0,0,0,train,0.9502655863761902,0.049734435975551605
32255,1,0,1,0,train,0.8679227828979492,0.13207723200321198
32256,1,1,1,1,train,0.1577848643064499,0.8422150611877441
32257,1,1,1,1,train,0.057694755494594574,0.9423052668571472
32258,1,1,1,1,train,0.4745323061943054,0.5254677534103394
32259,1,0,1,0,train,0.8031572699546814,0.19684280455112457
32260,1,0,1,0,train,0.9101923704147339,0.08980755507946014
32261,0,0,0,0,train,0.9829208254814148,0.017079200595617294
32262,1,0,1,0,train,0.8038389086723328,0.19616112112998962
32267,1,1,1,1,train,0.03950902819633484,0.9604909420013428
32268,1,1,1,1,train,0.004202441778033972,0.9957976341247559
32269,1,1,1,1,train,0.009455974213778973,0.9905439615249634
32270,1,1,1,1,train,0.3197014331817627,0.6802985668182373
32271,0,0,0,0,train,0.9764465093612671,0.02355348691344261
32273,1,1,1,1,train,0.06808236241340637,0.9319176077842712
32274,1,1,1,1,train,0.2604755163192749,0.7395244836807251
32275,1,0,1,0,train,0.5636259913444519,0.4363739788532257
32276,1,1,1,1,train,0.34531447291374207,0.6546854972839355
32277,1,1,1,1,train,0.3379822373390198,0.6620177030563354
32278,1,1,1,1,train,0.33937734365463257,0.6606226563453674
32280,1,1,1,1,train,0.3461943566799164,0.6538055539131165
32281,1,1,1,1,train,0.3597763180732727,0.6402236819267273
32282,1,1,1,1,train,0.010614265687763691,0.989385724067688
32283,1,1,1,1,train,0.00395769951865077,0.9960422515869141
32284,0,0,0,0,train,0.9142379760742188,0.08576201647520065
32286,1,1,1,1,train,0.07209628820419312,0.9279037714004517
32288,1,0,1,0,train,0.9664774537086487,0.033522531390190125
32289,1,0,1,0,train,0.930671215057373,0.06932871788740158
32290,1,0,1,0,train,0.5663056969642639,0.4336942434310913
32291,1,0,1,0,train,0.5652011632919312,0.43479886651039124
32292,1,0,1,0,train,0.541941225528717,0.45805877447128296
32293,1,1,1,1,train,0.20318803191184998,0.7968119382858276
32294,1,0,1,0,train,0.5873902440071106,0.41260969638824463
32296,1,1,1,1,train,0.00254294415935874,0.9974570870399475
32297,1,1,1,1,train,0.491375595331192,0.5086244940757751
32298,1,1,1,1,train,0.009078055620193481,0.9909219145774841
32300,1,0,1,0,train,0.7047930955886841,0.2952069640159607
32301,0,0,0,0,train,0.9768100380897522,0.023189978674054146
32302,1,0,1,0,train,0.8182772994041443,0.1817227005958557
32303,0,0,0,0,train,0.9774246215820312,0.022575370967388153
32304,0,0,0,0,train,0.9658401012420654,0.03415994718670845
32305,1,0,1,0,train,0.9720131754875183,0.027986809611320496
32306,0,0,0,0,train,0.9797559976577759,0.02024403028190136
32311,1,1,1,1,train,0.007217157166451216,0.9927828311920166
32313,1,1,1,1,train,0.002771176164969802,0.9972288012504578
32314,1,1,1,1,train,0.0029167397879064083,0.9970832467079163
32316,0,0,0,0,train,0.9730402231216431,0.026959823444485664
32317,0,0,0,0,train,0.9420847296714783,0.057915277779102325
32318,0,0,0,0,train,0.949080765247345,0.05091925710439682
32319,0,0,0,0,train,0.9596287608146667,0.04037123918533325
32321,1,1,1,1,train,0.004076227080076933,0.9959237575531006
32322,1,1,1,1,train,0.2820189893245697,0.7179811000823975
32323,0,0,0,0,train,0.5965071320533752,0.40349286794662476
32324,1,1,1,1,train,0.23763415217399597,0.7623658776283264
32325,1,1,1,1,train,0.0025752477813512087,0.9974247217178345
32326,1,1,1,1,train,0.3002645969390869,0.6997353434562683
32327,0,0,0,0,train,0.7781299352645874,0.22187002003192902
32328,0,0,0,0,train,0.9016220569610596,0.09837795048952103
32329,1,0,1,0,train,0.9668486714363098,0.0331512987613678
32330,1,1,1,1,train,0.0039043098222464323,0.9960957169532776
32332,1,0,1,0,train,0.9672419428825378,0.032757993787527084
32333,0,0,0,0,train,0.9391494989395142,0.06085052713751793
32334,1,0,1,0,train,0.6714672446250916,0.32853275537490845
32335,1,0,1,0,train,0.8979089260101318,0.10209114104509354
32336,1,0,1,0,train,0.9720283150672913,0.027971724048256874
32337,0,0,0,0,train,0.7618853449821472,0.23811468482017517
32338,0,0,0,0,train,0.9851346611976624,0.01486536767333746
32339,1,1,1,1,train,0.2453591227531433,0.7546408176422119
32340,1,1,1,1,train,0.0026351655833423138,0.9973648190498352
32341,1,1,1,1,train,0.0029610672499984503,0.9970389604568481
32343,1,0,1,0,train,0.9734485149383545,0.026551418006420135
32344,1,1,1,1,train,0.42158886790275574,0.5784111022949219
32345,0,0,0,0,train,0.9701606035232544,0.029839398339390755
32346,1,0,1,0,train,0.9815670847892761,0.018432851880788803
32347,1,0,1,0,train,0.908616840839386,0.09138317406177521
32348,1,0,1,0,train,0.9698599576950073,0.030139993876218796
32349,1,0,1,0,train,0.9715963006019592,0.02840365469455719
32351,1,0,1,0,train,0.6785482168197632,0.32145175337791443
32352,1,1,1,1,train,0.28134194016456604,0.7186580300331116
32353,1,1,1,1,train,0.0038924235850572586,0.9961075186729431
32360,1,1,1,1,train,0.292921781539917,0.707078218460083
32425,1,0,1,0,train,0.9332705140113831,0.06672941893339157
32448,1,0,1,0,train,0.9189435243606567,0.08105652779340744
32485,1,1,1,1,train,0.011487550102174282,0.9885125160217285
32527,0,0,0,0,train,0.507093608379364,0.4929063618183136
32536,0,0,0,0,train,0.8175313472747803,0.18246868252754211
32545,0,0,0,0,train,0.9596698880195618,0.04033013805747032
32570,1,1,1,1,train,0.005454484838992357,0.994545578956604
32573,1,1,1,1,train,0.008550318889319897,0.9914496541023254
32610,1,0,1,0,train,0.7333253026008606,0.266674667596817
32644,1,0,1,0,train,0.9546144008636475,0.04538558050990105
32648,1,1,1,1,train,0.006106115877628326,0.9938938021659851
32706,1,0,1,0,train,0.9492387771606445,0.05076126009225845
32747,1,0,1,0,train,0.9485406279563904,0.05145934224128723
32756,0,0,0,0,train,0.9763798117637634,0.023620247840881348
32763,1,0,1,0,train,0.8925487399101257,0.10745123773813248
32784,0,0,0,0,train,0.8650249242782593,0.13497501611709595
11903,1,0,1,0,validation,0.9843341708183289,0.01566588506102562
11951,0,0,0,0,validation,0.9848363995552063,0.015163649804890156
12115,1,1,1,1,validation,0.0034673702903091908,0.9965325593948364
12324,1,1,1,1,validation,0.2359761744737625,0.7640238404273987
12362,0,0,0,0,validation,0.9820868968963623,0.01791316643357277
12995,1,1,1,1,validation,0.002878480823710561,0.9971215128898621
13089,0,0,0,0,validation,0.8694441914558411,0.13055577874183655
13168,1,0,1,0,validation,0.8046615719795227,0.1953384280204773
13229,0,0,0,0,validation,0.5457305312156677,0.45426949858665466
13237,1,1,1,1,validation,0.004995458759367466,0.9950045943260193
13329,1,1,1,1,validation,0.41929852962493896,0.5807014107704163
13386,1,1,1,1,validation,0.003605985315516591,0.9963939785957336
13402,1,1,1,1,validation,0.00509272888302803,0.9949072003364563
13531,1,1,1,1,validation,0.003078971290960908,0.9969210624694824
13532,1,1,1,1,validation,0.0022771062795072794,0.9977229237556458
13708,1,1,1,1,validation,0.07277330011129379,0.927226722240448
13779,1,1,1,1,validation,0.007237236946821213,0.9927627444267273
13922,1,1,1,1,validation,0.02329510822892189,0.9767048954963684
13983,1,1,1,1,validation,0.11468759179115295,0.8853124380111694
13984,1,1,1,1,validation,0.09717442095279694,0.9028255343437195
14249,1,1,1,1,validation,0.0028662097174674273,0.997133731842041
14259,0,0,0,0,validation,0.8569449186325073,0.14305509626865387
14314,0,0,0,0,validation,0.9221039414405823,0.0778961107134819
14651,1,1,1,1,validation,0.0027728888671845198,0.997227132320404
14655,1,1,1,1,validation,0.0035860503558069468,0.9964140057563782
14669,1,1,1,1,validation,0.002245951909571886,0.9977540373802185
14674,1,1,1,1,validation,0.0023774313740432262,0.997622549533844
14676,1,1,1,1,validation,0.004131899680942297,0.9958680868148804
14835,1,1,1,1,validation,0.0027945945039391518,0.9972054362297058
14873,0,0,0,0,validation,0.6009523272514343,0.39904770255088806
14894,0,0,0,0,validation,0.6070178747177124,0.39298215508461
14904,1,1,1,1,validation,0.0026701344177126884,0.997329831123352
15097,1,0,1,0,validation,0.817018449306488,0.18298156559467316
15141,1,1,1,1,validation,0.031488124281167984,0.9685118794441223
15193,1,1,1,1,validation,0.003365465672686696,0.9966345429420471
15243,1,1,1,1,validation,0.004952157381922007,0.9950478672981262
15269,1,0,1,0,validation,0.8298625349998474,0.1701374650001526
15439,1,1,1,1,validation,0.002528221346437931,0.997471809387207
15715,1,1,1,1,validation,0.2528175115585327,0.7471824884414673
16072,1,1,1,1,validation,0.0019204746931791306,0.9980795383453369
16080,1,1,1,1,validation,0.19158178567886353,0.8084182143211365
16160,0,0,0,0,validation,0.7704890370368958,0.22951093316078186
16177,1,1,1,1,validation,0.03350154310464859,0.9664984345436096
16529,1,0,1,0,validation,0.8468537330627441,0.15314620733261108
16587,1,0,1,0,validation,0.5271425843238831,0.47285735607147217
16652,0,0,0,0,validation,0.9674336910247803,0.03256633132696152
17005,1,1,1,1,validation,0.0023603455629199743,0.9976396560668945
17054,1,1,1,1,validation,0.0036884730216115713,0.9963114857673645
17175,1,1,1,1,validation,0.011799841187894344,0.9882001876831055
17185,1,1,1,1,validation,0.004425534512847662,0.9955744743347168
17315,1,0,1,0,validation,0.5067291855812073,0.49327078461647034
17592,1,1,1,1,validation,0.007142640184611082,0.9928573369979858
17658,1,1,1,1,validation,0.00814597774296999,0.9918539524078369
17720,1,1,1,1,validation,0.3663000762462616,0.6336999535560608
17926,1,1,1,1,validation,0.03923207148909569,0.960767924785614
18058,1,1,1,1,validation,0.23198433220386505,0.7680156826972961
18069,1,1,1,1,validation,0.0037488937377929688,0.9962511658668518
18268,1,1,1,1,validation,0.00308209634386003,0.9969179630279541
18280,1,1,1,1,validation,0.0023885397240519524,0.9976115226745605
18340,1,1,1,1,validation,0.004214497283101082,0.9957855343818665
18433,1,1,1,1,validation,0.00942113809287548,0.990578830242157
18574,1,1,1,1,validation,0.0023949232418090105,0.9976050853729248
18607,1,1,1,1,validation,0.0029249556828290224,0.997075080871582
18651,1,1,1,1,validation,0.0022324188612401485,0.9977675676345825
18681,1,0,1,0,validation,0.519393801689148,0.48060622811317444
18688,1,0,1,0,validation,0.5105096101760864,0.48949044942855835
18784,1,1,1,1,validation,0.4508565664291382,0.5491434335708618
18872,1,1,1,1,validation,0.002861536806449294,0.997138500213623
18893,1,1,1,1,validation,0.002835863269865513,0.9971640706062317
18968,1,1,1,1,validation,0.22587694227695465,0.7741230726242065
19054,0,0,0,0,validation,0.9799826145172119,0.020017368718981743
19090,0,0,0,0,validation,0.5146187543869019,0.48538121581077576
19224,1,1,1,1,validation,0.44238603115081787,0.5576139688491821
19271,1,0,1,0,validation,0.6943023204803467,0.30569761991500854
19281,0,0,0,0,validation,0.9463804960250854,0.05361950397491455
19352,1,1,1,1,validation,0.004717030096799135,0.9952829480171204
19362,1,1,1,1,validation,0.007192725315690041,0.9928072690963745
19525,0,0,0,0,validation,0.7199068069458008,0.2800931930541992
19559,1,1,1,1,validation,0.0021543889306485653,0.9978456497192383
19561,1,1,1,1,validation,0.0021373031195253134,0.9978627562522888
19564,1,1,1,1,validation,0.0018489821814000607,0.9981510043144226
19622,1,1,1,1,validation,0.0029488911386579275,0.9970511198043823
19631,1,1,1,1,validation,0.002508142264559865,0.9974918365478516
19636,1,1,1,1,validation,0.003215963253751397,0.9967840909957886
19774,1,1,1,1,validation,0.002503225114196539,0.9974967837333679
19927,1,1,1,1,validation,0.014482751488685608,0.9855172038078308
19928,1,1,1,1,validation,0.003153373720124364,0.996846616268158
19929,1,1,1,1,validation,0.016669705510139465,0.9833303093910217
19936,1,1,1,1,validation,0.0033884821459650993,0.9966115355491638
20000,0,0,0,0,validation,0.9441598057746887,0.055840130895376205
20392,0,0,0,0,validation,0.9690521955490112,0.030947839841246605
20399,1,1,1,1,validation,0.07696320116519928,0.9230367541313171
20400,1,0,1,0,validation,0.913188099861145,0.08681187033653259
20562,1,1,1,1,validation,0.002385011874139309,0.9976149797439575
20647,1,1,1,1,validation,0.0026706401258707047,0.9973293542861938
20672,1,1,1,1,validation,0.002189335646107793,0.9978106617927551
20679,1,1,1,1,validation,0.054040029644966125,0.9459599256515503
20694,1,1,1,1,validation,0.006973193027079105,0.993026852607727
20819,0,0,0,0,validation,0.8941846489906311,0.10581541061401367
20835,1,1,1,1,validation,0.00714451028034091,0.9928554892539978
20837,1,1,1,1,validation,0.006965731270611286,0.9930342435836792
20838,1,1,1,1,validation,0.0041701034642755985,0.9958298802375793
20855,1,1,1,1,validation,0.006319794338196516,0.9936802387237549
21336,1,1,1,1,validation,0.45072847604751587,0.5492714643478394
21398,1,1,1,1,validation,0.0025013077538460493,0.9974986910820007
21415,1,1,1,1,validation,0.005064777564257383,0.9949352145195007
21766,1,0,1,0,validation,0.7486738562583923,0.25132617354393005
21796,0,0,0,0,validation,0.9154905676841736,0.0845094621181488
22107,1,1,1,1,validation,0.0033857293892651796,0.9966142773628235
22108,1,1,1,1,validation,0.002460360759869218,0.9975396394729614
22252,1,1,1,1,validation,0.017944851890206337,0.982055127620697
22262,1,0,1,0,validation,0.9543970823287964,0.04560289531946182
22388,1,1,1,1,validation,0.0021594460122287273,0.9978405237197876
22409,1,1,1,1,validation,0.0025724750012159348,0.9974275231361389
22443,1,1,1,1,validation,0.0063419705256819725,0.9936580061912537
22995,1,1,1,1,validation,0.0018038934795185924,0.9981960654258728
22998,1,1,1,1,validation,0.0023570465855300426,0.9976429343223572
23011,1,1,1,1,validation,0.29415228962898254,0.7058477401733398
23162,1,1,1,1,validation,0.0021261193323880434,0.9978739023208618
23172,1,1,1,1,validation,0.0021166519727557898,0.9978833794593811
23188,1,1,1,1,validation,0.0021941419690847397,0.9978058934211731
23190,1,1,1,1,validation,0.002327787922695279,0.9976722598075867
23205,1,1,1,1,validation,0.0027161077596247196,0.997283935546875
23253,1,1,1,1,validation,0.002766595920547843,0.9972334504127502
23311,1,1,1,1,validation,0.002383231185376644,0.9976167678833008
23341,1,1,1,1,validation,0.002368653193116188,0.997631311416626
23407,1,1,1,1,validation,0.0019633604679256678,0.9980366826057434
23425,1,1,1,1,validation,0.001954917097464204,0.9980450868606567
23494,1,1,1,1,validation,0.0019115929026156664,0.9980884194374084
23502,1,1,1,1,validation,0.0020767950918525457,0.9979231953620911
23541,1,1,1,1,validation,0.004313725046813488,0.9956862926483154
23605,1,1,1,1,validation,0.003470025956630707,0.9965299963951111
23634,1,1,1,1,validation,0.454056054353714,0.5459439754486084
23807,0,0,0,0,validation,0.7963966131210327,0.2036033570766449
23884,1,1,1,1,validation,0.11269815266132355,0.8873019218444824
23924,1,1,1,1,validation,0.005593748297542334,0.9944062232971191
23959,1,1,1,1,validation,0.0024428777396678925,0.9975570440292358
24063,1,1,1,1,validation,0.002227869350463152,0.9977721571922302
24154,1,1,1,1,validation,0.0020658564753830433,0.997934103012085
24313,1,1,1,1,validation,0.01417917013168335,0.9858208894729614
24366,1,1,1,1,validation,0.014746866188943386,0.9852531552314758
24425,1,1,1,1,validation,0.002293325960636139,0.9977066516876221
24478,1,0,1,0,validation,0.6444377303123474,0.3555622696876526
24488,1,1,1,1,validation,0.003940236754715443,0.996059775352478
24506,1,1,1,1,validation,0.00750286178663373,0.9924972057342529
24568,1,1,1,1,validation,0.0020720430184155703,0.9979279041290283
24570,1,1,1,1,validation,0.0021061431616544724,0.9978938698768616
24589,1,1,1,1,validation,0.0024927242193371058,0.9975072741508484
24610,1,1,1,1,validation,0.002927998313680291,0.9970719814300537
24644,1,1,1,1,validation,0.00215183780528605,0.9978481531143188
24957,1,1,1,1,validation,0.0030579997692257166,0.9969419836997986
25108,0,0,0,0,validation,0.9110285639762878,0.08897139132022858
25111,1,1,1,1,validation,0.002124758902937174,0.9978752136230469
25195,1,1,1,1,validation,0.002783901756629348,0.9972161054611206
25318,1,1,1,1,validation,0.002228644210845232,0.9977713823318481
25429,1,1,1,1,validation,0.0018793019698932767,0.9981207251548767
25497,1,0,1,0,validation,0.8263389468193054,0.17366106808185577
25535,1,1,1,1,validation,0.002193205989897251,0.9978068470954895
25765,1,1,1,1,validation,0.002423618221655488,0.9975764155387878
25789,1,1,1,1,validation,0.0022355427499860525,0.9977644681930542
25820,1,1,1,1,validation,0.0022204332053661346,0.9977795481681824
25823,1,1,1,1,validation,0.0019031778210774064,0.9980968832969666
25841,1,1,1,1,validation,0.001988678704947233,0.9980113506317139
25842,1,1,1,1,validation,0.00226893019862473,0.9977311491966248
25843,1,1,1,1,validation,0.00222196988761425,0.9977779984474182
25858,1,1,1,1,validation,0.0020162120927125216,0.9979838132858276
26143,1,1,1,1,validation,0.011863955296576023,0.9881360530853271
26155,1,1,1,1,validation,0.0024278920609503984,0.997572124004364
26285,1,1,1,1,validation,0.0027447883039712906,0.997255265712738
26304,1,1,1,1,validation,0.003503501880913973,0.9964964985847473
26444,1,1,1,1,validation,0.001899341237731278,0.9981006979942322
26447,1,1,1,1,validation,0.0019165055127814412,0.9980834722518921
26548,1,1,1,1,validation,0.01333453506231308,0.9866654276847839
26875,1,1,1,1,validation,0.0022009853273630142,0.9977989792823792
26913,1,1,1,1,validation,0.0019012169213965535,0.9980987906455994
26936,1,1,1,1,validation,0.0019132457673549652,0.9980868101119995
26938,1,1,1,1,validation,0.001904698321595788,0.9980953335762024
26959,1,1,1,1,validation,0.015728380531072617,0.9842715859413147
27015,1,1,1,1,validation,0.42917346954345703,0.5708265900611877
27046,1,1,1,1,validation,0.0022659923415631056,0.9977339506149292
27047,1,1,1,1,validation,0.00229940889403224,0.9977006316184998
27077,1,1,1,1,validation,0.005441991612315178,0.9945579767227173
27194,1,1,1,1,validation,0.003685747506096959,0.9963142275810242
27247,1,1,1,1,validation,0.02635420300066471,0.973645806312561
27279,1,1,1,1,validation,0.0032762554474174976,0.9967237114906311
27372,1,1,1,1,validation,0.0018889021594077349,0.9981111288070679
27373,1,1,1,1,validation,0.002259157132357359,0.9977408647537231
27471,1,0,1,0,validation,0.66019207239151,0.3398078978061676
27473,1,1,1,1,validation,0.001845620688982308,0.99815434217453
27520,1,1,1,1,validation,0.001899775117635727,0.998100221157074
27572,1,1,1,1,validation,0.013030298054218292,0.9869697093963623
27606,1,1,1,1,validation,0.0019416265422478318,0.9980583786964417
27664,1,1,1,1,validation,0.0020844622049480677,0.9979155659675598
27673,1,1,1,1,validation,0.001830197754316032,0.9981697797775269
27687,1,1,1,1,validation,0.0023480309173464775,0.997651994228363
27706,1,1,1,1,validation,0.002281676046550274,0.997718334197998
27750,1,1,1,1,validation,0.002016050973907113,0.9979839324951172
27806,1,0,1,0,validation,0.6123127937316895,0.3876872658729553
27861,1,1,1,1,validation,0.0022986805997788906,0.9977013468742371
27883,1,1,1,1,validation,0.003732204670086503,0.9962678551673889
27884,1,1,1,1,validation,0.0033719188068062067,0.9966281056404114
27892,1,1,1,1,validation,0.0034516563173383474,0.9965483546257019
27898,1,1,1,1,validation,0.004585759248584509,0.9954142570495605
27924,1,1,1,1,validation,0.004926508758217096,0.9950734972953796
28023,1,1,1,1,validation,0.0022518825717270374,0.997748076915741
28074,1,1,1,1,validation,0.0020071102771908045,0.9979928731918335
28191,1,1,1,1,validation,0.0018291553715243936,0.9981708526611328
28370,1,1,1,1,validation,0.07073406875133514,0.9292659163475037
28384,1,1,1,1,validation,0.0021791509352624416,0.9978208541870117
28461,1,1,1,1,validation,0.004383976571261883,0.99561607837677
28551,0,0,0,0,validation,0.8037719130516052,0.19622810184955597
28560,1,1,1,1,validation,0.0019756199326366186,0.9980243444442749
28561,1,1,1,1,validation,0.001934826374053955,0.998065173625946
28595,1,0,1,0,validation,0.9806386828422546,0.019361311569809914
28598,1,0,1,0,validation,0.9761161208152771,0.023883916437625885
28600,1,1,1,1,validation,0.00334508391097188,0.9966548681259155
28829,1,1,1,1,validation,0.05168398842215538,0.9483159780502319
28954,1,1,1,1,validation,0.09927693754434586,0.9007230997085571
28956,0,0,0,0,validation,0.9540736675262451,0.04592634737491608
28977,1,1,1,1,validation,0.0024787771981209517,0.9975212216377258
28987,1,1,1,1,validation,0.002245094859972596,0.9977548718452454
28991,1,1,1,1,validation,0.002145629609003663,0.9978542923927307
28993,1,1,1,1,validation,0.0020611705258488655,0.9979388117790222
29003,1,1,1,1,validation,0.0018972271354869008,0.9981028437614441
29040,1,1,1,1,validation,0.001883930992335081,0.998116135597229
29075,1,1,1,1,validation,0.002125259255990386,0.9978747367858887
29115,1,1,1,1,validation,0.0022653876803815365,0.997734546661377
29130,1,1,1,1,validation,0.002971493173390627,0.9970285296440125
29133,1,1,1,1,validation,0.0019480425398796797,0.9980520009994507
29139,1,1,1,1,validation,0.0031483396887779236,0.9968516230583191
29159,0,0,0,0,validation,0.8263734579086304,0.17362648248672485
29313,1,1,1,1,validation,0.0031162244267761707,0.9968838095664978
29460,1,1,1,1,validation,0.0017965289298444986,0.9982035160064697
29488,1,1,1,1,validation,0.002800607355311513,0.9971994161605835
29649,1,1,1,1,validation,0.00209626997821033,0.9979037046432495
29690,1,1,1,1,validation,0.0018994967686012387,0.9981005787849426
29834,1,1,1,1,validation,0.0109620476141572,0.9890378713607788
30048,1,1,1,1,validation,0.002169193234294653,0.9978308081626892
30104,1,1,1,1,validation,0.0021459453273564577,0.9978540539741516
30126,1,1,1,1,validation,0.0030257657635957003,0.9969742298126221
30134,1,1,1,1,validation,0.0020015216432511806,0.9979984164237976
30170,1,1,1,1,validation,0.0022329872008413076,0.9977669715881348
30171,1,1,1,1,validation,0.0017222235910594463,0.9982777833938599
30300,1,1,1,1,validation,0.002300259191542864,0.9976997971534729
30419,1,1,1,1,validation,0.002171030966565013,0.9978289008140564
30426,1,1,1,1,validation,0.002142044249922037,0.9978579878807068
30427,1,1,1,1,validation,0.00235998397693038,0.9976400136947632
30492,1,1,1,1,validation,0.0023479450028389692,0.9976521134376526
30493,1,1,1,1,validation,0.002393637550994754,0.9976063966751099
30578,1,1,1,1,validation,0.002249086042866111,0.9977509379386902
30641,1,1,1,1,validation,0.0027604273054748774,0.9972395896911621
30751,1,1,1,1,validation,0.0046861618757247925,0.9953138828277588
30755,1,1,1,1,validation,0.0018821537960320711,0.9981179237365723
30872,1,1,1,1,validation,0.035143978893756866,0.9648560285568237
30988,1,1,1,1,validation,0.0019580195657908916,0.9980419874191284
31339,1,1,1,1,validation,0.0018313201144337654,0.9981687068939209
31340,1,1,1,1,validation,0.0018920546863228083,0.99810791015625
31670,1,1,1,1,validation,0.003927215933799744,0.9960727691650391
31671,1,1,1,1,validation,0.005879262462258339,0.9941207766532898
31823,1,0,1,0,validation,0.7328199744224548,0.26718005537986755
31829,0,0,0,0,validation,0.9684566855430603,0.03154328092932701
31856,0,0,0,0,validation,0.5197461247444153,0.48025384545326233
31858,1,1,1,1,validation,0.031236058101058006,0.9687638878822327
31870,1,0,1,0,validation,0.5579851865768433,0.44201481342315674
31880,1,1,1,1,validation,0.23202474415302277,0.7679752707481384
31882,1,1,1,1,validation,0.03295440226793289,0.9670456051826477
31886,1,0,1,0,validation,0.9636707901954651,0.036329228430986404
31905,0,0,0,0,validation,0.9409418702125549,0.05905807018280029
31919,1,1,1,1,validation,0.026247426867485046,0.9737526178359985
31928,0,0,0,0,validation,0.5907685160636902,0.4092315435409546
31939,1,0,1,0,validation,0.5296831130981445,0.47031694650650024
31957,1,0,1,0,validation,0.9686079621315002,0.03139198198914528
31965,1,1,1,1,validation,0.019214004278182983,0.9807860255241394
31968,1,0,1,0,validation,0.973962128162384,0.02603791281580925
31970,1,1,1,1,validation,0.0856250450015068,0.9143748879432678
31975,1,1,1,1,validation,0.004520940128713846,0.9954789876937866
31992,1,1,1,1,validation,0.028881389647722244,0.9711186289787292
31993,1,1,1,1,validation,0.026989027857780457,0.9730110168457031
31999,1,1,1,1,validation,0.00804254412651062,0.991957426071167
32002,0,0,0,0,validation,0.9391281008720398,0.060871925204992294
32004,1,0,1,0,validation,0.8123013973236084,0.1876985877752304
32034,0,0,0,0,validation,0.6763880848884583,0.32361194491386414
32038,0,0,0,0,validation,0.9691435694694519,0.03085649199783802
32077,0,1,0,1,validation,0.1710415780544281,0.8289583921432495
32079,0,0,0,0,validation,0.950671374797821,0.04932870715856552
32087,1,1,1,1,validation,0.315727561712265,0.6842724084854126
32094,1,1,1,1,validation,0.004399572033435106,0.9956004619598389
32096,1,1,1,1,validation,0.004558964632451534,0.9954409599304199
32128,0,0,0,0,validation,0.8171718120574951,0.1828281581401825
32129,0,0,0,0,validation,0.8987423181533813,0.10125768929719925
32133,1,0,1,0,validation,0.9501779675483704,0.04982200264930725
32138,1,0,1,0,validation,0.6340324282646179,0.3659675121307373
32142,0,0,0,0,validation,0.9139565825462341,0.08604343980550766
32144,0,0,0,0,validation,0.8916797041893005,0.10832028090953827
32147,0,0,0,0,validation,0.9832630157470703,0.016736963763833046
32152,0,0,0,0,validation,0.8837714195251465,0.11622853577136993
32169,1,0,1,0,validation,0.9784767031669617,0.021523280069231987
32179,1,1,1,1,validation,0.019288145005702972,0.980711817741394
32180,0,1,0,1,validation,0.30014631152153015,0.699853777885437
32183,1,1,1,1,validation,0.003082385053858161,0.9969176054000854
32192,1,0,1,0,validation,0.9661695957183838,0.033830445259809494
32206,1,0,1,0,validation,0.8689051866531372,0.1310948133468628
32210,1,0,1,0,validation,0.5947262048721313,0.40527382493019104
32225,1,0,1,0,validation,0.7985383868217468,0.20146164298057556
32231,1,0,1,0,validation,0.9790357351303101,0.020964274182915688
32236,0,0,0,0,validation,0.9758987426757812,0.02410125732421875
32251,1,0,1,0,validation,0.7732793092727661,0.22672070562839508
32252,0,0,0,0,validation,0.9832578301429749,0.01674223132431507
32263,1,0,1,0,validation,0.9778155088424683,0.022184496745467186
32264,1,1,1,1,validation,0.006494303233921528,0.9935057163238525
32265,1,1,1,1,validation,0.0031056124716997147,0.996894359588623
32272,1,1,1,1,validation,0.005390575155615807,0.9946094751358032
32279,0,0,0,0,validation,0.8318697810173035,0.1681302785873413
32287,1,1,1,1,validation,0.265763521194458,0.734236478805542
32295,0,0,0,0,validation,0.5721191763877869,0.4278808534145355
32315,1,0,1,0,validation,0.9665064215660095,0.033493559807538986
32331,1,0,1,0,validation,0.972913384437561,0.02708667889237404
32350,1,1,1,1,validation,0.0202342476695776,0.9797657132148743
32369,0,0,0,0,validation,0.9494726657867432,0.05052731931209564
32389,1,1,1,1,validation,0.20920957624912262,0.7907903790473938
32521,1,0,1,0,validation,0.9331321716308594,0.06686779111623764
32554,0,0,0,0,validation,0.8196818828582764,0.18031807243824005
32633,1,1,1,1,validation,0.013381097465753555,0.9866189360618591
11984,1,1,1,1,test,0.4134002923965454,0.5865997672080994
12440,1,0,1,0,test,0.8925294876098633,0.10747046768665314
12442,1,0,1,0,test,0.8714643716812134,0.128535658121109
12444,0,0,0,0,test,0.9752665758132935,0.024733424186706543
12445,1,0,1,0,test,0.8475554585456848,0.15244458615779877
12448,0,0,0,0,test,0.9761953949928284,0.023804593831300735
12453,0,0,0,0,test,0.9765983819961548,0.023401664569973946
12488,1,0,1,0,test,0.9397122263908386,0.06028779596090317
12608,1,1,1,1,test,0.06722106784582138,0.9327789545059204
12610,0,0,0,0,test,0.9739394783973694,0.026060521602630615
12626,1,1,1,1,test,0.29302188754081726,0.7069781422615051
12629,1,1,1,1,test,0.32415759563446045,0.6758423447608948
12641,0,0,0,0,test,0.8794673681259155,0.12053260207176208
12693,0,0,0,0,test,0.9543360471725464,0.045663949102163315
13146,0,0,0,0,test,0.8967143893241882,0.10328558087348938
13630,1,0,1,0,test,0.911212146282196,0.08878790587186813
13719,0,0,0,0,test,0.861089825630188,0.1389102041721344
13757,1,1,1,1,test,0.0779796838760376,0.9220203161239624
14158,0,0,0,0,test,0.7247148156166077,0.27528518438339233
14222,0,0,0,0,test,0.9801039695739746,0.01989598385989666
14384,1,0,1,0,test,0.9144229292869568,0.08557707071304321
14404,1,0,1,0,test,0.588017463684082,0.4119824767112732
14431,1,0,1,0,test,0.9767435789108276,0.023256434127688408
14480,0,0,0,0,test,0.9718418121337891,0.02815818600356579
14598,0,0,0,0,test,0.9793031811714172,0.02069682627916336
14862,0,0,0,0,test,0.9535538554191589,0.046446073800325394
14888,0,1,0,1,test,0.020864635705947876,0.9791353344917297
14907,1,1,1,1,test,0.41035687923431396,0.5896431803703308
14930,0,0,0,0,test,0.7743075489997864,0.22569242119789124
14939,0,0,0,0,test,0.9761993885040283,0.02380063198506832
14941,0,0,0,0,test,0.8436248302459717,0.15637515485286713
14949,0,0,0,0,test,0.7929114103317261,0.20708857476711273
14956,0,0,0,0,test,0.9618973731994629,0.03810267150402069
15074,1,0,1,0,test,0.5084869265556335,0.49151307344436646
15148,1,0,1,0,test,0.9093279838562012,0.09067205339670181
15482,1,1,1,1,test,0.0923968181014061,0.9076032042503357
15677,1,0,1,0,test,0.5834609866142273,0.4165390431880951
15684,1,0,1,0,test,0.895017683506012,0.10498230904340744
15693,1,0,1,0,test,0.8493328094482422,0.15066716074943542
15720,1,0,1,0,test,0.548724353313446,0.45127567648887634
15726,0,0,0,0,test,0.9459492564201355,0.0540507435798645
16147,1,1,1,1,test,0.002686837688088417,0.9973130822181702
16310,1,1,1,1,test,0.002673039212822914,0.9973269701004028
16329,1,1,1,1,test,0.0045523690059781075,0.99544757604599
16475,1,1,1,1,test,0.003936829511076212,0.9960631728172302
16488,1,1,1,1,test,0.002379669575020671,0.9976202845573425
16622,1,1,1,1,test,0.480154424905777,0.5198455452919006
16632,1,1,1,1,test,0.024009820073843002,0.9759901762008667
16634,1,1,1,1,test,0.020157355815172195,0.9798426032066345
16636,1,1,1,1,test,0.002683717990294099,0.997316300868988
16699,1,0,1,0,test,0.7469921112060547,0.2530078589916229
16712,0,0,0,0,test,0.9820281267166138,0.01797184720635414
16713,1,0,1,0,test,0.9800728559494019,0.019927196204662323
17338,0,0,0,0,test,0.9065630435943604,0.09343694895505905
17339,0,0,0,0,test,0.9125773310661316,0.08742271363735199
17365,1,1,1,1,test,0.011832022108137608,0.988167941570282
17474,1,1,1,1,test,0.3608819544315338,0.6391180157661438
17639,1,1,1,1,test,0.15851394832134247,0.8414860963821411
17753,1,1,1,1,test,0.3871348202228546,0.612865149974823
17759,0,1,0,1,test,0.4406505823135376,0.5593494176864624
17771,0,1,0,1,test,0.36249467730522156,0.637505292892456
17791,1,1,1,1,test,0.00250419694930315,0.9974958300590515
17793,1,1,1,1,test,0.0034651814494282007,0.9965348243713379
17796,1,1,1,1,test,0.0033825933933258057,0.9966173768043518
17799,1,1,1,1,test,0.0024183320347219706,0.9975816011428833
17801,1,1,1,1,test,0.002486431272700429,0.9975135326385498
17823,1,1,1,1,test,0.40953129529953003,0.59046870470047
17828,1,1,1,1,test,0.4881541430950165,0.5118457674980164
18216,1,1,1,1,test,0.003897574730217457,0.9961024522781372
18356,1,1,1,1,test,0.0023935213685035706,0.9976065158843994
18357,1,1,1,1,test,0.0017774496227502823,0.9982225298881531
18358,1,1,1,1,test,0.002160110743716359,0.9978398084640503
18361,1,1,1,1,test,0.04402642697095871,0.9559735655784607
18364,1,1,1,1,test,0.00291500985622406,0.9970850348472595
18365,1,1,1,1,test,0.0035052450839430094,0.996494710445404
18366,1,1,1,1,test,0.0024060786236077547,0.9975939393043518
18367,1,1,1,1,test,0.0024346718564629555,0.9975653886795044
18587,1,1,1,1,test,0.00227444083429873,0.9977255463600159
18593,1,1,1,1,test,0.002382878679782152,0.9976170659065247
18769,1,1,1,1,test,0.002371419221162796,0.9976286292076111
18942,1,1,1,1,test,0.002379730576649308,0.9976202845573425
18953,1,1,1,1,test,0.0024983291514217854,0.9975016713142395
19168,0,1,0,1,test,0.07362443208694458,0.9263755679130554
19459,1,1,1,1,test,0.007653558626770973,0.9923464059829712
19556,1,1,1,1,test,0.4915509819984436,0.5084489583969116
19731,1,1,1,1,test,0.029921848326921463,0.9700781106948853
19733,1,1,1,1,test,0.0022118263877928257,0.9977881908416748
19754,1,1,1,1,test,0.04848095402121544,0.9515190124511719
19785,1,1,1,1,test,0.0021789749152958393,0.9978210926055908
20048,1,1,1,1,test,0.02235610969364643,0.9776439070701599
20057,1,1,1,1,test,0.15067486464977264,0.8493251800537109
20094,1,1,1,1,test,0.08738166093826294,0.9126183390617371
20127,1,1,1,1,test,0.0023643539752811193,0.9976356029510498
20169,1,1,1,1,test,0.002370786154642701,0.9976292252540588
20175,1,0,1,0,test,0.5348088145256042,0.46519115567207336
20176,0,0,0,0,test,0.9593943953514099,0.04060559347271919
20356,1,1,1,1,test,0.0018382007256150246,0.9981618523597717
20358,1,1,1,1,test,0.0020089412573724985,0.9979910850524902
20359,1,1,1,1,test,0.002074829302728176,0.9979251623153687
20363,1,1,1,1,test,0.002409290289506316,0.9975907802581787
20364,1,1,1,1,test,0.0036308944690972567,0.9963691234588623
20365,1,1,1,1,test,0.003116707084700465,0.99688321352005
20366,1,1,1,1,test,0.0034622042439877987,0.9965378046035767
20850,1,1,1,1,test,0.0033822590485215187,0.9966177344322205
20999,1,0,1,0,test,0.8608517050743103,0.13914835453033447
21005,1,1,1,1,test,0.14360259473323822,0.8563974499702454
21067,1,1,1,1,test,0.0023390939459204674,0.9976608753204346
21071,1,1,1,1,test,0.002363316249102354,0.9976366758346558
21076,1,1,1,1,test,0.0020850978326052427,0.9979148507118225
21265,1,1,1,1,test,0.43785223364830017,0.5621477961540222
21373,1,0,1,0,test,0.5575368404388428,0.4424631893634796
21390,1,1,1,1,test,0.003680603113025427,0.9963194131851196
21424,1,1,1,1,test,0.0019863916095346212,0.9980136156082153
21668,1,1,1,1,test,0.0024395266082137823,0.9975605010986328
22151,1,1,1,1,test,0.18222029507160187,0.8177797198295593
22227,1,1,1,1,test,0.0017591461073607206,0.9982408285140991
22232,1,1,1,1,test,0.0019019717583432794,0.9980980753898621
22233,1,1,1,1,test,0.0018923950847238302,0.9981075525283813
22234,1,1,1,1,test,0.001968792639672756,0.9980311989784241
22277,1,1,1,1,test,0.002381647005677223,0.9976183772087097
22286,1,1,1,1,test,0.0019539729692041874,0.9980460405349731
22329,1,1,1,1,test,0.0692269578576088,0.9307730793952942
22378,1,1,1,1,test,0.0037459665909409523,0.9962539672851562
22593,0,1,0,1,test,0.005755120422691107,0.9942448735237122
22612,1,1,1,1,test,0.09627785533666611,0.9037221074104309
22631,1,1,1,1,test,0.04284843057394028,0.9571515321731567
22645,1,1,1,1,test,0.012391461990773678,0.9876085519790649
22684,1,1,1,1,test,0.17817890644073486,0.8218210935592651
22685,1,1,1,1,test,0.3469408452510834,0.6530590653419495
22688,1,1,1,1,test,0.21150460839271545,0.7884954214096069
22690,1,1,1,1,test,0.10101280361413956,0.8989872336387634
22873,1,1,1,1,test,0.0026974035426974297,0.9973025321960449
22884,1,1,1,1,test,0.2789061963558197,0.7210937738418579
22895,1,1,1,1,test,0.008471549488604069,0.9915283918380737
22964,1,0,1,0,test,0.8648261427879333,0.13517384231090546
23119,1,1,1,1,test,0.0030639762990176678,0.9969360828399658
23285,1,1,1,1,test,0.003804964479058981,0.9961950778961182
23346,1,1,1,1,test,0.011714382097125053,0.9882856607437134
23354,1,1,1,1,test,0.010630983859300613,0.9893690347671509
23453,1,1,1,1,test,0.001853258814662695,0.9981467723846436
23456,1,1,1,1,test,0.130513995885849,0.8694860339164734
23560,0,1,0,1,test,0.013514121063053608,0.9864858388900757
23602,0,1,0,1,test,0.3654833137989044,0.634516716003418
23625,1,1,1,1,test,0.001930582569912076,0.9980694651603699
23626,1,1,1,1,test,0.0023092522751539946,0.9976907968521118
23629,1,1,1,1,test,0.002014671918004751,0.9979853630065918
23688,1,1,1,1,test,0.002487619174644351,0.9975123405456543
23911,1,1,1,1,test,0.0027868379838764668,0.9972131848335266
23944,0,1,0,1,test,0.0069969105534255505,0.9930030703544617
24018,1,1,1,1,test,0.012139174155890942,0.9878608584403992
24079,1,1,1,1,test,0.0026056275237351656,0.997394323348999
24083,1,1,1,1,test,0.002722802571952343,0.9972772002220154
24085,1,1,1,1,test,0.00202548666857183,0.9979745745658875
24169,1,1,1,1,test,0.03720605745911598,0.9627939462661743
24243,1,1,1,1,test,0.1196710392832756,0.8803289532661438
24265,0,1,0,1,test,0.27192214131355286,0.7280778288841248
24336,1,1,1,1,test,0.0053959256038069725,0.9946040511131287
24527,0,0,0,0,test,0.9804045557975769,0.019595490768551826
24609,1,1,1,1,test,0.002236736472696066,0.9977632761001587
24661,1,1,1,1,test,0.0033647457603365183,0.9966352581977844
24937,1,1,1,1,test,0.0024037733674049377,0.9975962042808533
24976,1,1,1,1,test,0.003004157217219472,0.9969958066940308
24999,1,1,1,1,test,0.0018551774555817246,0.9981448650360107
25133,1,1,1,1,test,0.003741695312783122,0.9962583780288696
25134,1,1,1,1,test,0.0023217659909278154,0.9976782202720642
25135,1,1,1,1,test,0.0033326090779155493,0.9966674447059631
25137,1,1,1,1,test,0.0024571679532527924,0.9975428581237793
25279,1,1,1,1,test,0.10336700826883316,0.8966330289840698
25280,1,1,1,1,test,0.0022083278745412827,0.9977916479110718
25320,1,1,1,1,test,0.030703376978635788,0.9692966341972351
25377,1,1,1,1,test,0.002526647411286831,0.9974732995033264
25378,1,1,1,1,test,0.0024500684812664986,0.9975499510765076
25523,1,1,1,1,test,0.0033732091542333364,0.9966268539428711
25533,1,1,1,1,test,0.00231407443061471,0.9976859092712402
25571,1,1,1,1,test,0.010924567468464375,0.9890754222869873
25580,1,1,1,1,test,0.013767767697572708,0.9862322211265564
25667,0,1,0,1,test,0.006224415265023708,0.9937756061553955
25670,1,1,1,1,test,0.09709451347589493,0.9029055237770081
25680,0,1,0,1,test,0.006301202345639467,0.9936988353729248
25702,0,1,0,1,test,0.041547685861587524,0.9584523439407349
25801,1,1,1,1,test,0.10951532423496246,0.8904846906661987
25983,1,1,1,1,test,0.0017642528982833028,0.9982357025146484
25984,1,1,1,1,test,0.0021825358271598816,0.9978175163269043
25985,1,1,1,1,test,0.0030024382285773754,0.996997594833374
25986,1,1,1,1,test,0.0018627536483108997,0.9981372356414795
26017,1,1,1,1,test,0.002054547192528844,0.9979454874992371
26173,1,1,1,1,test,0.003404040355235338,0.9965959191322327
26186,1,1,1,1,test,0.0020588042680174112,0.9979411959648132
26187,1,1,1,1,test,0.0025217432994395494,0.9974783062934875
26188,1,1,1,1,test,0.0020153902005404234,0.9979846477508545
26291,1,1,1,1,test,0.0022673665080219507,0.9977326393127441
26294,1,1,1,1,test,0.002398713491857052,0.997601330280304
26309,0,0,0,0,test,0.9747297167778015,0.025270281359553337
26398,1,1,1,1,test,0.04544008523225784,0.9545599818229675
26471,1,1,1,1,test,0.00288588460534811,0.9971140623092651
26530,1,1,1,1,test,0.0025873149279505014,0.9974127411842346
26551,1,1,1,1,test,0.0021028174087405205,0.9978971481323242
26552,1,1,1,1,test,0.0023293886333703995,0.997670590877533
26752,1,1,1,1,test,0.0022178147919476032,0.9977821707725525
26984,1,1,1,1,test,0.00266436324454844,0.9973356127738953
26995,1,1,1,1,test,0.0025223884731531143,0.9974775910377502
27102,1,1,1,1,test,0.02801409736275673,0.971985936164856
27114,1,1,1,1,test,0.11861556023359299,0.8813844323158264
27128,1,1,1,1,test,0.04643775150179863,0.9535622000694275
27212,1,1,1,1,test,0.002023630077019334,0.9979763627052307
27239,1,1,1,1,test,0.0019943213555961847,0.9980056881904602
27558,0,0,0,0,test,0.981599748134613,0.01840023882687092
27559,1,1,1,1,test,0.001862325589172542,0.9981377124786377
27636,1,1,1,1,test,0.0022867009975016117,0.9977133274078369
27777,1,1,1,1,test,0.0024292736779898405,0.9975706934928894
27782,1,1,1,1,test,0.043532390147447586,0.9564675688743591
27785,1,1,1,1,test,0.02924312837421894,0.9707568287849426
28197,1,1,1,1,test,0.001899451483041048,0.9981005787849426
28205,1,1,1,1,test,0.002299438463523984,0.9977005124092102
28321,1,1,1,1,test,0.0021645845845341682,0.9978354573249817
28486,1,1,1,1,test,0.2280629426240921,0.7719370126724243
28532,1,1,1,1,test,0.052693430334329605,0.9473065733909607
28597,0,0,0,0,test,0.9735157489776611,0.026484208181500435
28601,0,0,0,0,test,0.9775980114936829,0.022402027621865273
28775,1,1,1,1,test,0.006433937698602676,0.99356609582901
28807,0,0,0,0,test,0.9806036353111267,0.019396333023905754
28831,1,1,1,1,test,0.002153670182451606,0.9978463649749756
28832,1,1,1,1,test,0.002152021275833249,0.9978480339050293
28836,1,1,1,1,test,0.002200532704591751,0.9977994561195374
28851,1,1,1,1,test,0.002084162551909685,0.9979158043861389
28852,1,1,1,1,test,0.0023024573456496,0.9976975321769714
28854,1,1,1,1,test,0.0018968387739732862,0.998103141784668
28855,1,1,1,1,test,0.0018559597665444016,0.9981440305709839
28863,1,0,1,0,test,0.7542816996574402,0.24571827054023743
28874,1,0,1,0,test,0.9407284259796143,0.05927152559161186
28881,1,0,1,0,test,0.8765458464622498,0.12345410883426666
28887,1,0,1,0,test,0.9771158695220947,0.022884178906679153
28966,1,1,1,1,test,0.0028216384816914797,0.997178316116333
28967,1,1,1,1,test,0.0021237581968307495,0.9978762865066528
28968,0,0,0,0,test,0.5801631212234497,0.4198368191719055
29108,1,1,1,1,test,0.002594565274193883,0.997405469417572
29118,1,1,1,1,test,0.002358364639803767,0.9976416826248169
29119,1,1,1,1,test,0.0021763117983937263,0.9978237152099609
29125,1,1,1,1,test,0.0018691150471568108,0.9981308579444885
29160,1,1,1,1,test,0.009674962610006332,0.9903250932693481
29204,1,1,1,1,test,0.0020092155318707228,0.9979908466339111
29205,1,1,1,1,test,0.0022016020957380533,0.9977983832359314
29662,1,1,1,1,test,0.0023394091986119747,0.9976606369018555
29667,1,1,1,1,test,0.0020981687121093273,0.9979017972946167
29863,1,1,1,1,test,0.002508255885913968,0.997491717338562
29933,1,1,1,1,test,0.09010984003543854,0.9098901748657227
29935,1,1,1,1,test,0.02566157467663288,0.9743384718894958
29969,1,0,1,0,test,0.8375735282897949,0.16242650151252747
30092,1,1,1,1,test,0.0018760327948257327,0.9981239438056946
30112,1,1,1,1,test,0.0022326887119561434,0.9977673292160034
30214,1,1,1,1,test,0.0023070615716278553,0.9976929426193237
30216,1,1,1,1,test,0.0021670537535101175,0.9978329539299011
30217,1,1,1,1,test,0.002584001747891307,0.9974160194396973
30219,1,1,1,1,test,0.00194091338198632,0.998059093952179
30220,1,1,1,1,test,0.002851224271580577,0.9971488118171692
30224,1,1,1,1,test,0.0018871328793466091,0.9981129169464111
30237,1,0,1,0,test,0.928432047367096,0.07156797498464584
30263,1,1,1,1,test,0.0019491775892674923,0.9980508089065552
30267,1,1,1,1,test,0.0021079890429973602,0.9978920817375183
30381,1,1,1,1,test,0.010692548006772995,0.9893074631690979
30382,1,1,1,1,test,0.008478534407913685,0.9915214776992798
30496,1,1,1,1,test,0.0018282319651916623,0.9981718063354492
30562,1,1,1,1,test,0.04537150636315346,0.9546285271644592
30563,1,1,1,1,test,0.04674944281578064,0.9532505869865417
30564,1,1,1,1,test,0.009264713153243065,0.9907352924346924
30609,1,1,1,1,test,0.0021611936390399933,0.9978387951850891
30610,1,1,1,1,test,0.0022470334079116583,0.9977529644966125
30747,1,1,1,1,test,0.0028846857603639364,0.9971152544021606
30806,1,1,1,1,test,0.002012150129303336,0.9979878664016724
30904,1,1,1,1,test,0.011800935491919518,0.98819899559021
31103,1,1,1,1,test,0.0021708866115659475,0.9978291392326355
31169,1,1,1,1,test,0.002900228835642338,0.997099757194519
31242,1,1,1,1,test,0.0030327732674777508,0.9969672560691833
31258,1,1,1,1,test,0.0025924621149897575,0.9974074959754944
31445,1,1,1,1,test,0.0018621631897985935,0.9981378316879272
31457,1,1,1,1,test,0.0022136992774903774,0.997786283493042
31458,1,1,1,1,test,0.00256810849532485,0.9974319338798523
31548,1,1,1,1,test,0.10238812118768692,0.8976119160652161
31557,0,1,0,1,test,0.08370339870452881,0.9162965416908264
31774,1,1,1,1,test,0.0026617746334522963,0.9973382353782654
31775,1,1,1,1,test,0.0019242209382355213,0.9980757236480713
31779,1,1,1,1,test,0.002692715497687459,0.997307300567627
31804,1,1,1,1,test,0.003134259255602956,0.9968656897544861
31819,1,1,1,1,test,0.0022699288092553616,0.9977300763130188
31866,1,0,1,0,test,0.8969558477401733,0.10304414480924606
31867,1,1,1,1,test,0.008028092794120312,0.9919718503952026
31868,1,0,1,0,test,0.9389529824256897,0.06104695424437523
31875,0,0,0,0,test,0.9771252870559692,0.02287472039461136
31876,0,0,0,0,test,0.9658253788948059,0.034174636006355286
31883,1,0,1,0,test,0.9773721098899841,0.02262786030769348
31903,0,0,0,0,test,0.979824423789978,0.02017553523182869
31913,0,0,0,0,test,0.9089088439941406,0.09109111875295639
31914,1,1,1,1,test,0.005423794034868479,0.9945762157440186
31915,0,0,0,0,test,0.9800089597702026,0.01999109983444214
31921,1,0,1,0,test,0.97111976146698,0.02888030931353569
31937,0,0,0,0,test,0.9823739528656006,0.017626017332077026
31938,0,0,0,0,test,0.9794628024101257,0.02053716592490673
31944,0,0,0,0,test,0.7043452262878418,0.2956547737121582
31945,1,0,1,0,test,0.6536542773246765,0.3463456928730011
31953,1,0,1,0,test,0.9812790155410767,0.01872098259627819
31954,1,0,1,0,test,0.9814850091934204,0.01851498708128929
31994,0,0,0,0,test,0.9048453569412231,0.09515464305877686
32005,0,0,0,0,test,0.9520730376243591,0.04792691394686699
32006,0,1,0,1,test,0.45802396535873413,0.5419760346412659
32010,1,1,1,1,test,0.004246760159730911,0.995753288269043
32011,1,1,1,1,test,0.006121136248111725,0.9938788414001465
32013,0,0,0,0,test,0.9622701406478882,0.037729859352111816
32014,1,0,1,0,test,0.8297367095947266,0.17026327550411224
32020,1,0,1,0,test,0.9617955684661865,0.03820442408323288
32046,1,0,1,0,test,0.976811945438385,0.023188011720776558
32066,0,0,0,0,test,0.9847651720046997,0.015234779566526413
32067,0,0,0,0,test,0.9877298474311829,0.012270172126591206
32068,1,1,1,1,test,0.2437083125114441,0.7562917470932007
32069,1,1,1,1,test,0.0033553773537278175,0.9966446161270142
32070,1,1,1,1,test,0.009955848567187786,0.990044116973877
32092,0,0,0,0,test,0.9821826815605164,0.017817378044128418
32119,1,0,1,0,test,0.9759825468063354,0.02401742897927761
32121,1,0,1,0,test,0.9765611886978149,0.023438842967152596
32146,1,1,1,1,test,0.007508075796067715,0.9924919009208679
32149,0,0,0,0,test,0.5825966596603394,0.41740334033966064
32157,1,1,1,1,test,0.16930603981018066,0.8306939005851746
32189,0,0,0,0,test,0.9624320864677429,0.03756790980696678
32190,0,1,0,1,test,0.38965851068496704,0.610341489315033
32199,1,1,1,1,test,0.0026918065268546343,0.9973082542419434
32200,1,1,1,1,test,0.003225223859772086,0.9967747330665588
32201,1,1,1,1,test,0.004543092101812363,0.9954569339752197
32202,1,1,1,1,test,0.008367897942662239,0.9916321635246277
32203,1,0,1,0,test,0.5831922292709351,0.41680780053138733
32204,1,1,1,1,test,0.008680429309606552,0.9913195967674255
32207,0,0,0,0,test,0.9828946590423584,0.017105290666222572
32233,0,0,0,0,test,0.8626677393913269,0.1373322457075119
32234,0,0,0,0,test,0.9834444522857666,0.016555607318878174
32266,0,0,0,0,test,0.9586607813835144,0.04133915156126022
32285,1,1,1,1,test,0.005263342987746,0.9947366118431091
32299,0,0,0,0,test,0.9574657082557678,0.042534228414297104
32307,1,0,1,0,test,0.88514643907547,0.11485355347394943
32308,1,0,1,0,test,0.9322630167007446,0.06773700565099716
32309,1,1,1,1,test,0.14724227786064148,0.8527576923370361
32310,1,1,1,1,test,0.2442837953567505,0.7557162046432495
32312,1,1,1,1,test,0.0032173790968954563,0.996782660484314
32320,1,0,1,0,test,0.9476497769355774,0.052350226789712906
32342,1,1,1,1,test,0.0118672801181674,0.988132655620575
